"SPORT","YEAR","BRAND","PROGRAM","CARD SET","ATHLETE","TEAM","POSITION","CARD NUMBER","SEQUENCE"
"Racing",2017,"Donruss","Base Brand Donruss","Artist Proof","Dale Earnhardt Jr","Nationwide | Hendrick Motorsports | Chevrolet","Driver",37,25
"Racing",2017,"Donruss","Base Brand Donruss","Artist Proof","Matt Kenseth","DeWalt | Joe Gibbs Racing | Toyota","Driver",38,25
"Racing",2017,"Donruss","Base Brand Donruss","Artist Proof","Brad Keselowski","Miller Lite | Team Penske | Ford","Driver",39,25
"Racing",2017,"Donruss","Base Brand Donruss","Artist Proof","Kevin Harvick","Jimmy John's | Stewart-Haas Racing | Chevrolet","Driver",40,25
"Racing",2017,"Donruss","Base Brand Donruss","Artist Proof","Denny Hamlin","FedEx Express | Joe Gibbs Racing | Toyota","Driver",41,25
"Racing",2017,"Donruss","Base Brand Donruss","Artist Proof","Austin Dillon","Dow Chemical | Richard Childress Racing | Chevrolet","Driver",42,25
"Racing",2017,"Donruss","Base Brand Donruss","Artist Proof","Joey Logano","Shell-Pennzoil | Team Penske | Ford","Driver",43,25
"Racing",2017,"Donruss","Base Brand Donruss","Artist Proof","Kyle Busch","M&M's | Joe Gibbs Racing | Toyota","Driver",44,25
"Racing",2017,"Donruss","Base Brand Donruss","Artist Proof","Carl Edwards","ARRIS | Joe Gibbs Racing | Toyota","Driver",45,25
"Racing",2017,"Donruss","Base Brand Donruss","Artist Proof","Chase Elliott","NAPA Auto Parts | Hendrick Motorsports | Chevrolet","Driver",46,25
"Racing",2017,"Donruss","Base Brand Donruss","Artist Proof","Jimmie Johnson","Lowe's | Hendrick Motorsports | Chevrolet","Driver",47,25
"Racing",2017,"Donruss","Base Brand Donruss","Artist Proof","Kurt Busch","Haas Automation | Stewart-Haas Racing | Chevrolet","Driver",48,25
"Racing",2017,"Donruss","Base Brand Donruss","Artist Proof","Martin Truex Jr.","Bass Pro Shops-TRACKER Boats | Furniture Row Racing | Toyota","Driver",49,25
"Racing",2017,"Donruss","Base Brand Donruss","Artist Proof","Jamie McMurray","Cessna | Chip Ganassi Racing | Chevrolet","Driver",50,25
"Racing",2017,"Donruss","Base Brand Donruss","Artist Proof","Kasey Kahne","Farmers Insurance | Hendrick Motorsports | Chevrolet","Driver",51,25
"Racing",2017,"Donruss","Base Brand Donruss","Artist Proof","Danica Patrick","Nature's Bakery | Stewart-Haas Racing | Chevrolet","Driver",52,25
"Racing",2017,"Donruss","Base Brand Donruss","Artist Proof","Casey Mears","GEICO | Germain Racing | Chevrolet","Driver",53,25
"Racing",2017,"Donruss","Base Brand Donruss","Artist Proof","Trevor Bayne","AdvoCare | Roush Fenway Racing | Ford","Driver",54,25
"Racing",2017,"Donruss","Base Brand Donruss","Artist Proof","Clint Bowyer","5-Hour Energy | HScott Motorsports | Chevrolet","Driver",55,25
"Racing",2017,"Donruss","Base Brand Donruss","Artist Proof","Paul Menard","Menards | Richard Childress Racing | Chevrolet","Driver",56,25
"Racing",2017,"Donruss","Base Brand Donruss","Artist Proof","Greg Biffle","Kleen Performance Products | Roush Fenway Racing | Ford","Driver",57,25
"Racing",2017,"Donruss","Base Brand Donruss","Artist Proof","Ricky Stenhouse Jr","Fastenal | Roush Fenway Racing | Ford","Driver",58,25
"Racing",2017,"Donruss","Base Brand Donruss","Artist Proof","AJ Allmendinger","Kroger | JTG Daugherty Racing | Chevrolet","Driver",59,25
"Racing",2017,"Donruss","Base Brand Donruss","Artist Proof","Ryan Newman","Caterpillar | Richard Childress Racing | Chevrolet","Driver",60,25
"Racing",2017,"Donruss","Base Brand Donruss","Artist Proof","Jeffrey Earnhardt","Can-Am | Go FAS Racing | Ford","Driver",61,25
"Racing",2017,"Donruss","Base Brand Donruss","Artist Proof","Chris Buescher","Dockside Logistics | Front Row Motorsports | Ford","Driver",62,25
"Racing",2017,"Donruss","Base Brand Donruss","Artist Proof","Ryan Blaney","Motorcraft | Wood Brothers Racing | Ford","Driver",63,25
"Racing",2017,"Donruss","Base Brand Donruss","Artist Proof","Landon Cassill","Front Row Motorsports | Ford","Driver",64,25
"Racing",2017,"Donruss","Base Brand Donruss","Artist Proof","Bobby Labonte","C&J Energy Services | Go FAS Racing | Ford","Driver",65,25
"Racing",2017,"Donruss","Base Brand Donruss","Artist Proof","Brian Scott","Albertsons | Richard Petty Motorsports | Ford","Driver",66,25
"Racing",2017,"Donruss","Base Brand Donruss","Artist Proof","Michael Annett","Pilot Flying J | HScott Motorsports | Chevrolet","Driver",67,25
"Racing",2017,"Donruss","Base Brand Donruss","Artist Proof","Matt DiBenedetto","Cosmo Motors | BK Racing | Toyota","Driver",68,25
"Racing",2017,"Donruss","Base Brand Donruss","Artist Proof","Alex Bowman","Nationwide | Hendrick Motorsports | Chevrolet","Driver",69,25
"Racing",2017,"Donruss","Base Brand Donruss","Artist Proof","Michael McDowell","Thrivent Financial | Circle Sport-Leavine Family Racing | Chevrolet","Driver",70,25
"Racing",2017,"Donruss","Base Brand Donruss","Artist Proof","Regan Smith","NIKKO RC / TOY STATE | Tommy Baldwin Racing | Chevrolet","Driver",71,25
"Racing",2017,"Donruss","Base Brand Donruss","Artist Proof","David Ragan","Dr Pepper | BK Racing | Toyota","Driver",72,25
"Racing",2017,"Donruss","Base Brand Donruss","Artist Proof","Elliott Sadler","OneMain Financial | JR Motorsports | Chevrolet","Driver",73,25
"Racing",2017,"Donruss","Base Brand Donruss","Artist Proof","Daniel Suarez","ARRIS | Joe Gibbs Racing | Toyota","Driver",74,25
"Racing",2017,"Donruss","Base Brand Donruss","Artist Proof","Justin Allgaier","TaxSlayer.com | JR Motorsports | Chevrolet","Driver",75,25
"Racing",2017,"Donruss","Base Brand Donruss","Artist Proof","Ross Chastain","Flex Seal | JD Motorsports | Chevrolet","Driver",76,25
"Racing",2017,"Donruss","Base Brand Donruss","Artist Proof","Erik Jones","Game Stop | Joe Gibbs Racing | Toyota","Driver",77,25
"Racing",2017,"Donruss","Base Brand Donruss","Artist Proof","Ryan Reed","Lilly Diabetes | Roush Fenway Racing | Ford","Driver",78,25
"Racing",2017,"Donruss","Base Brand Donruss","Artist Proof","Brendan Gaughan","South Point Hotel & Casino | Richard Childress Racing | Chevrolet","Driver",79,25
"Racing",2017,"Donruss","Base Brand Donruss","Artist Proof","Bubba Wallace","Ford EcoBoost | Roush Fenway Racing | Ford","Driver",80,25
"Racing",2017,"Donruss","Base Brand Donruss","Artist Proof","Ty Dillon","Bass Pro Shops-TRACKER Boats | Richard Childress Racing | Chevrolet","Driver",81,25
"Racing",2017,"Donruss","Base Brand Donruss","Artist Proof","William Byron","Liberty University | Kyle Busch Motorsports | Toyota","Driver",82,25
"Racing",2017,"Donruss","Base Brand Donruss","Artist Proof","Christopher Bell","JBL | Kyle Busch Motorsports | Toyota","Driver",83,25
"Racing",2017,"Donruss","Base Brand Donruss","Artist Proof","Matt Crafton","Chi Chi's/Menards | ThorSport Racing | Toyota","Driver",84,25
"Racing",2017,"Donruss","Base Brand Donruss","Artist Proof","Ben Kennedy","Jacob Companies | GMS Racing | Chevrolet","Driver",85,25
"Racing",2017,"Donruss","Base Brand Donruss","Artist Proof","Cameron Hayley","Cabinets by Hayley/Carolina Nut | ThorSport Racing | Toyota","Driver",86,25
"Racing",2017,"Donruss","Base Brand Donruss","Artist Proof","Johnny Sauter","GMS Racing | GMS Racing | Chevrolet","Driver",87,25
"Racing",2017,"Donruss","Base Brand Donruss","Artist Proof","Daniel Hemric","Draw-Tite | Brad Keselowski Racing | Ford","Driver",88,25
"Racing",2017,"Donruss","Base Brand Donruss","Artist Proof","John Hunter Nemechek","Fire Alarm Services | NEMCO Motorsports | Chevrolet","Driver",89,25
"Racing",2017,"Donruss","Base Brand Donruss","Artist Proof","Tyler Reddick","Cooper Standard | Brad Keselowski Racing | Ford","Driver",90,25
"Racing",2017,"Donruss","Base Brand Donruss","Artist Proof","Matt Kenseth","DeWalt | Joe Gibbs Racing | Toyota","Driver",124,25
"Racing",2017,"Donruss","Base Brand Donruss","Artist Proof","Chris Buescher","Dockside Logistics | Front Row Motorsports | Ford","Driver",135,25
"Racing",2017,"Donruss","Base Brand Donruss","Artist Proof","Tony Stewart","Mobil 1 | Stewart-Haas Racing | Chevrolet","Driver",136,25
"Racing",2017,"Donruss","Base Brand Donruss","Base","Dale Earnhardt Jr","Nationwide | Hendrick Motorsports | Chevrolet","Driver",37,
"Racing",2017,"Donruss","Base Brand Donruss","Base","Matt Kenseth","DeWalt | Joe Gibbs Racing | Toyota","Driver",38,
"Racing",2017,"Donruss","Base Brand Donruss","Base","Brad Keselowski","Miller Lite | Team Penske | Ford","Driver",39,
"Racing",2017,"Donruss","Base Brand Donruss","Base","Kevin Harvick","Jimmy John's | Stewart-Haas Racing | Chevrolet","Driver",40,
"Racing",2017,"Donruss","Base Brand Donruss","Base","Denny Hamlin","FedEx Express | Joe Gibbs Racing | Toyota","Driver",41,
"Racing",2017,"Donruss","Base Brand Donruss","Base","Austin Dillon","Dow Chemical | Richard Childress Racing | Chevrolet","Driver",42,
"Racing",2017,"Donruss","Base Brand Donruss","Base","Joey Logano","Shell-Pennzoil | Team Penske | Ford","Driver",43,
"Racing",2017,"Donruss","Base Brand Donruss","Base","Kyle Busch","M&M's | Joe Gibbs Racing | Toyota","Driver",44,
"Racing",2017,"Donruss","Base Brand Donruss","Base","Carl Edwards","ARRIS | Joe Gibbs Racing | Toyota","Driver",45,
"Racing",2017,"Donruss","Base Brand Donruss","Base","Chase Elliott","NAPA Auto Parts | Hendrick Motorsports | Chevrolet","Driver",46,
"Racing",2017,"Donruss","Base Brand Donruss","Base","Jimmie Johnson","Lowe's | Hendrick Motorsports | Chevrolet","Driver",47,
"Racing",2017,"Donruss","Base Brand Donruss","Base","Kurt Busch","Haas Automation | Stewart-Haas Racing | Chevrolet","Driver",48,
"Racing",2017,"Donruss","Base Brand Donruss","Base","Martin Truex Jr.","Bass Pro Shops-TRACKER Boats | Furniture Row Racing | Toyota","Driver",49,
"Racing",2017,"Donruss","Base Brand Donruss","Base","Jamie McMurray","Cessna | Chip Ganassi Racing | Chevrolet","Driver",50,
"Racing",2017,"Donruss","Base Brand Donruss","Base","Kasey Kahne","Farmers Insurance | Hendrick Motorsports | Chevrolet","Driver",51,
"Racing",2017,"Donruss","Base Brand Donruss","Base","Danica Patrick","Nature's Bakery | Stewart-Haas Racing | Chevrolet","Driver",52,
"Racing",2017,"Donruss","Base Brand Donruss","Base","Casey Mears","GEICO | Germain Racing | Chevrolet","Driver",53,
"Racing",2017,"Donruss","Base Brand Donruss","Base","Trevor Bayne","AdvoCare | Roush Fenway Racing | Ford","Driver",54,
"Racing",2017,"Donruss","Base Brand Donruss","Base","Clint Bowyer","5-Hour Energy | HScott Motorsports | Chevrolet","Driver",55,
"Racing",2017,"Donruss","Base Brand Donruss","Base","Paul Menard","Menards | Richard Childress Racing | Chevrolet","Driver",56,
"Racing",2017,"Donruss","Base Brand Donruss","Base","Greg Biffle","Kleen Performance Products | Roush Fenway Racing | Ford","Driver",57,
"Racing",2017,"Donruss","Base Brand Donruss","Base","Ricky Stenhouse Jr","Fastenal | Roush Fenway Racing | Ford","Driver",58,
"Racing",2017,"Donruss","Base Brand Donruss","Base","AJ Allmendinger","Kroger | JTG Daugherty Racing | Chevrolet","Driver",59,
"Racing",2017,"Donruss","Base Brand Donruss","Base","Ryan Newman","Caterpillar | Richard Childress Racing | Chevrolet","Driver",60,
"Racing",2017,"Donruss","Base Brand Donruss","Base","Jeffrey Earnhardt","Can-Am | Go FAS Racing | Ford","Driver",61,
"Racing",2017,"Donruss","Base Brand Donruss","Base","Chris Buescher","Dockside Logistics | Front Row Motorsports | Ford","Driver",62,
"Racing",2017,"Donruss","Base Brand Donruss","Base","Ryan Blaney","Motorcraft | Wood Brothers Racing | Ford","Driver",63,
"Racing",2017,"Donruss","Base Brand Donruss","Base","Landon Cassill","Front Row Motorsports | Ford","Driver",64,
"Racing",2017,"Donruss","Base Brand Donruss","Base","Bobby Labonte","C&J Energy Services | Go FAS Racing | Ford","Driver",65,
"Racing",2017,"Donruss","Base Brand Donruss","Base","Brian Scott","Albertsons | Richard Petty Motorsports | Ford","Driver",66,
"Racing",2017,"Donruss","Base Brand Donruss","Base","Michael Annett","Pilot Flying J | HScott Motorsports | Chevrolet","Driver",67,
"Racing",2017,"Donruss","Base Brand Donruss","Base","Matt DiBenedetto","Cosmo Motors | BK Racing | Toyota","Driver",68,
"Racing",2017,"Donruss","Base Brand Donruss","Base","Alex Bowman","Nationwide | Hendrick Motorsports | Chevrolet","Driver",69,
"Racing",2017,"Donruss","Base Brand Donruss","Base","Michael McDowell","Thrivent Financial | Circle Sport-Leavine Family Racing | Chevrolet","Driver",70,
"Racing",2017,"Donruss","Base Brand Donruss","Base","Regan Smith","NIKKO RC / TOY STATE | Tommy Baldwin Racing | Chevrolet","Driver",71,
"Racing",2017,"Donruss","Base Brand Donruss","Base","David Ragan","Dr Pepper | BK Racing | Toyota","Driver",72,
"Racing",2017,"Donruss","Base Brand Donruss","Base","Elliott Sadler","OneMain Financial | JR Motorsports | Chevrolet","Driver",73,
"Racing",2017,"Donruss","Base Brand Donruss","Base","Daniel Suarez","ARRIS | Joe Gibbs Racing | Toyota","Driver",74,
"Racing",2017,"Donruss","Base Brand Donruss","Base","Justin Allgaier","TaxSlayer.com | JR Motorsports | Chevrolet","Driver",75,
"Racing",2017,"Donruss","Base Brand Donruss","Base","Ross Chastain","Flex Seal | JD Motorsports | Chevrolet","Driver",76,
"Racing",2017,"Donruss","Base Brand Donruss","Base","Erik Jones","Game Stop | Joe Gibbs Racing | Toyota","Driver",77,
"Racing",2017,"Donruss","Base Brand Donruss","Base","Ryan Reed","Lilly Diabetes | Roush Fenway Racing | Ford","Driver",78,
"Racing",2017,"Donruss","Base Brand Donruss","Base","Brendan Gaughan","South Point Hotel & Casino | Richard Childress Racing | Chevrolet","Driver",79,
"Racing",2017,"Donruss","Base Brand Donruss","Base","Bubba Wallace","Ford EcoBoost | Roush Fenway Racing | Ford","Driver",80,
"Racing",2017,"Donruss","Base Brand Donruss","Base","Ty Dillon","Bass Pro Shops-TRACKER Boats | Richard Childress Racing | Chevrolet","Driver",81,
"Racing",2017,"Donruss","Base Brand Donruss","Base","William Byron","Liberty University | Kyle Busch Motorsports | Toyota","Driver",82,
"Racing",2017,"Donruss","Base Brand Donruss","Base","Christopher Bell","JBL | Kyle Busch Motorsports | Toyota","Driver",83,
"Racing",2017,"Donruss","Base Brand Donruss","Base","Matt Crafton","Chi Chi's/Menards | ThorSport Racing | Toyota","Driver",84,
"Racing",2017,"Donruss","Base Brand Donruss","Base","Ben Kennedy","Jacob Companies | GMS Racing | Chevrolet","Driver",85,
"Racing",2017,"Donruss","Base Brand Donruss","Base","Cameron Hayley","Cabinets by Hayley/Carolina Nut | ThorSport Racing | Toyota","Driver",86,
"Racing",2017,"Donruss","Base Brand Donruss","Base","Johnny Sauter","GMS Racing | GMS Racing | Chevrolet","Driver",87,
"Racing",2017,"Donruss","Base Brand Donruss","Base","Daniel Hemric","Draw-Tite | Brad Keselowski Racing | Ford","Driver",88,
"Racing",2017,"Donruss","Base Brand Donruss","Base","John Hunter Nemechek","Fire Alarm Services | NEMCO Motorsports | Chevrolet","Driver",89,
"Racing",2017,"Donruss","Base Brand Donruss","Base","Tyler Reddick","Cooper Standard | Brad Keselowski Racing | Ford","Driver",90,
"Racing",2017,"Donruss","Base Brand Donruss","Base","Matt Kenseth","DeWalt | Joe Gibbs Racing | Toyota","Driver",124,
"Racing",2017,"Donruss","Base Brand Donruss","Base","Chris Buescher","Dockside Logistics | Front Row Motorsports | Ford","Driver",135,
"Racing",2017,"Donruss","Base Brand Donruss","Base","Tony Stewart","Mobil 1 | Stewart-Haas Racing | Chevrolet","Driver",136,
"Racing",2017,"Donruss","Base Brand Donruss","Base Horizontal","Jimmie Johnson","Lowe's | Hendrick Motorsports | Chevrolet","Driver",91,
"Racing",2017,"Donruss","Base Brand Donruss","Base Horizontal","Kevin Harvick","Jimmy John's | Stewart-Haas Racing | Chevrolet","Driver",92,
"Racing",2017,"Donruss","Base Brand Donruss","Base Horizontal","Dale Earnhardt Jr","Nationwide | Hendrick Motorsports | Chevrolet","Driver",93,
"Racing",2017,"Donruss","Base Brand Donruss","Base Horizontal","Danica Patrick","Nature's Bakery | Stewart-Haas Racing | Chevrolet","Driver",94,
"Racing",2017,"Donruss","Base Brand Donruss","Base Horizontal","Kyle Busch","M&M's | Joe Gibbs Racing | Toyota","Driver",95,
"Racing",2017,"Donruss","Base Brand Donruss","Base Horizontal","Martin Truex Jr.","Bass Pro Shops-TRACKER Boats | Furniture Row Racing | Toyota","Driver",96,
"Racing",2017,"Donruss","Base Brand Donruss","Base Horizontal","Joey Logano","Shell-Pennzoil | Team Penske | Ford","Driver",97,
"Racing",2017,"Donruss","Base Brand Donruss","Base Horizontal","Brad Keselowski","Miller Lite | Team Penske | Ford","Driver",98,
"Racing",2017,"Donruss","Base Brand Donruss","Base Horizontal","Kasey Kahne","Farmers Insurance | Hendrick Motorsports | Chevrolet","Driver",99,
"Racing",2017,"Donruss","Base Brand Donruss","Base Horizontal","Martin Truex Jr.","Bass Pro Shops-TRACKER Boats | Furniture Row Racing | Toyota","Driver",121,
"Racing",2017,"Donruss","Base Brand Donruss","Base Horizontal","Kevin Harvick","Jimmy John's | Stewart-Haas Racing | Chevrolet","Driver",122,
"Racing",2017,"Donruss","Base Brand Donruss","Base Horizontal","Kyle Busch","M&M's | Joe Gibbs Racing | Toyota","Driver",123,
"Racing",2017,"Donruss","Base Brand Donruss","Base Horizontal","Joey Logano","Shell-Pennzoil | Team Penske | Ford","Driver",125,
"Racing",2017,"Donruss","Base Brand Donruss","Base Horizontal","Chase Elliott","NAPA Auto Parts | Hendrick Motorsports | Chevrolet","Driver",126,
"Racing",2017,"Donruss","Base Brand Donruss","Base Horizontal","Brad Keselowski","Miller Lite | Team Penske | Ford","Driver",127,
"Racing",2017,"Donruss","Base Brand Donruss","Base Horizontal","Kurt Busch","Haas Automation | Stewart-Haas Racing | Chevrolet","Driver",128,
"Racing",2017,"Donruss","Base Brand Donruss","Base Horizontal","Denny Hamlin","FedEx Express | Joe Gibbs Racing | Toyota","Driver",129,
"Racing",2017,"Donruss","Base Brand Donruss","Base Horizontal","Carl Edwards","ARRIS | Joe Gibbs Racing | Toyota","Driver",130,
"Racing",2017,"Donruss","Base Brand Donruss","Base Horizontal","Jimmie Johnson","Lowe's | Hendrick Motorsports | Chevrolet","Driver",131,
"Racing",2017,"Donruss","Base Brand Donruss","Base Horizontal","Austin Dillon","Dow Chemical | Richard Childress Racing | Chevrolet","Driver",132,
"Racing",2017,"Donruss","Base Brand Donruss","Base Horizontal","Kyle Larson","Target | Chip Ganassi Racing | Chevrolet","Driver",133,
"Racing",2017,"Donruss","Base Brand Donruss","Base Horizontal","Jamie McMurray","Cessna | Chip Ganassi Racing | Chevrolet","Driver",134,
"Racing",2017,"Donruss","Base Brand Donruss","Base Horizontal Artist Proof","Jimmie Johnson","Lowe's | Hendrick Motorsports | Chevrolet","Driver",91,25
"Racing",2017,"Donruss","Base Brand Donruss","Base Horizontal Artist Proof","Kevin Harvick","Jimmy John's | Stewart-Haas Racing | Chevrolet","Driver",92,25
"Racing",2017,"Donruss","Base Brand Donruss","Base Horizontal Artist Proof","Dale Earnhardt Jr","Nationwide | Hendrick Motorsports | Chevrolet","Driver",93,25
"Racing",2017,"Donruss","Base Brand Donruss","Base Horizontal Artist Proof","Danica Patrick","Nature's Bakery | Stewart-Haas Racing | Chevrolet","Driver",94,25
"Racing",2017,"Donruss","Base Brand Donruss","Base Horizontal Artist Proof","Kyle Busch","M&M's | Joe Gibbs Racing | Toyota","Driver",95,25
"Racing",2017,"Donruss","Base Brand Donruss","Base Horizontal Artist Proof","Martin Truex Jr.","Bass Pro Shops-TRACKER Boats | Furniture Row Racing | Toyota","Driver",96,25
"Racing",2017,"Donruss","Base Brand Donruss","Base Horizontal Artist Proof","Joey Logano","Shell-Pennzoil | Team Penske | Ford","Driver",97,25
"Racing",2017,"Donruss","Base Brand Donruss","Base Horizontal Artist Proof","Brad Keselowski","Miller Lite | Team Penske | Ford","Driver",98,25
"Racing",2017,"Donruss","Base Brand Donruss","Base Horizontal Artist Proof","Kasey Kahne","Farmers Insurance | Hendrick Motorsports | Chevrolet","Driver",99,25
"Racing",2017,"Donruss","Base Brand Donruss","Base Horizontal Artist Proof","Martin Truex Jr.","Bass Pro Shops-TRACKER Boats | Furniture Row Racing | Toyota","Driver",121,25
"Racing",2017,"Donruss","Base Brand Donruss","Base Horizontal Artist Proof","Kevin Harvick","Jimmy John's | Stewart-Haas Racing | Chevrolet","Driver",122,25
"Racing",2017,"Donruss","Base Brand Donruss","Base Horizontal Artist Proof","Kyle Busch","M&M's | Joe Gibbs Racing | Toyota","Driver",123,25
"Racing",2017,"Donruss","Base Brand Donruss","Base Horizontal Artist Proof","Joey Logano","Shell-Pennzoil | Team Penske | Ford","Driver",125,25
"Racing",2017,"Donruss","Base Brand Donruss","Base Horizontal Artist Proof","Chase Elliott","NAPA Auto Parts | Hendrick Motorsports | Chevrolet","Driver",126,25
"Racing",2017,"Donruss","Base Brand Donruss","Base Horizontal Artist Proof","Brad Keselowski","Miller Lite | Team Penske | Ford","Driver",127,25
"Racing",2017,"Donruss","Base Brand Donruss","Base Horizontal Artist Proof","Kurt Busch","Haas Automation | Stewart-Haas Racing | Chevrolet","Driver",128,25
"Racing",2017,"Donruss","Base Brand Donruss","Base Horizontal Artist Proof","Denny Hamlin","FedEx Express | Joe Gibbs Racing | Toyota","Driver",129,25
"Racing",2017,"Donruss","Base Brand Donruss","Base Horizontal Artist Proof","Carl Edwards","ARRIS | Joe Gibbs Racing | Toyota","Driver",130,25
"Racing",2017,"Donruss","Base Brand Donruss","Base Horizontal Artist Proof","Jimmie Johnson","Lowe's | Hendrick Motorsports | Chevrolet","Driver",131,25
"Racing",2017,"Donruss","Base Brand Donruss","Base Horizontal Artist Proof","Austin Dillon","Dow Chemical | Richard Childress Racing | Chevrolet","Driver",132,25
"Racing",2017,"Donruss","Base Brand Donruss","Base Horizontal Artist Proof","Kyle Larson","Target | Chip Ganassi Racing | Chevrolet","Driver",133,25
"Racing",2017,"Donruss","Base Brand Donruss","Base Horizontal Artist Proof","Jamie McMurray","Cessna | Chip Ganassi Racing | Chevrolet","Driver",134,25
"Racing",2017,"Donruss","Base Brand Donruss","Base Horizontal Blue Foil","Jimmie Johnson","Lowe's | Hendrick Motorsports | Chevrolet","Driver",91,299
"Racing",2017,"Donruss","Base Brand Donruss","Base Horizontal Blue Foil","Kevin Harvick","Jimmy John's | Stewart-Haas Racing | Chevrolet","Driver",92,299
"Racing",2017,"Donruss","Base Brand Donruss","Base Horizontal Blue Foil","Dale Earnhardt Jr","Nationwide | Hendrick Motorsports | Chevrolet","Driver",93,299
"Racing",2017,"Donruss","Base Brand Donruss","Base Horizontal Blue Foil","Danica Patrick","Nature's Bakery | Stewart-Haas Racing | Chevrolet","Driver",94,299
"Racing",2017,"Donruss","Base Brand Donruss","Base Horizontal Blue Foil","Kyle Busch","M&M's | Joe Gibbs Racing | Toyota","Driver",95,299
"Racing",2017,"Donruss","Base Brand Donruss","Base Horizontal Blue Foil","Martin Truex Jr.","Bass Pro Shops-TRACKER Boats | Furniture Row Racing | Toyota","Driver",96,299
"Racing",2017,"Donruss","Base Brand Donruss","Base Horizontal Blue Foil","Joey Logano","Shell-Pennzoil | Team Penske | Ford","Driver",97,299
"Racing",2017,"Donruss","Base Brand Donruss","Base Horizontal Blue Foil","Brad Keselowski","Miller Lite | Team Penske | Ford","Driver",98,299
"Racing",2017,"Donruss","Base Brand Donruss","Base Horizontal Blue Foil","Kasey Kahne","Farmers Insurance | Hendrick Motorsports | Chevrolet","Driver",99,299
"Racing",2017,"Donruss","Base Brand Donruss","Base Horizontal Blue Foil","Martin Truex Jr.","Bass Pro Shops-TRACKER Boats | Furniture Row Racing | Toyota","Driver",121,299
"Racing",2017,"Donruss","Base Brand Donruss","Base Horizontal Blue Foil","Kevin Harvick","Jimmy John's | Stewart-Haas Racing | Chevrolet","Driver",122,299
"Racing",2017,"Donruss","Base Brand Donruss","Base Horizontal Blue Foil","Kyle Busch","M&M's | Joe Gibbs Racing | Toyota","Driver",123,299
"Racing",2017,"Donruss","Base Brand Donruss","Base Horizontal Blue Foil","Joey Logano","Shell-Pennzoil | Team Penske | Ford","Driver",125,299
"Racing",2017,"Donruss","Base Brand Donruss","Base Horizontal Blue Foil","Chase Elliott","NAPA Auto Parts | Hendrick Motorsports | Chevrolet","Driver",126,299
"Racing",2017,"Donruss","Base Brand Donruss","Base Horizontal Blue Foil","Brad Keselowski","Miller Lite | Team Penske | Ford","Driver",127,299
"Racing",2017,"Donruss","Base Brand Donruss","Base Horizontal Blue Foil","Kurt Busch","Haas Automation | Stewart-Haas Racing | Chevrolet","Driver",128,299
"Racing",2017,"Donruss","Base Brand Donruss","Base Horizontal Blue Foil","Denny Hamlin","FedEx Express | Joe Gibbs Racing | Toyota","Driver",129,299
"Racing",2017,"Donruss","Base Brand Donruss","Base Horizontal Blue Foil","Carl Edwards","ARRIS | Joe Gibbs Racing | Toyota","Driver",130,299
"Racing",2017,"Donruss","Base Brand Donruss","Base Horizontal Blue Foil","Jimmie Johnson","Lowe's | Hendrick Motorsports | Chevrolet","Driver",131,299
"Racing",2017,"Donruss","Base Brand Donruss","Base Horizontal Blue Foil","Austin Dillon","Dow Chemical | Richard Childress Racing | Chevrolet","Driver",132,299
"Racing",2017,"Donruss","Base Brand Donruss","Base Horizontal Blue Foil","Kyle Larson","Target | Chip Ganassi Racing | Chevrolet","Driver",133,299
"Racing",2017,"Donruss","Base Brand Donruss","Base Horizontal Blue Foil","Jamie McMurray","Cessna | Chip Ganassi Racing | Chevrolet","Driver",134,299
"Racing",2017,"Donruss","Base Brand Donruss","Base Horizontal Gold Foil","Jimmie Johnson","Lowe's | Hendrick Motorsports | Chevrolet","Driver",91,499
"Racing",2017,"Donruss","Base Brand Donruss","Base Horizontal Gold Foil","Kevin Harvick","Jimmy John's | Stewart-Haas Racing | Chevrolet","Driver",92,499
"Racing",2017,"Donruss","Base Brand Donruss","Base Horizontal Gold Foil","Dale Earnhardt Jr","Nationwide | Hendrick Motorsports | Chevrolet","Driver",93,499
"Racing",2017,"Donruss","Base Brand Donruss","Base Horizontal Gold Foil","Danica Patrick","Nature's Bakery | Stewart-Haas Racing | Chevrolet","Driver",94,499
"Racing",2017,"Donruss","Base Brand Donruss","Base Horizontal Gold Foil","Kyle Busch","M&M's | Joe Gibbs Racing | Toyota","Driver",95,499
"Racing",2017,"Donruss","Base Brand Donruss","Base Horizontal Gold Foil","Martin Truex Jr.","Bass Pro Shops-TRACKER Boats | Furniture Row Racing | Toyota","Driver",96,499
"Racing",2017,"Donruss","Base Brand Donruss","Base Horizontal Gold Foil","Joey Logano","Shell-Pennzoil | Team Penske | Ford","Driver",97,499
"Racing",2017,"Donruss","Base Brand Donruss","Base Horizontal Gold Foil","Brad Keselowski","Miller Lite | Team Penske | Ford","Driver",98,499
"Racing",2017,"Donruss","Base Brand Donruss","Base Horizontal Gold Foil","Kasey Kahne","Farmers Insurance | Hendrick Motorsports | Chevrolet","Driver",99,499
"Racing",2017,"Donruss","Base Brand Donruss","Base Horizontal Gold Foil","Martin Truex Jr.","Bass Pro Shops-TRACKER Boats | Furniture Row Racing | Toyota","Driver",121,499
"Racing",2017,"Donruss","Base Brand Donruss","Base Horizontal Gold Foil","Kevin Harvick","Jimmy John's | Stewart-Haas Racing | Chevrolet","Driver",122,499
"Racing",2017,"Donruss","Base Brand Donruss","Base Horizontal Gold Foil","Kyle Busch","M&M's | Joe Gibbs Racing | Toyota","Driver",123,499
"Racing",2017,"Donruss","Base Brand Donruss","Base Horizontal Gold Foil","Joey Logano","Shell-Pennzoil | Team Penske | Ford","Driver",125,499
"Racing",2017,"Donruss","Base Brand Donruss","Base Horizontal Gold Foil","Chase Elliott","NAPA Auto Parts | Hendrick Motorsports | Chevrolet","Driver",126,499
"Racing",2017,"Donruss","Base Brand Donruss","Base Horizontal Gold Foil","Brad Keselowski","Miller Lite | Team Penske | Ford","Driver",127,499
"Racing",2017,"Donruss","Base Brand Donruss","Base Horizontal Gold Foil","Kurt Busch","Haas Automation | Stewart-Haas Racing | Chevrolet","Driver",128,499
"Racing",2017,"Donruss","Base Brand Donruss","Base Horizontal Gold Foil","Denny Hamlin","FedEx Express | Joe Gibbs Racing | Toyota","Driver",129,499
"Racing",2017,"Donruss","Base Brand Donruss","Base Horizontal Gold Foil","Carl Edwards","ARRIS | Joe Gibbs Racing | Toyota","Driver",130,499
"Racing",2017,"Donruss","Base Brand Donruss","Base Horizontal Gold Foil","Jimmie Johnson","Lowe's | Hendrick Motorsports | Chevrolet","Driver",131,499
"Racing",2017,"Donruss","Base Brand Donruss","Base Horizontal Gold Foil","Austin Dillon","Dow Chemical | Richard Childress Racing | Chevrolet","Driver",132,499
"Racing",2017,"Donruss","Base Brand Donruss","Base Horizontal Gold Foil","Kyle Larson","Target | Chip Ganassi Racing | Chevrolet","Driver",133,499
"Racing",2017,"Donruss","Base Brand Donruss","Base Horizontal Gold Foil","Jamie McMurray","Cessna | Chip Ganassi Racing | Chevrolet","Driver",134,499
"Racing",2017,"Donruss","Base Brand Donruss","Base Horizontal Gold Press Proof","Jimmie Johnson","Lowe's | Hendrick Motorsports | Chevrolet","Driver",91,99
"Racing",2017,"Donruss","Base Brand Donruss","Base Horizontal Gold Press Proof","Kevin Harvick","Jimmy John's | Stewart-Haas Racing | Chevrolet","Driver",92,99
"Racing",2017,"Donruss","Base Brand Donruss","Base Horizontal Gold Press Proof","Dale Earnhardt Jr","Nationwide | Hendrick Motorsports | Chevrolet","Driver",93,99
"Racing",2017,"Donruss","Base Brand Donruss","Base Horizontal Gold Press Proof","Danica Patrick","Nature's Bakery | Stewart-Haas Racing | Chevrolet","Driver",94,99
"Racing",2017,"Donruss","Base Brand Donruss","Base Horizontal Gold Press Proof","Kyle Busch","M&M's | Joe Gibbs Racing | Toyota","Driver",95,99
"Racing",2017,"Donruss","Base Brand Donruss","Base Horizontal Gold Press Proof","Martin Truex Jr.","Bass Pro Shops-TRACKER Boats | Furniture Row Racing | Toyota","Driver",96,99
"Racing",2017,"Donruss","Base Brand Donruss","Base Horizontal Gold Press Proof","Joey Logano","Shell-Pennzoil | Team Penske | Ford","Driver",97,99
"Racing",2017,"Donruss","Base Brand Donruss","Base Horizontal Gold Press Proof","Brad Keselowski","Miller Lite | Team Penske | Ford","Driver",98,99
"Racing",2017,"Donruss","Base Brand Donruss","Base Horizontal Gold Press Proof","Kasey Kahne","Farmers Insurance | Hendrick Motorsports | Chevrolet","Driver",99,99
"Racing",2017,"Donruss","Base Brand Donruss","Base Horizontal Gold Press Proof","Martin Truex Jr.","Bass Pro Shops-TRACKER Boats | Furniture Row Racing | Toyota","Driver",121,99
"Racing",2017,"Donruss","Base Brand Donruss","Base Horizontal Gold Press Proof","Kevin Harvick","Jimmy John's | Stewart-Haas Racing | Chevrolet","Driver",122,99
"Racing",2017,"Donruss","Base Brand Donruss","Base Horizontal Gold Press Proof","Kyle Busch","M&M's | Joe Gibbs Racing | Toyota","Driver",123,99
"Racing",2017,"Donruss","Base Brand Donruss","Base Horizontal Gold Press Proof","Joey Logano","Shell-Pennzoil | Team Penske | Ford","Driver",125,99
"Racing",2017,"Donruss","Base Brand Donruss","Base Horizontal Gold Press Proof","Chase Elliott","NAPA Auto Parts | Hendrick Motorsports | Chevrolet","Driver",126,99
"Racing",2017,"Donruss","Base Brand Donruss","Base Horizontal Gold Press Proof","Brad Keselowski","Miller Lite | Team Penske | Ford","Driver",127,99
"Racing",2017,"Donruss","Base Brand Donruss","Base Horizontal Gold Press Proof","Kurt Busch","Haas Automation | Stewart-Haas Racing | Chevrolet","Driver",128,99
"Racing",2017,"Donruss","Base Brand Donruss","Base Horizontal Gold Press Proof","Denny Hamlin","FedEx Express | Joe Gibbs Racing | Toyota","Driver",129,99
"Racing",2017,"Donruss","Base Brand Donruss","Base Horizontal Gold Press Proof","Carl Edwards","ARRIS | Joe Gibbs Racing | Toyota","Driver",130,99
"Racing",2017,"Donruss","Base Brand Donruss","Base Horizontal Gold Press Proof","Jimmie Johnson","Lowe's | Hendrick Motorsports | Chevrolet","Driver",131,99
"Racing",2017,"Donruss","Base Brand Donruss","Base Horizontal Gold Press Proof","Austin Dillon","Dow Chemical | Richard Childress Racing | Chevrolet","Driver",132,99
"Racing",2017,"Donruss","Base Brand Donruss","Base Horizontal Gold Press Proof","Kyle Larson","Target | Chip Ganassi Racing | Chevrolet","Driver",133,99
"Racing",2017,"Donruss","Base Brand Donruss","Base Horizontal Gold Press Proof","Jamie McMurray","Cessna | Chip Ganassi Racing | Chevrolet","Driver",134,99
"Racing",2017,"Donruss","Base Brand Donruss","Base Horizontal Green Foil","Jimmie Johnson","Lowe's | Hendrick Motorsports | Chevrolet","Driver",91,199
"Racing",2017,"Donruss","Base Brand Donruss","Base Horizontal Green Foil","Kevin Harvick","Jimmy John's | Stewart-Haas Racing | Chevrolet","Driver",92,199
"Racing",2017,"Donruss","Base Brand Donruss","Base Horizontal Green Foil","Dale Earnhardt Jr","Nationwide | Hendrick Motorsports | Chevrolet","Driver",93,199
"Racing",2017,"Donruss","Base Brand Donruss","Base Horizontal Green Foil","Danica Patrick","Nature's Bakery | Stewart-Haas Racing | Chevrolet","Driver",94,199
"Racing",2017,"Donruss","Base Brand Donruss","Base Horizontal Green Foil","Kyle Busch","M&M's | Joe Gibbs Racing | Toyota","Driver",95,199
"Racing",2017,"Donruss","Base Brand Donruss","Base Horizontal Green Foil","Martin Truex Jr.","Bass Pro Shops-TRACKER Boats | Furniture Row Racing | Toyota","Driver",96,199
"Racing",2017,"Donruss","Base Brand Donruss","Base Horizontal Green Foil","Joey Logano","Shell-Pennzoil | Team Penske | Ford","Driver",97,199
"Racing",2017,"Donruss","Base Brand Donruss","Base Horizontal Green Foil","Brad Keselowski","Miller Lite | Team Penske | Ford","Driver",98,199
"Racing",2017,"Donruss","Base Brand Donruss","Base Horizontal Green Foil","Kasey Kahne","Farmers Insurance | Hendrick Motorsports | Chevrolet","Driver",99,199
"Racing",2017,"Donruss","Base Brand Donruss","Base Horizontal Green Foil","Martin Truex Jr.","Bass Pro Shops-TRACKER Boats | Furniture Row Racing | Toyota","Driver",121,199
"Racing",2017,"Donruss","Base Brand Donruss","Base Horizontal Green Foil","Kevin Harvick","Jimmy John's | Stewart-Haas Racing | Chevrolet","Driver",122,199
"Racing",2017,"Donruss","Base Brand Donruss","Base Horizontal Green Foil","Kyle Busch","M&M's | Joe Gibbs Racing | Toyota","Driver",123,199
"Racing",2017,"Donruss","Base Brand Donruss","Base Horizontal Green Foil","Joey Logano","Shell-Pennzoil | Team Penske | Ford","Driver",125,199
"Racing",2017,"Donruss","Base Brand Donruss","Base Horizontal Green Foil","Chase Elliott","NAPA Auto Parts | Hendrick Motorsports | Chevrolet","Driver",126,199
"Racing",2017,"Donruss","Base Brand Donruss","Base Horizontal Green Foil","Brad Keselowski","Miller Lite | Team Penske | Ford","Driver",127,199
"Racing",2017,"Donruss","Base Brand Donruss","Base Horizontal Green Foil","Kurt Busch","Haas Automation | Stewart-Haas Racing | Chevrolet","Driver",128,199
"Racing",2017,"Donruss","Base Brand Donruss","Base Horizontal Green Foil","Denny Hamlin","FedEx Express | Joe Gibbs Racing | Toyota","Driver",129,199
"Racing",2017,"Donruss","Base Brand Donruss","Base Horizontal Green Foil","Carl Edwards","ARRIS | Joe Gibbs Racing | Toyota","Driver",130,199
"Racing",2017,"Donruss","Base Brand Donruss","Base Horizontal Green Foil","Jimmie Johnson","Lowe's | Hendrick Motorsports | Chevrolet","Driver",131,199
"Racing",2017,"Donruss","Base Brand Donruss","Base Horizontal Green Foil","Austin Dillon","Dow Chemical | Richard Childress Racing | Chevrolet","Driver",132,199
"Racing",2017,"Donruss","Base Brand Donruss","Base Horizontal Green Foil","Kyle Larson","Target | Chip Ganassi Racing | Chevrolet","Driver",133,199
"Racing",2017,"Donruss","Base Brand Donruss","Base Horizontal Green Foil","Jamie McMurray","Cessna | Chip Ganassi Racing | Chevrolet","Driver",134,199
"Racing",2017,"Donruss","Base Brand Donruss","Base Horizontal Press Proof","Jimmie Johnson","Lowe's | Hendrick Motorsports | Chevrolet","Driver",91,49
"Racing",2017,"Donruss","Base Brand Donruss","Base Horizontal Press Proof","Kevin Harvick","Jimmy John's | Stewart-Haas Racing | Chevrolet","Driver",92,49
"Racing",2017,"Donruss","Base Brand Donruss","Base Horizontal Press Proof","Dale Earnhardt Jr","Nationwide | Hendrick Motorsports | Chevrolet","Driver",93,49
"Racing",2017,"Donruss","Base Brand Donruss","Base Horizontal Press Proof","Danica Patrick","Nature's Bakery | Stewart-Haas Racing | Chevrolet","Driver",94,49
"Racing",2017,"Donruss","Base Brand Donruss","Base Horizontal Press Proof","Kyle Busch","M&M's | Joe Gibbs Racing | Toyota","Driver",95,49
"Racing",2017,"Donruss","Base Brand Donruss","Base Horizontal Press Proof","Martin Truex Jr.","Bass Pro Shops-TRACKER Boats | Furniture Row Racing | Toyota","Driver",96,49
"Racing",2017,"Donruss","Base Brand Donruss","Base Horizontal Press Proof","Joey Logano","Shell-Pennzoil | Team Penske | Ford","Driver",97,49
"Racing",2017,"Donruss","Base Brand Donruss","Base Horizontal Press Proof","Brad Keselowski","Miller Lite | Team Penske | Ford","Driver",98,49
"Racing",2017,"Donruss","Base Brand Donruss","Base Horizontal Press Proof","Kasey Kahne","Farmers Insurance | Hendrick Motorsports | Chevrolet","Driver",99,49
"Racing",2017,"Donruss","Base Brand Donruss","Base Horizontal Press Proof","Martin Truex Jr.","Bass Pro Shops-TRACKER Boats | Furniture Row Racing | Toyota","Driver",121,49
"Racing",2017,"Donruss","Base Brand Donruss","Base Horizontal Press Proof","Kevin Harvick","Jimmy John's | Stewart-Haas Racing | Chevrolet","Driver",122,49
"Racing",2017,"Donruss","Base Brand Donruss","Base Horizontal Press Proof","Kyle Busch","M&M's | Joe Gibbs Racing | Toyota","Driver",123,49
"Racing",2017,"Donruss","Base Brand Donruss","Base Horizontal Press Proof","Joey Logano","Shell-Pennzoil | Team Penske | Ford","Driver",125,49
"Racing",2017,"Donruss","Base Brand Donruss","Base Horizontal Press Proof","Chase Elliott","NAPA Auto Parts | Hendrick Motorsports | Chevrolet","Driver",126,49
"Racing",2017,"Donruss","Base Brand Donruss","Base Horizontal Press Proof","Brad Keselowski","Miller Lite | Team Penske | Ford","Driver",127,49
"Racing",2017,"Donruss","Base Brand Donruss","Base Horizontal Press Proof","Kurt Busch","Haas Automation | Stewart-Haas Racing | Chevrolet","Driver",128,49
"Racing",2017,"Donruss","Base Brand Donruss","Base Horizontal Press Proof","Denny Hamlin","FedEx Express | Joe Gibbs Racing | Toyota","Driver",129,49
"Racing",2017,"Donruss","Base Brand Donruss","Base Horizontal Press Proof","Carl Edwards","ARRIS | Joe Gibbs Racing | Toyota","Driver",130,49
"Racing",2017,"Donruss","Base Brand Donruss","Base Horizontal Press Proof","Jimmie Johnson","Lowe's | Hendrick Motorsports | Chevrolet","Driver",131,49
"Racing",2017,"Donruss","Base Brand Donruss","Base Horizontal Press Proof","Austin Dillon","Dow Chemical | Richard Childress Racing | Chevrolet","Driver",132,49
"Racing",2017,"Donruss","Base Brand Donruss","Base Horizontal Press Proof","Kyle Larson","Target | Chip Ganassi Racing | Chevrolet","Driver",133,49
"Racing",2017,"Donruss","Base Brand Donruss","Base Horizontal Press Proof","Jamie McMurray","Cessna | Chip Ganassi Racing | Chevrolet","Driver",134,49
"Racing",2017,"Donruss","Base Brand Donruss","Base Horizontal Printing Plates Black","Jimmie Johnson","Lowe's | Hendrick Motorsports | Chevrolet","Driver",91,1
"Racing",2017,"Donruss","Base Brand Donruss","Base Horizontal Printing Plates Black","Kevin Harvick","Jimmy John's | Stewart-Haas Racing | Chevrolet","Driver",92,1
"Racing",2017,"Donruss","Base Brand Donruss","Base Horizontal Printing Plates Black","Dale Earnhardt Jr","Nationwide | Hendrick Motorsports | Chevrolet","Driver",93,1
"Racing",2017,"Donruss","Base Brand Donruss","Base Horizontal Printing Plates Black","Danica Patrick","Nature's Bakery | Stewart-Haas Racing | Chevrolet","Driver",94,1
"Racing",2017,"Donruss","Base Brand Donruss","Base Horizontal Printing Plates Black","Kyle Busch","M&M's | Joe Gibbs Racing | Toyota","Driver",95,1
"Racing",2017,"Donruss","Base Brand Donruss","Base Horizontal Printing Plates Black","Martin Truex Jr.","Bass Pro Shops-TRACKER Boats | Furniture Row Racing | Toyota","Driver",96,1
"Racing",2017,"Donruss","Base Brand Donruss","Base Horizontal Printing Plates Black","Joey Logano","Shell-Pennzoil | Team Penske | Ford","Driver",97,1
"Racing",2017,"Donruss","Base Brand Donruss","Base Horizontal Printing Plates Black","Brad Keselowski","Miller Lite | Team Penske | Ford","Driver",98,1
"Racing",2017,"Donruss","Base Brand Donruss","Base Horizontal Printing Plates Black","Kasey Kahne","Farmers Insurance | Hendrick Motorsports | Chevrolet","Driver",99,1
"Racing",2017,"Donruss","Base Brand Donruss","Base Horizontal Printing Plates Black","Martin Truex Jr.","Bass Pro Shops-TRACKER Boats | Furniture Row Racing | Toyota","Driver",121,1
"Racing",2017,"Donruss","Base Brand Donruss","Base Horizontal Printing Plates Black","Kevin Harvick","Jimmy John's | Stewart-Haas Racing | Chevrolet","Driver",122,1
"Racing",2017,"Donruss","Base Brand Donruss","Base Horizontal Printing Plates Black","Kyle Busch","M&M's | Joe Gibbs Racing | Toyota","Driver",123,1
"Racing",2017,"Donruss","Base Brand Donruss","Base Horizontal Printing Plates Black","Joey Logano","Shell-Pennzoil | Team Penske | Ford","Driver",125,1
"Racing",2017,"Donruss","Base Brand Donruss","Base Horizontal Printing Plates Black","Chase Elliott","NAPA Auto Parts | Hendrick Motorsports | Chevrolet","Driver",126,1
"Racing",2017,"Donruss","Base Brand Donruss","Base Horizontal Printing Plates Black","Brad Keselowski","Miller Lite | Team Penske | Ford","Driver",127,1
"Racing",2017,"Donruss","Base Brand Donruss","Base Horizontal Printing Plates Black","Kurt Busch","Haas Automation | Stewart-Haas Racing | Chevrolet","Driver",128,1
"Racing",2017,"Donruss","Base Brand Donruss","Base Horizontal Printing Plates Black","Denny Hamlin","FedEx Express | Joe Gibbs Racing | Toyota","Driver",129,1
"Racing",2017,"Donruss","Base Brand Donruss","Base Horizontal Printing Plates Black","Carl Edwards","ARRIS | Joe Gibbs Racing | Toyota","Driver",130,1
"Racing",2017,"Donruss","Base Brand Donruss","Base Horizontal Printing Plates Black","Jimmie Johnson","Lowe's | Hendrick Motorsports | Chevrolet","Driver",131,1
"Racing",2017,"Donruss","Base Brand Donruss","Base Horizontal Printing Plates Black","Austin Dillon","Dow Chemical | Richard Childress Racing | Chevrolet","Driver",132,1
"Racing",2017,"Donruss","Base Brand Donruss","Base Horizontal Printing Plates Black","Kyle Larson","Target | Chip Ganassi Racing | Chevrolet","Driver",133,1
"Racing",2017,"Donruss","Base Brand Donruss","Base Horizontal Printing Plates Black","Jamie McMurray","Cessna | Chip Ganassi Racing | Chevrolet","Driver",134,1
"Racing",2017,"Donruss","Base Brand Donruss","Base Horizontal Printing Plates Cyan","Jimmie Johnson","Lowe's | Hendrick Motorsports | Chevrolet","Driver",91,1
"Racing",2017,"Donruss","Base Brand Donruss","Base Horizontal Printing Plates Cyan","Kevin Harvick","Jimmy John's | Stewart-Haas Racing | Chevrolet","Driver",92,1
"Racing",2017,"Donruss","Base Brand Donruss","Base Horizontal Printing Plates Cyan","Dale Earnhardt Jr","Nationwide | Hendrick Motorsports | Chevrolet","Driver",93,1
"Racing",2017,"Donruss","Base Brand Donruss","Base Horizontal Printing Plates Cyan","Danica Patrick","Nature's Bakery | Stewart-Haas Racing | Chevrolet","Driver",94,1
"Racing",2017,"Donruss","Base Brand Donruss","Base Horizontal Printing Plates Cyan","Kyle Busch","M&M's | Joe Gibbs Racing | Toyota","Driver",95,1
"Racing",2017,"Donruss","Base Brand Donruss","Base Horizontal Printing Plates Cyan","Martin Truex Jr.","Bass Pro Shops-TRACKER Boats | Furniture Row Racing | Toyota","Driver",96,1
"Racing",2017,"Donruss","Base Brand Donruss","Base Horizontal Printing Plates Cyan","Joey Logano","Shell-Pennzoil | Team Penske | Ford","Driver",97,1
"Racing",2017,"Donruss","Base Brand Donruss","Base Horizontal Printing Plates Cyan","Brad Keselowski","Miller Lite | Team Penske | Ford","Driver",98,1
"Racing",2017,"Donruss","Base Brand Donruss","Base Horizontal Printing Plates Cyan","Kasey Kahne","Farmers Insurance | Hendrick Motorsports | Chevrolet","Driver",99,1
"Racing",2017,"Donruss","Base Brand Donruss","Base Horizontal Printing Plates Cyan","Martin Truex Jr.","Bass Pro Shops-TRACKER Boats | Furniture Row Racing | Toyota","Driver",121,1
"Racing",2017,"Donruss","Base Brand Donruss","Base Horizontal Printing Plates Cyan","Kevin Harvick","Jimmy John's | Stewart-Haas Racing | Chevrolet","Driver",122,1
"Racing",2017,"Donruss","Base Brand Donruss","Base Horizontal Printing Plates Cyan","Kyle Busch","M&M's | Joe Gibbs Racing | Toyota","Driver",123,1
"Racing",2017,"Donruss","Base Brand Donruss","Base Horizontal Printing Plates Cyan","Joey Logano","Shell-Pennzoil | Team Penske | Ford","Driver",125,1
"Racing",2017,"Donruss","Base Brand Donruss","Base Horizontal Printing Plates Cyan","Chase Elliott","NAPA Auto Parts | Hendrick Motorsports | Chevrolet","Driver",126,1
"Racing",2017,"Donruss","Base Brand Donruss","Base Horizontal Printing Plates Cyan","Brad Keselowski","Miller Lite | Team Penske | Ford","Driver",127,1
"Racing",2017,"Donruss","Base Brand Donruss","Base Horizontal Printing Plates Cyan","Kurt Busch","Haas Automation | Stewart-Haas Racing | Chevrolet","Driver",128,1
"Racing",2017,"Donruss","Base Brand Donruss","Base Horizontal Printing Plates Cyan","Denny Hamlin","FedEx Express | Joe Gibbs Racing | Toyota","Driver",129,1
"Racing",2017,"Donruss","Base Brand Donruss","Base Horizontal Printing Plates Cyan","Carl Edwards","ARRIS | Joe Gibbs Racing | Toyota","Driver",130,1
"Racing",2017,"Donruss","Base Brand Donruss","Base Horizontal Printing Plates Cyan","Jimmie Johnson","Lowe's | Hendrick Motorsports | Chevrolet","Driver",131,1
"Racing",2017,"Donruss","Base Brand Donruss","Base Horizontal Printing Plates Cyan","Austin Dillon","Dow Chemical | Richard Childress Racing | Chevrolet","Driver",132,1
"Racing",2017,"Donruss","Base Brand Donruss","Base Horizontal Printing Plates Cyan","Kyle Larson","Target | Chip Ganassi Racing | Chevrolet","Driver",133,1
"Racing",2017,"Donruss","Base Brand Donruss","Base Horizontal Printing Plates Cyan","Jamie McMurray","Cessna | Chip Ganassi Racing | Chevrolet","Driver",134,1
"Racing",2017,"Donruss","Base Brand Donruss","Base Horizontal Printing Plates Magenta","Jimmie Johnson","Lowe's | Hendrick Motorsports | Chevrolet","Driver",91,1
"Racing",2017,"Donruss","Base Brand Donruss","Base Horizontal Printing Plates Magenta","Kevin Harvick","Jimmy John's | Stewart-Haas Racing | Chevrolet","Driver",92,1
"Racing",2017,"Donruss","Base Brand Donruss","Base Horizontal Printing Plates Magenta","Dale Earnhardt Jr","Nationwide | Hendrick Motorsports | Chevrolet","Driver",93,1
"Racing",2017,"Donruss","Base Brand Donruss","Base Horizontal Printing Plates Magenta","Danica Patrick","Nature's Bakery | Stewart-Haas Racing | Chevrolet","Driver",94,1
"Racing",2017,"Donruss","Base Brand Donruss","Base Horizontal Printing Plates Magenta","Kyle Busch","M&M's | Joe Gibbs Racing | Toyota","Driver",95,1
"Racing",2017,"Donruss","Base Brand Donruss","Base Horizontal Printing Plates Magenta","Martin Truex Jr.","Bass Pro Shops-TRACKER Boats | Furniture Row Racing | Toyota","Driver",96,1
"Racing",2017,"Donruss","Base Brand Donruss","Base Horizontal Printing Plates Magenta","Joey Logano","Shell-Pennzoil | Team Penske | Ford","Driver",97,1
"Racing",2017,"Donruss","Base Brand Donruss","Base Horizontal Printing Plates Magenta","Brad Keselowski","Miller Lite | Team Penske | Ford","Driver",98,1
"Racing",2017,"Donruss","Base Brand Donruss","Base Horizontal Printing Plates Magenta","Kasey Kahne","Farmers Insurance | Hendrick Motorsports | Chevrolet","Driver",99,1
"Racing",2017,"Donruss","Base Brand Donruss","Base Horizontal Printing Plates Magenta","Martin Truex Jr.","Bass Pro Shops-TRACKER Boats | Furniture Row Racing | Toyota","Driver",121,1
"Racing",2017,"Donruss","Base Brand Donruss","Base Horizontal Printing Plates Magenta","Kevin Harvick","Jimmy John's | Stewart-Haas Racing | Chevrolet","Driver",122,1
"Racing",2017,"Donruss","Base Brand Donruss","Base Horizontal Printing Plates Magenta","Kyle Busch","M&M's | Joe Gibbs Racing | Toyota","Driver",123,1
"Racing",2017,"Donruss","Base Brand Donruss","Base Horizontal Printing Plates Magenta","Joey Logano","Shell-Pennzoil | Team Penske | Ford","Driver",125,1
"Racing",2017,"Donruss","Base Brand Donruss","Base Horizontal Printing Plates Magenta","Chase Elliott","NAPA Auto Parts | Hendrick Motorsports | Chevrolet","Driver",126,1
"Racing",2017,"Donruss","Base Brand Donruss","Base Horizontal Printing Plates Magenta","Brad Keselowski","Miller Lite | Team Penske | Ford","Driver",127,1
"Racing",2017,"Donruss","Base Brand Donruss","Base Horizontal Printing Plates Magenta","Kurt Busch","Haas Automation | Stewart-Haas Racing | Chevrolet","Driver",128,1
"Racing",2017,"Donruss","Base Brand Donruss","Base Horizontal Printing Plates Magenta","Denny Hamlin","FedEx Express | Joe Gibbs Racing | Toyota","Driver",129,1
"Racing",2017,"Donruss","Base Brand Donruss","Base Horizontal Printing Plates Magenta","Carl Edwards","ARRIS | Joe Gibbs Racing | Toyota","Driver",130,1
"Racing",2017,"Donruss","Base Brand Donruss","Base Horizontal Printing Plates Magenta","Jimmie Johnson","Lowe's | Hendrick Motorsports | Chevrolet","Driver",131,1
"Racing",2017,"Donruss","Base Brand Donruss","Base Horizontal Printing Plates Magenta","Austin Dillon","Dow Chemical | Richard Childress Racing | Chevrolet","Driver",132,1
"Racing",2017,"Donruss","Base Brand Donruss","Base Horizontal Printing Plates Magenta","Kyle Larson","Target | Chip Ganassi Racing | Chevrolet","Driver",133,1
"Racing",2017,"Donruss","Base Brand Donruss","Base Horizontal Printing Plates Magenta","Jamie McMurray","Cessna | Chip Ganassi Racing | Chevrolet","Driver",134,1
"Racing",2017,"Donruss","Base Brand Donruss","Base Horizontal Printing Plates Yellow","Jimmie Johnson","Lowe's | Hendrick Motorsports | Chevrolet","Driver",91,1
"Racing",2017,"Donruss","Base Brand Donruss","Base Horizontal Printing Plates Yellow","Kevin Harvick","Jimmy John's | Stewart-Haas Racing | Chevrolet","Driver",92,1
"Racing",2017,"Donruss","Base Brand Donruss","Base Horizontal Printing Plates Yellow","Dale Earnhardt Jr","Nationwide | Hendrick Motorsports | Chevrolet","Driver",93,1
"Racing",2017,"Donruss","Base Brand Donruss","Base Horizontal Printing Plates Yellow","Danica Patrick","Nature's Bakery | Stewart-Haas Racing | Chevrolet","Driver",94,1
"Racing",2017,"Donruss","Base Brand Donruss","Base Horizontal Printing Plates Yellow","Kyle Busch","M&M's | Joe Gibbs Racing | Toyota","Driver",95,1
"Racing",2017,"Donruss","Base Brand Donruss","Base Horizontal Printing Plates Yellow","Martin Truex Jr.","Bass Pro Shops-TRACKER Boats | Furniture Row Racing | Toyota","Driver",96,1
"Racing",2017,"Donruss","Base Brand Donruss","Base Horizontal Printing Plates Yellow","Joey Logano","Shell-Pennzoil | Team Penske | Ford","Driver",97,1
"Racing",2017,"Donruss","Base Brand Donruss","Base Horizontal Printing Plates Yellow","Brad Keselowski","Miller Lite | Team Penske | Ford","Driver",98,1
"Racing",2017,"Donruss","Base Brand Donruss","Base Horizontal Printing Plates Yellow","Kasey Kahne","Farmers Insurance | Hendrick Motorsports | Chevrolet","Driver",99,1
"Racing",2017,"Donruss","Base Brand Donruss","Base Horizontal Printing Plates Yellow","Martin Truex Jr.","Bass Pro Shops-TRACKER Boats | Furniture Row Racing | Toyota","Driver",121,1
"Racing",2017,"Donruss","Base Brand Donruss","Base Horizontal Printing Plates Yellow","Kevin Harvick","Jimmy John's | Stewart-Haas Racing | Chevrolet","Driver",122,1
"Racing",2017,"Donruss","Base Brand Donruss","Base Horizontal Printing Plates Yellow","Kyle Busch","M&M's | Joe Gibbs Racing | Toyota","Driver",123,1
"Racing",2017,"Donruss","Base Brand Donruss","Base Horizontal Printing Plates Yellow","Joey Logano","Shell-Pennzoil | Team Penske | Ford","Driver",125,1
"Racing",2017,"Donruss","Base Brand Donruss","Base Horizontal Printing Plates Yellow","Chase Elliott","NAPA Auto Parts | Hendrick Motorsports | Chevrolet","Driver",126,1
"Racing",2017,"Donruss","Base Brand Donruss","Base Horizontal Printing Plates Yellow","Brad Keselowski","Miller Lite | Team Penske | Ford","Driver",127,1
"Racing",2017,"Donruss","Base Brand Donruss","Base Horizontal Printing Plates Yellow","Kurt Busch","Haas Automation | Stewart-Haas Racing | Chevrolet","Driver",128,1
"Racing",2017,"Donruss","Base Brand Donruss","Base Horizontal Printing Plates Yellow","Denny Hamlin","FedEx Express | Joe Gibbs Racing | Toyota","Driver",129,1
"Racing",2017,"Donruss","Base Brand Donruss","Base Horizontal Printing Plates Yellow","Carl Edwards","ARRIS | Joe Gibbs Racing | Toyota","Driver",130,1
"Racing",2017,"Donruss","Base Brand Donruss","Base Horizontal Printing Plates Yellow","Jimmie Johnson","Lowe's | Hendrick Motorsports | Chevrolet","Driver",131,1
"Racing",2017,"Donruss","Base Brand Donruss","Base Horizontal Printing Plates Yellow","Austin Dillon","Dow Chemical | Richard Childress Racing | Chevrolet","Driver",132,1
"Racing",2017,"Donruss","Base Brand Donruss","Base Horizontal Printing Plates Yellow","Kyle Larson","Target | Chip Ganassi Racing | Chevrolet","Driver",133,1
"Racing",2017,"Donruss","Base Brand Donruss","Base Horizontal Printing Plates Yellow","Jamie McMurray","Cessna | Chip Ganassi Racing | Chevrolet","Driver",134,1
"Racing",2017,"Donruss","Base Brand Donruss","Blue Foil","Dale Earnhardt Jr","Nationwide | Hendrick Motorsports | Chevrolet","Driver",37,299
"Racing",2017,"Donruss","Base Brand Donruss","Blue Foil","Matt Kenseth","DeWalt | Joe Gibbs Racing | Toyota","Driver",38,299
"Racing",2017,"Donruss","Base Brand Donruss","Blue Foil","Brad Keselowski","Miller Lite | Team Penske | Ford","Driver",39,299
"Racing",2017,"Donruss","Base Brand Donruss","Blue Foil","Kevin Harvick","Jimmy John's | Stewart-Haas Racing | Chevrolet","Driver",40,299
"Racing",2017,"Donruss","Base Brand Donruss","Blue Foil","Denny Hamlin","FedEx Express | Joe Gibbs Racing | Toyota","Driver",41,299
"Racing",2017,"Donruss","Base Brand Donruss","Blue Foil","Austin Dillon","Dow Chemical | Richard Childress Racing | Chevrolet","Driver",42,299
"Racing",2017,"Donruss","Base Brand Donruss","Blue Foil","Joey Logano","Shell-Pennzoil | Team Penske | Ford","Driver",43,299
"Racing",2017,"Donruss","Base Brand Donruss","Blue Foil","Kyle Busch","M&M's | Joe Gibbs Racing | Toyota","Driver",44,299
"Racing",2017,"Donruss","Base Brand Donruss","Blue Foil","Carl Edwards","ARRIS | Joe Gibbs Racing | Toyota","Driver",45,299
"Racing",2017,"Donruss","Base Brand Donruss","Blue Foil","Chase Elliott","NAPA Auto Parts | Hendrick Motorsports | Chevrolet","Driver",46,299
"Racing",2017,"Donruss","Base Brand Donruss","Blue Foil","Jimmie Johnson","Lowe's | Hendrick Motorsports | Chevrolet","Driver",47,299
"Racing",2017,"Donruss","Base Brand Donruss","Blue Foil","Kurt Busch","Haas Automation | Stewart-Haas Racing | Chevrolet","Driver",48,299
"Racing",2017,"Donruss","Base Brand Donruss","Blue Foil","Martin Truex Jr.","Bass Pro Shops-TRACKER Boats | Furniture Row Racing | Toyota","Driver",49,299
"Racing",2017,"Donruss","Base Brand Donruss","Blue Foil","Jamie McMurray","Cessna | Chip Ganassi Racing | Chevrolet","Driver",50,299
"Racing",2017,"Donruss","Base Brand Donruss","Blue Foil","Kasey Kahne","Farmers Insurance | Hendrick Motorsports | Chevrolet","Driver",51,299
"Racing",2017,"Donruss","Base Brand Donruss","Blue Foil","Danica Patrick","Nature's Bakery | Stewart-Haas Racing | Chevrolet","Driver",52,299
"Racing",2017,"Donruss","Base Brand Donruss","Blue Foil","Casey Mears","GEICO | Germain Racing | Chevrolet","Driver",53,299
"Racing",2017,"Donruss","Base Brand Donruss","Blue Foil","Trevor Bayne","AdvoCare | Roush Fenway Racing | Ford","Driver",54,299
"Racing",2017,"Donruss","Base Brand Donruss","Blue Foil","Clint Bowyer","5-Hour Energy | HScott Motorsports | Chevrolet","Driver",55,299
"Racing",2017,"Donruss","Base Brand Donruss","Blue Foil","Paul Menard","Menards | Richard Childress Racing | Chevrolet","Driver",56,299
"Racing",2017,"Donruss","Base Brand Donruss","Blue Foil","Greg Biffle","Kleen Performance Products | Roush Fenway Racing | Ford","Driver",57,299
"Racing",2017,"Donruss","Base Brand Donruss","Blue Foil","Ricky Stenhouse Jr","Fastenal | Roush Fenway Racing | Ford","Driver",58,299
"Racing",2017,"Donruss","Base Brand Donruss","Blue Foil","AJ Allmendinger","Kroger | JTG Daugherty Racing | Chevrolet","Driver",59,299
"Racing",2017,"Donruss","Base Brand Donruss","Blue Foil","Ryan Newman","Caterpillar | Richard Childress Racing | Chevrolet","Driver",60,299
"Racing",2017,"Donruss","Base Brand Donruss","Blue Foil","Jeffrey Earnhardt","Can-Am | Go FAS Racing | Ford","Driver",61,299
"Racing",2017,"Donruss","Base Brand Donruss","Blue Foil","Chris Buescher","Dockside Logistics | Front Row Motorsports | Ford","Driver",62,299
"Racing",2017,"Donruss","Base Brand Donruss","Blue Foil","Ryan Blaney","Motorcraft | Wood Brothers Racing | Ford","Driver",63,299
"Racing",2017,"Donruss","Base Brand Donruss","Blue Foil","Landon Cassill","Front Row Motorsports | Ford","Driver",64,299
"Racing",2017,"Donruss","Base Brand Donruss","Blue Foil","Bobby Labonte","C&J Energy Services | Go FAS Racing | Ford","Driver",65,299
"Racing",2017,"Donruss","Base Brand Donruss","Blue Foil","Brian Scott","Albertsons | Richard Petty Motorsports | Ford","Driver",66,299
"Racing",2017,"Donruss","Base Brand Donruss","Blue Foil","Michael Annett","Pilot Flying J | HScott Motorsports | Chevrolet","Driver",67,299
"Racing",2017,"Donruss","Base Brand Donruss","Blue Foil","Matt DiBenedetto","Cosmo Motors | BK Racing | Toyota","Driver",68,299
"Racing",2017,"Donruss","Base Brand Donruss","Blue Foil","Alex Bowman","Nationwide | Hendrick Motorsports | Chevrolet","Driver",69,299
"Racing",2017,"Donruss","Base Brand Donruss","Blue Foil","Michael McDowell","Thrivent Financial | Circle Sport-Leavine Family Racing | Chevrolet","Driver",70,299
"Racing",2017,"Donruss","Base Brand Donruss","Blue Foil","Regan Smith","NIKKO RC / TOY STATE | Tommy Baldwin Racing | Chevrolet","Driver",71,299
"Racing",2017,"Donruss","Base Brand Donruss","Blue Foil","David Ragan","Dr Pepper | BK Racing | Toyota","Driver",72,299
"Racing",2017,"Donruss","Base Brand Donruss","Blue Foil","Elliott Sadler","OneMain Financial | JR Motorsports | Chevrolet","Driver",73,299
"Racing",2017,"Donruss","Base Brand Donruss","Blue Foil","Daniel Suarez","ARRIS | Joe Gibbs Racing | Toyota","Driver",74,299
"Racing",2017,"Donruss","Base Brand Donruss","Blue Foil","Justin Allgaier","TaxSlayer.com | JR Motorsports | Chevrolet","Driver",75,299
"Racing",2017,"Donruss","Base Brand Donruss","Blue Foil","Ross Chastain","Flex Seal | JD Motorsports | Chevrolet","Driver",76,299
"Racing",2017,"Donruss","Base Brand Donruss","Blue Foil","Erik Jones","Game Stop | Joe Gibbs Racing | Toyota","Driver",77,299
"Racing",2017,"Donruss","Base Brand Donruss","Blue Foil","Ryan Reed","Lilly Diabetes | Roush Fenway Racing | Ford","Driver",78,299
"Racing",2017,"Donruss","Base Brand Donruss","Blue Foil","Brendan Gaughan","South Point Hotel & Casino | Richard Childress Racing | Chevrolet","Driver",79,299
"Racing",2017,"Donruss","Base Brand Donruss","Blue Foil","Bubba Wallace","Ford EcoBoost | Roush Fenway Racing | Ford","Driver",80,299
"Racing",2017,"Donruss","Base Brand Donruss","Blue Foil","Ty Dillon","Bass Pro Shops-TRACKER Boats | Richard Childress Racing | Chevrolet","Driver",81,299
"Racing",2017,"Donruss","Base Brand Donruss","Blue Foil","William Byron","Liberty University | Kyle Busch Motorsports | Toyota","Driver",82,299
"Racing",2017,"Donruss","Base Brand Donruss","Blue Foil","Christopher Bell","JBL | Kyle Busch Motorsports | Toyota","Driver",83,299
"Racing",2017,"Donruss","Base Brand Donruss","Blue Foil","Matt Crafton","Chi Chi's/Menards | ThorSport Racing | Toyota","Driver",84,299
"Racing",2017,"Donruss","Base Brand Donruss","Blue Foil","Ben Kennedy","Jacob Companies | GMS Racing | Chevrolet","Driver",85,299
"Racing",2017,"Donruss","Base Brand Donruss","Blue Foil","Cameron Hayley","Cabinets by Hayley/Carolina Nut | ThorSport Racing | Toyota","Driver",86,299
"Racing",2017,"Donruss","Base Brand Donruss","Blue Foil","Johnny Sauter","GMS Racing | GMS Racing | Chevrolet","Driver",87,299
"Racing",2017,"Donruss","Base Brand Donruss","Blue Foil","Daniel Hemric","Draw-Tite | Brad Keselowski Racing | Ford","Driver",88,299
"Racing",2017,"Donruss","Base Brand Donruss","Blue Foil","John Hunter Nemechek","Fire Alarm Services | NEMCO Motorsports | Chevrolet","Driver",89,299
"Racing",2017,"Donruss","Base Brand Donruss","Blue Foil","Tyler Reddick","Cooper Standard | Brad Keselowski Racing | Ford","Driver",90,299
"Racing",2017,"Donruss","Base Brand Donruss","Blue Foil","Matt Kenseth","DeWalt | Joe Gibbs Racing | Toyota","Driver",124,299
"Racing",2017,"Donruss","Base Brand Donruss","Blue Foil","Chris Buescher","Dockside Logistics | Front Row Motorsports | Ford","Driver",135,299
"Racing",2017,"Donruss","Base Brand Donruss","Blue Foil","Tony Stewart","Mobil 1 | Stewart-Haas Racing | Chevrolet","Driver",136,299
"Racing",2017,"Donruss","Base Brand Donruss","Call to the Hall","Mark Martin","Pfizer | Roush Racing | Ford","Driver",1,
"Racing",2017,"Donruss","Base Brand Donruss","Call to the Hall","Richard Childress","Richard Childress Racing","Team Owner",2,
"Racing",2017,"Donruss","Base Brand Donruss","Call to the Hall","Rick Hendrick","Hendrick Motorsports","Team Owner",3,
"Racing",2017,"Donruss","Base Brand Donruss","Call to the Hall","Terry Labonte","Kellogg's Corn Flakes | Hendrick Motorsports | Chevrolet","Driver",4,
"Racing",2017,"Donruss","Base Brand Donruss","Call to the Hall","Bruton Smith","No Team","Track Owner",5,
"Racing",2017,"Donruss","Base Brand Donruss","Call to the Hall","Bill Elliott","Coors | Harry Melling | Ford","Driver",6,
"Racing",2017,"Donruss","Base Brand Donruss","Call to the Hall","Fred Lorenzen","LaFayette | Holman-Moody | Ford","Car",7,
"Racing",2017,"Donruss","Base Brand Donruss","Call to the Hall","Jack Ingram","Jack Ingram | Pontiac","Driver",8,
"Racing",2017,"Donruss","Base Brand Donruss","Call to the Hall","Rusty Wallace","Miller Lite | Team Penske | Ford","Driver",9,
"Racing",2017,"Donruss","Base Brand Donruss","Call to the Hall","Junior Johnson","Holly Farms | Junior Johnson | Ford","Driver",10,
"Racing",2017,"Donruss","Base Brand Donruss","Call to the Hall","Richard Petty","STP | Petty Enterprises | Plymouth","Driver",11,
"Racing",2017,"Donruss","Base Brand Donruss","Call to the Hall","David Pearson ","Purolator | Wood Brothers Racing | Mercury","Driver",12,
"Racing",2017,"Donruss","Base Brand Donruss","Call to the Hall Cracked Ice","Mark Martin","Pfizer | Roush Racing | Ford","Driver",1,999
"Racing",2017,"Donruss","Base Brand Donruss","Call to the Hall Cracked Ice","Richard Childress","Richard Childress Racing","Team Owner",2,999
"Racing",2017,"Donruss","Base Brand Donruss","Call to the Hall Cracked Ice","Rick Hendrick","Hendrick Motorsports","Team Owner",3,999
"Racing",2017,"Donruss","Base Brand Donruss","Call to the Hall Cracked Ice","Terry Labonte","Kellogg's Corn Flakes | Hendrick Motorsports | Chevrolet","Driver",4,999
"Racing",2017,"Donruss","Base Brand Donruss","Call to the Hall Cracked Ice","Bruton Smith","No Team","Track Owner",5,999
"Racing",2017,"Donruss","Base Brand Donruss","Call to the Hall Cracked Ice","Bill Elliott","Coors | Harry Melling | Ford","Driver",6,999
"Racing",2017,"Donruss","Base Brand Donruss","Call to the Hall Cracked Ice","Fred Lorenzen","LaFayette | Holman-Moody | Ford","Car",7,999
"Racing",2017,"Donruss","Base Brand Donruss","Call to the Hall Cracked Ice","Jack Ingram","Jack Ingram | Pontiac","Driver",8,999
"Racing",2017,"Donruss","Base Brand Donruss","Call to the Hall Cracked Ice","Rusty Wallace","Miller Lite | Team Penske | Ford","Driver",9,999
"Racing",2017,"Donruss","Base Brand Donruss","Call to the Hall Cracked Ice","Junior Johnson","Holly Farms | Junior Johnson | Ford","Driver",10,999
"Racing",2017,"Donruss","Base Brand Donruss","Call to the Hall Cracked Ice","Richard Petty","STP | Petty Enterprises | Plymouth","Driver",11,999
"Racing",2017,"Donruss","Base Brand Donruss","Call to the Hall Cracked Ice","David Pearson ","Purolator | Wood Brothers Racing | Mercury","Driver",12,999
"Racing",2017,"Donruss","Base Brand Donruss","Classics","Dale Earnhardt Jr","Mountain Dew | Hendrick Motorsports | Chevrolet","Driver",1,
"Racing",2017,"Donruss","Base Brand Donruss","Classics","Jimmie Johnson","Lowe's | Hendrick Motorsports | Chevrolet","Driver",2,
"Racing",2017,"Donruss","Base Brand Donruss","Classics","Matt Kenseth","DeWalt | Joe Gibbs Racing | Toyota","Driver",3,
"Racing",2017,"Donruss","Base Brand Donruss","Classics","Mark Martin","Valvoline | Roush Racing | Ford","Driver",4,
"Racing",2017,"Donruss","Base Brand Donruss","Classics","Richard Petty","STP | Petty Enterprises | Plymouth","Driver",5,
"Racing",2017,"Donruss","Base Brand Donruss","Classics","Rusty Wallace","Miller Lite | Team Penske | Ford","Driver",6,
"Racing",2017,"Donruss","Base Brand Donruss","Classics","Bill Elliott","Coors | Harry Melling | Ford","Driver",7,
"Racing",2017,"Donruss","Base Brand Donruss","Classics","Brad Keselowski","Miller Lite | Team Penske | Ford","Driver",8,
"Racing",2017,"Donruss","Base Brand Donruss","Classics","Kevin Harvick","Jimmy John's | Stewart-Haas Racing | Chevrolet","Driver",9,
"Racing",2017,"Donruss","Base Brand Donruss","Classics","Bobby Labonte","C&J Energy Services | Go FAS Racing | Ford","Driver",10,
"Racing",2017,"Donruss","Base Brand Donruss","Classics","Terry Labonte","Kellogg's Corn Flakes | Hendrick Motorsports | Chevrolet","Driver",11,
"Racing",2017,"Donruss","Base Brand Donruss","Classics","Darrell Waltrip","Mountain Dew | Junior Johnson | Buick","Driver",12,
"Racing",2017,"Donruss","Base Brand Donruss","Classics","Michael Waltrip","NAPA Auto Parts | Dale Earnhardt, Inc. | Chevrolet","Driver",13,
"Racing",2017,"Donruss","Base Brand Donruss","Classics","Kyle Petty","Hot Wheels | Kyle Petty | Pontiac","Driver",14,
"Racing",2017,"Donruss","Base Brand Donruss","Classics","Tony Stewart","Mobil 1 | Stewart-Haas Racing | Chevrolet","Driver",15,
"Racing",2017,"Donruss","Base Brand Donruss","Classics","Danica Patrick","Nature's Bakery | Stewart-Haas Racing | Ford","Driver",16,
"Racing",2017,"Donruss","Base Brand Donruss","Classics Cracked Ice","Dale Earnhardt Jr","Mountain Dew | Hendrick Motorsports | Chevrolet","Driver",1,999
"Racing",2017,"Donruss","Base Brand Donruss","Classics Cracked Ice","Jimmie Johnson","Lowe's | Hendrick Motorsports | Chevrolet","Driver",2,999
"Racing",2017,"Donruss","Base Brand Donruss","Classics Cracked Ice","Matt Kenseth","DeWalt | Joe Gibbs Racing | Toyota","Driver",3,999
"Racing",2017,"Donruss","Base Brand Donruss","Classics Cracked Ice","Mark Martin","Valvoline | Roush Racing | Ford","Driver",4,999
"Racing",2017,"Donruss","Base Brand Donruss","Classics Cracked Ice","Richard Petty","STP | Petty Enterprises | Plymouth","Driver",5,999
"Racing",2017,"Donruss","Base Brand Donruss","Classics Cracked Ice","Rusty Wallace","Miller Lite | Team Penske | Ford","Driver",6,999
"Racing",2017,"Donruss","Base Brand Donruss","Classics Cracked Ice","Bill Elliott","Coors | Harry Melling | Ford","Driver",7,999
"Racing",2017,"Donruss","Base Brand Donruss","Classics Cracked Ice","Brad Keselowski","Miller Lite | Team Penske | Ford","Driver",8,999
"Racing",2017,"Donruss","Base Brand Donruss","Classics Cracked Ice","Kevin Harvick","Jimmy John's | Stewart-Haas Racing | Chevrolet","Driver",9,999
"Racing",2017,"Donruss","Base Brand Donruss","Classics Cracked Ice","Bobby Labonte","C&J Energy Services | Go FAS Racing | Ford","Driver",10,999
"Racing",2017,"Donruss","Base Brand Donruss","Classics Cracked Ice","Terry Labonte","Kellogg's Corn Flakes | Hendrick Motorsports | Chevrolet","Driver",11,999
"Racing",2017,"Donruss","Base Brand Donruss","Classics Cracked Ice","Darrell Waltrip","Mountain Dew | Junior Johnson | Buick","Driver",12,999
"Racing",2017,"Donruss","Base Brand Donruss","Classics Cracked Ice","Michael Waltrip","NAPA Auto Parts | Dale Earnhardt, Inc. | Chevrolet","Driver",13,999
"Racing",2017,"Donruss","Base Brand Donruss","Classics Cracked Ice","Kyle Petty","Hot Wheels | Kyle Petty | Pontiac","Driver",14,999
"Racing",2017,"Donruss","Base Brand Donruss","Classics Cracked Ice","Tony Stewart","Mobil 1 | Stewart-Haas Racing | Chevrolet","Driver",15,999
"Racing",2017,"Donruss","Base Brand Donruss","Classics Cracked Ice","Danica Patrick","Nature's Bakery | Stewart-Haas Racing | Ford","Driver",16,999
"Racing",2017,"Donruss","Base Brand Donruss","Cut to The Chase","Martin Truex Jr.","Bass Pro Shops-TRACKER Boats | Furniture Row Racing | Toyota","Driver",1,
"Racing",2017,"Donruss","Base Brand Donruss","Cut to The Chase","Kevin Harvick","Jimmy John's | Stewart-Haas Racing | Chevrolet","Driver",2,
"Racing",2017,"Donruss","Base Brand Donruss","Cut to The Chase","Martin Truex Jr.","Bass Pro Shops-TRACKER Boats | Furniture Row Racing | Toyota","Driver",3,
"Racing",2017,"Donruss","Base Brand Donruss","Cut to The Chase","Jimmie Johnson","Lowe's | Hendrick Motorsports | Chevrolet","Driver",4,
"Racing",2017,"Donruss","Base Brand Donruss","Cut to The Chase","Kevin Harvick","Jimmy John's | Stewart-Haas Racing | Chevrolet","Driver",5,
"Racing",2017,"Donruss","Base Brand Donruss","Cut to The Chase","Joey Logano","Shell-Pennzoil | Team Penske | Ford","Driver",6,
"Racing",2017,"Donruss","Base Brand Donruss","Cut to The Chase","Jimmie Johnson","Lowe's | Hendrick Motorsports | Chevrolet","Driver",7,
"Racing",2017,"Donruss","Base Brand Donruss","Cut to The Chase","Carl Edwards","ARRIS | Joe Gibbs Racing | Toyota","Driver",8,
"Racing",2017,"Donruss","Base Brand Donruss","Cut to The Chase","Joey Logano","Shell-Pennzoil | Team Penske | Ford","Driver",9,
"Racing",2017,"Donruss","Base Brand Donruss","Cut to The Chase","Jimmie Johnson","Lowe's | Hendrick Motorsports | Chevrolet","Driver",10,
"Racing",2017,"Donruss","Base Brand Donruss","Cut to The Chase Cracked Ice","Martin Truex Jr.","Bass Pro Shops-TRACKER Boats | Furniture Row Racing | Toyota","Driver",1,999
"Racing",2017,"Donruss","Base Brand Donruss","Cut to The Chase Cracked Ice","Kevin Harvick","Jimmy John's | Stewart-Haas Racing | Chevrolet","Driver",2,999
"Racing",2017,"Donruss","Base Brand Donruss","Cut to The Chase Cracked Ice","Martin Truex Jr.","Bass Pro Shops-TRACKER Boats | Furniture Row Racing | Toyota","Driver",3,999
"Racing",2017,"Donruss","Base Brand Donruss","Cut to The Chase Cracked Ice","Jimmie Johnson","Lowe's | Hendrick Motorsports | Chevrolet","Driver",4,999
"Racing",2017,"Donruss","Base Brand Donruss","Cut to The Chase Cracked Ice","Kevin Harvick","Jimmy John's | Stewart-Haas Racing | Chevrolet","Driver",5,999
"Racing",2017,"Donruss","Base Brand Donruss","Cut to The Chase Cracked Ice","Joey Logano","Shell-Pennzoil | Team Penske | Ford","Driver",6,999
"Racing",2017,"Donruss","Base Brand Donruss","Cut to The Chase Cracked Ice","Jimmie Johnson","Lowe's | Hendrick Motorsports | Chevrolet","Driver",7,999
"Racing",2017,"Donruss","Base Brand Donruss","Cut to The Chase Cracked Ice","Carl Edwards","ARRIS | Joe Gibbs Racing | Toyota","Driver",8,999
"Racing",2017,"Donruss","Base Brand Donruss","Cut to The Chase Cracked Ice","Joey Logano","Shell-Pennzoil | Team Penske | Ford","Driver",9,999
"Racing",2017,"Donruss","Base Brand Donruss","Cut to The Chase Cracked Ice","Jimmie Johnson","Lowe's | Hendrick Motorsports | Chevrolet","Driver",10,999
"Racing",2017,"Donruss","Base Brand Donruss","Dual Rubber Relics","Brad Keselowski","Miller Lite | Team Penske | Ford","Driver",1,
"Racing",2017,"Donruss","Base Brand Donruss","Dual Rubber Relics","Carl Edwards","ARRIS | Joe Gibbs Racing | Toyota","Driver",2,
"Racing",2017,"Donruss","Base Brand Donruss","Dual Rubber Relics","Chase Elliott","NAPA Auto Parts | Hendrick Motorsports | Chevrolet","Driver",3,
"Racing",2017,"Donruss","Base Brand Donruss","Dual Rubber Relics","Dale Earnhardt Jr","Nationwide | Hendrick Motorsports | Chevrolet","Driver",4,
"Racing",2017,"Donruss","Base Brand Donruss","Dual Rubber Relics","Danica Patrick","Nature's Bakery | Stewart-Haas Racing | Chevrolet","Driver",5,
"Racing",2017,"Donruss","Base Brand Donruss","Dual Rubber Relics","Denny Hamlin","FedEx Express | Joe Gibbs Racing | Toyota","Driver",6,
"Racing",2017,"Donruss","Base Brand Donruss","Dual Rubber Relics","Jimmie Johnson","Lowe's | Hendrick Motorsports | Chevrolet","Driver",7,
"Racing",2017,"Donruss","Base Brand Donruss","Dual Rubber Relics","Joey Logano","Shell-Pennzoil | Team Penske | Ford","Driver",8,
"Racing",2017,"Donruss","Base Brand Donruss","Dual Rubber Relics","Kasey Kahne","Farmers Insurance | Hendrick Motorsports | Chevrolet","Driver",9,
"Racing",2017,"Donruss","Base Brand Donruss","Dual Rubber Relics","Kevin Harvick","Jimmy John's | Stewart-Haas Racing | Chevrolet","Driver",10,
"Racing",2017,"Donruss","Base Brand Donruss","Dual Rubber Relics","Kurt Busch","Haas Automation | Stewart-Haas Racing | Chevrolet","Driver",11,
"Racing",2017,"Donruss","Base Brand Donruss","Dual Rubber Relics","Kyle Busch","M&M's | Joe Gibbs Racing | Toyota","Driver",12,
"Racing",2017,"Donruss","Base Brand Donruss","Dual Rubber Relics","Matt Kenseth","DeWalt | Joe Gibbs Racing | Toyota","Driver",13,
"Racing",2017,"Donruss","Base Brand Donruss","Dual Rubber Relics","Ryan Newman","Caterpillar | Richard Childress Racing | Chevrolet","Driver",14,
"Racing",2017,"Donruss","Base Brand Donruss","Dual Rubber Relics Holo Black","Brad Keselowski","Miller Lite | Team Penske | Ford","Driver",1,10
"Racing",2017,"Donruss","Base Brand Donruss","Dual Rubber Relics Holo Black","Carl Edwards","ARRIS | Joe Gibbs Racing | Toyota","Driver",2,1
"Racing",2017,"Donruss","Base Brand Donruss","Dual Rubber Relics Holo Black","Chase Elliott","NAPA Auto Parts | Hendrick Motorsports | Chevrolet","Driver",3,1
"Racing",2017,"Donruss","Base Brand Donruss","Dual Rubber Relics Holo Black","Dale Earnhardt Jr","Nationwide | Hendrick Motorsports | Chevrolet","Driver",4,1
"Racing",2017,"Donruss","Base Brand Donruss","Dual Rubber Relics Holo Black","Danica Patrick","Nature's Bakery | Stewart-Haas Racing | Chevrolet","Driver",5,1
"Racing",2017,"Donruss","Base Brand Donruss","Dual Rubber Relics Holo Black","Denny Hamlin","FedEx Express | Joe Gibbs Racing | Toyota","Driver",6,1
"Racing",2017,"Donruss","Base Brand Donruss","Dual Rubber Relics Holo Black","Jimmie Johnson","Lowe's | Hendrick Motorsports | Chevrolet","Driver",7,1
"Racing",2017,"Donruss","Base Brand Donruss","Dual Rubber Relics Holo Black","Joey Logano","Shell-Pennzoil | Team Penske | Ford","Driver",8,1
"Racing",2017,"Donruss","Base Brand Donruss","Dual Rubber Relics Holo Black","Kasey Kahne","Farmers Insurance | Hendrick Motorsports | Chevrolet","Driver",9,1
"Racing",2017,"Donruss","Base Brand Donruss","Dual Rubber Relics Holo Black","Kevin Harvick","Jimmy John's | Stewart-Haas Racing | Chevrolet","Driver",10,1
"Racing",2017,"Donruss","Base Brand Donruss","Dual Rubber Relics Holo Black","Kurt Busch","Haas Automation | Stewart-Haas Racing | Chevrolet","Driver",11,1
"Racing",2017,"Donruss","Base Brand Donruss","Dual Rubber Relics Holo Black","Kyle Busch","M&M's | Joe Gibbs Racing | Toyota","Driver",12,1
"Racing",2017,"Donruss","Base Brand Donruss","Dual Rubber Relics Holo Black","Matt Kenseth","DeWalt | Joe Gibbs Racing | Toyota","Driver",13,1
"Racing",2017,"Donruss","Base Brand Donruss","Dual Rubber Relics Holo Black","Ryan Newman","Caterpillar | Richard Childress Racing | Chevrolet","Driver",14,10
"Racing",2017,"Donruss","Base Brand Donruss","Dual Rubber Relics Holo Black","Trevor Bayne","AdvoCare | Roush Fenway Racing | Ford","Driver",15,1
"Racing",2017,"Donruss","Base Brand Donruss","Dual Rubber Relics Holo Gold","Brad Keselowski","Miller Lite | Team Penske | Ford","Driver",1,25
"Racing",2017,"Donruss","Base Brand Donruss","Dual Rubber Relics Holo Gold","Carl Edwards","ARRIS | Joe Gibbs Racing | Toyota","Driver",2,25
"Racing",2017,"Donruss","Base Brand Donruss","Dual Rubber Relics Holo Gold","Chase Elliott","NAPA Auto Parts | Hendrick Motorsports | Chevrolet","Driver",3,25
"Racing",2017,"Donruss","Base Brand Donruss","Dual Rubber Relics Holo Gold","Dale Earnhardt Jr","Nationwide | Hendrick Motorsports | Chevrolet","Driver",4,25
"Racing",2017,"Donruss","Base Brand Donruss","Dual Rubber Relics Holo Gold","Danica Patrick","Nature's Bakery | Stewart-Haas Racing | Chevrolet","Driver",5,25
"Racing",2017,"Donruss","Base Brand Donruss","Dual Rubber Relics Holo Gold","Denny Hamlin","FedEx Express | Joe Gibbs Racing | Toyota","Driver",6,25
"Racing",2017,"Donruss","Base Brand Donruss","Dual Rubber Relics Holo Gold","Jimmie Johnson","Lowe's | Hendrick Motorsports | Chevrolet","Driver",7,25
"Racing",2017,"Donruss","Base Brand Donruss","Dual Rubber Relics Holo Gold","Joey Logano","Shell-Pennzoil | Team Penske | Ford","Driver",8,25
"Racing",2017,"Donruss","Base Brand Donruss","Dual Rubber Relics Holo Gold","Kasey Kahne","Farmers Insurance | Hendrick Motorsports | Chevrolet","Driver",9,25
"Racing",2017,"Donruss","Base Brand Donruss","Dual Rubber Relics Holo Gold","Kevin Harvick","Jimmy John's | Stewart-Haas Racing | Chevrolet","Driver",10,25
"Racing",2017,"Donruss","Base Brand Donruss","Dual Rubber Relics Holo Gold","Kurt Busch","Haas Automation | Stewart-Haas Racing | Chevrolet","Driver",11,25
"Racing",2017,"Donruss","Base Brand Donruss","Dual Rubber Relics Holo Gold","Kyle Busch","M&M's | Joe Gibbs Racing | Toyota","Driver",12,25
"Racing",2017,"Donruss","Base Brand Donruss","Dual Rubber Relics Holo Gold","Matt Kenseth","DeWalt | Joe Gibbs Racing | Toyota","Driver",13,25
"Racing",2017,"Donruss","Base Brand Donruss","Dual Rubber Relics Holo Gold","Ryan Newman","Caterpillar | Richard Childress Racing | Chevrolet","Driver",14,25
"Racing",2017,"Donruss","Base Brand Donruss","Duals","Dale Earnhardt Jr/Dale Earnhardt Jr","Mountain Dew | Hendrick Motorsports | Chevrolet/Nationwide | Hendrick Motorsports | Chevrolet","Driver/Driver",100,
"Racing",2017,"Donruss","Base Brand Donruss","Duals","Kevin Harvick/Kevin Harvick","Outback Steakhouse | Stewart-Haas Racing | Chevrolet/Jimmy John's | Stewart-Haas Racing | Chevrolet","Driver/Driver",101,
"Racing",2017,"Donruss","Base Brand Donruss","Duals","Jimmie Johnson/Jimmie Johnson","Kobalt Tools | Hendrick Motorsports | Chevrolet/Lowe's | Hendrick Motorsports | Chevrolet","Driver/Driver",102,
"Racing",2017,"Donruss","Base Brand Donruss","Duals","Kyle Busch/Kyle Busch","M&M's | Joe Gibbs Racing | Toyota/Skittles Captain America | Joe Gibbs Racing | Toyota","Driver/Driver",103,
"Racing",2017,"Donruss","Base Brand Donruss","Duals","Brad Keselowski","Miller Lite | Team Penske | Ford","Driver",104,
"Racing",2017,"Donruss","Base Brand Donruss","Duals","Kasey Kahne/Kasey Kahne","Great Clips | Hendrick Motorsports | Chevrolet/Farmers Insurance | Hendrick Motorsports | Chevrolet","Driver/Driver",105,
"Racing",2017,"Donruss","Base Brand Donruss","Duals","Martin Truex Jr./Martin Truex Jr.","Furniture Row-Denver Mattress | Furniture Row Racing | Toyota/Bass Pro Shops-TRACKER Boats | Furniture Row Racing | Toyota","Driver/Driver",106,
"Racing",2017,"Donruss","Base Brand Donruss","Duals","AJ Allmendinger","Kroger | JTG Daugherty Racing | Chevrolet","Driver",107,
"Racing",2017,"Donruss","Base Brand Donruss","Duals","Trevor Bayne","AdvoCare | Roush Fenway Racing | Ford","Driver",108,
"Racing",2017,"Donruss","Base Brand Donruss","Duals","Regan Smith","NIKKO RC / TOY STATE | Tommy Baldwin Racing | Chevrolet","Driver",109,
"Racing",2017,"Donruss","Base Brand Donruss","Duals","Danica Patrick/Danica Patrick","Aspen Dental | Stewart-Haas Racing | Chevrolet/Nature's Bakery | Stewart-Haas Racing | Chevrolet","Driver/Driver",110,
"Racing",2017,"Donruss","Base Brand Donruss","Duals","Kyle Larson","Target | Chip Ganassi Racing | Chevrolet","Driver",111,
"Racing",2017,"Donruss","Base Brand Donruss","Duals","Denny Hamlin/Denny Hamlin","FedEx Express | Joe Gibbs Racing | Toyota/FedEx Office | Joe Gibbs Racing | Toyota","Driver/Driver",112,
"Racing",2017,"Donruss","Base Brand Donruss","Duals","Clint Bowyer/Clint Bowyer","5-Hour Energy | HScott Motorsports | Chevrolet/Peak Antifreeze | HScott Motorsports | Chevrolet","Driver/Driver",113,
"Racing",2017,"Donruss","Base Brand Donruss","Duals","Ryan Newman","Caterpillar | Richard Childress Racing | Chevrolet","Driver",114,
"Racing",2017,"Donruss","Base Brand Donruss","Duals","Paul Menard/Paul Menard","Menards | Richard Childress Racing | Chevrolet/Valvoline | Richard Childress Racing | Chevrolet","Driver/Driver",115,
"Racing",2017,"Donruss","Base Brand Donruss","Duals","Joey Logano/Joey Logano","Shell-Pennzoil | Team Penske | Ford/Autotrader.com | Team Penske | Ford","Driver/Driver",116,
"Racing",2017,"Donruss","Base Brand Donruss","Duals","Matt Kenseth/Matt Kenseth","DeWalt | Joe Gibbs Racing | Toyota/Dollar General | Joe Gibbs Racing | Toyota","Driver/Driver",117,
"Racing",2017,"Donruss","Base Brand Donruss","Duals","Chase Elliott/Chase Elliott","3M | Hendrick Motorsports | Chevrolet/NAPA Auto Parts | Hendrick Motorsports | Chevrolet","Driver/Driver",118,
"Racing",2017,"Donruss","Base Brand Donruss","Duals","Greg Biffle/Greg Biffle","Cheez-It | Roush Fenway Racing | Ford/Kleen Performance Products | Roush Fenway Racing | Ford","Driver/Driver",119,
"Racing",2017,"Donruss","Base Brand Donruss","Duals","Ryan Blaney","Motorcraft | Wood Brothers Racing | Ford","Driver",120,
"Racing",2017,"Donruss","Base Brand Donruss","Duals Artist Proof","Dale Earnhardt Jr/Dale Earnhardt Jr","Nationwide | Hendrick Motorsports | Chevrolet/Mountain Dew | Hendrick Motorsports | Chevrolet","Driver/Driver",100,25
"Racing",2017,"Donruss","Base Brand Donruss","Duals Artist Proof","Kevin Harvick/Kevin Harvick","Jimmy John's | Stewart-Haas Racing | Chevrolet/Outback Steakhouse | Stewart-Haas Racing | Chevrolet","Driver/Driver",101,25
"Racing",2017,"Donruss","Base Brand Donruss","Duals Artist Proof","Jimmie Johnson/Jimmie Johnson","Kobalt Tools | Hendrick Motorsports | Chevrolet/Lowe's | Hendrick Motorsports | Chevrolet","Driver/Driver",102,25
"Racing",2017,"Donruss","Base Brand Donruss","Duals Artist Proof","Kyle Busch/Kyle Busch","Skittles Captain America | Joe Gibbs Racing | Toyota/M&M's | Joe Gibbs Racing | Toyota","Driver/Driver",103,25
"Racing",2017,"Donruss","Base Brand Donruss","Duals Artist Proof","Brad Keselowski","Miller Lite | Team Penske | Ford","Driver",104,25
"Racing",2017,"Donruss","Base Brand Donruss","Duals Artist Proof","Kasey Kahne/Kasey Kahne","Farmers Insurance | Hendrick Motorsports | Chevrolet/Great Clips | Hendrick Motorsports | Chevrolet","Driver/Driver",105,25
"Racing",2017,"Donruss","Base Brand Donruss","Duals Artist Proof","Martin Truex Jr./Martin Truex Jr.","Furniture Row-Denver Mattress | Furniture Row Racing | Toyota/Bass Pro Shops-TRACKER Boats | Furniture Row Racing | Toyota","Driver/Driver",106,25
"Racing",2017,"Donruss","Base Brand Donruss","Duals Artist Proof","AJ Allmendinger","Kroger | JTG Daugherty Racing | Chevrolet","Driver",107,25
"Racing",2017,"Donruss","Base Brand Donruss","Duals Artist Proof","Trevor Bayne","AdvoCare | Roush Fenway Racing | Ford","Driver",108,25
"Racing",2017,"Donruss","Base Brand Donruss","Duals Artist Proof","Regan Smith","NIKKO RC / TOY STATE | Tommy Baldwin Racing | Chevrolet","Driver",109,25
"Racing",2017,"Donruss","Base Brand Donruss","Duals Artist Proof","Danica Patrick/Danica Patrick","Nature's Bakery | Stewart-Haas Racing | Chevrolet/Aspen Dental | Stewart-Haas Racing | Chevrolet","Driver/Driver",110,25
"Racing",2017,"Donruss","Base Brand Donruss","Duals Artist Proof","Kyle Larson","Target | Chip Ganassi Racing | Chevrolet","Driver",111,25
"Racing",2017,"Donruss","Base Brand Donruss","Duals Artist Proof","Denny Hamlin/Denny Hamlin","FedEx Express | Joe Gibbs Racing | Toyota/FedEx Office | Joe Gibbs Racing | Toyota","Driver/Driver",112,25
"Racing",2017,"Donruss","Base Brand Donruss","Duals Artist Proof","Clint Bowyer/Clint Bowyer","5-Hour Energy | HScott Motorsports | Chevrolet/Peak Antifreeze | HScott Motorsports | Chevrolet","Driver/Driver",113,25
"Racing",2017,"Donruss","Base Brand Donruss","Duals Artist Proof","Ryan Newman","Caterpillar | Richard Childress Racing | Chevrolet","Driver",114,25
"Racing",2017,"Donruss","Base Brand Donruss","Duals Artist Proof","Paul Menard/Paul Menard","Valvoline | Richard Childress Racing | Chevrolet/Menards | Richard Childress Racing | Chevrolet","Driver/Driver",115,25
"Racing",2017,"Donruss","Base Brand Donruss","Duals Artist Proof","Joey Logano/Joey Logano","Autotrader.com | Team Penske | Ford/Shell-Pennzoil | Team Penske | Ford","Driver/Driver",116,25
"Racing",2017,"Donruss","Base Brand Donruss","Duals Artist Proof","Matt Kenseth/Matt Kenseth","Dollar General | Joe Gibbs Racing | Toyota/DeWalt | Joe Gibbs Racing | Toyota","Driver/Driver",117,25
"Racing",2017,"Donruss","Base Brand Donruss","Duals Artist Proof","Chase Elliott/Chase Elliott","NAPA Auto Parts | Hendrick Motorsports | Chevrolet/3M | Hendrick Motorsports | Chevrolet","Driver/Driver",118,25
"Racing",2017,"Donruss","Base Brand Donruss","Duals Artist Proof","Greg Biffle/Greg Biffle","Kleen Performance Products | Roush Fenway Racing | Ford/Cheez-It | Roush Fenway Racing | Ford","Driver/Driver",119,25
"Racing",2017,"Donruss","Base Brand Donruss","Duals Artist Proof","Ryan Blaney","Motorcraft | Wood Brothers Racing | Ford","Driver",120,25
"Racing",2017,"Donruss","Base Brand Donruss","Duals Blue Foil","Dale Earnhardt Jr/Dale Earnhardt Jr","Nationwide | Hendrick Motorsports | Chevrolet/Mountain Dew | Hendrick Motorsports | Chevrolet","Driver/Driver",100,299
"Racing",2017,"Donruss","Base Brand Donruss","Duals Blue Foil","Kevin Harvick/Kevin Harvick","Jimmy John's | Stewart-Haas Racing | Chevrolet/Outback Steakhouse | Stewart-Haas Racing | Chevrolet","Driver/Driver",101,299
"Racing",2017,"Donruss","Base Brand Donruss","Duals Blue Foil","Jimmie Johnson/Jimmie Johnson","Kobalt Tools | Hendrick Motorsports | Chevrolet/Lowe's | Hendrick Motorsports | Chevrolet","Driver/Driver",102,299
"Racing",2017,"Donruss","Base Brand Donruss","Duals Blue Foil","Kyle Busch/Kyle Busch","Skittles Captain America | Joe Gibbs Racing | Toyota/M&M's | Joe Gibbs Racing | Toyota","Driver/Driver",103,299
"Racing",2017,"Donruss","Base Brand Donruss","Duals Blue Foil","Brad Keselowski","Miller Lite | Team Penske | Ford","Driver",104,299
"Racing",2017,"Donruss","Base Brand Donruss","Duals Blue Foil","Kasey Kahne/Kasey Kahne","Farmers Insurance | Hendrick Motorsports | Chevrolet/Great Clips | Hendrick Motorsports | Chevrolet","Driver/Driver",105,299
"Racing",2017,"Donruss","Base Brand Donruss","Duals Blue Foil","Martin Truex Jr./Martin Truex Jr.","Bass Pro Shops-TRACKER Boats | Furniture Row Racing | Toyota/Furniture Row-Denver Mattress | Furniture Row Racing | Toyota","Driver/Driver",106,299
"Racing",2017,"Donruss","Base Brand Donruss","Duals Blue Foil","AJ Allmendinger","Kroger | JTG Daugherty Racing | Chevrolet","Driver",107,299
"Racing",2017,"Donruss","Base Brand Donruss","Duals Blue Foil","Trevor Bayne","AdvoCare | Roush Fenway Racing | Ford","Driver",108,299
"Racing",2017,"Donruss","Base Brand Donruss","Duals Blue Foil","Regan Smith","NIKKO RC / TOY STATE | Tommy Baldwin Racing | Chevrolet","Driver",109,299
"Racing",2017,"Donruss","Base Brand Donruss","Duals Blue Foil","Danica Patrick/Danica Patrick","Nature's Bakery | Stewart-Haas Racing | Chevrolet/Aspen Dental | Stewart-Haas Racing | Chevrolet","Driver/Driver",110,299
"Racing",2017,"Donruss","Base Brand Donruss","Duals Blue Foil","Kyle Larson","Target | Chip Ganassi Racing | Chevrolet","Driver",111,299
"Racing",2017,"Donruss","Base Brand Donruss","Duals Blue Foil","Denny Hamlin/Denny Hamlin","FedEx Office | Joe Gibbs Racing | Toyota/FedEx Express | Joe Gibbs Racing | Toyota","Driver/Driver",112,299
"Racing",2017,"Donruss","Base Brand Donruss","Duals Blue Foil","Clint Bowyer/Clint Bowyer","5-Hour Energy | HScott Motorsports | Chevrolet/Peak Antifreeze | HScott Motorsports | Chevrolet","Driver/Driver",113,299
"Racing",2017,"Donruss","Base Brand Donruss","Duals Blue Foil","Ryan Newman","Caterpillar | Richard Childress Racing | Chevrolet","Driver",114,299
"Racing",2017,"Donruss","Base Brand Donruss","Duals Blue Foil","Paul Menard/Paul Menard","Valvoline | Richard Childress Racing | Chevrolet/Menards | Richard Childress Racing | Chevrolet","Driver/Driver",115,299
"Racing",2017,"Donruss","Base Brand Donruss","Duals Blue Foil","Joey Logano/Joey Logano","Autotrader.com | Team Penske | Ford/Shell-Pennzoil | Team Penske | Ford","Driver/Driver",116,299
"Racing",2017,"Donruss","Base Brand Donruss","Duals Blue Foil","Matt Kenseth/Matt Kenseth","Dollar General | Joe Gibbs Racing | Toyota/DeWalt | Joe Gibbs Racing | Toyota","Driver/Driver",117,299
"Racing",2017,"Donruss","Base Brand Donruss","Duals Blue Foil","Chase Elliott/Chase Elliott","NAPA Auto Parts | Hendrick Motorsports | Chevrolet/3M | Hendrick Motorsports | Chevrolet","Driver/Driver",118,299
"Racing",2017,"Donruss","Base Brand Donruss","Duals Blue Foil","Greg Biffle/Greg Biffle","Kleen Performance Products | Roush Fenway Racing | Ford/Cheez-It | Roush Fenway Racing | Ford","Driver/Driver",119,299
"Racing",2017,"Donruss","Base Brand Donruss","Duals Blue Foil","Ryan Blaney","Motorcraft | Wood Brothers Racing | Ford","Driver",120,299
"Racing",2017,"Donruss","Base Brand Donruss","Duals Gold Foil","Dale Earnhardt Jr/Dale Earnhardt Jr","Mountain Dew | Hendrick Motorsports | Chevrolet/Nationwide | Hendrick Motorsports | Chevrolet","Driver/Driver",100,499
"Racing",2017,"Donruss","Base Brand Donruss","Duals Gold Foil","Kevin Harvick/Kevin Harvick","Jimmy John's | Stewart-Haas Racing | Chevrolet/Outback Steakhouse | Stewart-Haas Racing | Chevrolet","Driver/Driver",101,499
"Racing",2017,"Donruss","Base Brand Donruss","Duals Gold Foil","Jimmie Johnson/Jimmie Johnson","Lowe's | Hendrick Motorsports | Chevrolet/Kobalt Tools | Hendrick Motorsports | Chevrolet","Driver/Driver",102,499
"Racing",2017,"Donruss","Base Brand Donruss","Duals Gold Foil","Kyle Busch/Kyle Busch","M&M's | Joe Gibbs Racing | Toyota/Skittles Captain America | Joe Gibbs Racing | Toyota","Driver/Driver",103,499
"Racing",2017,"Donruss","Base Brand Donruss","Duals Gold Foil","Brad Keselowski","Miller Lite | Team Penske | Ford","Driver",104,499
"Racing",2017,"Donruss","Base Brand Donruss","Duals Gold Foil","Kasey Kahne/Kasey Kahne","Great Clips | Hendrick Motorsports | Chevrolet/Farmers Insurance | Hendrick Motorsports | Chevrolet","Driver/Driver",105,499
"Racing",2017,"Donruss","Base Brand Donruss","Duals Gold Foil","Martin Truex Jr./Martin Truex Jr.","Bass Pro Shops-TRACKER Boats | Furniture Row Racing | Toyota/Furniture Row-Denver Mattress | Furniture Row Racing | Toyota","Driver/Driver",106,499
"Racing",2017,"Donruss","Base Brand Donruss","Duals Gold Foil","AJ Allmendinger","Kroger | JTG Daugherty Racing | Chevrolet","Driver",107,499
"Racing",2017,"Donruss","Base Brand Donruss","Duals Gold Foil","Trevor Bayne","AdvoCare | Roush Fenway Racing | Ford","Driver",108,499
"Racing",2017,"Donruss","Base Brand Donruss","Duals Gold Foil","Regan Smith","NIKKO RC / TOY STATE | Tommy Baldwin Racing | Chevrolet","Driver",109,499
"Racing",2017,"Donruss","Base Brand Donruss","Duals Gold Foil","Danica Patrick/Danica Patrick","Aspen Dental | Stewart-Haas Racing | Chevrolet/Nature's Bakery | Stewart-Haas Racing | Chevrolet","Driver/Driver",110,499
"Racing",2017,"Donruss","Base Brand Donruss","Duals Gold Foil","Kyle Larson","Target | Chip Ganassi Racing | Chevrolet","Driver",111,499
"Racing",2017,"Donruss","Base Brand Donruss","Duals Gold Foil","Denny Hamlin/Denny Hamlin","FedEx Office | Joe Gibbs Racing | Toyota/FedEx Express | Joe Gibbs Racing | Toyota","Driver/Driver",112,499
"Racing",2017,"Donruss","Base Brand Donruss","Duals Gold Foil","Clint Bowyer/Clint Bowyer","Peak Antifreeze | HScott Motorsports | Chevrolet/5-Hour Energy | HScott Motorsports | Chevrolet","Driver/Driver",113,499
"Racing",2017,"Donruss","Base Brand Donruss","Duals Gold Foil","Ryan Newman","Caterpillar | Richard Childress Racing | Chevrolet","Driver",114,499
"Racing",2017,"Donruss","Base Brand Donruss","Duals Gold Foil","Paul Menard/Paul Menard","Menards | Richard Childress Racing | Chevrolet/Valvoline | Richard Childress Racing | Chevrolet","Driver/Driver",115,499
"Racing",2017,"Donruss","Base Brand Donruss","Duals Gold Foil","Joey Logano/Joey Logano","Shell-Pennzoil | Team Penske | Ford/Autotrader.com | Team Penske | Ford","Driver/Driver",116,499
"Racing",2017,"Donruss","Base Brand Donruss","Duals Gold Foil","Matt Kenseth/Matt Kenseth","Dollar General | Joe Gibbs Racing | Toyota/DeWalt | Joe Gibbs Racing | Toyota","Driver/Driver",117,499
"Racing",2017,"Donruss","Base Brand Donruss","Duals Gold Foil","Chase Elliott/Chase Elliott","3M | Hendrick Motorsports | Chevrolet/NAPA Auto Parts | Hendrick Motorsports | Chevrolet","Driver/Driver",118,499
"Racing",2017,"Donruss","Base Brand Donruss","Duals Gold Foil","Greg Biffle/Greg Biffle","Cheez-It | Roush Fenway Racing | Ford/Kleen Performance Products | Roush Fenway Racing | Ford","Driver/Driver",119,499
"Racing",2017,"Donruss","Base Brand Donruss","Duals Gold Foil","Ryan Blaney","Motorcraft | Wood Brothers Racing | Ford","Driver",120,499
"Racing",2017,"Donruss","Base Brand Donruss","Duals Gold Press Proof","Dale Earnhardt Jr/Dale Earnhardt Jr","Mountain Dew | Hendrick Motorsports | Chevrolet/Nationwide | Hendrick Motorsports | Chevrolet","Driver/Driver",100,99
"Racing",2017,"Donruss","Base Brand Donruss","Duals Gold Press Proof","Kevin Harvick/Kevin Harvick","Jimmy John's | Stewart-Haas Racing | Chevrolet/Outback Steakhouse | Stewart-Haas Racing | Chevrolet","Driver/Driver",101,99
"Racing",2017,"Donruss","Base Brand Donruss","Duals Gold Press Proof","Jimmie Johnson/Jimmie Johnson","Lowe's | Hendrick Motorsports | Chevrolet/Kobalt Tools | Hendrick Motorsports | Chevrolet","Driver/Driver",102,99
"Racing",2017,"Donruss","Base Brand Donruss","Duals Gold Press Proof","Kyle Busch/Kyle Busch","M&M's | Joe Gibbs Racing | Toyota/Skittles Captain America | Joe Gibbs Racing | Toyota","Driver/Driver",103,99
"Racing",2017,"Donruss","Base Brand Donruss","Duals Gold Press Proof","Brad Keselowski","Miller Lite | Team Penske | Ford","Driver",104,99
"Racing",2017,"Donruss","Base Brand Donruss","Duals Gold Press Proof","Kasey Kahne/Kasey Kahne","Great Clips | Hendrick Motorsports | Chevrolet/Farmers Insurance | Hendrick Motorsports | Chevrolet","Driver/Driver",105,99
"Racing",2017,"Donruss","Base Brand Donruss","Duals Gold Press Proof","Martin Truex Jr./Martin Truex Jr.","Bass Pro Shops-TRACKER Boats | Furniture Row Racing | Toyota/Furniture Row-Denver Mattress | Furniture Row Racing | Toyota","Driver/Driver",106,99
"Racing",2017,"Donruss","Base Brand Donruss","Duals Gold Press Proof","AJ Allmendinger","Kroger | JTG Daugherty Racing | Chevrolet","Driver",107,99
"Racing",2017,"Donruss","Base Brand Donruss","Duals Gold Press Proof","Trevor Bayne","AdvoCare | Roush Fenway Racing | Ford","Driver",108,99
"Racing",2017,"Donruss","Base Brand Donruss","Duals Gold Press Proof","Regan Smith","NIKKO RC / TOY STATE | Tommy Baldwin Racing | Chevrolet","Driver",109,99
"Racing",2017,"Donruss","Base Brand Donruss","Duals Gold Press Proof","Danica Patrick/Danica Patrick","Aspen Dental | Stewart-Haas Racing | Chevrolet/Nature's Bakery | Stewart-Haas Racing | Chevrolet","Driver/Driver",110,99
"Racing",2017,"Donruss","Base Brand Donruss","Duals Gold Press Proof","Kyle Larson","Target | Chip Ganassi Racing | Chevrolet","Driver",111,99
"Racing",2017,"Donruss","Base Brand Donruss","Duals Gold Press Proof","Denny Hamlin/Denny Hamlin","FedEx Office | Joe Gibbs Racing | Toyota/FedEx Express | Joe Gibbs Racing | Toyota","Driver/Driver",112,99
"Racing",2017,"Donruss","Base Brand Donruss","Duals Gold Press Proof","Clint Bowyer/Clint Bowyer","Peak Antifreeze | HScott Motorsports | Chevrolet/5-Hour Energy | HScott Motorsports | Chevrolet","Driver/Driver",113,99
"Racing",2017,"Donruss","Base Brand Donruss","Duals Gold Press Proof","Ryan Newman","Caterpillar | Richard Childress Racing | Chevrolet","Driver",114,99
"Racing",2017,"Donruss","Base Brand Donruss","Duals Gold Press Proof","Paul Menard/Paul Menard","Menards | Richard Childress Racing | Chevrolet/Valvoline | Richard Childress Racing | Chevrolet","Driver/Driver",115,99
"Racing",2017,"Donruss","Base Brand Donruss","Duals Gold Press Proof","Joey Logano/Joey Logano","Shell-Pennzoil | Team Penske | Ford/Autotrader.com | Team Penske | Ford","Driver/Driver",116,99
"Racing",2017,"Donruss","Base Brand Donruss","Duals Gold Press Proof","Matt Kenseth/Matt Kenseth","DeWalt | Joe Gibbs Racing | Toyota/Dollar General | Joe Gibbs Racing | Toyota","Driver/Driver",117,99
"Racing",2017,"Donruss","Base Brand Donruss","Duals Gold Press Proof","Chase Elliott/Chase Elliott","3M | Hendrick Motorsports | Chevrolet/NAPA Auto Parts | Hendrick Motorsports | Chevrolet","Driver/Driver",118,99
"Racing",2017,"Donruss","Base Brand Donruss","Duals Gold Press Proof","Greg Biffle/Greg Biffle","Cheez-It | Roush Fenway Racing | Ford/Kleen Performance Products | Roush Fenway Racing | Ford","Driver/Driver",119,99
"Racing",2017,"Donruss","Base Brand Donruss","Duals Gold Press Proof","Ryan Blaney","Motorcraft | Wood Brothers Racing | Ford","Driver",120,99
"Racing",2017,"Donruss","Base Brand Donruss","Duals Green Foil","Dale Earnhardt Jr/Dale Earnhardt Jr","Mountain Dew | Hendrick Motorsports | Chevrolet/Nationwide | Hendrick Motorsports | Chevrolet","Driver/Driver",100,199
"Racing",2017,"Donruss","Base Brand Donruss","Duals Green Foil","Kevin Harvick/Kevin Harvick","Jimmy John's | Stewart-Haas Racing | Chevrolet/Outback Steakhouse | Stewart-Haas Racing | Chevrolet","Driver/Driver",101,199
"Racing",2017,"Donruss","Base Brand Donruss","Duals Green Foil","Jimmie Johnson/Jimmie Johnson","Kobalt Tools | Hendrick Motorsports | Chevrolet/Lowe's | Hendrick Motorsports | Chevrolet","Driver/Driver",102,199
"Racing",2017,"Donruss","Base Brand Donruss","Duals Green Foil","Kyle Busch/Kyle Busch","Skittles Captain America | Joe Gibbs Racing | Toyota/M&M's | Joe Gibbs Racing | Toyota","Driver/Driver",103,199
"Racing",2017,"Donruss","Base Brand Donruss","Duals Green Foil","Brad Keselowski","Miller Lite | Team Penske | Ford","Driver",104,199
"Racing",2017,"Donruss","Base Brand Donruss","Duals Green Foil","Kasey Kahne/Kasey Kahne","Farmers Insurance | Hendrick Motorsports | Chevrolet/Great Clips | Hendrick Motorsports | Chevrolet","Driver/Driver",105,199
"Racing",2017,"Donruss","Base Brand Donruss","Duals Green Foil","Martin Truex Jr./Martin Truex Jr.","Furniture Row-Denver Mattress | Furniture Row Racing | Toyota/Bass Pro Shops-TRACKER Boats | Furniture Row Racing | Toyota","Driver/Driver",106,199
"Racing",2017,"Donruss","Base Brand Donruss","Duals Green Foil","AJ Allmendinger","Kroger | JTG Daugherty Racing | Chevrolet","Driver",107,199
"Racing",2017,"Donruss","Base Brand Donruss","Duals Green Foil","Trevor Bayne","AdvoCare | Roush Fenway Racing | Ford","Driver",108,199
"Racing",2017,"Donruss","Base Brand Donruss","Duals Green Foil","Regan Smith","NIKKO RC / TOY STATE | Tommy Baldwin Racing | Chevrolet","Driver",109,199
"Racing",2017,"Donruss","Base Brand Donruss","Duals Green Foil","Danica Patrick/Danica Patrick","Nature's Bakery | Stewart-Haas Racing | Chevrolet/Aspen Dental | Stewart-Haas Racing | Chevrolet","Driver/Driver",110,199
"Racing",2017,"Donruss","Base Brand Donruss","Duals Green Foil","Kyle Larson","Target | Chip Ganassi Racing | Chevrolet","Driver",111,199
"Racing",2017,"Donruss","Base Brand Donruss","Duals Green Foil","Denny Hamlin/Denny Hamlin","FedEx Express | Joe Gibbs Racing | Toyota/FedEx Office | Joe Gibbs Racing | Toyota","Driver/Driver",112,199
"Racing",2017,"Donruss","Base Brand Donruss","Duals Green Foil","Clint Bowyer/Clint Bowyer","5-Hour Energy | HScott Motorsports | Chevrolet/Peak Antifreeze | HScott Motorsports | Chevrolet","Driver/Driver",113,199
"Racing",2017,"Donruss","Base Brand Donruss","Duals Green Foil","Ryan Newman","Caterpillar | Richard Childress Racing | Chevrolet","Driver",114,199
"Racing",2017,"Donruss","Base Brand Donruss","Duals Green Foil","Paul Menard/Paul Menard","Valvoline | Richard Childress Racing | Chevrolet/Menards | Richard Childress Racing | Chevrolet","Driver/Driver",115,199
"Racing",2017,"Donruss","Base Brand Donruss","Duals Green Foil","Joey Logano/Joey Logano","Shell-Pennzoil | Team Penske | Ford/Autotrader.com | Team Penske | Ford","Driver/Driver",116,199
"Racing",2017,"Donruss","Base Brand Donruss","Duals Green Foil","Matt Kenseth/Matt Kenseth","DeWalt | Joe Gibbs Racing | Toyota/Dollar General | Joe Gibbs Racing | Toyota","Driver/Driver",117,199
"Racing",2017,"Donruss","Base Brand Donruss","Duals Green Foil","Chase Elliott/Chase Elliott","NAPA Auto Parts | Hendrick Motorsports | Chevrolet/3M | Hendrick Motorsports | Chevrolet","Driver/Driver",118,199
"Racing",2017,"Donruss","Base Brand Donruss","Duals Green Foil","Greg Biffle/Greg Biffle","Kleen Performance Products | Roush Fenway Racing | Ford/Cheez-It | Roush Fenway Racing | Ford","Driver/Driver",119,199
"Racing",2017,"Donruss","Base Brand Donruss","Duals Green Foil","Ryan Blaney","Motorcraft | Wood Brothers Racing | Ford","Driver",120,199
"Racing",2017,"Donruss","Base Brand Donruss","Duals Press Proof","Dale Earnhardt Jr/Dale Earnhardt Jr","Nationwide | Hendrick Motorsports | Chevrolet/Mountain Dew | Hendrick Motorsports | Chevrolet","Driver/Driver",100,49
"Racing",2017,"Donruss","Base Brand Donruss","Duals Press Proof","Kevin Harvick/Kevin Harvick","Jimmy John's | Stewart-Haas Racing | Chevrolet/Outback Steakhouse | Stewart-Haas Racing | Chevrolet","Driver/Driver",101,49
"Racing",2017,"Donruss","Base Brand Donruss","Duals Press Proof","Jimmie Johnson/Jimmie Johnson","Kobalt Tools | Hendrick Motorsports | Chevrolet/Lowe's | Hendrick Motorsports | Chevrolet","Driver/Driver",102,49
"Racing",2017,"Donruss","Base Brand Donruss","Duals Press Proof","Kyle Busch/Kyle Busch","Skittles Captain America | Joe Gibbs Racing | Toyota/M&M's | Joe Gibbs Racing | Toyota","Driver/Driver",103,49
"Racing",2017,"Donruss","Base Brand Donruss","Duals Press Proof","Brad Keselowski","Miller Lite | Team Penske | Ford","Driver",104,49
"Racing",2017,"Donruss","Base Brand Donruss","Duals Press Proof","Kasey Kahne/Kasey Kahne","Farmers Insurance | Hendrick Motorsports | Chevrolet/Great Clips | Hendrick Motorsports | Chevrolet","Driver/Driver",105,49
"Racing",2017,"Donruss","Base Brand Donruss","Duals Press Proof","Martin Truex Jr./Martin Truex Jr.","Furniture Row-Denver Mattress | Furniture Row Racing | Toyota/Bass Pro Shops-TRACKER Boats | Furniture Row Racing | Toyota","Driver/Driver",106,49
"Racing",2017,"Donruss","Base Brand Donruss","Duals Press Proof","AJ Allmendinger","Kroger | JTG Daugherty Racing | Chevrolet","Driver",107,49
"Racing",2017,"Donruss","Base Brand Donruss","Duals Press Proof","Trevor Bayne","AdvoCare | Roush Fenway Racing | Ford","Driver",108,49
"Racing",2017,"Donruss","Base Brand Donruss","Duals Press Proof","Regan Smith","NIKKO RC / TOY STATE | Tommy Baldwin Racing | Chevrolet","Driver",109,49
"Racing",2017,"Donruss","Base Brand Donruss","Duals Press Proof","Danica Patrick/Danica Patrick","Nature's Bakery | Stewart-Haas Racing | Chevrolet/Aspen Dental | Stewart-Haas Racing | Chevrolet","Driver/Driver",110,49
"Racing",2017,"Donruss","Base Brand Donruss","Duals Press Proof","Kyle Larson","Target | Chip Ganassi Racing | Chevrolet","Driver",111,49
"Racing",2017,"Donruss","Base Brand Donruss","Duals Press Proof","Denny Hamlin/Denny Hamlin","FedEx Express | Joe Gibbs Racing | Toyota/FedEx Office | Joe Gibbs Racing | Toyota","Driver/Driver",112,49
"Racing",2017,"Donruss","Base Brand Donruss","Duals Press Proof","Clint Bowyer/Clint Bowyer","5-Hour Energy | HScott Motorsports | Chevrolet/Peak Antifreeze | HScott Motorsports | Chevrolet","Driver/Driver",113,49
"Racing",2017,"Donruss","Base Brand Donruss","Duals Press Proof","Ryan Newman","Caterpillar | Richard Childress Racing | Chevrolet","Driver",114,49
"Racing",2017,"Donruss","Base Brand Donruss","Duals Press Proof","Paul Menard/Paul Menard","Valvoline | Richard Childress Racing | Chevrolet/Menards | Richard Childress Racing | Chevrolet","Driver/Driver",115,49
"Racing",2017,"Donruss","Base Brand Donruss","Duals Press Proof","Joey Logano/Joey Logano","Shell-Pennzoil | Team Penske | Ford/Autotrader.com | Team Penske | Ford","Driver/Driver",116,49
"Racing",2017,"Donruss","Base Brand Donruss","Duals Press Proof","Matt Kenseth/Matt Kenseth","DeWalt | Joe Gibbs Racing | Toyota/Dollar General | Joe Gibbs Racing | Toyota","Driver/Driver",117,49
"Racing",2017,"Donruss","Base Brand Donruss","Duals Press Proof","Chase Elliott/Chase Elliott","NAPA Auto Parts | Hendrick Motorsports | Chevrolet/3M | Hendrick Motorsports | Chevrolet","Driver/Driver",118,49
"Racing",2017,"Donruss","Base Brand Donruss","Duals Press Proof","Greg Biffle/Greg Biffle","Kleen Performance Products | Roush Fenway Racing | Ford/Cheez-It | Roush Fenway Racing | Ford","Driver/Driver",119,49
"Racing",2017,"Donruss","Base Brand Donruss","Duals Press Proof","Ryan Blaney","Motorcraft | Wood Brothers Racing | Ford","Driver",120,49
"Racing",2017,"Donruss","Base Brand Donruss","Duals Printing Plates Black","Dale Earnhardt Jr/Dale Earnhardt Jr","Nationwide | Hendrick Motorsports | Chevrolet/Mountain Dew | Hendrick Motorsports | Chevrolet","Driver/Driver",100,1
"Racing",2017,"Donruss","Base Brand Donruss","Duals Printing Plates Black","Kevin Harvick/Kevin Harvick","Jimmy John's | Stewart-Haas Racing | Chevrolet/Outback Steakhouse | Stewart-Haas Racing | Chevrolet","Driver/Driver",101,1
"Racing",2017,"Donruss","Base Brand Donruss","Duals Printing Plates Black","Jimmie Johnson/Jimmie Johnson","Lowe's | Hendrick Motorsports | Chevrolet/Kobalt Tools | Hendrick Motorsports | Chevrolet","Driver/Driver",102,1
"Racing",2017,"Donruss","Base Brand Donruss","Duals Printing Plates Black","Kyle Busch/Kyle Busch","M&M's | Joe Gibbs Racing | Toyota/Skittles Captain America | Joe Gibbs Racing | Toyota","Driver/Driver",103,1
"Racing",2017,"Donruss","Base Brand Donruss","Duals Printing Plates Black","Brad Keselowski","Miller Lite | Team Penske | Ford","Driver",104,1
"Racing",2017,"Donruss","Base Brand Donruss","Duals Printing Plates Black","Kasey Kahne/Kasey Kahne","Farmers Insurance | Hendrick Motorsports | Chevrolet/Great Clips | Hendrick Motorsports | Chevrolet","Driver/Driver",105,1
"Racing",2017,"Donruss","Base Brand Donruss","Duals Printing Plates Black","Martin Truex Jr./Martin Truex Jr.","Bass Pro Shops-TRACKER Boats | Furniture Row Racing | Toyota/Furniture Row-Denver Mattress | Furniture Row Racing | Toyota","Driver/Driver",106,1
"Racing",2017,"Donruss","Base Brand Donruss","Duals Printing Plates Black","AJ Allmendinger","Kroger | JTG Daugherty Racing | Chevrolet","Driver",107,1
"Racing",2017,"Donruss","Base Brand Donruss","Duals Printing Plates Black","Trevor Bayne","AdvoCare | Roush Fenway Racing | Ford","Driver",108,1
"Racing",2017,"Donruss","Base Brand Donruss","Duals Printing Plates Black","Regan Smith","NIKKO RC / TOY STATE | Tommy Baldwin Racing | Chevrolet","Driver",109,1
"Racing",2017,"Donruss","Base Brand Donruss","Duals Printing Plates Black","Danica Patrick/Danica Patrick","Nature's Bakery | Stewart-Haas Racing | Chevrolet/Aspen Dental | Stewart-Haas Racing | Chevrolet","Driver/Driver",110,1
"Racing",2017,"Donruss","Base Brand Donruss","Duals Printing Plates Black","Kyle Larson","Target | Chip Ganassi Racing | Chevrolet","Driver",111,1
"Racing",2017,"Donruss","Base Brand Donruss","Duals Printing Plates Black","Denny Hamlin/Denny Hamlin","FedEx Express | Joe Gibbs Racing | Toyota/FedEx Office | Joe Gibbs Racing | Toyota","Driver/Driver",112,1
"Racing",2017,"Donruss","Base Brand Donruss","Duals Printing Plates Black","Clint Bowyer/Clint Bowyer","5-Hour Energy | HScott Motorsports | Chevrolet/Peak Antifreeze | HScott Motorsports | Chevrolet","Driver/Driver",113,1
"Racing",2017,"Donruss","Base Brand Donruss","Duals Printing Plates Black","Ryan Newman","Caterpillar | Richard Childress Racing | Chevrolet","Driver",114,1
"Racing",2017,"Donruss","Base Brand Donruss","Duals Printing Plates Black","Paul Menard/Paul Menard","Valvoline | Richard Childress Racing | Chevrolet/Menards | Richard Childress Racing | Chevrolet","Driver/Driver",115,1
"Racing",2017,"Donruss","Base Brand Donruss","Duals Printing Plates Black","Joey Logano/Joey Logano","Shell-Pennzoil | Team Penske | Ford/Autotrader.com | Team Penske | Ford","Driver/Driver",116,1
"Racing",2017,"Donruss","Base Brand Donruss","Duals Printing Plates Black","Matt Kenseth/Matt Kenseth","DeWalt | Joe Gibbs Racing | Toyota/Dollar General | Joe Gibbs Racing | Toyota","Driver/Driver",117,1
"Racing",2017,"Donruss","Base Brand Donruss","Duals Printing Plates Black","Chase Elliott/Chase Elliott","NAPA Auto Parts | Hendrick Motorsports | Chevrolet/3M | Hendrick Motorsports | Chevrolet","Driver/Driver",118,1
"Racing",2017,"Donruss","Base Brand Donruss","Duals Printing Plates Black","Greg Biffle/Greg Biffle","Kleen Performance Products | Roush Fenway Racing | Ford/Cheez-It | Roush Fenway Racing | Ford","Driver/Driver",119,1
"Racing",2017,"Donruss","Base Brand Donruss","Duals Printing Plates Black","Ryan Blaney","Motorcraft | Wood Brothers Racing | Ford","Driver",120,1
"Racing",2017,"Donruss","Base Brand Donruss","Duals Printing Plates Cyan","Dale Earnhardt Jr/Dale Earnhardt Jr","Mountain Dew | Hendrick Motorsports | Chevrolet/Nationwide | Hendrick Motorsports | Chevrolet","Driver/Driver",100,1
"Racing",2017,"Donruss","Base Brand Donruss","Duals Printing Plates Cyan","Kevin Harvick/Kevin Harvick","Jimmy John's | Stewart-Haas Racing | Chevrolet/Outback Steakhouse | Stewart-Haas Racing | Chevrolet","Driver/Driver",101,1
"Racing",2017,"Donruss","Base Brand Donruss","Duals Printing Plates Cyan","Jimmie Johnson/Jimmie Johnson","Lowe's | Hendrick Motorsports | Chevrolet/Kobalt Tools | Hendrick Motorsports | Chevrolet","Driver/Driver",102,1
"Racing",2017,"Donruss","Base Brand Donruss","Duals Printing Plates Cyan","Kyle Busch/Kyle Busch","M&M's | Joe Gibbs Racing | Toyota/Skittles Captain America | Joe Gibbs Racing | Toyota","Driver/Driver",103,1
"Racing",2017,"Donruss","Base Brand Donruss","Duals Printing Plates Cyan","Brad Keselowski","Miller Lite | Team Penske | Ford","Driver",104,1
"Racing",2017,"Donruss","Base Brand Donruss","Duals Printing Plates Cyan","Kasey Kahne/Kasey Kahne","Great Clips | Hendrick Motorsports | Chevrolet/Farmers Insurance | Hendrick Motorsports | Chevrolet","Driver/Driver",105,1
"Racing",2017,"Donruss","Base Brand Donruss","Duals Printing Plates Cyan","Martin Truex Jr./Martin Truex Jr.","Bass Pro Shops-TRACKER Boats | Furniture Row Racing | Toyota/Furniture Row-Denver Mattress | Furniture Row Racing | Toyota","Driver/Driver",106,1
"Racing",2017,"Donruss","Base Brand Donruss","Duals Printing Plates Cyan","AJ Allmendinger","Kroger | JTG Daugherty Racing | Chevrolet","Driver",107,1
"Racing",2017,"Donruss","Base Brand Donruss","Duals Printing Plates Cyan","Trevor Bayne","AdvoCare | Roush Fenway Racing | Ford","Driver",108,1
"Racing",2017,"Donruss","Base Brand Donruss","Duals Printing Plates Cyan","Regan Smith","NIKKO RC / TOY STATE | Tommy Baldwin Racing | Chevrolet","Driver",109,1
"Racing",2017,"Donruss","Base Brand Donruss","Duals Printing Plates Cyan","Danica Patrick/Danica Patrick","Aspen Dental | Stewart-Haas Racing | Chevrolet/Nature's Bakery | Stewart-Haas Racing | Chevrolet","Driver/Driver",110,1
"Racing",2017,"Donruss","Base Brand Donruss","Duals Printing Plates Cyan","Kyle Larson","Target | Chip Ganassi Racing | Chevrolet","Driver",111,1
"Racing",2017,"Donruss","Base Brand Donruss","Duals Printing Plates Cyan","Denny Hamlin/Denny Hamlin","FedEx Office | Joe Gibbs Racing | Toyota/FedEx Express | Joe Gibbs Racing | Toyota","Driver/Driver",112,1
"Racing",2017,"Donruss","Base Brand Donruss","Duals Printing Plates Cyan","Clint Bowyer/Clint Bowyer","Peak Antifreeze | HScott Motorsports | Chevrolet/5-Hour Energy | HScott Motorsports | Chevrolet","Driver/Driver",113,1
"Racing",2017,"Donruss","Base Brand Donruss","Duals Printing Plates Cyan","Ryan Newman","Caterpillar | Richard Childress Racing | Chevrolet","Driver",114,1
"Racing",2017,"Donruss","Base Brand Donruss","Duals Printing Plates Cyan","Paul Menard/Paul Menard","Menards | Richard Childress Racing | Chevrolet/Valvoline | Richard Childress Racing | Chevrolet","Driver/Driver",115,1
"Racing",2017,"Donruss","Base Brand Donruss","Duals Printing Plates Cyan","Joey Logano/Joey Logano","Shell-Pennzoil | Team Penske | Ford/Autotrader.com | Team Penske | Ford","Driver/Driver",116,1
"Racing",2017,"Donruss","Base Brand Donruss","Duals Printing Plates Cyan","Matt Kenseth/Matt Kenseth","Dollar General | Joe Gibbs Racing | Toyota/DeWalt | Joe Gibbs Racing | Toyota","Driver/Driver",117,1
"Racing",2017,"Donruss","Base Brand Donruss","Duals Printing Plates Cyan","Chase Elliott/Chase Elliott","3M | Hendrick Motorsports | Chevrolet/NAPA Auto Parts | Hendrick Motorsports | Chevrolet","Driver/Driver",118,1
"Racing",2017,"Donruss","Base Brand Donruss","Duals Printing Plates Cyan","Greg Biffle/Greg Biffle","Cheez-It | Roush Fenway Racing | Ford/Kleen Performance Products | Roush Fenway Racing | Ford","Driver/Driver",119,1
"Racing",2017,"Donruss","Base Brand Donruss","Duals Printing Plates Cyan","Ryan Blaney","Motorcraft | Wood Brothers Racing | Ford","Driver",120,1
"Racing",2017,"Donruss","Base Brand Donruss","Duals Printing Plates Magenta","Dale Earnhardt Jr/Dale Earnhardt Jr","Nationwide | Hendrick Motorsports | Chevrolet/Mountain Dew | Hendrick Motorsports | Chevrolet","Driver/Driver",100,1
"Racing",2017,"Donruss","Base Brand Donruss","Duals Printing Plates Magenta","Kevin Harvick/Kevin Harvick","Jimmy John's | Stewart-Haas Racing | Chevrolet/Outback Steakhouse | Stewart-Haas Racing | Chevrolet","Driver/Driver",101,1
"Racing",2017,"Donruss","Base Brand Donruss","Duals Printing Plates Magenta","Jimmie Johnson/Jimmie Johnson","Lowe's | Hendrick Motorsports | Chevrolet/Kobalt Tools | Hendrick Motorsports | Chevrolet","Driver/Driver",102,1
"Racing",2017,"Donruss","Base Brand Donruss","Duals Printing Plates Magenta","Kyle Busch/Kyle Busch","M&M's | Joe Gibbs Racing | Toyota/Skittles Captain America | Joe Gibbs Racing | Toyota","Driver/Driver",103,1
"Racing",2017,"Donruss","Base Brand Donruss","Duals Printing Plates Magenta","Brad Keselowski","Miller Lite | Team Penske | Ford","Driver",104,1
"Racing",2017,"Donruss","Base Brand Donruss","Duals Printing Plates Magenta","Kasey Kahne/Kasey Kahne","Farmers Insurance | Hendrick Motorsports | Chevrolet/Great Clips | Hendrick Motorsports | Chevrolet","Driver/Driver",105,1
"Racing",2017,"Donruss","Base Brand Donruss","Duals Printing Plates Magenta","Martin Truex Jr./Martin Truex Jr.","Bass Pro Shops-TRACKER Boats | Furniture Row Racing | Toyota/Furniture Row-Denver Mattress | Furniture Row Racing | Toyota","Driver/Driver",106,1
"Racing",2017,"Donruss","Base Brand Donruss","Duals Printing Plates Magenta","AJ Allmendinger","Kroger | JTG Daugherty Racing | Chevrolet","Driver",107,1
"Racing",2017,"Donruss","Base Brand Donruss","Duals Printing Plates Magenta","Trevor Bayne","AdvoCare | Roush Fenway Racing | Ford","Driver",108,1
"Racing",2017,"Donruss","Base Brand Donruss","Duals Printing Plates Magenta","Regan Smith","NIKKO RC / TOY STATE | Tommy Baldwin Racing | Chevrolet","Driver",109,1
"Racing",2017,"Donruss","Base Brand Donruss","Duals Printing Plates Magenta","Danica Patrick/Danica Patrick","Nature's Bakery | Stewart-Haas Racing | Chevrolet/Aspen Dental | Stewart-Haas Racing | Chevrolet","Driver/Driver",110,1
"Racing",2017,"Donruss","Base Brand Donruss","Duals Printing Plates Magenta","Kyle Larson","Target | Chip Ganassi Racing | Chevrolet","Driver",111,1
"Racing",2017,"Donruss","Base Brand Donruss","Duals Printing Plates Magenta","Denny Hamlin/Denny Hamlin","FedEx Office | Joe Gibbs Racing | Toyota/FedEx Express | Joe Gibbs Racing | Toyota","Driver/Driver",112,1
"Racing",2017,"Donruss","Base Brand Donruss","Duals Printing Plates Magenta","Clint Bowyer/Clint Bowyer","Peak Antifreeze | HScott Motorsports | Chevrolet/5-Hour Energy | HScott Motorsports | Chevrolet","Driver/Driver",113,1
"Racing",2017,"Donruss","Base Brand Donruss","Duals Printing Plates Magenta","Ryan Newman","Caterpillar | Richard Childress Racing | Chevrolet","Driver",114,1
"Racing",2017,"Donruss","Base Brand Donruss","Duals Printing Plates Magenta","Paul Menard/Paul Menard","Valvoline | Richard Childress Racing | Chevrolet/Menards | Richard Childress Racing | Chevrolet","Driver/Driver",115,1
"Racing",2017,"Donruss","Base Brand Donruss","Duals Printing Plates Magenta","Joey Logano/Joey Logano","Autotrader.com | Team Penske | Ford/Shell-Pennzoil | Team Penske | Ford","Driver/Driver",116,1
"Racing",2017,"Donruss","Base Brand Donruss","Duals Printing Plates Magenta","Matt Kenseth/Matt Kenseth","Dollar General | Joe Gibbs Racing | Toyota/DeWalt | Joe Gibbs Racing | Toyota","Driver/Driver",117,1
"Racing",2017,"Donruss","Base Brand Donruss","Duals Printing Plates Magenta","Chase Elliott/Chase Elliott","3M | Hendrick Motorsports | Chevrolet/NAPA Auto Parts | Hendrick Motorsports | Chevrolet","Driver/Driver",118,1
"Racing",2017,"Donruss","Base Brand Donruss","Duals Printing Plates Magenta","Greg Biffle/Greg Biffle","Cheez-It | Roush Fenway Racing | Ford/Kleen Performance Products | Roush Fenway Racing | Ford","Driver/Driver",119,1
"Racing",2017,"Donruss","Base Brand Donruss","Duals Printing Plates Magenta","Ryan Blaney","Motorcraft | Wood Brothers Racing | Ford","Driver",120,1
"Racing",2017,"Donruss","Base Brand Donruss","Duals Printing Plates Yellow","Dale Earnhardt Jr/Dale Earnhardt Jr","Mountain Dew | Hendrick Motorsports | Chevrolet/Nationwide | Hendrick Motorsports | Chevrolet","Driver/Driver",100,1
"Racing",2017,"Donruss","Base Brand Donruss","Duals Printing Plates Yellow","Kevin Harvick/Kevin Harvick","Outback Steakhouse | Stewart-Haas Racing | Chevrolet/Jimmy John's | Stewart-Haas Racing | Chevrolet","Driver/Driver",101,1
"Racing",2017,"Donruss","Base Brand Donruss","Duals Printing Plates Yellow","Jimmie Johnson/Jimmie Johnson","Kobalt Tools | Hendrick Motorsports | Chevrolet/Lowe's | Hendrick Motorsports | Chevrolet","Driver/Driver",102,1
"Racing",2017,"Donruss","Base Brand Donruss","Duals Printing Plates Yellow","Kyle Busch/Kyle Busch","Skittles Captain America | Joe Gibbs Racing | Toyota/M&M's | Joe Gibbs Racing | Toyota","Driver/Driver",103,1
"Racing",2017,"Donruss","Base Brand Donruss","Duals Printing Plates Yellow","Brad Keselowski","Miller Lite | Team Penske | Ford","Driver",104,1
"Racing",2017,"Donruss","Base Brand Donruss","Duals Printing Plates Yellow","Kasey Kahne/Kasey Kahne","Great Clips | Hendrick Motorsports | Chevrolet/Farmers Insurance | Hendrick Motorsports | Chevrolet","Driver/Driver",105,1
"Racing",2017,"Donruss","Base Brand Donruss","Duals Printing Plates Yellow","Martin Truex Jr./Martin Truex Jr.","Furniture Row-Denver Mattress | Furniture Row Racing | Toyota/Bass Pro Shops-TRACKER Boats | Furniture Row Racing | Toyota","Driver/Driver",106,1
"Racing",2017,"Donruss","Base Brand Donruss","Duals Printing Plates Yellow","AJ Allmendinger","Kroger | JTG Daugherty Racing | Chevrolet","Driver",107,1
"Racing",2017,"Donruss","Base Brand Donruss","Duals Printing Plates Yellow","Trevor Bayne","AdvoCare | Roush Fenway Racing | Ford","Driver",108,1
"Racing",2017,"Donruss","Base Brand Donruss","Duals Printing Plates Yellow","Regan Smith","NIKKO RC / TOY STATE | Tommy Baldwin Racing | Chevrolet","Driver",109,1
"Racing",2017,"Donruss","Base Brand Donruss","Duals Printing Plates Yellow","Danica Patrick/Danica Patrick","Nature's Bakery | Stewart-Haas Racing | Chevrolet/Aspen Dental | Stewart-Haas Racing | Chevrolet","Driver/Driver",110,1
"Racing",2017,"Donruss","Base Brand Donruss","Duals Printing Plates Yellow","Kyle Larson","Target | Chip Ganassi Racing | Chevrolet","Driver",111,1
"Racing",2017,"Donruss","Base Brand Donruss","Duals Printing Plates Yellow","Denny Hamlin/Denny Hamlin","FedEx Express | Joe Gibbs Racing | Toyota/FedEx Office | Joe Gibbs Racing | Toyota","Driver/Driver",112,1
"Racing",2017,"Donruss","Base Brand Donruss","Duals Printing Plates Yellow","Clint Bowyer/Clint Bowyer","5-Hour Energy | HScott Motorsports | Chevrolet/Peak Antifreeze | HScott Motorsports | Chevrolet","Driver/Driver",113,1
"Racing",2017,"Donruss","Base Brand Donruss","Duals Printing Plates Yellow","Ryan Newman","Caterpillar | Richard Childress Racing | Chevrolet","Driver",114,1
"Racing",2017,"Donruss","Base Brand Donruss","Duals Printing Plates Yellow","Paul Menard/Paul Menard","Valvoline | Richard Childress Racing | Chevrolet/Menards | Richard Childress Racing | Chevrolet","Driver/Driver",115,1
"Racing",2017,"Donruss","Base Brand Donruss","Duals Printing Plates Yellow","Joey Logano/Joey Logano","Shell-Pennzoil | Team Penske | Ford/Autotrader.com | Team Penske | Ford","Driver/Driver",116,1
"Racing",2017,"Donruss","Base Brand Donruss","Duals Printing Plates Yellow","Matt Kenseth/Matt Kenseth","DeWalt | Joe Gibbs Racing | Toyota/Dollar General | Joe Gibbs Racing | Toyota","Driver/Driver",117,1
"Racing",2017,"Donruss","Base Brand Donruss","Duals Printing Plates Yellow","Chase Elliott/Chase Elliott","NAPA Auto Parts | Hendrick Motorsports | Chevrolet/3M | Hendrick Motorsports | Chevrolet","Driver/Driver",118,1
"Racing",2017,"Donruss","Base Brand Donruss","Duals Printing Plates Yellow","Greg Biffle/Greg Biffle","Kleen Performance Products | Roush Fenway Racing | Ford/Cheez-It | Roush Fenway Racing | Ford","Driver/Driver",119,1
"Racing",2017,"Donruss","Base Brand Donruss","Duals Printing Plates Yellow","Ryan Blaney","Motorcraft | Wood Brothers Racing | Ford","Driver",120,1
"Racing",2017,"Donruss","Base Brand Donruss","Elite Dominators","Jimmie Johnson","Lowe's | Hendrick Motorsports | Chevrolet","Driver",1,999
"Racing",2017,"Donruss","Base Brand Donruss","Elite Dominators","Kevin Harvick","Jimmy John's | Stewart-Haas Racing | Chevrolet","Driver",2,999
"Racing",2017,"Donruss","Base Brand Donruss","Elite Dominators","Dale Earnhardt Jr","Nationwide | Hendrick Motorsports | Chevrolet","Driver",3,999
"Racing",2017,"Donruss","Base Brand Donruss","Elite Dominators","Brad Keselowski","Miller Lite | Team Penske | Ford","Driver",4,999
"Racing",2017,"Donruss","Base Brand Donruss","Elite Dominators","Kyle Busch","M&M's | Joe Gibbs Racing | Toyota","Driver",5,999
"Racing",2017,"Donruss","Base Brand Donruss","Elite Series","Jimmie Johnson","Lowe's | Hendrick Motorsports | Chevrolet","Driver",1,999
"Racing",2017,"Donruss","Base Brand Donruss","Elite Series","Rusty Wallace","Miller Lite | Team Penske | Ford","Driver",2,999
"Racing",2017,"Donruss","Base Brand Donruss","Elite Series","Darrell Waltrip","Mountain Dew | Junior Johnson | Buick","Driver",3,999
"Racing",2017,"Donruss","Base Brand Donruss","Elite Series","Richard Petty","STP | Petty Enterprises | Plymouth","Driver",4,999
"Racing",2017,"Donruss","Base Brand Donruss","Elite Series","Dale Earnhardt Jr","Nationwide | Hendrick Motorsports | Chevrolet","Driver",5,999
"Racing",2017,"Donruss","Base Brand Donruss","Gold Foil","Dale Earnhardt Jr","Nationwide | Hendrick Motorsports | Chevrolet","Driver",37,499
"Racing",2017,"Donruss","Base Brand Donruss","Gold Foil","Matt Kenseth","DeWalt | Joe Gibbs Racing | Toyota","Driver",38,499
"Racing",2017,"Donruss","Base Brand Donruss","Gold Foil","Brad Keselowski","Miller Lite | Team Penske | Ford","Driver",39,499
"Racing",2017,"Donruss","Base Brand Donruss","Gold Foil","Kevin Harvick","Jimmy John's | Stewart-Haas Racing | Chevrolet","Driver",40,499
"Racing",2017,"Donruss","Base Brand Donruss","Gold Foil","Denny Hamlin","FedEx Express | Joe Gibbs Racing | Toyota","Driver",41,499
"Racing",2017,"Donruss","Base Brand Donruss","Gold Foil","Austin Dillon","Dow Chemical | Richard Childress Racing | Chevrolet","Driver",42,499
"Racing",2017,"Donruss","Base Brand Donruss","Gold Foil","Joey Logano","Shell-Pennzoil | Team Penske | Ford","Driver",43,499
"Racing",2017,"Donruss","Base Brand Donruss","Gold Foil","Kyle Busch","M&M's | Joe Gibbs Racing | Toyota","Driver",44,499
"Racing",2017,"Donruss","Base Brand Donruss","Gold Foil","Carl Edwards","ARRIS | Joe Gibbs Racing | Toyota","Driver",45,499
"Racing",2017,"Donruss","Base Brand Donruss","Gold Foil","Chase Elliott","NAPA Auto Parts | Hendrick Motorsports | Chevrolet","Driver",46,499
"Racing",2017,"Donruss","Base Brand Donruss","Gold Foil","Jimmie Johnson","Lowe's | Hendrick Motorsports | Chevrolet","Driver",47,499
"Racing",2017,"Donruss","Base Brand Donruss","Gold Foil","Kurt Busch","Haas Automation | Stewart-Haas Racing | Chevrolet","Driver",48,499
"Racing",2017,"Donruss","Base Brand Donruss","Gold Foil","Martin Truex Jr.","Bass Pro Shops-TRACKER Boats | Furniture Row Racing | Toyota","Driver",49,499
"Racing",2017,"Donruss","Base Brand Donruss","Gold Foil","Jamie McMurray","Cessna | Chip Ganassi Racing | Chevrolet","Driver",50,499
"Racing",2017,"Donruss","Base Brand Donruss","Gold Foil","Kasey Kahne","Farmers Insurance | Hendrick Motorsports | Chevrolet","Driver",51,499
"Racing",2017,"Donruss","Base Brand Donruss","Gold Foil","Danica Patrick","Nature's Bakery | Stewart-Haas Racing | Chevrolet","Driver",52,499
"Racing",2017,"Donruss","Base Brand Donruss","Gold Foil","Casey Mears","GEICO | Germain Racing | Chevrolet","Driver",53,499
"Racing",2017,"Donruss","Base Brand Donruss","Gold Foil","Trevor Bayne","AdvoCare | Roush Fenway Racing | Ford","Driver",54,499
"Racing",2017,"Donruss","Base Brand Donruss","Gold Foil","Clint Bowyer","5-Hour Energy | HScott Motorsports | Chevrolet","Driver",55,499
"Racing",2017,"Donruss","Base Brand Donruss","Gold Foil","Paul Menard","Menards | Richard Childress Racing | Chevrolet","Driver",56,499
"Racing",2017,"Donruss","Base Brand Donruss","Gold Foil","Greg Biffle","Kleen Performance Products | Roush Fenway Racing | Ford","Driver",57,499
"Racing",2017,"Donruss","Base Brand Donruss","Gold Foil","Ricky Stenhouse Jr","Fastenal | Roush Fenway Racing | Ford","Driver",58,499
"Racing",2017,"Donruss","Base Brand Donruss","Gold Foil","AJ Allmendinger","Kroger | JTG Daugherty Racing | Chevrolet","Driver",59,499
"Racing",2017,"Donruss","Base Brand Donruss","Gold Foil","Ryan Newman","Caterpillar | Richard Childress Racing | Chevrolet","Driver",60,499
"Racing",2017,"Donruss","Base Brand Donruss","Gold Foil","Jeffrey Earnhardt","Can-Am | Go FAS Racing | Ford","Driver",61,499
"Racing",2017,"Donruss","Base Brand Donruss","Gold Foil","Chris Buescher","Dockside Logistics | Front Row Motorsports | Ford","Driver",62,499
"Racing",2017,"Donruss","Base Brand Donruss","Gold Foil","Ryan Blaney","Motorcraft | Wood Brothers Racing | Ford","Driver",63,499
"Racing",2017,"Donruss","Base Brand Donruss","Gold Foil","Landon Cassill","Front Row Motorsports | Ford","Driver",64,499
"Racing",2017,"Donruss","Base Brand Donruss","Gold Foil","Bobby Labonte","C&J Energy Services | Go FAS Racing | Ford","Driver",65,499
"Racing",2017,"Donruss","Base Brand Donruss","Gold Foil","Brian Scott","Albertsons | Richard Petty Motorsports | Ford","Driver",66,499
"Racing",2017,"Donruss","Base Brand Donruss","Gold Foil","Michael Annett","Pilot Flying J | HScott Motorsports | Chevrolet","Driver",67,499
"Racing",2017,"Donruss","Base Brand Donruss","Gold Foil","Matt DiBenedetto","Cosmo Motors | BK Racing | Toyota","Driver",68,499
"Racing",2017,"Donruss","Base Brand Donruss","Gold Foil","Alex Bowman","Nationwide | Hendrick Motorsports | Chevrolet","Driver",69,499
"Racing",2017,"Donruss","Base Brand Donruss","Gold Foil","Michael McDowell","Thrivent Financial | Circle Sport-Leavine Family Racing | Chevrolet","Driver",70,499
"Racing",2017,"Donruss","Base Brand Donruss","Gold Foil","Regan Smith","NIKKO RC / TOY STATE | Tommy Baldwin Racing | Chevrolet","Driver",71,499
"Racing",2017,"Donruss","Base Brand Donruss","Gold Foil","David Ragan","Dr Pepper | BK Racing | Toyota","Driver",72,499
"Racing",2017,"Donruss","Base Brand Donruss","Gold Foil","Elliott Sadler","OneMain Financial | JR Motorsports | Chevrolet","Driver",73,499
"Racing",2017,"Donruss","Base Brand Donruss","Gold Foil","Daniel Suarez","ARRIS | Joe Gibbs Racing | Toyota","Driver",74,499
"Racing",2017,"Donruss","Base Brand Donruss","Gold Foil","Justin Allgaier","TaxSlayer.com | JR Motorsports | Chevrolet","Driver",75,499
"Racing",2017,"Donruss","Base Brand Donruss","Gold Foil","Ross Chastain","Flex Seal | JD Motorsports | Chevrolet","Driver",76,499
"Racing",2017,"Donruss","Base Brand Donruss","Gold Foil","Erik Jones","Game Stop | Joe Gibbs Racing | Toyota","Driver",77,499
"Racing",2017,"Donruss","Base Brand Donruss","Gold Foil","Ryan Reed","Lilly Diabetes | Roush Fenway Racing | Ford","Driver",78,499
"Racing",2017,"Donruss","Base Brand Donruss","Gold Foil","Brendan Gaughan","South Point Hotel & Casino | Richard Childress Racing | Chevrolet","Driver",79,499
"Racing",2017,"Donruss","Base Brand Donruss","Gold Foil","Bubba Wallace","Ford EcoBoost | Roush Fenway Racing | Ford","Driver",80,499
"Racing",2017,"Donruss","Base Brand Donruss","Gold Foil","Ty Dillon","Bass Pro Shops-TRACKER Boats | Richard Childress Racing | Chevrolet","Driver",81,499
"Racing",2017,"Donruss","Base Brand Donruss","Gold Foil","William Byron","Liberty University | Kyle Busch Motorsports | Toyota","Driver",82,499
"Racing",2017,"Donruss","Base Brand Donruss","Gold Foil","Christopher Bell","JBL | Kyle Busch Motorsports | Toyota","Driver",83,499
"Racing",2017,"Donruss","Base Brand Donruss","Gold Foil","Matt Crafton","Chi Chi's/Menards | ThorSport Racing | Toyota","Driver",84,499
"Racing",2017,"Donruss","Base Brand Donruss","Gold Foil","Ben Kennedy","Jacob Companies | GMS Racing | Chevrolet","Driver",85,499
"Racing",2017,"Donruss","Base Brand Donruss","Gold Foil","Cameron Hayley","Cabinets by Hayley/Carolina Nut | ThorSport Racing | Toyota","Driver",86,499
"Racing",2017,"Donruss","Base Brand Donruss","Gold Foil","Johnny Sauter","GMS Racing | GMS Racing | Chevrolet","Driver",87,499
"Racing",2017,"Donruss","Base Brand Donruss","Gold Foil","Daniel Hemric","Draw-Tite | Brad Keselowski Racing | Ford","Driver",88,499
"Racing",2017,"Donruss","Base Brand Donruss","Gold Foil","John Hunter Nemechek","Fire Alarm Services | NEMCO Motorsports | Chevrolet","Driver",89,499
"Racing",2017,"Donruss","Base Brand Donruss","Gold Foil","Tyler Reddick","Cooper Standard | Brad Keselowski Racing | Ford","Driver",90,499
"Racing",2017,"Donruss","Base Brand Donruss","Gold Foil","Matt Kenseth","DeWalt | Joe Gibbs Racing | Toyota","Driver",124,499
"Racing",2017,"Donruss","Base Brand Donruss","Gold Foil","Chris Buescher","Dockside Logistics | Front Row Motorsports | Ford","Driver",135,499
"Racing",2017,"Donruss","Base Brand Donruss","Gold Foil","Tony Stewart","Mobil 1 | Stewart-Haas Racing | Chevrolet","Driver",136,499
"Racing",2017,"Donruss","Base Brand Donruss","Gold Press Proof","Dale Earnhardt Jr","Nationwide | Hendrick Motorsports | Chevrolet","Driver",37,99
"Racing",2017,"Donruss","Base Brand Donruss","Gold Press Proof","Matt Kenseth","DeWalt | Joe Gibbs Racing | Toyota","Driver",38,99
"Racing",2017,"Donruss","Base Brand Donruss","Gold Press Proof","Brad Keselowski","Miller Lite | Team Penske | Ford","Driver",39,99
"Racing",2017,"Donruss","Base Brand Donruss","Gold Press Proof","Kevin Harvick","Jimmy John's | Stewart-Haas Racing | Chevrolet","Driver",40,99
"Racing",2017,"Donruss","Base Brand Donruss","Gold Press Proof","Denny Hamlin","FedEx Express | Joe Gibbs Racing | Toyota","Driver",41,99
"Racing",2017,"Donruss","Base Brand Donruss","Gold Press Proof","Austin Dillon","Dow Chemical | Richard Childress Racing | Chevrolet","Driver",42,99
"Racing",2017,"Donruss","Base Brand Donruss","Gold Press Proof","Joey Logano","Shell-Pennzoil | Team Penske | Ford","Driver",43,99
"Racing",2017,"Donruss","Base Brand Donruss","Gold Press Proof","Kyle Busch","M&M's | Joe Gibbs Racing | Toyota","Driver",44,99
"Racing",2017,"Donruss","Base Brand Donruss","Gold Press Proof","Carl Edwards","ARRIS | Joe Gibbs Racing | Toyota","Driver",45,99
"Racing",2017,"Donruss","Base Brand Donruss","Gold Press Proof","Chase Elliott","NAPA Auto Parts | Hendrick Motorsports | Chevrolet","Driver",46,99
"Racing",2017,"Donruss","Base Brand Donruss","Gold Press Proof","Jimmie Johnson","Lowe's | Hendrick Motorsports | Chevrolet","Driver",47,99
"Racing",2017,"Donruss","Base Brand Donruss","Gold Press Proof","Kurt Busch","Haas Automation | Stewart-Haas Racing | Chevrolet","Driver",48,99
"Racing",2017,"Donruss","Base Brand Donruss","Gold Press Proof","Martin Truex Jr.","Bass Pro Shops-TRACKER Boats | Furniture Row Racing | Toyota","Driver",49,99
"Racing",2017,"Donruss","Base Brand Donruss","Gold Press Proof","Jamie McMurray","Cessna | Chip Ganassi Racing | Chevrolet","Driver",50,99
"Racing",2017,"Donruss","Base Brand Donruss","Gold Press Proof","Kasey Kahne","Farmers Insurance | Hendrick Motorsports | Chevrolet","Driver",51,99
"Racing",2017,"Donruss","Base Brand Donruss","Gold Press Proof","Danica Patrick","Nature's Bakery | Stewart-Haas Racing | Chevrolet","Driver",52,99
"Racing",2017,"Donruss","Base Brand Donruss","Gold Press Proof","Casey Mears","GEICO | Germain Racing | Chevrolet","Driver",53,99
"Racing",2017,"Donruss","Base Brand Donruss","Gold Press Proof","Trevor Bayne","AdvoCare | Roush Fenway Racing | Ford","Driver",54,99
"Racing",2017,"Donruss","Base Brand Donruss","Gold Press Proof","Clint Bowyer","5-Hour Energy | HScott Motorsports | Chevrolet","Driver",55,99
"Racing",2017,"Donruss","Base Brand Donruss","Gold Press Proof","Paul Menard","Menards | Richard Childress Racing | Chevrolet","Driver",56,99
"Racing",2017,"Donruss","Base Brand Donruss","Gold Press Proof","Greg Biffle","Kleen Performance Products | Roush Fenway Racing | Ford","Driver",57,99
"Racing",2017,"Donruss","Base Brand Donruss","Gold Press Proof","Ricky Stenhouse Jr","Fastenal | Roush Fenway Racing | Ford","Driver",58,99
"Racing",2017,"Donruss","Base Brand Donruss","Gold Press Proof","AJ Allmendinger","Kroger | JTG Daugherty Racing | Chevrolet","Driver",59,99
"Racing",2017,"Donruss","Base Brand Donruss","Gold Press Proof","Ryan Newman","Caterpillar | Richard Childress Racing | Chevrolet","Driver",60,99
"Racing",2017,"Donruss","Base Brand Donruss","Gold Press Proof","Jeffrey Earnhardt","Can-Am | Go FAS Racing | Ford","Driver",61,99
"Racing",2017,"Donruss","Base Brand Donruss","Gold Press Proof","Chris Buescher","Dockside Logistics | Front Row Motorsports | Ford","Driver",62,99
"Racing",2017,"Donruss","Base Brand Donruss","Gold Press Proof","Ryan Blaney","Motorcraft | Wood Brothers Racing | Ford","Driver",63,99
"Racing",2017,"Donruss","Base Brand Donruss","Gold Press Proof","Landon Cassill","Front Row Motorsports | Ford","Driver",64,99
"Racing",2017,"Donruss","Base Brand Donruss","Gold Press Proof","Bobby Labonte","C&J Energy Services | Go FAS Racing | Ford","Driver",65,99
"Racing",2017,"Donruss","Base Brand Donruss","Gold Press Proof","Brian Scott","Albertsons | Richard Petty Motorsports | Ford","Driver",66,99
"Racing",2017,"Donruss","Base Brand Donruss","Gold Press Proof","Michael Annett","Pilot Flying J | HScott Motorsports | Chevrolet","Driver",67,99
"Racing",2017,"Donruss","Base Brand Donruss","Gold Press Proof","Matt DiBenedetto","Cosmo Motors | BK Racing | Toyota","Driver",68,99
"Racing",2017,"Donruss","Base Brand Donruss","Gold Press Proof","Alex Bowman","Nationwide | Hendrick Motorsports | Chevrolet","Driver",69,99
"Racing",2017,"Donruss","Base Brand Donruss","Gold Press Proof","Michael McDowell","Thrivent Financial | Circle Sport-Leavine Family Racing | Chevrolet","Driver",70,99
"Racing",2017,"Donruss","Base Brand Donruss","Gold Press Proof","Regan Smith","NIKKO RC / TOY STATE | Tommy Baldwin Racing | Chevrolet","Driver",71,99
"Racing",2017,"Donruss","Base Brand Donruss","Gold Press Proof","David Ragan","Dr Pepper | BK Racing | Toyota","Driver",72,99
"Racing",2017,"Donruss","Base Brand Donruss","Gold Press Proof","Elliott Sadler","OneMain Financial | JR Motorsports | Chevrolet","Driver",73,99
"Racing",2017,"Donruss","Base Brand Donruss","Gold Press Proof","Daniel Suarez","ARRIS | Joe Gibbs Racing | Toyota","Driver",74,99
"Racing",2017,"Donruss","Base Brand Donruss","Gold Press Proof","Justin Allgaier","TaxSlayer.com | JR Motorsports | Chevrolet","Driver",75,99
"Racing",2017,"Donruss","Base Brand Donruss","Gold Press Proof","Ross Chastain","Flex Seal | JD Motorsports | Chevrolet","Driver",76,99
"Racing",2017,"Donruss","Base Brand Donruss","Gold Press Proof","Erik Jones","Game Stop | Joe Gibbs Racing | Toyota","Driver",77,99
"Racing",2017,"Donruss","Base Brand Donruss","Gold Press Proof","Ryan Reed","Lilly Diabetes | Roush Fenway Racing | Ford","Driver",78,99
"Racing",2017,"Donruss","Base Brand Donruss","Gold Press Proof","Brendan Gaughan","South Point Hotel & Casino | Richard Childress Racing | Chevrolet","Driver",79,99
"Racing",2017,"Donruss","Base Brand Donruss","Gold Press Proof","Bubba Wallace","Ford EcoBoost | Roush Fenway Racing | Ford","Driver",80,99
"Racing",2017,"Donruss","Base Brand Donruss","Gold Press Proof","Ty Dillon","Bass Pro Shops-TRACKER Boats | Richard Childress Racing | Chevrolet","Driver",81,99
"Racing",2017,"Donruss","Base Brand Donruss","Gold Press Proof","William Byron","Liberty University | Kyle Busch Motorsports | Toyota","Driver",82,99
"Racing",2017,"Donruss","Base Brand Donruss","Gold Press Proof","Christopher Bell","JBL | Kyle Busch Motorsports | Toyota","Driver",83,99
"Racing",2017,"Donruss","Base Brand Donruss","Gold Press Proof","Matt Crafton","Chi Chi's/Menards | ThorSport Racing | Toyota","Driver",84,99
"Racing",2017,"Donruss","Base Brand Donruss","Gold Press Proof","Ben Kennedy","Jacob Companies | GMS Racing | Chevrolet","Driver",85,99
"Racing",2017,"Donruss","Base Brand Donruss","Gold Press Proof","Cameron Hayley","Cabinets by Hayley/Carolina Nut | ThorSport Racing | Toyota","Driver",86,99
"Racing",2017,"Donruss","Base Brand Donruss","Gold Press Proof","Johnny Sauter","GMS Racing | GMS Racing | Chevrolet","Driver",87,99
"Racing",2017,"Donruss","Base Brand Donruss","Gold Press Proof","Daniel Hemric","Draw-Tite | Brad Keselowski Racing | Ford","Driver",88,99
"Racing",2017,"Donruss","Base Brand Donruss","Gold Press Proof","John Hunter Nemechek","Fire Alarm Services | NEMCO Motorsports | Chevrolet","Driver",89,99
"Racing",2017,"Donruss","Base Brand Donruss","Gold Press Proof","Tyler Reddick","Cooper Standard | Brad Keselowski Racing | Ford","Driver",90,99
"Racing",2017,"Donruss","Base Brand Donruss","Gold Press Proof","Matt Kenseth","DeWalt | Joe Gibbs Racing | Toyota","Driver",124,99
"Racing",2017,"Donruss","Base Brand Donruss","Gold Press Proof","Chris Buescher","Dockside Logistics | Front Row Motorsports | Ford","Driver",135,99
"Racing",2017,"Donruss","Base Brand Donruss","Gold Press Proof","Tony Stewart","Mobil 1 | Stewart-Haas Racing | Chevrolet","Driver",136,99
"Racing",2017,"Donruss","Base Brand Donruss","Green Foil","Dale Earnhardt Jr","Nationwide | Hendrick Motorsports | Chevrolet","Driver",37,199
"Racing",2017,"Donruss","Base Brand Donruss","Green Foil","Matt Kenseth","DeWalt | Joe Gibbs Racing | Toyota","Driver",38,199
"Racing",2017,"Donruss","Base Brand Donruss","Green Foil","Brad Keselowski","Miller Lite | Team Penske | Ford","Driver",39,199
"Racing",2017,"Donruss","Base Brand Donruss","Green Foil","Kevin Harvick","Jimmy John's | Stewart-Haas Racing | Chevrolet","Driver",40,199
"Racing",2017,"Donruss","Base Brand Donruss","Green Foil","Denny Hamlin","FedEx Express | Joe Gibbs Racing | Toyota","Driver",41,199
"Racing",2017,"Donruss","Base Brand Donruss","Green Foil","Austin Dillon","Dow Chemical | Richard Childress Racing | Chevrolet","Driver",42,199
"Racing",2017,"Donruss","Base Brand Donruss","Green Foil","Joey Logano","Shell-Pennzoil | Team Penske | Ford","Driver",43,199
"Racing",2017,"Donruss","Base Brand Donruss","Green Foil","Kyle Busch","M&M's | Joe Gibbs Racing | Toyota","Driver",44,199
"Racing",2017,"Donruss","Base Brand Donruss","Green Foil","Carl Edwards","ARRIS | Joe Gibbs Racing | Toyota","Driver",45,199
"Racing",2017,"Donruss","Base Brand Donruss","Green Foil","Chase Elliott","NAPA Auto Parts | Hendrick Motorsports | Chevrolet","Driver",46,199
"Racing",2017,"Donruss","Base Brand Donruss","Green Foil","Jimmie Johnson","Lowe's | Hendrick Motorsports | Chevrolet","Driver",47,199
"Racing",2017,"Donruss","Base Brand Donruss","Green Foil","Kurt Busch","Haas Automation | Stewart-Haas Racing | Chevrolet","Driver",48,199
"Racing",2017,"Donruss","Base Brand Donruss","Green Foil","Martin Truex Jr.","Bass Pro Shops-TRACKER Boats | Furniture Row Racing | Toyota","Driver",49,199
"Racing",2017,"Donruss","Base Brand Donruss","Green Foil","Jamie McMurray","Cessna | Chip Ganassi Racing | Chevrolet","Driver",50,199
"Racing",2017,"Donruss","Base Brand Donruss","Green Foil","Kasey Kahne","Farmers Insurance | Hendrick Motorsports | Chevrolet","Driver",51,199
"Racing",2017,"Donruss","Base Brand Donruss","Green Foil","Danica Patrick","Nature's Bakery | Stewart-Haas Racing | Chevrolet","Driver",52,199
"Racing",2017,"Donruss","Base Brand Donruss","Green Foil","Casey Mears","GEICO | Germain Racing | Chevrolet","Driver",53,199
"Racing",2017,"Donruss","Base Brand Donruss","Green Foil","Trevor Bayne","AdvoCare | Roush Fenway Racing | Ford","Driver",54,199
"Racing",2017,"Donruss","Base Brand Donruss","Green Foil","Clint Bowyer","5-Hour Energy | HScott Motorsports | Chevrolet","Driver",55,199
"Racing",2017,"Donruss","Base Brand Donruss","Green Foil","Paul Menard","Menards | Richard Childress Racing | Chevrolet","Driver",56,199
"Racing",2017,"Donruss","Base Brand Donruss","Green Foil","Greg Biffle","Kleen Performance Products | Roush Fenway Racing | Ford","Driver",57,199
"Racing",2017,"Donruss","Base Brand Donruss","Green Foil","Ricky Stenhouse Jr","Fastenal | Roush Fenway Racing | Ford","Driver",58,199
"Racing",2017,"Donruss","Base Brand Donruss","Green Foil","AJ Allmendinger","Kroger | JTG Daugherty Racing | Chevrolet","Driver",59,199
"Racing",2017,"Donruss","Base Brand Donruss","Green Foil","Ryan Newman","Caterpillar | Richard Childress Racing | Chevrolet","Driver",60,199
"Racing",2017,"Donruss","Base Brand Donruss","Green Foil","Jeffrey Earnhardt","Can-Am | Go FAS Racing | Ford","Driver",61,199
"Racing",2017,"Donruss","Base Brand Donruss","Green Foil","Chris Buescher","Dockside Logistics | Front Row Motorsports | Ford","Driver",62,199
"Racing",2017,"Donruss","Base Brand Donruss","Green Foil","Ryan Blaney","Motorcraft | Wood Brothers Racing | Ford","Driver",63,199
"Racing",2017,"Donruss","Base Brand Donruss","Green Foil","Landon Cassill","Front Row Motorsports | Ford","Driver",64,199
"Racing",2017,"Donruss","Base Brand Donruss","Green Foil","Bobby Labonte","C&J Energy Services | Go FAS Racing | Ford","Driver",65,199
"Racing",2017,"Donruss","Base Brand Donruss","Green Foil","Brian Scott","Albertsons | Richard Petty Motorsports | Ford","Driver",66,199
"Racing",2017,"Donruss","Base Brand Donruss","Green Foil","Michael Annett","Pilot Flying J | HScott Motorsports | Chevrolet","Driver",67,199
"Racing",2017,"Donruss","Base Brand Donruss","Green Foil","Matt DiBenedetto","Cosmo Motors | BK Racing | Toyota","Driver",68,199
"Racing",2017,"Donruss","Base Brand Donruss","Green Foil","Alex Bowman","Nationwide | Hendrick Motorsports | Chevrolet","Driver",69,199
"Racing",2017,"Donruss","Base Brand Donruss","Green Foil","Michael McDowell","Thrivent Financial | Circle Sport-Leavine Family Racing | Chevrolet","Driver",70,199
"Racing",2017,"Donruss","Base Brand Donruss","Green Foil","Regan Smith","NIKKO RC / TOY STATE | Tommy Baldwin Racing | Chevrolet","Driver",71,199
"Racing",2017,"Donruss","Base Brand Donruss","Green Foil","David Ragan","Dr Pepper | BK Racing | Toyota","Driver",72,199
"Racing",2017,"Donruss","Base Brand Donruss","Green Foil","Elliott Sadler","OneMain Financial | JR Motorsports | Chevrolet","Driver",73,199
"Racing",2017,"Donruss","Base Brand Donruss","Green Foil","Daniel Suarez","ARRIS | Joe Gibbs Racing | Toyota","Driver",74,199
"Racing",2017,"Donruss","Base Brand Donruss","Green Foil","Justin Allgaier","TaxSlayer.com | JR Motorsports | Chevrolet","Driver",75,199
"Racing",2017,"Donruss","Base Brand Donruss","Green Foil","Ross Chastain","Flex Seal | JD Motorsports | Chevrolet","Driver",76,199
"Racing",2017,"Donruss","Base Brand Donruss","Green Foil","Erik Jones","Game Stop | Joe Gibbs Racing | Toyota","Driver",77,199
"Racing",2017,"Donruss","Base Brand Donruss","Green Foil","Ryan Reed","Lilly Diabetes | Roush Fenway Racing | Ford","Driver",78,199
"Racing",2017,"Donruss","Base Brand Donruss","Green Foil","Brendan Gaughan","South Point Hotel & Casino | Richard Childress Racing | Chevrolet","Driver",79,199
"Racing",2017,"Donruss","Base Brand Donruss","Green Foil","Bubba Wallace","Ford EcoBoost | Roush Fenway Racing | Ford","Driver",80,199
"Racing",2017,"Donruss","Base Brand Donruss","Green Foil","Ty Dillon","Bass Pro Shops-TRACKER Boats | Richard Childress Racing | Chevrolet","Driver",81,199
"Racing",2017,"Donruss","Base Brand Donruss","Green Foil","William Byron","Liberty University | Kyle Busch Motorsports | Toyota","Driver",82,199
"Racing",2017,"Donruss","Base Brand Donruss","Green Foil","Christopher Bell","JBL | Kyle Busch Motorsports | Toyota","Driver",83,199
"Racing",2017,"Donruss","Base Brand Donruss","Green Foil","Matt Crafton","Chi Chi's/Menards | ThorSport Racing | Toyota","Driver",84,199
"Racing",2017,"Donruss","Base Brand Donruss","Green Foil","Ben Kennedy","Jacob Companies | GMS Racing | Chevrolet","Driver",85,199
"Racing",2017,"Donruss","Base Brand Donruss","Green Foil","Cameron Hayley","Cabinets by Hayley/Carolina Nut | ThorSport Racing | Toyota","Driver",86,199
"Racing",2017,"Donruss","Base Brand Donruss","Green Foil","Johnny Sauter","GMS Racing | GMS Racing | Chevrolet","Driver",87,199
"Racing",2017,"Donruss","Base Brand Donruss","Green Foil","Daniel Hemric","Draw-Tite | Brad Keselowski Racing | Ford","Driver",88,199
"Racing",2017,"Donruss","Base Brand Donruss","Green Foil","John Hunter Nemechek","Fire Alarm Services | NEMCO Motorsports | Chevrolet","Driver",89,199
"Racing",2017,"Donruss","Base Brand Donruss","Green Foil","Tyler Reddick","Cooper Standard | Brad Keselowski Racing | Ford","Driver",90,199
"Racing",2017,"Donruss","Base Brand Donruss","Green Foil","Matt Kenseth","DeWalt | Joe Gibbs Racing | Toyota","Driver",124,199
"Racing",2017,"Donruss","Base Brand Donruss","Green Foil","Chris Buescher","Dockside Logistics | Front Row Motorsports | Ford","Driver",135,199
"Racing",2017,"Donruss","Base Brand Donruss","Green Foil","Tony Stewart","Mobil 1 | Stewart-Haas Racing | Chevrolet","Driver",136,199
"Racing",2017,"Donruss","Base Brand Donruss","Phenoms","Chase Elliott","NAPA Auto Parts | Hendrick Motorsports | Chevrolet","Driver",1,
"Racing",2017,"Donruss","Base Brand Donruss","Phenoms","Ty Dillon","Cheerios | Circle Sport-Leavine Family Racing | Chevrolet","Driver",2,
"Racing",2017,"Donruss","Base Brand Donruss","Phenoms","Erik Jones","Game Stop | Joe Gibbs Racing | Toyota","Driver",3,
"Racing",2017,"Donruss","Base Brand Donruss","Phenoms","William Byron","Liberty University | Kyle Busch Motorsports | Toyota","Driver",4,
"Racing",2017,"Donruss","Base Brand Donruss","Phenoms","Daniel Hemric","Draw-Tite | Brad Keselowski Racing | Ford","Driver",5,
"Racing",2017,"Donruss","Base Brand Donruss","Phenoms","Cole Custer","OneMain Financial | JR Motorsports | Chevrolet","Driver",6,
"Racing",2017,"Donruss","Base Brand Donruss","Phenoms","Collin Cabre","K&N Pro Series East","Driver",7,
"Racing",2017,"Donruss","Base Brand Donruss","Phenoms","Harrison Burton","K&N Pro Series East","Driver",8,
"Racing",2017,"Donruss","Base Brand Donruss","Phenoms","Todd Gilliland","K&N Pro Series West","Driver",9,
"Racing",2017,"Donruss","Base Brand Donruss","Phenoms","Austin Dillon","Dow Chemical | Richard Childress Racing | Chevrolet","Driver",10,
"Racing",2017,"Donruss","Base Brand Donruss","Phenoms Cracked Ice","Chase Elliott","NAPA Auto Parts | Hendrick Motorsports | Chevrolet","Driver",1,999
"Racing",2017,"Donruss","Base Brand Donruss","Phenoms Cracked Ice","Ty Dillon","Cheerios | Circle Sport-Leavine Family Racing | Chevrolet","Driver",2,999
"Racing",2017,"Donruss","Base Brand Donruss","Phenoms Cracked Ice","Erik Jones","Game Stop | Joe Gibbs Racing | Toyota","Driver",3,999
"Racing",2017,"Donruss","Base Brand Donruss","Phenoms Cracked Ice","William Byron","Liberty University | Kyle Busch Motorsports | Toyota","Driver",4,999
"Racing",2017,"Donruss","Base Brand Donruss","Phenoms Cracked Ice","Daniel Hemric","Draw-Tite | Brad Keselowski Racing | Ford","Driver",5,999
"Racing",2017,"Donruss","Base Brand Donruss","Phenoms Cracked Ice","Cole Custer","OneMain Financial | JR Motorsports | Chevrolet","Driver",6,999
"Racing",2017,"Donruss","Base Brand Donruss","Phenoms Cracked Ice","Collin Cabre","K&N Pro Series East","Driver",7,999
"Racing",2017,"Donruss","Base Brand Donruss","Phenoms Cracked Ice","Harrison Burton","K&N Pro Series East","Driver",8,999
"Racing",2017,"Donruss","Base Brand Donruss","Phenoms Cracked Ice","Todd Gilliland","K&N Pro Series West","Driver",9,999
"Racing",2017,"Donruss","Base Brand Donruss","Phenoms Cracked Ice","Austin Dillon","Dow Chemical | Richard Childress Racing | Chevrolet","Driver",10,999
"Racing",2017,"Donruss","Base Brand Donruss","Pole Position","Carl Edwards","Stanley | Joe Gibbs Racing | Toyota","Driver",1,
"Racing",2017,"Donruss","Base Brand Donruss","Pole Position","Martin Truex Jr.","Bass Pro Shops-TRACKER Boats | Furniture Row Racing | Toyota","Driver",2,
"Racing",2017,"Donruss","Base Brand Donruss","Pole Position","Joey Logano","Shell-Pennzoil | Team Penske | Ford","Driver",3,
"Racing",2017,"Donruss","Base Brand Donruss","Pole Position","Chase Elliott","NAPA Auto Parts | Hendrick Motorsports | Chevrolet","Driver",4,
"Racing",2017,"Donruss","Base Brand Donruss","Pole Position","Kyle Busch","Skittles Captain America | Joe Gibbs Racing | Toyota","Driver",5,
"Racing",2017,"Donruss","Base Brand Donruss","Pole Position","Jimmie Johnson","Lowe's | Hendrick Motorsports | Chevrolet","Driver",6,
"Racing",2017,"Donruss","Base Brand Donruss","Pole Position","Brad Keselowski","Miller Lite | Team Penske | Ford","Driver",7,
"Racing",2017,"Donruss","Base Brand Donruss","Pole Position","Austin Dillon","American Ethanol | Richard Childress Racing | Chevrolet","Driver",8,
"Racing",2017,"Donruss","Base Brand Donruss","Pole Position","Kevin Harvick","Jimmy John's | Stewart-Haas Racing | Chevrolet","Driver",9,
"Racing",2017,"Donruss","Base Brand Donruss","Pole Position","Matt Kenseth","DeWalt | Joe Gibbs Racing | Toyota","Driver",10,
"Racing",2017,"Donruss","Base Brand Donruss","Pole Position Cracked Ice","Carl Edwards","Stanley | Joe Gibbs Racing | Toyota","Driver",1,999
"Racing",2017,"Donruss","Base Brand Donruss","Pole Position Cracked Ice","Martin Truex Jr.","Bass Pro Shops-TRACKER Boats | Furniture Row Racing | Toyota","Driver",2,999
"Racing",2017,"Donruss","Base Brand Donruss","Pole Position Cracked Ice","Joey Logano","Shell-Pennzoil | Team Penske | Ford","Driver",3,999
"Racing",2017,"Donruss","Base Brand Donruss","Pole Position Cracked Ice","Chase Elliott","NAPA Auto Parts | Hendrick Motorsports | Chevrolet","Driver",4,999
"Racing",2017,"Donruss","Base Brand Donruss","Pole Position Cracked Ice","Kyle Busch","Skittles Captain America | Joe Gibbs Racing | Toyota","Driver",5,999
"Racing",2017,"Donruss","Base Brand Donruss","Pole Position Cracked Ice","Jimmie Johnson","Lowe's | Hendrick Motorsports | Chevrolet","Driver",6,999
"Racing",2017,"Donruss","Base Brand Donruss","Pole Position Cracked Ice","Brad Keselowski","Miller Lite | Team Penske | Ford","Driver",7,999
"Racing",2017,"Donruss","Base Brand Donruss","Pole Position Cracked Ice","Austin Dillon","American Ethanol | Richard Childress Racing | Chevrolet","Driver",8,999
"Racing",2017,"Donruss","Base Brand Donruss","Pole Position Cracked Ice","Kevin Harvick","Jimmy John's | Stewart-Haas Racing | Chevrolet","Driver",9,999
"Racing",2017,"Donruss","Base Brand Donruss","Pole Position Cracked Ice","Matt Kenseth","DeWalt | Joe Gibbs Racing | Toyota","Driver",10,999
"Racing",2017,"Donruss","Base Brand Donruss","Press Proof","Dale Earnhardt Jr","Nationwide | Hendrick Motorsports | Chevrolet","Driver",37,49
"Racing",2017,"Donruss","Base Brand Donruss","Press Proof","Matt Kenseth","DeWalt | Joe Gibbs Racing | Toyota","Driver",38,49
"Racing",2017,"Donruss","Base Brand Donruss","Press Proof","Brad Keselowski","Miller Lite | Team Penske | Ford","Driver",39,49
"Racing",2017,"Donruss","Base Brand Donruss","Press Proof","Kevin Harvick","Jimmy John's | Stewart-Haas Racing | Chevrolet","Driver",40,49
"Racing",2017,"Donruss","Base Brand Donruss","Press Proof","Denny Hamlin","FedEx Express | Joe Gibbs Racing | Toyota","Driver",41,49
"Racing",2017,"Donruss","Base Brand Donruss","Press Proof","Austin Dillon","Dow Chemical | Richard Childress Racing | Chevrolet","Driver",42,49
"Racing",2017,"Donruss","Base Brand Donruss","Press Proof","Joey Logano","Shell-Pennzoil | Team Penske | Ford","Driver",43,49
"Racing",2017,"Donruss","Base Brand Donruss","Press Proof","Kyle Busch","M&M's | Joe Gibbs Racing | Toyota","Driver",44,49
"Racing",2017,"Donruss","Base Brand Donruss","Press Proof","Carl Edwards","ARRIS | Joe Gibbs Racing | Toyota","Driver",45,49
"Racing",2017,"Donruss","Base Brand Donruss","Press Proof","Chase Elliott","NAPA Auto Parts | Hendrick Motorsports | Chevrolet","Driver",46,49
"Racing",2017,"Donruss","Base Brand Donruss","Press Proof","Jimmie Johnson","Lowe's | Hendrick Motorsports | Chevrolet","Driver",47,49
"Racing",2017,"Donruss","Base Brand Donruss","Press Proof","Kurt Busch","Haas Automation | Stewart-Haas Racing | Chevrolet","Driver",48,49
"Racing",2017,"Donruss","Base Brand Donruss","Press Proof","Martin Truex Jr.","Bass Pro Shops-TRACKER Boats | Furniture Row Racing | Toyota","Driver",49,49
"Racing",2017,"Donruss","Base Brand Donruss","Press Proof","Jamie McMurray","Cessna | Chip Ganassi Racing | Chevrolet","Driver",50,49
"Racing",2017,"Donruss","Base Brand Donruss","Press Proof","Kasey Kahne","Farmers Insurance | Hendrick Motorsports | Chevrolet","Driver",51,49
"Racing",2017,"Donruss","Base Brand Donruss","Press Proof","Danica Patrick","Nature's Bakery | Stewart-Haas Racing | Chevrolet","Driver",52,49
"Racing",2017,"Donruss","Base Brand Donruss","Press Proof","Casey Mears","GEICO | Germain Racing | Chevrolet","Driver",53,49
"Racing",2017,"Donruss","Base Brand Donruss","Press Proof","Trevor Bayne","AdvoCare | Roush Fenway Racing | Ford","Driver",54,49
"Racing",2017,"Donruss","Base Brand Donruss","Press Proof","Clint Bowyer","5-Hour Energy | HScott Motorsports | Chevrolet","Driver",55,49
"Racing",2017,"Donruss","Base Brand Donruss","Press Proof","Paul Menard","Menards | Richard Childress Racing | Chevrolet","Driver",56,49
"Racing",2017,"Donruss","Base Brand Donruss","Press Proof","Greg Biffle","Kleen Performance Products | Roush Fenway Racing | Ford","Driver",57,49
"Racing",2017,"Donruss","Base Brand Donruss","Press Proof","Ricky Stenhouse Jr","Fastenal | Roush Fenway Racing | Ford","Driver",58,49
"Racing",2017,"Donruss","Base Brand Donruss","Press Proof","AJ Allmendinger","Kroger | JTG Daugherty Racing | Chevrolet","Driver",59,49
"Racing",2017,"Donruss","Base Brand Donruss","Press Proof","Ryan Newman","Caterpillar | Richard Childress Racing | Chevrolet","Driver",60,49
"Racing",2017,"Donruss","Base Brand Donruss","Press Proof","Jeffrey Earnhardt","Can-Am | Go FAS Racing | Ford","Driver",61,49
"Racing",2017,"Donruss","Base Brand Donruss","Press Proof","Chris Buescher","Dockside Logistics | Front Row Motorsports | Ford","Driver",62,49
"Racing",2017,"Donruss","Base Brand Donruss","Press Proof","Ryan Blaney","Motorcraft | Wood Brothers Racing | Ford","Driver",63,49
"Racing",2017,"Donruss","Base Brand Donruss","Press Proof","Landon Cassill","Front Row Motorsports | Ford","Driver",64,49
"Racing",2017,"Donruss","Base Brand Donruss","Press Proof","Bobby Labonte","C&J Energy Services | Go FAS Racing | Ford","Driver",65,49
"Racing",2017,"Donruss","Base Brand Donruss","Press Proof","Brian Scott","Albertsons | Richard Petty Motorsports | Ford","Driver",66,49
"Racing",2017,"Donruss","Base Brand Donruss","Press Proof","Michael Annett","Pilot Flying J | HScott Motorsports | Chevrolet","Driver",67,49
"Racing",2017,"Donruss","Base Brand Donruss","Press Proof","Matt DiBenedetto","Cosmo Motors | BK Racing | Toyota","Driver",68,49
"Racing",2017,"Donruss","Base Brand Donruss","Press Proof","Alex Bowman","Nationwide | Hendrick Motorsports | Chevrolet","Driver",69,49
"Racing",2017,"Donruss","Base Brand Donruss","Press Proof","Michael McDowell","Thrivent Financial | Circle Sport-Leavine Family Racing | Chevrolet","Driver",70,49
"Racing",2017,"Donruss","Base Brand Donruss","Press Proof","Regan Smith","NIKKO RC / TOY STATE | Tommy Baldwin Racing | Chevrolet","Driver",71,49
"Racing",2017,"Donruss","Base Brand Donruss","Press Proof","David Ragan","Dr Pepper | BK Racing | Toyota","Driver",72,49
"Racing",2017,"Donruss","Base Brand Donruss","Press Proof","Elliott Sadler","OneMain Financial | JR Motorsports | Chevrolet","Driver",73,49
"Racing",2017,"Donruss","Base Brand Donruss","Press Proof","Daniel Suarez","ARRIS | Joe Gibbs Racing | Toyota","Driver",74,49
"Racing",2017,"Donruss","Base Brand Donruss","Press Proof","Justin Allgaier","TaxSlayer.com | JR Motorsports | Chevrolet","Driver",75,49
"Racing",2017,"Donruss","Base Brand Donruss","Press Proof","Ross Chastain","Flex Seal | JD Motorsports | Chevrolet","Driver",76,49
"Racing",2017,"Donruss","Base Brand Donruss","Press Proof","Erik Jones","Game Stop | Joe Gibbs Racing | Toyota","Driver",77,49
"Racing",2017,"Donruss","Base Brand Donruss","Press Proof","Ryan Reed","Lilly Diabetes | Roush Fenway Racing | Ford","Driver",78,49
"Racing",2017,"Donruss","Base Brand Donruss","Press Proof","Brendan Gaughan","South Point Hotel & Casino | Richard Childress Racing | Chevrolet","Driver",79,49
"Racing",2017,"Donruss","Base Brand Donruss","Press Proof","Bubba Wallace","Ford EcoBoost | Roush Fenway Racing | Ford","Driver",80,49
"Racing",2017,"Donruss","Base Brand Donruss","Press Proof","Ty Dillon","Bass Pro Shops-TRACKER Boats | Richard Childress Racing | Chevrolet","Driver",81,49
"Racing",2017,"Donruss","Base Brand Donruss","Press Proof","William Byron","Liberty University | Kyle Busch Motorsports | Toyota","Driver",82,49
"Racing",2017,"Donruss","Base Brand Donruss","Press Proof","Christopher Bell","JBL | Kyle Busch Motorsports | Toyota","Driver",83,49
"Racing",2017,"Donruss","Base Brand Donruss","Press Proof","Matt Crafton","Chi Chi's/Menards | ThorSport Racing | Toyota","Driver",84,49
"Racing",2017,"Donruss","Base Brand Donruss","Press Proof","Ben Kennedy","Jacob Companies | GMS Racing | Chevrolet","Driver",85,49
"Racing",2017,"Donruss","Base Brand Donruss","Press Proof","Cameron Hayley","Cabinets by Hayley/Carolina Nut | ThorSport Racing | Toyota","Driver",86,49
"Racing",2017,"Donruss","Base Brand Donruss","Press Proof","Johnny Sauter","GMS Racing | GMS Racing | Chevrolet","Driver",87,49
"Racing",2017,"Donruss","Base Brand Donruss","Press Proof","Daniel Hemric","Draw-Tite | Brad Keselowski Racing | Ford","Driver",88,49
"Racing",2017,"Donruss","Base Brand Donruss","Press Proof","John Hunter Nemechek","Fire Alarm Services | NEMCO Motorsports | Chevrolet","Driver",89,49
"Racing",2017,"Donruss","Base Brand Donruss","Press Proof","Tyler Reddick","Cooper Standard | Brad Keselowski Racing | Ford","Driver",90,49
"Racing",2017,"Donruss","Base Brand Donruss","Press Proof","Matt Kenseth","DeWalt | Joe Gibbs Racing | Toyota","Driver",124,49
"Racing",2017,"Donruss","Base Brand Donruss","Press Proof","Chris Buescher","Dockside Logistics | Front Row Motorsports | Ford","Driver",135,49
"Racing",2017,"Donruss","Base Brand Donruss","Press Proof","Tony Stewart","Mobil 1 | Stewart-Haas Racing | Chevrolet","Driver",136,49
"Racing",2017,"Donruss","Base Brand Donruss","Printing Plates Black","Dale Earnhardt Jr","Nationwide | Hendrick Motorsports | Chevrolet","Driver",37,1
"Racing",2017,"Donruss","Base Brand Donruss","Printing Plates Black","Matt Kenseth","DeWalt | Joe Gibbs Racing | Toyota","Driver",38,1
"Racing",2017,"Donruss","Base Brand Donruss","Printing Plates Black","Brad Keselowski","Miller Lite | Team Penske | Ford","Driver",39,1
"Racing",2017,"Donruss","Base Brand Donruss","Printing Plates Black","Kevin Harvick","Jimmy John's | Stewart-Haas Racing | Chevrolet","Driver",40,1
"Racing",2017,"Donruss","Base Brand Donruss","Printing Plates Black","Denny Hamlin","FedEx Express | Joe Gibbs Racing | Toyota","Driver",41,1
"Racing",2017,"Donruss","Base Brand Donruss","Printing Plates Black","Austin Dillon","Dow Chemical | Richard Childress Racing | Chevrolet","Driver",42,1
"Racing",2017,"Donruss","Base Brand Donruss","Printing Plates Black","Joey Logano","Shell-Pennzoil | Team Penske | Ford","Driver",43,1
"Racing",2017,"Donruss","Base Brand Donruss","Printing Plates Black","Kyle Busch","M&M's | Joe Gibbs Racing | Toyota","Driver",44,1
"Racing",2017,"Donruss","Base Brand Donruss","Printing Plates Black","Carl Edwards","ARRIS | Joe Gibbs Racing | Toyota","Driver",45,1
"Racing",2017,"Donruss","Base Brand Donruss","Printing Plates Black","Chase Elliott","NAPA Auto Parts | Hendrick Motorsports | Chevrolet","Driver",46,1
"Racing",2017,"Donruss","Base Brand Donruss","Printing Plates Black","Jimmie Johnson","Lowe's | Hendrick Motorsports | Chevrolet","Driver",47,1
"Racing",2017,"Donruss","Base Brand Donruss","Printing Plates Black","Kurt Busch","Haas Automation | Stewart-Haas Racing | Chevrolet","Driver",48,1
"Racing",2017,"Donruss","Base Brand Donruss","Printing Plates Black","Martin Truex Jr.","Bass Pro Shops-TRACKER Boats | Furniture Row Racing | Toyota","Driver",49,1
"Racing",2017,"Donruss","Base Brand Donruss","Printing Plates Black","Jamie McMurray","Cessna | Chip Ganassi Racing | Chevrolet","Driver",50,1
"Racing",2017,"Donruss","Base Brand Donruss","Printing Plates Black","Kasey Kahne","Farmers Insurance | Hendrick Motorsports | Chevrolet","Driver",51,1
"Racing",2017,"Donruss","Base Brand Donruss","Printing Plates Black","Danica Patrick","Nature's Bakery | Stewart-Haas Racing | Chevrolet","Driver",52,1
"Racing",2017,"Donruss","Base Brand Donruss","Printing Plates Black","Casey Mears","GEICO | Germain Racing | Chevrolet","Driver",53,1
"Racing",2017,"Donruss","Base Brand Donruss","Printing Plates Black","Trevor Bayne","AdvoCare | Roush Fenway Racing | Ford","Driver",54,1
"Racing",2017,"Donruss","Base Brand Donruss","Printing Plates Black","Clint Bowyer","5-Hour Energy | HScott Motorsports | Chevrolet","Driver",55,1
"Racing",2017,"Donruss","Base Brand Donruss","Printing Plates Black","Paul Menard","Menards | Richard Childress Racing | Chevrolet","Driver",56,1
"Racing",2017,"Donruss","Base Brand Donruss","Printing Plates Black","Greg Biffle","Kleen Performance Products | Roush Fenway Racing | Ford","Driver",57,1
"Racing",2017,"Donruss","Base Brand Donruss","Printing Plates Black","Ricky Stenhouse Jr","Fastenal | Roush Fenway Racing | Ford","Driver",58,1
"Racing",2017,"Donruss","Base Brand Donruss","Printing Plates Black","AJ Allmendinger","Kroger | JTG Daugherty Racing | Chevrolet","Driver",59,1
"Racing",2017,"Donruss","Base Brand Donruss","Printing Plates Black","Ryan Newman","Caterpillar | Richard Childress Racing | Chevrolet","Driver",60,1
"Racing",2017,"Donruss","Base Brand Donruss","Printing Plates Black","Jeffrey Earnhardt","Can-Am | Go FAS Racing | Ford","Driver",61,1
"Racing",2017,"Donruss","Base Brand Donruss","Printing Plates Black","Chris Buescher","Dockside Logistics | Front Row Motorsports | Ford","Driver",62,1
"Racing",2017,"Donruss","Base Brand Donruss","Printing Plates Black","Ryan Blaney","Motorcraft | Wood Brothers Racing | Ford","Driver",63,1
"Racing",2017,"Donruss","Base Brand Donruss","Printing Plates Black","Landon Cassill","Front Row Motorsports | Ford","Driver",64,1
"Racing",2017,"Donruss","Base Brand Donruss","Printing Plates Black","Bobby Labonte","C&J Energy Services | Go FAS Racing | Ford","Driver",65,1
"Racing",2017,"Donruss","Base Brand Donruss","Printing Plates Black","Brian Scott","Albertsons | Richard Petty Motorsports | Ford","Driver",66,1
"Racing",2017,"Donruss","Base Brand Donruss","Printing Plates Black","Michael Annett","Pilot Flying J | HScott Motorsports | Chevrolet","Driver",67,1
"Racing",2017,"Donruss","Base Brand Donruss","Printing Plates Black","Matt DiBenedetto","Cosmo Motors | BK Racing | Toyota","Driver",68,1
"Racing",2017,"Donruss","Base Brand Donruss","Printing Plates Black","Alex Bowman","Nationwide | Hendrick Motorsports | Chevrolet","Driver",69,1
"Racing",2017,"Donruss","Base Brand Donruss","Printing Plates Black","Michael McDowell","Thrivent Financial | Circle Sport-Leavine Family Racing | Chevrolet","Driver",70,1
"Racing",2017,"Donruss","Base Brand Donruss","Printing Plates Black","Regan Smith","NIKKO RC / TOY STATE | Tommy Baldwin Racing | Chevrolet","Driver",71,1
"Racing",2017,"Donruss","Base Brand Donruss","Printing Plates Black","David Ragan","Dr Pepper | BK Racing | Toyota","Driver",72,1
"Racing",2017,"Donruss","Base Brand Donruss","Printing Plates Black","Elliott Sadler","OneMain Financial | JR Motorsports | Chevrolet","Driver",73,1
"Racing",2017,"Donruss","Base Brand Donruss","Printing Plates Black","Daniel Suarez","ARRIS | Joe Gibbs Racing | Toyota","Driver",74,1
"Racing",2017,"Donruss","Base Brand Donruss","Printing Plates Black","Justin Allgaier","TaxSlayer.com | JR Motorsports | Chevrolet","Driver",75,1
"Racing",2017,"Donruss","Base Brand Donruss","Printing Plates Black","Ross Chastain","Flex Seal | JD Motorsports | Chevrolet","Driver",76,1
"Racing",2017,"Donruss","Base Brand Donruss","Printing Plates Black","Erik Jones","Game Stop | Joe Gibbs Racing | Toyota","Driver",77,1
"Racing",2017,"Donruss","Base Brand Donruss","Printing Plates Black","Ryan Reed","Lilly Diabetes | Roush Fenway Racing | Ford","Driver",78,1
"Racing",2017,"Donruss","Base Brand Donruss","Printing Plates Black","Brendan Gaughan","South Point Hotel & Casino | Richard Childress Racing | Chevrolet","Driver",79,1
"Racing",2017,"Donruss","Base Brand Donruss","Printing Plates Black","Bubba Wallace","Ford EcoBoost | Roush Fenway Racing | Ford","Driver",80,1
"Racing",2017,"Donruss","Base Brand Donruss","Printing Plates Black","Ty Dillon","Bass Pro Shops-TRACKER Boats | Richard Childress Racing | Chevrolet","Driver",81,1
"Racing",2017,"Donruss","Base Brand Donruss","Printing Plates Black","William Byron","Liberty University | Kyle Busch Motorsports | Toyota","Driver",82,1
"Racing",2017,"Donruss","Base Brand Donruss","Printing Plates Black","Christopher Bell","JBL | Kyle Busch Motorsports | Toyota","Driver",83,1
"Racing",2017,"Donruss","Base Brand Donruss","Printing Plates Black","Matt Crafton","Chi Chi's/Menards | ThorSport Racing | Toyota","Driver",84,1
"Racing",2017,"Donruss","Base Brand Donruss","Printing Plates Black","Ben Kennedy","Jacob Companies | GMS Racing | Chevrolet","Driver",85,1
"Racing",2017,"Donruss","Base Brand Donruss","Printing Plates Black","Cameron Hayley","Cabinets by Hayley/Carolina Nut | ThorSport Racing | Toyota","Driver",86,1
"Racing",2017,"Donruss","Base Brand Donruss","Printing Plates Black","Johnny Sauter","GMS Racing | GMS Racing | Chevrolet","Driver",87,1
"Racing",2017,"Donruss","Base Brand Donruss","Printing Plates Black","Daniel Hemric","Draw-Tite | Brad Keselowski Racing | Ford","Driver",88,1
"Racing",2017,"Donruss","Base Brand Donruss","Printing Plates Black","John Hunter Nemechek","Fire Alarm Services | NEMCO Motorsports | Chevrolet","Driver",89,1
"Racing",2017,"Donruss","Base Brand Donruss","Printing Plates Black","Tyler Reddick","Cooper Standard | Brad Keselowski Racing | Ford","Driver",90,1
"Racing",2017,"Donruss","Base Brand Donruss","Printing Plates Black","Matt Kenseth","DeWalt | Joe Gibbs Racing | Toyota","Driver",124,1
"Racing",2017,"Donruss","Base Brand Donruss","Printing Plates Black","Chris Buescher","Dockside Logistics | Front Row Motorsports | Ford","Driver",135,1
"Racing",2017,"Donruss","Base Brand Donruss","Printing Plates Black","Tony Stewart","Mobil 1 | Stewart-Haas Racing | Chevrolet","Driver",136,1
"Racing",2017,"Donruss","Base Brand Donruss","Printing Plates Cyan","Dale Earnhardt Jr","Nationwide | Hendrick Motorsports | Chevrolet","Driver",37,1
"Racing",2017,"Donruss","Base Brand Donruss","Printing Plates Cyan","Matt Kenseth","DeWalt | Joe Gibbs Racing | Toyota","Driver",38,1
"Racing",2017,"Donruss","Base Brand Donruss","Printing Plates Cyan","Brad Keselowski","Miller Lite | Team Penske | Ford","Driver",39,1
"Racing",2017,"Donruss","Base Brand Donruss","Printing Plates Cyan","Kevin Harvick","Jimmy John's | Stewart-Haas Racing | Chevrolet","Driver",40,1
"Racing",2017,"Donruss","Base Brand Donruss","Printing Plates Cyan","Denny Hamlin","FedEx Express | Joe Gibbs Racing | Toyota","Driver",41,1
"Racing",2017,"Donruss","Base Brand Donruss","Printing Plates Cyan","Austin Dillon","Dow Chemical | Richard Childress Racing | Chevrolet","Driver",42,1
"Racing",2017,"Donruss","Base Brand Donruss","Printing Plates Cyan","Joey Logano","Shell-Pennzoil | Team Penske | Ford","Driver",43,1
"Racing",2017,"Donruss","Base Brand Donruss","Printing Plates Cyan","Kyle Busch","M&M's | Joe Gibbs Racing | Toyota","Driver",44,1
"Racing",2017,"Donruss","Base Brand Donruss","Printing Plates Cyan","Carl Edwards","ARRIS | Joe Gibbs Racing | Toyota","Driver",45,1
"Racing",2017,"Donruss","Base Brand Donruss","Printing Plates Cyan","Chase Elliott","NAPA Auto Parts | Hendrick Motorsports | Chevrolet","Driver",46,1
"Racing",2017,"Donruss","Base Brand Donruss","Printing Plates Cyan","Jimmie Johnson","Lowe's | Hendrick Motorsports | Chevrolet","Driver",47,1
"Racing",2017,"Donruss","Base Brand Donruss","Printing Plates Cyan","Kurt Busch","Haas Automation | Stewart-Haas Racing | Chevrolet","Driver",48,1
"Racing",2017,"Donruss","Base Brand Donruss","Printing Plates Cyan","Martin Truex Jr.","Bass Pro Shops-TRACKER Boats | Furniture Row Racing | Toyota","Driver",49,1
"Racing",2017,"Donruss","Base Brand Donruss","Printing Plates Cyan","Jamie McMurray","Cessna | Chip Ganassi Racing | Chevrolet","Driver",50,1
"Racing",2017,"Donruss","Base Brand Donruss","Printing Plates Cyan","Kasey Kahne","Farmers Insurance | Hendrick Motorsports | Chevrolet","Driver",51,1
"Racing",2017,"Donruss","Base Brand Donruss","Printing Plates Cyan","Danica Patrick","Nature's Bakery | Stewart-Haas Racing | Chevrolet","Driver",52,1
"Racing",2017,"Donruss","Base Brand Donruss","Printing Plates Cyan","Casey Mears","GEICO | Germain Racing | Chevrolet","Driver",53,1
"Racing",2017,"Donruss","Base Brand Donruss","Printing Plates Cyan","Trevor Bayne","AdvoCare | Roush Fenway Racing | Ford","Driver",54,1
"Racing",2017,"Donruss","Base Brand Donruss","Printing Plates Cyan","Clint Bowyer","5-Hour Energy | HScott Motorsports | Chevrolet","Driver",55,1
"Racing",2017,"Donruss","Base Brand Donruss","Printing Plates Cyan","Paul Menard","Menards | Richard Childress Racing | Chevrolet","Driver",56,1
"Racing",2017,"Donruss","Base Brand Donruss","Printing Plates Cyan","Greg Biffle","Kleen Performance Products | Roush Fenway Racing | Ford","Driver",57,1
"Racing",2017,"Donruss","Base Brand Donruss","Printing Plates Cyan","Ricky Stenhouse Jr","Fastenal | Roush Fenway Racing | Ford","Driver",58,1
"Racing",2017,"Donruss","Base Brand Donruss","Printing Plates Cyan","AJ Allmendinger","Kroger | JTG Daugherty Racing | Chevrolet","Driver",59,1
"Racing",2017,"Donruss","Base Brand Donruss","Printing Plates Cyan","Ryan Newman","Caterpillar | Richard Childress Racing | Chevrolet","Driver",60,1
"Racing",2017,"Donruss","Base Brand Donruss","Printing Plates Cyan","Jeffrey Earnhardt","Can-Am | Go FAS Racing | Ford","Driver",61,1
"Racing",2017,"Donruss","Base Brand Donruss","Printing Plates Cyan","Chris Buescher","Dockside Logistics | Front Row Motorsports | Ford","Driver",62,1
"Racing",2017,"Donruss","Base Brand Donruss","Printing Plates Cyan","Ryan Blaney","Motorcraft | Wood Brothers Racing | Ford","Driver",63,1
"Racing",2017,"Donruss","Base Brand Donruss","Printing Plates Cyan","Landon Cassill","Front Row Motorsports | Ford","Driver",64,1
"Racing",2017,"Donruss","Base Brand Donruss","Printing Plates Cyan","Bobby Labonte","C&J Energy Services | Go FAS Racing | Ford","Driver",65,1
"Racing",2017,"Donruss","Base Brand Donruss","Printing Plates Cyan","Brian Scott","Albertsons | Richard Petty Motorsports | Ford","Driver",66,1
"Racing",2017,"Donruss","Base Brand Donruss","Printing Plates Cyan","Michael Annett","Pilot Flying J | HScott Motorsports | Chevrolet","Driver",67,1
"Racing",2017,"Donruss","Base Brand Donruss","Printing Plates Cyan","Matt DiBenedetto","Cosmo Motors | BK Racing | Toyota","Driver",68,1
"Racing",2017,"Donruss","Base Brand Donruss","Printing Plates Cyan","Alex Bowman","Nationwide | Hendrick Motorsports | Chevrolet","Driver",69,1
"Racing",2017,"Donruss","Base Brand Donruss","Printing Plates Cyan","Michael McDowell","Thrivent Financial | Circle Sport-Leavine Family Racing | Chevrolet","Driver",70,1
"Racing",2017,"Donruss","Base Brand Donruss","Printing Plates Cyan","Regan Smith","NIKKO RC / TOY STATE | Tommy Baldwin Racing | Chevrolet","Driver",71,1
"Racing",2017,"Donruss","Base Brand Donruss","Printing Plates Cyan","David Ragan","Dr Pepper | BK Racing | Toyota","Driver",72,1
"Racing",2017,"Donruss","Base Brand Donruss","Printing Plates Cyan","Elliott Sadler","OneMain Financial | JR Motorsports | Chevrolet","Driver",73,1
"Racing",2017,"Donruss","Base Brand Donruss","Printing Plates Cyan","Daniel Suarez","ARRIS | Joe Gibbs Racing | Toyota","Driver",74,1
"Racing",2017,"Donruss","Base Brand Donruss","Printing Plates Cyan","Justin Allgaier","TaxSlayer.com | JR Motorsports | Chevrolet","Driver",75,1
"Racing",2017,"Donruss","Base Brand Donruss","Printing Plates Cyan","Ross Chastain","Flex Seal | JD Motorsports | Chevrolet","Driver",76,1
"Racing",2017,"Donruss","Base Brand Donruss","Printing Plates Cyan","Erik Jones","Game Stop | Joe Gibbs Racing | Toyota","Driver",77,1
"Racing",2017,"Donruss","Base Brand Donruss","Printing Plates Cyan","Ryan Reed","Lilly Diabetes | Roush Fenway Racing | Ford","Driver",78,1
"Racing",2017,"Donruss","Base Brand Donruss","Printing Plates Cyan","Brendan Gaughan","South Point Hotel & Casino | Richard Childress Racing | Chevrolet","Driver",79,1
"Racing",2017,"Donruss","Base Brand Donruss","Printing Plates Cyan","Bubba Wallace","Ford EcoBoost | Roush Fenway Racing | Ford","Driver",80,1
"Racing",2017,"Donruss","Base Brand Donruss","Printing Plates Cyan","Ty Dillon","Bass Pro Shops-TRACKER Boats | Richard Childress Racing | Chevrolet","Driver",81,1
"Racing",2017,"Donruss","Base Brand Donruss","Printing Plates Cyan","William Byron","Liberty University | Kyle Busch Motorsports | Toyota","Driver",82,1
"Racing",2017,"Donruss","Base Brand Donruss","Printing Plates Cyan","Christopher Bell","JBL | Kyle Busch Motorsports | Toyota","Driver",83,1
"Racing",2017,"Donruss","Base Brand Donruss","Printing Plates Cyan","Matt Crafton","Chi Chi's/Menards | ThorSport Racing | Toyota","Driver",84,1
"Racing",2017,"Donruss","Base Brand Donruss","Printing Plates Cyan","Ben Kennedy","Jacob Companies | GMS Racing | Chevrolet","Driver",85,1
"Racing",2017,"Donruss","Base Brand Donruss","Printing Plates Cyan","Cameron Hayley","Cabinets by Hayley/Carolina Nut | ThorSport Racing | Toyota","Driver",86,1
"Racing",2017,"Donruss","Base Brand Donruss","Printing Plates Cyan","Johnny Sauter","GMS Racing | GMS Racing | Chevrolet","Driver",87,1
"Racing",2017,"Donruss","Base Brand Donruss","Printing Plates Cyan","Daniel Hemric","Draw-Tite | Brad Keselowski Racing | Ford","Driver",88,1
"Racing",2017,"Donruss","Base Brand Donruss","Printing Plates Cyan","John Hunter Nemechek","Fire Alarm Services | NEMCO Motorsports | Chevrolet","Driver",89,1
"Racing",2017,"Donruss","Base Brand Donruss","Printing Plates Cyan","Tyler Reddick","Cooper Standard | Brad Keselowski Racing | Ford","Driver",90,1
"Racing",2017,"Donruss","Base Brand Donruss","Printing Plates Cyan","Matt Kenseth","DeWalt | Joe Gibbs Racing | Toyota","Driver",124,1
"Racing",2017,"Donruss","Base Brand Donruss","Printing Plates Cyan","Chris Buescher","Dockside Logistics | Front Row Motorsports | Ford","Driver",135,1
"Racing",2017,"Donruss","Base Brand Donruss","Printing Plates Cyan","Tony Stewart","Mobil 1 | Stewart-Haas Racing | Chevrolet","Driver",136,1
"Racing",2017,"Donruss","Base Brand Donruss","Printing Plates Magenta","Dale Earnhardt Jr","Nationwide | Hendrick Motorsports | Chevrolet","Driver",37,1
"Racing",2017,"Donruss","Base Brand Donruss","Printing Plates Magenta","Matt Kenseth","DeWalt | Joe Gibbs Racing | Toyota","Driver",38,1
"Racing",2017,"Donruss","Base Brand Donruss","Printing Plates Magenta","Brad Keselowski","Miller Lite | Team Penske | Ford","Driver",39,1
"Racing",2017,"Donruss","Base Brand Donruss","Printing Plates Magenta","Kevin Harvick","Jimmy John's | Stewart-Haas Racing | Chevrolet","Driver",40,1
"Racing",2017,"Donruss","Base Brand Donruss","Printing Plates Magenta","Denny Hamlin","FedEx Express | Joe Gibbs Racing | Toyota","Driver",41,1
"Racing",2017,"Donruss","Base Brand Donruss","Printing Plates Magenta","Austin Dillon","Dow Chemical | Richard Childress Racing | Chevrolet","Driver",42,1
"Racing",2017,"Donruss","Base Brand Donruss","Printing Plates Magenta","Joey Logano","Shell-Pennzoil | Team Penske | Ford","Driver",43,1
"Racing",2017,"Donruss","Base Brand Donruss","Printing Plates Magenta","Kyle Busch","M&M's | Joe Gibbs Racing | Toyota","Driver",44,1
"Racing",2017,"Donruss","Base Brand Donruss","Printing Plates Magenta","Carl Edwards","ARRIS | Joe Gibbs Racing | Toyota","Driver",45,1
"Racing",2017,"Donruss","Base Brand Donruss","Printing Plates Magenta","Chase Elliott","NAPA Auto Parts | Hendrick Motorsports | Chevrolet","Driver",46,1
"Racing",2017,"Donruss","Base Brand Donruss","Printing Plates Magenta","Jimmie Johnson","Lowe's | Hendrick Motorsports | Chevrolet","Driver",47,1
"Racing",2017,"Donruss","Base Brand Donruss","Printing Plates Magenta","Kurt Busch","Haas Automation | Stewart-Haas Racing | Chevrolet","Driver",48,1
"Racing",2017,"Donruss","Base Brand Donruss","Printing Plates Magenta","Martin Truex Jr.","Bass Pro Shops-TRACKER Boats | Furniture Row Racing | Toyota","Driver",49,1
"Racing",2017,"Donruss","Base Brand Donruss","Printing Plates Magenta","Jamie McMurray","Cessna | Chip Ganassi Racing | Chevrolet","Driver",50,1
"Racing",2017,"Donruss","Base Brand Donruss","Printing Plates Magenta","Kasey Kahne","Farmers Insurance | Hendrick Motorsports | Chevrolet","Driver",51,1
"Racing",2017,"Donruss","Base Brand Donruss","Printing Plates Magenta","Danica Patrick","Nature's Bakery | Stewart-Haas Racing | Chevrolet","Driver",52,1
"Racing",2017,"Donruss","Base Brand Donruss","Printing Plates Magenta","Casey Mears","GEICO | Germain Racing | Chevrolet","Driver",53,1
"Racing",2017,"Donruss","Base Brand Donruss","Printing Plates Magenta","Trevor Bayne","AdvoCare | Roush Fenway Racing | Ford","Driver",54,1
"Racing",2017,"Donruss","Base Brand Donruss","Printing Plates Magenta","Clint Bowyer","5-Hour Energy | HScott Motorsports | Chevrolet","Driver",55,1
"Racing",2017,"Donruss","Base Brand Donruss","Printing Plates Magenta","Paul Menard","Menards | Richard Childress Racing | Chevrolet","Driver",56,1
"Racing",2017,"Donruss","Base Brand Donruss","Printing Plates Magenta","Greg Biffle","Kleen Performance Products | Roush Fenway Racing | Ford","Driver",57,1
"Racing",2017,"Donruss","Base Brand Donruss","Printing Plates Magenta","Ricky Stenhouse Jr","Fastenal | Roush Fenway Racing | Ford","Driver",58,1
"Racing",2017,"Donruss","Base Brand Donruss","Printing Plates Magenta","AJ Allmendinger","Kroger | JTG Daugherty Racing | Chevrolet","Driver",59,1
"Racing",2017,"Donruss","Base Brand Donruss","Printing Plates Magenta","Ryan Newman","Caterpillar | Richard Childress Racing | Chevrolet","Driver",60,1
"Racing",2017,"Donruss","Base Brand Donruss","Printing Plates Magenta","Jeffrey Earnhardt","Can-Am | Go FAS Racing | Ford","Driver",61,1
"Racing",2017,"Donruss","Base Brand Donruss","Printing Plates Magenta","Chris Buescher","Dockside Logistics | Front Row Motorsports | Ford","Driver",62,1
"Racing",2017,"Donruss","Base Brand Donruss","Printing Plates Magenta","Ryan Blaney","Motorcraft | Wood Brothers Racing | Ford","Driver",63,1
"Racing",2017,"Donruss","Base Brand Donruss","Printing Plates Magenta","Landon Cassill","Front Row Motorsports | Ford","Driver",64,1
"Racing",2017,"Donruss","Base Brand Donruss","Printing Plates Magenta","Bobby Labonte","C&J Energy Services | Go FAS Racing | Ford","Driver",65,1
"Racing",2017,"Donruss","Base Brand Donruss","Printing Plates Magenta","Brian Scott","Albertsons | Richard Petty Motorsports | Ford","Driver",66,1
"Racing",2017,"Donruss","Base Brand Donruss","Printing Plates Magenta","Michael Annett","Pilot Flying J | HScott Motorsports | Chevrolet","Driver",67,1
"Racing",2017,"Donruss","Base Brand Donruss","Printing Plates Magenta","Matt DiBenedetto","Cosmo Motors | BK Racing | Toyota","Driver",68,1
"Racing",2017,"Donruss","Base Brand Donruss","Printing Plates Magenta","Alex Bowman","Nationwide | Hendrick Motorsports | Chevrolet","Driver",69,1
"Racing",2017,"Donruss","Base Brand Donruss","Printing Plates Magenta","Michael McDowell","Thrivent Financial | Circle Sport-Leavine Family Racing | Chevrolet","Driver",70,1
"Racing",2017,"Donruss","Base Brand Donruss","Printing Plates Magenta","Regan Smith","NIKKO RC / TOY STATE | Tommy Baldwin Racing | Chevrolet","Driver",71,1
"Racing",2017,"Donruss","Base Brand Donruss","Printing Plates Magenta","David Ragan","Dr Pepper | BK Racing | Toyota","Driver",72,1
"Racing",2017,"Donruss","Base Brand Donruss","Printing Plates Magenta","Elliott Sadler","OneMain Financial | JR Motorsports | Chevrolet","Driver",73,1
"Racing",2017,"Donruss","Base Brand Donruss","Printing Plates Magenta","Daniel Suarez","ARRIS | Joe Gibbs Racing | Toyota","Driver",74,1
"Racing",2017,"Donruss","Base Brand Donruss","Printing Plates Magenta","Justin Allgaier","TaxSlayer.com | JR Motorsports | Chevrolet","Driver",75,1
"Racing",2017,"Donruss","Base Brand Donruss","Printing Plates Magenta","Ross Chastain","Flex Seal | JD Motorsports | Chevrolet","Driver",76,1
"Racing",2017,"Donruss","Base Brand Donruss","Printing Plates Magenta","Erik Jones","Game Stop | Joe Gibbs Racing | Toyota","Driver",77,1
"Racing",2017,"Donruss","Base Brand Donruss","Printing Plates Magenta","Ryan Reed","Lilly Diabetes | Roush Fenway Racing | Ford","Driver",78,1
"Racing",2017,"Donruss","Base Brand Donruss","Printing Plates Magenta","Brendan Gaughan","South Point Hotel & Casino | Richard Childress Racing | Chevrolet","Driver",79,1
"Racing",2017,"Donruss","Base Brand Donruss","Printing Plates Magenta","Bubba Wallace","Ford EcoBoost | Roush Fenway Racing | Ford","Driver",80,1
"Racing",2017,"Donruss","Base Brand Donruss","Printing Plates Magenta","Ty Dillon","Bass Pro Shops-TRACKER Boats | Richard Childress Racing | Chevrolet","Driver",81,1
"Racing",2017,"Donruss","Base Brand Donruss","Printing Plates Magenta","William Byron","Liberty University | Kyle Busch Motorsports | Toyota","Driver",82,1
"Racing",2017,"Donruss","Base Brand Donruss","Printing Plates Magenta","Christopher Bell","JBL | Kyle Busch Motorsports | Toyota","Driver",83,1
"Racing",2017,"Donruss","Base Brand Donruss","Printing Plates Magenta","Matt Crafton","Chi Chi's/Menards | ThorSport Racing | Toyota","Driver",84,1
"Racing",2017,"Donruss","Base Brand Donruss","Printing Plates Magenta","Ben Kennedy","Jacob Companies | GMS Racing | Chevrolet","Driver",85,1
"Racing",2017,"Donruss","Base Brand Donruss","Printing Plates Magenta","Cameron Hayley","Cabinets by Hayley/Carolina Nut | ThorSport Racing | Toyota","Driver",86,1
"Racing",2017,"Donruss","Base Brand Donruss","Printing Plates Magenta","Johnny Sauter","GMS Racing | GMS Racing | Chevrolet","Driver",87,1
"Racing",2017,"Donruss","Base Brand Donruss","Printing Plates Magenta","Daniel Hemric","Draw-Tite | Brad Keselowski Racing | Ford","Driver",88,1
"Racing",2017,"Donruss","Base Brand Donruss","Printing Plates Magenta","John Hunter Nemechek","Fire Alarm Services | NEMCO Motorsports | Chevrolet","Driver",89,1
"Racing",2017,"Donruss","Base Brand Donruss","Printing Plates Magenta","Tyler Reddick","Cooper Standard | Brad Keselowski Racing | Ford","Driver",90,1
"Racing",2017,"Donruss","Base Brand Donruss","Printing Plates Magenta","Matt Kenseth","DeWalt | Joe Gibbs Racing | Toyota","Driver",124,1
"Racing",2017,"Donruss","Base Brand Donruss","Printing Plates Magenta","Chris Buescher","Dockside Logistics | Front Row Motorsports | Ford","Driver",135,1
"Racing",2017,"Donruss","Base Brand Donruss","Printing Plates Magenta","Tony Stewart","Mobil 1 | Stewart-Haas Racing | Chevrolet","Driver",136,1
"Racing",2017,"Donruss","Base Brand Donruss","Printing Plates Yellow","Dale Earnhardt Jr","Nationwide | Hendrick Motorsports | Chevrolet","Driver",37,1
"Racing",2017,"Donruss","Base Brand Donruss","Printing Plates Yellow","Matt Kenseth","DeWalt | Joe Gibbs Racing | Toyota","Driver",38,1
"Racing",2017,"Donruss","Base Brand Donruss","Printing Plates Yellow","Brad Keselowski","Miller Lite | Team Penske | Ford","Driver",39,1
"Racing",2017,"Donruss","Base Brand Donruss","Printing Plates Yellow","Kevin Harvick","Jimmy John's | Stewart-Haas Racing | Chevrolet","Driver",40,1
"Racing",2017,"Donruss","Base Brand Donruss","Printing Plates Yellow","Denny Hamlin","FedEx Express | Joe Gibbs Racing | Toyota","Driver",41,1
"Racing",2017,"Donruss","Base Brand Donruss","Printing Plates Yellow","Austin Dillon","Dow Chemical | Richard Childress Racing | Chevrolet","Driver",42,1
"Racing",2017,"Donruss","Base Brand Donruss","Printing Plates Yellow","Joey Logano","Shell-Pennzoil | Team Penske | Ford","Driver",43,1
"Racing",2017,"Donruss","Base Brand Donruss","Printing Plates Yellow","Kyle Busch","M&M's | Joe Gibbs Racing | Toyota","Driver",44,1
"Racing",2017,"Donruss","Base Brand Donruss","Printing Plates Yellow","Carl Edwards","ARRIS | Joe Gibbs Racing | Toyota","Driver",45,1
"Racing",2017,"Donruss","Base Brand Donruss","Printing Plates Yellow","Chase Elliott","NAPA Auto Parts | Hendrick Motorsports | Chevrolet","Driver",46,1
"Racing",2017,"Donruss","Base Brand Donruss","Printing Plates Yellow","Jimmie Johnson","Lowe's | Hendrick Motorsports | Chevrolet","Driver",47,1
"Racing",2017,"Donruss","Base Brand Donruss","Printing Plates Yellow","Kurt Busch","Haas Automation | Stewart-Haas Racing | Chevrolet","Driver",48,1
"Racing",2017,"Donruss","Base Brand Donruss","Printing Plates Yellow","Martin Truex Jr.","Bass Pro Shops-TRACKER Boats | Furniture Row Racing | Toyota","Driver",49,1
"Racing",2017,"Donruss","Base Brand Donruss","Printing Plates Yellow","Jamie McMurray","Cessna | Chip Ganassi Racing | Chevrolet","Driver",50,1
"Racing",2017,"Donruss","Base Brand Donruss","Printing Plates Yellow","Kasey Kahne","Farmers Insurance | Hendrick Motorsports | Chevrolet","Driver",51,1
"Racing",2017,"Donruss","Base Brand Donruss","Printing Plates Yellow","Danica Patrick","Nature's Bakery | Stewart-Haas Racing | Chevrolet","Driver",52,1
"Racing",2017,"Donruss","Base Brand Donruss","Printing Plates Yellow","Casey Mears","GEICO | Germain Racing | Chevrolet","Driver",53,1
"Racing",2017,"Donruss","Base Brand Donruss","Printing Plates Yellow","Trevor Bayne","AdvoCare | Roush Fenway Racing | Ford","Driver",54,1
"Racing",2017,"Donruss","Base Brand Donruss","Printing Plates Yellow","Clint Bowyer","5-Hour Energy | HScott Motorsports | Chevrolet","Driver",55,1
"Racing",2017,"Donruss","Base Brand Donruss","Printing Plates Yellow","Paul Menard","Menards | Richard Childress Racing | Chevrolet","Driver",56,1
"Racing",2017,"Donruss","Base Brand Donruss","Printing Plates Yellow","Greg Biffle","Kleen Performance Products | Roush Fenway Racing | Ford","Driver",57,1
"Racing",2017,"Donruss","Base Brand Donruss","Printing Plates Yellow","Ricky Stenhouse Jr","Fastenal | Roush Fenway Racing | Ford","Driver",58,1
"Racing",2017,"Donruss","Base Brand Donruss","Printing Plates Yellow","AJ Allmendinger","Kroger | JTG Daugherty Racing | Chevrolet","Driver",59,1
"Racing",2017,"Donruss","Base Brand Donruss","Printing Plates Yellow","Ryan Newman","Caterpillar | Richard Childress Racing | Chevrolet","Driver",60,1
"Racing",2017,"Donruss","Base Brand Donruss","Printing Plates Yellow","Jeffrey Earnhardt","Can-Am | Go FAS Racing | Ford","Driver",61,1
"Racing",2017,"Donruss","Base Brand Donruss","Printing Plates Yellow","Chris Buescher","Dockside Logistics | Front Row Motorsports | Ford","Driver",62,1
"Racing",2017,"Donruss","Base Brand Donruss","Printing Plates Yellow","Ryan Blaney","Motorcraft | Wood Brothers Racing | Ford","Driver",63,1
"Racing",2017,"Donruss","Base Brand Donruss","Printing Plates Yellow","Landon Cassill","Front Row Motorsports | Ford","Driver",64,1
"Racing",2017,"Donruss","Base Brand Donruss","Printing Plates Yellow","Bobby Labonte","C&J Energy Services | Go FAS Racing | Ford","Driver",65,1
"Racing",2017,"Donruss","Base Brand Donruss","Printing Plates Yellow","Brian Scott","Albertsons | Richard Petty Motorsports | Ford","Driver",66,1
"Racing",2017,"Donruss","Base Brand Donruss","Printing Plates Yellow","Michael Annett","Pilot Flying J | HScott Motorsports | Chevrolet","Driver",67,1
"Racing",2017,"Donruss","Base Brand Donruss","Printing Plates Yellow","Matt DiBenedetto","Cosmo Motors | BK Racing | Toyota","Driver",68,1
"Racing",2017,"Donruss","Base Brand Donruss","Printing Plates Yellow","Alex Bowman","Nationwide | Hendrick Motorsports | Chevrolet","Driver",69,1
"Racing",2017,"Donruss","Base Brand Donruss","Printing Plates Yellow","Michael McDowell","Thrivent Financial | Circle Sport-Leavine Family Racing | Chevrolet","Driver",70,1
"Racing",2017,"Donruss","Base Brand Donruss","Printing Plates Yellow","Regan Smith","NIKKO RC / TOY STATE | Tommy Baldwin Racing | Chevrolet","Driver",71,1
"Racing",2017,"Donruss","Base Brand Donruss","Printing Plates Yellow","David Ragan","Dr Pepper | BK Racing | Toyota","Driver",72,1
"Racing",2017,"Donruss","Base Brand Donruss","Printing Plates Yellow","Elliott Sadler","OneMain Financial | JR Motorsports | Chevrolet","Driver",73,1
"Racing",2017,"Donruss","Base Brand Donruss","Printing Plates Yellow","Daniel Suarez","ARRIS | Joe Gibbs Racing | Toyota","Driver",74,1
"Racing",2017,"Donruss","Base Brand Donruss","Printing Plates Yellow","Justin Allgaier","TaxSlayer.com | JR Motorsports | Chevrolet","Driver",75,1
"Racing",2017,"Donruss","Base Brand Donruss","Printing Plates Yellow","Ross Chastain","Flex Seal | JD Motorsports | Chevrolet","Driver",76,1
"Racing",2017,"Donruss","Base Brand Donruss","Printing Plates Yellow","Erik Jones","Game Stop | Joe Gibbs Racing | Toyota","Driver",77,1
"Racing",2017,"Donruss","Base Brand Donruss","Printing Plates Yellow","Ryan Reed","Lilly Diabetes | Roush Fenway Racing | Ford","Driver",78,1
"Racing",2017,"Donruss","Base Brand Donruss","Printing Plates Yellow","Brendan Gaughan","South Point Hotel & Casino | Richard Childress Racing | Chevrolet","Driver",79,1
"Racing",2017,"Donruss","Base Brand Donruss","Printing Plates Yellow","Bubba Wallace","Ford EcoBoost | Roush Fenway Racing | Ford","Driver",80,1
"Racing",2017,"Donruss","Base Brand Donruss","Printing Plates Yellow","Ty Dillon","Bass Pro Shops-TRACKER Boats | Richard Childress Racing | Chevrolet","Driver",81,1
"Racing",2017,"Donruss","Base Brand Donruss","Printing Plates Yellow","William Byron","Liberty University | Kyle Busch Motorsports | Toyota","Driver",82,1
"Racing",2017,"Donruss","Base Brand Donruss","Printing Plates Yellow","Christopher Bell","JBL | Kyle Busch Motorsports | Toyota","Driver",83,1
"Racing",2017,"Donruss","Base Brand Donruss","Printing Plates Yellow","Matt Crafton","Chi Chi's/Menards | ThorSport Racing | Toyota","Driver",84,1
"Racing",2017,"Donruss","Base Brand Donruss","Printing Plates Yellow","Ben Kennedy","Jacob Companies | GMS Racing | Chevrolet","Driver",85,1
"Racing",2017,"Donruss","Base Brand Donruss","Printing Plates Yellow","Cameron Hayley","Cabinets by Hayley/Carolina Nut | ThorSport Racing | Toyota","Driver",86,1
"Racing",2017,"Donruss","Base Brand Donruss","Printing Plates Yellow","Johnny Sauter","GMS Racing | GMS Racing | Chevrolet","Driver",87,1
"Racing",2017,"Donruss","Base Brand Donruss","Printing Plates Yellow","Daniel Hemric","Draw-Tite | Brad Keselowski Racing | Ford","Driver",88,1
"Racing",2017,"Donruss","Base Brand Donruss","Printing Plates Yellow","John Hunter Nemechek","Fire Alarm Services | NEMCO Motorsports | Chevrolet","Driver",89,1
"Racing",2017,"Donruss","Base Brand Donruss","Printing Plates Yellow","Tyler Reddick","Cooper Standard | Brad Keselowski Racing | Ford","Driver",90,1
"Racing",2017,"Donruss","Base Brand Donruss","Printing Plates Yellow","Matt Kenseth","DeWalt | Joe Gibbs Racing | Toyota","Driver",124,1
"Racing",2017,"Donruss","Base Brand Donruss","Printing Plates Yellow","Chris Buescher","Dockside Logistics | Front Row Motorsports | Ford","Driver",135,1
"Racing",2017,"Donruss","Base Brand Donruss","Printing Plates Yellow","Tony Stewart","Mobil 1 | Stewart-Haas Racing | Chevrolet","Driver",136,1
"Racing",2017,"Donruss","Base Brand Donruss","Race Kings","Jimmie Johnson","Lowe's | Hendrick Motorsports | Chevrolet","Driver",1,
"Racing",2017,"Donruss","Base Brand Donruss","Race Kings","Kyle Busch","M&M's | Joe Gibbs Racing | Toyota","Driver",2,
"Racing",2017,"Donruss","Base Brand Donruss","Race Kings","Dale Earnhardt Jr","Nationwide | Hendrick Motorsports | Chevrolet","Driver",3,
"Racing",2017,"Donruss","Base Brand Donruss","Race Kings","Kevin Harvick","Jimmy John's | Stewart-Haas Racing | Chevrolet","Driver",4,
"Racing",2017,"Donruss","Base Brand Donruss","Race Kings","Clint Bowyer","5-Hour Energy | HScott Motorsports | Chevrolet","Driver",5,
"Racing",2017,"Donruss","Base Brand Donruss","Race Kings","Denny Hamlin","FedEx Express | Joe Gibbs Racing | Toyota","Driver",6,
"Racing",2017,"Donruss","Base Brand Donruss","Race Kings","Danica Patrick","Nature's Bakery | Stewart-Haas Racing | Chevrolet","Driver",7,
"Racing",2017,"Donruss","Base Brand Donruss","Race Kings","Joey Logano","Shell-Pennzoil | Team Penske | Ford","Driver",8,
"Racing",2017,"Donruss","Base Brand Donruss","Race Kings","Brad Keselowski","Miller Lite | Team Penske | Ford","Driver",9,
"Racing",2017,"Donruss","Base Brand Donruss","Race Kings","Matt Kenseth","DeWalt | Joe Gibbs Racing | Toyota","Driver",10,
"Racing",2017,"Donruss","Base Brand Donruss","Race Kings","Kurt Busch","Haas Automation | Stewart-Haas Racing | Chevrolet","Driver",11,
"Racing",2017,"Donruss","Base Brand Donruss","Race Kings","Carl Edwards","ARRIS | Joe Gibbs Racing | Toyota","Driver",12,
"Racing",2017,"Donruss","Base Brand Donruss","Race Kings","Kasey Kahne","Farmers Insurance | Hendrick Motorsports | Chevrolet","Driver",13,
"Racing",2017,"Donruss","Base Brand Donruss","Race Kings","Chase Elliott","NAPA Auto Parts | Hendrick Motorsports | Chevrolet","Driver",14,
"Racing",2017,"Donruss","Base Brand Donruss","Race Kings","Greg Biffle","Kleen Performance Products | Roush Fenway Racing | Ford","Driver",15,
"Racing",2017,"Donruss","Base Brand Donruss","Race Kings","Martin Truex Jr.","Bass Pro Shops-TRACKER Boats | Furniture Row Racing | Toyota","Driver",16,
"Racing",2017,"Donruss","Base Brand Donruss","Race Kings","Jamie McMurray","Cessna | Chip Ganassi Racing | Chevrolet","Driver",17,
"Racing",2017,"Donruss","Base Brand Donruss","Race Kings","Trevor Bayne","AdvoCare | Roush Fenway Racing | Ford","Driver",18,
"Racing",2017,"Donruss","Base Brand Donruss","Race Kings","Ryan Newman","Caterpillar | Richard Childress Racing | Chevrolet","Driver",19,
"Racing",2017,"Donruss","Base Brand Donruss","Race Kings","Paul Menard","Menards | Richard Childress Racing | Chevrolet","Driver",20,
"Racing",2017,"Donruss","Base Brand Donruss","Race Kings","Ryan Blaney","Motorcraft | Wood Brothers Racing | Ford","Driver",21,
"Racing",2017,"Donruss","Base Brand Donruss","Race Kings","Chris Buescher","Dockside Logistics | Front Row Motorsports | Ford","Driver",22,
"Racing",2017,"Donruss","Base Brand Donruss","Race Kings","Austin Dillon","Dow Chemical | Richard Childress Racing | Chevrolet","Driver",23,
"Racing",2017,"Donruss","Base Brand Donruss","Race Kings","Bobby Labonte","C&J Energy Services | Go FAS Racing | Ford","Driver",24,
"Racing",2017,"Donruss","Base Brand Donruss","Race Kings","Casey Mears","GEICO | Germain Racing | Chevrolet","Driver",25,
"Racing",2017,"Donruss","Base Brand Donruss","Race Kings","AJ Allmendinger","Kroger | JTG Daugherty Racing | Chevrolet","Driver",26,
"Racing",2017,"Donruss","Base Brand Donruss","Race Kings","Tony Stewart","Mobil 1 | Stewart-Haas Racing | Chevrolet","Driver",27,
"Racing",2017,"Donruss","Base Brand Donruss","Race Kings Artist Proof","Jimmie Johnson","Lowe's | Hendrick Motorsports | Chevrolet","Driver",1,25
"Racing",2017,"Donruss","Base Brand Donruss","Race Kings Artist Proof","Kyle Busch","M&M's | Joe Gibbs Racing | Toyota","Driver",2,25
"Racing",2017,"Donruss","Base Brand Donruss","Race Kings Artist Proof","Dale Earnhardt Jr","Nationwide | Hendrick Motorsports | Chevrolet","Driver",3,25
"Racing",2017,"Donruss","Base Brand Donruss","Race Kings Artist Proof","Kevin Harvick","Jimmy John's | Stewart-Haas Racing | Chevrolet","Driver",4,25
"Racing",2017,"Donruss","Base Brand Donruss","Race Kings Artist Proof","Clint Bowyer","5-Hour Energy | HScott Motorsports | Chevrolet","Driver",5,25
"Racing",2017,"Donruss","Base Brand Donruss","Race Kings Artist Proof","Denny Hamlin","FedEx Express | Joe Gibbs Racing | Toyota","Driver",6,25
"Racing",2017,"Donruss","Base Brand Donruss","Race Kings Artist Proof","Danica Patrick","Nature's Bakery | Stewart-Haas Racing | Chevrolet","Driver",7,25
"Racing",2017,"Donruss","Base Brand Donruss","Race Kings Artist Proof","Joey Logano","Shell-Pennzoil | Team Penske | Ford","Driver",8,25
"Racing",2017,"Donruss","Base Brand Donruss","Race Kings Artist Proof","Brad Keselowski","Miller Lite | Team Penske | Ford","Driver",9,25
"Racing",2017,"Donruss","Base Brand Donruss","Race Kings Artist Proof","Matt Kenseth","DeWalt | Joe Gibbs Racing | Toyota","Driver",10,25
"Racing",2017,"Donruss","Base Brand Donruss","Race Kings Artist Proof","Kurt Busch","Haas Automation | Stewart-Haas Racing | Chevrolet","Driver",11,25
"Racing",2017,"Donruss","Base Brand Donruss","Race Kings Artist Proof","Carl Edwards","ARRIS | Joe Gibbs Racing | Toyota","Driver",12,25
"Racing",2017,"Donruss","Base Brand Donruss","Race Kings Artist Proof","Kasey Kahne","Farmers Insurance | Hendrick Motorsports | Chevrolet","Driver",13,25
"Racing",2017,"Donruss","Base Brand Donruss","Race Kings Artist Proof","Chase Elliott","NAPA Auto Parts | Hendrick Motorsports | Chevrolet","Driver",14,25
"Racing",2017,"Donruss","Base Brand Donruss","Race Kings Artist Proof","Greg Biffle","Kleen Performance Products | Roush Fenway Racing | Ford","Driver",15,25
"Racing",2017,"Donruss","Base Brand Donruss","Race Kings Artist Proof","Martin Truex Jr.","Bass Pro Shops-TRACKER Boats | Furniture Row Racing | Toyota","Driver",16,25
"Racing",2017,"Donruss","Base Brand Donruss","Race Kings Artist Proof","Jamie McMurray","Cessna | Chip Ganassi Racing | Chevrolet","Driver",17,25
"Racing",2017,"Donruss","Base Brand Donruss","Race Kings Artist Proof","Trevor Bayne","AdvoCare | Roush Fenway Racing | Ford","Driver",18,25
"Racing",2017,"Donruss","Base Brand Donruss","Race Kings Artist Proof","Ryan Newman","Caterpillar | Richard Childress Racing | Chevrolet","Driver",19,25
"Racing",2017,"Donruss","Base Brand Donruss","Race Kings Artist Proof","Paul Menard","Menards | Richard Childress Racing | Chevrolet","Driver",20,25
"Racing",2017,"Donruss","Base Brand Donruss","Race Kings Artist Proof","Ryan Blaney","Motorcraft | Wood Brothers Racing | Ford","Driver",21,25
"Racing",2017,"Donruss","Base Brand Donruss","Race Kings Artist Proof","Chris Buescher","Dockside Logistics | Front Row Motorsports | Ford","Driver",22,25
"Racing",2017,"Donruss","Base Brand Donruss","Race Kings Artist Proof","Austin Dillon","Dow Chemical | Richard Childress Racing | Chevrolet","Driver",23,25
"Racing",2017,"Donruss","Base Brand Donruss","Race Kings Artist Proof","Bobby Labonte","C&J Energy Services | Go FAS Racing | Ford","Driver",24,25
"Racing",2017,"Donruss","Base Brand Donruss","Race Kings Artist Proof","Casey Mears","GEICO | Germain Racing | Chevrolet","Driver",25,25
"Racing",2017,"Donruss","Base Brand Donruss","Race Kings Artist Proof","AJ Allmendinger","Kroger | JTG Daugherty Racing | Chevrolet","Driver",26,25
"Racing",2017,"Donruss","Base Brand Donruss","Race Kings Artist Proof","Tony Stewart","Mobil 1 | Stewart-Haas Racing | Chevrolet","Driver",27,25
"Racing",2017,"Donruss","Base Brand Donruss","Race Kings Blue Foil","Jimmie Johnson","Lowe's | Hendrick Motorsports | Chevrolet","Driver",1,299
"Racing",2017,"Donruss","Base Brand Donruss","Race Kings Blue Foil","Kyle Busch","M&M's | Joe Gibbs Racing | Toyota","Driver",2,299
"Racing",2017,"Donruss","Base Brand Donruss","Race Kings Blue Foil","Dale Earnhardt Jr","Nationwide | Hendrick Motorsports | Chevrolet","Driver",3,299
"Racing",2017,"Donruss","Base Brand Donruss","Race Kings Blue Foil","Kevin Harvick","Jimmy John's | Stewart-Haas Racing | Chevrolet","Driver",4,299
"Racing",2017,"Donruss","Base Brand Donruss","Race Kings Blue Foil","Clint Bowyer","5-Hour Energy | HScott Motorsports | Chevrolet","Driver",5,299
"Racing",2017,"Donruss","Base Brand Donruss","Race Kings Blue Foil","Denny Hamlin","FedEx Express | Joe Gibbs Racing | Toyota","Driver",6,299
"Racing",2017,"Donruss","Base Brand Donruss","Race Kings Blue Foil","Danica Patrick","Nature's Bakery | Stewart-Haas Racing | Chevrolet","Driver",7,299
"Racing",2017,"Donruss","Base Brand Donruss","Race Kings Blue Foil","Joey Logano","Shell-Pennzoil | Team Penske | Ford","Driver",8,299
"Racing",2017,"Donruss","Base Brand Donruss","Race Kings Blue Foil","Brad Keselowski","Miller Lite | Team Penske | Ford","Driver",9,299
"Racing",2017,"Donruss","Base Brand Donruss","Race Kings Blue Foil","Matt Kenseth","DeWalt | Joe Gibbs Racing | Toyota","Driver",10,299
"Racing",2017,"Donruss","Base Brand Donruss","Race Kings Blue Foil","Kurt Busch","Haas Automation | Stewart-Haas Racing | Chevrolet","Driver",11,299
"Racing",2017,"Donruss","Base Brand Donruss","Race Kings Blue Foil","Carl Edwards","ARRIS | Joe Gibbs Racing | Toyota","Driver",12,299
"Racing",2017,"Donruss","Base Brand Donruss","Race Kings Blue Foil","Kasey Kahne","Farmers Insurance | Hendrick Motorsports | Chevrolet","Driver",13,299
"Racing",2017,"Donruss","Base Brand Donruss","Race Kings Blue Foil","Chase Elliott","NAPA Auto Parts | Hendrick Motorsports | Chevrolet","Driver",14,299
"Racing",2017,"Donruss","Base Brand Donruss","Race Kings Blue Foil","Greg Biffle","Kleen Performance Products | Roush Fenway Racing | Ford","Driver",15,299
"Racing",2017,"Donruss","Base Brand Donruss","Race Kings Blue Foil","Martin Truex Jr.","Bass Pro Shops-TRACKER Boats | Furniture Row Racing | Toyota","Driver",16,299
"Racing",2017,"Donruss","Base Brand Donruss","Race Kings Blue Foil","Jamie McMurray","Cessna | Chip Ganassi Racing | Chevrolet","Driver",17,299
"Racing",2017,"Donruss","Base Brand Donruss","Race Kings Blue Foil","Trevor Bayne","AdvoCare | Roush Fenway Racing | Ford","Driver",18,299
"Racing",2017,"Donruss","Base Brand Donruss","Race Kings Blue Foil","Ryan Newman","Caterpillar | Richard Childress Racing | Chevrolet","Driver",19,299
"Racing",2017,"Donruss","Base Brand Donruss","Race Kings Blue Foil","Paul Menard","Menards | Richard Childress Racing | Chevrolet","Driver",20,299
"Racing",2017,"Donruss","Base Brand Donruss","Race Kings Blue Foil","Ryan Blaney","Motorcraft | Wood Brothers Racing | Ford","Driver",21,299
"Racing",2017,"Donruss","Base Brand Donruss","Race Kings Blue Foil","Chris Buescher","Dockside Logistics | Front Row Motorsports | Ford","Driver",22,299
"Racing",2017,"Donruss","Base Brand Donruss","Race Kings Blue Foil","Austin Dillon","Dow Chemical | Richard Childress Racing | Chevrolet","Driver",23,299
"Racing",2017,"Donruss","Base Brand Donruss","Race Kings Blue Foil","Bobby Labonte","C&J Energy Services | Go FAS Racing | Ford","Driver",24,299
"Racing",2017,"Donruss","Base Brand Donruss","Race Kings Blue Foil","Casey Mears","GEICO | Germain Racing | Chevrolet","Driver",25,299
"Racing",2017,"Donruss","Base Brand Donruss","Race Kings Blue Foil","AJ Allmendinger","Kroger | JTG Daugherty Racing | Chevrolet","Driver",26,299
"Racing",2017,"Donruss","Base Brand Donruss","Race Kings Blue Foil","Tony Stewart","Mobil 1 | Stewart-Haas Racing | Chevrolet","Driver",27,299
"Racing",2017,"Donruss","Base Brand Donruss","Race Kings Gold Foil","Jimmie Johnson","Lowe's | Hendrick Motorsports | Chevrolet","Driver",1,499
"Racing",2017,"Donruss","Base Brand Donruss","Race Kings Gold Foil","Kyle Busch","M&M's | Joe Gibbs Racing | Toyota","Driver",2,499
"Racing",2017,"Donruss","Base Brand Donruss","Race Kings Gold Foil","Dale Earnhardt Jr","Nationwide | Hendrick Motorsports | Chevrolet","Driver",3,499
"Racing",2017,"Donruss","Base Brand Donruss","Race Kings Gold Foil","Kevin Harvick","Jimmy John's | Stewart-Haas Racing | Chevrolet","Driver",4,499
"Racing",2017,"Donruss","Base Brand Donruss","Race Kings Gold Foil","Clint Bowyer","5-Hour Energy | HScott Motorsports | Chevrolet","Driver",5,499
"Racing",2017,"Donruss","Base Brand Donruss","Race Kings Gold Foil","Denny Hamlin","FedEx Express | Joe Gibbs Racing | Toyota","Driver",6,499
"Racing",2017,"Donruss","Base Brand Donruss","Race Kings Gold Foil","Danica Patrick","Nature's Bakery | Stewart-Haas Racing | Chevrolet","Driver",7,499
"Racing",2017,"Donruss","Base Brand Donruss","Race Kings Gold Foil","Joey Logano","Shell-Pennzoil | Team Penske | Ford","Driver",8,499
"Racing",2017,"Donruss","Base Brand Donruss","Race Kings Gold Foil","Brad Keselowski","Miller Lite | Team Penske | Ford","Driver",9,499
"Racing",2017,"Donruss","Base Brand Donruss","Race Kings Gold Foil","Matt Kenseth","DeWalt | Joe Gibbs Racing | Toyota","Driver",10,499
"Racing",2017,"Donruss","Base Brand Donruss","Race Kings Gold Foil","Kurt Busch","Haas Automation | Stewart-Haas Racing | Chevrolet","Driver",11,499
"Racing",2017,"Donruss","Base Brand Donruss","Race Kings Gold Foil","Carl Edwards","ARRIS | Joe Gibbs Racing | Toyota","Driver",12,499
"Racing",2017,"Donruss","Base Brand Donruss","Race Kings Gold Foil","Kasey Kahne","Farmers Insurance | Hendrick Motorsports | Chevrolet","Driver",13,499
"Racing",2017,"Donruss","Base Brand Donruss","Race Kings Gold Foil","Chase Elliott","NAPA Auto Parts | Hendrick Motorsports | Chevrolet","Driver",14,499
"Racing",2017,"Donruss","Base Brand Donruss","Race Kings Gold Foil","Greg Biffle","Kleen Performance Products | Roush Fenway Racing | Ford","Driver",15,499
"Racing",2017,"Donruss","Base Brand Donruss","Race Kings Gold Foil","Martin Truex Jr.","Bass Pro Shops-TRACKER Boats | Furniture Row Racing | Toyota","Driver",16,499
"Racing",2017,"Donruss","Base Brand Donruss","Race Kings Gold Foil","Jamie McMurray","Cessna | Chip Ganassi Racing | Chevrolet","Driver",17,499
"Racing",2017,"Donruss","Base Brand Donruss","Race Kings Gold Foil","Trevor Bayne","AdvoCare | Roush Fenway Racing | Ford","Driver",18,499
"Racing",2017,"Donruss","Base Brand Donruss","Race Kings Gold Foil","Ryan Newman","Caterpillar | Richard Childress Racing | Chevrolet","Driver",19,499
"Racing",2017,"Donruss","Base Brand Donruss","Race Kings Gold Foil","Paul Menard","Menards | Richard Childress Racing | Chevrolet","Driver",20,499
"Racing",2017,"Donruss","Base Brand Donruss","Race Kings Gold Foil","Ryan Blaney","Motorcraft | Wood Brothers Racing | Ford","Driver",21,499
"Racing",2017,"Donruss","Base Brand Donruss","Race Kings Gold Foil","Chris Buescher","Dockside Logistics | Front Row Motorsports | Ford","Driver",22,499
"Racing",2017,"Donruss","Base Brand Donruss","Race Kings Gold Foil","Austin Dillon","Dow Chemical | Richard Childress Racing | Chevrolet","Driver",23,499
"Racing",2017,"Donruss","Base Brand Donruss","Race Kings Gold Foil","Bobby Labonte","C&J Energy Services | Go FAS Racing | Ford","Driver",24,499
"Racing",2017,"Donruss","Base Brand Donruss","Race Kings Gold Foil","Casey Mears","GEICO | Germain Racing | Chevrolet","Driver",25,499
"Racing",2017,"Donruss","Base Brand Donruss","Race Kings Gold Foil","AJ Allmendinger","Kroger | JTG Daugherty Racing | Chevrolet","Driver",26,499
"Racing",2017,"Donruss","Base Brand Donruss","Race Kings Gold Foil","Tony Stewart","Mobil 1 | Stewart-Haas Racing | Chevrolet","Driver",27,499
"Racing",2017,"Donruss","Base Brand Donruss","Race Kings Gold Press Proof","Jimmie Johnson","Lowe's | Hendrick Motorsports | Chevrolet","Driver",1,99
"Racing",2017,"Donruss","Base Brand Donruss","Race Kings Gold Press Proof","Kyle Busch","M&M's | Joe Gibbs Racing | Toyota","Driver",2,99
"Racing",2017,"Donruss","Base Brand Donruss","Race Kings Gold Press Proof","Dale Earnhardt Jr","Nationwide | Hendrick Motorsports | Chevrolet","Driver",3,99
"Racing",2017,"Donruss","Base Brand Donruss","Race Kings Gold Press Proof","Kevin Harvick","Jimmy John's | Stewart-Haas Racing | Chevrolet","Driver",4,99
"Racing",2017,"Donruss","Base Brand Donruss","Race Kings Gold Press Proof","Clint Bowyer","5-Hour Energy | HScott Motorsports | Chevrolet","Driver",5,99
"Racing",2017,"Donruss","Base Brand Donruss","Race Kings Gold Press Proof","Denny Hamlin","FedEx Express | Joe Gibbs Racing | Toyota","Driver",6,99
"Racing",2017,"Donruss","Base Brand Donruss","Race Kings Gold Press Proof","Danica Patrick","Nature's Bakery | Stewart-Haas Racing | Chevrolet","Driver",7,99
"Racing",2017,"Donruss","Base Brand Donruss","Race Kings Gold Press Proof","Joey Logano","Shell-Pennzoil | Team Penske | Ford","Driver",8,99
"Racing",2017,"Donruss","Base Brand Donruss","Race Kings Gold Press Proof","Brad Keselowski","Miller Lite | Team Penske | Ford","Driver",9,99
"Racing",2017,"Donruss","Base Brand Donruss","Race Kings Gold Press Proof","Matt Kenseth","DeWalt | Joe Gibbs Racing | Toyota","Driver",10,99
"Racing",2017,"Donruss","Base Brand Donruss","Race Kings Gold Press Proof","Kurt Busch","Haas Automation | Stewart-Haas Racing | Chevrolet","Driver",11,99
"Racing",2017,"Donruss","Base Brand Donruss","Race Kings Gold Press Proof","Carl Edwards","ARRIS | Joe Gibbs Racing | Toyota","Driver",12,99
"Racing",2017,"Donruss","Base Brand Donruss","Race Kings Gold Press Proof","Kasey Kahne","Farmers Insurance | Hendrick Motorsports | Chevrolet","Driver",13,99
"Racing",2017,"Donruss","Base Brand Donruss","Race Kings Gold Press Proof","Chase Elliott","NAPA Auto Parts | Hendrick Motorsports | Chevrolet","Driver",14,99
"Racing",2017,"Donruss","Base Brand Donruss","Race Kings Gold Press Proof","Greg Biffle","Kleen Performance Products | Roush Fenway Racing | Ford","Driver",15,99
"Racing",2017,"Donruss","Base Brand Donruss","Race Kings Gold Press Proof","Martin Truex Jr.","Bass Pro Shops-TRACKER Boats | Furniture Row Racing | Toyota","Driver",16,99
"Racing",2017,"Donruss","Base Brand Donruss","Race Kings Gold Press Proof","Jamie McMurray","Cessna | Chip Ganassi Racing | Chevrolet","Driver",17,99
"Racing",2017,"Donruss","Base Brand Donruss","Race Kings Gold Press Proof","Trevor Bayne","AdvoCare | Roush Fenway Racing | Ford","Driver",18,99
"Racing",2017,"Donruss","Base Brand Donruss","Race Kings Gold Press Proof","Ryan Newman","Caterpillar | Richard Childress Racing | Chevrolet","Driver",19,99
"Racing",2017,"Donruss","Base Brand Donruss","Race Kings Gold Press Proof","Paul Menard","Menards | Richard Childress Racing | Chevrolet","Driver",20,99
"Racing",2017,"Donruss","Base Brand Donruss","Race Kings Gold Press Proof","Ryan Blaney","Motorcraft | Wood Brothers Racing | Ford","Driver",21,99
"Racing",2017,"Donruss","Base Brand Donruss","Race Kings Gold Press Proof","Chris Buescher","Dockside Logistics | Front Row Motorsports | Ford","Driver",22,99
"Racing",2017,"Donruss","Base Brand Donruss","Race Kings Gold Press Proof","Austin Dillon","Dow Chemical | Richard Childress Racing | Chevrolet","Driver",23,99
"Racing",2017,"Donruss","Base Brand Donruss","Race Kings Gold Press Proof","Bobby Labonte","C&J Energy Services | Go FAS Racing | Ford","Driver",24,99
"Racing",2017,"Donruss","Base Brand Donruss","Race Kings Gold Press Proof","Casey Mears","GEICO | Germain Racing | Chevrolet","Driver",25,99
"Racing",2017,"Donruss","Base Brand Donruss","Race Kings Gold Press Proof","AJ Allmendinger","Kroger | JTG Daugherty Racing | Chevrolet","Driver",26,99
"Racing",2017,"Donruss","Base Brand Donruss","Race Kings Gold Press Proof","Tony Stewart","Mobil 1 | Stewart-Haas Racing | Chevrolet","Driver",27,99
"Racing",2017,"Donruss","Base Brand Donruss","Race Kings Green Foil","Jimmie Johnson","Lowe's | Hendrick Motorsports | Chevrolet","Driver",1,199
"Racing",2017,"Donruss","Base Brand Donruss","Race Kings Green Foil","Kyle Busch","M&M's | Joe Gibbs Racing | Toyota","Driver",2,199
"Racing",2017,"Donruss","Base Brand Donruss","Race Kings Green Foil","Dale Earnhardt Jr","Nationwide | Hendrick Motorsports | Chevrolet","Driver",3,199
"Racing",2017,"Donruss","Base Brand Donruss","Race Kings Green Foil","Kevin Harvick","Jimmy John's | Stewart-Haas Racing | Chevrolet","Driver",4,199
"Racing",2017,"Donruss","Base Brand Donruss","Race Kings Green Foil","Clint Bowyer","5-Hour Energy | HScott Motorsports | Chevrolet","Driver",5,199
"Racing",2017,"Donruss","Base Brand Donruss","Race Kings Green Foil","Denny Hamlin","FedEx Express | Joe Gibbs Racing | Toyota","Driver",6,199
"Racing",2017,"Donruss","Base Brand Donruss","Race Kings Green Foil","Danica Patrick","Nature's Bakery | Stewart-Haas Racing | Chevrolet","Driver",7,199
"Racing",2017,"Donruss","Base Brand Donruss","Race Kings Green Foil","Joey Logano","Shell-Pennzoil | Team Penske | Ford","Driver",8,199
"Racing",2017,"Donruss","Base Brand Donruss","Race Kings Green Foil","Brad Keselowski","Miller Lite | Team Penske | Ford","Driver",9,199
"Racing",2017,"Donruss","Base Brand Donruss","Race Kings Green Foil","Matt Kenseth","DeWalt | Joe Gibbs Racing | Toyota","Driver",10,199
"Racing",2017,"Donruss","Base Brand Donruss","Race Kings Green Foil","Kurt Busch","Haas Automation | Stewart-Haas Racing | Chevrolet","Driver",11,199
"Racing",2017,"Donruss","Base Brand Donruss","Race Kings Green Foil","Carl Edwards","ARRIS | Joe Gibbs Racing | Toyota","Driver",12,199
"Racing",2017,"Donruss","Base Brand Donruss","Race Kings Green Foil","Kasey Kahne","Farmers Insurance | Hendrick Motorsports | Chevrolet","Driver",13,199
"Racing",2017,"Donruss","Base Brand Donruss","Race Kings Green Foil","Chase Elliott","NAPA Auto Parts | Hendrick Motorsports | Chevrolet","Driver",14,199
"Racing",2017,"Donruss","Base Brand Donruss","Race Kings Green Foil","Greg Biffle","Kleen Performance Products | Roush Fenway Racing | Ford","Driver",15,199
"Racing",2017,"Donruss","Base Brand Donruss","Race Kings Green Foil","Martin Truex Jr.","Bass Pro Shops-TRACKER Boats | Furniture Row Racing | Toyota","Driver",16,199
"Racing",2017,"Donruss","Base Brand Donruss","Race Kings Green Foil","Jamie McMurray","Cessna | Chip Ganassi Racing | Chevrolet","Driver",17,199
"Racing",2017,"Donruss","Base Brand Donruss","Race Kings Green Foil","Trevor Bayne","AdvoCare | Roush Fenway Racing | Ford","Driver",18,199
"Racing",2017,"Donruss","Base Brand Donruss","Race Kings Green Foil","Ryan Newman","Caterpillar | Richard Childress Racing | Chevrolet","Driver",19,199
"Racing",2017,"Donruss","Base Brand Donruss","Race Kings Green Foil","Paul Menard","Menards | Richard Childress Racing | Chevrolet","Driver",20,199
"Racing",2017,"Donruss","Base Brand Donruss","Race Kings Green Foil","Ryan Blaney","Motorcraft | Wood Brothers Racing | Ford","Driver",21,199
"Racing",2017,"Donruss","Base Brand Donruss","Race Kings Green Foil","Chris Buescher","Dockside Logistics | Front Row Motorsports | Ford","Driver",22,199
"Racing",2017,"Donruss","Base Brand Donruss","Race Kings Green Foil","Austin Dillon","Dow Chemical | Richard Childress Racing | Chevrolet","Driver",23,199
"Racing",2017,"Donruss","Base Brand Donruss","Race Kings Green Foil","Bobby Labonte","C&J Energy Services | Go FAS Racing | Ford","Driver",24,199
"Racing",2017,"Donruss","Base Brand Donruss","Race Kings Green Foil","Casey Mears","GEICO | Germain Racing | Chevrolet","Driver",25,199
"Racing",2017,"Donruss","Base Brand Donruss","Race Kings Green Foil","AJ Allmendinger","Kroger | JTG Daugherty Racing | Chevrolet","Driver",26,199
"Racing",2017,"Donruss","Base Brand Donruss","Race Kings Green Foil","Tony Stewart","Mobil 1 | Stewart-Haas Racing | Chevrolet","Driver",27,199
"Racing",2017,"Donruss","Base Brand Donruss","Race Kings Press Proof","Jimmie Johnson","Lowe's | Hendrick Motorsports | Chevrolet","Driver",1,49
"Racing",2017,"Donruss","Base Brand Donruss","Race Kings Press Proof","Kyle Busch","M&M's | Joe Gibbs Racing | Toyota","Driver",2,49
"Racing",2017,"Donruss","Base Brand Donruss","Race Kings Press Proof","Dale Earnhardt Jr","Nationwide | Hendrick Motorsports | Chevrolet","Driver",3,49
"Racing",2017,"Donruss","Base Brand Donruss","Race Kings Press Proof","Kevin Harvick","Jimmy John's | Stewart-Haas Racing | Chevrolet","Driver",4,49
"Racing",2017,"Donruss","Base Brand Donruss","Race Kings Press Proof","Clint Bowyer","5-Hour Energy | HScott Motorsports | Chevrolet","Driver",5,49
"Racing",2017,"Donruss","Base Brand Donruss","Race Kings Press Proof","Denny Hamlin","FedEx Express | Joe Gibbs Racing | Toyota","Driver",6,49
"Racing",2017,"Donruss","Base Brand Donruss","Race Kings Press Proof","Danica Patrick","Nature's Bakery | Stewart-Haas Racing | Chevrolet","Driver",7,49
"Racing",2017,"Donruss","Base Brand Donruss","Race Kings Press Proof","Joey Logano","Shell-Pennzoil | Team Penske | Ford","Driver",8,49
"Racing",2017,"Donruss","Base Brand Donruss","Race Kings Press Proof","Brad Keselowski","Miller Lite | Team Penske | Ford","Driver",9,49
"Racing",2017,"Donruss","Base Brand Donruss","Race Kings Press Proof","Matt Kenseth","DeWalt | Joe Gibbs Racing | Toyota","Driver",10,49
"Racing",2017,"Donruss","Base Brand Donruss","Race Kings Press Proof","Kurt Busch","Haas Automation | Stewart-Haas Racing | Chevrolet","Driver",11,49
"Racing",2017,"Donruss","Base Brand Donruss","Race Kings Press Proof","Carl Edwards","ARRIS | Joe Gibbs Racing | Toyota","Driver",12,49
"Racing",2017,"Donruss","Base Brand Donruss","Race Kings Press Proof","Kasey Kahne","Farmers Insurance | Hendrick Motorsports | Chevrolet","Driver",13,49
"Racing",2017,"Donruss","Base Brand Donruss","Race Kings Press Proof","Chase Elliott","NAPA Auto Parts | Hendrick Motorsports | Chevrolet","Driver",14,49
"Racing",2017,"Donruss","Base Brand Donruss","Race Kings Press Proof","Greg Biffle","Kleen Performance Products | Roush Fenway Racing | Ford","Driver",15,49
"Racing",2017,"Donruss","Base Brand Donruss","Race Kings Press Proof","Martin Truex Jr.","Bass Pro Shops-TRACKER Boats | Furniture Row Racing | Toyota","Driver",16,49
"Racing",2017,"Donruss","Base Brand Donruss","Race Kings Press Proof","Jamie McMurray","Cessna | Chip Ganassi Racing | Chevrolet","Driver",17,49
"Racing",2017,"Donruss","Base Brand Donruss","Race Kings Press Proof","Trevor Bayne","AdvoCare | Roush Fenway Racing | Ford","Driver",18,49
"Racing",2017,"Donruss","Base Brand Donruss","Race Kings Press Proof","Ryan Newman","Caterpillar | Richard Childress Racing | Chevrolet","Driver",19,49
"Racing",2017,"Donruss","Base Brand Donruss","Race Kings Press Proof","Paul Menard","Menards | Richard Childress Racing | Chevrolet","Driver",20,49
"Racing",2017,"Donruss","Base Brand Donruss","Race Kings Press Proof","Ryan Blaney","Motorcraft | Wood Brothers Racing | Ford","Driver",21,49
"Racing",2017,"Donruss","Base Brand Donruss","Race Kings Press Proof","Chris Buescher","Dockside Logistics | Front Row Motorsports | Ford","Driver",22,49
"Racing",2017,"Donruss","Base Brand Donruss","Race Kings Press Proof","Austin Dillon","Dow Chemical | Richard Childress Racing | Chevrolet","Driver",23,49
"Racing",2017,"Donruss","Base Brand Donruss","Race Kings Press Proof","Bobby Labonte","C&J Energy Services | Go FAS Racing | Ford","Driver",24,49
"Racing",2017,"Donruss","Base Brand Donruss","Race Kings Press Proof","Casey Mears","GEICO | Germain Racing | Chevrolet","Driver",25,49
"Racing",2017,"Donruss","Base Brand Donruss","Race Kings Press Proof","AJ Allmendinger","Kroger | JTG Daugherty Racing | Chevrolet","Driver",26,49
"Racing",2017,"Donruss","Base Brand Donruss","Race Kings Press Proof","Tony Stewart","Mobil 1 | Stewart-Haas Racing | Chevrolet","Driver",27,49
"Racing",2017,"Donruss","Base Brand Donruss","Race Kings Printing Plates Black","Jimmie Johnson","Lowe's | Hendrick Motorsports | Chevrolet","Driver",1,1
"Racing",2017,"Donruss","Base Brand Donruss","Race Kings Printing Plates Black","Kyle Busch","M&M's | Joe Gibbs Racing | Toyota","Driver",2,1
"Racing",2017,"Donruss","Base Brand Donruss","Race Kings Printing Plates Black","Dale Earnhardt Jr","Nationwide | Hendrick Motorsports | Chevrolet","Driver",3,1
"Racing",2017,"Donruss","Base Brand Donruss","Race Kings Printing Plates Black","Kevin Harvick","Jimmy John's | Stewart-Haas Racing | Chevrolet","Driver",4,1
"Racing",2017,"Donruss","Base Brand Donruss","Race Kings Printing Plates Black","Clint Bowyer","5-Hour Energy | HScott Motorsports | Chevrolet","Driver",5,1
"Racing",2017,"Donruss","Base Brand Donruss","Race Kings Printing Plates Black","Denny Hamlin","FedEx Express | Joe Gibbs Racing | Toyota","Driver",6,1
"Racing",2017,"Donruss","Base Brand Donruss","Race Kings Printing Plates Black","Danica Patrick","Nature's Bakery | Stewart-Haas Racing | Chevrolet","Driver",7,1
"Racing",2017,"Donruss","Base Brand Donruss","Race Kings Printing Plates Black","Joey Logano","Shell-Pennzoil | Team Penske | Ford","Driver",8,1
"Racing",2017,"Donruss","Base Brand Donruss","Race Kings Printing Plates Black","Brad Keselowski","Miller Lite | Team Penske | Ford","Driver",9,1
"Racing",2017,"Donruss","Base Brand Donruss","Race Kings Printing Plates Black","Matt Kenseth","DeWalt | Joe Gibbs Racing | Toyota","Driver",10,1
"Racing",2017,"Donruss","Base Brand Donruss","Race Kings Printing Plates Black","Kurt Busch","Haas Automation | Stewart-Haas Racing | Chevrolet","Driver",11,1
"Racing",2017,"Donruss","Base Brand Donruss","Race Kings Printing Plates Black","Carl Edwards","ARRIS | Joe Gibbs Racing | Toyota","Driver",12,1
"Racing",2017,"Donruss","Base Brand Donruss","Race Kings Printing Plates Black","Kasey Kahne","Farmers Insurance | Hendrick Motorsports | Chevrolet","Driver",13,1
"Racing",2017,"Donruss","Base Brand Donruss","Race Kings Printing Plates Black","Chase Elliott","NAPA Auto Parts | Hendrick Motorsports | Chevrolet","Driver",14,1
"Racing",2017,"Donruss","Base Brand Donruss","Race Kings Printing Plates Black","Greg Biffle","Kleen Performance Products | Roush Fenway Racing | Ford","Driver",15,1
"Racing",2017,"Donruss","Base Brand Donruss","Race Kings Printing Plates Black","Martin Truex Jr.","Bass Pro Shops-TRACKER Boats | Furniture Row Racing | Toyota","Driver",16,1
"Racing",2017,"Donruss","Base Brand Donruss","Race Kings Printing Plates Black","Jamie McMurray","Cessna | Chip Ganassi Racing | Chevrolet","Driver",17,1
"Racing",2017,"Donruss","Base Brand Donruss","Race Kings Printing Plates Black","Trevor Bayne","AdvoCare | Roush Fenway Racing | Ford","Driver",18,1
"Racing",2017,"Donruss","Base Brand Donruss","Race Kings Printing Plates Black","Ryan Newman","Caterpillar | Richard Childress Racing | Chevrolet","Driver",19,1
"Racing",2017,"Donruss","Base Brand Donruss","Race Kings Printing Plates Black","Paul Menard","Menards | Richard Childress Racing | Chevrolet","Driver",20,1
"Racing",2017,"Donruss","Base Brand Donruss","Race Kings Printing Plates Black","Ryan Blaney","Motorcraft | Wood Brothers Racing | Ford","Driver",21,1
"Racing",2017,"Donruss","Base Brand Donruss","Race Kings Printing Plates Black","Chris Buescher","Dockside Logistics | Front Row Motorsports | Ford","Driver",22,1
"Racing",2017,"Donruss","Base Brand Donruss","Race Kings Printing Plates Black","Austin Dillon","Dow Chemical | Richard Childress Racing | Chevrolet","Driver",23,1
"Racing",2017,"Donruss","Base Brand Donruss","Race Kings Printing Plates Black","Bobby Labonte","C&J Energy Services | Go FAS Racing | Ford","Driver",24,1
"Racing",2017,"Donruss","Base Brand Donruss","Race Kings Printing Plates Black","Casey Mears","GEICO | Germain Racing | Chevrolet","Driver",25,1
"Racing",2017,"Donruss","Base Brand Donruss","Race Kings Printing Plates Black","AJ Allmendinger","Kroger | JTG Daugherty Racing | Chevrolet","Driver",26,1
"Racing",2017,"Donruss","Base Brand Donruss","Race Kings Printing Plates Black","Tony Stewart","Mobil 1 | Stewart-Haas Racing | Chevrolet","Driver",27,1
"Racing",2017,"Donruss","Base Brand Donruss","Race Kings Printing Plates Cyan","Jimmie Johnson","Lowe's | Hendrick Motorsports | Chevrolet","Driver",1,1
"Racing",2017,"Donruss","Base Brand Donruss","Race Kings Printing Plates Cyan","Kyle Busch","M&M's | Joe Gibbs Racing | Toyota","Driver",2,1
"Racing",2017,"Donruss","Base Brand Donruss","Race Kings Printing Plates Cyan","Dale Earnhardt Jr","Nationwide | Hendrick Motorsports | Chevrolet","Driver",3,1
"Racing",2017,"Donruss","Base Brand Donruss","Race Kings Printing Plates Cyan","Kevin Harvick","Jimmy John's | Stewart-Haas Racing | Chevrolet","Driver",4,1
"Racing",2017,"Donruss","Base Brand Donruss","Race Kings Printing Plates Cyan","Clint Bowyer","5-Hour Energy | HScott Motorsports | Chevrolet","Driver",5,1
"Racing",2017,"Donruss","Base Brand Donruss","Race Kings Printing Plates Cyan","Denny Hamlin","FedEx Express | Joe Gibbs Racing | Toyota","Driver",6,1
"Racing",2017,"Donruss","Base Brand Donruss","Race Kings Printing Plates Cyan","Danica Patrick","Nature's Bakery | Stewart-Haas Racing | Chevrolet","Driver",7,1
"Racing",2017,"Donruss","Base Brand Donruss","Race Kings Printing Plates Cyan","Joey Logano","Shell-Pennzoil | Team Penske | Ford","Driver",8,1
"Racing",2017,"Donruss","Base Brand Donruss","Race Kings Printing Plates Cyan","Brad Keselowski","Miller Lite | Team Penske | Ford","Driver",9,1
"Racing",2017,"Donruss","Base Brand Donruss","Race Kings Printing Plates Cyan","Matt Kenseth","DeWalt | Joe Gibbs Racing | Toyota","Driver",10,1
"Racing",2017,"Donruss","Base Brand Donruss","Race Kings Printing Plates Cyan","Kurt Busch","Haas Automation | Stewart-Haas Racing | Chevrolet","Driver",11,1
"Racing",2017,"Donruss","Base Brand Donruss","Race Kings Printing Plates Cyan","Carl Edwards","ARRIS | Joe Gibbs Racing | Toyota","Driver",12,1
"Racing",2017,"Donruss","Base Brand Donruss","Race Kings Printing Plates Cyan","Kasey Kahne","Farmers Insurance | Hendrick Motorsports | Chevrolet","Driver",13,1
"Racing",2017,"Donruss","Base Brand Donruss","Race Kings Printing Plates Cyan","Chase Elliott","NAPA Auto Parts | Hendrick Motorsports | Chevrolet","Driver",14,1
"Racing",2017,"Donruss","Base Brand Donruss","Race Kings Printing Plates Cyan","Greg Biffle","Kleen Performance Products | Roush Fenway Racing | Ford","Driver",15,1
"Racing",2017,"Donruss","Base Brand Donruss","Race Kings Printing Plates Cyan","Martin Truex Jr.","Bass Pro Shops-TRACKER Boats | Furniture Row Racing | Toyota","Driver",16,1
"Racing",2017,"Donruss","Base Brand Donruss","Race Kings Printing Plates Cyan","Jamie McMurray","Cessna | Chip Ganassi Racing | Chevrolet","Driver",17,1
"Racing",2017,"Donruss","Base Brand Donruss","Race Kings Printing Plates Cyan","Trevor Bayne","AdvoCare | Roush Fenway Racing | Ford","Driver",18,1
"Racing",2017,"Donruss","Base Brand Donruss","Race Kings Printing Plates Cyan","Ryan Newman","Caterpillar | Richard Childress Racing | Chevrolet","Driver",19,1
"Racing",2017,"Donruss","Base Brand Donruss","Race Kings Printing Plates Cyan","Paul Menard","Menards | Richard Childress Racing | Chevrolet","Driver",20,1
"Racing",2017,"Donruss","Base Brand Donruss","Race Kings Printing Plates Cyan","Ryan Blaney","Motorcraft | Wood Brothers Racing | Ford","Driver",21,1
"Racing",2017,"Donruss","Base Brand Donruss","Race Kings Printing Plates Cyan","Chris Buescher","Dockside Logistics | Front Row Motorsports | Ford","Driver",22,1
"Racing",2017,"Donruss","Base Brand Donruss","Race Kings Printing Plates Cyan","Austin Dillon","Dow Chemical | Richard Childress Racing | Chevrolet","Driver",23,1
"Racing",2017,"Donruss","Base Brand Donruss","Race Kings Printing Plates Cyan","Bobby Labonte","C&J Energy Services | Go FAS Racing | Ford","Driver",24,1
"Racing",2017,"Donruss","Base Brand Donruss","Race Kings Printing Plates Cyan","Casey Mears","GEICO | Germain Racing | Chevrolet","Driver",25,1
"Racing",2017,"Donruss","Base Brand Donruss","Race Kings Printing Plates Cyan","AJ Allmendinger","Kroger | JTG Daugherty Racing | Chevrolet","Driver",26,1
"Racing",2017,"Donruss","Base Brand Donruss","Race Kings Printing Plates Cyan","Tony Stewart","Mobil 1 | Stewart-Haas Racing | Chevrolet","Driver",27,1
"Racing",2017,"Donruss","Base Brand Donruss","Race Kings Printing Plates Magenta","Jimmie Johnson","Lowe's | Hendrick Motorsports | Chevrolet","Driver",1,1
"Racing",2017,"Donruss","Base Brand Donruss","Race Kings Printing Plates Magenta","Kyle Busch","M&M's | Joe Gibbs Racing | Toyota","Driver",2,1
"Racing",2017,"Donruss","Base Brand Donruss","Race Kings Printing Plates Magenta","Dale Earnhardt Jr","Nationwide | Hendrick Motorsports | Chevrolet","Driver",3,1
"Racing",2017,"Donruss","Base Brand Donruss","Race Kings Printing Plates Magenta","Kevin Harvick","Jimmy John's | Stewart-Haas Racing | Chevrolet","Driver",4,1
"Racing",2017,"Donruss","Base Brand Donruss","Race Kings Printing Plates Magenta","Clint Bowyer","5-Hour Energy | HScott Motorsports | Chevrolet","Driver",5,1
"Racing",2017,"Donruss","Base Brand Donruss","Race Kings Printing Plates Magenta","Denny Hamlin","FedEx Express | Joe Gibbs Racing | Toyota","Driver",6,1
"Racing",2017,"Donruss","Base Brand Donruss","Race Kings Printing Plates Magenta","Danica Patrick","Nature's Bakery | Stewart-Haas Racing | Chevrolet","Driver",7,1
"Racing",2017,"Donruss","Base Brand Donruss","Race Kings Printing Plates Magenta","Joey Logano","Shell-Pennzoil | Team Penske | Ford","Driver",8,1
"Racing",2017,"Donruss","Base Brand Donruss","Race Kings Printing Plates Magenta","Brad Keselowski","Miller Lite | Team Penske | Ford","Driver",9,1
"Racing",2017,"Donruss","Base Brand Donruss","Race Kings Printing Plates Magenta","Matt Kenseth","DeWalt | Joe Gibbs Racing | Toyota","Driver",10,1
"Racing",2017,"Donruss","Base Brand Donruss","Race Kings Printing Plates Magenta","Kurt Busch","Haas Automation | Stewart-Haas Racing | Chevrolet","Driver",11,1
"Racing",2017,"Donruss","Base Brand Donruss","Race Kings Printing Plates Magenta","Carl Edwards","ARRIS | Joe Gibbs Racing | Toyota","Driver",12,1
"Racing",2017,"Donruss","Base Brand Donruss","Race Kings Printing Plates Magenta","Kasey Kahne","Farmers Insurance | Hendrick Motorsports | Chevrolet","Driver",13,1
"Racing",2017,"Donruss","Base Brand Donruss","Race Kings Printing Plates Magenta","Chase Elliott","NAPA Auto Parts | Hendrick Motorsports | Chevrolet","Driver",14,1
"Racing",2017,"Donruss","Base Brand Donruss","Race Kings Printing Plates Magenta","Greg Biffle","Kleen Performance Products | Roush Fenway Racing | Ford","Driver",15,1
"Racing",2017,"Donruss","Base Brand Donruss","Race Kings Printing Plates Magenta","Martin Truex Jr.","Bass Pro Shops-TRACKER Boats | Furniture Row Racing | Toyota","Driver",16,1
"Racing",2017,"Donruss","Base Brand Donruss","Race Kings Printing Plates Magenta","Jamie McMurray","Cessna | Chip Ganassi Racing | Chevrolet","Driver",17,1
"Racing",2017,"Donruss","Base Brand Donruss","Race Kings Printing Plates Magenta","Trevor Bayne","AdvoCare | Roush Fenway Racing | Ford","Driver",18,1
"Racing",2017,"Donruss","Base Brand Donruss","Race Kings Printing Plates Magenta","Ryan Newman","Caterpillar | Richard Childress Racing | Chevrolet","Driver",19,1
"Racing",2017,"Donruss","Base Brand Donruss","Race Kings Printing Plates Magenta","Paul Menard","Menards | Richard Childress Racing | Chevrolet","Driver",20,1
"Racing",2017,"Donruss","Base Brand Donruss","Race Kings Printing Plates Magenta","Ryan Blaney","Motorcraft | Wood Brothers Racing | Ford","Driver",21,1
"Racing",2017,"Donruss","Base Brand Donruss","Race Kings Printing Plates Magenta","Chris Buescher","Dockside Logistics | Front Row Motorsports | Ford","Driver",22,1
"Racing",2017,"Donruss","Base Brand Donruss","Race Kings Printing Plates Magenta","Austin Dillon","Dow Chemical | Richard Childress Racing | Chevrolet","Driver",23,1
"Racing",2017,"Donruss","Base Brand Donruss","Race Kings Printing Plates Magenta","Bobby Labonte","C&J Energy Services | Go FAS Racing | Ford","Driver",24,1
"Racing",2017,"Donruss","Base Brand Donruss","Race Kings Printing Plates Magenta","Casey Mears","GEICO | Germain Racing | Chevrolet","Driver",25,1
"Racing",2017,"Donruss","Base Brand Donruss","Race Kings Printing Plates Magenta","AJ Allmendinger","Kroger | JTG Daugherty Racing | Chevrolet","Driver",26,1
"Racing",2017,"Donruss","Base Brand Donruss","Race Kings Printing Plates Magenta","Tony Stewart","Mobil 1 | Stewart-Haas Racing | Chevrolet","Driver",27,1
"Racing",2017,"Donruss","Base Brand Donruss","Race Kings Printing Plates Yellow","Jimmie Johnson","Lowe's | Hendrick Motorsports | Chevrolet","Driver",1,1
"Racing",2017,"Donruss","Base Brand Donruss","Race Kings Printing Plates Yellow","Kyle Busch","M&M's | Joe Gibbs Racing | Toyota","Driver",2,1
"Racing",2017,"Donruss","Base Brand Donruss","Race Kings Printing Plates Yellow","Dale Earnhardt Jr","Nationwide | Hendrick Motorsports | Chevrolet","Driver",3,1
"Racing",2017,"Donruss","Base Brand Donruss","Race Kings Printing Plates Yellow","Kevin Harvick","Jimmy John's | Stewart-Haas Racing | Chevrolet","Driver",4,1
"Racing",2017,"Donruss","Base Brand Donruss","Race Kings Printing Plates Yellow","Clint Bowyer","5-Hour Energy | HScott Motorsports | Chevrolet","Driver",5,1
"Racing",2017,"Donruss","Base Brand Donruss","Race Kings Printing Plates Yellow","Denny Hamlin","FedEx Express | Joe Gibbs Racing | Toyota","Driver",6,1
"Racing",2017,"Donruss","Base Brand Donruss","Race Kings Printing Plates Yellow","Danica Patrick","Nature's Bakery | Stewart-Haas Racing | Chevrolet","Driver",7,1
"Racing",2017,"Donruss","Base Brand Donruss","Race Kings Printing Plates Yellow","Joey Logano","Shell-Pennzoil | Team Penske | Ford","Driver",8,1
"Racing",2017,"Donruss","Base Brand Donruss","Race Kings Printing Plates Yellow","Brad Keselowski","Miller Lite | Team Penske | Ford","Driver",9,1
"Racing",2017,"Donruss","Base Brand Donruss","Race Kings Printing Plates Yellow","Matt Kenseth","DeWalt | Joe Gibbs Racing | Toyota","Driver",10,1
"Racing",2017,"Donruss","Base Brand Donruss","Race Kings Printing Plates Yellow","Kurt Busch","Haas Automation | Stewart-Haas Racing | Chevrolet","Driver",11,1
"Racing",2017,"Donruss","Base Brand Donruss","Race Kings Printing Plates Yellow","Carl Edwards","ARRIS | Joe Gibbs Racing | Toyota","Driver",12,1
"Racing",2017,"Donruss","Base Brand Donruss","Race Kings Printing Plates Yellow","Kasey Kahne","Farmers Insurance | Hendrick Motorsports | Chevrolet","Driver",13,1
"Racing",2017,"Donruss","Base Brand Donruss","Race Kings Printing Plates Yellow","Chase Elliott","NAPA Auto Parts | Hendrick Motorsports | Chevrolet","Driver",14,1
"Racing",2017,"Donruss","Base Brand Donruss","Race Kings Printing Plates Yellow","Greg Biffle","Kleen Performance Products | Roush Fenway Racing | Ford","Driver",15,1
"Racing",2017,"Donruss","Base Brand Donruss","Race Kings Printing Plates Yellow","Martin Truex Jr.","Bass Pro Shops-TRACKER Boats | Furniture Row Racing | Toyota","Driver",16,1
"Racing",2017,"Donruss","Base Brand Donruss","Race Kings Printing Plates Yellow","Jamie McMurray","Cessna | Chip Ganassi Racing | Chevrolet","Driver",17,1
"Racing",2017,"Donruss","Base Brand Donruss","Race Kings Printing Plates Yellow","Trevor Bayne","AdvoCare | Roush Fenway Racing | Ford","Driver",18,1
"Racing",2017,"Donruss","Base Brand Donruss","Race Kings Printing Plates Yellow","Ryan Newman","Caterpillar | Richard Childress Racing | Chevrolet","Driver",19,1
"Racing",2017,"Donruss","Base Brand Donruss","Race Kings Printing Plates Yellow","Paul Menard","Menards | Richard Childress Racing | Chevrolet","Driver",20,1
"Racing",2017,"Donruss","Base Brand Donruss","Race Kings Printing Plates Yellow","Ryan Blaney","Motorcraft | Wood Brothers Racing | Ford","Driver",21,1
"Racing",2017,"Donruss","Base Brand Donruss","Race Kings Printing Plates Yellow","Chris Buescher","Dockside Logistics | Front Row Motorsports | Ford","Driver",22,1
"Racing",2017,"Donruss","Base Brand Donruss","Race Kings Printing Plates Yellow","Austin Dillon","Dow Chemical | Richard Childress Racing | Chevrolet","Driver",23,1
"Racing",2017,"Donruss","Base Brand Donruss","Race Kings Printing Plates Yellow","Bobby Labonte","C&J Energy Services | Go FAS Racing | Ford","Driver",24,1
"Racing",2017,"Donruss","Base Brand Donruss","Race Kings Printing Plates Yellow","Casey Mears","GEICO | Germain Racing | Chevrolet","Driver",25,1
"Racing",2017,"Donruss","Base Brand Donruss","Race Kings Printing Plates Yellow","AJ Allmendinger","Kroger | JTG Daugherty Racing | Chevrolet","Driver",26,1
"Racing",2017,"Donruss","Base Brand Donruss","Race Kings Printing Plates Yellow","Tony Stewart","Mobil 1 | Stewart-Haas Racing | Chevrolet","Driver",27,1
"Racing",2017,"Donruss","Base Brand Donruss","Rated Rookies","Ty Dillon","Cheerios | Circle Sport-Leavine Family Racing | Chevrolet","Driver",28,
"Racing",2017,"Donruss","Base Brand Donruss","Rated Rookies","Erik Jones","Game Stop | Joe Gibbs Racing | Toyota","Driver",29,
"Racing",2017,"Donruss","Base Brand Donruss","Rated Rookies","William Byron","Liberty University | Kyle Busch Motorsports | Toyota","Driver",30,
"Racing",2017,"Donruss","Base Brand Donruss","Rated Rookies","Cole Custer","Haas Automation | JR Motorsports | Chevrolet","Driver",31,
"Racing",2017,"Donruss","Base Brand Donruss","Rated Rookies","Daniel Hemric","Draw-Tite | Brad Keselowski Racing | Ford","Driver",32,
"Racing",2017,"Donruss","Base Brand Donruss","Rated Rookies","Kate Dallenbach","She Outdoor | Dallenbach Racing | Chevrolet","Driver",33,
"Racing",2017,"Donruss","Base Brand Donruss","Rated Rookies","Cameron Hayley","Cabinets by Hayley/Carolina Nut | ThorSport Racing | Toyota","Driver",34,
"Racing",2017,"Donruss","Base Brand Donruss","Rated Rookies","Todd Gilliland","K&N Pro Series West","Driver",35,
"Racing",2017,"Donruss","Base Brand Donruss","Rated Rookies","Garrett Smithley","Instalco | JD Motorsports | Chevrolet","Driver",36,
"Racing",2017,"Donruss","Base Brand Donruss","Rated Rookies Artist Proof","Ty Dillon","Cheerios | Circle Sport-Leavine Family Racing | Chevrolet","Driver",28,25
"Racing",2017,"Donruss","Base Brand Donruss","Rated Rookies Artist Proof","Erik Jones","Game Stop | Joe Gibbs Racing | Toyota","Driver",29,25
"Racing",2017,"Donruss","Base Brand Donruss","Rated Rookies Artist Proof","William Byron","Liberty University | Kyle Busch Motorsports | Toyota","Driver",30,25
"Racing",2017,"Donruss","Base Brand Donruss","Rated Rookies Artist Proof","Cole Custer","Haas Automation | JR Motorsports | Chevrolet","Driver",31,25
"Racing",2017,"Donruss","Base Brand Donruss","Rated Rookies Artist Proof","Daniel Hemric","Draw-Tite | Brad Keselowski Racing | Ford","Driver",32,25
"Racing",2017,"Donruss","Base Brand Donruss","Rated Rookies Artist Proof","Kate Dallenbach","She Outdoor | Dallenbach Racing | Chevrolet","Driver",33,25
"Racing",2017,"Donruss","Base Brand Donruss","Rated Rookies Artist Proof","Cameron Hayley","Cabinets by Hayley/Carolina Nut | ThorSport Racing | Toyota","Driver",34,25
"Racing",2017,"Donruss","Base Brand Donruss","Rated Rookies Artist Proof","Todd Gilliland","K&N Pro Series West","Driver",35,25
"Racing",2017,"Donruss","Base Brand Donruss","Rated Rookies Artist Proof","Garrett Smithley","Instalco | JD Motorsports | Chevrolet","Driver",36,25
"Racing",2017,"Donruss","Base Brand Donruss","Rated Rookies Blue Foil","Ty Dillon","Cheerios | Circle Sport-Leavine Family Racing | Chevrolet","Driver",28,299
"Racing",2017,"Donruss","Base Brand Donruss","Rated Rookies Blue Foil","Erik Jones","Game Stop | Joe Gibbs Racing | Toyota","Driver",29,299
"Racing",2017,"Donruss","Base Brand Donruss","Rated Rookies Blue Foil","William Byron","Liberty University | Kyle Busch Motorsports | Toyota","Driver",30,299
"Racing",2017,"Donruss","Base Brand Donruss","Rated Rookies Blue Foil","Cole Custer","Haas Automation | JR Motorsports | Chevrolet","Driver",31,299
"Racing",2017,"Donruss","Base Brand Donruss","Rated Rookies Blue Foil","Daniel Hemric","Draw-Tite | Brad Keselowski Racing | Ford","Driver",32,299
"Racing",2017,"Donruss","Base Brand Donruss","Rated Rookies Blue Foil","Kate Dallenbach","She Outdoor | Dallenbach Racing | Chevrolet","Driver",33,299
"Racing",2017,"Donruss","Base Brand Donruss","Rated Rookies Blue Foil","Cameron Hayley","Cabinets by Hayley/Carolina Nut | ThorSport Racing | Toyota","Driver",34,299
"Racing",2017,"Donruss","Base Brand Donruss","Rated Rookies Blue Foil","Todd Gilliland","K&N Pro Series West","Driver",35,299
"Racing",2017,"Donruss","Base Brand Donruss","Rated Rookies Blue Foil","Garrett Smithley","Instalco | JD Motorsports | Chevrolet","Driver",36,299
"Racing",2017,"Donruss","Base Brand Donruss","Rated Rookies Gold Foil","Ty Dillon","Cheerios | Circle Sport-Leavine Family Racing | Chevrolet","Driver",28,499
"Racing",2017,"Donruss","Base Brand Donruss","Rated Rookies Gold Foil","Erik Jones","Game Stop | Joe Gibbs Racing | Toyota","Driver",29,499
"Racing",2017,"Donruss","Base Brand Donruss","Rated Rookies Gold Foil","William Byron","Liberty University | Kyle Busch Motorsports | Toyota","Driver",30,499
"Racing",2017,"Donruss","Base Brand Donruss","Rated Rookies Gold Foil","Cole Custer","Haas Automation | JR Motorsports | Chevrolet","Driver",31,499
"Racing",2017,"Donruss","Base Brand Donruss","Rated Rookies Gold Foil","Daniel Hemric","Draw-Tite | Brad Keselowski Racing | Ford","Driver",32,499
"Racing",2017,"Donruss","Base Brand Donruss","Rated Rookies Gold Foil","Kate Dallenbach","She Outdoor | Dallenbach Racing | Chevrolet","Driver",33,499
"Racing",2017,"Donruss","Base Brand Donruss","Rated Rookies Gold Foil","Cameron Hayley","Cabinets by Hayley/Carolina Nut | ThorSport Racing | Toyota","Driver",34,499
"Racing",2017,"Donruss","Base Brand Donruss","Rated Rookies Gold Foil","Todd Gilliland","K&N Pro Series West","Driver",35,499
"Racing",2017,"Donruss","Base Brand Donruss","Rated Rookies Gold Foil","Garrett Smithley","Instalco | JD Motorsports | Chevrolet","Driver",36,499
"Racing",2017,"Donruss","Base Brand Donruss","Rated Rookies Gold Press Proof","Ty Dillon","Cheerios | Circle Sport-Leavine Family Racing | Chevrolet","Driver",28,99
"Racing",2017,"Donruss","Base Brand Donruss","Rated Rookies Gold Press Proof","Erik Jones","Game Stop | Joe Gibbs Racing | Toyota","Driver",29,99
"Racing",2017,"Donruss","Base Brand Donruss","Rated Rookies Gold Press Proof","William Byron","Liberty University | Kyle Busch Motorsports | Toyota","Driver",30,99
"Racing",2017,"Donruss","Base Brand Donruss","Rated Rookies Gold Press Proof","Cole Custer","Haas Automation | JR Motorsports | Chevrolet","Driver",31,99
"Racing",2017,"Donruss","Base Brand Donruss","Rated Rookies Gold Press Proof","Daniel Hemric","Draw-Tite | Brad Keselowski Racing | Ford","Driver",32,99
"Racing",2017,"Donruss","Base Brand Donruss","Rated Rookies Gold Press Proof","Kate Dallenbach","She Outdoor | Dallenbach Racing | Chevrolet","Driver",33,99
"Racing",2017,"Donruss","Base Brand Donruss","Rated Rookies Gold Press Proof","Cameron Hayley","Cabinets by Hayley/Carolina Nut | ThorSport Racing | Toyota","Driver",34,99
"Racing",2017,"Donruss","Base Brand Donruss","Rated Rookies Gold Press Proof","Todd Gilliland","K&N Pro Series West","Driver",35,99
"Racing",2017,"Donruss","Base Brand Donruss","Rated Rookies Gold Press Proof","Garrett Smithley","Instalco | JD Motorsports | Chevrolet","Driver",36,99
"Racing",2017,"Donruss","Base Brand Donruss","Rated Rookies Green Foil","Ty Dillon","Cheerios | Circle Sport-Leavine Family Racing | Chevrolet","Driver",28,199
"Racing",2017,"Donruss","Base Brand Donruss","Rated Rookies Green Foil","Erik Jones","Game Stop | Joe Gibbs Racing | Toyota","Driver",29,199
"Racing",2017,"Donruss","Base Brand Donruss","Rated Rookies Green Foil","William Byron","Liberty University | Kyle Busch Motorsports | Toyota","Driver",30,199
"Racing",2017,"Donruss","Base Brand Donruss","Rated Rookies Green Foil","Cole Custer","Haas Automation | JR Motorsports | Chevrolet","Driver",31,199
"Racing",2017,"Donruss","Base Brand Donruss","Rated Rookies Green Foil","Daniel Hemric","Draw-Tite | Brad Keselowski Racing | Ford","Driver",32,199
"Racing",2017,"Donruss","Base Brand Donruss","Rated Rookies Green Foil","Kate Dallenbach","She Outdoor | Dallenbach Racing | Chevrolet","Driver",33,199
"Racing",2017,"Donruss","Base Brand Donruss","Rated Rookies Green Foil","Cameron Hayley","Cabinets by Hayley/Carolina Nut | ThorSport Racing | Toyota","Driver",34,199
"Racing",2017,"Donruss","Base Brand Donruss","Rated Rookies Green Foil","Todd Gilliland","K&N Pro Series West","Driver",35,199
"Racing",2017,"Donruss","Base Brand Donruss","Rated Rookies Green Foil","Garrett Smithley","Instalco | JD Motorsports | Chevrolet","Driver",36,199
"Racing",2017,"Donruss","Base Brand Donruss","Rated Rookies Press Proof","Ty Dillon","Cheerios | Circle Sport-Leavine Family Racing | Chevrolet","Driver",28,49
"Racing",2017,"Donruss","Base Brand Donruss","Rated Rookies Press Proof","Erik Jones","Game Stop | Joe Gibbs Racing | Toyota","Driver",29,49
"Racing",2017,"Donruss","Base Brand Donruss","Rated Rookies Press Proof","William Byron","Liberty University | Kyle Busch Motorsports | Toyota","Driver",30,49
"Racing",2017,"Donruss","Base Brand Donruss","Rated Rookies Press Proof","Cole Custer","Haas Automation | JR Motorsports | Chevrolet","Driver",31,49
"Racing",2017,"Donruss","Base Brand Donruss","Rated Rookies Press Proof","Daniel Hemric","Draw-Tite | Brad Keselowski Racing | Ford","Driver",32,49
"Racing",2017,"Donruss","Base Brand Donruss","Rated Rookies Press Proof","Kate Dallenbach","She Outdoor | Dallenbach Racing | Chevrolet","Driver",33,49
"Racing",2017,"Donruss","Base Brand Donruss","Rated Rookies Press Proof","Cameron Hayley","Cabinets by Hayley/Carolina Nut | ThorSport Racing | Toyota","Driver",34,49
"Racing",2017,"Donruss","Base Brand Donruss","Rated Rookies Press Proof","Todd Gilliland","K&N Pro Series West","Driver",35,49
"Racing",2017,"Donruss","Base Brand Donruss","Rated Rookies Press Proof","Garrett Smithley","Instalco | JD Motorsports | Chevrolet","Driver",36,49
"Racing",2017,"Donruss","Base Brand Donruss","Rated Rookies Printing Plates Black","Ty Dillon","Cheerios | Circle Sport-Leavine Family Racing | Chevrolet","Driver",28,1
"Racing",2017,"Donruss","Base Brand Donruss","Rated Rookies Printing Plates Black","Erik Jones","Game Stop | Joe Gibbs Racing | Toyota","Driver",29,1
"Racing",2017,"Donruss","Base Brand Donruss","Rated Rookies Printing Plates Black","William Byron","Liberty University | Kyle Busch Motorsports | Toyota","Driver",30,1
"Racing",2017,"Donruss","Base Brand Donruss","Rated Rookies Printing Plates Black","Cole Custer","Haas Automation | JR Motorsports | Chevrolet","Driver",31,1
"Racing",2017,"Donruss","Base Brand Donruss","Rated Rookies Printing Plates Black","Daniel Hemric","Draw-Tite | Brad Keselowski Racing | Ford","Driver",32,1
"Racing",2017,"Donruss","Base Brand Donruss","Rated Rookies Printing Plates Black","Kate Dallenbach","She Outdoor | Dallenbach Racing | Chevrolet","Driver",33,1
"Racing",2017,"Donruss","Base Brand Donruss","Rated Rookies Printing Plates Black","Cameron Hayley","Cabinets by Hayley/Carolina Nut | ThorSport Racing | Toyota","Driver",34,1
"Racing",2017,"Donruss","Base Brand Donruss","Rated Rookies Printing Plates Black","Todd Gilliland","K&N Pro Series West","Driver",35,1
"Racing",2017,"Donruss","Base Brand Donruss","Rated Rookies Printing Plates Black","Garrett Smithley","Instalco | JD Motorsports | Chevrolet","Driver",36,1
"Racing",2017,"Donruss","Base Brand Donruss","Rated Rookies Printing Plates Cyan","Ty Dillon","Cheerios | Circle Sport-Leavine Family Racing | Chevrolet","Driver",28,1
"Racing",2017,"Donruss","Base Brand Donruss","Rated Rookies Printing Plates Cyan","Erik Jones","Game Stop | Joe Gibbs Racing | Toyota","Driver",29,1
"Racing",2017,"Donruss","Base Brand Donruss","Rated Rookies Printing Plates Cyan","William Byron","Liberty University | Kyle Busch Motorsports | Toyota","Driver",30,1
"Racing",2017,"Donruss","Base Brand Donruss","Rated Rookies Printing Plates Cyan","Cole Custer","Haas Automation | JR Motorsports | Chevrolet","Driver",31,1
"Racing",2017,"Donruss","Base Brand Donruss","Rated Rookies Printing Plates Cyan","Daniel Hemric","Draw-Tite | Brad Keselowski Racing | Ford","Driver",32,1
"Racing",2017,"Donruss","Base Brand Donruss","Rated Rookies Printing Plates Cyan","Kate Dallenbach","She Outdoor | Dallenbach Racing | Chevrolet","Driver",33,1
"Racing",2017,"Donruss","Base Brand Donruss","Rated Rookies Printing Plates Cyan","Cameron Hayley","Cabinets by Hayley/Carolina Nut | ThorSport Racing | Toyota","Driver",34,1
"Racing",2017,"Donruss","Base Brand Donruss","Rated Rookies Printing Plates Cyan","Todd Gilliland","K&N Pro Series West","Driver",35,1
"Racing",2017,"Donruss","Base Brand Donruss","Rated Rookies Printing Plates Cyan","Garrett Smithley","Instalco | JD Motorsports | Chevrolet","Driver",36,1
"Racing",2017,"Donruss","Base Brand Donruss","Rated Rookies Printing Plates Magenta","Ty Dillon","Cheerios | Circle Sport-Leavine Family Racing | Chevrolet","Driver",28,1
"Racing",2017,"Donruss","Base Brand Donruss","Rated Rookies Printing Plates Magenta","Erik Jones","Game Stop | Joe Gibbs Racing | Toyota","Driver",29,1
"Racing",2017,"Donruss","Base Brand Donruss","Rated Rookies Printing Plates Magenta","William Byron","Liberty University | Kyle Busch Motorsports | Toyota","Driver",30,1
"Racing",2017,"Donruss","Base Brand Donruss","Rated Rookies Printing Plates Magenta","Cole Custer","Haas Automation | JR Motorsports | Chevrolet","Driver",31,1
"Racing",2017,"Donruss","Base Brand Donruss","Rated Rookies Printing Plates Magenta","Daniel Hemric","Draw-Tite | Brad Keselowski Racing | Ford","Driver",32,1
"Racing",2017,"Donruss","Base Brand Donruss","Rated Rookies Printing Plates Magenta","Kate Dallenbach","She Outdoor | Dallenbach Racing | Chevrolet","Driver",33,1
"Racing",2017,"Donruss","Base Brand Donruss","Rated Rookies Printing Plates Magenta","Cameron Hayley","Cabinets by Hayley/Carolina Nut | ThorSport Racing | Toyota","Driver",34,1
"Racing",2017,"Donruss","Base Brand Donruss","Rated Rookies Printing Plates Magenta","Todd Gilliland","K&N Pro Series West","Driver",35,1
"Racing",2017,"Donruss","Base Brand Donruss","Rated Rookies Printing Plates Magenta","Garrett Smithley","Instalco | JD Motorsports | Chevrolet","Driver",36,1
"Racing",2017,"Donruss","Base Brand Donruss","Rated Rookies Printing Plates Yellow","Ty Dillon","Cheerios | Circle Sport-Leavine Family Racing | Chevrolet","Driver",28,1
"Racing",2017,"Donruss","Base Brand Donruss","Rated Rookies Printing Plates Yellow","Erik Jones","Game Stop | Joe Gibbs Racing | Toyota","Driver",29,1
"Racing",2017,"Donruss","Base Brand Donruss","Rated Rookies Printing Plates Yellow","William Byron","Liberty University | Kyle Busch Motorsports | Toyota","Driver",30,1
"Racing",2017,"Donruss","Base Brand Donruss","Rated Rookies Printing Plates Yellow","Cole Custer","Haas Automation | JR Motorsports | Chevrolet","Driver",31,1
"Racing",2017,"Donruss","Base Brand Donruss","Rated Rookies Printing Plates Yellow","Daniel Hemric","Draw-Tite | Brad Keselowski Racing | Ford","Driver",32,1
"Racing",2017,"Donruss","Base Brand Donruss","Rated Rookies Printing Plates Yellow","Kate Dallenbach","She Outdoor | Dallenbach Racing | Chevrolet","Driver",33,1
"Racing",2017,"Donruss","Base Brand Donruss","Rated Rookies Printing Plates Yellow","Cameron Hayley","Cabinets by Hayley/Carolina Nut | ThorSport Racing | Toyota","Driver",34,1
"Racing",2017,"Donruss","Base Brand Donruss","Rated Rookies Printing Plates Yellow","Todd Gilliland","K&N Pro Series West","Driver",35,1
"Racing",2017,"Donruss","Base Brand Donruss","Rated Rookies Printing Plates Yellow","Garrett Smithley","Instalco | JD Motorsports | Chevrolet","Driver",36,1
"Racing",2017,"Donruss","Base Brand Donruss","Retro Relics 1984","Alex Bowman","Advance Auto Parts | JR Motorsports | Chevrolet","Driver",1,
"Racing",2017,"Donruss","Base Brand Donruss","Retro Relics 1984","Aric Almirola","Smithfield Foods | Richard Petty Motorsports | Ford","Driver",2,
"Racing",2017,"Donruss","Base Brand Donruss","Retro Relics 1984","Bobby Labonte","C&J Energy Services | Go FAS Racing | Ford","Driver",3,
"Racing",2017,"Donruss","Base Brand Donruss","Retro Relics 1984","Brad Keselowski","Miller Lite | Team Penske | Ford","Driver",4,
"Racing",2017,"Donruss","Base Brand Donruss","Retro Relics 1984","Brandon Jones","Menards | Richard Childress Racing | Chevrolet","Driver",5,
"Racing",2017,"Donruss","Base Brand Donruss","Retro Relics 1984","Brendan Gaughan","South Point Hotel & Casino | Richard Childress Racing | Chevrolet","Driver",6,
"Racing",2017,"Donruss","Base Brand Donruss","Retro Relics 1984","Brian Scott","Albertsons | Richard Petty Motorsports | Ford","Driver",7,
"Racing",2017,"Donruss","Base Brand Donruss","Retro Relics 1984","Bubba Wallace","Ford EcoBoost | Roush Fenway Racing | Ford","Driver",8,
"Racing",2017,"Donruss","Base Brand Donruss","Retro Relics 1984","Carl Edwards","ARRIS | Joe Gibbs Racing | Toyota","Driver",9,
"Racing",2017,"Donruss","Base Brand Donruss","Retro Relics 1984","Clint Bowyer","5-Hour Energy | HScott Motorsports | Chevrolet","Driver",10,
"Racing",2017,"Donruss","Base Brand Donruss","Retro Relics 1984","Cole Custer","Haas Automation | JR Motorsports | Chevrolet","Driver",11,
"Racing",2017,"Donruss","Base Brand Donruss","Retro Relics 1984","Cole Whitt","RTIC Coolers | Premium Motorsports | Chevrolet","Driver",12,
"Racing",2017,"Donruss","Base Brand Donruss","Retro Relics 1984","Dale Earnhardt Jr","Nationwide | Hendrick Motorsports | Chevrolet","Driver",13,
"Racing",2017,"Donruss","Base Brand Donruss","Retro Relics 1984","Daniel Hemric","Draw-Tite | Brad Keselowski Racing | Ford","Driver",14,
"Racing",2017,"Donruss","Base Brand Donruss","Retro Relics 1984","Denny Hamlin","FedEx Express | Joe Gibbs Racing | Toyota","Driver",15,
"Racing",2017,"Donruss","Base Brand Donruss","Retro Relics 1984","Elliott Sadler","OneMain Financial | JR Motorsports | Chevrolet","Driver",16,
"Racing",2017,"Donruss","Base Brand Donruss","Retro Relics 1984","Erik Jones","Game Stop | Joe Gibbs Racing | Toyota","Driver",17,
"Racing",2017,"Donruss","Base Brand Donruss","Retro Relics 1984","Garrett Smithley","Instalco | JD Motorsports | Chevrolet","Driver",18,
"Racing",2017,"Donruss","Base Brand Donruss","Retro Relics 1984","J.J. Yeley","Zak Products | TriStar Motorsports | Toyota","Driver",19,
"Racing",2017,"Donruss","Base Brand Donruss","Retro Relics 1984","Jeremy Clements","RepairableVehicles.com | Jeremy Clements Racing | Chevrolet","Driver",20,
"Racing",2017,"Donruss","Base Brand Donruss","Retro Relics 1984","Jimmie Johnson","Lowe's | Hendrick Motorsports | Chevrolet","Driver",21,
"Racing",2017,"Donruss","Base Brand Donruss","Retro Relics 1984","Joey Logano","Shell-Pennzoil | Team Penske | Ford","Driver",22,
"Racing",2017,"Donruss","Base Brand Donruss","Retro Relics 1984","John Hunter Nemechek","Fire Alarm Services | NEMCO Motorsports | Chevrolet","Driver",23,
"Racing",2017,"Donruss","Base Brand Donruss","Retro Relics 1984","Justin Allgaier","Brandt | HScott Motorsports | Chevrolet","Driver",24,
"Racing",2017,"Donruss","Base Brand Donruss","Retro Relics 1984","Kevin Harvick","Jimmy John's | Stewart-Haas Racing | Chevrolet","Driver",26,
"Racing",2017,"Donruss","Base Brand Donruss","Retro Relics 1984","Kurt Busch","Haas Automation | Stewart-Haas Racing | Chevrolet","Driver",27,
"Racing",2017,"Donruss","Base Brand Donruss","Retro Relics 1984","Kyle Benjamin","BIII Benjamin Motorsports | Ford","Driver",28,
"Racing",2017,"Donruss","Base Brand Donruss","Retro Relics 1984","Kyle Busch","M&M's | Joe Gibbs Racing | Toyota","Driver",29,
"Racing",2017,"Donruss","Base Brand Donruss","Retro Relics 1984","Martin Truex Jr.","Bass Pro Shops-TRACKER Boats | Furniture Row Racing | Toyota","Driver",30,
"Racing",2017,"Donruss","Base Brand Donruss","Retro Relics 1984","Ricky Stenhouse Jr","Zest | Roush Fenway Racing | Ford","Driver",32,
"Racing",2017,"Donruss","Base Brand Donruss","Retro Relics 1984","Ryan Blaney","Motorcraft | Wood Brothers Racing | Ford","Driver",33,
"Racing",2017,"Donruss","Base Brand Donruss","Retro Relics 1984","T.J. Bell","Gulf Coast Loss Prevention | MAKE Motorsports | Chevrolet","Driver",34,
"Racing",2017,"Donruss","Base Brand Donruss","Retro Relics 1984","Trevor Bayne","AdvoCare | Roush Fenway Racing | Ford","Driver",35,
"Racing",2017,"Donruss","Base Brand Donruss","Retro Relics 1984","Tyler Reddick","Cooper Standard | Brad Keselowski Racing | Ford","Driver",36,
"Racing",2017,"Donruss","Base Brand Donruss","Retro Relics 1984 Holo Black","Alex Bowman","Advance Auto Parts | JR Motorsports | Chevrolet","Driver",1,5
"Racing",2017,"Donruss","Base Brand Donruss","Retro Relics 1984 Holo Black","Aric Almirola","Smithfield Foods | Richard Petty Motorsports | Ford","Driver",2,10
"Racing",2017,"Donruss","Base Brand Donruss","Retro Relics 1984 Holo Black","Bobby Labonte","C&J Energy Services | Go FAS Racing | Ford","Driver",3,10
"Racing",2017,"Donruss","Base Brand Donruss","Retro Relics 1984 Holo Black","Brad Keselowski","Miller Lite | Team Penske | Ford","Driver",4,10
"Racing",2017,"Donruss","Base Brand Donruss","Retro Relics 1984 Holo Black","Brandon Jones","Menards | Richard Childress Racing | Chevrolet","Driver",5,10
"Racing",2017,"Donruss","Base Brand Donruss","Retro Relics 1984 Holo Black","Brendan Gaughan","South Point Hotel & Casino | Richard Childress Racing | Chevrolet","Driver",6,10
"Racing",2017,"Donruss","Base Brand Donruss","Retro Relics 1984 Holo Black","Brian Scott","Albertsons | Richard Petty Motorsports | Ford","Driver",7,10
"Racing",2017,"Donruss","Base Brand Donruss","Retro Relics 1984 Holo Black","Bubba Wallace","Ford EcoBoost | Roush Fenway Racing | Ford","Driver",8,10
"Racing",2017,"Donruss","Base Brand Donruss","Retro Relics 1984 Holo Black","Carl Edwards","ARRIS | Joe Gibbs Racing | Toyota","Driver",9,1
"Racing",2017,"Donruss","Base Brand Donruss","Retro Relics 1984 Holo Black","Clint Bowyer","5-Hour Energy | HScott Motorsports | Chevrolet","Driver",10,10
"Racing",2017,"Donruss","Base Brand Donruss","Retro Relics 1984 Holo Black","Cole Custer","Haas Automation | JR Motorsports | Chevrolet","Driver",11,5
"Racing",2017,"Donruss","Base Brand Donruss","Retro Relics 1984 Holo Black","Cole Whitt","RTIC Coolers | Premium Motorsports | Chevrolet","Driver",12,10
"Racing",2017,"Donruss","Base Brand Donruss","Retro Relics 1984 Holo Black","Dale Earnhardt Jr","Nationwide | Hendrick Motorsports | Chevrolet","Driver",13,5
"Racing",2017,"Donruss","Base Brand Donruss","Retro Relics 1984 Holo Black","Daniel Hemric","Draw-Tite | Brad Keselowski Racing | Ford","Driver",14,10
"Racing",2017,"Donruss","Base Brand Donruss","Retro Relics 1984 Holo Black","Denny Hamlin","FedEx Express | Joe Gibbs Racing | Toyota","Driver",15,5
"Racing",2017,"Donruss","Base Brand Donruss","Retro Relics 1984 Holo Black","Elliott Sadler","OneMain Financial | JR Motorsports | Chevrolet","Driver",16,5
"Racing",2017,"Donruss","Base Brand Donruss","Retro Relics 1984 Holo Black","Erik Jones","Game Stop | Joe Gibbs Racing | Toyota","Driver",17,10
"Racing",2017,"Donruss","Base Brand Donruss","Retro Relics 1984 Holo Black","Garrett Smithley","Instalco | JD Motorsports | Chevrolet","Driver",18,1
"Racing",2017,"Donruss","Base Brand Donruss","Retro Relics 1984 Holo Black","J.J. Yeley","Zak Products | TriStar Motorsports | Toyota","Driver",19,5
"Racing",2017,"Donruss","Base Brand Donruss","Retro Relics 1984 Holo Black","Jeremy Clements","RepairableVehicles.com | Jeremy Clements Racing | Chevrolet","Driver",20,5
"Racing",2017,"Donruss","Base Brand Donruss","Retro Relics 1984 Holo Black","Jimmie Johnson","Lowe's | Hendrick Motorsports | Chevrolet","Driver",21,5
"Racing",2017,"Donruss","Base Brand Donruss","Retro Relics 1984 Holo Black","Joey Logano","Shell-Pennzoil | Team Penske | Ford","Driver",22,5
"Racing",2017,"Donruss","Base Brand Donruss","Retro Relics 1984 Holo Black","John Hunter Nemechek","Fire Alarm Services | NEMCO Motorsports | Chevrolet","Driver",23,5
"Racing",2017,"Donruss","Base Brand Donruss","Retro Relics 1984 Holo Black","Justin Allgaier","Brandt | HScott Motorsports | Chevrolet","Driver",24,5
"Racing",2017,"Donruss","Base Brand Donruss","Retro Relics 1984 Holo Black","Kasey Kahne","Farmers Insurance | Hendrick Motorsports | Chevrolet","Driver",25,10
"Racing",2017,"Donruss","Base Brand Donruss","Retro Relics 1984 Holo Black","Kevin Harvick","Jimmy John's | Stewart-Haas Racing | Chevrolet","Driver",26,10
"Racing",2017,"Donruss","Base Brand Donruss","Retro Relics 1984 Holo Black","Kurt Busch","Haas Automation | Stewart-Haas Racing | Chevrolet","Driver",27,10
"Racing",2017,"Donruss","Base Brand Donruss","Retro Relics 1984 Holo Black","Kyle Benjamin","BIII Benjamin Motorsports | Ford","Driver",28,5
"Racing",2017,"Donruss","Base Brand Donruss","Retro Relics 1984 Holo Black","Kyle Busch","M&M's | Joe Gibbs Racing | Toyota","Driver",29,10
"Racing",2017,"Donruss","Base Brand Donruss","Retro Relics 1984 Holo Black","Martin Truex Jr.","Bass Pro Shops-TRACKER Boats | Furniture Row Racing | Toyota","Driver",30,10
"Racing",2017,"Donruss","Base Brand Donruss","Retro Relics 1984 Holo Black","Matt Kenseth","DeWalt | Joe Gibbs Racing | Toyota","Driver",31,10
"Racing",2017,"Donruss","Base Brand Donruss","Retro Relics 1984 Holo Black","Ricky Stenhouse Jr","Zest | Roush Fenway Racing | Ford","Driver",32,10
"Racing",2017,"Donruss","Base Brand Donruss","Retro Relics 1984 Holo Black","Ryan Blaney","Motorcraft | Wood Brothers Racing | Ford","Driver",33,10
"Racing",2017,"Donruss","Base Brand Donruss","Retro Relics 1984 Holo Black","T.J. Bell","Gulf Coast Loss Prevention | MAKE Motorsports | Chevrolet","Driver",34,1
"Racing",2017,"Donruss","Base Brand Donruss","Retro Relics 1984 Holo Black","Trevor Bayne","AdvoCare | Roush Fenway Racing | Ford","Driver",35,10
"Racing",2017,"Donruss","Base Brand Donruss","Retro Relics 1984 Holo Black","Tyler Reddick","Cooper Standard | Brad Keselowski Racing | Ford","Driver",36,1
"Racing",2017,"Donruss","Base Brand Donruss","Retro Relics 1984 Holo Gold","Alex Bowman","Advance Auto Parts | JR Motorsports | Chevrolet","Driver",1,99
"Racing",2017,"Donruss","Base Brand Donruss","Retro Relics 1984 Holo Gold","Aric Almirola","Smithfield Foods | Richard Petty Motorsports | Ford","Driver",2,25
"Racing",2017,"Donruss","Base Brand Donruss","Retro Relics 1984 Holo Gold","Bobby Labonte","C&J Energy Services | Go FAS Racing | Ford","Driver",3,99
"Racing",2017,"Donruss","Base Brand Donruss","Retro Relics 1984 Holo Gold","Brad Keselowski","Miller Lite | Team Penske | Ford","Driver",4,99
"Racing",2017,"Donruss","Base Brand Donruss","Retro Relics 1984 Holo Gold","Brandon Jones","Menards | Richard Childress Racing | Chevrolet","Driver",5,25
"Racing",2017,"Donruss","Base Brand Donruss","Retro Relics 1984 Holo Gold","Brendan Gaughan","South Point Hotel & Casino | Richard Childress Racing | Chevrolet","Driver",6,99
"Racing",2017,"Donruss","Base Brand Donruss","Retro Relics 1984 Holo Gold","Brian Scott","Albertsons | Richard Petty Motorsports | Ford","Driver",7,99
"Racing",2017,"Donruss","Base Brand Donruss","Retro Relics 1984 Holo Gold","Bubba Wallace","Ford EcoBoost | Roush Fenway Racing | Ford","Driver",8,99
"Racing",2017,"Donruss","Base Brand Donruss","Retro Relics 1984 Holo Gold","Carl Edwards","ARRIS | Joe Gibbs Racing | Toyota","Driver",9,25
"Racing",2017,"Donruss","Base Brand Donruss","Retro Relics 1984 Holo Gold","Clint Bowyer","5-Hour Energy | HScott Motorsports | Chevrolet","Driver",10,99
"Racing",2017,"Donruss","Base Brand Donruss","Retro Relics 1984 Holo Gold","Cole Custer","Haas Automation | JR Motorsports | Chevrolet","Driver",11,99
"Racing",2017,"Donruss","Base Brand Donruss","Retro Relics 1984 Holo Gold","Cole Whitt","RTIC Coolers | Premium Motorsports | Chevrolet","Driver",12,99
"Racing",2017,"Donruss","Base Brand Donruss","Retro Relics 1984 Holo Gold","Dale Earnhardt Jr","Nationwide | Hendrick Motorsports | Chevrolet","Driver",13,99
"Racing",2017,"Donruss","Base Brand Donruss","Retro Relics 1984 Holo Gold","Daniel Hemric","Draw-Tite | Brad Keselowski Racing | Ford","Driver",14,99
"Racing",2017,"Donruss","Base Brand Donruss","Retro Relics 1984 Holo Gold","Denny Hamlin","FedEx Express | Joe Gibbs Racing | Toyota","Driver",15,99
"Racing",2017,"Donruss","Base Brand Donruss","Retro Relics 1984 Holo Gold","Elliott Sadler","OneMain Financial | JR Motorsports | Chevrolet","Driver",16,99
"Racing",2017,"Donruss","Base Brand Donruss","Retro Relics 1984 Holo Gold","Erik Jones","Game Stop | Joe Gibbs Racing | Toyota","Driver",17,99
"Racing",2017,"Donruss","Base Brand Donruss","Retro Relics 1984 Holo Gold","Garrett Smithley","Instalco | JD Motorsports | Chevrolet","Driver",18,25
"Racing",2017,"Donruss","Base Brand Donruss","Retro Relics 1984 Holo Gold","J.J. Yeley","Zak Products | TriStar Motorsports | Toyota","Driver",19,99
"Racing",2017,"Donruss","Base Brand Donruss","Retro Relics 1984 Holo Gold","Jeremy Clements","RepairableVehicles.com | Jeremy Clements Racing | Chevrolet","Driver",20,99
"Racing",2017,"Donruss","Base Brand Donruss","Retro Relics 1984 Holo Gold","Jimmie Johnson","Lowe's | Hendrick Motorsports | Chevrolet","Driver",21,99
"Racing",2017,"Donruss","Base Brand Donruss","Retro Relics 1984 Holo Gold","Joey Logano","Shell-Pennzoil | Team Penske | Ford","Driver",22,99
"Racing",2017,"Donruss","Base Brand Donruss","Retro Relics 1984 Holo Gold","John Hunter Nemechek","Fire Alarm Services | NEMCO Motorsports | Chevrolet","Driver",23,25
"Racing",2017,"Donruss","Base Brand Donruss","Retro Relics 1984 Holo Gold","Justin Allgaier","Brandt | HScott Motorsports | Chevrolet","Driver",24,99
"Racing",2017,"Donruss","Base Brand Donruss","Retro Relics 1984 Holo Gold","Kasey Kahne","Farmers Insurance | Hendrick Motorsports | Chevrolet","Driver",25,99
"Racing",2017,"Donruss","Base Brand Donruss","Retro Relics 1984 Holo Gold","Kevin Harvick","Jimmy John's | Stewart-Haas Racing | Chevrolet","Driver",26,99
"Racing",2017,"Donruss","Base Brand Donruss","Retro Relics 1984 Holo Gold","Kurt Busch","Haas Automation | Stewart-Haas Racing | Chevrolet","Driver",27,99
"Racing",2017,"Donruss","Base Brand Donruss","Retro Relics 1984 Holo Gold","Kyle Benjamin","BIII Benjamin Motorsports | Ford","Driver",28,99
"Racing",2017,"Donruss","Base Brand Donruss","Retro Relics 1984 Holo Gold","Kyle Busch","M&M's | Joe Gibbs Racing | Toyota","Driver",29,99
"Racing",2017,"Donruss","Base Brand Donruss","Retro Relics 1984 Holo Gold","Martin Truex Jr.","Bass Pro Shops-TRACKER Boats | Furniture Row Racing | Toyota","Driver",30,99
"Racing",2017,"Donruss","Base Brand Donruss","Retro Relics 1984 Holo Gold","Matt Kenseth","DeWalt | Joe Gibbs Racing | Toyota","Driver",31,99
"Racing",2017,"Donruss","Base Brand Donruss","Retro Relics 1984 Holo Gold","Ricky Stenhouse Jr","Zest | Roush Fenway Racing | Ford","Driver",32,99
"Racing",2017,"Donruss","Base Brand Donruss","Retro Relics 1984 Holo Gold","Ryan Blaney","Motorcraft | Wood Brothers Racing | Ford","Driver",33,99
"Racing",2017,"Donruss","Base Brand Donruss","Retro Relics 1984 Holo Gold","T.J. Bell","Gulf Coast Loss Prevention | MAKE Motorsports | Chevrolet","Driver",34,99
"Racing",2017,"Donruss","Base Brand Donruss","Retro Relics 1984 Holo Gold","Trevor Bayne","AdvoCare | Roush Fenway Racing | Ford","Driver",35,99
"Racing",2017,"Donruss","Base Brand Donruss","Retro Relics 1984 Holo Gold","Tyler Reddick","Cooper Standard | Brad Keselowski Racing | Ford","Driver",36,99
"Racing",2017,"Donruss","Base Brand Donruss","Retro Signatures 1984","Austin Dillon","Rheem | Richard Childress Racing | Chevrolet","Driver",1,
"Racing",2017,"Donruss","Base Brand Donruss","Retro Signatures 1984","Chase Elliott","NAPA Auto Parts | Hendrick Motorsports | Chevrolet","Driver",3,
"Racing",2017,"Donruss","Base Brand Donruss","Retro Signatures 1984","Danny ""Chocolate"" Myers","Richard Childress Racing","Pit Crew",4,
"Racing",2017,"Donruss","Base Brand Donruss","Retro Signatures 1984","Clint Bowyer","5-Hour Energy | HScott Motorsports | Chevrolet","Driver",5,
"Racing",2017,"Donruss","Base Brand Donruss","Retro Signatures 1984","Dale Earnhardt Jr","Mountain Dew | Hendrick Motorsports | Chevrolet","Driver",6,
"Racing",2017,"Donruss","Base Brand Donruss","Retro Signatures 1984","Danica Patrick","Nature's Bakery | Stewart-Haas Racing | Chevrolet","Driver",7,
"Racing",2017,"Donruss","Base Brand Donruss","Retro Signatures 1984","Denny Hamlin","FedEx Express | Joe Gibbs Racing | Toyota","Driver",8,
"Racing",2017,"Donruss","Base Brand Donruss","Retro Signatures 1984","Jeff Burton","Exide Batteries | Roush Racing | Ford","Driver",10,
"Racing",2017,"Donruss","Base Brand Donruss","Retro Signatures 1984","Joey Logano","Shell-Pennzoil | Team Penske | Ford","Driver",13,
"Racing",2017,"Donruss","Base Brand Donruss","Retro Signatures 1984","Kasey Kahne","Farmers Insurance | Hendrick Motorsports | Chevrolet","Driver",14,
"Racing",2017,"Donruss","Base Brand Donruss","Retro Signatures 1984","Kevin Harvick","Jimmy John's | Stewart-Haas Racing | Chevrolet","Driver",15,
"Racing",2017,"Donruss","Base Brand Donruss","Retro Signatures 1984","Kyle Petty","Mello Yello | SABCO Racing | Pontiac","Driver",16,
"Racing",2017,"Donruss","Base Brand Donruss","Retro Signatures 1984","Martin Truex Jr.","Bass Pro Shops-TRACKER Boats | Furniture Row Racing | Toyota","Driver",17,
"Racing",2017,"Donruss","Base Brand Donruss","Retro Signatures 1984","Michael Waltrip","NAPA Auto Parts | Dale Earnhardt, Inc. | Chevrolet","Driver",18,
"Racing",2017,"Donruss","Base Brand Donruss","Retro Signatures 1984","Richard Petty","STP | Petty Enterprises | Plymouth","Driver",19,
"Racing",2017,"Donruss","Base Brand Donruss","Retro Signatures 1984","Ricky Craven","Tide | Cal Wells | Ford","Driver",20,
"Racing",2017,"Donruss","Base Brand Donruss","Retro Signatures 1984 Holo Black","Austin Dillon","Rheem | Richard Childress Racing | Chevrolet","Driver",1,1
"Racing",2017,"Donruss","Base Brand Donruss","Retro Signatures 1984 Holo Black","Chase Elliott","NAPA Auto Parts | Hendrick Motorsports | Chevrolet","Driver",3,1
"Racing",2017,"Donruss","Base Brand Donruss","Retro Signatures 1984 Holo Black","Danny ""Chocolate"" Myers","Richard Childress Racing","Pit Crew",4,1
"Racing",2017,"Donruss","Base Brand Donruss","Retro Signatures 1984 Holo Black","Clint Bowyer","5-Hour Energy | HScott Motorsports | Chevrolet","Driver",5,1
"Racing",2017,"Donruss","Base Brand Donruss","Retro Signatures 1984 Holo Black","Dale Earnhardt Jr","Mountain Dew | Hendrick Motorsports | Chevrolet","Driver",6,1
"Racing",2017,"Donruss","Base Brand Donruss","Retro Signatures 1984 Holo Black","Danica Patrick","Nature's Bakery | Stewart-Haas Racing | Chevrolet","Driver",7,1
"Racing",2017,"Donruss","Base Brand Donruss","Retro Signatures 1984 Holo Black","Denny Hamlin","FedEx Express | Joe Gibbs Racing | Toyota","Driver",8,1
"Racing",2017,"Donruss","Base Brand Donruss","Retro Signatures 1984 Holo Black","Jeff Burton","Exide Batteries | Roush Racing | Ford","Driver",10,1
"Racing",2017,"Donruss","Base Brand Donruss","Retro Signatures 1984 Holo Black","Jimmie Johnson","Lowe's | Hendrick Motorsports | Chevrolet","Driver",12,1
"Racing",2017,"Donruss","Base Brand Donruss","Retro Signatures 1984 Holo Black","Joey Logano","Shell-Pennzoil | Team Penske | Ford","Driver",13,1
"Racing",2017,"Donruss","Base Brand Donruss","Retro Signatures 1984 Holo Black","Kasey Kahne","Farmers Insurance | Hendrick Motorsports | Chevrolet","Driver",14,1
"Racing",2017,"Donruss","Base Brand Donruss","Retro Signatures 1984 Holo Black","Kevin Harvick","Jimmy John's | Stewart-Haas Racing | Chevrolet","Driver",15,1
"Racing",2017,"Donruss","Base Brand Donruss","Retro Signatures 1984 Holo Black","Kyle Petty","Mello Yello | SABCO Racing | Pontiac","Driver",16,1
"Racing",2017,"Donruss","Base Brand Donruss","Retro Signatures 1984 Holo Black","Martin Truex Jr.","Bass Pro Shops-TRACKER Boats | Furniture Row Racing | Toyota","Driver",17,1
"Racing",2017,"Donruss","Base Brand Donruss","Retro Signatures 1984 Holo Black","Michael Waltrip","NAPA Auto Parts | Dale Earnhardt, Inc. | Chevrolet","Driver",18,1
"Racing",2017,"Donruss","Base Brand Donruss","Retro Signatures 1984 Holo Black","Richard Petty","STP | Petty Enterprises | Plymouth","Driver",19,1
"Racing",2017,"Donruss","Base Brand Donruss","Retro Signatures 1984 Holo Black","Ricky Craven","Tide | Cal Wells | Ford","Driver",20,1
"Racing",2017,"Donruss","Base Brand Donruss","Retro Signatures 1984 Holo Gold","Austin Dillon","Rheem | Richard Childress Racing | Chevrolet","Driver",1,25
"Racing",2017,"Donruss","Base Brand Donruss","Retro Signatures 1984 Holo Gold","Chase Elliott","NAPA Auto Parts | Hendrick Motorsports | Chevrolet","Driver",3,25
"Racing",2017,"Donruss","Base Brand Donruss","Retro Signatures 1984 Holo Gold","Danny ""Chocolate"" Myers","Richard Childress Racing","Pit Crew",4,25
"Racing",2017,"Donruss","Base Brand Donruss","Retro Signatures 1984 Holo Gold","Clint Bowyer","5-Hour Energy | HScott Motorsports | Chevrolet","Driver",5,25
"Racing",2017,"Donruss","Base Brand Donruss","Retro Signatures 1984 Holo Gold","Dale Earnhardt Jr","Mountain Dew | Hendrick Motorsports | Chevrolet","Driver",6,25
"Racing",2017,"Donruss","Base Brand Donruss","Retro Signatures 1984 Holo Gold","Danica Patrick","Nature's Bakery | Stewart-Haas Racing | Chevrolet","Driver",7,25
"Racing",2017,"Donruss","Base Brand Donruss","Retro Signatures 1984 Holo Gold","Denny Hamlin","FedEx Express | Joe Gibbs Racing | Toyota","Driver",8,25
"Racing",2017,"Donruss","Base Brand Donruss","Retro Signatures 1984 Holo Gold","Jeff Burton","Exide Batteries | Roush Racing | Ford","Driver",10,25
"Racing",2017,"Donruss","Base Brand Donruss","Retro Signatures 1984 Holo Gold","Joey Logano","Shell-Pennzoil | Team Penske | Ford","Driver",13,25
"Racing",2017,"Donruss","Base Brand Donruss","Retro Signatures 1984 Holo Gold","Kasey Kahne","Farmers Insurance | Hendrick Motorsports | Chevrolet","Driver",14,25
"Racing",2017,"Donruss","Base Brand Donruss","Retro Signatures 1984 Holo Gold","Kevin Harvick","Jimmy John's | Stewart-Haas Racing | Chevrolet","Driver",15,25
"Racing",2017,"Donruss","Base Brand Donruss","Retro Signatures 1984 Holo Gold","Kyle Petty","Mello Yello | SABCO Racing | Pontiac","Driver",16,25
"Racing",2017,"Donruss","Base Brand Donruss","Retro Signatures 1984 Holo Gold","Martin Truex Jr.","Bass Pro Shops-TRACKER Boats | Furniture Row Racing | Toyota","Driver",17,25
"Racing",2017,"Donruss","Base Brand Donruss","Retro Signatures 1984 Holo Gold","Michael Waltrip","NAPA Auto Parts | Dale Earnhardt, Inc. | Chevrolet","Driver",18,25
"Racing",2017,"Donruss","Base Brand Donruss","Retro Signatures 1984 Holo Gold","Richard Petty","STP | Petty Enterprises | Plymouth","Driver",19,25
"Racing",2017,"Donruss","Base Brand Donruss","Retro Signatures 1984 Holo Gold","Ricky Craven","Tide | Cal Wells | Ford","Driver",20,25
"Racing",2017,"Donruss","Base Brand Donruss","Retro Variations 1984","Dale Earnhardt Jr","Nationwide | Hendrick Motorsports | Chevrolet","Driver",137,
"Racing",2017,"Donruss","Base Brand Donruss","Retro Variations 1984","Junior Johnson","Holly Farms | Junior Johnson | Ford","Driver",138,
"Racing",2017,"Donruss","Base Brand Donruss","Retro Variations 1984","Jimmie Johnson","Lowe's | Hendrick Motorsports | Chevrolet","Driver",139,
"Racing",2017,"Donruss","Base Brand Donruss","Retro Variations 1984","Michael Waltrip","NAPA Auto Parts | Dale Earnhardt, Inc. | Chevrolet","Driver",140,
"Racing",2017,"Donruss","Base Brand Donruss","Retro Variations 1984","Chase Elliott","NAPA Auto Parts | Hendrick Motorsports | Chevrolet","Driver",141,
"Racing",2017,"Donruss","Base Brand Donruss","Retro Variations 1984","Joey Logano","Shell-Pennzoil | Team Penske | Ford","Driver",142,
"Racing",2017,"Donruss","Base Brand Donruss","Retro Variations 1984","Rusty Wallace","Miller Lite | Team Penske | Ford","Driver",143,
"Racing",2017,"Donruss","Base Brand Donruss","Retro Variations 1984","Carl Edwards","ARRIS | Joe Gibbs Racing | Toyota","Driver",144,
"Racing",2017,"Donruss","Base Brand Donruss","Retro Variations 1984","Daniel Suarez","ARRIS | Joe Gibbs Racing | Toyota","Driver",145,
"Racing",2017,"Donruss","Base Brand Donruss","Retro Variations 1984","Denny Hamlin","FedEx Express | Joe Gibbs Racing | Toyota","Driver",146,
"Racing",2017,"Donruss","Base Brand Donruss","Retro Variations 1984","Kevin Harvick","Jimmy John's | Stewart-Haas Racing | Chevrolet","Driver",147,
"Racing",2017,"Donruss","Base Brand Donruss","Retro Variations 1984","Austin Dillon","Dow Chemical | Richard Childress Racing | Chevrolet","Driver",148,
"Racing",2017,"Donruss","Base Brand Donruss","Retro Variations 1984","Brad Keselowski","Miller Lite | Team Penske | Ford","Driver",149,
"Racing",2017,"Donruss","Base Brand Donruss","Retro Variations 1984","Kasey Kahne","Farmers Insurance | Hendrick Motorsports | Chevrolet","Driver",150,
"Racing",2017,"Donruss","Base Brand Donruss","Retro Variations 1984","Harry Gant","Skoal | Hal Needham | Chevrolet","Driver",151,
"Racing",2017,"Donruss","Base Brand Donruss","Retro Variations 1984","Danica Patrick","Nature's Bakery | Stewart-Haas Racing | Chevrolet","Driver",152,
"Racing",2017,"Donruss","Base Brand Donruss","Retro Variations 1984","Casey Mears","GEICO | Germain Racing | Chevrolet","Driver",153,
"Racing",2017,"Donruss","Base Brand Donruss","Retro Variations 1984","Clint Bowyer","5-Hour Energy | HScott Motorsports | Chevrolet","Driver",154,
"Racing",2017,"Donruss","Base Brand Donruss","Retro Variations 1984","Greg Biffle","Kleen Performance Products | Roush Fenway Racing | Ford","Driver",155,
"Racing",2017,"Donruss","Base Brand Donruss","Retro Variations 1984","Ricky Stenhouse Jr","Zest | Roush Fenway Racing | Ford","Driver",156,
"Racing",2017,"Donruss","Base Brand Donruss","Retro Variations 1984","Kyle Busch","M&M's | Joe Gibbs Racing | Toyota","Driver",157,
"Racing",2017,"Donruss","Base Brand Donruss","Retro Variations 1984","Bobby Labonte","C&J Energy Services | Go FAS Racing | Ford","Driver",158,
"Racing",2017,"Donruss","Base Brand Donruss","Retro Variations 1984","Kyle Larson","Target | Chip Ganassi Racing | Chevrolet","Driver",159,
"Racing",2017,"Donruss","Base Brand Donruss","Retro Variations 1984","Terry Labonte","Kellogg's Corn Flakes | Hendrick Motorsports | Chevrolet","Driver",160,
"Racing",2017,"Donruss","Base Brand Donruss","Retro Variations 1984","AJ Allmendinger","Kroger | JTG Daugherty Racing | Chevrolet","Driver",161,
"Racing",2017,"Donruss","Base Brand Donruss","Retro Variations 1984","Alex Bowman","Nationwide | Hendrick Motorsports | Chevrolet","Driver",162,
"Racing",2017,"Donruss","Base Brand Donruss","Retro Variations 1984","Bill Elliott","Coors | Harry Melling | Ford","Driver",163,
"Racing",2017,"Donruss","Base Brand Donruss","Retro Variations 1984","Bobby Allison","Miller High Life | DiGard | Buick","Driver",164,
"Racing",2017,"Donruss","Base Brand Donruss","Retro Variations 1984","Darrell Waltrip","Mountain Dew | Junior Johnson | Buick","Driver",165,
"Racing",2017,"Donruss","Base Brand Donruss","Retro Variations 1984","Dave Marcis","Dave Marcis Racing | Chevrolet","Driver",166,
"Racing",2017,"Donruss","Base Brand Donruss","Retro Variations 1984","David Pearson ","Purolator | Wood Brothers Racing | Mercury","Driver",167,
"Racing",2017,"Donruss","Base Brand Donruss","Retro Variations 1984","David Ragan","Dr Pepper | BK Racing | Toyota","Driver",168,
"Racing",2017,"Donruss","Base Brand Donruss","Retro Variations 1984","Ernie Irvan","Skittles |  Nelson Bowers | Pontiac","Driver",169,
"Racing",2017,"Donruss","Base Brand Donruss","Retro Variations 1984","Jamie McMurray","Cessna | Chip Ganassi Racing | Chevrolet","Driver",170,
"Racing",2017,"Donruss","Base Brand Donruss","Retro Variations 1984","Jeff Burton","Exide Batteries | Roush Racing | Ford","Driver",171,
"Racing",2017,"Donruss","Base Brand Donruss","Retro Variations 1984","Martin Truex Jr.","Bass Pro Shops-TRACKER Boats | Furniture Row Racing | Toyota","Driver",172,
"Racing",2017,"Donruss","Base Brand Donruss","Retro Variations 1984","Kyle Petty","Mello Yello | SABCO Racing | Pontiac","Driver",173,
"Racing",2017,"Donruss","Base Brand Donruss","Retro Variations 1984","Mark Martin","Pfizer | Roush Racing | Ford","Driver",174,
"Racing",2017,"Donruss","Base Brand Donruss","Retro Variations 1984","Kurt Busch","Haas Automation | Stewart-Haas Racing | Chevrolet","Driver",175,
"Racing",2017,"Donruss","Base Brand Donruss","Retro Variations 1984","Ned Jarrett","B.G. Holloway | Ned Jarrett | Chevrolet","Driver",176,
"Racing",2017,"Donruss","Base Brand Donruss","Retro Variations 1984","Richard Petty","STP | Petty Enterprises | Plymouth","Driver",177,
"Racing",2017,"Donruss","Base Brand Donruss","Retro Variations 1984","Matt Kenseth","DeWalt | Joe Gibbs Racing | Toyota","Driver",178,
"Racing",2017,"Donruss","Base Brand Donruss","Retro Variations 1984","Aric Almirola","Smithfield Foods | Richard Petty Motorsports | Ford","Driver",179,
"Racing",2017,"Donruss","Base Brand Donruss","Retro Variations 1984","Ryan Newman","Caterpillar | Richard Childress Racing | Chevrolet","Driver",180,
"Racing",2017,"Donruss","Base Brand Donruss","Retro Variations 1984","William Byron","Liberty University | JR Motorsports | Chevrolet","Driver",181,
"Racing",2017,"Donruss","Base Brand Donruss","Retro Variations 1984 Artist Proof","Dale Earnhardt Jr","Nationwide | Hendrick Motorsports | Chevrolet","Driver",137,25
"Racing",2017,"Donruss","Base Brand Donruss","Retro Variations 1984 Artist Proof","Junior Johnson","Holly Farms | Junior Johnson | Ford","Driver",138,25
"Racing",2017,"Donruss","Base Brand Donruss","Retro Variations 1984 Artist Proof","Jimmie Johnson","Lowe's | Hendrick Motorsports | Chevrolet","Driver",139,25
"Racing",2017,"Donruss","Base Brand Donruss","Retro Variations 1984 Artist Proof","Michael Waltrip","NAPA Auto Parts | Dale Earnhardt, Inc. | Chevrolet","Driver",140,25
"Racing",2017,"Donruss","Base Brand Donruss","Retro Variations 1984 Artist Proof","Chase Elliott","NAPA Auto Parts | Hendrick Motorsports | Chevrolet","Driver",141,25
"Racing",2017,"Donruss","Base Brand Donruss","Retro Variations 1984 Artist Proof","Joey Logano","Shell-Pennzoil | Team Penske | Ford","Driver",142,25
"Racing",2017,"Donruss","Base Brand Donruss","Retro Variations 1984 Artist Proof","Rusty Wallace","Miller Lite | Team Penske | Ford","Driver",143,25
"Racing",2017,"Donruss","Base Brand Donruss","Retro Variations 1984 Artist Proof","Carl Edwards","ARRIS | Joe Gibbs Racing | Toyota","Driver",144,25
"Racing",2017,"Donruss","Base Brand Donruss","Retro Variations 1984 Artist Proof","Daniel Suarez","ARRIS | Joe Gibbs Racing | Toyota","Driver",145,25
"Racing",2017,"Donruss","Base Brand Donruss","Retro Variations 1984 Artist Proof","Denny Hamlin","FedEx Express | Joe Gibbs Racing | Toyota","Driver",146,25
"Racing",2017,"Donruss","Base Brand Donruss","Retro Variations 1984 Artist Proof","Kevin Harvick","Jimmy John's | Stewart-Haas Racing | Chevrolet","Driver",147,25
"Racing",2017,"Donruss","Base Brand Donruss","Retro Variations 1984 Artist Proof","Austin Dillon","Dow Chemical | Richard Childress Racing | Chevrolet","Driver",148,25
"Racing",2017,"Donruss","Base Brand Donruss","Retro Variations 1984 Artist Proof","Brad Keselowski","Miller Lite | Team Penske | Ford","Driver",149,25
"Racing",2017,"Donruss","Base Brand Donruss","Retro Variations 1984 Artist Proof","Kasey Kahne","Farmers Insurance | Hendrick Motorsports | Chevrolet","Driver",150,25
"Racing",2017,"Donruss","Base Brand Donruss","Retro Variations 1984 Artist Proof","Harry Gant","Skoal | Hal Needham | Chevrolet","Driver",151,25
"Racing",2017,"Donruss","Base Brand Donruss","Retro Variations 1984 Artist Proof","Danica Patrick","Nature's Bakery | Stewart-Haas Racing | Chevrolet","Driver",152,25
"Racing",2017,"Donruss","Base Brand Donruss","Retro Variations 1984 Artist Proof","Casey Mears","GEICO | Germain Racing | Chevrolet","Driver",153,25
"Racing",2017,"Donruss","Base Brand Donruss","Retro Variations 1984 Artist Proof","Clint Bowyer","5-Hour Energy | HScott Motorsports | Chevrolet","Driver",154,25
"Racing",2017,"Donruss","Base Brand Donruss","Retro Variations 1984 Artist Proof","Greg Biffle","Kleen Performance Products | Roush Fenway Racing | Ford","Driver",155,25
"Racing",2017,"Donruss","Base Brand Donruss","Retro Variations 1984 Artist Proof","Ricky Stenhouse Jr","Zest | Roush Fenway Racing | Ford","Driver",156,25
"Racing",2017,"Donruss","Base Brand Donruss","Retro Variations 1984 Artist Proof","Kyle Busch","M&M's | Joe Gibbs Racing | Toyota","Driver",157,25
"Racing",2017,"Donruss","Base Brand Donruss","Retro Variations 1984 Artist Proof","Bobby Labonte","C&J Energy Services | Go FAS Racing | Ford","Driver",158,25
"Racing",2017,"Donruss","Base Brand Donruss","Retro Variations 1984 Artist Proof","Kyle Larson","Target | Chip Ganassi Racing | Chevrolet","Driver",159,25
"Racing",2017,"Donruss","Base Brand Donruss","Retro Variations 1984 Artist Proof","Terry Labonte","Kellogg's Corn Flakes | Hendrick Motorsports | Chevrolet","Driver",160,25
"Racing",2017,"Donruss","Base Brand Donruss","Retro Variations 1984 Artist Proof","AJ Allmendinger","Kroger | JTG Daugherty Racing | Chevrolet","Driver",161,25
"Racing",2017,"Donruss","Base Brand Donruss","Retro Variations 1984 Artist Proof","Alex Bowman","Nationwide | Hendrick Motorsports | Chevrolet","Driver",162,25
"Racing",2017,"Donruss","Base Brand Donruss","Retro Variations 1984 Artist Proof","Bill Elliott","Coors | Harry Melling | Ford","Driver",163,25
"Racing",2017,"Donruss","Base Brand Donruss","Retro Variations 1984 Artist Proof","Bobby Allison","Miller High Life | DiGard | Buick","Driver",164,25
"Racing",2017,"Donruss","Base Brand Donruss","Retro Variations 1984 Artist Proof","Darrell Waltrip","Mountain Dew | Junior Johnson | Buick","Driver",165,25
"Racing",2017,"Donruss","Base Brand Donruss","Retro Variations 1984 Artist Proof","Dave Marcis","Dave Marcis Racing | Chevrolet","Driver",166,25
"Racing",2017,"Donruss","Base Brand Donruss","Retro Variations 1984 Artist Proof","David Pearson ","Purolator | Wood Brothers Racing | Mercury","Driver",167,25
"Racing",2017,"Donruss","Base Brand Donruss","Retro Variations 1984 Artist Proof","David Ragan","Dr Pepper | BK Racing | Toyota","Driver",168,25
"Racing",2017,"Donruss","Base Brand Donruss","Retro Variations 1984 Artist Proof","Ernie Irvan","Skittles |  Nelson Bowers | Pontiac","Driver",169,25
"Racing",2017,"Donruss","Base Brand Donruss","Retro Variations 1984 Artist Proof","Jamie McMurray","Cessna | Chip Ganassi Racing | Chevrolet","Driver",170,25
"Racing",2017,"Donruss","Base Brand Donruss","Retro Variations 1984 Artist Proof","Jeff Burton","Exide Batteries | Roush Racing | Ford","Driver",171,25
"Racing",2017,"Donruss","Base Brand Donruss","Retro Variations 1984 Artist Proof","Martin Truex Jr.","Bass Pro Shops-TRACKER Boats | Furniture Row Racing | Toyota","Driver",172,25
"Racing",2017,"Donruss","Base Brand Donruss","Retro Variations 1984 Artist Proof","Kyle Petty","Mello Yello | SABCO Racing | Pontiac","Driver",173,25
"Racing",2017,"Donruss","Base Brand Donruss","Retro Variations 1984 Artist Proof","Mark Martin","Pfizer | Roush Racing | Ford","Driver",174,25
"Racing",2017,"Donruss","Base Brand Donruss","Retro Variations 1984 Artist Proof","Kurt Busch","Haas Automation | Stewart-Haas Racing | Chevrolet","Driver",175,25
"Racing",2017,"Donruss","Base Brand Donruss","Retro Variations 1984 Artist Proof","Ned Jarrett","B.G. Holloway | Ned Jarrett | Chevrolet","Driver",176,25
"Racing",2017,"Donruss","Base Brand Donruss","Retro Variations 1984 Artist Proof","Richard Petty","STP | Petty Enterprises | Plymouth","Driver",177,25
"Racing",2017,"Donruss","Base Brand Donruss","Retro Variations 1984 Artist Proof","Matt Kenseth","DeWalt | Joe Gibbs Racing | Toyota","Driver",178,25
"Racing",2017,"Donruss","Base Brand Donruss","Retro Variations 1984 Artist Proof","Aric Almirola","Smithfield Foods | Richard Petty Motorsports | Ford","Driver",179,25
"Racing",2017,"Donruss","Base Brand Donruss","Retro Variations 1984 Artist Proof","Ryan Newman","Caterpillar | Richard Childress Racing | Chevrolet","Driver",180,25
"Racing",2017,"Donruss","Base Brand Donruss","Retro Variations 1984 Artist Proof","William Byron","Liberty University | JR Motorsports | Chevrolet","Driver",181,25
"Racing",2017,"Donruss","Base Brand Donruss","Retro Variations 1984 Blue Foil","Dale Earnhardt Jr","Nationwide | Hendrick Motorsports | Chevrolet","Driver",137,299
"Racing",2017,"Donruss","Base Brand Donruss","Retro Variations 1984 Blue Foil","Junior Johnson","Holly Farms | Junior Johnson | Ford","Driver",138,299
"Racing",2017,"Donruss","Base Brand Donruss","Retro Variations 1984 Blue Foil","Jimmie Johnson","Lowe's | Hendrick Motorsports | Chevrolet","Driver",139,299
"Racing",2017,"Donruss","Base Brand Donruss","Retro Variations 1984 Blue Foil","Michael Waltrip","NAPA Auto Parts | Dale Earnhardt, Inc. | Chevrolet","Driver",140,299
"Racing",2017,"Donruss","Base Brand Donruss","Retro Variations 1984 Blue Foil","Chase Elliott","NAPA Auto Parts | Hendrick Motorsports | Chevrolet","Driver",141,299
"Racing",2017,"Donruss","Base Brand Donruss","Retro Variations 1984 Blue Foil","Joey Logano","Shell-Pennzoil | Team Penske | Ford","Driver",142,299
"Racing",2017,"Donruss","Base Brand Donruss","Retro Variations 1984 Blue Foil","Rusty Wallace","Miller Lite | Team Penske | Ford","Driver",143,299
"Racing",2017,"Donruss","Base Brand Donruss","Retro Variations 1984 Blue Foil","Carl Edwards","ARRIS | Joe Gibbs Racing | Toyota","Driver",144,299
"Racing",2017,"Donruss","Base Brand Donruss","Retro Variations 1984 Blue Foil","Daniel Suarez","ARRIS | Joe Gibbs Racing | Toyota","Driver",145,299
"Racing",2017,"Donruss","Base Brand Donruss","Retro Variations 1984 Blue Foil","Denny Hamlin","FedEx Express | Joe Gibbs Racing | Toyota","Driver",146,299
"Racing",2017,"Donruss","Base Brand Donruss","Retro Variations 1984 Blue Foil","Kevin Harvick","Jimmy John's | Stewart-Haas Racing | Chevrolet","Driver",147,299
"Racing",2017,"Donruss","Base Brand Donruss","Retro Variations 1984 Blue Foil","Austin Dillon","Dow Chemical | Richard Childress Racing | Chevrolet","Driver",148,299
"Racing",2017,"Donruss","Base Brand Donruss","Retro Variations 1984 Blue Foil","Brad Keselowski","Miller Lite | Team Penske | Ford","Driver",149,299
"Racing",2017,"Donruss","Base Brand Donruss","Retro Variations 1984 Blue Foil","Kasey Kahne","Farmers Insurance | Hendrick Motorsports | Chevrolet","Driver",150,299
"Racing",2017,"Donruss","Base Brand Donruss","Retro Variations 1984 Blue Foil","Harry Gant","Skoal | Hal Needham | Chevrolet","Driver",151,299
"Racing",2017,"Donruss","Base Brand Donruss","Retro Variations 1984 Blue Foil","Danica Patrick","Nature's Bakery | Stewart-Haas Racing | Chevrolet","Driver",152,299
"Racing",2017,"Donruss","Base Brand Donruss","Retro Variations 1984 Blue Foil","Casey Mears","GEICO | Germain Racing | Chevrolet","Driver",153,299
"Racing",2017,"Donruss","Base Brand Donruss","Retro Variations 1984 Blue Foil","Clint Bowyer","5-Hour Energy | HScott Motorsports | Chevrolet","Driver",154,299
"Racing",2017,"Donruss","Base Brand Donruss","Retro Variations 1984 Blue Foil","Greg Biffle","Kleen Performance Products | Roush Fenway Racing | Ford","Driver",155,299
"Racing",2017,"Donruss","Base Brand Donruss","Retro Variations 1984 Blue Foil","Ricky Stenhouse Jr","Zest | Roush Fenway Racing | Ford","Driver",156,299
"Racing",2017,"Donruss","Base Brand Donruss","Retro Variations 1984 Blue Foil","Kyle Busch","M&M's | Joe Gibbs Racing | Toyota","Driver",157,299
"Racing",2017,"Donruss","Base Brand Donruss","Retro Variations 1984 Blue Foil","Bobby Labonte","C&J Energy Services | Go FAS Racing | Ford","Driver",158,299
"Racing",2017,"Donruss","Base Brand Donruss","Retro Variations 1984 Blue Foil","Kyle Larson","Target | Chip Ganassi Racing | Chevrolet","Driver",159,299
"Racing",2017,"Donruss","Base Brand Donruss","Retro Variations 1984 Blue Foil","Terry Labonte","Kellogg's Corn Flakes | Hendrick Motorsports | Chevrolet","Driver",160,299
"Racing",2017,"Donruss","Base Brand Donruss","Retro Variations 1984 Blue Foil","AJ Allmendinger","Kroger | JTG Daugherty Racing | Chevrolet","Driver",161,299
"Racing",2017,"Donruss","Base Brand Donruss","Retro Variations 1984 Blue Foil","Alex Bowman","Nationwide | Hendrick Motorsports | Chevrolet","Driver",162,299
"Racing",2017,"Donruss","Base Brand Donruss","Retro Variations 1984 Blue Foil","Bill Elliott","Coors | Harry Melling | Ford","Driver",163,299
"Racing",2017,"Donruss","Base Brand Donruss","Retro Variations 1984 Blue Foil","Bobby Allison","Miller High Life | DiGard | Buick","Driver",164,299
"Racing",2017,"Donruss","Base Brand Donruss","Retro Variations 1984 Blue Foil","Darrell Waltrip","Mountain Dew | Junior Johnson | Buick","Driver",165,299
"Racing",2017,"Donruss","Base Brand Donruss","Retro Variations 1984 Blue Foil","Dave Marcis","Dave Marcis Racing | Chevrolet","Driver",166,299
"Racing",2017,"Donruss","Base Brand Donruss","Retro Variations 1984 Blue Foil","David Pearson ","Purolator | Wood Brothers Racing | Mercury","Driver",167,299
"Racing",2017,"Donruss","Base Brand Donruss","Retro Variations 1984 Blue Foil","David Ragan","Dr Pepper | BK Racing | Toyota","Driver",168,299
"Racing",2017,"Donruss","Base Brand Donruss","Retro Variations 1984 Blue Foil","Ernie Irvan","Skittles |  Nelson Bowers | Pontiac","Driver",169,299
"Racing",2017,"Donruss","Base Brand Donruss","Retro Variations 1984 Blue Foil","Jamie McMurray","Cessna | Chip Ganassi Racing | Chevrolet","Driver",170,299
"Racing",2017,"Donruss","Base Brand Donruss","Retro Variations 1984 Blue Foil","Jeff Burton","Exide Batteries | Roush Racing | Ford","Driver",171,299
"Racing",2017,"Donruss","Base Brand Donruss","Retro Variations 1984 Blue Foil","Martin Truex Jr.","Bass Pro Shops-TRACKER Boats | Furniture Row Racing | Toyota","Driver",172,299
"Racing",2017,"Donruss","Base Brand Donruss","Retro Variations 1984 Blue Foil","Kyle Petty","Mello Yello | SABCO Racing | Pontiac","Driver",173,299
"Racing",2017,"Donruss","Base Brand Donruss","Retro Variations 1984 Blue Foil","Mark Martin","Pfizer | Roush Racing | Ford","Driver",174,299
"Racing",2017,"Donruss","Base Brand Donruss","Retro Variations 1984 Blue Foil","Kurt Busch","Haas Automation | Stewart-Haas Racing | Chevrolet","Driver",175,299
"Racing",2017,"Donruss","Base Brand Donruss","Retro Variations 1984 Blue Foil","Ned Jarrett","B.G. Holloway | Ned Jarrett | Chevrolet","Driver",176,299
"Racing",2017,"Donruss","Base Brand Donruss","Retro Variations 1984 Blue Foil","Richard Petty","STP | Petty Enterprises | Plymouth","Driver",177,299
"Racing",2017,"Donruss","Base Brand Donruss","Retro Variations 1984 Blue Foil","Matt Kenseth","DeWalt | Joe Gibbs Racing | Toyota","Driver",178,299
"Racing",2017,"Donruss","Base Brand Donruss","Retro Variations 1984 Blue Foil","Aric Almirola","Smithfield Foods | Richard Petty Motorsports | Ford","Driver",179,299
"Racing",2017,"Donruss","Base Brand Donruss","Retro Variations 1984 Blue Foil","Ryan Newman","Caterpillar | Richard Childress Racing | Chevrolet","Driver",180,299
"Racing",2017,"Donruss","Base Brand Donruss","Retro Variations 1984 Blue Foil","William Byron","Liberty University | JR Motorsports | Chevrolet","Driver",181,299
"Racing",2017,"Donruss","Base Brand Donruss","Retro Variations 1984 Gold Foil","Dale Earnhardt Jr","Nationwide | Hendrick Motorsports | Chevrolet","Driver",137,499
"Racing",2017,"Donruss","Base Brand Donruss","Retro Variations 1984 Gold Foil","Junior Johnson","Holly Farms | Junior Johnson | Ford","Driver",138,499
"Racing",2017,"Donruss","Base Brand Donruss","Retro Variations 1984 Gold Foil","Jimmie Johnson","Lowe's | Hendrick Motorsports | Chevrolet","Driver",139,499
"Racing",2017,"Donruss","Base Brand Donruss","Retro Variations 1984 Gold Foil","Michael Waltrip","NAPA Auto Parts | Dale Earnhardt, Inc. | Chevrolet","Driver",140,499
"Racing",2017,"Donruss","Base Brand Donruss","Retro Variations 1984 Gold Foil","Chase Elliott","NAPA Auto Parts | Hendrick Motorsports | Chevrolet","Driver",141,499
"Racing",2017,"Donruss","Base Brand Donruss","Retro Variations 1984 Gold Foil","Joey Logano","Shell-Pennzoil | Team Penske | Ford","Driver",142,499
"Racing",2017,"Donruss","Base Brand Donruss","Retro Variations 1984 Gold Foil","Rusty Wallace","Miller Lite | Team Penske | Ford","Driver",143,499
"Racing",2017,"Donruss","Base Brand Donruss","Retro Variations 1984 Gold Foil","Carl Edwards","ARRIS | Joe Gibbs Racing | Toyota","Driver",144,499
"Racing",2017,"Donruss","Base Brand Donruss","Retro Variations 1984 Gold Foil","Daniel Suarez","ARRIS | Joe Gibbs Racing | Toyota","Driver",145,499
"Racing",2017,"Donruss","Base Brand Donruss","Retro Variations 1984 Gold Foil","Denny Hamlin","FedEx Express | Joe Gibbs Racing | Toyota","Driver",146,499
"Racing",2017,"Donruss","Base Brand Donruss","Retro Variations 1984 Gold Foil","Kevin Harvick","Jimmy John's | Stewart-Haas Racing | Chevrolet","Driver",147,499
"Racing",2017,"Donruss","Base Brand Donruss","Retro Variations 1984 Gold Foil","Austin Dillon","Dow Chemical | Richard Childress Racing | Chevrolet","Driver",148,499
"Racing",2017,"Donruss","Base Brand Donruss","Retro Variations 1984 Gold Foil","Brad Keselowski","Miller Lite | Team Penske | Ford","Driver",149,499
"Racing",2017,"Donruss","Base Brand Donruss","Retro Variations 1984 Gold Foil","Kasey Kahne","Farmers Insurance | Hendrick Motorsports | Chevrolet","Driver",150,499
"Racing",2017,"Donruss","Base Brand Donruss","Retro Variations 1984 Gold Foil","Harry Gant","Skoal | Hal Needham | Chevrolet","Driver",151,499
"Racing",2017,"Donruss","Base Brand Donruss","Retro Variations 1984 Gold Foil","Danica Patrick","Nature's Bakery | Stewart-Haas Racing | Chevrolet","Driver",152,499
"Racing",2017,"Donruss","Base Brand Donruss","Retro Variations 1984 Gold Foil","Casey Mears","GEICO | Germain Racing | Chevrolet","Driver",153,499
"Racing",2017,"Donruss","Base Brand Donruss","Retro Variations 1984 Gold Foil","Clint Bowyer","5-Hour Energy | HScott Motorsports | Chevrolet","Driver",154,499
"Racing",2017,"Donruss","Base Brand Donruss","Retro Variations 1984 Gold Foil","Greg Biffle","Kleen Performance Products | Roush Fenway Racing | Ford","Driver",155,499
"Racing",2017,"Donruss","Base Brand Donruss","Retro Variations 1984 Gold Foil","Ricky Stenhouse Jr","Zest | Roush Fenway Racing | Ford","Driver",156,499
"Racing",2017,"Donruss","Base Brand Donruss","Retro Variations 1984 Gold Foil","Kyle Busch","M&M's | Joe Gibbs Racing | Toyota","Driver",157,499
"Racing",2017,"Donruss","Base Brand Donruss","Retro Variations 1984 Gold Foil","Bobby Labonte","C&J Energy Services | Go FAS Racing | Ford","Driver",158,499
"Racing",2017,"Donruss","Base Brand Donruss","Retro Variations 1984 Gold Foil","Kyle Larson","Target | Chip Ganassi Racing | Chevrolet","Driver",159,499
"Racing",2017,"Donruss","Base Brand Donruss","Retro Variations 1984 Gold Foil","Terry Labonte","Kellogg's Corn Flakes | Hendrick Motorsports | Chevrolet","Driver",160,499
"Racing",2017,"Donruss","Base Brand Donruss","Retro Variations 1984 Gold Foil","AJ Allmendinger","Kroger | JTG Daugherty Racing | Chevrolet","Driver",161,499
"Racing",2017,"Donruss","Base Brand Donruss","Retro Variations 1984 Gold Foil","Alex Bowman","Nationwide | Hendrick Motorsports | Chevrolet","Driver",162,499
"Racing",2017,"Donruss","Base Brand Donruss","Retro Variations 1984 Gold Foil","Bill Elliott","Coors | Harry Melling | Ford","Driver",163,499
"Racing",2017,"Donruss","Base Brand Donruss","Retro Variations 1984 Gold Foil","Bobby Allison","Miller High Life | DiGard | Buick","Driver",164,499
"Racing",2017,"Donruss","Base Brand Donruss","Retro Variations 1984 Gold Foil","Darrell Waltrip","Mountain Dew | Junior Johnson | Buick","Driver",165,499
"Racing",2017,"Donruss","Base Brand Donruss","Retro Variations 1984 Gold Foil","Dave Marcis","Dave Marcis Racing | Chevrolet","Driver",166,499
"Racing",2017,"Donruss","Base Brand Donruss","Retro Variations 1984 Gold Foil","David Pearson ","Purolator | Wood Brothers Racing | Mercury","Driver",167,499
"Racing",2017,"Donruss","Base Brand Donruss","Retro Variations 1984 Gold Foil","David Ragan","Dr Pepper | BK Racing | Toyota","Driver",168,499
"Racing",2017,"Donruss","Base Brand Donruss","Retro Variations 1984 Gold Foil","Ernie Irvan","Skittles |  Nelson Bowers | Pontiac","Driver",169,499
"Racing",2017,"Donruss","Base Brand Donruss","Retro Variations 1984 Gold Foil","Jamie McMurray","Cessna | Chip Ganassi Racing | Chevrolet","Driver",170,499
"Racing",2017,"Donruss","Base Brand Donruss","Retro Variations 1984 Gold Foil","Jeff Burton","Exide Batteries | Roush Racing | Ford","Driver",171,499
"Racing",2017,"Donruss","Base Brand Donruss","Retro Variations 1984 Gold Foil","Martin Truex Jr.","Bass Pro Shops-TRACKER Boats | Furniture Row Racing | Toyota","Driver",172,499
"Racing",2017,"Donruss","Base Brand Donruss","Retro Variations 1984 Gold Foil","Kyle Petty","Mello Yello | SABCO Racing | Pontiac","Driver",173,499
"Racing",2017,"Donruss","Base Brand Donruss","Retro Variations 1984 Gold Foil","Mark Martin","Pfizer | Roush Racing | Ford","Driver",174,499
"Racing",2017,"Donruss","Base Brand Donruss","Retro Variations 1984 Gold Foil","Kurt Busch","Haas Automation | Stewart-Haas Racing | Chevrolet","Driver",175,499
"Racing",2017,"Donruss","Base Brand Donruss","Retro Variations 1984 Gold Foil","Ned Jarrett","B.G. Holloway | Ned Jarrett | Chevrolet","Driver",176,499
"Racing",2017,"Donruss","Base Brand Donruss","Retro Variations 1984 Gold Foil","Richard Petty","STP | Petty Enterprises | Plymouth","Driver",177,499
"Racing",2017,"Donruss","Base Brand Donruss","Retro Variations 1984 Gold Foil","Matt Kenseth","DeWalt | Joe Gibbs Racing | Toyota","Driver",178,499
"Racing",2017,"Donruss","Base Brand Donruss","Retro Variations 1984 Gold Foil","Aric Almirola","Smithfield Foods | Richard Petty Motorsports | Ford","Driver",179,499
"Racing",2017,"Donruss","Base Brand Donruss","Retro Variations 1984 Gold Foil","Ryan Newman","Caterpillar | Richard Childress Racing | Chevrolet","Driver",180,499
"Racing",2017,"Donruss","Base Brand Donruss","Retro Variations 1984 Gold Foil","William Byron","Liberty University | JR Motorsports | Chevrolet","Driver",181,499
"Racing",2017,"Donruss","Base Brand Donruss","Retro Variations 1984 Gold Press Proof","Dale Earnhardt Jr","Nationwide | Hendrick Motorsports | Chevrolet","Driver",137,99
"Racing",2017,"Donruss","Base Brand Donruss","Retro Variations 1984 Gold Press Proof","Junior Johnson","Holly Farms | Junior Johnson | Ford","Driver",138,99
"Racing",2017,"Donruss","Base Brand Donruss","Retro Variations 1984 Gold Press Proof","Jimmie Johnson","Lowe's | Hendrick Motorsports | Chevrolet","Driver",139,99
"Racing",2017,"Donruss","Base Brand Donruss","Retro Variations 1984 Gold Press Proof","Michael Waltrip","NAPA Auto Parts | Dale Earnhardt, Inc. | Chevrolet","Driver",140,99
"Racing",2017,"Donruss","Base Brand Donruss","Retro Variations 1984 Gold Press Proof","Chase Elliott","NAPA Auto Parts | Hendrick Motorsports | Chevrolet","Driver",141,99
"Racing",2017,"Donruss","Base Brand Donruss","Retro Variations 1984 Gold Press Proof","Joey Logano","Shell-Pennzoil | Team Penske | Ford","Driver",142,99
"Racing",2017,"Donruss","Base Brand Donruss","Retro Variations 1984 Gold Press Proof","Rusty Wallace","Miller Lite | Team Penske | Ford","Driver",143,99
"Racing",2017,"Donruss","Base Brand Donruss","Retro Variations 1984 Gold Press Proof","Carl Edwards","ARRIS | Joe Gibbs Racing | Toyota","Driver",144,99
"Racing",2017,"Donruss","Base Brand Donruss","Retro Variations 1984 Gold Press Proof","Daniel Suarez","ARRIS | Joe Gibbs Racing | Toyota","Driver",145,99
"Racing",2017,"Donruss","Base Brand Donruss","Retro Variations 1984 Gold Press Proof","Denny Hamlin","FedEx Express | Joe Gibbs Racing | Toyota","Driver",146,99
"Racing",2017,"Donruss","Base Brand Donruss","Retro Variations 1984 Gold Press Proof","Kevin Harvick","Jimmy John's | Stewart-Haas Racing | Chevrolet","Driver",147,99
"Racing",2017,"Donruss","Base Brand Donruss","Retro Variations 1984 Gold Press Proof","Austin Dillon","Dow Chemical | Richard Childress Racing | Chevrolet","Driver",148,99
"Racing",2017,"Donruss","Base Brand Donruss","Retro Variations 1984 Gold Press Proof","Brad Keselowski","Miller Lite | Team Penske | Ford","Driver",149,99
"Racing",2017,"Donruss","Base Brand Donruss","Retro Variations 1984 Gold Press Proof","Kasey Kahne","Farmers Insurance | Hendrick Motorsports | Chevrolet","Driver",150,99
"Racing",2017,"Donruss","Base Brand Donruss","Retro Variations 1984 Gold Press Proof","Harry Gant","Skoal | Hal Needham | Chevrolet","Driver",151,99
"Racing",2017,"Donruss","Base Brand Donruss","Retro Variations 1984 Gold Press Proof","Danica Patrick","Nature's Bakery | Stewart-Haas Racing | Chevrolet","Driver",152,99
"Racing",2017,"Donruss","Base Brand Donruss","Retro Variations 1984 Gold Press Proof","Casey Mears","GEICO | Germain Racing | Chevrolet","Driver",153,99
"Racing",2017,"Donruss","Base Brand Donruss","Retro Variations 1984 Gold Press Proof","Clint Bowyer","5-Hour Energy | HScott Motorsports | Chevrolet","Driver",154,99
"Racing",2017,"Donruss","Base Brand Donruss","Retro Variations 1984 Gold Press Proof","Greg Biffle","Kleen Performance Products | Roush Fenway Racing | Ford","Driver",155,99
"Racing",2017,"Donruss","Base Brand Donruss","Retro Variations 1984 Gold Press Proof","Ricky Stenhouse Jr","Zest | Roush Fenway Racing | Ford","Driver",156,99
"Racing",2017,"Donruss","Base Brand Donruss","Retro Variations 1984 Gold Press Proof","Kyle Busch","M&M's | Joe Gibbs Racing | Toyota","Driver",157,99
"Racing",2017,"Donruss","Base Brand Donruss","Retro Variations 1984 Gold Press Proof","Bobby Labonte","C&J Energy Services | Go FAS Racing | Ford","Driver",158,99
"Racing",2017,"Donruss","Base Brand Donruss","Retro Variations 1984 Gold Press Proof","Kyle Larson","Target | Chip Ganassi Racing | Chevrolet","Driver",159,99
"Racing",2017,"Donruss","Base Brand Donruss","Retro Variations 1984 Gold Press Proof","Terry Labonte","Kellogg's Corn Flakes | Hendrick Motorsports | Chevrolet","Driver",160,99
"Racing",2017,"Donruss","Base Brand Donruss","Retro Variations 1984 Gold Press Proof","AJ Allmendinger","Kroger | JTG Daugherty Racing | Chevrolet","Driver",161,99
"Racing",2017,"Donruss","Base Brand Donruss","Retro Variations 1984 Gold Press Proof","Alex Bowman","Nationwide | Hendrick Motorsports | Chevrolet","Driver",162,99
"Racing",2017,"Donruss","Base Brand Donruss","Retro Variations 1984 Gold Press Proof","Bill Elliott","Coors | Harry Melling | Ford","Driver",163,99
"Racing",2017,"Donruss","Base Brand Donruss","Retro Variations 1984 Gold Press Proof","Bobby Allison","Miller High Life | DiGard | Buick","Driver",164,99
"Racing",2017,"Donruss","Base Brand Donruss","Retro Variations 1984 Gold Press Proof","Darrell Waltrip","Mountain Dew | Junior Johnson | Buick","Driver",165,99
"Racing",2017,"Donruss","Base Brand Donruss","Retro Variations 1984 Gold Press Proof","Dave Marcis","Dave Marcis Racing | Chevrolet","Driver",166,99
"Racing",2017,"Donruss","Base Brand Donruss","Retro Variations 1984 Gold Press Proof","David Pearson ","Purolator | Wood Brothers Racing | Mercury","Driver",167,99
"Racing",2017,"Donruss","Base Brand Donruss","Retro Variations 1984 Gold Press Proof","David Ragan","Dr Pepper | BK Racing | Toyota","Driver",168,99
"Racing",2017,"Donruss","Base Brand Donruss","Retro Variations 1984 Gold Press Proof","Ernie Irvan","Skittles |  Nelson Bowers | Pontiac","Driver",169,99
"Racing",2017,"Donruss","Base Brand Donruss","Retro Variations 1984 Gold Press Proof","Jamie McMurray","Cessna | Chip Ganassi Racing | Chevrolet","Driver",170,99
"Racing",2017,"Donruss","Base Brand Donruss","Retro Variations 1984 Gold Press Proof","Jeff Burton","Exide Batteries | Roush Racing | Ford","Driver",171,99
"Racing",2017,"Donruss","Base Brand Donruss","Retro Variations 1984 Gold Press Proof","Martin Truex Jr.","Bass Pro Shops-TRACKER Boats | Furniture Row Racing | Toyota","Driver",172,99
"Racing",2017,"Donruss","Base Brand Donruss","Retro Variations 1984 Gold Press Proof","Kyle Petty","Mello Yello | SABCO Racing | Pontiac","Driver",173,99
"Racing",2017,"Donruss","Base Brand Donruss","Retro Variations 1984 Gold Press Proof","Mark Martin","Pfizer | Roush Racing | Ford","Driver",174,99
"Racing",2017,"Donruss","Base Brand Donruss","Retro Variations 1984 Gold Press Proof","Kurt Busch","Haas Automation | Stewart-Haas Racing | Chevrolet","Driver",175,99
"Racing",2017,"Donruss","Base Brand Donruss","Retro Variations 1984 Gold Press Proof","Ned Jarrett","B.G. Holloway | Ned Jarrett | Chevrolet","Driver",176,99
"Racing",2017,"Donruss","Base Brand Donruss","Retro Variations 1984 Gold Press Proof","Richard Petty","STP | Petty Enterprises | Plymouth","Driver",177,99
"Racing",2017,"Donruss","Base Brand Donruss","Retro Variations 1984 Gold Press Proof","Matt Kenseth","DeWalt | Joe Gibbs Racing | Toyota","Driver",178,99
"Racing",2017,"Donruss","Base Brand Donruss","Retro Variations 1984 Gold Press Proof","Aric Almirola","Smithfield Foods | Richard Petty Motorsports | Ford","Driver",179,99
"Racing",2017,"Donruss","Base Brand Donruss","Retro Variations 1984 Gold Press Proof","Ryan Newman","Caterpillar | Richard Childress Racing | Chevrolet","Driver",180,99
"Racing",2017,"Donruss","Base Brand Donruss","Retro Variations 1984 Gold Press Proof","William Byron","Liberty University | JR Motorsports | Chevrolet","Driver",181,99
"Racing",2017,"Donruss","Base Brand Donruss","Retro Variations 1984 Green Foil","Dale Earnhardt Jr","Nationwide | Hendrick Motorsports | Chevrolet","Driver",137,199
"Racing",2017,"Donruss","Base Brand Donruss","Retro Variations 1984 Green Foil","Junior Johnson","Holly Farms | Junior Johnson | Ford","Driver",138,199
"Racing",2017,"Donruss","Base Brand Donruss","Retro Variations 1984 Green Foil","Jimmie Johnson","Lowe's | Hendrick Motorsports | Chevrolet","Driver",139,199
"Racing",2017,"Donruss","Base Brand Donruss","Retro Variations 1984 Green Foil","Michael Waltrip","NAPA Auto Parts | Dale Earnhardt, Inc. | Chevrolet","Driver",140,199
"Racing",2017,"Donruss","Base Brand Donruss","Retro Variations 1984 Green Foil","Chase Elliott","NAPA Auto Parts | Hendrick Motorsports | Chevrolet","Driver",141,199
"Racing",2017,"Donruss","Base Brand Donruss","Retro Variations 1984 Green Foil","Joey Logano","Shell-Pennzoil | Team Penske | Ford","Driver",142,199
"Racing",2017,"Donruss","Base Brand Donruss","Retro Variations 1984 Green Foil","Rusty Wallace","Miller Lite | Team Penske | Ford","Driver",143,199
"Racing",2017,"Donruss","Base Brand Donruss","Retro Variations 1984 Green Foil","Carl Edwards","ARRIS | Joe Gibbs Racing | Toyota","Driver",144,199
"Racing",2017,"Donruss","Base Brand Donruss","Retro Variations 1984 Green Foil","Daniel Suarez","ARRIS | Joe Gibbs Racing | Toyota","Driver",145,199
"Racing",2017,"Donruss","Base Brand Donruss","Retro Variations 1984 Green Foil","Denny Hamlin","FedEx Express | Joe Gibbs Racing | Toyota","Driver",146,199
"Racing",2017,"Donruss","Base Brand Donruss","Retro Variations 1984 Green Foil","Kevin Harvick","Jimmy John's | Stewart-Haas Racing | Chevrolet","Driver",147,199
"Racing",2017,"Donruss","Base Brand Donruss","Retro Variations 1984 Green Foil","Austin Dillon","Dow Chemical | Richard Childress Racing | Chevrolet","Driver",148,199
"Racing",2017,"Donruss","Base Brand Donruss","Retro Variations 1984 Green Foil","Brad Keselowski","Miller Lite | Team Penske | Ford","Driver",149,199
"Racing",2017,"Donruss","Base Brand Donruss","Retro Variations 1984 Green Foil","Kasey Kahne","Farmers Insurance | Hendrick Motorsports | Chevrolet","Driver",150,199
"Racing",2017,"Donruss","Base Brand Donruss","Retro Variations 1984 Green Foil","Harry Gant","Skoal | Hal Needham | Chevrolet","Driver",151,199
"Racing",2017,"Donruss","Base Brand Donruss","Retro Variations 1984 Green Foil","Danica Patrick","Nature's Bakery | Stewart-Haas Racing | Chevrolet","Driver",152,199
"Racing",2017,"Donruss","Base Brand Donruss","Retro Variations 1984 Green Foil","Casey Mears","GEICO | Germain Racing | Chevrolet","Driver",153,199
"Racing",2017,"Donruss","Base Brand Donruss","Retro Variations 1984 Green Foil","Clint Bowyer","5-Hour Energy | HScott Motorsports | Chevrolet","Driver",154,199
"Racing",2017,"Donruss","Base Brand Donruss","Retro Variations 1984 Green Foil","Greg Biffle","Kleen Performance Products | Roush Fenway Racing | Ford","Driver",155,199
"Racing",2017,"Donruss","Base Brand Donruss","Retro Variations 1984 Green Foil","Ricky Stenhouse Jr","Zest | Roush Fenway Racing | Ford","Driver",156,199
"Racing",2017,"Donruss","Base Brand Donruss","Retro Variations 1984 Green Foil","Kyle Busch","M&M's | Joe Gibbs Racing | Toyota","Driver",157,199
"Racing",2017,"Donruss","Base Brand Donruss","Retro Variations 1984 Green Foil","Bobby Labonte","C&J Energy Services | Go FAS Racing | Ford","Driver",158,199
"Racing",2017,"Donruss","Base Brand Donruss","Retro Variations 1984 Green Foil","Kyle Larson","Target | Chip Ganassi Racing | Chevrolet","Driver",159,199
"Racing",2017,"Donruss","Base Brand Donruss","Retro Variations 1984 Green Foil","Terry Labonte","Kellogg's Corn Flakes | Hendrick Motorsports | Chevrolet","Driver",160,199
"Racing",2017,"Donruss","Base Brand Donruss","Retro Variations 1984 Green Foil","AJ Allmendinger","Kroger | JTG Daugherty Racing | Chevrolet","Driver",161,199
"Racing",2017,"Donruss","Base Brand Donruss","Retro Variations 1984 Green Foil","Alex Bowman","Nationwide | Hendrick Motorsports | Chevrolet","Driver",162,199
"Racing",2017,"Donruss","Base Brand Donruss","Retro Variations 1984 Green Foil","Bill Elliott","Coors | Harry Melling | Ford","Driver",163,199
"Racing",2017,"Donruss","Base Brand Donruss","Retro Variations 1984 Green Foil","Bobby Allison","Miller High Life | DiGard | Buick","Driver",164,199
"Racing",2017,"Donruss","Base Brand Donruss","Retro Variations 1984 Green Foil","Darrell Waltrip","Mountain Dew | Junior Johnson | Buick","Driver",165,199
"Racing",2017,"Donruss","Base Brand Donruss","Retro Variations 1984 Green Foil","Dave Marcis","Dave Marcis Racing | Chevrolet","Driver",166,199
"Racing",2017,"Donruss","Base Brand Donruss","Retro Variations 1984 Green Foil","David Pearson ","Purolator | Wood Brothers Racing | Mercury","Driver",167,199
"Racing",2017,"Donruss","Base Brand Donruss","Retro Variations 1984 Green Foil","David Ragan","Dr Pepper | BK Racing | Toyota","Driver",168,199
"Racing",2017,"Donruss","Base Brand Donruss","Retro Variations 1984 Green Foil","Ernie Irvan","Skittles |  Nelson Bowers | Pontiac","Driver",169,199
"Racing",2017,"Donruss","Base Brand Donruss","Retro Variations 1984 Green Foil","Jamie McMurray","Cessna | Chip Ganassi Racing | Chevrolet","Driver",170,199
"Racing",2017,"Donruss","Base Brand Donruss","Retro Variations 1984 Green Foil","Jeff Burton","Exide Batteries | Roush Racing | Ford","Driver",171,199
"Racing",2017,"Donruss","Base Brand Donruss","Retro Variations 1984 Green Foil","Martin Truex Jr.","Bass Pro Shops-TRACKER Boats | Furniture Row Racing | Toyota","Driver",172,199
"Racing",2017,"Donruss","Base Brand Donruss","Retro Variations 1984 Green Foil","Kyle Petty","Mello Yello | SABCO Racing | Pontiac","Driver",173,199
"Racing",2017,"Donruss","Base Brand Donruss","Retro Variations 1984 Green Foil","Mark Martin","Pfizer | Roush Racing | Ford","Driver",174,199
"Racing",2017,"Donruss","Base Brand Donruss","Retro Variations 1984 Green Foil","Kurt Busch","Haas Automation | Stewart-Haas Racing | Chevrolet","Driver",175,199
"Racing",2017,"Donruss","Base Brand Donruss","Retro Variations 1984 Green Foil","Ned Jarrett","B.G. Holloway | Ned Jarrett | Chevrolet","Driver",176,199
"Racing",2017,"Donruss","Base Brand Donruss","Retro Variations 1984 Green Foil","Richard Petty","STP | Petty Enterprises | Plymouth","Driver",177,199
"Racing",2017,"Donruss","Base Brand Donruss","Retro Variations 1984 Green Foil","Matt Kenseth","DeWalt | Joe Gibbs Racing | Toyota","Driver",178,199
"Racing",2017,"Donruss","Base Brand Donruss","Retro Variations 1984 Green Foil","Aric Almirola","Smithfield Foods | Richard Petty Motorsports | Ford","Driver",179,199
"Racing",2017,"Donruss","Base Brand Donruss","Retro Variations 1984 Green Foil","Ryan Newman","Caterpillar | Richard Childress Racing | Chevrolet","Driver",180,199
"Racing",2017,"Donruss","Base Brand Donruss","Retro Variations 1984 Green Foil","William Byron","Liberty University | JR Motorsports | Chevrolet","Driver",181,199
"Racing",2017,"Donruss","Base Brand Donruss","Retro Variations 1984 Press Proof","Dale Earnhardt Jr","Nationwide | Hendrick Motorsports | Chevrolet","Driver",137,49
"Racing",2017,"Donruss","Base Brand Donruss","Retro Variations 1984 Press Proof","Junior Johnson","Holly Farms | Junior Johnson | Ford","Driver",138,49
"Racing",2017,"Donruss","Base Brand Donruss","Retro Variations 1984 Press Proof","Jimmie Johnson","Lowe's | Hendrick Motorsports | Chevrolet","Driver",139,49
"Racing",2017,"Donruss","Base Brand Donruss","Retro Variations 1984 Press Proof","Michael Waltrip","NAPA Auto Parts | Dale Earnhardt, Inc. | Chevrolet","Driver",140,49
"Racing",2017,"Donruss","Base Brand Donruss","Retro Variations 1984 Press Proof","Chase Elliott","NAPA Auto Parts | Hendrick Motorsports | Chevrolet","Driver",141,49
"Racing",2017,"Donruss","Base Brand Donruss","Retro Variations 1984 Press Proof","Joey Logano","Shell-Pennzoil | Team Penske | Ford","Driver",142,49
"Racing",2017,"Donruss","Base Brand Donruss","Retro Variations 1984 Press Proof","Rusty Wallace","Miller Lite | Team Penske | Ford","Driver",143,49
"Racing",2017,"Donruss","Base Brand Donruss","Retro Variations 1984 Press Proof","Carl Edwards","ARRIS | Joe Gibbs Racing | Toyota","Driver",144,49
"Racing",2017,"Donruss","Base Brand Donruss","Retro Variations 1984 Press Proof","Daniel Suarez","ARRIS | Joe Gibbs Racing | Toyota","Driver",145,49
"Racing",2017,"Donruss","Base Brand Donruss","Retro Variations 1984 Press Proof","Denny Hamlin","FedEx Express | Joe Gibbs Racing | Toyota","Driver",146,49
"Racing",2017,"Donruss","Base Brand Donruss","Retro Variations 1984 Press Proof","Kevin Harvick","Jimmy John's | Stewart-Haas Racing | Chevrolet","Driver",147,49
"Racing",2017,"Donruss","Base Brand Donruss","Retro Variations 1984 Press Proof","Austin Dillon","Dow Chemical | Richard Childress Racing | Chevrolet","Driver",148,49
"Racing",2017,"Donruss","Base Brand Donruss","Retro Variations 1984 Press Proof","Brad Keselowski","Miller Lite | Team Penske | Ford","Driver",149,49
"Racing",2017,"Donruss","Base Brand Donruss","Retro Variations 1984 Press Proof","Kasey Kahne","Farmers Insurance | Hendrick Motorsports | Chevrolet","Driver",150,49
"Racing",2017,"Donruss","Base Brand Donruss","Retro Variations 1984 Press Proof","Harry Gant","Skoal | Hal Needham | Chevrolet","Driver",151,49
"Racing",2017,"Donruss","Base Brand Donruss","Retro Variations 1984 Press Proof","Danica Patrick","Nature's Bakery | Stewart-Haas Racing | Chevrolet","Driver",152,49
"Racing",2017,"Donruss","Base Brand Donruss","Retro Variations 1984 Press Proof","Casey Mears","GEICO | Germain Racing | Chevrolet","Driver",153,49
"Racing",2017,"Donruss","Base Brand Donruss","Retro Variations 1984 Press Proof","Clint Bowyer","5-Hour Energy | HScott Motorsports | Chevrolet","Driver",154,49
"Racing",2017,"Donruss","Base Brand Donruss","Retro Variations 1984 Press Proof","Greg Biffle","Kleen Performance Products | Roush Fenway Racing | Ford","Driver",155,49
"Racing",2017,"Donruss","Base Brand Donruss","Retro Variations 1984 Press Proof","Ricky Stenhouse Jr","Zest | Roush Fenway Racing | Ford","Driver",156,49
"Racing",2017,"Donruss","Base Brand Donruss","Retro Variations 1984 Press Proof","Kyle Busch","M&M's | Joe Gibbs Racing | Toyota","Driver",157,49
"Racing",2017,"Donruss","Base Brand Donruss","Retro Variations 1984 Press Proof","Bobby Labonte","C&J Energy Services | Go FAS Racing | Ford","Driver",158,49
"Racing",2017,"Donruss","Base Brand Donruss","Retro Variations 1984 Press Proof","Kyle Larson","Target | Chip Ganassi Racing | Chevrolet","Driver",159,49
"Racing",2017,"Donruss","Base Brand Donruss","Retro Variations 1984 Press Proof","Terry Labonte","Kellogg's Corn Flakes | Hendrick Motorsports | Chevrolet","Driver",160,49
"Racing",2017,"Donruss","Base Brand Donruss","Retro Variations 1984 Press Proof","AJ Allmendinger","Kroger | JTG Daugherty Racing | Chevrolet","Driver",161,49
"Racing",2017,"Donruss","Base Brand Donruss","Retro Variations 1984 Press Proof","Alex Bowman","Nationwide | Hendrick Motorsports | Chevrolet","Driver",162,49
"Racing",2017,"Donruss","Base Brand Donruss","Retro Variations 1984 Press Proof","Bill Elliott","Coors | Harry Melling | Ford","Driver",163,49
"Racing",2017,"Donruss","Base Brand Donruss","Retro Variations 1984 Press Proof","Bobby Allison","Miller High Life | DiGard | Buick","Driver",164,49
"Racing",2017,"Donruss","Base Brand Donruss","Retro Variations 1984 Press Proof","Darrell Waltrip","Mountain Dew | Junior Johnson | Buick","Driver",165,49
"Racing",2017,"Donruss","Base Brand Donruss","Retro Variations 1984 Press Proof","Dave Marcis","Dave Marcis Racing | Chevrolet","Driver",166,49
"Racing",2017,"Donruss","Base Brand Donruss","Retro Variations 1984 Press Proof","David Pearson ","Purolator | Wood Brothers Racing | Mercury","Driver",167,49
"Racing",2017,"Donruss","Base Brand Donruss","Retro Variations 1984 Press Proof","David Ragan","Dr Pepper | BK Racing | Toyota","Driver",168,49
"Racing",2017,"Donruss","Base Brand Donruss","Retro Variations 1984 Press Proof","Ernie Irvan","Skittles |  Nelson Bowers | Pontiac","Driver",169,49
"Racing",2017,"Donruss","Base Brand Donruss","Retro Variations 1984 Press Proof","Jamie McMurray","Cessna | Chip Ganassi Racing | Chevrolet","Driver",170,49
"Racing",2017,"Donruss","Base Brand Donruss","Retro Variations 1984 Press Proof","Jeff Burton","Exide Batteries | Roush Racing | Ford","Driver",171,49
"Racing",2017,"Donruss","Base Brand Donruss","Retro Variations 1984 Press Proof","Martin Truex Jr.","Bass Pro Shops-TRACKER Boats | Furniture Row Racing | Toyota","Driver",172,49
"Racing",2017,"Donruss","Base Brand Donruss","Retro Variations 1984 Press Proof","Kyle Petty","Mello Yello | SABCO Racing | Pontiac","Driver",173,49
"Racing",2017,"Donruss","Base Brand Donruss","Retro Variations 1984 Press Proof","Mark Martin","Pfizer | Roush Racing | Ford","Driver",174,49
"Racing",2017,"Donruss","Base Brand Donruss","Retro Variations 1984 Press Proof","Kurt Busch","Haas Automation | Stewart-Haas Racing | Chevrolet","Driver",175,49
"Racing",2017,"Donruss","Base Brand Donruss","Retro Variations 1984 Press Proof","Ned Jarrett","B.G. Holloway | Ned Jarrett | Chevrolet","Driver",176,49
"Racing",2017,"Donruss","Base Brand Donruss","Retro Variations 1984 Press Proof","Richard Petty","STP | Petty Enterprises | Plymouth","Driver",177,49
"Racing",2017,"Donruss","Base Brand Donruss","Retro Variations 1984 Press Proof","Matt Kenseth","DeWalt | Joe Gibbs Racing | Toyota","Driver",178,49
"Racing",2017,"Donruss","Base Brand Donruss","Retro Variations 1984 Press Proof","Aric Almirola","Smithfield Foods | Richard Petty Motorsports | Ford","Driver",179,49
"Racing",2017,"Donruss","Base Brand Donruss","Retro Variations 1984 Press Proof","Ryan Newman","Caterpillar | Richard Childress Racing | Chevrolet","Driver",180,49
"Racing",2017,"Donruss","Base Brand Donruss","Retro Variations 1984 Press Proof","William Byron","Liberty University | JR Motorsports | Chevrolet","Driver",181,49
"Racing",2017,"Donruss","Base Brand Donruss","Retro Variations 1984 Printing Plates Black","Dale Earnhardt Jr","Nationwide | Hendrick Motorsports | Chevrolet","Driver",137,1
"Racing",2017,"Donruss","Base Brand Donruss","Retro Variations 1984 Printing Plates Black","Junior Johnson","Holly Farms | Junior Johnson | Ford","Driver",138,1
"Racing",2017,"Donruss","Base Brand Donruss","Retro Variations 1984 Printing Plates Black","Jimmie Johnson","Lowe's | Hendrick Motorsports | Chevrolet","Driver",139,1
"Racing",2017,"Donruss","Base Brand Donruss","Retro Variations 1984 Printing Plates Black","Michael Waltrip","NAPA Auto Parts | Dale Earnhardt, Inc. | Chevrolet","Driver",140,1
"Racing",2017,"Donruss","Base Brand Donruss","Retro Variations 1984 Printing Plates Black","Chase Elliott","NAPA Auto Parts | Hendrick Motorsports | Chevrolet","Driver",141,1
"Racing",2017,"Donruss","Base Brand Donruss","Retro Variations 1984 Printing Plates Black","Joey Logano","Shell-Pennzoil | Team Penske | Ford","Driver",142,1
"Racing",2017,"Donruss","Base Brand Donruss","Retro Variations 1984 Printing Plates Black","Rusty Wallace","Miller Lite | Team Penske | Ford","Driver",143,1
"Racing",2017,"Donruss","Base Brand Donruss","Retro Variations 1984 Printing Plates Black","Carl Edwards","ARRIS | Joe Gibbs Racing | Toyota","Driver",144,1
"Racing",2017,"Donruss","Base Brand Donruss","Retro Variations 1984 Printing Plates Black","Daniel Suarez","ARRIS | Joe Gibbs Racing | Toyota","Driver",145,1
"Racing",2017,"Donruss","Base Brand Donruss","Retro Variations 1984 Printing Plates Black","Denny Hamlin","FedEx Express | Joe Gibbs Racing | Toyota","Driver",146,1
"Racing",2017,"Donruss","Base Brand Donruss","Retro Variations 1984 Printing Plates Black","Kevin Harvick","Jimmy John's | Stewart-Haas Racing | Chevrolet","Driver",147,1
"Racing",2017,"Donruss","Base Brand Donruss","Retro Variations 1984 Printing Plates Black","Austin Dillon","Dow Chemical | Richard Childress Racing | Chevrolet","Driver",148,1
"Racing",2017,"Donruss","Base Brand Donruss","Retro Variations 1984 Printing Plates Black","Brad Keselowski","Miller Lite | Team Penske | Ford","Driver",149,1
"Racing",2017,"Donruss","Base Brand Donruss","Retro Variations 1984 Printing Plates Black","Kasey Kahne","Farmers Insurance | Hendrick Motorsports | Chevrolet","Driver",150,1
"Racing",2017,"Donruss","Base Brand Donruss","Retro Variations 1984 Printing Plates Black","Harry Gant","Skoal | Hal Needham | Chevrolet","Driver",151,1
"Racing",2017,"Donruss","Base Brand Donruss","Retro Variations 1984 Printing Plates Black","Danica Patrick","Nature's Bakery | Stewart-Haas Racing | Chevrolet","Driver",152,1
"Racing",2017,"Donruss","Base Brand Donruss","Retro Variations 1984 Printing Plates Black","Casey Mears","GEICO | Germain Racing | Chevrolet","Driver",153,1
"Racing",2017,"Donruss","Base Brand Donruss","Retro Variations 1984 Printing Plates Black","Clint Bowyer","5-Hour Energy | HScott Motorsports | Chevrolet","Driver",154,1
"Racing",2017,"Donruss","Base Brand Donruss","Retro Variations 1984 Printing Plates Black","Greg Biffle","Kleen Performance Products | Roush Fenway Racing | Ford","Driver",155,1
"Racing",2017,"Donruss","Base Brand Donruss","Retro Variations 1984 Printing Plates Black","Ricky Stenhouse Jr","Zest | Roush Fenway Racing | Ford","Driver",156,1
"Racing",2017,"Donruss","Base Brand Donruss","Retro Variations 1984 Printing Plates Black","Kyle Busch","M&M's | Joe Gibbs Racing | Toyota","Driver",157,1
"Racing",2017,"Donruss","Base Brand Donruss","Retro Variations 1984 Printing Plates Black","Bobby Labonte","C&J Energy Services | Go FAS Racing | Ford","Driver",158,1
"Racing",2017,"Donruss","Base Brand Donruss","Retro Variations 1984 Printing Plates Black","Kyle Larson","Target | Chip Ganassi Racing | Chevrolet","Driver",159,1
"Racing",2017,"Donruss","Base Brand Donruss","Retro Variations 1984 Printing Plates Black","Terry Labonte","Kellogg's Corn Flakes | Hendrick Motorsports | Chevrolet","Driver",160,1
"Racing",2017,"Donruss","Base Brand Donruss","Retro Variations 1984 Printing Plates Black","AJ Allmendinger","Kroger | JTG Daugherty Racing | Chevrolet","Driver",161,1
"Racing",2017,"Donruss","Base Brand Donruss","Retro Variations 1984 Printing Plates Black","Alex Bowman","Nationwide | Hendrick Motorsports | Chevrolet","Driver",162,1
"Racing",2017,"Donruss","Base Brand Donruss","Retro Variations 1984 Printing Plates Black","Bill Elliott","Coors | Harry Melling | Ford","Driver",163,1
"Racing",2017,"Donruss","Base Brand Donruss","Retro Variations 1984 Printing Plates Black","Bobby Allison","Miller High Life | DiGard | Buick","Driver",164,1
"Racing",2017,"Donruss","Base Brand Donruss","Retro Variations 1984 Printing Plates Black","Darrell Waltrip","Mountain Dew | Junior Johnson | Buick","Driver",165,1
"Racing",2017,"Donruss","Base Brand Donruss","Retro Variations 1984 Printing Plates Black","Dave Marcis","Dave Marcis Racing | Chevrolet","Driver",166,1
"Racing",2017,"Donruss","Base Brand Donruss","Retro Variations 1984 Printing Plates Black","David Pearson ","Purolator | Wood Brothers Racing | Mercury","Driver",167,1
"Racing",2017,"Donruss","Base Brand Donruss","Retro Variations 1984 Printing Plates Black","David Ragan","Dr Pepper | BK Racing | Toyota","Driver",168,1
"Racing",2017,"Donruss","Base Brand Donruss","Retro Variations 1984 Printing Plates Black","Ernie Irvan","Skittles |  Nelson Bowers | Pontiac","Driver",169,1
"Racing",2017,"Donruss","Base Brand Donruss","Retro Variations 1984 Printing Plates Black","Jamie McMurray","Cessna | Chip Ganassi Racing | Chevrolet","Driver",170,1
"Racing",2017,"Donruss","Base Brand Donruss","Retro Variations 1984 Printing Plates Black","Jeff Burton","Exide Batteries | Roush Racing | Ford","Driver",171,1
"Racing",2017,"Donruss","Base Brand Donruss","Retro Variations 1984 Printing Plates Black","Martin Truex Jr.","Bass Pro Shops-TRACKER Boats | Furniture Row Racing | Toyota","Driver",172,1
"Racing",2017,"Donruss","Base Brand Donruss","Retro Variations 1984 Printing Plates Black","Kyle Petty","Mello Yello | SABCO Racing | Pontiac","Driver",173,1
"Racing",2017,"Donruss","Base Brand Donruss","Retro Variations 1984 Printing Plates Black","Mark Martin","Pfizer | Roush Racing | Ford","Driver",174,1
"Racing",2017,"Donruss","Base Brand Donruss","Retro Variations 1984 Printing Plates Black","Kurt Busch","Haas Automation | Stewart-Haas Racing | Chevrolet","Driver",175,1
"Racing",2017,"Donruss","Base Brand Donruss","Retro Variations 1984 Printing Plates Black","Ned Jarrett","B.G. Holloway | Ned Jarrett | Chevrolet","Driver",176,1
"Racing",2017,"Donruss","Base Brand Donruss","Retro Variations 1984 Printing Plates Black","Richard Petty","STP | Petty Enterprises | Plymouth","Driver",177,1
"Racing",2017,"Donruss","Base Brand Donruss","Retro Variations 1984 Printing Plates Black","Matt Kenseth","DeWalt | Joe Gibbs Racing | Toyota","Driver",178,1
"Racing",2017,"Donruss","Base Brand Donruss","Retro Variations 1984 Printing Plates Black","Aric Almirola","Smithfield Foods | Richard Petty Motorsports | Ford","Driver",179,1
"Racing",2017,"Donruss","Base Brand Donruss","Retro Variations 1984 Printing Plates Black","Ryan Newman","Caterpillar | Richard Childress Racing | Chevrolet","Driver",180,1
"Racing",2017,"Donruss","Base Brand Donruss","Retro Variations 1984 Printing Plates Black","William Byron","Liberty University | JR Motorsports | Chevrolet","Driver",181,1
"Racing",2017,"Donruss","Base Brand Donruss","Retro Variations 1984 Printing Plates Cyan","Dale Earnhardt Jr","Nationwide | Hendrick Motorsports | Chevrolet","Driver",137,1
"Racing",2017,"Donruss","Base Brand Donruss","Retro Variations 1984 Printing Plates Cyan","Junior Johnson","Holly Farms | Junior Johnson | Ford","Driver",138,1
"Racing",2017,"Donruss","Base Brand Donruss","Retro Variations 1984 Printing Plates Cyan","Jimmie Johnson","Lowe's | Hendrick Motorsports | Chevrolet","Driver",139,1
"Racing",2017,"Donruss","Base Brand Donruss","Retro Variations 1984 Printing Plates Cyan","Michael Waltrip","NAPA Auto Parts | Dale Earnhardt, Inc. | Chevrolet","Driver",140,1
"Racing",2017,"Donruss","Base Brand Donruss","Retro Variations 1984 Printing Plates Cyan","Chase Elliott","NAPA Auto Parts | Hendrick Motorsports | Chevrolet","Driver",141,1
"Racing",2017,"Donruss","Base Brand Donruss","Retro Variations 1984 Printing Plates Cyan","Joey Logano","Shell-Pennzoil | Team Penske | Ford","Driver",142,1
"Racing",2017,"Donruss","Base Brand Donruss","Retro Variations 1984 Printing Plates Cyan","Rusty Wallace","Miller Lite | Team Penske | Ford","Driver",143,1
"Racing",2017,"Donruss","Base Brand Donruss","Retro Variations 1984 Printing Plates Cyan","Carl Edwards","ARRIS | Joe Gibbs Racing | Toyota","Driver",144,1
"Racing",2017,"Donruss","Base Brand Donruss","Retro Variations 1984 Printing Plates Cyan","Daniel Suarez","ARRIS | Joe Gibbs Racing | Toyota","Driver",145,1
"Racing",2017,"Donruss","Base Brand Donruss","Retro Variations 1984 Printing Plates Cyan","Denny Hamlin","FedEx Express | Joe Gibbs Racing | Toyota","Driver",146,1
"Racing",2017,"Donruss","Base Brand Donruss","Retro Variations 1984 Printing Plates Cyan","Kevin Harvick","Jimmy John's | Stewart-Haas Racing | Chevrolet","Driver",147,1
"Racing",2017,"Donruss","Base Brand Donruss","Retro Variations 1984 Printing Plates Cyan","Austin Dillon","Dow Chemical | Richard Childress Racing | Chevrolet","Driver",148,1
"Racing",2017,"Donruss","Base Brand Donruss","Retro Variations 1984 Printing Plates Cyan","Brad Keselowski","Miller Lite | Team Penske | Ford","Driver",149,1
"Racing",2017,"Donruss","Base Brand Donruss","Retro Variations 1984 Printing Plates Cyan","Kasey Kahne","Farmers Insurance | Hendrick Motorsports | Chevrolet","Driver",150,1
"Racing",2017,"Donruss","Base Brand Donruss","Retro Variations 1984 Printing Plates Cyan","Harry Gant","Skoal | Hal Needham | Chevrolet","Driver",151,1
"Racing",2017,"Donruss","Base Brand Donruss","Retro Variations 1984 Printing Plates Cyan","Danica Patrick","Nature's Bakery | Stewart-Haas Racing | Chevrolet","Driver",152,1
"Racing",2017,"Donruss","Base Brand Donruss","Retro Variations 1984 Printing Plates Cyan","Casey Mears","GEICO | Germain Racing | Chevrolet","Driver",153,1
"Racing",2017,"Donruss","Base Brand Donruss","Retro Variations 1984 Printing Plates Cyan","Clint Bowyer","5-Hour Energy | HScott Motorsports | Chevrolet","Driver",154,1
"Racing",2017,"Donruss","Base Brand Donruss","Retro Variations 1984 Printing Plates Cyan","Greg Biffle","Kleen Performance Products | Roush Fenway Racing | Ford","Driver",155,1
"Racing",2017,"Donruss","Base Brand Donruss","Retro Variations 1984 Printing Plates Cyan","Ricky Stenhouse Jr","Zest | Roush Fenway Racing | Ford","Driver",156,1
"Racing",2017,"Donruss","Base Brand Donruss","Retro Variations 1984 Printing Plates Cyan","Kyle Busch","M&M's | Joe Gibbs Racing | Toyota","Driver",157,1
"Racing",2017,"Donruss","Base Brand Donruss","Retro Variations 1984 Printing Plates Cyan","Bobby Labonte","C&J Energy Services | Go FAS Racing | Ford","Driver",158,1
"Racing",2017,"Donruss","Base Brand Donruss","Retro Variations 1984 Printing Plates Cyan","Kyle Larson","Target | Chip Ganassi Racing | Chevrolet","Driver",159,1
"Racing",2017,"Donruss","Base Brand Donruss","Retro Variations 1984 Printing Plates Cyan","Terry Labonte","Kellogg's Corn Flakes | Hendrick Motorsports | Chevrolet","Driver",160,1
"Racing",2017,"Donruss","Base Brand Donruss","Retro Variations 1984 Printing Plates Cyan","AJ Allmendinger","Kroger | JTG Daugherty Racing | Chevrolet","Driver",161,1
"Racing",2017,"Donruss","Base Brand Donruss","Retro Variations 1984 Printing Plates Cyan","Alex Bowman","Nationwide | Hendrick Motorsports | Chevrolet","Driver",162,1
"Racing",2017,"Donruss","Base Brand Donruss","Retro Variations 1984 Printing Plates Cyan","Bill Elliott","Coors | Harry Melling | Ford","Driver",163,1
"Racing",2017,"Donruss","Base Brand Donruss","Retro Variations 1984 Printing Plates Cyan","Bobby Allison","Miller High Life | DiGard | Buick","Driver",164,1
"Racing",2017,"Donruss","Base Brand Donruss","Retro Variations 1984 Printing Plates Cyan","Darrell Waltrip","Mountain Dew | Junior Johnson | Buick","Driver",165,1
"Racing",2017,"Donruss","Base Brand Donruss","Retro Variations 1984 Printing Plates Cyan","Dave Marcis","Dave Marcis Racing | Chevrolet","Driver",166,1
"Racing",2017,"Donruss","Base Brand Donruss","Retro Variations 1984 Printing Plates Cyan","David Pearson ","Purolator | Wood Brothers Racing | Mercury","Driver",167,1
"Racing",2017,"Donruss","Base Brand Donruss","Retro Variations 1984 Printing Plates Cyan","David Ragan","Dr Pepper | BK Racing | Toyota","Driver",168,1
"Racing",2017,"Donruss","Base Brand Donruss","Retro Variations 1984 Printing Plates Cyan","Ernie Irvan","Skittles |  Nelson Bowers | Pontiac","Driver",169,1
"Racing",2017,"Donruss","Base Brand Donruss","Retro Variations 1984 Printing Plates Cyan","Jamie McMurray","Cessna | Chip Ganassi Racing | Chevrolet","Driver",170,1
"Racing",2017,"Donruss","Base Brand Donruss","Retro Variations 1984 Printing Plates Cyan","Jeff Burton","Exide Batteries | Roush Racing | Ford","Driver",171,1
"Racing",2017,"Donruss","Base Brand Donruss","Retro Variations 1984 Printing Plates Cyan","Martin Truex Jr.","Bass Pro Shops-TRACKER Boats | Furniture Row Racing | Toyota","Driver",172,1
"Racing",2017,"Donruss","Base Brand Donruss","Retro Variations 1984 Printing Plates Cyan","Kyle Petty","Mello Yello | SABCO Racing | Pontiac","Driver",173,1
"Racing",2017,"Donruss","Base Brand Donruss","Retro Variations 1984 Printing Plates Cyan","Mark Martin","Pfizer | Roush Racing | Ford","Driver",174,1
"Racing",2017,"Donruss","Base Brand Donruss","Retro Variations 1984 Printing Plates Cyan","Kurt Busch","Haas Automation | Stewart-Haas Racing | Chevrolet","Driver",175,1
"Racing",2017,"Donruss","Base Brand Donruss","Retro Variations 1984 Printing Plates Cyan","Ned Jarrett","B.G. Holloway | Ned Jarrett | Chevrolet","Driver",176,1
"Racing",2017,"Donruss","Base Brand Donruss","Retro Variations 1984 Printing Plates Cyan","Richard Petty","STP | Petty Enterprises | Plymouth","Driver",177,1
"Racing",2017,"Donruss","Base Brand Donruss","Retro Variations 1984 Printing Plates Cyan","Matt Kenseth","DeWalt | Joe Gibbs Racing | Toyota","Driver",178,1
"Racing",2017,"Donruss","Base Brand Donruss","Retro Variations 1984 Printing Plates Cyan","Aric Almirola","Smithfield Foods | Richard Petty Motorsports | Ford","Driver",179,1
"Racing",2017,"Donruss","Base Brand Donruss","Retro Variations 1984 Printing Plates Cyan","Ryan Newman","Caterpillar | Richard Childress Racing | Chevrolet","Driver",180,1
"Racing",2017,"Donruss","Base Brand Donruss","Retro Variations 1984 Printing Plates Cyan","William Byron","Liberty University | JR Motorsports | Chevrolet","Driver",181,1
"Racing",2017,"Donruss","Base Brand Donruss","Retro Variations 1984 Printing Plates Magenta","Dale Earnhardt Jr","Nationwide | Hendrick Motorsports | Chevrolet","Driver",137,1
"Racing",2017,"Donruss","Base Brand Donruss","Retro Variations 1984 Printing Plates Magenta","Junior Johnson","Holly Farms | Junior Johnson | Ford","Driver",138,1
"Racing",2017,"Donruss","Base Brand Donruss","Retro Variations 1984 Printing Plates Magenta","Jimmie Johnson","Lowe's | Hendrick Motorsports | Chevrolet","Driver",139,1
"Racing",2017,"Donruss","Base Brand Donruss","Retro Variations 1984 Printing Plates Magenta","Michael Waltrip","NAPA Auto Parts | Dale Earnhardt, Inc. | Chevrolet","Driver",140,1
"Racing",2017,"Donruss","Base Brand Donruss","Retro Variations 1984 Printing Plates Magenta","Chase Elliott","NAPA Auto Parts | Hendrick Motorsports | Chevrolet","Driver",141,1
"Racing",2017,"Donruss","Base Brand Donruss","Retro Variations 1984 Printing Plates Magenta","Joey Logano","Shell-Pennzoil | Team Penske | Ford","Driver",142,1
"Racing",2017,"Donruss","Base Brand Donruss","Retro Variations 1984 Printing Plates Magenta","Rusty Wallace","Miller Lite | Team Penske | Ford","Driver",143,1
"Racing",2017,"Donruss","Base Brand Donruss","Retro Variations 1984 Printing Plates Magenta","Carl Edwards","ARRIS | Joe Gibbs Racing | Toyota","Driver",144,1
"Racing",2017,"Donruss","Base Brand Donruss","Retro Variations 1984 Printing Plates Magenta","Daniel Suarez","ARRIS | Joe Gibbs Racing | Toyota","Driver",145,1
"Racing",2017,"Donruss","Base Brand Donruss","Retro Variations 1984 Printing Plates Magenta","Denny Hamlin","FedEx Express | Joe Gibbs Racing | Toyota","Driver",146,1
"Racing",2017,"Donruss","Base Brand Donruss","Retro Variations 1984 Printing Plates Magenta","Kevin Harvick","Jimmy John's | Stewart-Haas Racing | Chevrolet","Driver",147,1
"Racing",2017,"Donruss","Base Brand Donruss","Retro Variations 1984 Printing Plates Magenta","Austin Dillon","Dow Chemical | Richard Childress Racing | Chevrolet","Driver",148,1
"Racing",2017,"Donruss","Base Brand Donruss","Retro Variations 1984 Printing Plates Magenta","Brad Keselowski","Miller Lite | Team Penske | Ford","Driver",149,1
"Racing",2017,"Donruss","Base Brand Donruss","Retro Variations 1984 Printing Plates Magenta","Kasey Kahne","Farmers Insurance | Hendrick Motorsports | Chevrolet","Driver",150,1
"Racing",2017,"Donruss","Base Brand Donruss","Retro Variations 1984 Printing Plates Magenta","Harry Gant","Skoal | Hal Needham | Chevrolet","Driver",151,1
"Racing",2017,"Donruss","Base Brand Donruss","Retro Variations 1984 Printing Plates Magenta","Danica Patrick","Nature's Bakery | Stewart-Haas Racing | Chevrolet","Driver",152,1
"Racing",2017,"Donruss","Base Brand Donruss","Retro Variations 1984 Printing Plates Magenta","Casey Mears","GEICO | Germain Racing | Chevrolet","Driver",153,1
"Racing",2017,"Donruss","Base Brand Donruss","Retro Variations 1984 Printing Plates Magenta","Clint Bowyer","5-Hour Energy | HScott Motorsports | Chevrolet","Driver",154,1
"Racing",2017,"Donruss","Base Brand Donruss","Retro Variations 1984 Printing Plates Magenta","Greg Biffle","Kleen Performance Products | Roush Fenway Racing | Ford","Driver",155,1
"Racing",2017,"Donruss","Base Brand Donruss","Retro Variations 1984 Printing Plates Magenta","Ricky Stenhouse Jr","Zest | Roush Fenway Racing | Ford","Driver",156,1
"Racing",2017,"Donruss","Base Brand Donruss","Retro Variations 1984 Printing Plates Magenta","Kyle Busch","M&M's | Joe Gibbs Racing | Toyota","Driver",157,1
"Racing",2017,"Donruss","Base Brand Donruss","Retro Variations 1984 Printing Plates Magenta","Bobby Labonte","C&J Energy Services | Go FAS Racing | Ford","Driver",158,1
"Racing",2017,"Donruss","Base Brand Donruss","Retro Variations 1984 Printing Plates Magenta","Kyle Larson","Target | Chip Ganassi Racing | Chevrolet","Driver",159,1
"Racing",2017,"Donruss","Base Brand Donruss","Retro Variations 1984 Printing Plates Magenta","Terry Labonte","Kellogg's Corn Flakes | Hendrick Motorsports | Chevrolet","Driver",160,1
"Racing",2017,"Donruss","Base Brand Donruss","Retro Variations 1984 Printing Plates Magenta","AJ Allmendinger","Kroger | JTG Daugherty Racing | Chevrolet","Driver",161,1
"Racing",2017,"Donruss","Base Brand Donruss","Retro Variations 1984 Printing Plates Magenta","Alex Bowman","Nationwide | Hendrick Motorsports | Chevrolet","Driver",162,1
"Racing",2017,"Donruss","Base Brand Donruss","Retro Variations 1984 Printing Plates Magenta","Bill Elliott","Coors | Harry Melling | Ford","Driver",163,1
"Racing",2017,"Donruss","Base Brand Donruss","Retro Variations 1984 Printing Plates Magenta","Bobby Allison","Miller High Life | DiGard | Buick","Driver",164,1
"Racing",2017,"Donruss","Base Brand Donruss","Retro Variations 1984 Printing Plates Magenta","Darrell Waltrip","Mountain Dew | Junior Johnson | Buick","Driver",165,1
"Racing",2017,"Donruss","Base Brand Donruss","Retro Variations 1984 Printing Plates Magenta","Dave Marcis","Dave Marcis Racing | Chevrolet","Driver",166,1
"Racing",2017,"Donruss","Base Brand Donruss","Retro Variations 1984 Printing Plates Magenta","David Pearson ","Purolator | Wood Brothers Racing | Mercury","Driver",167,1
"Racing",2017,"Donruss","Base Brand Donruss","Retro Variations 1984 Printing Plates Magenta","David Ragan","Dr Pepper | BK Racing | Toyota","Driver",168,1
"Racing",2017,"Donruss","Base Brand Donruss","Retro Variations 1984 Printing Plates Magenta","Ernie Irvan","Skittles |  Nelson Bowers | Pontiac","Driver",169,1
"Racing",2017,"Donruss","Base Brand Donruss","Retro Variations 1984 Printing Plates Magenta","Jamie McMurray","Cessna | Chip Ganassi Racing | Chevrolet","Driver",170,1
"Racing",2017,"Donruss","Base Brand Donruss","Retro Variations 1984 Printing Plates Magenta","Jeff Burton","Exide Batteries | Roush Racing | Ford","Driver",171,1
"Racing",2017,"Donruss","Base Brand Donruss","Retro Variations 1984 Printing Plates Magenta","Martin Truex Jr.","Bass Pro Shops-TRACKER Boats | Furniture Row Racing | Toyota","Driver",172,1
"Racing",2017,"Donruss","Base Brand Donruss","Retro Variations 1984 Printing Plates Magenta","Kyle Petty","Mello Yello | SABCO Racing | Pontiac","Driver",173,1
"Racing",2017,"Donruss","Base Brand Donruss","Retro Variations 1984 Printing Plates Magenta","Mark Martin","Pfizer | Roush Racing | Ford","Driver",174,1
"Racing",2017,"Donruss","Base Brand Donruss","Retro Variations 1984 Printing Plates Magenta","Kurt Busch","Haas Automation | Stewart-Haas Racing | Chevrolet","Driver",175,1
"Racing",2017,"Donruss","Base Brand Donruss","Retro Variations 1984 Printing Plates Magenta","Ned Jarrett","B.G. Holloway | Ned Jarrett | Chevrolet","Driver",176,1
"Racing",2017,"Donruss","Base Brand Donruss","Retro Variations 1984 Printing Plates Magenta","Richard Petty","STP | Petty Enterprises | Plymouth","Driver",177,1
"Racing",2017,"Donruss","Base Brand Donruss","Retro Variations 1984 Printing Plates Magenta","Matt Kenseth","DeWalt | Joe Gibbs Racing | Toyota","Driver",178,1
"Racing",2017,"Donruss","Base Brand Donruss","Retro Variations 1984 Printing Plates Magenta","Aric Almirola","Smithfield Foods | Richard Petty Motorsports | Ford","Driver",179,1
"Racing",2017,"Donruss","Base Brand Donruss","Retro Variations 1984 Printing Plates Magenta","Ryan Newman","Caterpillar | Richard Childress Racing | Chevrolet","Driver",180,1
"Racing",2017,"Donruss","Base Brand Donruss","Retro Variations 1984 Printing Plates Magenta","William Byron","Liberty University | JR Motorsports | Chevrolet","Driver",181,1
"Racing",2017,"Donruss","Base Brand Donruss","Retro Variations 1984 Printing Plates Yellow","Dale Earnhardt Jr","Nationwide | Hendrick Motorsports | Chevrolet","Driver",137,1
"Racing",2017,"Donruss","Base Brand Donruss","Retro Variations 1984 Printing Plates Yellow","Junior Johnson","Holly Farms | Junior Johnson | Ford","Driver",138,1
"Racing",2017,"Donruss","Base Brand Donruss","Retro Variations 1984 Printing Plates Yellow","Jimmie Johnson","Lowe's | Hendrick Motorsports | Chevrolet","Driver",139,1
"Racing",2017,"Donruss","Base Brand Donruss","Retro Variations 1984 Printing Plates Yellow","Michael Waltrip","NAPA Auto Parts | Dale Earnhardt, Inc. | Chevrolet","Driver",140,1
"Racing",2017,"Donruss","Base Brand Donruss","Retro Variations 1984 Printing Plates Yellow","Chase Elliott","NAPA Auto Parts | Hendrick Motorsports | Chevrolet","Driver",141,1
"Racing",2017,"Donruss","Base Brand Donruss","Retro Variations 1984 Printing Plates Yellow","Joey Logano","Shell-Pennzoil | Team Penske | Ford","Driver",142,1
"Racing",2017,"Donruss","Base Brand Donruss","Retro Variations 1984 Printing Plates Yellow","Rusty Wallace","Miller Lite | Team Penske | Ford","Driver",143,1
"Racing",2017,"Donruss","Base Brand Donruss","Retro Variations 1984 Printing Plates Yellow","Carl Edwards","ARRIS | Joe Gibbs Racing | Toyota","Driver",144,1
"Racing",2017,"Donruss","Base Brand Donruss","Retro Variations 1984 Printing Plates Yellow","Daniel Suarez","ARRIS | Joe Gibbs Racing | Toyota","Driver",145,1
"Racing",2017,"Donruss","Base Brand Donruss","Retro Variations 1984 Printing Plates Yellow","Denny Hamlin","FedEx Express | Joe Gibbs Racing | Toyota","Driver",146,1
"Racing",2017,"Donruss","Base Brand Donruss","Retro Variations 1984 Printing Plates Yellow","Kevin Harvick","Jimmy John's | Stewart-Haas Racing | Chevrolet","Driver",147,1
"Racing",2017,"Donruss","Base Brand Donruss","Retro Variations 1984 Printing Plates Yellow","Austin Dillon","Dow Chemical | Richard Childress Racing | Chevrolet","Driver",148,1
"Racing",2017,"Donruss","Base Brand Donruss","Retro Variations 1984 Printing Plates Yellow","Brad Keselowski","Miller Lite | Team Penske | Ford","Driver",149,1
"Racing",2017,"Donruss","Base Brand Donruss","Retro Variations 1984 Printing Plates Yellow","Kasey Kahne","Farmers Insurance | Hendrick Motorsports | Chevrolet","Driver",150,1
"Racing",2017,"Donruss","Base Brand Donruss","Retro Variations 1984 Printing Plates Yellow","Harry Gant","Skoal | Hal Needham | Chevrolet","Driver",151,1
"Racing",2017,"Donruss","Base Brand Donruss","Retro Variations 1984 Printing Plates Yellow","Danica Patrick","Nature's Bakery | Stewart-Haas Racing | Chevrolet","Driver",152,1
"Racing",2017,"Donruss","Base Brand Donruss","Retro Variations 1984 Printing Plates Yellow","Casey Mears","GEICO | Germain Racing | Chevrolet","Driver",153,1
"Racing",2017,"Donruss","Base Brand Donruss","Retro Variations 1984 Printing Plates Yellow","Clint Bowyer","5-Hour Energy | HScott Motorsports | Chevrolet","Driver",154,1
"Racing",2017,"Donruss","Base Brand Donruss","Retro Variations 1984 Printing Plates Yellow","Greg Biffle","Kleen Performance Products | Roush Fenway Racing | Ford","Driver",155,1
"Racing",2017,"Donruss","Base Brand Donruss","Retro Variations 1984 Printing Plates Yellow","Ricky Stenhouse Jr","Zest | Roush Fenway Racing | Ford","Driver",156,1
"Racing",2017,"Donruss","Base Brand Donruss","Retro Variations 1984 Printing Plates Yellow","Kyle Busch","M&M's | Joe Gibbs Racing | Toyota","Driver",157,1
"Racing",2017,"Donruss","Base Brand Donruss","Retro Variations 1984 Printing Plates Yellow","Bobby Labonte","C&J Energy Services | Go FAS Racing | Ford","Driver",158,1
"Racing",2017,"Donruss","Base Brand Donruss","Retro Variations 1984 Printing Plates Yellow","Kyle Larson","Target | Chip Ganassi Racing | Chevrolet","Driver",159,1
"Racing",2017,"Donruss","Base Brand Donruss","Retro Variations 1984 Printing Plates Yellow","Terry Labonte","Kellogg's Corn Flakes | Hendrick Motorsports | Chevrolet","Driver",160,1
"Racing",2017,"Donruss","Base Brand Donruss","Retro Variations 1984 Printing Plates Yellow","AJ Allmendinger","Kroger | JTG Daugherty Racing | Chevrolet","Driver",161,1
"Racing",2017,"Donruss","Base Brand Donruss","Retro Variations 1984 Printing Plates Yellow","Alex Bowman","Nationwide | Hendrick Motorsports | Chevrolet","Driver",162,1
"Racing",2017,"Donruss","Base Brand Donruss","Retro Variations 1984 Printing Plates Yellow","Bill Elliott","Coors | Harry Melling | Ford","Driver",163,1
"Racing",2017,"Donruss","Base Brand Donruss","Retro Variations 1984 Printing Plates Yellow","Bobby Allison","Miller High Life | DiGard | Buick","Driver",164,1
"Racing",2017,"Donruss","Base Brand Donruss","Retro Variations 1984 Printing Plates Yellow","Darrell Waltrip","Mountain Dew | Junior Johnson | Buick","Driver",165,1
"Racing",2017,"Donruss","Base Brand Donruss","Retro Variations 1984 Printing Plates Yellow","Dave Marcis","Dave Marcis Racing | Chevrolet","Driver",166,1
"Racing",2017,"Donruss","Base Brand Donruss","Retro Variations 1984 Printing Plates Yellow","David Pearson ","Purolator | Wood Brothers Racing | Mercury","Driver",167,1
"Racing",2017,"Donruss","Base Brand Donruss","Retro Variations 1984 Printing Plates Yellow","David Ragan","Dr Pepper | BK Racing | Toyota","Driver",168,1
"Racing",2017,"Donruss","Base Brand Donruss","Retro Variations 1984 Printing Plates Yellow","Ernie Irvan","Skittles |  Nelson Bowers | Pontiac","Driver",169,1
"Racing",2017,"Donruss","Base Brand Donruss","Retro Variations 1984 Printing Plates Yellow","Jamie McMurray","Cessna | Chip Ganassi Racing | Chevrolet","Driver",170,1
"Racing",2017,"Donruss","Base Brand Donruss","Retro Variations 1984 Printing Plates Yellow","Jeff Burton","Exide Batteries | Roush Racing | Ford","Driver",171,1
"Racing",2017,"Donruss","Base Brand Donruss","Retro Variations 1984 Printing Plates Yellow","Martin Truex Jr.","Bass Pro Shops-TRACKER Boats | Furniture Row Racing | Toyota","Driver",172,1
"Racing",2017,"Donruss","Base Brand Donruss","Retro Variations 1984 Printing Plates Yellow","Kyle Petty","Mello Yello | SABCO Racing | Pontiac","Driver",173,1
"Racing",2017,"Donruss","Base Brand Donruss","Retro Variations 1984 Printing Plates Yellow","Mark Martin","Pfizer | Roush Racing | Ford","Driver",174,1
"Racing",2017,"Donruss","Base Brand Donruss","Retro Variations 1984 Printing Plates Yellow","Kurt Busch","Haas Automation | Stewart-Haas Racing | Chevrolet","Driver",175,1
"Racing",2017,"Donruss","Base Brand Donruss","Retro Variations 1984 Printing Plates Yellow","Ned Jarrett","B.G. Holloway | Ned Jarrett | Chevrolet","Driver",176,1
"Racing",2017,"Donruss","Base Brand Donruss","Retro Variations 1984 Printing Plates Yellow","Richard Petty","STP | Petty Enterprises | Plymouth","Driver",177,1
"Racing",2017,"Donruss","Base Brand Donruss","Retro Variations 1984 Printing Plates Yellow","Matt Kenseth","DeWalt | Joe Gibbs Racing | Toyota","Driver",178,1
"Racing",2017,"Donruss","Base Brand Donruss","Retro Variations 1984 Printing Plates Yellow","Aric Almirola","Smithfield Foods | Richard Petty Motorsports | Ford","Driver",179,1
"Racing",2017,"Donruss","Base Brand Donruss","Retro Variations 1984 Printing Plates Yellow","Ryan Newman","Caterpillar | Richard Childress Racing | Chevrolet","Driver",180,1
"Racing",2017,"Donruss","Base Brand Donruss","Retro Variations 1984 Printing Plates Yellow","William Byron","Liberty University | JR Motorsports | Chevrolet","Driver",181,1
"Racing",2017,"Donruss","Base Brand Donruss","Rubber Relics","Austin Dillon","Dow Chemical | Richard Childress Racing | Chevrolet","Driver",1,
"Racing",2017,"Donruss","Base Brand Donruss","Rubber Relics","Bobby Labonte","C&J Energy Services | Go FAS Racing | Ford","Driver",2,
"Racing",2017,"Donruss","Base Brand Donruss","Rubber Relics","Brad Keselowski","Miller Lite | Team Penske | Ford","Driver",3,
"Racing",2017,"Donruss","Base Brand Donruss","Rubber Relics","Brandon Jones","Menards | Richard Childress Racing | Chevrolet","Driver",4,
"Racing",2017,"Donruss","Base Brand Donruss","Rubber Relics","Brendan Gaughan","South Point Hotel & Casino | Richard Childress Racing | Chevrolet","Driver",5,
"Racing",2017,"Donruss","Base Brand Donruss","Rubber Relics","Bubba Wallace","Ford EcoBoost | Roush Fenway Racing | Ford","Driver",6,
"Racing",2017,"Donruss","Base Brand Donruss","Rubber Relics","Carl Edwards","ARRIS | Joe Gibbs Racing | Toyota","Driver",7,
"Racing",2017,"Donruss","Base Brand Donruss","Rubber Relics","Carl Edwards","Subway | Joe Gibbs Racing | Toyota","Driver",8,
"Racing",2017,"Donruss","Base Brand Donruss","Rubber Relics","Casey Mears","GEICO | Germain Racing | Chevrolet","Driver",9,
"Racing",2017,"Donruss","Base Brand Donruss","Rubber Relics","Chase Elliott","NAPA Auto Parts | Hendrick Motorsports | Chevrolet","Driver",10,
"Racing",2017,"Donruss","Base Brand Donruss","Rubber Relics","Chris Buescher","Love's Travel Stops | Front Row Motorsports | Ford","Driver",11,
"Racing",2017,"Donruss","Base Brand Donruss","Rubber Relics","Clint Bowyer","5-Hour Energy | HScott Motorsports | Chevrolet","Driver",12,
"Racing",2017,"Donruss","Base Brand Donruss","Rubber Relics","Dale Earnhardt Jr","Nationwide | Hendrick Motorsports | Chevrolet","Driver",13,
"Racing",2017,"Donruss","Base Brand Donruss","Rubber Relics","Dale Earnhardt Jr","Mountain Dew | Hendrick Motorsports | Chevrolet","Driver",14,
"Racing",2017,"Donruss","Base Brand Donruss","Rubber Relics","Danica Patrick","Nature's Bakery | Stewart-Haas Racing | Chevrolet","Driver",15,
"Racing",2017,"Donruss","Base Brand Donruss","Rubber Relics","Daniel Suarez","ARRIS | Joe Gibbs Racing | Toyota","Driver",16,
"Racing",2017,"Donruss","Base Brand Donruss","Rubber Relics","David Ragan","Dr Pepper | BK Racing | Toyota","Driver",17,
"Racing",2017,"Donruss","Base Brand Donruss","Rubber Relics","Denny Hamlin","FedEx Express | Joe Gibbs Racing | Toyota","Driver",18,
"Racing",2017,"Donruss","Base Brand Donruss","Rubber Relics","Erik Jones","Game Stop | Joe Gibbs Racing | Toyota","Driver",19,
"Racing",2017,"Donruss","Base Brand Donruss","Rubber Relics","Greg Biffle","Kleen Performance Products | Roush Fenway Racing | Ford","Driver",20,
"Racing",2017,"Donruss","Base Brand Donruss","Rubber Relics","Jamie McMurray","Cessna | Chip Ganassi Racing | Chevrolet","Driver",21,
"Racing",2017,"Donruss","Base Brand Donruss","Rubber Relics","Jeb Burton","Rocky Ridge Trucks | Go FAS Racing | Ford","Driver",22,
"Racing",2017,"Donruss","Base Brand Donruss","Rubber Relics","Jeffrey Earnhardt","Can-Am | Go FAS Racing | Ford","Driver",23,
"Racing",2017,"Donruss","Base Brand Donruss","Rubber Relics","Jimmie Johnson","Kobalt Tools | Hendrick Motorsports | Chevrolet","Driver",25,
"Racing",2017,"Donruss","Base Brand Donruss","Rubber Relics","Joey Logano","Shell-Pennzoil | Team Penske | Ford","Driver",26,
"Racing",2017,"Donruss","Base Brand Donruss","Rubber Relics","Joey Logano","AAA | Team Penske | Ford","Driver",27,
"Racing",2017,"Donruss","Base Brand Donruss","Rubber Relics","Kasey Kahne","Farmers Insurance | Hendrick Motorsports | Chevrolet","Driver",28,
"Racing",2017,"Donruss","Base Brand Donruss","Rubber Relics","Kasey Kahne","Great Clips | Hendrick Motorsports | Chevrolet","Driver",29,
"Racing",2017,"Donruss","Base Brand Donruss","Rubber Relics","Kevin Harvick","Jimmy John's | Stewart-Haas Racing | Chevrolet","Driver",30,
"Racing",2017,"Donruss","Base Brand Donruss","Rubber Relics","Kevin Harvick","Outback Steakhouse | Stewart-Haas Racing | Chevrolet","Driver",31,
"Racing",2017,"Donruss","Base Brand Donruss","Rubber Relics","Kurt Busch","Haas Automation | Stewart-Haas Racing | Chevrolet","Driver",32,
"Racing",2017,"Donruss","Base Brand Donruss","Rubber Relics","Kyle Busch","M&M's | Joe Gibbs Racing | Toyota","Driver",33,
"Racing",2017,"Donruss","Base Brand Donruss","Rubber Relics","Kyle Busch","Interstate Batteries | Joe Gibbs Racing | Toyota","Driver",34,
"Racing",2017,"Donruss","Base Brand Donruss","Rubber Relics","Kyle Larson","Target | Chip Ganassi Racing | Chevrolet","Driver",35,
"Racing",2017,"Donruss","Base Brand Donruss","Rubber Relics","Matt DiBenedetto","Cosmo Motors | BK Racing | Toyota","Driver",36,
"Racing",2017,"Donruss","Base Brand Donruss","Rubber Relics","Matt Kenseth","DeWalt | Joe Gibbs Racing | Toyota","Driver",37,
"Racing",2017,"Donruss","Base Brand Donruss","Rubber Relics","Paul Menard","Menards | Richard Childress Racing | Chevrolet","Driver",38,
"Racing",2017,"Donruss","Base Brand Donruss","Rubber Relics","Ricky Stenhouse Jr","Fastenal | Roush Fenway Racing | Ford","Driver",39,
"Racing",2017,"Donruss","Base Brand Donruss","Rubber Relics","Ryan Newman","Caterpillar | Richard Childress Racing | Chevrolet","Driver",40,
"Racing",2017,"Donruss","Base Brand Donruss","Rubber Relics","Ryan Reed","Lilly Diabetes | Roush Fenway Racing | Ford","Driver",41,
"Racing",2017,"Donruss","Base Brand Donruss","Rubber Relics","Tony Stewart","Bass Pro Shops | Stewart-Haas Racing | Chevrolet","Driver",42,
"Racing",2017,"Donruss","Base Brand Donruss","Rubber Relics","Trevor Bayne","AdvoCare | Roush Fenway Racing | Ford","Driver",43,
"Racing",2017,"Donruss","Base Brand Donruss","Rubber Relics","Ty Dillon","Bass Pro Shops-TRACKER Boats | Richard Childress Racing | Chevrolet","Driver",44,
"Racing",2017,"Donruss","Base Brand Donruss","Rubber Relics Holo Black","Austin Dillon","Dow Chemical | Richard Childress Racing | Chevrolet","Driver",1,10
"Racing",2017,"Donruss","Base Brand Donruss","Rubber Relics Holo Black","Bobby Labonte","C&J Energy Services | Go FAS Racing | Ford","Driver",2,10
"Racing",2017,"Donruss","Base Brand Donruss","Rubber Relics Holo Black","Brad Keselowski","Miller Lite | Team Penske | Ford","Driver",3,10
"Racing",2017,"Donruss","Base Brand Donruss","Rubber Relics Holo Black","Brandon Jones","Menards | Richard Childress Racing | Chevrolet","Driver",4,10
"Racing",2017,"Donruss","Base Brand Donruss","Rubber Relics Holo Black","Brendan Gaughan","South Point Hotel & Casino | Richard Childress Racing | Chevrolet","Driver",5,5
"Racing",2017,"Donruss","Base Brand Donruss","Rubber Relics Holo Black","Bubba Wallace","Ford EcoBoost | Roush Fenway Racing | Ford","Driver",6,10
"Racing",2017,"Donruss","Base Brand Donruss","Rubber Relics Holo Black","Carl Edwards","ARRIS | Joe Gibbs Racing | Toyota","Driver",7,1
"Racing",2017,"Donruss","Base Brand Donruss","Rubber Relics Holo Black","Carl Edwards","Subway | Joe Gibbs Racing | Toyota","Driver",8,1
"Racing",2017,"Donruss","Base Brand Donruss","Rubber Relics Holo Black","Casey Mears","GEICO | Germain Racing | Chevrolet","Driver",9,3
"Racing",2017,"Donruss","Base Brand Donruss","Rubber Relics Holo Black","Chase Elliott","NAPA Auto Parts | Hendrick Motorsports | Chevrolet","Driver",10,1
"Racing",2017,"Donruss","Base Brand Donruss","Rubber Relics Holo Black","Chris Buescher","Love's Travel Stops | Front Row Motorsports | Ford","Driver",11,10
"Racing",2017,"Donruss","Base Brand Donruss","Rubber Relics Holo Black","Clint Bowyer","5-Hour Energy | HScott Motorsports | Chevrolet","Driver",12,1
"Racing",2017,"Donruss","Base Brand Donruss","Rubber Relics Holo Black","Dale Earnhardt Jr","Nationwide | Hendrick Motorsports | Chevrolet","Driver",13,1
"Racing",2017,"Donruss","Base Brand Donruss","Rubber Relics Holo Black","Dale Earnhardt Jr","Mountain Dew | Hendrick Motorsports | Chevrolet","Driver",14,1
"Racing",2017,"Donruss","Base Brand Donruss","Rubber Relics Holo Black","Danica Patrick","Nature's Bakery | Stewart-Haas Racing | Chevrolet","Driver",15,1
"Racing",2017,"Donruss","Base Brand Donruss","Rubber Relics Holo Black","Daniel Suarez","ARRIS | Joe Gibbs Racing | Toyota","Driver",16,10
"Racing",2017,"Donruss","Base Brand Donruss","Rubber Relics Holo Black","David Ragan","Dr Pepper | BK Racing | Toyota","Driver",17,10
"Racing",2017,"Donruss","Base Brand Donruss","Rubber Relics Holo Black","Denny Hamlin","FedEx Express | Joe Gibbs Racing | Toyota","Driver",18,1
"Racing",2017,"Donruss","Base Brand Donruss","Rubber Relics Holo Black","Erik Jones","Game Stop | Joe Gibbs Racing | Toyota","Driver",19,10
"Racing",2017,"Donruss","Base Brand Donruss","Rubber Relics Holo Black","Greg Biffle","Kleen Performance Products | Roush Fenway Racing | Ford","Driver",20,10
"Racing",2017,"Donruss","Base Brand Donruss","Rubber Relics Holo Black","Jamie McMurray","Cessna | Chip Ganassi Racing | Chevrolet","Driver",21,1
"Racing",2017,"Donruss","Base Brand Donruss","Rubber Relics Holo Black","Jeb Burton","Rocky Ridge Trucks | Go FAS Racing | Ford","Driver",22,1
"Racing",2017,"Donruss","Base Brand Donruss","Rubber Relics Holo Black","Jeffrey Earnhardt","Can-Am | Go FAS Racing | Ford","Driver",23,1
"Racing",2017,"Donruss","Base Brand Donruss","Rubber Relics Holo Black","Jimmie Johnson","Lowe's | Hendrick Motorsports | Chevrolet","Driver",24,1
"Racing",2017,"Donruss","Base Brand Donruss","Rubber Relics Holo Black","Jimmie Johnson","Kobalt Tools | Hendrick Motorsports | Chevrolet","Driver",25,1
"Racing",2017,"Donruss","Base Brand Donruss","Rubber Relics Holo Black","Joey Logano","Shell-Pennzoil | Team Penske | Ford","Driver",26,1
"Racing",2017,"Donruss","Base Brand Donruss","Rubber Relics Holo Black","Joey Logano","AAA | Team Penske | Ford","Driver",27,1
"Racing",2017,"Donruss","Base Brand Donruss","Rubber Relics Holo Black","Kasey Kahne","Farmers Insurance | Hendrick Motorsports | Chevrolet","Driver",28,1
"Racing",2017,"Donruss","Base Brand Donruss","Rubber Relics Holo Black","Kasey Kahne","Great Clips | Hendrick Motorsports | Chevrolet","Driver",29,1
"Racing",2017,"Donruss","Base Brand Donruss","Rubber Relics Holo Black","Kevin Harvick","Jimmy John's | Stewart-Haas Racing | Chevrolet","Driver",30,1
"Racing",2017,"Donruss","Base Brand Donruss","Rubber Relics Holo Black","Kevin Harvick","Outback Steakhouse | Stewart-Haas Racing | Chevrolet","Driver",31,1
"Racing",2017,"Donruss","Base Brand Donruss","Rubber Relics Holo Black","Kurt Busch","Haas Automation | Stewart-Haas Racing | Chevrolet","Driver",32,1
"Racing",2017,"Donruss","Base Brand Donruss","Rubber Relics Holo Black","Kyle Busch","M&M's | Joe Gibbs Racing | Toyota","Driver",33,1
"Racing",2017,"Donruss","Base Brand Donruss","Rubber Relics Holo Black","Kyle Busch","Interstate Batteries | Joe Gibbs Racing | Toyota","Driver",34,1
"Racing",2017,"Donruss","Base Brand Donruss","Rubber Relics Holo Black","Kyle Larson","Target | Chip Ganassi Racing | Chevrolet","Driver",35,1
"Racing",2017,"Donruss","Base Brand Donruss","Rubber Relics Holo Black","Matt DiBenedetto","Cosmo Motors | BK Racing | Toyota","Driver",36,1
"Racing",2017,"Donruss","Base Brand Donruss","Rubber Relics Holo Black","Matt Kenseth","DeWalt | Joe Gibbs Racing | Toyota","Driver",37,10
"Racing",2017,"Donruss","Base Brand Donruss","Rubber Relics Holo Black","Paul Menard","Menards | Richard Childress Racing | Chevrolet","Driver",38,10
"Racing",2017,"Donruss","Base Brand Donruss","Rubber Relics Holo Black","Ricky Stenhouse Jr","Fastenal | Roush Fenway Racing | Ford","Driver",39,10
"Racing",2017,"Donruss","Base Brand Donruss","Rubber Relics Holo Black","Ryan Newman","Caterpillar | Richard Childress Racing | Chevrolet","Driver",40,10
"Racing",2017,"Donruss","Base Brand Donruss","Rubber Relics Holo Black","Ryan Reed","Lilly Diabetes | Roush Fenway Racing | Ford","Driver",41,10
"Racing",2017,"Donruss","Base Brand Donruss","Rubber Relics Holo Black","Tony Stewart","Bass Pro Shops | Stewart-Haas Racing | Chevrolet","Driver",42,10
"Racing",2017,"Donruss","Base Brand Donruss","Rubber Relics Holo Black","Trevor Bayne","AdvoCare | Roush Fenway Racing | Ford","Driver",43,1
"Racing",2017,"Donruss","Base Brand Donruss","Rubber Relics Holo Black","Ty Dillon","Bass Pro Shops-TRACKER Boats | Richard Childress Racing | Chevrolet","Driver",44,10
"Racing",2017,"Donruss","Base Brand Donruss","Rubber Relics Holo Gold","Austin Dillon","Dow Chemical | Richard Childress Racing | Chevrolet","Driver",1,99
"Racing",2017,"Donruss","Base Brand Donruss","Rubber Relics Holo Gold","Bobby Labonte","C&J Energy Services | Go FAS Racing | Ford","Driver",2,55
"Racing",2017,"Donruss","Base Brand Donruss","Rubber Relics Holo Gold","Brad Keselowski","Miller Lite | Team Penske | Ford","Driver",3,50
"Racing",2017,"Donruss","Base Brand Donruss","Rubber Relics Holo Gold","Brandon Jones","Menards | Richard Childress Racing | Chevrolet","Driver",4,30
"Racing",2017,"Donruss","Base Brand Donruss","Rubber Relics Holo Gold","Brendan Gaughan","South Point Hotel & Casino | Richard Childress Racing | Chevrolet","Driver",5,90
"Racing",2017,"Donruss","Base Brand Donruss","Rubber Relics Holo Gold","Bubba Wallace","Ford EcoBoost | Roush Fenway Racing | Ford","Driver",6,50
"Racing",2017,"Donruss","Base Brand Donruss","Rubber Relics Holo Gold","Carl Edwards","ARRIS | Joe Gibbs Racing | Toyota","Driver",7,20
"Racing",2017,"Donruss","Base Brand Donruss","Rubber Relics Holo Gold","Carl Edwards","Subway | Joe Gibbs Racing | Toyota","Driver",8,25
"Racing",2017,"Donruss","Base Brand Donruss","Rubber Relics Holo Gold","Casey Mears","GEICO | Germain Racing | Chevrolet","Driver",9,25
"Racing",2017,"Donruss","Base Brand Donruss","Rubber Relics Holo Gold","Chase Elliott","NAPA Auto Parts | Hendrick Motorsports | Chevrolet","Driver",10,25
"Racing",2017,"Donruss","Base Brand Donruss","Rubber Relics Holo Gold","Chris Buescher","Love's Travel Stops | Front Row Motorsports | Ford","Driver",11,25
"Racing",2017,"Donruss","Base Brand Donruss","Rubber Relics Holo Gold","Clint Bowyer","5-Hour Energy | HScott Motorsports | Chevrolet","Driver",12,25
"Racing",2017,"Donruss","Base Brand Donruss","Rubber Relics Holo Gold","Dale Earnhardt Jr","Nationwide | Hendrick Motorsports | Chevrolet","Driver",13,50
"Racing",2017,"Donruss","Base Brand Donruss","Rubber Relics Holo Gold","Dale Earnhardt Jr","Mountain Dew | Hendrick Motorsports | Chevrolet","Driver",14,50
"Racing",2017,"Donruss","Base Brand Donruss","Rubber Relics Holo Gold","Danica Patrick","Nature's Bakery | Stewart-Haas Racing | Chevrolet","Driver",15,25
"Racing",2017,"Donruss","Base Brand Donruss","Rubber Relics Holo Gold","Daniel Suarez","ARRIS | Joe Gibbs Racing | Toyota","Driver",16,25
"Racing",2017,"Donruss","Base Brand Donruss","Rubber Relics Holo Gold","David Ragan","Dr Pepper | BK Racing | Toyota","Driver",17,25
"Racing",2017,"Donruss","Base Brand Donruss","Rubber Relics Holo Gold","Denny Hamlin","FedEx Express | Joe Gibbs Racing | Toyota","Driver",18,25
"Racing",2017,"Donruss","Base Brand Donruss","Rubber Relics Holo Gold","Erik Jones","Game Stop | Joe Gibbs Racing | Toyota","Driver",19,50
"Racing",2017,"Donruss","Base Brand Donruss","Rubber Relics Holo Gold","Greg Biffle","Kleen Performance Products | Roush Fenway Racing | Ford","Driver",20,25
"Racing",2017,"Donruss","Base Brand Donruss","Rubber Relics Holo Gold","Jamie McMurray","Cessna | Chip Ganassi Racing | Chevrolet","Driver",21,25
"Racing",2017,"Donruss","Base Brand Donruss","Rubber Relics Holo Gold","Jeb Burton","Rocky Ridge Trucks | Go FAS Racing | Ford","Driver",22,25
"Racing",2017,"Donruss","Base Brand Donruss","Rubber Relics Holo Gold","Jeffrey Earnhardt","Can-Am | Go FAS Racing | Ford","Driver",23,16
"Racing",2017,"Donruss","Base Brand Donruss","Rubber Relics Holo Gold","Jimmie Johnson","Lowe's | Hendrick Motorsports | Chevrolet","Driver",24,99
"Racing",2017,"Donruss","Base Brand Donruss","Rubber Relics Holo Gold","Jimmie Johnson","Kobalt Tools | Hendrick Motorsports | Chevrolet","Driver",25,99
"Racing",2017,"Donruss","Base Brand Donruss","Rubber Relics Holo Gold","Joey Logano","Shell-Pennzoil | Team Penske | Ford","Driver",26,25
"Racing",2017,"Donruss","Base Brand Donruss","Rubber Relics Holo Gold","Joey Logano","AAA | Team Penske | Ford","Driver",27,25
"Racing",2017,"Donruss","Base Brand Donruss","Rubber Relics Holo Gold","Kasey Kahne","Farmers Insurance | Hendrick Motorsports | Chevrolet","Driver",28,25
"Racing",2017,"Donruss","Base Brand Donruss","Rubber Relics Holo Gold","Kasey Kahne","Great Clips | Hendrick Motorsports | Chevrolet","Driver",29,25
"Racing",2017,"Donruss","Base Brand Donruss","Rubber Relics Holo Gold","Kevin Harvick","Jimmy John's | Stewart-Haas Racing | Chevrolet","Driver",30,99
"Racing",2017,"Donruss","Base Brand Donruss","Rubber Relics Holo Gold","Kevin Harvick","Outback Steakhouse | Stewart-Haas Racing | Chevrolet","Driver",31,22
"Racing",2017,"Donruss","Base Brand Donruss","Rubber Relics Holo Gold","Kurt Busch","Haas Automation | Stewart-Haas Racing | Chevrolet","Driver",32,35
"Racing",2017,"Donruss","Base Brand Donruss","Rubber Relics Holo Gold","Kyle Busch","M&M's | Joe Gibbs Racing | Toyota","Driver",33,25
"Racing",2017,"Donruss","Base Brand Donruss","Rubber Relics Holo Gold","Kyle Busch","Interstate Batteries | Joe Gibbs Racing | Toyota","Driver",34,7
"Racing",2017,"Donruss","Base Brand Donruss","Rubber Relics Holo Gold","Kyle Larson","Target | Chip Ganassi Racing | Chevrolet","Driver",35,25
"Racing",2017,"Donruss","Base Brand Donruss","Rubber Relics Holo Gold","Matt DiBenedetto","Cosmo Motors | BK Racing | Toyota","Driver",36,25
"Racing",2017,"Donruss","Base Brand Donruss","Rubber Relics Holo Gold","Matt Kenseth","DeWalt | Joe Gibbs Racing | Toyota","Driver",37,99
"Racing",2017,"Donruss","Base Brand Donruss","Rubber Relics Holo Gold","Paul Menard","Menards | Richard Childress Racing | Chevrolet","Driver",38,17
"Racing",2017,"Donruss","Base Brand Donruss","Rubber Relics Holo Gold","Ricky Stenhouse Jr","Fastenal | Roush Fenway Racing | Ford","Driver",39,50
"Racing",2017,"Donruss","Base Brand Donruss","Rubber Relics Holo Gold","Ryan Newman","Caterpillar | Richard Childress Racing | Chevrolet","Driver",40,25
"Racing",2017,"Donruss","Base Brand Donruss","Rubber Relics Holo Gold","Ryan Reed","Lilly Diabetes | Roush Fenway Racing | Ford","Driver",41,60
"Racing",2017,"Donruss","Base Brand Donruss","Rubber Relics Holo Gold","Tony Stewart","Bass Pro Shops | Stewart-Haas Racing | Chevrolet","Driver",42,99
"Racing",2017,"Donruss","Base Brand Donruss","Rubber Relics Holo Gold","Trevor Bayne","AdvoCare | Roush Fenway Racing | Ford","Driver",43,25
"Racing",2017,"Donruss","Base Brand Donruss","Rubber Relics Holo Gold","Ty Dillon","Bass Pro Shops-TRACKER Boats | Richard Childress Racing | Chevrolet","Driver",44,25
"Racing",2017,"Donruss","Base Brand Donruss","Rubber Relics Signatures","Dale Earnhardt Jr","Nationwide | Hendrick Motorsports | Chevrolet","Driver",1,99
"Racing",2017,"Donruss","Base Brand Donruss","Rubber Relics Signatures","Danica Patrick","Nature's Bakery | Stewart-Haas Racing | Chevrolet","Driver",2,99
"Racing",2017,"Donruss","Base Brand Donruss","Rubber Relics Signatures","Jimmie Johnson","Lowe's | Hendrick Motorsports | Chevrolet","Driver",3,99
"Racing",2017,"Donruss","Base Brand Donruss","Rubber Relics Signatures","Kevin Harvick","Jimmy John's | Stewart-Haas Racing | Chevrolet","Driver",4,99
"Racing",2017,"Donruss","Base Brand Donruss","Rubber Relics Signatures","Kyle Busch","M&M's | Joe Gibbs Racing | Toyota","Driver",5,5
"Racing",2017,"Donruss","Base Brand Donruss","Rubber Relics Signatures Holo Black","Dale Earnhardt Jr","Nationwide | Hendrick Motorsports | Chevrolet","Driver",1,1
"Racing",2017,"Donruss","Base Brand Donruss","Rubber Relics Signatures Holo Black","Danica Patrick","Nature's Bakery | Stewart-Haas Racing | Chevrolet","Driver",2,1
"Racing",2017,"Donruss","Base Brand Donruss","Rubber Relics Signatures Holo Black","Jimmie Johnson","Lowe's | Hendrick Motorsports | Chevrolet","Driver",3,1
"Racing",2017,"Donruss","Base Brand Donruss","Rubber Relics Signatures Holo Black","Kevin Harvick","Jimmy John's | Stewart-Haas Racing | Chevrolet","Driver",4,1
"Racing",2017,"Donruss","Base Brand Donruss","Rubber Relics Signatures Holo Black","Kyle Busch","M&M's | Joe Gibbs Racing | Toyota","Driver",5,1
"Racing",2017,"Donruss","Base Brand Donruss","Rubber Relics Signatures Holo Gold","Dale Earnhardt Jr","Nationwide | Hendrick Motorsports | Chevrolet","Driver",1,25
"Racing",2017,"Donruss","Base Brand Donruss","Rubber Relics Signatures Holo Gold","Danica Patrick","Nature's Bakery | Stewart-Haas Racing | Chevrolet","Driver",2,25
"Racing",2017,"Donruss","Base Brand Donruss","Rubber Relics Signatures Holo Gold","Jimmie Johnson","Lowe's | Hendrick Motorsports | Chevrolet","Driver",3,22
"Racing",2017,"Donruss","Base Brand Donruss","Rubber Relics Signatures Holo Gold","Kevin Harvick","Jimmy John's | Stewart-Haas Racing | Chevrolet","Driver",4,25
"Racing",2017,"Donruss","Base Brand Donruss","Rubber Relics Signatures Holo Gold","Kyle Busch","M&M's | Joe Gibbs Racing | Toyota","Driver",5,24
"Racing",2017,"Donruss","Base Brand Donruss","Signature Series","Ahnna Parkhurst","Non-NASCAR Driver","Driver",1,
"Racing",2017,"Donruss","Base Brand Donruss","Signature Series","Alex Bowman","AXALTA | Hendrick Motorsports | Chevrolet","Driver",2,
"Racing",2017,"Donruss","Base Brand Donruss","Signature Series","Alon Day","NASCAR NEXT","Driver",3,
"Racing",2017,"Donruss","Base Brand Donruss","Signature Series","Aric Almirola","Smithfield Foods | Richard Petty Motorsports | Ford","Driver",4,
"Racing",2017,"Donruss","Base Brand Donruss","Signature Series","Brandon Jones","Menards | Richard Childress Racing | Chevrolet","Driver",6,
"Racing",2017,"Donruss","Base Brand Donruss","Signature Series","Brendan Gaughan","South Point Hotel & Casino | Richard Childress Racing | Chevrolet","Driver",7,
"Racing",2017,"Donruss","Base Brand Donruss","Signature Series","Bubba Wallace","Ford EcoBoost | Roush Fenway Racing | Ford","Driver",9,
"Racing",2017,"Donruss","Base Brand Donruss","Signature Series","Cameron Hayley","Cabinets by Hayley/Carolina Nut | ThorSport Racing | Toyota","Driver",10,
"Racing",2017,"Donruss","Base Brand Donruss","Signature Series","Chris Buescher","Dockside Logistics | Front Row Motorsports | Ford","Driver",11,
"Racing",2017,"Donruss","Base Brand Donruss","Signature Series","Cole Custer","Haas Automation | JR Motorsports | Chevrolet","Driver",12,
"Racing",2017,"Donruss","Base Brand Donruss","Signature Series","Cole Whitt","RTIC Coolers | Premium Motorsports | Chevrolet","Driver",13,
"Racing",2017,"Donruss","Base Brand Donruss","Signature Series","Collin Cabre","K&N Pro Series East","Driver",14,
"Racing",2017,"Donruss","Base Brand Donruss","Signature Series","Dakoda Armstrong","WinField | JGL Racing | Toyota","Driver",15,
"Racing",2017,"Donruss","Base Brand Donruss","Signature Series","Daniel Hemric","Draw-Tite | Brad Keselowski Racing | Ford","Driver",16,
"Racing",2017,"Donruss","Base Brand Donruss","Signature Series","Daniel Suarez","ARRIS | Joe Gibbs Racing | Toyota","Driver",17,
"Racing",2017,"Donruss","Base Brand Donruss","Signature Series","David Ragan","Dr Pepper | BK Racing | Toyota","Driver",19,
"Racing",2017,"Donruss","Base Brand Donruss","Signature Series","Elliott Sadler","OneMain Financial | JR Motorsports | Chevrolet","Driver",21,
"Racing",2017,"Donruss","Base Brand Donruss","Signature Series","Garrett Smithley","Instalco | JD Motorsports | Chevrolet","Driver",22,
"Racing",2017,"Donruss","Base Brand Donruss","Signature Series","Jeffrey Earnhardt","Can-Am | Go FAS Racing | Ford","Driver",25,
"Racing",2017,"Donruss","Base Brand Donruss","Signature Series","John Hunter Nemechek","Fire Alarm Services | NEMCO Motorsports | Chevrolet","Driver",26,
"Racing",2017,"Donruss","Base Brand Donruss","Signature Series","Julia Landauer","NASCAR NEXT","Driver",29,
"Racing",2017,"Donruss","Base Brand Donruss","Signature Series","Justin Allgaier","Brandt | JR Motorsports | Chevrolet","Driver",30,
"Racing",2017,"Donruss","Base Brand Donruss","Signature Series","Matt DiBenedetto","Cosmo Motors | BK Racing | Toyota","Driver",32,
"Racing",2017,"Donruss","Base Brand Donruss","Signature Series","Matt Tifft","NASCAR NEXT","Driver",33,
"Racing",2017,"Donruss","Base Brand Donruss","Signature Series","Michael Annett","Pilot Flying J | HScott Motorsports | Chevrolet","Driver",34,
"Racing",2017,"Donruss","Base Brand Donruss","Signature Series","Michael McDowell","Thrivent Financial | Circle Sport-Leavine Family Racing | Chevrolet","Driver",35,
"Racing",2017,"Donruss","Base Brand Donruss","Signature Series","Nicole Behar","NASCAR NEXT","Driver",36,
"Racing",2017,"Donruss","Base Brand Donruss","Signature Series","Noah Gragson","K&N Pro Series West","Driver",37,
"Racing",2017,"Donruss","Base Brand Donruss","Signature Series","Reed Sorenson","Royal Teak | Premium Motorsports | Chevrolet","Car",38,
"Racing",2017,"Donruss","Base Brand Donruss","Signature Series","Ryan Reed","Lilly Diabetes | Roush Fenway Racing | Ford","Driver",40,
"Racing",2017,"Donruss","Base Brand Donruss","Signature Series","Todd Gilliland","K&N Pro Series West","Driver",42,
"Racing",2017,"Donruss","Base Brand Donruss","Signature Series","William Byron","Liberty University | Kyle Busch Motorsports | Toyota","Driver",46,
"Racing",2017,"Donruss","Base Brand Donruss","Signature Series","Robert Hight","John Force Racing | NHRA","Driver",47,
"Racing",2017,"Donruss","Base Brand Donruss","Signature Series","Courtney Force","John Force Racing | NHRA","Driver",48,
"Racing",2017,"Donruss","Base Brand Donruss","Signature Series","Brittany Force","John Force Racing | NHRA","Driver",49,
"Racing",2017,"Donruss","Base Brand Donruss","Signature Series","Ashley Force","John Force Racing | NHRA","Driver",50,
"Racing",2017,"Donruss","Base Brand Donruss","Signature Series Holo Black","Ahnna Parkhurst","Non-NASCAR Driver","Driver",1,1
"Racing",2017,"Donruss","Base Brand Donruss","Signature Series Holo Black","Alex Bowman","AXALTA | Hendrick Motorsports | Chevrolet","Driver",2,1
"Racing",2017,"Donruss","Base Brand Donruss","Signature Series Holo Black","Alon Day","NASCAR NEXT","Driver",3,1
"Racing",2017,"Donruss","Base Brand Donruss","Signature Series Holo Black","Aric Almirola","Smithfield Foods | Richard Petty Motorsports | Ford","Driver",4,1
"Racing",2017,"Donruss","Base Brand Donruss","Signature Series Holo Black","Brandon Jones","Menards | Richard Childress Racing | Chevrolet","Driver",6,1
"Racing",2017,"Donruss","Base Brand Donruss","Signature Series Holo Black","Brendan Gaughan","South Point Hotel & Casino | Richard Childress Racing | Chevrolet","Driver",7,1
"Racing",2017,"Donruss","Base Brand Donruss","Signature Series Holo Black","Bubba Wallace","Ford EcoBoost | Roush Fenway Racing | Ford","Driver",9,1
"Racing",2017,"Donruss","Base Brand Donruss","Signature Series Holo Black","Cameron Hayley","Cabinets by Hayley/Carolina Nut | ThorSport Racing | Toyota","Driver",10,1
"Racing",2017,"Donruss","Base Brand Donruss","Signature Series Holo Black","Chris Buescher","Dockside Logistics | Front Row Motorsports | Ford","Driver",11,1
"Racing",2017,"Donruss","Base Brand Donruss","Signature Series Holo Black","Cole Custer","Haas Automation | JR Motorsports | Chevrolet","Driver",12,1
"Racing",2017,"Donruss","Base Brand Donruss","Signature Series Holo Black","Cole Whitt","RTIC Coolers | Premium Motorsports | Chevrolet","Driver",13,1
"Racing",2017,"Donruss","Base Brand Donruss","Signature Series Holo Black","Collin Cabre","K&N Pro Series East","Driver",14,1
"Racing",2017,"Donruss","Base Brand Donruss","Signature Series Holo Black","Dakoda Armstrong","WinField | JGL Racing | Toyota","Driver",15,1
"Racing",2017,"Donruss","Base Brand Donruss","Signature Series Holo Black","Daniel Hemric","Draw-Tite | Brad Keselowski Racing | Ford","Driver",16,1
"Racing",2017,"Donruss","Base Brand Donruss","Signature Series Holo Black","Daniel Suarez","ARRIS | Joe Gibbs Racing | Toyota","Driver",17,1
"Racing",2017,"Donruss","Base Brand Donruss","Signature Series Holo Black","David Ragan","Dr Pepper | BK Racing | Toyota","Driver",19,1
"Racing",2017,"Donruss","Base Brand Donruss","Signature Series Holo Black","Elliott Sadler","OneMain Financial | JR Motorsports | Chevrolet","Driver",21,1
"Racing",2017,"Donruss","Base Brand Donruss","Signature Series Holo Black","Garrett Smithley","Instalco | JD Motorsports | Chevrolet","Driver",22,1
"Racing",2017,"Donruss","Base Brand Donruss","Signature Series Holo Black","Jeffrey Earnhardt","Can-Am | Go FAS Racing | Ford","Driver",25,1
"Racing",2017,"Donruss","Base Brand Donruss","Signature Series Holo Black","John Hunter Nemechek","Fire Alarm Services | NEMCO Motorsports | Chevrolet","Driver",26,1
"Racing",2017,"Donruss","Base Brand Donruss","Signature Series Holo Black","Josh Wise","SBC Contractors | The Motorsports Group | Chevrolet","Driver",28,1
"Racing",2017,"Donruss","Base Brand Donruss","Signature Series Holo Black","Julia Landauer","NASCAR NEXT","Driver",29,1
"Racing",2017,"Donruss","Base Brand Donruss","Signature Series Holo Black","Justin Allgaier","Brandt | JR Motorsports | Chevrolet","Driver",30,1
"Racing",2017,"Donruss","Base Brand Donruss","Signature Series Holo Black","Matt DiBenedetto","Cosmo Motors | BK Racing | Toyota","Driver",32,1
"Racing",2017,"Donruss","Base Brand Donruss","Signature Series Holo Black","Matt Tifft","NASCAR NEXT","Driver",33,1
"Racing",2017,"Donruss","Base Brand Donruss","Signature Series Holo Black","Michael Annett","Pilot Flying J | HScott Motorsports | Chevrolet","Driver",34,1
"Racing",2017,"Donruss","Base Brand Donruss","Signature Series Holo Black","Michael McDowell","Thrivent Financial | Circle Sport-Leavine Family Racing | Chevrolet","Driver",35,1
"Racing",2017,"Donruss","Base Brand Donruss","Signature Series Holo Black","Nicole Behar","NASCAR NEXT","Driver",36,1
"Racing",2017,"Donruss","Base Brand Donruss","Signature Series Holo Black","Noah Gragson","K&N Pro Series West","Driver",37,1
"Racing",2017,"Donruss","Base Brand Donruss","Signature Series Holo Black","Reed Sorenson","Royal Teak | Premium Motorsports | Chevrolet","Car",38,1
"Racing",2017,"Donruss","Base Brand Donruss","Signature Series Holo Black","Ryan Reed","Lilly Diabetes | Roush Fenway Racing | Ford","Driver",40,1
"Racing",2017,"Donruss","Base Brand Donruss","Signature Series Holo Black","Todd Gilliland","K&N Pro Series West","Driver",42,1
"Racing",2017,"Donruss","Base Brand Donruss","Signature Series Holo Black","Tyler Reddick","Cooper Standard | Brad Keselowski Racing | Ford","Driver",45,1
"Racing",2017,"Donruss","Base Brand Donruss","Signature Series Holo Black","William Byron","Liberty University | Kyle Busch Motorsports | Toyota","Driver",46,1
"Racing",2017,"Donruss","Base Brand Donruss","Signature Series Holo Black","Robert Hight","John Force Racing | NHRA","Driver",47,1
"Racing",2017,"Donruss","Base Brand Donruss","Signature Series Holo Black","Courtney Force","John Force Racing | NHRA","Driver",48,1
"Racing",2017,"Donruss","Base Brand Donruss","Signature Series Holo Black","Brittany Force","John Force Racing | NHRA","Driver",49,1
"Racing",2017,"Donruss","Base Brand Donruss","Signature Series Holo Black","Ashley Force","John Force Racing | NHRA","Driver",50,1
"Racing",2017,"Donruss","Base Brand Donruss","Signature Series Holo Gold","Ahnna Parkhurst","Non-NASCAR Driver","Driver",1,25
"Racing",2017,"Donruss","Base Brand Donruss","Signature Series Holo Gold","Alex Bowman","AXALTA | Hendrick Motorsports | Chevrolet","Driver",2,25
"Racing",2017,"Donruss","Base Brand Donruss","Signature Series Holo Gold","Alon Day","NASCAR NEXT","Driver",3,25
"Racing",2017,"Donruss","Base Brand Donruss","Signature Series Holo Gold","Aric Almirola","Smithfield Foods | Richard Petty Motorsports | Ford","Driver",4,25
"Racing",2017,"Donruss","Base Brand Donruss","Signature Series Holo Gold","Brandon Jones","Menards | Richard Childress Racing | Chevrolet","Driver",6,25
"Racing",2017,"Donruss","Base Brand Donruss","Signature Series Holo Gold","Brendan Gaughan","South Point Hotel & Casino | Richard Childress Racing | Chevrolet","Driver",7,25
"Racing",2017,"Donruss","Base Brand Donruss","Signature Series Holo Gold","Bubba Wallace","Ford EcoBoost | Roush Fenway Racing | Ford","Driver",9,25
"Racing",2017,"Donruss","Base Brand Donruss","Signature Series Holo Gold","Cameron Hayley","Cabinets by Hayley/Carolina Nut | ThorSport Racing | Toyota","Driver",10,25
"Racing",2017,"Donruss","Base Brand Donruss","Signature Series Holo Gold","Chris Buescher","Dockside Logistics | Front Row Motorsports | Ford","Driver",11,25
"Racing",2017,"Donruss","Base Brand Donruss","Signature Series Holo Gold","Cole Custer","Haas Automation | JR Motorsports | Chevrolet","Driver",12,25
"Racing",2017,"Donruss","Base Brand Donruss","Signature Series Holo Gold","Cole Whitt","RTIC Coolers | Premium Motorsports | Chevrolet","Driver",13,25
"Racing",2017,"Donruss","Base Brand Donruss","Signature Series Holo Gold","Collin Cabre","K&N Pro Series East","Driver",14,25
"Racing",2017,"Donruss","Base Brand Donruss","Signature Series Holo Gold","Dakoda Armstrong","WinField | JGL Racing | Toyota","Driver",15,25
"Racing",2017,"Donruss","Base Brand Donruss","Signature Series Holo Gold","Daniel Hemric","Draw-Tite | Brad Keselowski Racing | Ford","Driver",16,25
"Racing",2017,"Donruss","Base Brand Donruss","Signature Series Holo Gold","Daniel Suarez","ARRIS | Joe Gibbs Racing | Toyota","Driver",17,25
"Racing",2017,"Donruss","Base Brand Donruss","Signature Series Holo Gold","David Ragan","Dr Pepper | BK Racing | Toyota","Driver",19,25
"Racing",2017,"Donruss","Base Brand Donruss","Signature Series Holo Gold","Elliott Sadler","OneMain Financial | JR Motorsports | Chevrolet","Driver",21,25
"Racing",2017,"Donruss","Base Brand Donruss","Signature Series Holo Gold","Garrett Smithley","Instalco | JD Motorsports | Chevrolet","Driver",22,25
"Racing",2017,"Donruss","Base Brand Donruss","Signature Series Holo Gold","Jeffrey Earnhardt","Can-Am | Go FAS Racing | Ford","Driver",25,25
"Racing",2017,"Donruss","Base Brand Donruss","Signature Series Holo Gold","John Hunter Nemechek","Fire Alarm Services | NEMCO Motorsports | Chevrolet","Driver",26,25
"Racing",2017,"Donruss","Base Brand Donruss","Signature Series Holo Gold","Julia Landauer","NASCAR NEXT","Driver",29,25
"Racing",2017,"Donruss","Base Brand Donruss","Signature Series Holo Gold","Justin Allgaier","Brandt | JR Motorsports | Chevrolet","Driver",30,25
"Racing",2017,"Donruss","Base Brand Donruss","Signature Series Holo Gold","Matt DiBenedetto","Cosmo Motors | BK Racing | Toyota","Driver",32,25
"Racing",2017,"Donruss","Base Brand Donruss","Signature Series Holo Gold","Matt Tifft","NASCAR NEXT","Driver",33,25
"Racing",2017,"Donruss","Base Brand Donruss","Signature Series Holo Gold","Michael Annett","Pilot Flying J | HScott Motorsports | Chevrolet","Driver",34,25
"Racing",2017,"Donruss","Base Brand Donruss","Signature Series Holo Gold","Michael McDowell","Thrivent Financial | Circle Sport-Leavine Family Racing | Chevrolet","Driver",35,25
"Racing",2017,"Donruss","Base Brand Donruss","Signature Series Holo Gold","Nicole Behar","NASCAR NEXT","Driver",36,25
"Racing",2017,"Donruss","Base Brand Donruss","Signature Series Holo Gold","Noah Gragson","K&N Pro Series West","Driver",37,25
"Racing",2017,"Donruss","Base Brand Donruss","Signature Series Holo Gold","Reed Sorenson","Royal Teak | Premium Motorsports | Chevrolet","Car",38,25
"Racing",2017,"Donruss","Base Brand Donruss","Signature Series Holo Gold","Ryan Reed","Lilly Diabetes | Roush Fenway Racing | Ford","Driver",40,25
"Racing",2017,"Donruss","Base Brand Donruss","Signature Series Holo Gold","Todd Gilliland","K&N Pro Series West","Driver",42,25
"Racing",2017,"Donruss","Base Brand Donruss","Signature Series Holo Gold","William Byron","Liberty University | Kyle Busch Motorsports | Toyota","Driver",46,25
"Racing",2017,"Donruss","Base Brand Donruss","Signature Series Holo Gold","Robert Hight","John Force Racing | NHRA","Driver",47,25
"Racing",2017,"Donruss","Base Brand Donruss","Signature Series Holo Gold","Courtney Force","John Force Racing | NHRA","Driver",48,25
"Racing",2017,"Donruss","Base Brand Donruss","Signature Series Holo Gold","Brittany Force","John Force Racing | NHRA","Driver",49,25
"Racing",2017,"Donruss","Base Brand Donruss","Signature Series Holo Gold","Ashley Force","John Force Racing | NHRA","Driver",50,25
"Racing",2017,"Donruss","Base Brand Donruss","Significant Signatures","Bobby Allison","Miller High Life | DiGard | Buick","Driver",1,
"Racing",2017,"Donruss","Base Brand Donruss","Significant Signatures","Bobby Labonte","C&J Energy Services | Go FAS Racing | Ford","Driver",2,
"Racing",2017,"Donruss","Base Brand Donruss","Significant Signatures","Brad Keselowski","Miller Lite | Team Penske | Ford","Driver",3,
"Racing",2017,"Donruss","Base Brand Donruss","Significant Signatures","Dale Earnhardt Jr","Nationwide | Hendrick Motorsports | Chevrolet","Driver",4,
"Racing",2017,"Donruss","Base Brand Donruss","Significant Signatures","Glen Wood","Wood Brothers Racing","Driver",5,
"Racing",2017,"Donruss","Base Brand Donruss","Significant Signatures","Jack Roush","Roush Fenway Racing","Team Owner",6,
"Racing",2017,"Donruss","Base Brand Donruss","Significant Signatures","Kevin Harvick","Jimmy John's | Stewart-Haas Racing | Chevrolet","Driver",8,
"Racing",2017,"Donruss","Base Brand Donruss","Significant Signatures","Kurt Busch","Haas Automation | Stewart-Haas Racing | Chevrolet","Driver",9,
"Racing",2017,"Donruss","Base Brand Donruss","Significant Signatures","Kyle Busch","M&M's | Joe Gibbs Racing | Toyota","Driver",10,
"Racing",2017,"Donruss","Base Brand Donruss","Significant Signatures","Matt Kenseth","DeWalt | Joe Gibbs Racing | Toyota","Driver",11,
"Racing",2017,"Donruss","Base Brand Donruss","Significant Signatures","Don Garlits","Non-NASCAR Driver","Driver",13,
"Racing",2017,"Donruss","Base Brand Donruss","Significant Signatures","Mario Andretti","Holman-Moody | Ford","Driver",14,
"Racing",2017,"Donruss","Base Brand Donruss","Significant Signatures Holo Black","Bobby Allison","Miller High Life | DiGard | Buick","Driver",1,1
"Racing",2017,"Donruss","Base Brand Donruss","Significant Signatures Holo Black","Bobby Labonte","C&J Energy Services | Go FAS Racing | Ford","Driver",2,1
"Racing",2017,"Donruss","Base Brand Donruss","Significant Signatures Holo Black","Brad Keselowski","Miller Lite | Team Penske | Ford","Driver",3,1
"Racing",2017,"Donruss","Base Brand Donruss","Significant Signatures Holo Black","Dale Earnhardt Jr","Nationwide | Hendrick Motorsports | Chevrolet","Driver",4,1
"Racing",2017,"Donruss","Base Brand Donruss","Significant Signatures Holo Black","Glen Wood","Wood Brothers Racing","Driver",5,1
"Racing",2017,"Donruss","Base Brand Donruss","Significant Signatures Holo Black","Jack Roush","Roush Fenway Racing","Team Owner",6,1
"Racing",2017,"Donruss","Base Brand Donruss","Significant Signatures Holo Black","Jimmie Johnson","Lowe's | Hendrick Motorsports | Chevrolet","Driver",7,1
"Racing",2017,"Donruss","Base Brand Donruss","Significant Signatures Holo Black","Kevin Harvick","Jimmy John's | Stewart-Haas Racing | Chevrolet","Driver",8,1
"Racing",2017,"Donruss","Base Brand Donruss","Significant Signatures Holo Black","Kurt Busch","Haas Automation | Stewart-Haas Racing | Chevrolet","Driver",9,1
"Racing",2017,"Donruss","Base Brand Donruss","Significant Signatures Holo Black","Kyle Busch","M&M's | Joe Gibbs Racing | Toyota","Driver",10,1
"Racing",2017,"Donruss","Base Brand Donruss","Significant Signatures Holo Black","Matt Kenseth","DeWalt | Joe Gibbs Racing | Toyota","Driver",11,1
"Racing",2017,"Donruss","Base Brand Donruss","Significant Signatures Holo Black","Richard Childress","Richard Childress Racing","Team Owner",12,1
"Racing",2017,"Donruss","Base Brand Donruss","Significant Signatures Holo Black","Don Garlits","Non-NASCAR Driver","Driver",13,1
"Racing",2017,"Donruss","Base Brand Donruss","Significant Signatures Holo Black","Mario Andretti","Holman-Moody | Ford","Driver",14,1
"Racing",2017,"Donruss","Base Brand Donruss","Significant Signatures Holo Gold","Bobby Allison","Miller High Life | DiGard | Buick","Driver",1,25
"Racing",2017,"Donruss","Base Brand Donruss","Significant Signatures Holo Gold","Bobby Labonte","C&J Energy Services | Go FAS Racing | Ford","Driver",2,25
"Racing",2017,"Donruss","Base Brand Donruss","Significant Signatures Holo Gold","Brad Keselowski","Miller Lite | Team Penske | Ford","Driver",3,25
"Racing",2017,"Donruss","Base Brand Donruss","Significant Signatures Holo Gold","Dale Earnhardt Jr","Nationwide | Hendrick Motorsports | Chevrolet","Driver",4,25
"Racing",2017,"Donruss","Base Brand Donruss","Significant Signatures Holo Gold","Glen Wood","Wood Brothers Racing","Driver",5,25
"Racing",2017,"Donruss","Base Brand Donruss","Significant Signatures Holo Gold","Jack Roush","Roush Fenway Racing","Team Owner",6,25
"Racing",2017,"Donruss","Base Brand Donruss","Significant Signatures Holo Gold","Kevin Harvick","Jimmy John's | Stewart-Haas Racing | Chevrolet","Driver",8,25
"Racing",2017,"Donruss","Base Brand Donruss","Significant Signatures Holo Gold","Kurt Busch","Haas Automation | Stewart-Haas Racing | Chevrolet","Driver",9,25
"Racing",2017,"Donruss","Base Brand Donruss","Significant Signatures Holo Gold","Kyle Busch","M&M's | Joe Gibbs Racing | Toyota","Driver",10,25
"Racing",2017,"Donruss","Base Brand Donruss","Significant Signatures Holo Gold","Matt Kenseth","DeWalt | Joe Gibbs Racing | Toyota","Driver",11,25
"Racing",2017,"Donruss","Base Brand Donruss","Significant Signatures Holo Gold","Richard Childress","Richard Childress Racing","Team Owner",12,10
"Racing",2017,"Donruss","Base Brand Donruss","Significant Signatures Holo Gold","Don Garlits","Non-NASCAR Driver","Driver",13,25
"Racing",2017,"Donruss","Base Brand Donruss","Significant Signatures Holo Gold","Mario Andretti","Holman-Moody | Ford","Driver",14,25
"Racing",2017,"Donruss","Base Brand Donruss","Speed","Jimmie Johnson","Lowe's | Hendrick Motorsports | Chevrolet","Driver",1,
"Racing",2017,"Donruss","Base Brand Donruss","Speed","Dale Earnhardt Jr","Nationwide | Hendrick Motorsports | Chevrolet","Driver",2,
"Racing",2017,"Donruss","Base Brand Donruss","Speed","Kevin Harvick","Jimmy John's | Stewart-Haas Racing | Chevrolet","Driver",3,
"Racing",2017,"Donruss","Base Brand Donruss","Speed","Martin Truex Jr.","Bass Pro Shops-TRACKER Boats | Furniture Row Racing | Toyota","Driver",4,
"Racing",2017,"Donruss","Base Brand Donruss","Speed","Kyle Busch","M&M's | Joe Gibbs Racing | Toyota","Driver",5,
"Racing",2017,"Donruss","Base Brand Donruss","Speed","Ryan Newman","Caterpillar | Richard Childress Racing | Chevrolet","Driver",6,
"Racing",2017,"Donruss","Base Brand Donruss","Speed","Denny Hamlin","FedEx Express | Joe Gibbs Racing | Toyota","Driver",7,
"Racing",2017,"Donruss","Base Brand Donruss","Speed","Danica Patrick","Nature's Bakery | Stewart-Haas Racing | Chevrolet","Driver",8,
"Racing",2017,"Donruss","Base Brand Donruss","Speed","Trevor Bayne","AdvoCare | Roush Fenway Racing | Ford","Driver",9,
"Racing",2017,"Donruss","Base Brand Donruss","Speed","Carl Edwards","ARRIS | Joe Gibbs Racing | Toyota","Driver",10,
"Racing",2017,"Donruss","Base Brand Donruss","Speed Cracked Ice","Jimmie Johnson","Lowe's | Hendrick Motorsports | Chevrolet","Driver",1,999
"Racing",2017,"Donruss","Base Brand Donruss","Speed Cracked Ice","Dale Earnhardt Jr","Nationwide | Hendrick Motorsports | Chevrolet","Driver",2,999
"Racing",2017,"Donruss","Base Brand Donruss","Speed Cracked Ice","Kevin Harvick","Jimmy John's | Stewart-Haas Racing | Chevrolet","Driver",3,999
"Racing",2017,"Donruss","Base Brand Donruss","Speed Cracked Ice","Martin Truex Jr.","Bass Pro Shops-TRACKER Boats | Furniture Row Racing | Toyota","Driver",4,999
"Racing",2017,"Donruss","Base Brand Donruss","Speed Cracked Ice","Kyle Busch","M&M's | Joe Gibbs Racing | Toyota","Driver",5,999
"Racing",2017,"Donruss","Base Brand Donruss","Speed Cracked Ice","Ryan Newman","Caterpillar | Richard Childress Racing | Chevrolet","Driver",6,999
"Racing",2017,"Donruss","Base Brand Donruss","Speed Cracked Ice","Denny Hamlin","FedEx Express | Joe Gibbs Racing | Toyota","Driver",7,999
"Racing",2017,"Donruss","Base Brand Donruss","Speed Cracked Ice","Danica Patrick","Nature's Bakery | Stewart-Haas Racing | Chevrolet","Driver",8,999
"Racing",2017,"Donruss","Base Brand Donruss","Speed Cracked Ice","Trevor Bayne","AdvoCare | Roush Fenway Racing | Ford","Driver",9,999
"Racing",2017,"Donruss","Base Brand Donruss","Speed Cracked Ice","Carl Edwards","ARRIS | Joe Gibbs Racing | Toyota","Driver",10,999
"Racing",2017,"Donruss","Base Brand Donruss","Studio Signatures","Casey Mears","GEICO | Germain Racing | Chevrolet","Driver",3,
"Racing",2017,"Donruss","Base Brand Donruss","Studio Signatures","Chase Elliott","NAPA Auto Parts | Hendrick Motorsports | Chevrolet","Driver",4,
"Racing",2017,"Donruss","Base Brand Donruss","Studio Signatures","Dale Earnhardt Jr","Nationwide | Hendrick Motorsports | Chevrolet","Driver",5,
"Racing",2017,"Donruss","Base Brand Donruss","Studio Signatures","Danica Patrick","Nature's Bakery | Stewart-Haas Racing | Chevrolet","Driver",6,
"Racing",2017,"Donruss","Base Brand Donruss","Studio Signatures","Kyle Larson","Target | Chip Ganassi Racing | Chevrolet","Driver",9,
"Racing",2017,"Donruss","Base Brand Donruss","Studio Signatures","Paul Menard","Menards | Richard Childress Racing | Chevrolet","Driver",10,
"Racing",2017,"Donruss","Base Brand Donruss","Studio Signatures","Ricky Stenhouse Jr","Fifth Third Bank | Roush Fenway Racing | Ford","Driver",11,
"Racing",2017,"Donruss","Base Brand Donruss","Studio Signatures","Ryan Blaney","Motorcraft | Wood Brothers Racing | Ford","Driver",12,
"Racing",2017,"Donruss","Base Brand Donruss","Studio Signatures","Ryan Newman","Caterpillar | Richard Childress Racing | Chevrolet","Driver",13,
"Racing",2017,"Donruss","Base Brand Donruss","Studio Signatures","Ty Dillon","Bass Pro Shops-TRACKER Boats | Richard Childress Racing | Chevrolet","Driver",15,
"Racing",2017,"Donruss","Base Brand Donruss","Studio Signatures Holo Black","Casey Mears","GEICO | Germain Racing | Chevrolet","Driver",3,1
"Racing",2017,"Donruss","Base Brand Donruss","Studio Signatures Holo Black","Chase Elliott","NAPA Auto Parts | Hendrick Motorsports | Chevrolet","Driver",4,1
"Racing",2017,"Donruss","Base Brand Donruss","Studio Signatures Holo Black","Dale Earnhardt Jr","Nationwide | Hendrick Motorsports | Chevrolet","Driver",5,1
"Racing",2017,"Donruss","Base Brand Donruss","Studio Signatures Holo Black","Danica Patrick","Nature's Bakery | Stewart-Haas Racing | Chevrolet","Driver",6,1
"Racing",2017,"Donruss","Base Brand Donruss","Studio Signatures Holo Black","Greg Biffle","Kleen Performance Products | Roush Fenway Racing | Ford","Driver",8,1
"Racing",2017,"Donruss","Base Brand Donruss","Studio Signatures Holo Black","Kyle Larson","Target | Chip Ganassi Racing | Chevrolet","Driver",9,1
"Racing",2017,"Donruss","Base Brand Donruss","Studio Signatures Holo Black","Paul Menard","Menards | Richard Childress Racing | Chevrolet","Driver",10,1
"Racing",2017,"Donruss","Base Brand Donruss","Studio Signatures Holo Black","Ricky Stenhouse Jr","Fifth Third Bank | Roush Fenway Racing | Ford","Driver",11,1
"Racing",2017,"Donruss","Base Brand Donruss","Studio Signatures Holo Black","Ryan Blaney","Motorcraft | Wood Brothers Racing | Ford","Driver",12,1
"Racing",2017,"Donruss","Base Brand Donruss","Studio Signatures Holo Black","Ryan Newman","Caterpillar | Richard Childress Racing | Chevrolet","Driver",13,1
"Racing",2017,"Donruss","Base Brand Donruss","Studio Signatures Holo Black","Trevor Bayne","AdvoCare | Roush Fenway Racing | Ford","Driver",14,1
"Racing",2017,"Donruss","Base Brand Donruss","Studio Signatures Holo Black","Ty Dillon","Bass Pro Shops-TRACKER Boats | Richard Childress Racing | Chevrolet","Driver",15,1
"Racing",2017,"Donruss","Base Brand Donruss","Studio Signatures Holo Gold","Casey Mears","GEICO | Germain Racing | Chevrolet","Driver",3,25
"Racing",2017,"Donruss","Base Brand Donruss","Studio Signatures Holo Gold","Chase Elliott","NAPA Auto Parts | Hendrick Motorsports | Chevrolet","Driver",4,25
"Racing",2017,"Donruss","Base Brand Donruss","Studio Signatures Holo Gold","Dale Earnhardt Jr","Nationwide | Hendrick Motorsports | Chevrolet","Driver",5,25
"Racing",2017,"Donruss","Base Brand Donruss","Studio Signatures Holo Gold","Danica Patrick","Nature's Bakery | Stewart-Haas Racing | Chevrolet","Driver",6,25
"Racing",2017,"Donruss","Base Brand Donruss","Studio Signatures Holo Gold","Kyle Larson","Target | Chip Ganassi Racing | Chevrolet","Driver",9,25
"Racing",2017,"Donruss","Base Brand Donruss","Studio Signatures Holo Gold","Paul Menard","Menards | Richard Childress Racing | Chevrolet","Driver",10,25
"Racing",2017,"Donruss","Base Brand Donruss","Studio Signatures Holo Gold","Ricky Stenhouse Jr","Fifth Third Bank | Roush Fenway Racing | Ford","Driver",11,25
"Racing",2017,"Donruss","Base Brand Donruss","Studio Signatures Holo Gold","Ryan Blaney","Motorcraft | Wood Brothers Racing | Ford","Driver",12,25
"Racing",2017,"Donruss","Base Brand Donruss","Studio Signatures Holo Gold","Ryan Newman","Caterpillar | Richard Childress Racing | Chevrolet","Driver",13,25
"Racing",2017,"Donruss","Base Brand Donruss","Studio Signatures Holo Gold","Ty Dillon","Bass Pro Shops-TRACKER Boats | Richard Childress Racing | Chevrolet","Driver",15,25
"Racing",2017,"Donruss","Base Brand Donruss","Top Tier","Martin Truex Jr.","Bass Pro Shops-TRACKER Boats | Furniture Row Racing | Toyota","Driver",1,
"Racing",2017,"Donruss","Base Brand Donruss","Top Tier","Chase Elliott","NAPA Auto Parts | Hendrick Motorsports | Chevrolet","Driver",2,
"Racing",2017,"Donruss","Base Brand Donruss","Top Tier","Brad Keselowski","Miller Lite | Team Penske | Ford","Driver",3,
"Racing",2017,"Donruss","Base Brand Donruss","Top Tier","Kevin Harvick","Jimmy John's | Stewart-Haas Racing | Chevrolet","Driver",4,
"Racing",2017,"Donruss","Base Brand Donruss","Top Tier","Danica Patrick","Nature's Bakery | Stewart-Haas Racing | Chevrolet","Driver",5,
"Racing",2017,"Donruss","Base Brand Donruss","Top Tier","Jimmie Johnson","Lowe's | Hendrick Motorsports | Chevrolet","Driver",6,
"Racing",2017,"Donruss","Base Brand Donruss","Top Tier","Dale Earnhardt Jr","Nationwide | Hendrick Motorsports | Chevrolet","Driver",7,
"Racing",2017,"Donruss","Base Brand Donruss","Top Tier","Clint Bowyer","5-Hour Energy | HScott Motorsports | Chevrolet","Driver",8,
"Racing",2017,"Donruss","Base Brand Donruss","Top Tier","Denny Hamlin","FedEx Express | Joe Gibbs Racing | Toyota","Driver",9,
"Racing",2017,"Donruss","Base Brand Donruss","Top Tier","Carl Edwards","ARRIS | Joe Gibbs Racing | Toyota","Driver",10,
"Racing",2017,"Donruss","Base Brand Donruss","Top Tier","Austin Dillon","Dow Chemical | Richard Childress Racing | Chevrolet","Driver",11,
"Racing",2017,"Donruss","Base Brand Donruss","Top Tier","Kurt Busch","Haas Automation | Stewart-Haas Racing | Chevrolet","Driver",12,
"Racing",2017,"Donruss","Base Brand Donruss","Top Tier Cracked Ice","Martin Truex Jr.","Bass Pro Shops-TRACKER Boats | Furniture Row Racing | Toyota","Driver",1,999
"Racing",2017,"Donruss","Base Brand Donruss","Top Tier Cracked Ice","Chase Elliott","NAPA Auto Parts | Hendrick Motorsports | Chevrolet","Driver",2,999
"Racing",2017,"Donruss","Base Brand Donruss","Top Tier Cracked Ice","Brad Keselowski","Miller Lite | Team Penske | Ford","Driver",3,999
"Racing",2017,"Donruss","Base Brand Donruss","Top Tier Cracked Ice","Kevin Harvick","Jimmy John's | Stewart-Haas Racing | Chevrolet","Driver",4,999
"Racing",2017,"Donruss","Base Brand Donruss","Top Tier Cracked Ice","Danica Patrick","Nature's Bakery | Stewart-Haas Racing | Chevrolet","Driver",5,999
"Racing",2017,"Donruss","Base Brand Donruss","Top Tier Cracked Ice","Jimmie Johnson","Lowe's | Hendrick Motorsports | Chevrolet","Driver",6,999
"Racing",2017,"Donruss","Base Brand Donruss","Top Tier Cracked Ice","Dale Earnhardt Jr","Nationwide | Hendrick Motorsports | Chevrolet","Driver",7,999
"Racing",2017,"Donruss","Base Brand Donruss","Top Tier Cracked Ice","Clint Bowyer","5-Hour Energy | HScott Motorsports | Chevrolet","Driver",8,999
"Racing",2017,"Donruss","Base Brand Donruss","Top Tier Cracked Ice","Denny Hamlin","FedEx Express | Joe Gibbs Racing | Toyota","Driver",9,999
"Racing",2017,"Donruss","Base Brand Donruss","Top Tier Cracked Ice","Carl Edwards","ARRIS | Joe Gibbs Racing | Toyota","Driver",10,999
"Racing",2017,"Donruss","Base Brand Donruss","Top Tier Cracked Ice","Austin Dillon","Dow Chemical | Richard Childress Racing | Chevrolet","Driver",11,999
"Racing",2017,"Donruss","Base Brand Donruss","Top Tier Cracked Ice","Kurt Busch","Haas Automation | Stewart-Haas Racing | Chevrolet","Driver",12,999
"Racing",2017,"Donruss","Base Brand Donruss","Track Masters","Denny Hamlin","FedEx Express | Joe Gibbs Racing | Toyota","Driver",1,
"Racing",2017,"Donruss","Base Brand Donruss","Track Masters","Carl Edwards","ARRIS | Joe Gibbs Racing | Toyota","Driver",2,
"Racing",2017,"Donruss","Base Brand Donruss","Track Masters","Dale Earnhardt Jr","Nationwide | Hendrick Motorsports | Chevrolet","Driver",3,
"Racing",2017,"Donruss","Base Brand Donruss","Track Masters","Kevin Harvick","Jimmy John's | Stewart-Haas Racing | Chevrolet","Driver",4,
"Racing",2017,"Donruss","Base Brand Donruss","Track Masters","Matt Kenseth","DeWalt | Joe Gibbs Racing | Toyota","Driver",5,
"Racing",2017,"Donruss","Base Brand Donruss","Track Masters","Martin Truex Jr.","Bass Pro Shops-TRACKER Boats | Furniture Row Racing | Toyota","Driver",6,
"Racing",2017,"Donruss","Base Brand Donruss","Track Masters","Joey Logano","Shell-Pennzoil | Team Penske | Ford","Driver",7,
"Racing",2017,"Donruss","Base Brand Donruss","Track Masters","Brad Keselowski","Miller Lite | Team Penske | Ford","Driver",8,
"Racing",2017,"Donruss","Base Brand Donruss","Track Masters","Jimmie Johnson","Lowe's | Hendrick Motorsports | Chevrolet","Driver",9,
"Racing",2017,"Donruss","Base Brand Donruss","Track Masters","Kurt Busch","Haas Automation | Stewart-Haas Racing | Chevrolet","Driver",10,
"Racing",2017,"Donruss","Base Brand Donruss","Track Masters Cracked Ice","Denny Hamlin","FedEx Express | Joe Gibbs Racing | Toyota","Driver",1,999
"Racing",2017,"Donruss","Base Brand Donruss","Track Masters Cracked Ice","Carl Edwards","ARRIS | Joe Gibbs Racing | Toyota","Driver",2,999
"Racing",2017,"Donruss","Base Brand Donruss","Track Masters Cracked Ice","Dale Earnhardt Jr","Nationwide | Hendrick Motorsports | Chevrolet","Driver",3,999
"Racing",2017,"Donruss","Base Brand Donruss","Track Masters Cracked Ice","Kevin Harvick","Jimmy John's | Stewart-Haas Racing | Chevrolet","Driver",4,999
"Racing",2017,"Donruss","Base Brand Donruss","Track Masters Cracked Ice","Matt Kenseth","DeWalt | Joe Gibbs Racing | Toyota","Driver",5,999
"Racing",2017,"Donruss","Base Brand Donruss","Track Masters Cracked Ice","Martin Truex Jr.","Bass Pro Shops-TRACKER Boats | Furniture Row Racing | Toyota","Driver",6,999
"Racing",2017,"Donruss","Base Brand Donruss","Track Masters Cracked Ice","Joey Logano","Shell-Pennzoil | Team Penske | Ford","Driver",7,999
"Racing",2017,"Donruss","Base Brand Donruss","Track Masters Cracked Ice","Brad Keselowski","Miller Lite | Team Penske | Ford","Driver",8,999
"Racing",2017,"Donruss","Base Brand Donruss","Track Masters Cracked Ice","Jimmie Johnson","Lowe's | Hendrick Motorsports | Chevrolet","Driver",9,999
"Racing",2017,"Donruss","Base Brand Donruss","Track Masters Cracked Ice","Kurt Busch","Haas Automation | Stewart-Haas Racing | Chevrolet","Driver",10,999
"Racing",2017,"Donruss","Base Brand Donruss","Variations","Dale Earnhardt Jr","Mountain Dew | Hendrick Motorsports | Chevrolet","Driver",37,
"Racing",2017,"Donruss","Base Brand Donruss","Variations","Matt Kenseth","DeWalt | Joe Gibbs Racing | Toyota","Driver",38,
"Racing",2017,"Donruss","Base Brand Donruss","Variations","Kevin Harvick","Outback Steakhouse | Stewart-Haas Racing | Chevrolet","Driver",40,
"Racing",2017,"Donruss","Base Brand Donruss","Variations","Kyle Busch","Skittles Captain America | Joe Gibbs Racing | Toyota","Driver",44,
"Racing",2017,"Donruss","Base Brand Donruss","Variations","Carl Edwards","ARRIS | Joe Gibbs Racing | Toyota","Driver",45,
"Racing",2017,"Donruss","Base Brand Donruss","Variations","Jimmie Johnson/Jimmie Johnson","Lowe's | Hendrick Motorsports | Chevrolet/Kobalt Tools | Hendrick Motorsports | Chevrolet","Driver/Driver",47,
"Racing",2017,"Donruss","Base Brand Donruss","Variations","Kurt Busch","Haas Automation | Stewart-Haas Racing | Chevrolet","Driver",48,
"Racing",2017,"Donruss","Base Brand Donruss","Variations","Jamie McMurray","McDonald's | Chip Ganassi Racing | Chevrolet","Driver",50,
"Racing",2017,"Donruss","Base Brand Donruss","Variations","Greg Biffle","Kleen Performance Products | Roush Fenway Racing | Ford","Driver",57,
"Racing",2017,"Donruss","Base Brand Donruss","Variations","Ryan Newman","Caterpillar | Richard Childress Racing | Chevrolet","Driver",60,
"Racing",2017,"Donruss","Base Brand Donruss","Variations","Terry Labonte","Kellogg's Corn Flakes | Hendrick Motorsports | Chevrolet","Driver",182,
"Racing",2017,"Donruss","Base Brand Donruss","Variations","Richard Petty","STP | Petty Enterprises | Plymouth","Driver",183,
"Racing",2017,"Donruss","Base Brand Donruss","Variations","Bill Elliott","Coors | Harry Melling | Ford","Driver",184,
"Racing",2017,"Donruss","Base Brand Donruss","Variations","Ned Jarrett","B.G. Holloway | Ned Jarrett | Chevrolet","Driver",185,
"Racing",2017,"Donruss","Base Brand Donruss","Variations","Jeff Burton","Exide Batteries | Roush Racing | Ford","Driver",186,
"Racing",2017,"Donruss","Base Brand Donruss","Variations","Harry Gant","Skoal | Hal Needham | Chevrolet","Driver",187,
"Racing",2017,"Donruss","Base Brand Donruss","Variations","Tony Stewart","Mobil 1 | Stewart-Haas Racing | Chevrolet","Driver",188,
"Racing",2017,"Donruss","Base Brand Donruss","Variations","Daniel Suarez","ARRIS | Joe Gibbs Racing | Toyota","Driver",189,
"Racing",2017,"Donruss","Base Brand Donruss","Variations Artist Proof","Dale Earnhardt Jr","Mountain Dew | Hendrick Motorsports | Chevrolet","Driver",37,25
"Racing",2017,"Donruss","Base Brand Donruss","Variations Artist Proof","Matt Kenseth","DeWalt | Joe Gibbs Racing | Toyota","Driver",38,25
"Racing",2017,"Donruss","Base Brand Donruss","Variations Artist Proof","Kevin Harvick","Outback Steakhouse | Stewart-Haas Racing | Chevrolet","Driver",40,25
"Racing",2017,"Donruss","Base Brand Donruss","Variations Artist Proof","Kyle Busch","Skittles Captain America | Joe Gibbs Racing | Toyota","Driver",44,25
"Racing",2017,"Donruss","Base Brand Donruss","Variations Artist Proof","Carl Edwards","ARRIS | Joe Gibbs Racing | Toyota","Driver",45,25
"Racing",2017,"Donruss","Base Brand Donruss","Variations Artist Proof","Jimmie Johnson/Jimmie Johnson","Lowe's | Hendrick Motorsports | Chevrolet/Kobalt Tools | Hendrick Motorsports | Chevrolet","Driver/Driver",47,25
"Racing",2017,"Donruss","Base Brand Donruss","Variations Artist Proof","Kurt Busch","Haas Automation | Stewart-Haas Racing | Chevrolet","Driver",48,25
"Racing",2017,"Donruss","Base Brand Donruss","Variations Artist Proof","Jamie McMurray","McDonald's | Chip Ganassi Racing | Chevrolet","Driver",50,25
"Racing",2017,"Donruss","Base Brand Donruss","Variations Artist Proof","Greg Biffle","Kleen Performance Products | Roush Fenway Racing | Ford","Driver",57,25
"Racing",2017,"Donruss","Base Brand Donruss","Variations Artist Proof","Ryan Newman","Caterpillar | Richard Childress Racing | Chevrolet","Driver",60,25
"Racing",2017,"Donruss","Base Brand Donruss","Variations Artist Proof","Terry Labonte","Kellogg's Corn Flakes | Hendrick Motorsports | Chevrolet","Driver",182,25
"Racing",2017,"Donruss","Base Brand Donruss","Variations Artist Proof","Richard Petty","STP | Petty Enterprises | Plymouth","Driver",183,25
"Racing",2017,"Donruss","Base Brand Donruss","Variations Artist Proof","Bill Elliott","Coors | Harry Melling | Ford","Driver",184,25
"Racing",2017,"Donruss","Base Brand Donruss","Variations Artist Proof","Ned Jarrett","B.G. Holloway | Ned Jarrett | Chevrolet","Driver",185,25
"Racing",2017,"Donruss","Base Brand Donruss","Variations Artist Proof","Jeff Burton","Exide Batteries | Roush Racing | Ford","Driver",186,25
"Racing",2017,"Donruss","Base Brand Donruss","Variations Artist Proof","Harry Gant","Skoal | Hal Needham | Chevrolet","Driver",187,25
"Racing",2017,"Donruss","Base Brand Donruss","Variations Artist Proof","Tony Stewart","Mobil 1 | Stewart-Haas Racing | Chevrolet","Driver",188,25
"Racing",2017,"Donruss","Base Brand Donruss","Variations Artist Proof","Daniel Suarez","ARRIS | Joe Gibbs Racing | Toyota","Driver",189,25
"Racing",2017,"Donruss","Base Brand Donruss","Variations Blue Foil","Dale Earnhardt Jr","Mountain Dew | Hendrick Motorsports | Chevrolet","Driver",37,299
"Racing",2017,"Donruss","Base Brand Donruss","Variations Blue Foil","Matt Kenseth","DeWalt | Joe Gibbs Racing | Toyota","Driver",38,299
"Racing",2017,"Donruss","Base Brand Donruss","Variations Blue Foil","Kevin Harvick","Outback Steakhouse | Stewart-Haas Racing | Chevrolet","Driver",40,299
"Racing",2017,"Donruss","Base Brand Donruss","Variations Blue Foil","Kyle Busch","Skittles Captain America | Joe Gibbs Racing | Toyota","Driver",44,299
"Racing",2017,"Donruss","Base Brand Donruss","Variations Blue Foil","Carl Edwards","ARRIS | Joe Gibbs Racing | Toyota","Driver",45,299
"Racing",2017,"Donruss","Base Brand Donruss","Variations Blue Foil","Jimmie Johnson/Jimmie Johnson","Kobalt Tools | Hendrick Motorsports | Chevrolet/Lowe's | Hendrick Motorsports | Chevrolet","Driver/Driver",47,299
"Racing",2017,"Donruss","Base Brand Donruss","Variations Blue Foil","Kurt Busch","Haas Automation | Stewart-Haas Racing | Chevrolet","Driver",48,299
"Racing",2017,"Donruss","Base Brand Donruss","Variations Blue Foil","Jamie McMurray","McDonald's | Chip Ganassi Racing | Chevrolet","Driver",50,299
"Racing",2017,"Donruss","Base Brand Donruss","Variations Blue Foil","Greg Biffle","Kleen Performance Products | Roush Fenway Racing | Ford","Driver",57,299
"Racing",2017,"Donruss","Base Brand Donruss","Variations Blue Foil","Ryan Newman","Caterpillar | Richard Childress Racing | Chevrolet","Driver",60,299
"Racing",2017,"Donruss","Base Brand Donruss","Variations Blue Foil","Terry Labonte","Kellogg's Corn Flakes | Hendrick Motorsports | Chevrolet","Driver",182,299
"Racing",2017,"Donruss","Base Brand Donruss","Variations Blue Foil","Richard Petty","STP | Petty Enterprises | Plymouth","Driver",183,299
"Racing",2017,"Donruss","Base Brand Donruss","Variations Blue Foil","Bill Elliott","Coors | Harry Melling | Ford","Driver",184,299
"Racing",2017,"Donruss","Base Brand Donruss","Variations Blue Foil","Ned Jarrett","B.G. Holloway | Ned Jarrett | Chevrolet","Driver",185,299
"Racing",2017,"Donruss","Base Brand Donruss","Variations Blue Foil","Jeff Burton","Exide Batteries | Roush Racing | Ford","Driver",186,299
"Racing",2017,"Donruss","Base Brand Donruss","Variations Blue Foil","Harry Gant","Skoal | Hal Needham | Chevrolet","Driver",187,299
"Racing",2017,"Donruss","Base Brand Donruss","Variations Blue Foil","Tony Stewart","Mobil 1 | Stewart-Haas Racing | Chevrolet","Driver",188,299
"Racing",2017,"Donruss","Base Brand Donruss","Variations Blue Foil","Daniel Suarez","ARRIS | Joe Gibbs Racing | Toyota","Driver",189,299
"Racing",2017,"Donruss","Base Brand Donruss","Variations Gold Foil","Dale Earnhardt Jr","Mountain Dew | Hendrick Motorsports | Chevrolet","Driver",37,499
"Racing",2017,"Donruss","Base Brand Donruss","Variations Gold Foil","Matt Kenseth","DeWalt | Joe Gibbs Racing | Toyota","Driver",38,499
"Racing",2017,"Donruss","Base Brand Donruss","Variations Gold Foil","Kevin Harvick","Outback Steakhouse | Stewart-Haas Racing | Chevrolet","Driver",40,499
"Racing",2017,"Donruss","Base Brand Donruss","Variations Gold Foil","Kyle Busch","Skittles Captain America | Joe Gibbs Racing | Toyota","Driver",44,499
"Racing",2017,"Donruss","Base Brand Donruss","Variations Gold Foil","Carl Edwards","ARRIS | Joe Gibbs Racing | Toyota","Driver",45,499
"Racing",2017,"Donruss","Base Brand Donruss","Variations Gold Foil","Jimmie Johnson/Jimmie Johnson","Lowe's | Hendrick Motorsports | Chevrolet/Kobalt Tools | Hendrick Motorsports | Chevrolet","Driver/Driver",47,499
"Racing",2017,"Donruss","Base Brand Donruss","Variations Gold Foil","Kurt Busch","Haas Automation | Stewart-Haas Racing | Chevrolet","Driver",48,499
"Racing",2017,"Donruss","Base Brand Donruss","Variations Gold Foil","Jamie McMurray","McDonald's | Chip Ganassi Racing | Chevrolet","Driver",50,499
"Racing",2017,"Donruss","Base Brand Donruss","Variations Gold Foil","Greg Biffle","Kleen Performance Products | Roush Fenway Racing | Ford","Driver",57,499
"Racing",2017,"Donruss","Base Brand Donruss","Variations Gold Foil","Ryan Newman","Caterpillar | Richard Childress Racing | Chevrolet","Driver",60,499
"Racing",2017,"Donruss","Base Brand Donruss","Variations Gold Foil","Terry Labonte","Kellogg's Corn Flakes | Hendrick Motorsports | Chevrolet","Driver",182,499
"Racing",2017,"Donruss","Base Brand Donruss","Variations Gold Foil","Richard Petty","STP | Petty Enterprises | Plymouth","Driver",183,499
"Racing",2017,"Donruss","Base Brand Donruss","Variations Gold Foil","Bill Elliott","Coors | Harry Melling | Ford","Driver",184,499
"Racing",2017,"Donruss","Base Brand Donruss","Variations Gold Foil","Ned Jarrett","B.G. Holloway | Ned Jarrett | Chevrolet","Driver",185,499
"Racing",2017,"Donruss","Base Brand Donruss","Variations Gold Foil","Jeff Burton","Exide Batteries | Roush Racing | Ford","Driver",186,499
"Racing",2017,"Donruss","Base Brand Donruss","Variations Gold Foil","Harry Gant","Skoal | Hal Needham | Chevrolet","Driver",187,499
"Racing",2017,"Donruss","Base Brand Donruss","Variations Gold Foil","Tony Stewart","Mobil 1 | Stewart-Haas Racing | Chevrolet","Driver",188,499
"Racing",2017,"Donruss","Base Brand Donruss","Variations Gold Foil","Daniel Suarez","ARRIS | Joe Gibbs Racing | Toyota","Driver",189,499
"Racing",2017,"Donruss","Base Brand Donruss","Variations Gold Press Proof","Dale Earnhardt Jr","Mountain Dew | Hendrick Motorsports | Chevrolet","Driver",37,99
"Racing",2017,"Donruss","Base Brand Donruss","Variations Gold Press Proof","Matt Kenseth","DeWalt | Joe Gibbs Racing | Toyota","Driver",38,99
"Racing",2017,"Donruss","Base Brand Donruss","Variations Gold Press Proof","Kevin Harvick","Outback Steakhouse | Stewart-Haas Racing | Chevrolet","Driver",40,99
"Racing",2017,"Donruss","Base Brand Donruss","Variations Gold Press Proof","Kyle Busch","Skittles Captain America | Joe Gibbs Racing | Toyota","Driver",44,99
"Racing",2017,"Donruss","Base Brand Donruss","Variations Gold Press Proof","Carl Edwards","ARRIS | Joe Gibbs Racing | Toyota","Driver",45,99
"Racing",2017,"Donruss","Base Brand Donruss","Variations Gold Press Proof","Jimmie Johnson/Jimmie Johnson","Kobalt Tools | Hendrick Motorsports | Chevrolet/Lowe's | Hendrick Motorsports | Chevrolet","Driver/Driver",47,99
"Racing",2017,"Donruss","Base Brand Donruss","Variations Gold Press Proof","Kurt Busch","Haas Automation | Stewart-Haas Racing | Chevrolet","Driver",48,99
"Racing",2017,"Donruss","Base Brand Donruss","Variations Gold Press Proof","Jamie McMurray","McDonald's | Chip Ganassi Racing | Chevrolet","Driver",50,99
"Racing",2017,"Donruss","Base Brand Donruss","Variations Gold Press Proof","Greg Biffle","Kleen Performance Products | Roush Fenway Racing | Ford","Driver",57,99
"Racing",2017,"Donruss","Base Brand Donruss","Variations Gold Press Proof","Ryan Newman","Caterpillar | Richard Childress Racing | Chevrolet","Driver",60,99
"Racing",2017,"Donruss","Base Brand Donruss","Variations Gold Press Proof","Terry Labonte","Kellogg's Corn Flakes | Hendrick Motorsports | Chevrolet","Driver",182,99
"Racing",2017,"Donruss","Base Brand Donruss","Variations Gold Press Proof","Richard Petty","STP | Petty Enterprises | Plymouth","Driver",183,99
"Racing",2017,"Donruss","Base Brand Donruss","Variations Gold Press Proof","Bill Elliott","Coors | Harry Melling | Ford","Driver",184,99
"Racing",2017,"Donruss","Base Brand Donruss","Variations Gold Press Proof","Ned Jarrett","B.G. Holloway | Ned Jarrett | Chevrolet","Driver",185,99
"Racing",2017,"Donruss","Base Brand Donruss","Variations Gold Press Proof","Jeff Burton","Exide Batteries | Roush Racing | Ford","Driver",186,99
"Racing",2017,"Donruss","Base Brand Donruss","Variations Gold Press Proof","Harry Gant","Skoal | Hal Needham | Chevrolet","Driver",187,99
"Racing",2017,"Donruss","Base Brand Donruss","Variations Gold Press Proof","Tony Stewart","Mobil 1 | Stewart-Haas Racing | Chevrolet","Driver",188,99
"Racing",2017,"Donruss","Base Brand Donruss","Variations Gold Press Proof","Daniel Suarez","ARRIS | Joe Gibbs Racing | Toyota","Driver",189,99
"Racing",2017,"Donruss","Base Brand Donruss","Variations Green Foil","Dale Earnhardt Jr","Mountain Dew | Hendrick Motorsports | Chevrolet","Driver",37,199
"Racing",2017,"Donruss","Base Brand Donruss","Variations Green Foil","Matt Kenseth","DeWalt | Joe Gibbs Racing | Toyota","Driver",38,199
"Racing",2017,"Donruss","Base Brand Donruss","Variations Green Foil","Kevin Harvick","Outback Steakhouse | Stewart-Haas Racing | Chevrolet","Driver",40,199
"Racing",2017,"Donruss","Base Brand Donruss","Variations Green Foil","Kyle Busch","Skittles Captain America | Joe Gibbs Racing | Toyota","Driver",44,199
"Racing",2017,"Donruss","Base Brand Donruss","Variations Green Foil","Carl Edwards","ARRIS | Joe Gibbs Racing | Toyota","Driver",45,199
"Racing",2017,"Donruss","Base Brand Donruss","Variations Green Foil","Jimmie Johnson/Jimmie Johnson","Lowe's | Hendrick Motorsports | Chevrolet/Kobalt Tools | Hendrick Motorsports | Chevrolet","Driver/Driver",47,199
"Racing",2017,"Donruss","Base Brand Donruss","Variations Green Foil","Kurt Busch","Haas Automation | Stewart-Haas Racing | Chevrolet","Driver",48,199
"Racing",2017,"Donruss","Base Brand Donruss","Variations Green Foil","Jamie McMurray","McDonald's | Chip Ganassi Racing | Chevrolet","Driver",50,199
"Racing",2017,"Donruss","Base Brand Donruss","Variations Green Foil","Greg Biffle","Kleen Performance Products | Roush Fenway Racing | Ford","Driver",57,199
"Racing",2017,"Donruss","Base Brand Donruss","Variations Green Foil","Ryan Newman","Caterpillar | Richard Childress Racing | Chevrolet","Driver",60,199
"Racing",2017,"Donruss","Base Brand Donruss","Variations Green Foil","Terry Labonte","Kellogg's Corn Flakes | Hendrick Motorsports | Chevrolet","Driver",182,199
"Racing",2017,"Donruss","Base Brand Donruss","Variations Green Foil","Richard Petty","STP | Petty Enterprises | Plymouth","Driver",183,199
"Racing",2017,"Donruss","Base Brand Donruss","Variations Green Foil","Bill Elliott","Coors | Harry Melling | Ford","Driver",184,199
"Racing",2017,"Donruss","Base Brand Donruss","Variations Green Foil","Ned Jarrett","B.G. Holloway | Ned Jarrett | Chevrolet","Driver",185,199
"Racing",2017,"Donruss","Base Brand Donruss","Variations Green Foil","Jeff Burton","Exide Batteries | Roush Racing | Ford","Driver",186,199
"Racing",2017,"Donruss","Base Brand Donruss","Variations Green Foil","Harry Gant","Skoal | Hal Needham | Chevrolet","Driver",187,199
"Racing",2017,"Donruss","Base Brand Donruss","Variations Green Foil","Tony Stewart","Mobil 1 | Stewart-Haas Racing | Chevrolet","Driver",188,199
"Racing",2017,"Donruss","Base Brand Donruss","Variations Green Foil","Daniel Suarez","ARRIS | Joe Gibbs Racing | Toyota","Driver",189,199
"Racing",2017,"Donruss","Base Brand Donruss","Variations Press Proof","Dale Earnhardt Jr","Mountain Dew | Hendrick Motorsports | Chevrolet","Driver",37,49
"Racing",2017,"Donruss","Base Brand Donruss","Variations Press Proof","Matt Kenseth","DeWalt | Joe Gibbs Racing | Toyota","Driver",38,49
"Racing",2017,"Donruss","Base Brand Donruss","Variations Press Proof","Kevin Harvick","Outback Steakhouse | Stewart-Haas Racing | Chevrolet","Driver",40,49
"Racing",2017,"Donruss","Base Brand Donruss","Variations Press Proof","Kyle Busch","Skittles Captain America | Joe Gibbs Racing | Toyota","Driver",44,49
"Racing",2017,"Donruss","Base Brand Donruss","Variations Press Proof","Carl Edwards","ARRIS | Joe Gibbs Racing | Toyota","Driver",45,49
"Racing",2017,"Donruss","Base Brand Donruss","Variations Press Proof","Jimmie Johnson/Jimmie Johnson","Lowe's | Hendrick Motorsports | Chevrolet/Kobalt Tools | Hendrick Motorsports | Chevrolet","Driver/Driver",47,49
"Racing",2017,"Donruss","Base Brand Donruss","Variations Press Proof","Kurt Busch","Haas Automation | Stewart-Haas Racing | Chevrolet","Driver",48,49
"Racing",2017,"Donruss","Base Brand Donruss","Variations Press Proof","Jamie McMurray","McDonald's | Chip Ganassi Racing | Chevrolet","Driver",50,49
"Racing",2017,"Donruss","Base Brand Donruss","Variations Press Proof","Greg Biffle","Kleen Performance Products | Roush Fenway Racing | Ford","Driver",57,49
"Racing",2017,"Donruss","Base Brand Donruss","Variations Press Proof","Ryan Newman","Caterpillar | Richard Childress Racing | Chevrolet","Driver",60,49
"Racing",2017,"Donruss","Base Brand Donruss","Variations Press Proof","Terry Labonte","Kellogg's Corn Flakes | Hendrick Motorsports | Chevrolet","Driver",182,49
"Racing",2017,"Donruss","Base Brand Donruss","Variations Press Proof","Richard Petty","STP | Petty Enterprises | Plymouth","Driver",183,49
"Racing",2017,"Donruss","Base Brand Donruss","Variations Press Proof","Bill Elliott","Coors | Harry Melling | Ford","Driver",184,49
"Racing",2017,"Donruss","Base Brand Donruss","Variations Press Proof","Ned Jarrett","B.G. Holloway | Ned Jarrett | Chevrolet","Driver",185,49
"Racing",2017,"Donruss","Base Brand Donruss","Variations Press Proof","Jeff Burton","Exide Batteries | Roush Racing | Ford","Driver",186,49
"Racing",2017,"Donruss","Base Brand Donruss","Variations Press Proof","Harry Gant","Skoal | Hal Needham | Chevrolet","Driver",187,49
"Racing",2017,"Donruss","Base Brand Donruss","Variations Press Proof","Tony Stewart","Mobil 1 | Stewart-Haas Racing | Chevrolet","Driver",188,49
"Racing",2017,"Donruss","Base Brand Donruss","Variations Press Proof","Daniel Suarez","ARRIS | Joe Gibbs Racing | Toyota","Driver",189,49
"Racing",2017,"Donruss","Base Brand Donruss","Variations Printing Plates Black","Dale Earnhardt Jr","Mountain Dew | Hendrick Motorsports | Chevrolet","Driver",37,1
"Racing",2017,"Donruss","Base Brand Donruss","Variations Printing Plates Black","Matt Kenseth","DeWalt | Joe Gibbs Racing | Toyota","Driver",38,1
"Racing",2017,"Donruss","Base Brand Donruss","Variations Printing Plates Black","Kevin Harvick","Outback Steakhouse | Stewart-Haas Racing | Chevrolet","Driver",40,1
"Racing",2017,"Donruss","Base Brand Donruss","Variations Printing Plates Black","Kyle Busch","Skittles Captain America | Joe Gibbs Racing | Toyota","Driver",44,1
"Racing",2017,"Donruss","Base Brand Donruss","Variations Printing Plates Black","Carl Edwards","ARRIS | Joe Gibbs Racing | Toyota","Driver",45,1
"Racing",2017,"Donruss","Base Brand Donruss","Variations Printing Plates Black","Jimmie Johnson/Jimmie Johnson","Kobalt Tools | Hendrick Motorsports | Chevrolet/Lowe's | Hendrick Motorsports | Chevrolet","Driver/Driver",47,1
"Racing",2017,"Donruss","Base Brand Donruss","Variations Printing Plates Black","Kurt Busch","Haas Automation | Stewart-Haas Racing | Chevrolet","Driver",48,1
"Racing",2017,"Donruss","Base Brand Donruss","Variations Printing Plates Black","Jamie McMurray","McDonald's | Chip Ganassi Racing | Chevrolet","Driver",50,1
"Racing",2017,"Donruss","Base Brand Donruss","Variations Printing Plates Black","Greg Biffle","Kleen Performance Products | Roush Fenway Racing | Ford","Driver",57,1
"Racing",2017,"Donruss","Base Brand Donruss","Variations Printing Plates Black","Ryan Newman","Caterpillar | Richard Childress Racing | Chevrolet","Driver",60,1
"Racing",2017,"Donruss","Base Brand Donruss","Variations Printing Plates Black","Terry Labonte","Kellogg's Corn Flakes | Hendrick Motorsports | Chevrolet","Driver",182,1
"Racing",2017,"Donruss","Base Brand Donruss","Variations Printing Plates Black","Richard Petty","STP | Petty Enterprises | Plymouth","Driver",183,1
"Racing",2017,"Donruss","Base Brand Donruss","Variations Printing Plates Black","Bill Elliott","Coors | Harry Melling | Ford","Driver",184,1
"Racing",2017,"Donruss","Base Brand Donruss","Variations Printing Plates Black","Ned Jarrett","B.G. Holloway | Ned Jarrett | Chevrolet","Driver",185,1
"Racing",2017,"Donruss","Base Brand Donruss","Variations Printing Plates Black","Jeff Burton","Exide Batteries | Roush Racing | Ford","Driver",186,1
"Racing",2017,"Donruss","Base Brand Donruss","Variations Printing Plates Black","Harry Gant","Skoal | Hal Needham | Chevrolet","Driver",187,1
"Racing",2017,"Donruss","Base Brand Donruss","Variations Printing Plates Black","Tony Stewart","Mobil 1 | Stewart-Haas Racing | Chevrolet","Driver",188,1
"Racing",2017,"Donruss","Base Brand Donruss","Variations Printing Plates Black","Daniel Suarez","ARRIS | Joe Gibbs Racing | Toyota","Driver",189,1
"Racing",2017,"Donruss","Base Brand Donruss","Variations Printing Plates Cyan","Dale Earnhardt Jr","Mountain Dew | Hendrick Motorsports | Chevrolet","Driver",37,1
"Racing",2017,"Donruss","Base Brand Donruss","Variations Printing Plates Cyan","Matt Kenseth","DeWalt | Joe Gibbs Racing | Toyota","Driver",38,1
"Racing",2017,"Donruss","Base Brand Donruss","Variations Printing Plates Cyan","Kevin Harvick","Outback Steakhouse | Stewart-Haas Racing | Chevrolet","Driver",40,1
"Racing",2017,"Donruss","Base Brand Donruss","Variations Printing Plates Cyan","Kyle Busch","Skittles Captain America | Joe Gibbs Racing | Toyota","Driver",44,1
"Racing",2017,"Donruss","Base Brand Donruss","Variations Printing Plates Cyan","Carl Edwards","ARRIS | Joe Gibbs Racing | Toyota","Driver",45,1
"Racing",2017,"Donruss","Base Brand Donruss","Variations Printing Plates Cyan","Jimmie Johnson/Jimmie Johnson","Lowe's | Hendrick Motorsports | Chevrolet/Kobalt Tools | Hendrick Motorsports | Chevrolet","Driver/Driver",47,1
"Racing",2017,"Donruss","Base Brand Donruss","Variations Printing Plates Cyan","Kurt Busch","Haas Automation | Stewart-Haas Racing | Chevrolet","Driver",48,1
"Racing",2017,"Donruss","Base Brand Donruss","Variations Printing Plates Cyan","Jamie McMurray","McDonald's | Chip Ganassi Racing | Chevrolet","Driver",50,1
"Racing",2017,"Donruss","Base Brand Donruss","Variations Printing Plates Cyan","Greg Biffle","Kleen Performance Products | Roush Fenway Racing | Ford","Driver",57,1
"Racing",2017,"Donruss","Base Brand Donruss","Variations Printing Plates Cyan","Ryan Newman","Caterpillar | Richard Childress Racing | Chevrolet","Driver",60,1
"Racing",2017,"Donruss","Base Brand Donruss","Variations Printing Plates Cyan","Terry Labonte","Kellogg's Corn Flakes | Hendrick Motorsports | Chevrolet","Driver",182,1
"Racing",2017,"Donruss","Base Brand Donruss","Variations Printing Plates Cyan","Richard Petty","STP | Petty Enterprises | Plymouth","Driver",183,1
"Racing",2017,"Donruss","Base Brand Donruss","Variations Printing Plates Cyan","Bill Elliott","Coors | Harry Melling | Ford","Driver",184,1
"Racing",2017,"Donruss","Base Brand Donruss","Variations Printing Plates Cyan","Ned Jarrett","B.G. Holloway | Ned Jarrett | Chevrolet","Driver",185,1
"Racing",2017,"Donruss","Base Brand Donruss","Variations Printing Plates Cyan","Jeff Burton","Exide Batteries | Roush Racing | Ford","Driver",186,1
"Racing",2017,"Donruss","Base Brand Donruss","Variations Printing Plates Cyan","Harry Gant","Skoal | Hal Needham | Chevrolet","Driver",187,1
"Racing",2017,"Donruss","Base Brand Donruss","Variations Printing Plates Cyan","Tony Stewart","Mobil 1 | Stewart-Haas Racing | Chevrolet","Driver",188,1
"Racing",2017,"Donruss","Base Brand Donruss","Variations Printing Plates Cyan","Daniel Suarez","ARRIS | Joe Gibbs Racing | Toyota","Driver",189,1
"Racing",2017,"Donruss","Base Brand Donruss","Variations Printing Plates Magenta","Dale Earnhardt Jr","Mountain Dew | Hendrick Motorsports | Chevrolet","Driver",37,1
"Racing",2017,"Donruss","Base Brand Donruss","Variations Printing Plates Magenta","Matt Kenseth","DeWalt | Joe Gibbs Racing | Toyota","Driver",38,1
"Racing",2017,"Donruss","Base Brand Donruss","Variations Printing Plates Magenta","Kevin Harvick","Outback Steakhouse | Stewart-Haas Racing | Chevrolet","Driver",40,1
"Racing",2017,"Donruss","Base Brand Donruss","Variations Printing Plates Magenta","Kyle Busch","Skittles Captain America | Joe Gibbs Racing | Toyota","Driver",44,1
"Racing",2017,"Donruss","Base Brand Donruss","Variations Printing Plates Magenta","Carl Edwards","ARRIS | Joe Gibbs Racing | Toyota","Driver",45,1
"Racing",2017,"Donruss","Base Brand Donruss","Variations Printing Plates Magenta","Jimmie Johnson/Jimmie Johnson","Kobalt Tools | Hendrick Motorsports | Chevrolet/Lowe's | Hendrick Motorsports | Chevrolet","Driver/Driver",47,1
"Racing",2017,"Donruss","Base Brand Donruss","Variations Printing Plates Magenta","Kurt Busch","Haas Automation | Stewart-Haas Racing | Chevrolet","Driver",48,1
"Racing",2017,"Donruss","Base Brand Donruss","Variations Printing Plates Magenta","Jamie McMurray","McDonald's | Chip Ganassi Racing | Chevrolet","Driver",50,1
"Racing",2017,"Donruss","Base Brand Donruss","Variations Printing Plates Magenta","Greg Biffle","Kleen Performance Products | Roush Fenway Racing | Ford","Driver",57,1
"Racing",2017,"Donruss","Base Brand Donruss","Variations Printing Plates Magenta","Ryan Newman","Caterpillar | Richard Childress Racing | Chevrolet","Driver",60,1
"Racing",2017,"Donruss","Base Brand Donruss","Variations Printing Plates Magenta","Terry Labonte","Kellogg's Corn Flakes | Hendrick Motorsports | Chevrolet","Driver",182,1
"Racing",2017,"Donruss","Base Brand Donruss","Variations Printing Plates Magenta","Richard Petty","STP | Petty Enterprises | Plymouth","Driver",183,1
"Racing",2017,"Donruss","Base Brand Donruss","Variations Printing Plates Magenta","Bill Elliott","Coors | Harry Melling | Ford","Driver",184,1
"Racing",2017,"Donruss","Base Brand Donruss","Variations Printing Plates Magenta","Ned Jarrett","B.G. Holloway | Ned Jarrett | Chevrolet","Driver",185,1
"Racing",2017,"Donruss","Base Brand Donruss","Variations Printing Plates Magenta","Jeff Burton","Exide Batteries | Roush Racing | Ford","Driver",186,1
"Racing",2017,"Donruss","Base Brand Donruss","Variations Printing Plates Magenta","Harry Gant","Skoal | Hal Needham | Chevrolet","Driver",187,1
"Racing",2017,"Donruss","Base Brand Donruss","Variations Printing Plates Magenta","Tony Stewart","Mobil 1 | Stewart-Haas Racing | Chevrolet","Driver",188,1
"Racing",2017,"Donruss","Base Brand Donruss","Variations Printing Plates Magenta","Daniel Suarez","ARRIS | Joe Gibbs Racing | Toyota","Driver",189,1
"Racing",2017,"Donruss","Base Brand Donruss","Variations Printing Plates Yellow","Dale Earnhardt Jr","Mountain Dew | Hendrick Motorsports | Chevrolet","Driver",37,1
"Racing",2017,"Donruss","Base Brand Donruss","Variations Printing Plates Yellow","Matt Kenseth","DeWalt | Joe Gibbs Racing | Toyota","Driver",38,1
"Racing",2017,"Donruss","Base Brand Donruss","Variations Printing Plates Yellow","Kevin Harvick","Outback Steakhouse | Stewart-Haas Racing | Chevrolet","Driver",40,1
"Racing",2017,"Donruss","Base Brand Donruss","Variations Printing Plates Yellow","Kyle Busch","Skittles Captain America | Joe Gibbs Racing | Toyota","Driver",44,1
"Racing",2017,"Donruss","Base Brand Donruss","Variations Printing Plates Yellow","Carl Edwards","ARRIS | Joe Gibbs Racing | Toyota","Driver",45,1
"Racing",2017,"Donruss","Base Brand Donruss","Variations Printing Plates Yellow","Jimmie Johnson/Jimmie Johnson","Kobalt Tools | Hendrick Motorsports | Chevrolet/Lowe's | Hendrick Motorsports | Chevrolet","Driver/Driver",47,1
"Racing",2017,"Donruss","Base Brand Donruss","Variations Printing Plates Yellow","Kurt Busch","Haas Automation | Stewart-Haas Racing | Chevrolet","Driver",48,1
"Racing",2017,"Donruss","Base Brand Donruss","Variations Printing Plates Yellow","Jamie McMurray","McDonald's | Chip Ganassi Racing | Chevrolet","Driver",50,1
"Racing",2017,"Donruss","Base Brand Donruss","Variations Printing Plates Yellow","Greg Biffle","Kleen Performance Products | Roush Fenway Racing | Ford","Driver",57,1
"Racing",2017,"Donruss","Base Brand Donruss","Variations Printing Plates Yellow","Ryan Newman","Caterpillar | Richard Childress Racing | Chevrolet","Driver",60,1
"Racing",2017,"Donruss","Base Brand Donruss","Variations Printing Plates Yellow","Terry Labonte","Kellogg's Corn Flakes | Hendrick Motorsports | Chevrolet","Driver",182,1
"Racing",2017,"Donruss","Base Brand Donruss","Variations Printing Plates Yellow","Richard Petty","STP | Petty Enterprises | Plymouth","Driver",183,1
"Racing",2017,"Donruss","Base Brand Donruss","Variations Printing Plates Yellow","Bill Elliott","Coors | Harry Melling | Ford","Driver",184,1
"Racing",2017,"Donruss","Base Brand Donruss","Variations Printing Plates Yellow","Ned Jarrett","B.G. Holloway | Ned Jarrett | Chevrolet","Driver",185,1
"Racing",2017,"Donruss","Base Brand Donruss","Variations Printing Plates Yellow","Jeff Burton","Exide Batteries | Roush Racing | Ford","Driver",186,1
"Racing",2017,"Donruss","Base Brand Donruss","Variations Printing Plates Yellow","Harry Gant","Skoal | Hal Needham | Chevrolet","Driver",187,1
"Racing",2017,"Donruss","Base Brand Donruss","Variations Printing Plates Yellow","Tony Stewart","Mobil 1 | Stewart-Haas Racing | Chevrolet","Driver",188,1
"Racing",2017,"Donruss","Base Brand Donruss","Variations Printing Plates Yellow","Daniel Suarez","ARRIS | Joe Gibbs Racing | Toyota","Driver",189,1