"SPORT","YEAR","BRAND","PROGRAM","CARD SET","ATHLETE","TEAM","POSITION","CARD NUMBER","SEQUENCE"
"Racing",2017,"Playoff","National Treasures","Base","Jimmie Johnson","Lowe's | Hendrick Motorsports | Chevrolet","Driver",1,25
"Racing",2017,"Playoff","National Treasures","Base","Kevin Harvick","Jimmy John's | Stewart-Haas Racing | Ford","Driver",2,25
"Racing",2017,"Playoff","National Treasures","Base","Dale Earnhardt Jr","Nationwide | Hendrick Motorsports | Chevrolet","Driver",3,25
"Racing",2017,"Playoff","National Treasures","Base","Brad Keselowski","Miller Lite | Team Penske | Ford","Driver",4,25
"Racing",2017,"Playoff","National Treasures","Base","Kyle Busch","M&M's | Joe Gibbs Racing | Toyota","Driver",5,25
"Racing",2017,"Playoff","National Treasures","Base","Denny Hamlin","FedEx Express | Joe Gibbs Racing | Toyota","Driver",6,25
"Racing",2017,"Playoff","National Treasures","Base","Danica Patrick","Aspen Dental | Stewart-Haas Racing | Ford","Driver",7,25
"Racing",2017,"Playoff","National Treasures","Base","Matt Kenseth","DeWalt | Joe Gibbs Racing | Toyota","Driver",8,25
"Racing",2017,"Playoff","National Treasures","Base","Austin Dillon","Dow Chemical | Richard Childress Racing | Chevrolet","Driver",9,25
"Racing",2017,"Playoff","National Treasures","Base","Chase Elliott","NAPA Auto Parts | Hendrick Motorsports | Chevrolet","Driver",10,25
"Racing",2017,"Playoff","National Treasures","Base","Joey Logano","Shell-Pennzoil | Team Penske | Ford","Driver",11,25
"Racing",2017,"Playoff","National Treasures","Base","Clint Bowyer","Haas Automation | Stewart-Haas Racing | Ford","Driver",12,25
"Racing",2017,"Playoff","National Treasures","Base","Ryan Newman","Caterpillar | Richard Childress Racing | Chevrolet","Driver",13,25
"Racing",2017,"Playoff","National Treasures","Base","Kasey Kahne","Farmers Insurance | Hendrick Motorsports | Chevrolet","Driver",14,25
"Racing",2017,"Playoff","National Treasures","Base","Martin Truex Jr.","Bass Pro Shops-TRACKER Boats | Furniture Row Racing | Toyota","Driver",15,25
"Racing",2017,"Playoff","National Treasures","Booklet - Associate Sponsor Patch 1 Signature","Jimmie Johnson","Lowe's | Hendrick Motorsports | Chevrolet","Driver",1,1
"Racing",2017,"Playoff","National Treasures","Booklet - Associate Sponsor Patch 1 Signature","Kevin Harvick","Jimmy John's | Stewart-Haas Racing | Ford","Driver",2,1
"Racing",2017,"Playoff","National Treasures","Booklet - Associate Sponsor Patch 1 Signature","Dale Earnhardt Jr","Nationwide | Hendrick Motorsports | Chevrolet","Driver",3,1
"Racing",2017,"Playoff","National Treasures","Booklet - Associate Sponsor Patch 1 Signature","Kyle Busch","M&M's | Joe Gibbs Racing | Toyota","Driver",4,1
"Racing",2017,"Playoff","National Treasures","Booklet - Associate Sponsor Patch 1 Signature","Denny Hamlin","FedEx Express | Joe Gibbs Racing | Toyota","Driver",5,1
"Racing",2017,"Playoff","National Treasures","Booklet - Associate Sponsor Patch 1 Signature","Danica Patrick","Aspen Dental | Stewart-Haas Racing | Ford","Driver",6,1
"Racing",2017,"Playoff","National Treasures","Booklet - Associate Sponsor Patch 1 Signature","Matt Kenseth","DeWalt | Joe Gibbs Racing | Toyota","Driver",7,1
"Racing",2017,"Playoff","National Treasures","Booklet - Associate Sponsor Patch 1 Signature","Austin Dillon","Dow Chemical | Richard Childress Racing | Chevrolet","Driver",8,1
"Racing",2017,"Playoff","National Treasures","Booklet - Associate Sponsor Patch 1 Signature","Chase Elliott","NAPA Auto Parts | Hendrick Motorsports | Chevrolet","Driver",9,1
"Racing",2017,"Playoff","National Treasures","Booklet - Associate Sponsor Patch 1 Signature","Joey Logano","Shell-Pennzoil | Team Penske | Ford","Driver",10,1
"Racing",2017,"Playoff","National Treasures","Booklet - Associate Sponsor Patch 1 Signature","Clint Bowyer","Mobil 1 | Stewart-Haas Racing | Ford","Driver",11,1
"Racing",2017,"Playoff","National Treasures","Booklet - Associate Sponsor Patch 1 Signature","Ryan Newman","Caterpillar | Richard Childress Racing | Chevrolet","Driver",12,1
"Racing",2017,"Playoff","National Treasures","Booklet - Associate Sponsor Patch 1 Signature","Kasey Kahne","Farmers Insurance | Hendrick Motorsports | Chevrolet","Driver",13,1
"Racing",2017,"Playoff","National Treasures","Booklet - Associate Sponsor Patch 1 Signature","Martin Truex Jr.","Bass Pro Shops-TRACKER Boats | Furniture Row Racing | Toyota","Driver",14,1
"Racing",2017,"Playoff","National Treasures","Booklet - Associate Sponsor Patch 1 Signature","Corey LaJoie","Dustless Blasting | BK Racing | Toyota","Driver",15,1
"Racing",2017,"Playoff","National Treasures","Booklet - Associate Sponsor Patch 1 Signature","Erik Jones","5-Hour Energy | Furniture Row Racing | Toyota","Driver",16,1
"Racing",2017,"Playoff","National Treasures","Booklet - Associate Sponsor Patch 1 Signature","Gray Gaulding","Dr Pepper | BK Racing | Toyota","Driver",17,1
"Racing",2017,"Playoff","National Treasures","Booklet - Associate Sponsor Patch 1 Signature","Daniel Suarez","ARRIS | Joe Gibbs Racing | Toyota","Driver",18,1
"Racing",2017,"Playoff","National Treasures","Booklet - Associate Sponsor Patch 1 Signature","Ty Dillon","GEICO | Germain Racing | Chevrolet","Driver",19,1
"Racing",2017,"Playoff","National Treasures","Booklet - Associate Sponsor Patch 1 Signature","Carl Edwards","Aflac | Roush Fenway Racing | Ford","Driver",20,1
"Racing",2017,"Playoff","National Treasures","Booklet - Associate Sponsor Patch 1 Signature","Greg Biffle","3M | Roush Fenway Racing | Ford","Car",21,1
"Racing",2017,"Playoff","National Treasures","Booklet - Associate Sponsor Patch 1 Signature","Kurt Busch","Haas Automation | Stewart-Haas Racing | Ford","Driver",22,1
"Racing",2017,"Playoff","National Treasures","Booklet - Associate Sponsor Patch 1 Signature","Kyle Larson","Target | Chip Ganassi Racing | Chevrolet","Driver",23,1
"Racing",2017,"Playoff","National Treasures","Booklet - Associate Sponsor Patch 1 Signature","Ryan Blaney","Motorcraft | Wood Brothers Racing | Ford","Driver",24,1
"Racing",2017,"Playoff","National Treasures","Booklet - Associate Sponsor Patch 1 Signature","Trevor Bayne","AdvoCare | Roush Fenway Racing | Ford","Driver",25,1
"Racing",2017,"Playoff","National Treasures","Booklet - Associate Sponsor Patch 1 Signature","Ricky Stenhouse Jr","SunnyD | Roush Fenway Racing | Ford","Driver",26,1
"Racing",2017,"Playoff","National Treasures","Booklet - Associate Sponsor Patch 1 Signature","AJ Allmendinger","Kroger | JTG Daugherty Racing | Chevrolet","Driver",27,1
"Racing",2017,"Playoff","National Treasures","Booklet - Associate Sponsor Patch 1 Signature","David Ragan","Camping World | Front Row Motorsports | Ford","Driver",28,1
"Racing",2017,"Playoff","National Treasures","Booklet - Associate Sponsor Patch 1 Signature","Jamie McMurray","Cessna | Chip Ganassi Racing | Chevrolet","Driver",29,1
"Racing",2017,"Playoff","National Treasures","Booklet - Associate Sponsor Patch 1 Signature","Landon Cassill","Love's Travel Stops | Front Row Motorsports | Ford","Driver",30,1
"Racing",2017,"Playoff","National Treasures","Booklet - Associate Sponsor Patch 1 Signature","William Byron","Liberty University | JR Motorsports | Chevrolet","Driver",31,1
"Racing",2017,"Playoff","National Treasures","Booklet - Associate Sponsor Patch 1 Signature","Daniel Hemric","Blue Gate Bank | Richard Childress Racing | Chevrolet","Driver",32,1
"Racing",2017,"Playoff","National Treasures","Booklet - Associate Sponsor Patch 1 Signature","Cole Custer","Haas Automation | Stewart-Haas Racing | Ford","Driver",33,1
"Racing",2017,"Playoff","National Treasures","Booklet - Associate Sponsor Patch 1 Signature","Bobby Labonte","C&J Energy Services | Go FAS Racing | Ford","Driver",34,1
"Racing",2017,"Playoff","National Treasures","Booklet - Associate Sponsor Patch 1 Signature","Derrike Cope","Stoke Racing | Fred Stoke | Ford","Driver",35,1
"Racing",2017,"Playoff","National Treasures","Booklet - Associate Sponsor Patch 1 Signature","Kaz Grala","Kiklos | GMS Racing | Chevrolet","Driver",36,1
"Racing",2017,"Playoff","National Treasures","Booklet - Associate Sponsor Patch 10 Signature","Kevin Harvick","Jimmy John's | Stewart-Haas Racing | Ford","Driver",2,1
"Racing",2017,"Playoff","National Treasures","Booklet - Associate Sponsor Patch 10 Signature","Dale Earnhardt Jr","Nationwide | Hendrick Motorsports | Chevrolet","Driver",3,1
"Racing",2017,"Playoff","National Treasures","Booklet - Associate Sponsor Patch 10 Signature","Kyle Busch","M&M's | Joe Gibbs Racing | Toyota","Driver",4,1
"Racing",2017,"Playoff","National Treasures","Booklet - Associate Sponsor Patch 10 Signature","Danica Patrick","Aspen Dental | Stewart-Haas Racing | Ford","Driver",6,1
"Racing",2017,"Playoff","National Treasures","Booklet - Associate Sponsor Patch 10 Signature","Matt Kenseth","DeWalt | Joe Gibbs Racing | Toyota","Driver",7,1
"Racing",2017,"Playoff","National Treasures","Booklet - Associate Sponsor Patch 10 Signature","Austin Dillon","Dow Chemical | Richard Childress Racing | Chevrolet","Driver",8,1
"Racing",2017,"Playoff","National Treasures","Booklet - Associate Sponsor Patch 10 Signature","Joey Logano","Shell-Pennzoil | Team Penske | Ford","Driver",10,1
"Racing",2017,"Playoff","National Treasures","Booklet - Associate Sponsor Patch 10 Signature","Ryan Newman","Caterpillar | Richard Childress Racing | Chevrolet","Driver",12,1
"Racing",2017,"Playoff","National Treasures","Booklet - Associate Sponsor Patch 10 Signature","Kasey Kahne","Farmers Insurance | Hendrick Motorsports | Chevrolet","Driver",13,1
"Racing",2017,"Playoff","National Treasures","Booklet - Associate Sponsor Patch 10 Signature","Corey LaJoie","Dustless Blasting | BK Racing | Toyota","Driver",15,1
"Racing",2017,"Playoff","National Treasures","Booklet - Associate Sponsor Patch 10 Signature","Gray Gaulding","Dr Pepper | BK Racing | Toyota","Driver",17,1
"Racing",2017,"Playoff","National Treasures","Booklet - Associate Sponsor Patch 10 Signature","Kyle Larson","Target | Chip Ganassi Racing | Chevrolet","Driver",23,1
"Racing",2017,"Playoff","National Treasures","Booklet - Associate Sponsor Patch 10 Signature","Trevor Bayne","AdvoCare | Roush Fenway Racing | Ford","Driver",25,1
"Racing",2017,"Playoff","National Treasures","Booklet - Associate Sponsor Patch 10 Signature","Ricky Stenhouse Jr","SunnyD | Roush Fenway Racing | Ford","Driver",26,1
"Racing",2017,"Playoff","National Treasures","Booklet - Associate Sponsor Patch 10 Signature","AJ Allmendinger","Kroger | JTG Daugherty Racing | Chevrolet","Driver",27,1
"Racing",2017,"Playoff","National Treasures","Booklet - Associate Sponsor Patch 10 Signature","Jamie McMurray","Cessna | Chip Ganassi Racing | Chevrolet","Driver",29,1
"Racing",2017,"Playoff","National Treasures","Booklet - Associate Sponsor Patch 10 Signature","Landon Cassill","Love's Travel Stops | Front Row Motorsports | Ford","Driver",30,1
"Racing",2017,"Playoff","National Treasures","Booklet - Associate Sponsor Patch 10 Signature","Daniel Hemric","Blue Gate Bank | Richard Childress Racing | Chevrolet","Driver",32,1
"Racing",2017,"Playoff","National Treasures","Booklet - Associate Sponsor Patch 10 Signature","Cole Custer","Haas Automation | Stewart-Haas Racing | Ford","Driver",33,1
"Racing",2017,"Playoff","National Treasures","Booklet - Associate Sponsor Patch 10 Signature","Bobby Labonte","C&J Energy Services | Go FAS Racing | Ford","Driver",34,1
"Racing",2017,"Playoff","National Treasures","Booklet - Associate Sponsor Patch 11 Signature","Kevin Harvick","Jimmy John's | Stewart-Haas Racing | Ford","Driver",2,1
"Racing",2017,"Playoff","National Treasures","Booklet - Associate Sponsor Patch 11 Signature","Kyle Busch","M&M's | Joe Gibbs Racing | Toyota","Driver",4,1
"Racing",2017,"Playoff","National Treasures","Booklet - Associate Sponsor Patch 11 Signature","Austin Dillon","Dow Chemical | Richard Childress Racing | Chevrolet","Driver",8,1
"Racing",2017,"Playoff","National Treasures","Booklet - Associate Sponsor Patch 11 Signature","Ryan Newman","Caterpillar | Richard Childress Racing | Chevrolet","Driver",12,1
"Racing",2017,"Playoff","National Treasures","Booklet - Associate Sponsor Patch 11 Signature","Kasey Kahne","Farmers Insurance | Hendrick Motorsports | Chevrolet","Driver",13,1
"Racing",2017,"Playoff","National Treasures","Booklet - Associate Sponsor Patch 11 Signature","Gray Gaulding","Dr Pepper | BK Racing | Toyota","Driver",17,1
"Racing",2017,"Playoff","National Treasures","Booklet - Associate Sponsor Patch 11 Signature","Kyle Larson","Target | Chip Ganassi Racing | Chevrolet","Driver",23,1
"Racing",2017,"Playoff","National Treasures","Booklet - Associate Sponsor Patch 11 Signature","Trevor Bayne","AdvoCare | Roush Fenway Racing | Ford","Driver",25,1
"Racing",2017,"Playoff","National Treasures","Booklet - Associate Sponsor Patch 11 Signature","Ricky Stenhouse Jr","SunnyD | Roush Fenway Racing | Ford","Driver",26,1
"Racing",2017,"Playoff","National Treasures","Booklet - Associate Sponsor Patch 11 Signature","AJ Allmendinger","Kroger | JTG Daugherty Racing | Chevrolet","Driver",27,1
"Racing",2017,"Playoff","National Treasures","Booklet - Associate Sponsor Patch 11 Signature","Jamie McMurray","Cessna | Chip Ganassi Racing | Chevrolet","Driver",29,1
"Racing",2017,"Playoff","National Treasures","Booklet - Associate Sponsor Patch 11 Signature","Landon Cassill","Love's Travel Stops | Front Row Motorsports | Ford","Driver",30,1
"Racing",2017,"Playoff","National Treasures","Booklet - Associate Sponsor Patch 11 Signature","Daniel Hemric","Blue Gate Bank | Richard Childress Racing | Chevrolet","Driver",32,1
"Racing",2017,"Playoff","National Treasures","Booklet - Associate Sponsor Patch 11 Signature","Cole Custer","Haas Automation | Stewart-Haas Racing | Ford","Driver",33,1
"Racing",2017,"Playoff","National Treasures","Booklet - Associate Sponsor Patch 11 Signature","Bobby Labonte","C&J Energy Services | Go FAS Racing | Ford","Driver",34,1
"Racing",2017,"Playoff","National Treasures","Booklet - Associate Sponsor Patch 12 Signature","Kevin Harvick","Jimmy John's | Stewart-Haas Racing | Ford","Driver",2,1
"Racing",2017,"Playoff","National Treasures","Booklet - Associate Sponsor Patch 12 Signature","Kyle Busch","M&M's | Joe Gibbs Racing | Toyota","Driver",4,1
"Racing",2017,"Playoff","National Treasures","Booklet - Associate Sponsor Patch 12 Signature","Austin Dillon","Dow Chemical | Richard Childress Racing | Chevrolet","Driver",8,1
"Racing",2017,"Playoff","National Treasures","Booklet - Associate Sponsor Patch 12 Signature","Ryan Newman","Caterpillar | Richard Childress Racing | Chevrolet","Driver",12,1
"Racing",2017,"Playoff","National Treasures","Booklet - Associate Sponsor Patch 12 Signature","Kyle Larson","Target | Chip Ganassi Racing | Chevrolet","Driver",23,1
"Racing",2017,"Playoff","National Treasures","Booklet - Associate Sponsor Patch 12 Signature","Trevor Bayne","AdvoCare | Roush Fenway Racing | Ford","Driver",25,1
"Racing",2017,"Playoff","National Treasures","Booklet - Associate Sponsor Patch 12 Signature","Ricky Stenhouse Jr","SunnyD | Roush Fenway Racing | Ford","Driver",26,1
"Racing",2017,"Playoff","National Treasures","Booklet - Associate Sponsor Patch 12 Signature","AJ Allmendinger","Kroger | JTG Daugherty Racing | Chevrolet","Driver",27,1
"Racing",2017,"Playoff","National Treasures","Booklet - Associate Sponsor Patch 12 Signature","Jamie McMurray","Cessna | Chip Ganassi Racing | Chevrolet","Driver",29,1
"Racing",2017,"Playoff","National Treasures","Booklet - Associate Sponsor Patch 12 Signature","Landon Cassill","Love's Travel Stops | Front Row Motorsports | Ford","Driver",30,1
"Racing",2017,"Playoff","National Treasures","Booklet - Associate Sponsor Patch 12 Signature","Daniel Hemric","Blue Gate Bank | Richard Childress Racing | Chevrolet","Driver",32,1
"Racing",2017,"Playoff","National Treasures","Booklet - Associate Sponsor Patch 12 Signature","Cole Custer","Haas Automation | Stewart-Haas Racing | Ford","Driver",33,1
"Racing",2017,"Playoff","National Treasures","Booklet - Associate Sponsor Patch 12 Signature","Bobby Labonte","C&J Energy Services | Go FAS Racing | Ford","Driver",34,1
"Racing",2017,"Playoff","National Treasures","Booklet - Associate Sponsor Patch 13 Signature","Kevin Harvick","Jimmy John's | Stewart-Haas Racing | Ford","Driver",2,1
"Racing",2017,"Playoff","National Treasures","Booklet - Associate Sponsor Patch 13 Signature","Kyle Busch","M&M's | Joe Gibbs Racing | Toyota","Driver",4,1
"Racing",2017,"Playoff","National Treasures","Booklet - Associate Sponsor Patch 13 Signature","Austin Dillon","Dow Chemical | Richard Childress Racing | Chevrolet","Driver",8,1
"Racing",2017,"Playoff","National Treasures","Booklet - Associate Sponsor Patch 13 Signature","Kyle Larson","Target | Chip Ganassi Racing | Chevrolet","Driver",23,1
"Racing",2017,"Playoff","National Treasures","Booklet - Associate Sponsor Patch 13 Signature","Trevor Bayne","AdvoCare | Roush Fenway Racing | Ford","Driver",25,1
"Racing",2017,"Playoff","National Treasures","Booklet - Associate Sponsor Patch 13 Signature","Ricky Stenhouse Jr","SunnyD | Roush Fenway Racing | Ford","Driver",26,1
"Racing",2017,"Playoff","National Treasures","Booklet - Associate Sponsor Patch 13 Signature","AJ Allmendinger","Kroger | JTG Daugherty Racing | Chevrolet","Driver",27,1
"Racing",2017,"Playoff","National Treasures","Booklet - Associate Sponsor Patch 13 Signature","Jamie McMurray","Cessna | Chip Ganassi Racing | Chevrolet","Driver",29,1
"Racing",2017,"Playoff","National Treasures","Booklet - Associate Sponsor Patch 13 Signature","Landon Cassill","Love's Travel Stops | Front Row Motorsports | Ford","Driver",30,1
"Racing",2017,"Playoff","National Treasures","Booklet - Associate Sponsor Patch 13 Signature","Daniel Hemric","Blue Gate Bank | Richard Childress Racing | Chevrolet","Driver",32,1
"Racing",2017,"Playoff","National Treasures","Booklet - Associate Sponsor Patch 13 Signature","Cole Custer","Haas Automation | Stewart-Haas Racing | Ford","Driver",33,1
"Racing",2017,"Playoff","National Treasures","Booklet - Associate Sponsor Patch 13 Signature","Bobby Labonte","C&J Energy Services | Go FAS Racing | Ford","Driver",34,1
"Racing",2017,"Playoff","National Treasures","Booklet - Associate Sponsor Patch 14 Signature","Kevin Harvick","Jimmy John's | Stewart-Haas Racing | Ford","Driver",2,1
"Racing",2017,"Playoff","National Treasures","Booklet - Associate Sponsor Patch 14 Signature","Kyle Busch","M&M's | Joe Gibbs Racing | Toyota","Driver",4,1
"Racing",2017,"Playoff","National Treasures","Booklet - Associate Sponsor Patch 14 Signature","Kyle Larson","Target | Chip Ganassi Racing | Chevrolet","Driver",23,1
"Racing",2017,"Playoff","National Treasures","Booklet - Associate Sponsor Patch 14 Signature","Trevor Bayne","AdvoCare | Roush Fenway Racing | Ford","Driver",25,1
"Racing",2017,"Playoff","National Treasures","Booklet - Associate Sponsor Patch 14 Signature","Ricky Stenhouse Jr","SunnyD | Roush Fenway Racing | Ford","Driver",26,1
"Racing",2017,"Playoff","National Treasures","Booklet - Associate Sponsor Patch 14 Signature","AJ Allmendinger","Kroger | JTG Daugherty Racing | Chevrolet","Driver",27,1
"Racing",2017,"Playoff","National Treasures","Booklet - Associate Sponsor Patch 14 Signature","Jamie McMurray","Cessna | Chip Ganassi Racing | Chevrolet","Driver",29,1
"Racing",2017,"Playoff","National Treasures","Booklet - Associate Sponsor Patch 14 Signature","Landon Cassill","Love's Travel Stops | Front Row Motorsports | Ford","Driver",30,1
"Racing",2017,"Playoff","National Treasures","Booklet - Associate Sponsor Patch 14 Signature","Daniel Hemric","Blue Gate Bank | Richard Childress Racing | Chevrolet","Driver",32,1
"Racing",2017,"Playoff","National Treasures","Booklet - Associate Sponsor Patch 14 Signature","Cole Custer","Haas Automation | Stewart-Haas Racing | Ford","Driver",33,1
"Racing",2017,"Playoff","National Treasures","Booklet - Associate Sponsor Patch 14 Signature","Bobby Labonte","C&J Energy Services | Go FAS Racing | Ford","Driver",34,1
"Racing",2017,"Playoff","National Treasures","Booklet - Associate Sponsor Patch 15 Signature","Kevin Harvick","Jimmy John's | Stewart-Haas Racing | Ford","Driver",2,1
"Racing",2017,"Playoff","National Treasures","Booklet - Associate Sponsor Patch 15 Signature","Kyle Busch","M&M's | Joe Gibbs Racing | Toyota","Driver",4,1
"Racing",2017,"Playoff","National Treasures","Booklet - Associate Sponsor Patch 15 Signature","Kyle Larson","Target | Chip Ganassi Racing | Chevrolet","Driver",23,1
"Racing",2017,"Playoff","National Treasures","Booklet - Associate Sponsor Patch 15 Signature","Ricky Stenhouse Jr","SunnyD | Roush Fenway Racing | Ford","Driver",26,1
"Racing",2017,"Playoff","National Treasures","Booklet - Associate Sponsor Patch 15 Signature","AJ Allmendinger","Kroger | JTG Daugherty Racing | Chevrolet","Driver",27,1
"Racing",2017,"Playoff","National Treasures","Booklet - Associate Sponsor Patch 15 Signature","Jamie McMurray","Cessna | Chip Ganassi Racing | Chevrolet","Driver",29,1
"Racing",2017,"Playoff","National Treasures","Booklet - Associate Sponsor Patch 15 Signature","Landon Cassill","Love's Travel Stops | Front Row Motorsports | Ford","Driver",30,1
"Racing",2017,"Playoff","National Treasures","Booklet - Associate Sponsor Patch 15 Signature","Daniel Hemric","Blue Gate Bank | Richard Childress Racing | Chevrolet","Driver",32,1
"Racing",2017,"Playoff","National Treasures","Booklet - Associate Sponsor Patch 15 Signature","Cole Custer","Haas Automation | Stewart-Haas Racing | Ford","Driver",33,1
"Racing",2017,"Playoff","National Treasures","Booklet - Associate Sponsor Patch 16 Signature","Kyle Busch","M&M's | Joe Gibbs Racing | Toyota","Driver",4,1
"Racing",2017,"Playoff","National Treasures","Booklet - Associate Sponsor Patch 16 Signature","Kyle Larson","Target | Chip Ganassi Racing | Chevrolet","Driver",23,1
"Racing",2017,"Playoff","National Treasures","Booklet - Associate Sponsor Patch 16 Signature","Ricky Stenhouse Jr","SunnyD | Roush Fenway Racing | Ford","Driver",26,1
"Racing",2017,"Playoff","National Treasures","Booklet - Associate Sponsor Patch 16 Signature","AJ Allmendinger","Kroger | JTG Daugherty Racing | Chevrolet","Driver",27,1
"Racing",2017,"Playoff","National Treasures","Booklet - Associate Sponsor Patch 16 Signature","Landon Cassill","Love's Travel Stops | Front Row Motorsports | Ford","Driver",30,1
"Racing",2017,"Playoff","National Treasures","Booklet - Associate Sponsor Patch 16 Signature","Cole Custer","Haas Automation | Stewart-Haas Racing | Ford","Driver",33,1
"Racing",2017,"Playoff","National Treasures","Booklet - Associate Sponsor Patch 17 Signature","Kyle Busch","M&M's | Joe Gibbs Racing | Toyota","Driver",4,1
"Racing",2017,"Playoff","National Treasures","Booklet - Associate Sponsor Patch 17 Signature","Kyle Larson","Target | Chip Ganassi Racing | Chevrolet","Driver",23,1
"Racing",2017,"Playoff","National Treasures","Booklet - Associate Sponsor Patch 17 Signature","Ricky Stenhouse Jr","SunnyD | Roush Fenway Racing | Ford","Driver",26,1
"Racing",2017,"Playoff","National Treasures","Booklet - Associate Sponsor Patch 18 Signature","Kyle Busch","M&M's | Joe Gibbs Racing | Toyota","Driver",4,1
"Racing",2017,"Playoff","National Treasures","Booklet - Associate Sponsor Patch 18 Signature","Kyle Larson","Target | Chip Ganassi Racing | Chevrolet","Driver",23,1
"Racing",2017,"Playoff","National Treasures","Booklet - Associate Sponsor Patch 18 Signature","Ricky Stenhouse Jr","SunnyD | Roush Fenway Racing | Ford","Driver",26,1
"Racing",2017,"Playoff","National Treasures","Booklet - Associate Sponsor Patch 19 Signature","Kyle Larson","Target | Chip Ganassi Racing | Chevrolet","Driver",23,1
"Racing",2017,"Playoff","National Treasures","Booklet - Associate Sponsor Patch 19 Signature","Ricky Stenhouse Jr","SunnyD | Roush Fenway Racing | Ford","Driver",26,1
"Racing",2017,"Playoff","National Treasures","Booklet - Associate Sponsor Patch 2 Signature","Jimmie Johnson","Lowe's | Hendrick Motorsports | Chevrolet","Driver",1,1
"Racing",2017,"Playoff","National Treasures","Booklet - Associate Sponsor Patch 2 Signature","Kevin Harvick","Jimmy John's | Stewart-Haas Racing | Ford","Driver",2,1
"Racing",2017,"Playoff","National Treasures","Booklet - Associate Sponsor Patch 2 Signature","Dale Earnhardt Jr","Nationwide | Hendrick Motorsports | Chevrolet","Driver",3,1
"Racing",2017,"Playoff","National Treasures","Booklet - Associate Sponsor Patch 2 Signature","Kyle Busch","M&M's | Joe Gibbs Racing | Toyota","Driver",4,1
"Racing",2017,"Playoff","National Treasures","Booklet - Associate Sponsor Patch 2 Signature","Denny Hamlin","FedEx Express | Joe Gibbs Racing | Toyota","Driver",5,1
"Racing",2017,"Playoff","National Treasures","Booklet - Associate Sponsor Patch 2 Signature","Danica Patrick","Aspen Dental | Stewart-Haas Racing | Ford","Driver",6,1
"Racing",2017,"Playoff","National Treasures","Booklet - Associate Sponsor Patch 2 Signature","Matt Kenseth","DeWalt | Joe Gibbs Racing | Toyota","Driver",7,1
"Racing",2017,"Playoff","National Treasures","Booklet - Associate Sponsor Patch 2 Signature","Austin Dillon","Dow Chemical | Richard Childress Racing | Chevrolet","Driver",8,1
"Racing",2017,"Playoff","National Treasures","Booklet - Associate Sponsor Patch 2 Signature","Chase Elliott","NAPA Auto Parts | Hendrick Motorsports | Chevrolet","Driver",9,1
"Racing",2017,"Playoff","National Treasures","Booklet - Associate Sponsor Patch 2 Signature","Joey Logano","Shell-Pennzoil | Team Penske | Ford","Driver",10,1
"Racing",2017,"Playoff","National Treasures","Booklet - Associate Sponsor Patch 2 Signature","Clint Bowyer","Mobil 1 | Stewart-Haas Racing | Ford","Driver",11,1
"Racing",2017,"Playoff","National Treasures","Booklet - Associate Sponsor Patch 2 Signature","Ryan Newman","Caterpillar | Richard Childress Racing | Chevrolet","Driver",12,1
"Racing",2017,"Playoff","National Treasures","Booklet - Associate Sponsor Patch 2 Signature","Kasey Kahne","Farmers Insurance | Hendrick Motorsports | Chevrolet","Driver",13,1
"Racing",2017,"Playoff","National Treasures","Booklet - Associate Sponsor Patch 2 Signature","Martin Truex Jr.","Bass Pro Shops-TRACKER Boats | Furniture Row Racing | Toyota","Driver",14,1
"Racing",2017,"Playoff","National Treasures","Booklet - Associate Sponsor Patch 2 Signature","Corey LaJoie","Dustless Blasting | BK Racing | Toyota","Driver",15,1
"Racing",2017,"Playoff","National Treasures","Booklet - Associate Sponsor Patch 2 Signature","Erik Jones","5-Hour Energy | Furniture Row Racing | Toyota","Driver",16,1
"Racing",2017,"Playoff","National Treasures","Booklet - Associate Sponsor Patch 2 Signature","Gray Gaulding","Dr Pepper | BK Racing | Toyota","Driver",17,1
"Racing",2017,"Playoff","National Treasures","Booklet - Associate Sponsor Patch 2 Signature","Daniel Suarez","ARRIS | Joe Gibbs Racing | Toyota","Driver",18,1
"Racing",2017,"Playoff","National Treasures","Booklet - Associate Sponsor Patch 2 Signature","Ty Dillon","GEICO | Germain Racing | Chevrolet","Driver",19,1
"Racing",2017,"Playoff","National Treasures","Booklet - Associate Sponsor Patch 2 Signature","Carl Edwards","Aflac | Roush Fenway Racing | Ford","Driver",20,1
"Racing",2017,"Playoff","National Treasures","Booklet - Associate Sponsor Patch 2 Signature","Greg Biffle","3M | Roush Fenway Racing | Ford","Car",21,1
"Racing",2017,"Playoff","National Treasures","Booklet - Associate Sponsor Patch 2 Signature","Kurt Busch","Haas Automation | Stewart-Haas Racing | Ford","Driver",22,1
"Racing",2017,"Playoff","National Treasures","Booklet - Associate Sponsor Patch 2 Signature","Kyle Larson","Target | Chip Ganassi Racing | Chevrolet","Driver",23,1
"Racing",2017,"Playoff","National Treasures","Booklet - Associate Sponsor Patch 2 Signature","Ryan Blaney","Motorcraft | Wood Brothers Racing | Ford","Driver",24,1
"Racing",2017,"Playoff","National Treasures","Booklet - Associate Sponsor Patch 2 Signature","Trevor Bayne","AdvoCare | Roush Fenway Racing | Ford","Driver",25,1
"Racing",2017,"Playoff","National Treasures","Booklet - Associate Sponsor Patch 2 Signature","Ricky Stenhouse Jr","SunnyD | Roush Fenway Racing | Ford","Driver",26,1
"Racing",2017,"Playoff","National Treasures","Booklet - Associate Sponsor Patch 2 Signature","AJ Allmendinger","Kroger | JTG Daugherty Racing | Chevrolet","Driver",27,1
"Racing",2017,"Playoff","National Treasures","Booklet - Associate Sponsor Patch 2 Signature","David Ragan","Camping World | Front Row Motorsports | Ford","Driver",28,1
"Racing",2017,"Playoff","National Treasures","Booklet - Associate Sponsor Patch 2 Signature","Jamie McMurray","Cessna | Chip Ganassi Racing | Chevrolet","Driver",29,1
"Racing",2017,"Playoff","National Treasures","Booklet - Associate Sponsor Patch 2 Signature","Landon Cassill","Love's Travel Stops | Front Row Motorsports | Ford","Driver",30,1
"Racing",2017,"Playoff","National Treasures","Booklet - Associate Sponsor Patch 2 Signature","William Byron","Liberty University | JR Motorsports | Chevrolet","Driver",31,1
"Racing",2017,"Playoff","National Treasures","Booklet - Associate Sponsor Patch 2 Signature","Daniel Hemric","Blue Gate Bank | Richard Childress Racing | Chevrolet","Driver",32,1
"Racing",2017,"Playoff","National Treasures","Booklet - Associate Sponsor Patch 2 Signature","Cole Custer","Haas Automation | Stewart-Haas Racing | Ford","Driver",33,1
"Racing",2017,"Playoff","National Treasures","Booklet - Associate Sponsor Patch 2 Signature","Bobby Labonte","C&J Energy Services | Go FAS Racing | Ford","Driver",34,1
"Racing",2017,"Playoff","National Treasures","Booklet - Associate Sponsor Patch 2 Signature","Derrike Cope","Stoke Racing | Fred Stoke | Ford","Driver",35,1
"Racing",2017,"Playoff","National Treasures","Booklet - Associate Sponsor Patch 2 Signature","Kaz Grala","Kiklos | GMS Racing | Chevrolet","Driver",36,1
"Racing",2017,"Playoff","National Treasures","Booklet - Associate Sponsor Patch 20 Signature","Kyle Larson","Target | Chip Ganassi Racing | Chevrolet","Driver",23,1
"Racing",2017,"Playoff","National Treasures","Booklet - Associate Sponsor Patch 20 Signature","Ricky Stenhouse Jr","SunnyD | Roush Fenway Racing | Ford","Driver",26,1
"Racing",2017,"Playoff","National Treasures","Booklet - Associate Sponsor Patch 3 Signature","Jimmie Johnson","Lowe's | Hendrick Motorsports | Chevrolet","Driver",1,1
"Racing",2017,"Playoff","National Treasures","Booklet - Associate Sponsor Patch 3 Signature","Kevin Harvick","Jimmy John's | Stewart-Haas Racing | Ford","Driver",2,1
"Racing",2017,"Playoff","National Treasures","Booklet - Associate Sponsor Patch 3 Signature","Dale Earnhardt Jr","Nationwide | Hendrick Motorsports | Chevrolet","Driver",3,1
"Racing",2017,"Playoff","National Treasures","Booklet - Associate Sponsor Patch 3 Signature","Kyle Busch","M&M's | Joe Gibbs Racing | Toyota","Driver",4,1
"Racing",2017,"Playoff","National Treasures","Booklet - Associate Sponsor Patch 3 Signature","Denny Hamlin","FedEx Express | Joe Gibbs Racing | Toyota","Driver",5,1
"Racing",2017,"Playoff","National Treasures","Booklet - Associate Sponsor Patch 3 Signature","Danica Patrick","Aspen Dental | Stewart-Haas Racing | Ford","Driver",6,1
"Racing",2017,"Playoff","National Treasures","Booklet - Associate Sponsor Patch 3 Signature","Matt Kenseth","DeWalt | Joe Gibbs Racing | Toyota","Driver",7,1
"Racing",2017,"Playoff","National Treasures","Booklet - Associate Sponsor Patch 3 Signature","Austin Dillon","Dow Chemical | Richard Childress Racing | Chevrolet","Driver",8,1
"Racing",2017,"Playoff","National Treasures","Booklet - Associate Sponsor Patch 3 Signature","Chase Elliott","NAPA Auto Parts | Hendrick Motorsports | Chevrolet","Driver",9,1
"Racing",2017,"Playoff","National Treasures","Booklet - Associate Sponsor Patch 3 Signature","Joey Logano","Shell-Pennzoil | Team Penske | Ford","Driver",10,1
"Racing",2017,"Playoff","National Treasures","Booklet - Associate Sponsor Patch 3 Signature","Clint Bowyer","Mobil 1 | Stewart-Haas Racing | Ford","Driver",11,1
"Racing",2017,"Playoff","National Treasures","Booklet - Associate Sponsor Patch 3 Signature","Ryan Newman","Caterpillar | Richard Childress Racing | Chevrolet","Driver",12,1
"Racing",2017,"Playoff","National Treasures","Booklet - Associate Sponsor Patch 3 Signature","Kasey Kahne","Farmers Insurance | Hendrick Motorsports | Chevrolet","Driver",13,1
"Racing",2017,"Playoff","National Treasures","Booklet - Associate Sponsor Patch 3 Signature","Martin Truex Jr.","Bass Pro Shops-TRACKER Boats | Furniture Row Racing | Toyota","Driver",14,1
"Racing",2017,"Playoff","National Treasures","Booklet - Associate Sponsor Patch 3 Signature","Corey LaJoie","Dustless Blasting | BK Racing | Toyota","Driver",15,1
"Racing",2017,"Playoff","National Treasures","Booklet - Associate Sponsor Patch 3 Signature","Erik Jones","5-Hour Energy | Furniture Row Racing | Toyota","Driver",16,1
"Racing",2017,"Playoff","National Treasures","Booklet - Associate Sponsor Patch 3 Signature","Gray Gaulding","Dr Pepper | BK Racing | Toyota","Driver",17,1
"Racing",2017,"Playoff","National Treasures","Booklet - Associate Sponsor Patch 3 Signature","Daniel Suarez","ARRIS | Joe Gibbs Racing | Toyota","Driver",18,1
"Racing",2017,"Playoff","National Treasures","Booklet - Associate Sponsor Patch 3 Signature","Ty Dillon","GEICO | Germain Racing | Chevrolet","Driver",19,1
"Racing",2017,"Playoff","National Treasures","Booklet - Associate Sponsor Patch 3 Signature","Carl Edwards","Aflac | Roush Fenway Racing | Ford","Driver",20,1
"Racing",2017,"Playoff","National Treasures","Booklet - Associate Sponsor Patch 3 Signature","Greg Biffle","3M | Roush Fenway Racing | Ford","Car",21,1
"Racing",2017,"Playoff","National Treasures","Booklet - Associate Sponsor Patch 3 Signature","Kurt Busch","Haas Automation | Stewart-Haas Racing | Ford","Driver",22,1
"Racing",2017,"Playoff","National Treasures","Booklet - Associate Sponsor Patch 3 Signature","Kyle Larson","Target | Chip Ganassi Racing | Chevrolet","Driver",23,1
"Racing",2017,"Playoff","National Treasures","Booklet - Associate Sponsor Patch 3 Signature","Ryan Blaney","Motorcraft | Wood Brothers Racing | Ford","Driver",24,1
"Racing",2017,"Playoff","National Treasures","Booklet - Associate Sponsor Patch 3 Signature","Trevor Bayne","AdvoCare | Roush Fenway Racing | Ford","Driver",25,1
"Racing",2017,"Playoff","National Treasures","Booklet - Associate Sponsor Patch 3 Signature","Ricky Stenhouse Jr","SunnyD | Roush Fenway Racing | Ford","Driver",26,1
"Racing",2017,"Playoff","National Treasures","Booklet - Associate Sponsor Patch 3 Signature","AJ Allmendinger","Kroger | JTG Daugherty Racing | Chevrolet","Driver",27,1
"Racing",2017,"Playoff","National Treasures","Booklet - Associate Sponsor Patch 3 Signature","David Ragan","Camping World | Front Row Motorsports | Ford","Driver",28,1
"Racing",2017,"Playoff","National Treasures","Booklet - Associate Sponsor Patch 3 Signature","Jamie McMurray","Cessna | Chip Ganassi Racing | Chevrolet","Driver",29,1
"Racing",2017,"Playoff","National Treasures","Booklet - Associate Sponsor Patch 3 Signature","Landon Cassill","Love's Travel Stops | Front Row Motorsports | Ford","Driver",30,1
"Racing",2017,"Playoff","National Treasures","Booklet - Associate Sponsor Patch 3 Signature","William Byron","Liberty University | JR Motorsports | Chevrolet","Driver",31,1
"Racing",2017,"Playoff","National Treasures","Booklet - Associate Sponsor Patch 3 Signature","Daniel Hemric","Blue Gate Bank | Richard Childress Racing | Chevrolet","Driver",32,1
"Racing",2017,"Playoff","National Treasures","Booklet - Associate Sponsor Patch 3 Signature","Cole Custer","Haas Automation | Stewart-Haas Racing | Ford","Driver",33,1
"Racing",2017,"Playoff","National Treasures","Booklet - Associate Sponsor Patch 3 Signature","Bobby Labonte","C&J Energy Services | Go FAS Racing | Ford","Driver",34,1
"Racing",2017,"Playoff","National Treasures","Booklet - Associate Sponsor Patch 3 Signature","Derrike Cope","Stoke Racing | Fred Stoke | Ford","Driver",35,1
"Racing",2017,"Playoff","National Treasures","Booklet - Associate Sponsor Patch 4 Signature","Jimmie Johnson","Lowe's | Hendrick Motorsports | Chevrolet","Driver",1,1
"Racing",2017,"Playoff","National Treasures","Booklet - Associate Sponsor Patch 4 Signature","Kevin Harvick","Jimmy John's | Stewart-Haas Racing | Ford","Driver",2,1
"Racing",2017,"Playoff","National Treasures","Booklet - Associate Sponsor Patch 4 Signature","Dale Earnhardt Jr","Nationwide | Hendrick Motorsports | Chevrolet","Driver",3,1
"Racing",2017,"Playoff","National Treasures","Booklet - Associate Sponsor Patch 4 Signature","Kyle Busch","M&M's | Joe Gibbs Racing | Toyota","Driver",4,1
"Racing",2017,"Playoff","National Treasures","Booklet - Associate Sponsor Patch 4 Signature","Denny Hamlin","FedEx Express | Joe Gibbs Racing | Toyota","Driver",5,1
"Racing",2017,"Playoff","National Treasures","Booklet - Associate Sponsor Patch 4 Signature","Danica Patrick","Aspen Dental | Stewart-Haas Racing | Ford","Driver",6,1
"Racing",2017,"Playoff","National Treasures","Booklet - Associate Sponsor Patch 4 Signature","Matt Kenseth","DeWalt | Joe Gibbs Racing | Toyota","Driver",7,1
"Racing",2017,"Playoff","National Treasures","Booklet - Associate Sponsor Patch 4 Signature","Austin Dillon","Dow Chemical | Richard Childress Racing | Chevrolet","Driver",8,1
"Racing",2017,"Playoff","National Treasures","Booklet - Associate Sponsor Patch 4 Signature","Chase Elliott","NAPA Auto Parts | Hendrick Motorsports | Chevrolet","Driver",9,1
"Racing",2017,"Playoff","National Treasures","Booklet - Associate Sponsor Patch 4 Signature","Joey Logano","Shell-Pennzoil | Team Penske | Ford","Driver",10,1
"Racing",2017,"Playoff","National Treasures","Booklet - Associate Sponsor Patch 4 Signature","Clint Bowyer","Mobil 1 | Stewart-Haas Racing | Ford","Driver",11,1
"Racing",2017,"Playoff","National Treasures","Booklet - Associate Sponsor Patch 4 Signature","Ryan Newman","Caterpillar | Richard Childress Racing | Chevrolet","Driver",12,1
"Racing",2017,"Playoff","National Treasures","Booklet - Associate Sponsor Patch 4 Signature","Kasey Kahne","Farmers Insurance | Hendrick Motorsports | Chevrolet","Driver",13,1
"Racing",2017,"Playoff","National Treasures","Booklet - Associate Sponsor Patch 4 Signature","Martin Truex Jr.","Bass Pro Shops-TRACKER Boats | Furniture Row Racing | Toyota","Driver",14,1
"Racing",2017,"Playoff","National Treasures","Booklet - Associate Sponsor Patch 4 Signature","Corey LaJoie","Dustless Blasting | BK Racing | Toyota","Driver",15,1
"Racing",2017,"Playoff","National Treasures","Booklet - Associate Sponsor Patch 4 Signature","Erik Jones","5-Hour Energy | Furniture Row Racing | Toyota","Driver",16,1
"Racing",2017,"Playoff","National Treasures","Booklet - Associate Sponsor Patch 4 Signature","Gray Gaulding","Dr Pepper | BK Racing | Toyota","Driver",17,1
"Racing",2017,"Playoff","National Treasures","Booklet - Associate Sponsor Patch 4 Signature","Daniel Suarez","ARRIS | Joe Gibbs Racing | Toyota","Driver",18,1
"Racing",2017,"Playoff","National Treasures","Booklet - Associate Sponsor Patch 4 Signature","Ty Dillon","GEICO | Germain Racing | Chevrolet","Driver",19,1
"Racing",2017,"Playoff","National Treasures","Booklet - Associate Sponsor Patch 4 Signature","Carl Edwards","Aflac | Roush Fenway Racing | Ford","Driver",20,1
"Racing",2017,"Playoff","National Treasures","Booklet - Associate Sponsor Patch 4 Signature","Greg Biffle","3M | Roush Fenway Racing | Ford","Car",21,1
"Racing",2017,"Playoff","National Treasures","Booklet - Associate Sponsor Patch 4 Signature","Kyle Larson","Target | Chip Ganassi Racing | Chevrolet","Driver",23,1
"Racing",2017,"Playoff","National Treasures","Booklet - Associate Sponsor Patch 4 Signature","Ryan Blaney","Motorcraft | Wood Brothers Racing | Ford","Driver",24,1
"Racing",2017,"Playoff","National Treasures","Booklet - Associate Sponsor Patch 4 Signature","Trevor Bayne","AdvoCare | Roush Fenway Racing | Ford","Driver",25,1
"Racing",2017,"Playoff","National Treasures","Booklet - Associate Sponsor Patch 4 Signature","Ricky Stenhouse Jr","SunnyD | Roush Fenway Racing | Ford","Driver",26,1
"Racing",2017,"Playoff","National Treasures","Booklet - Associate Sponsor Patch 4 Signature","AJ Allmendinger","Kroger | JTG Daugherty Racing | Chevrolet","Driver",27,1
"Racing",2017,"Playoff","National Treasures","Booklet - Associate Sponsor Patch 4 Signature","David Ragan","Camping World | Front Row Motorsports | Ford","Driver",28,1
"Racing",2017,"Playoff","National Treasures","Booklet - Associate Sponsor Patch 4 Signature","Jamie McMurray","Cessna | Chip Ganassi Racing | Chevrolet","Driver",29,1
"Racing",2017,"Playoff","National Treasures","Booklet - Associate Sponsor Patch 4 Signature","Landon Cassill","Love's Travel Stops | Front Row Motorsports | Ford","Driver",30,1
"Racing",2017,"Playoff","National Treasures","Booklet - Associate Sponsor Patch 4 Signature","William Byron","Liberty University | JR Motorsports | Chevrolet","Driver",31,1
"Racing",2017,"Playoff","National Treasures","Booklet - Associate Sponsor Patch 4 Signature","Daniel Hemric","Blue Gate Bank | Richard Childress Racing | Chevrolet","Driver",32,1
"Racing",2017,"Playoff","National Treasures","Booklet - Associate Sponsor Patch 4 Signature","Cole Custer","Haas Automation | Stewart-Haas Racing | Ford","Driver",33,1
"Racing",2017,"Playoff","National Treasures","Booklet - Associate Sponsor Patch 4 Signature","Bobby Labonte","C&J Energy Services | Go FAS Racing | Ford","Driver",34,1
"Racing",2017,"Playoff","National Treasures","Booklet - Associate Sponsor Patch 4 Signature","Derrike Cope","Stoke Racing | Fred Stoke | Ford","Driver",35,1
"Racing",2017,"Playoff","National Treasures","Booklet - Associate Sponsor Patch 4 Signature","Kaz Grala","Kiklos | GMS Racing | Chevrolet","Driver",36,1
"Racing",2017,"Playoff","National Treasures","Booklet - Associate Sponsor Patch 5 Signature","Jimmie Johnson","Lowe's | Hendrick Motorsports | Chevrolet","Driver",1,1
"Racing",2017,"Playoff","National Treasures","Booklet - Associate Sponsor Patch 5 Signature","Kevin Harvick","Jimmy John's | Stewart-Haas Racing | Ford","Driver",2,1
"Racing",2017,"Playoff","National Treasures","Booklet - Associate Sponsor Patch 5 Signature","Dale Earnhardt Jr","Nationwide | Hendrick Motorsports | Chevrolet","Driver",3,1
"Racing",2017,"Playoff","National Treasures","Booklet - Associate Sponsor Patch 5 Signature","Kyle Busch","M&M's | Joe Gibbs Racing | Toyota","Driver",4,1
"Racing",2017,"Playoff","National Treasures","Booklet - Associate Sponsor Patch 5 Signature","Denny Hamlin","FedEx Express | Joe Gibbs Racing | Toyota","Driver",5,1
"Racing",2017,"Playoff","National Treasures","Booklet - Associate Sponsor Patch 5 Signature","Danica Patrick","Aspen Dental | Stewart-Haas Racing | Ford","Driver",6,1
"Racing",2017,"Playoff","National Treasures","Booklet - Associate Sponsor Patch 5 Signature","Matt Kenseth","DeWalt | Joe Gibbs Racing | Toyota","Driver",7,1
"Racing",2017,"Playoff","National Treasures","Booklet - Associate Sponsor Patch 5 Signature","Austin Dillon","Dow Chemical | Richard Childress Racing | Chevrolet","Driver",8,1
"Racing",2017,"Playoff","National Treasures","Booklet - Associate Sponsor Patch 5 Signature","Chase Elliott","NAPA Auto Parts | Hendrick Motorsports | Chevrolet","Driver",9,1
"Racing",2017,"Playoff","National Treasures","Booklet - Associate Sponsor Patch 5 Signature","Joey Logano","Shell-Pennzoil | Team Penske | Ford","Driver",10,1
"Racing",2017,"Playoff","National Treasures","Booklet - Associate Sponsor Patch 5 Signature","Clint Bowyer","Mobil 1 | Stewart-Haas Racing | Ford","Driver",11,1
"Racing",2017,"Playoff","National Treasures","Booklet - Associate Sponsor Patch 5 Signature","Ryan Newman","Caterpillar | Richard Childress Racing | Chevrolet","Driver",12,1
"Racing",2017,"Playoff","National Treasures","Booklet - Associate Sponsor Patch 5 Signature","Kasey Kahne","Farmers Insurance | Hendrick Motorsports | Chevrolet","Driver",13,1
"Racing",2017,"Playoff","National Treasures","Booklet - Associate Sponsor Patch 5 Signature","Martin Truex Jr.","Bass Pro Shops-TRACKER Boats | Furniture Row Racing | Toyota","Driver",14,1
"Racing",2017,"Playoff","National Treasures","Booklet - Associate Sponsor Patch 5 Signature","Corey LaJoie","Dustless Blasting | BK Racing | Toyota","Driver",15,1
"Racing",2017,"Playoff","National Treasures","Booklet - Associate Sponsor Patch 5 Signature","Erik Jones","5-Hour Energy | Furniture Row Racing | Toyota","Driver",16,1
"Racing",2017,"Playoff","National Treasures","Booklet - Associate Sponsor Patch 5 Signature","Gray Gaulding","Dr Pepper | BK Racing | Toyota","Driver",17,1
"Racing",2017,"Playoff","National Treasures","Booklet - Associate Sponsor Patch 5 Signature","Daniel Suarez","ARRIS | Joe Gibbs Racing | Toyota","Driver",18,1
"Racing",2017,"Playoff","National Treasures","Booklet - Associate Sponsor Patch 5 Signature","Ty Dillon","GEICO | Germain Racing | Chevrolet","Driver",19,1
"Racing",2017,"Playoff","National Treasures","Booklet - Associate Sponsor Patch 5 Signature","Carl Edwards","Aflac | Roush Fenway Racing | Ford","Driver",20,1
"Racing",2017,"Playoff","National Treasures","Booklet - Associate Sponsor Patch 5 Signature","Greg Biffle","3M | Roush Fenway Racing | Ford","Car",21,1
"Racing",2017,"Playoff","National Treasures","Booklet - Associate Sponsor Patch 5 Signature","Kurt Busch","Haas Automation | Stewart-Haas Racing | Ford","Driver",22,1
"Racing",2017,"Playoff","National Treasures","Booklet - Associate Sponsor Patch 5 Signature","Kyle Larson","Target | Chip Ganassi Racing | Chevrolet","Driver",23,1
"Racing",2017,"Playoff","National Treasures","Booklet - Associate Sponsor Patch 5 Signature","Trevor Bayne","AdvoCare | Roush Fenway Racing | Ford","Driver",25,1
"Racing",2017,"Playoff","National Treasures","Booklet - Associate Sponsor Patch 5 Signature","Ricky Stenhouse Jr","SunnyD | Roush Fenway Racing | Ford","Driver",26,1
"Racing",2017,"Playoff","National Treasures","Booklet - Associate Sponsor Patch 5 Signature","AJ Allmendinger","Kroger | JTG Daugherty Racing | Chevrolet","Driver",27,1
"Racing",2017,"Playoff","National Treasures","Booklet - Associate Sponsor Patch 5 Signature","David Ragan","Camping World | Front Row Motorsports | Ford","Driver",28,1
"Racing",2017,"Playoff","National Treasures","Booklet - Associate Sponsor Patch 5 Signature","Jamie McMurray","Cessna | Chip Ganassi Racing | Chevrolet","Driver",29,1
"Racing",2017,"Playoff","National Treasures","Booklet - Associate Sponsor Patch 5 Signature","Landon Cassill","Love's Travel Stops | Front Row Motorsports | Ford","Driver",30,1
"Racing",2017,"Playoff","National Treasures","Booklet - Associate Sponsor Patch 5 Signature","William Byron","Liberty University | JR Motorsports | Chevrolet","Driver",31,1
"Racing",2017,"Playoff","National Treasures","Booklet - Associate Sponsor Patch 5 Signature","Daniel Hemric","Blue Gate Bank | Richard Childress Racing | Chevrolet","Driver",32,1
"Racing",2017,"Playoff","National Treasures","Booklet - Associate Sponsor Patch 5 Signature","Cole Custer","Haas Automation | Stewart-Haas Racing | Ford","Driver",33,1
"Racing",2017,"Playoff","National Treasures","Booklet - Associate Sponsor Patch 5 Signature","Bobby Labonte","C&J Energy Services | Go FAS Racing | Ford","Driver",34,1
"Racing",2017,"Playoff","National Treasures","Booklet - Associate Sponsor Patch 5 Signature","Derrike Cope","Stoke Racing | Fred Stoke | Ford","Driver",35,1
"Racing",2017,"Playoff","National Treasures","Booklet - Associate Sponsor Patch 6 Signature","Jimmie Johnson","Lowe's | Hendrick Motorsports | Chevrolet","Driver",1,1
"Racing",2017,"Playoff","National Treasures","Booklet - Associate Sponsor Patch 6 Signature","Kevin Harvick","Jimmy John's | Stewart-Haas Racing | Ford","Driver",2,1
"Racing",2017,"Playoff","National Treasures","Booklet - Associate Sponsor Patch 6 Signature","Dale Earnhardt Jr","Nationwide | Hendrick Motorsports | Chevrolet","Driver",3,1
"Racing",2017,"Playoff","National Treasures","Booklet - Associate Sponsor Patch 6 Signature","Kyle Busch","M&M's | Joe Gibbs Racing | Toyota","Driver",4,1
"Racing",2017,"Playoff","National Treasures","Booklet - Associate Sponsor Patch 6 Signature","Danica Patrick","Aspen Dental | Stewart-Haas Racing | Ford","Driver",6,1
"Racing",2017,"Playoff","National Treasures","Booklet - Associate Sponsor Patch 6 Signature","Matt Kenseth","DeWalt | Joe Gibbs Racing | Toyota","Driver",7,1
"Racing",2017,"Playoff","National Treasures","Booklet - Associate Sponsor Patch 6 Signature","Austin Dillon","Dow Chemical | Richard Childress Racing | Chevrolet","Driver",8,1
"Racing",2017,"Playoff","National Treasures","Booklet - Associate Sponsor Patch 6 Signature","Chase Elliott","NAPA Auto Parts | Hendrick Motorsports | Chevrolet","Driver",9,1
"Racing",2017,"Playoff","National Treasures","Booklet - Associate Sponsor Patch 6 Signature","Joey Logano","Shell-Pennzoil | Team Penske | Ford","Driver",10,1
"Racing",2017,"Playoff","National Treasures","Booklet - Associate Sponsor Patch 6 Signature","Clint Bowyer","Mobil 1 | Stewart-Haas Racing | Ford","Driver",11,1
"Racing",2017,"Playoff","National Treasures","Booklet - Associate Sponsor Patch 6 Signature","Ryan Newman","Caterpillar | Richard Childress Racing | Chevrolet","Driver",12,1
"Racing",2017,"Playoff","National Treasures","Booklet - Associate Sponsor Patch 6 Signature","Kasey Kahne","Farmers Insurance | Hendrick Motorsports | Chevrolet","Driver",13,1
"Racing",2017,"Playoff","National Treasures","Booklet - Associate Sponsor Patch 6 Signature","Corey LaJoie","Dustless Blasting | BK Racing | Toyota","Driver",15,1
"Racing",2017,"Playoff","National Treasures","Booklet - Associate Sponsor Patch 6 Signature","Erik Jones","5-Hour Energy | Furniture Row Racing | Toyota","Driver",16,1
"Racing",2017,"Playoff","National Treasures","Booklet - Associate Sponsor Patch 6 Signature","Gray Gaulding","Dr Pepper | BK Racing | Toyota","Driver",17,1
"Racing",2017,"Playoff","National Treasures","Booklet - Associate Sponsor Patch 6 Signature","Ty Dillon","GEICO | Germain Racing | Chevrolet","Driver",19,1
"Racing",2017,"Playoff","National Treasures","Booklet - Associate Sponsor Patch 6 Signature","Carl Edwards","Aflac | Roush Fenway Racing | Ford","Driver",20,1
"Racing",2017,"Playoff","National Treasures","Booklet - Associate Sponsor Patch 6 Signature","Greg Biffle","3M | Roush Fenway Racing | Ford","Car",21,1
"Racing",2017,"Playoff","National Treasures","Booklet - Associate Sponsor Patch 6 Signature","Kyle Larson","Target | Chip Ganassi Racing | Chevrolet","Driver",23,1
"Racing",2017,"Playoff","National Treasures","Booklet - Associate Sponsor Patch 6 Signature","Trevor Bayne","AdvoCare | Roush Fenway Racing | Ford","Driver",25,1
"Racing",2017,"Playoff","National Treasures","Booklet - Associate Sponsor Patch 6 Signature","Ricky Stenhouse Jr","SunnyD | Roush Fenway Racing | Ford","Driver",26,1
"Racing",2017,"Playoff","National Treasures","Booklet - Associate Sponsor Patch 6 Signature","AJ Allmendinger","Kroger | JTG Daugherty Racing | Chevrolet","Driver",27,1
"Racing",2017,"Playoff","National Treasures","Booklet - Associate Sponsor Patch 6 Signature","David Ragan","Camping World | Front Row Motorsports | Ford","Driver",28,1
"Racing",2017,"Playoff","National Treasures","Booklet - Associate Sponsor Patch 6 Signature","Jamie McMurray","Cessna | Chip Ganassi Racing | Chevrolet","Driver",29,1
"Racing",2017,"Playoff","National Treasures","Booklet - Associate Sponsor Patch 6 Signature","Landon Cassill","Love's Travel Stops | Front Row Motorsports | Ford","Driver",30,1
"Racing",2017,"Playoff","National Treasures","Booklet - Associate Sponsor Patch 6 Signature","William Byron","Liberty University | JR Motorsports | Chevrolet","Driver",31,1
"Racing",2017,"Playoff","National Treasures","Booklet - Associate Sponsor Patch 6 Signature","Daniel Hemric","Blue Gate Bank | Richard Childress Racing | Chevrolet","Driver",32,1
"Racing",2017,"Playoff","National Treasures","Booklet - Associate Sponsor Patch 6 Signature","Cole Custer","Haas Automation | Stewart-Haas Racing | Ford","Driver",33,1
"Racing",2017,"Playoff","National Treasures","Booklet - Associate Sponsor Patch 6 Signature","Bobby Labonte","C&J Energy Services | Go FAS Racing | Ford","Driver",34,1
"Racing",2017,"Playoff","National Treasures","Booklet - Associate Sponsor Patch 7 Signature","Jimmie Johnson","Lowe's | Hendrick Motorsports | Chevrolet","Driver",1,1
"Racing",2017,"Playoff","National Treasures","Booklet - Associate Sponsor Patch 7 Signature","Kevin Harvick","Jimmy John's | Stewart-Haas Racing | Ford","Driver",2,1
"Racing",2017,"Playoff","National Treasures","Booklet - Associate Sponsor Patch 7 Signature","Dale Earnhardt Jr","Nationwide | Hendrick Motorsports | Chevrolet","Driver",3,1
"Racing",2017,"Playoff","National Treasures","Booklet - Associate Sponsor Patch 7 Signature","Kyle Busch","M&M's | Joe Gibbs Racing | Toyota","Driver",4,1
"Racing",2017,"Playoff","National Treasures","Booklet - Associate Sponsor Patch 7 Signature","Danica Patrick","Aspen Dental | Stewart-Haas Racing | Ford","Driver",6,1
"Racing",2017,"Playoff","National Treasures","Booklet - Associate Sponsor Patch 7 Signature","Matt Kenseth","DeWalt | Joe Gibbs Racing | Toyota","Driver",7,1
"Racing",2017,"Playoff","National Treasures","Booklet - Associate Sponsor Patch 7 Signature","Austin Dillon","Dow Chemical | Richard Childress Racing | Chevrolet","Driver",8,1
"Racing",2017,"Playoff","National Treasures","Booklet - Associate Sponsor Patch 7 Signature","Chase Elliott","NAPA Auto Parts | Hendrick Motorsports | Chevrolet","Driver",9,1
"Racing",2017,"Playoff","National Treasures","Booklet - Associate Sponsor Patch 7 Signature","Joey Logano","Shell-Pennzoil | Team Penske | Ford","Driver",10,1
"Racing",2017,"Playoff","National Treasures","Booklet - Associate Sponsor Patch 7 Signature","Clint Bowyer","Mobil 1 | Stewart-Haas Racing | Ford","Driver",11,1
"Racing",2017,"Playoff","National Treasures","Booklet - Associate Sponsor Patch 7 Signature","Ryan Newman","Caterpillar | Richard Childress Racing | Chevrolet","Driver",12,1
"Racing",2017,"Playoff","National Treasures","Booklet - Associate Sponsor Patch 7 Signature","Kasey Kahne","Farmers Insurance | Hendrick Motorsports | Chevrolet","Driver",13,1
"Racing",2017,"Playoff","National Treasures","Booklet - Associate Sponsor Patch 7 Signature","Corey LaJoie","Dustless Blasting | BK Racing | Toyota","Driver",15,1
"Racing",2017,"Playoff","National Treasures","Booklet - Associate Sponsor Patch 7 Signature","Gray Gaulding","Dr Pepper | BK Racing | Toyota","Driver",17,1
"Racing",2017,"Playoff","National Treasures","Booklet - Associate Sponsor Patch 7 Signature","Ty Dillon","GEICO | Germain Racing | Chevrolet","Driver",19,1
"Racing",2017,"Playoff","National Treasures","Booklet - Associate Sponsor Patch 7 Signature","Carl Edwards","Aflac | Roush Fenway Racing | Ford","Driver",20,1
"Racing",2017,"Playoff","National Treasures","Booklet - Associate Sponsor Patch 7 Signature","Greg Biffle","3M | Roush Fenway Racing | Ford","Car",21,1
"Racing",2017,"Playoff","National Treasures","Booklet - Associate Sponsor Patch 7 Signature","Kyle Larson","Target | Chip Ganassi Racing | Chevrolet","Driver",23,1
"Racing",2017,"Playoff","National Treasures","Booklet - Associate Sponsor Patch 7 Signature","Trevor Bayne","AdvoCare | Roush Fenway Racing | Ford","Driver",25,1
"Racing",2017,"Playoff","National Treasures","Booklet - Associate Sponsor Patch 7 Signature","Ricky Stenhouse Jr","SunnyD | Roush Fenway Racing | Ford","Driver",26,1
"Racing",2017,"Playoff","National Treasures","Booklet - Associate Sponsor Patch 7 Signature","AJ Allmendinger","Kroger | JTG Daugherty Racing | Chevrolet","Driver",27,1
"Racing",2017,"Playoff","National Treasures","Booklet - Associate Sponsor Patch 7 Signature","David Ragan","Camping World | Front Row Motorsports | Ford","Driver",28,1
"Racing",2017,"Playoff","National Treasures","Booklet - Associate Sponsor Patch 7 Signature","Jamie McMurray","Cessna | Chip Ganassi Racing | Chevrolet","Driver",29,1
"Racing",2017,"Playoff","National Treasures","Booklet - Associate Sponsor Patch 7 Signature","Landon Cassill","Love's Travel Stops | Front Row Motorsports | Ford","Driver",30,1
"Racing",2017,"Playoff","National Treasures","Booklet - Associate Sponsor Patch 7 Signature","William Byron","Liberty University | JR Motorsports | Chevrolet","Driver",31,1
"Racing",2017,"Playoff","National Treasures","Booklet - Associate Sponsor Patch 7 Signature","Daniel Hemric","Blue Gate Bank | Richard Childress Racing | Chevrolet","Driver",32,1
"Racing",2017,"Playoff","National Treasures","Booklet - Associate Sponsor Patch 7 Signature","Cole Custer","Haas Automation | Stewart-Haas Racing | Ford","Driver",33,1
"Racing",2017,"Playoff","National Treasures","Booklet - Associate Sponsor Patch 7 Signature","Bobby Labonte","C&J Energy Services | Go FAS Racing | Ford","Driver",34,1
"Racing",2017,"Playoff","National Treasures","Booklet - Associate Sponsor Patch 8 Signature","Jimmie Johnson","Lowe's | Hendrick Motorsports | Chevrolet","Driver",1,1
"Racing",2017,"Playoff","National Treasures","Booklet - Associate Sponsor Patch 8 Signature","Kevin Harvick","Jimmy John's | Stewart-Haas Racing | Ford","Driver",2,1
"Racing",2017,"Playoff","National Treasures","Booklet - Associate Sponsor Patch 8 Signature","Dale Earnhardt Jr","Nationwide | Hendrick Motorsports | Chevrolet","Driver",3,1
"Racing",2017,"Playoff","National Treasures","Booklet - Associate Sponsor Patch 8 Signature","Danica Patrick","Aspen Dental | Stewart-Haas Racing | Ford","Driver",6,1
"Racing",2017,"Playoff","National Treasures","Booklet - Associate Sponsor Patch 8 Signature","Matt Kenseth","DeWalt | Joe Gibbs Racing | Toyota","Driver",7,1
"Racing",2017,"Playoff","National Treasures","Booklet - Associate Sponsor Patch 8 Signature","Austin Dillon","Dow Chemical | Richard Childress Racing | Chevrolet","Driver",8,1
"Racing",2017,"Playoff","National Treasures","Booklet - Associate Sponsor Patch 8 Signature","Chase Elliott","NAPA Auto Parts | Hendrick Motorsports | Chevrolet","Driver",9,1
"Racing",2017,"Playoff","National Treasures","Booklet - Associate Sponsor Patch 8 Signature","Joey Logano","Shell-Pennzoil | Team Penske | Ford","Driver",10,1
"Racing",2017,"Playoff","National Treasures","Booklet - Associate Sponsor Patch 8 Signature","Clint Bowyer","Mobil 1 | Stewart-Haas Racing | Ford","Driver",11,1
"Racing",2017,"Playoff","National Treasures","Booklet - Associate Sponsor Patch 8 Signature","Ryan Newman","Caterpillar | Richard Childress Racing | Chevrolet","Driver",12,1
"Racing",2017,"Playoff","National Treasures","Booklet - Associate Sponsor Patch 8 Signature","Kasey Kahne","Farmers Insurance | Hendrick Motorsports | Chevrolet","Driver",13,1
"Racing",2017,"Playoff","National Treasures","Booklet - Associate Sponsor Patch 8 Signature","Corey LaJoie","Dustless Blasting | BK Racing | Toyota","Driver",15,1
"Racing",2017,"Playoff","National Treasures","Booklet - Associate Sponsor Patch 8 Signature","Gray Gaulding","Dr Pepper | BK Racing | Toyota","Driver",17,1
"Racing",2017,"Playoff","National Treasures","Booklet - Associate Sponsor Patch 8 Signature","Carl Edwards","Aflac | Roush Fenway Racing | Ford","Driver",20,1
"Racing",2017,"Playoff","National Treasures","Booklet - Associate Sponsor Patch 8 Signature","Greg Biffle","3M | Roush Fenway Racing | Ford","Car",21,1
"Racing",2017,"Playoff","National Treasures","Booklet - Associate Sponsor Patch 8 Signature","Kyle Larson","Target | Chip Ganassi Racing | Chevrolet","Driver",23,1
"Racing",2017,"Playoff","National Treasures","Booklet - Associate Sponsor Patch 8 Signature","Trevor Bayne","AdvoCare | Roush Fenway Racing | Ford","Driver",25,1
"Racing",2017,"Playoff","National Treasures","Booklet - Associate Sponsor Patch 8 Signature","Ricky Stenhouse Jr","SunnyD | Roush Fenway Racing | Ford","Driver",26,1
"Racing",2017,"Playoff","National Treasures","Booklet - Associate Sponsor Patch 8 Signature","AJ Allmendinger","Kroger | JTG Daugherty Racing | Chevrolet","Driver",27,1
"Racing",2017,"Playoff","National Treasures","Booklet - Associate Sponsor Patch 8 Signature","Jamie McMurray","Cessna | Chip Ganassi Racing | Chevrolet","Driver",29,1
"Racing",2017,"Playoff","National Treasures","Booklet - Associate Sponsor Patch 8 Signature","Landon Cassill","Love's Travel Stops | Front Row Motorsports | Ford","Driver",30,1
"Racing",2017,"Playoff","National Treasures","Booklet - Associate Sponsor Patch 8 Signature","William Byron","Liberty University | JR Motorsports | Chevrolet","Driver",31,1
"Racing",2017,"Playoff","National Treasures","Booklet - Associate Sponsor Patch 8 Signature","Daniel Hemric","Blue Gate Bank | Richard Childress Racing | Chevrolet","Driver",32,1
"Racing",2017,"Playoff","National Treasures","Booklet - Associate Sponsor Patch 8 Signature","Cole Custer","Haas Automation | Stewart-Haas Racing | Ford","Driver",33,1
"Racing",2017,"Playoff","National Treasures","Booklet - Associate Sponsor Patch 8 Signature","Bobby Labonte","C&J Energy Services | Go FAS Racing | Ford","Driver",34,1
"Racing",2017,"Playoff","National Treasures","Booklet - Associate Sponsor Patch 9 Signature","Kevin Harvick","Jimmy John's | Stewart-Haas Racing | Ford","Driver",2,1
"Racing",2017,"Playoff","National Treasures","Booklet - Associate Sponsor Patch 9 Signature","Dale Earnhardt Jr","Nationwide | Hendrick Motorsports | Chevrolet","Driver",3,1
"Racing",2017,"Playoff","National Treasures","Booklet - Associate Sponsor Patch 9 Signature","Kyle Busch","M&M's | Joe Gibbs Racing | Toyota","Driver",4,1
"Racing",2017,"Playoff","National Treasures","Booklet - Associate Sponsor Patch 9 Signature","Danica Patrick","Aspen Dental | Stewart-Haas Racing | Ford","Driver",6,1
"Racing",2017,"Playoff","National Treasures","Booklet - Associate Sponsor Patch 9 Signature","Matt Kenseth","DeWalt | Joe Gibbs Racing | Toyota","Driver",7,1
"Racing",2017,"Playoff","National Treasures","Booklet - Associate Sponsor Patch 9 Signature","Austin Dillon","Dow Chemical | Richard Childress Racing | Chevrolet","Driver",8,1
"Racing",2017,"Playoff","National Treasures","Booklet - Associate Sponsor Patch 9 Signature","Chase Elliott","NAPA Auto Parts | Hendrick Motorsports | Chevrolet","Driver",9,1
"Racing",2017,"Playoff","National Treasures","Booklet - Associate Sponsor Patch 9 Signature","Joey Logano","Shell-Pennzoil | Team Penske | Ford","Driver",10,1
"Racing",2017,"Playoff","National Treasures","Booklet - Associate Sponsor Patch 9 Signature","Ryan Newman","Caterpillar | Richard Childress Racing | Chevrolet","Driver",12,1
"Racing",2017,"Playoff","National Treasures","Booklet - Associate Sponsor Patch 9 Signature","Kasey Kahne","Farmers Insurance | Hendrick Motorsports | Chevrolet","Driver",13,1
"Racing",2017,"Playoff","National Treasures","Booklet - Associate Sponsor Patch 9 Signature","Corey LaJoie","Dustless Blasting | BK Racing | Toyota","Driver",15,1
"Racing",2017,"Playoff","National Treasures","Booklet - Associate Sponsor Patch 9 Signature","Gray Gaulding","Dr Pepper | BK Racing | Toyota","Driver",17,1
"Racing",2017,"Playoff","National Treasures","Booklet - Associate Sponsor Patch 9 Signature","Greg Biffle","3M | Roush Fenway Racing | Ford","Car",21,1
"Racing",2017,"Playoff","National Treasures","Booklet - Associate Sponsor Patch 9 Signature","Kyle Larson","Target | Chip Ganassi Racing | Chevrolet","Driver",23,1
"Racing",2017,"Playoff","National Treasures","Booklet - Associate Sponsor Patch 9 Signature","Trevor Bayne","AdvoCare | Roush Fenway Racing | Ford","Driver",25,1
"Racing",2017,"Playoff","National Treasures","Booklet - Associate Sponsor Patch 9 Signature","Ricky Stenhouse Jr","SunnyD | Roush Fenway Racing | Ford","Driver",26,1
"Racing",2017,"Playoff","National Treasures","Booklet - Associate Sponsor Patch 9 Signature","AJ Allmendinger","Kroger | JTG Daugherty Racing | Chevrolet","Driver",27,1
"Racing",2017,"Playoff","National Treasures","Booklet - Associate Sponsor Patch 9 Signature","Jamie McMurray","Cessna | Chip Ganassi Racing | Chevrolet","Driver",29,1
"Racing",2017,"Playoff","National Treasures","Booklet - Associate Sponsor Patch 9 Signature","Landon Cassill","Love's Travel Stops | Front Row Motorsports | Ford","Driver",30,1
"Racing",2017,"Playoff","National Treasures","Booklet - Associate Sponsor Patch 9 Signature","Daniel Hemric","Blue Gate Bank | Richard Childress Racing | Chevrolet","Driver",32,1
"Racing",2017,"Playoff","National Treasures","Booklet - Associate Sponsor Patch 9 Signature","Cole Custer","Haas Automation | Stewart-Haas Racing | Ford","Driver",33,1
"Racing",2017,"Playoff","National Treasures","Booklet - Associate Sponsor Patch 9 Signature","Bobby Labonte","C&J Energy Services | Go FAS Racing | Ford","Driver",34,1
"Racing",2017,"Playoff","National Treasures","Booklet - Car Manufacturer Patch Signature","Jimmie Johnson","Lowe's | Hendrick Motorsports | Chevrolet","Driver",1,1
"Racing",2017,"Playoff","National Treasures","Booklet - Car Manufacturer Patch Signature","Kevin Harvick","Jimmy John's | Stewart-Haas Racing | Ford","Driver",2,1
"Racing",2017,"Playoff","National Treasures","Booklet - Car Manufacturer Patch Signature","Dale Earnhardt Jr","Nationwide | Hendrick Motorsports | Chevrolet","Driver",3,1
"Racing",2017,"Playoff","National Treasures","Booklet - Car Manufacturer Patch Signature","Kyle Busch","M&M's | Joe Gibbs Racing | Toyota","Driver",4,1
"Racing",2017,"Playoff","National Treasures","Booklet - Car Manufacturer Patch Signature","Denny Hamlin","FedEx Express | Joe Gibbs Racing | Toyota","Driver",5,1
"Racing",2017,"Playoff","National Treasures","Booklet - Car Manufacturer Patch Signature","Danica Patrick","Aspen Dental | Stewart-Haas Racing | Ford","Driver",6,1
"Racing",2017,"Playoff","National Treasures","Booklet - Car Manufacturer Patch Signature","Matt Kenseth","DeWalt | Joe Gibbs Racing | Toyota","Driver",7,1
"Racing",2017,"Playoff","National Treasures","Booklet - Car Manufacturer Patch Signature","Austin Dillon","Dow Chemical | Richard Childress Racing | Chevrolet","Driver",8,1
"Racing",2017,"Playoff","National Treasures","Booklet - Car Manufacturer Patch Signature","Joey Logano","Shell-Pennzoil | Team Penske | Ford","Driver",10,1
"Racing",2017,"Playoff","National Treasures","Booklet - Car Manufacturer Patch Signature","Clint Bowyer","Mobil 1 | Stewart-Haas Racing | Ford","Driver",11,1
"Racing",2017,"Playoff","National Treasures","Booklet - Car Manufacturer Patch Signature","Ryan Newman","Caterpillar | Richard Childress Racing | Chevrolet","Driver",12,1
"Racing",2017,"Playoff","National Treasures","Booklet - Car Manufacturer Patch Signature","Kasey Kahne","Farmers Insurance | Hendrick Motorsports | Chevrolet","Driver",13,1
"Racing",2017,"Playoff","National Treasures","Booklet - Car Manufacturer Patch Signature","Martin Truex Jr.","Bass Pro Shops-TRACKER Boats | Furniture Row Racing | Toyota","Driver",14,1
"Racing",2017,"Playoff","National Treasures","Booklet - Car Manufacturer Patch Signature","Corey LaJoie","Dustless Blasting | BK Racing | Toyota","Driver",15,1
"Racing",2017,"Playoff","National Treasures","Booklet - Car Manufacturer Patch Signature","Erik Jones","5-Hour Energy | Furniture Row Racing | Toyota","Driver",16,1
"Racing",2017,"Playoff","National Treasures","Booklet - Car Manufacturer Patch Signature","Gray Gaulding","Dr Pepper | BK Racing | Toyota","Driver",17,1
"Racing",2017,"Playoff","National Treasures","Booklet - Car Manufacturer Patch Signature","Daniel Suarez","ARRIS | Joe Gibbs Racing | Toyota","Driver",18,1
"Racing",2017,"Playoff","National Treasures","Booklet - Car Manufacturer Patch Signature","Ty Dillon","GEICO | Germain Racing | Chevrolet","Driver",19,1
"Racing",2017,"Playoff","National Treasures","Booklet - Car Manufacturer Patch Signature","Carl Edwards","Aflac | Roush Fenway Racing | Ford","Driver",20,1
"Racing",2017,"Playoff","National Treasures","Booklet - Car Manufacturer Patch Signature","Greg Biffle","3M | Roush Fenway Racing | Ford","Car",21,1
"Racing",2017,"Playoff","National Treasures","Booklet - Car Manufacturer Patch Signature","Kurt Busch","Haas Automation | Stewart-Haas Racing | Ford","Driver",22,1
"Racing",2017,"Playoff","National Treasures","Booklet - Car Manufacturer Patch Signature","Kyle Larson","Target | Chip Ganassi Racing | Chevrolet","Driver",23,1
"Racing",2017,"Playoff","National Treasures","Booklet - Car Manufacturer Patch Signature","Trevor Bayne","AdvoCare | Roush Fenway Racing | Ford","Driver",25,1
"Racing",2017,"Playoff","National Treasures","Booklet - Car Manufacturer Patch Signature","Ricky Stenhouse Jr","SunnyD | Roush Fenway Racing | Ford","Driver",26,1
"Racing",2017,"Playoff","National Treasures","Booklet - Car Manufacturer Patch Signature","AJ Allmendinger","Kroger | JTG Daugherty Racing | Chevrolet","Driver",27,1
"Racing",2017,"Playoff","National Treasures","Booklet - Car Manufacturer Patch Signature","David Ragan","Camping World | Front Row Motorsports | Ford","Driver",28,1
"Racing",2017,"Playoff","National Treasures","Booklet - Car Manufacturer Patch Signature","Jamie McMurray","Cessna | Chip Ganassi Racing | Chevrolet","Driver",29,1
"Racing",2017,"Playoff","National Treasures","Booklet - Car Manufacturer Patch Signature","Landon Cassill","Love's Travel Stops | Front Row Motorsports | Ford","Driver",30,1
"Racing",2017,"Playoff","National Treasures","Booklet - Car Manufacturer Patch Signature","William Byron","Liberty University | JR Motorsports | Chevrolet","Driver",31,1
"Racing",2017,"Playoff","National Treasures","Booklet - Car Manufacturer Patch Signature","Daniel Hemric","Blue Gate Bank | Richard Childress Racing | Chevrolet","Driver",32,1
"Racing",2017,"Playoff","National Treasures","Booklet - Car Manufacturer Patch Signature","Cole Custer","Haas Automation | Stewart-Haas Racing | Ford","Driver",33,1
"Racing",2017,"Playoff","National Treasures","Booklet - Car Manufacturer Patch Signature","Bobby Labonte","C&J Energy Services | Go FAS Racing | Ford","Driver",34,1
"Racing",2017,"Playoff","National Treasures","Booklet - Car Manufacturer Patch Signature","Kaz Grala","Kiklos | GMS Racing | Chevrolet","Driver",36,1
"Racing",2017,"Playoff","National Treasures","Booklet - Combo Materials Signature","Carl Edwards","Aflac | Roush Fenway Racing | Ford","Driver",1,25
"Racing",2017,"Playoff","National Treasures","Booklet - Combo Materials Signature","Danica Patrick","Aspen Dental | Stewart-Haas Racing | Ford","Driver",2,25
"Racing",2017,"Playoff","National Treasures","Booklet - Combo Materials Signature","Kevin Harvick","Jimmy John's | Stewart-Haas Racing | Ford","Driver",3,25
"Racing",2017,"Playoff","National Treasures","Booklet - Combo Materials Signature","Kyle Busch","M&M's | Joe Gibbs Racing | Toyota","Driver",4,25
"Racing",2017,"Playoff","National Treasures","Booklet - Combo Materials Signature","Matt Kenseth","DeWalt | Joe Gibbs Racing | Toyota","Driver",5,25
"Racing",2017,"Playoff","National Treasures","Booklet - Combo Materials Signature","Denny Hamlin","FedEx Express | Joe Gibbs Racing | Toyota","Driver",6,25
"Racing",2017,"Playoff","National Treasures","Booklet - Combo Materials Signature Black","Carl Edwards","Aflac | Roush Fenway Racing | Ford","Driver",1,1
"Racing",2017,"Playoff","National Treasures","Booklet - Combo Materials Signature Black","Danica Patrick","Aspen Dental | Stewart-Haas Racing | Ford","Driver",2,1
"Racing",2017,"Playoff","National Treasures","Booklet - Combo Materials Signature Black","Kevin Harvick","Jimmy John's | Stewart-Haas Racing | Ford","Driver",3,1
"Racing",2017,"Playoff","National Treasures","Booklet - Combo Materials Signature Black","Kyle Busch","M&M's | Joe Gibbs Racing | Toyota","Driver",4,1
"Racing",2017,"Playoff","National Treasures","Booklet - Combo Materials Signature Black","Matt Kenseth","DeWalt | Joe Gibbs Racing | Toyota","Driver",5,1
"Racing",2017,"Playoff","National Treasures","Booklet - Combo Materials Signature Black","Denny Hamlin","FedEx Express | Joe Gibbs Racing | Toyota","Driver",6,1
"Racing",2017,"Playoff","National Treasures","Booklet - Combo Materials Signature Gold","Carl Edwards","Aflac | Roush Fenway Racing | Ford","Driver",1,15
"Racing",2017,"Playoff","National Treasures","Booklet - Combo Materials Signature Gold","Danica Patrick","Aspen Dental | Stewart-Haas Racing | Ford","Driver",2,15
"Racing",2017,"Playoff","National Treasures","Booklet - Combo Materials Signature Gold","Kevin Harvick","Jimmy John's | Stewart-Haas Racing | Ford","Driver",3,15
"Racing",2017,"Playoff","National Treasures","Booklet - Combo Materials Signature Gold","Kyle Busch","M&M's | Joe Gibbs Racing | Toyota","Driver",4,15
"Racing",2017,"Playoff","National Treasures","Booklet - Combo Materials Signature Gold","Matt Kenseth","DeWalt | Joe Gibbs Racing | Toyota","Driver",5,15
"Racing",2017,"Playoff","National Treasures","Booklet - Combo Materials Signature Gold","Denny Hamlin","FedEx Express | Joe Gibbs Racing | Toyota","Driver",6,15
"Racing",2017,"Playoff","National Treasures","Booklet - Combo Materials Signature Green","Carl Edwards","Aflac | Roush Fenway Racing | Ford","Driver",1,5
"Racing",2017,"Playoff","National Treasures","Booklet - Combo Materials Signature Green","Danica Patrick","Aspen Dental | Stewart-Haas Racing | Ford","Driver",2,5
"Racing",2017,"Playoff","National Treasures","Booklet - Combo Materials Signature Green","Kevin Harvick","Jimmy John's | Stewart-Haas Racing | Ford","Driver",3,5
"Racing",2017,"Playoff","National Treasures","Booklet - Combo Materials Signature Green","Kyle Busch","M&M's | Joe Gibbs Racing | Toyota","Driver",4,5
"Racing",2017,"Playoff","National Treasures","Booklet - Combo Materials Signature Green","Matt Kenseth","DeWalt | Joe Gibbs Racing | Toyota","Driver",5,5
"Racing",2017,"Playoff","National Treasures","Booklet - Combo Materials Signature Green","Denny Hamlin","FedEx Express | Joe Gibbs Racing | Toyota","Driver",6,5
"Racing",2017,"Playoff","National Treasures","Booklet - Combo Materials Signature Holo Gold","Carl Edwards","Aflac | Roush Fenway Racing | Ford","Driver",1,10
"Racing",2017,"Playoff","National Treasures","Booklet - Combo Materials Signature Holo Gold","Danica Patrick","Aspen Dental | Stewart-Haas Racing | Ford","Driver",2,10
"Racing",2017,"Playoff","National Treasures","Booklet - Combo Materials Signature Holo Gold","Kevin Harvick","Jimmy John's | Stewart-Haas Racing | Ford","Driver",3,10
"Racing",2017,"Playoff","National Treasures","Booklet - Combo Materials Signature Holo Gold","Kyle Busch","M&M's | Joe Gibbs Racing | Toyota","Driver",4,10
"Racing",2017,"Playoff","National Treasures","Booklet - Combo Materials Signature Holo Gold","Matt Kenseth","DeWalt | Joe Gibbs Racing | Toyota","Driver",5,10
"Racing",2017,"Playoff","National Treasures","Booklet - Combo Materials Signature Holo Gold","Denny Hamlin","FedEx Express | Joe Gibbs Racing | Toyota","Driver",6,10
"Racing",2017,"Playoff","National Treasures","Booklet - Combo Materials Signature Holo Silver","Carl Edwards","Aflac | Roush Fenway Racing | Ford","Driver",1,20
"Racing",2017,"Playoff","National Treasures","Booklet - Combo Materials Signature Holo Silver","Danica Patrick","Aspen Dental | Stewart-Haas Racing | Ford","Driver",2,20
"Racing",2017,"Playoff","National Treasures","Booklet - Combo Materials Signature Holo Silver","Kevin Harvick","Jimmy John's | Stewart-Haas Racing | Ford","Driver",3,20
"Racing",2017,"Playoff","National Treasures","Booklet - Combo Materials Signature Holo Silver","Kyle Busch","M&M's | Joe Gibbs Racing | Toyota","Driver",4,20
"Racing",2017,"Playoff","National Treasures","Booklet - Combo Materials Signature Holo Silver","Matt Kenseth","DeWalt | Joe Gibbs Racing | Toyota","Driver",5,20
"Racing",2017,"Playoff","National Treasures","Booklet - Combo Materials Signature Holo Silver","Denny Hamlin","FedEx Express | Joe Gibbs Racing | Toyota","Driver",6,20
"Racing",2017,"Playoff","National Treasures","Booklet - Dual Signature Materials","Greg Biffle/Carl Edwards","3M | Roush Fenway Racing | Ford/Aflac | Roush Fenway Racing | Ford","Car/Driver",1,50
"Racing",2017,"Playoff","National Treasures","Booklet - Dual Signature Materials","Jimmie Johnson/Dale Earnhardt Jr","Lowe's | Hendrick Motorsports | Chevrolet/Nationwide | Hendrick Motorsports | Chevrolet","Driver/Driver",2,25
"Racing",2017,"Playoff","National Treasures","Booklet - Dual Signature Materials","Dale Earnhardt Jr/Kasey Kahne","Nationwide | Hendrick Motorsports | Chevrolet/Farmers Insurance | Hendrick Motorsports | Chevrolet","Driver/Driver",3,50
"Racing",2017,"Playoff","National Treasures","Booklet - Dual Signature Materials","Bill Elliott/Chase Elliott","McDonald's | Bill Elliott | Ford/NAPA Auto Parts | Hendrick Motorsports | Chevrolet","Driver/Driver",4,50
"Racing",2017,"Playoff","National Treasures","Booklet - Dual Signature Materials","Kevin Harvick/Clint Bowyer","Jimmy John's | Stewart-Haas Racing | Ford/Mobil 1 | Stewart-Haas Racing | Ford","Driver/Driver",5,50
"Racing",2017,"Playoff","National Treasures","Booklet - Dual Signature Materials","Rusty Wallace/Dale Jarrett","Miller Lite | Team Penske | Ford/UPS | Robert Yates Racing | Ford","Driver/Driver",6,25
"Racing",2017,"Playoff","National Treasures","Booklet - Dual Signature Materials","Bobby Labonte/Terry Labonte","Interstate Batteries | Joe Gibbs Racing | Pontiac/Kellogg's Corn Flakes | Hendrick Motorsports | Chevrolet","Driver/Driver",7,25
"Racing",2017,"Playoff","National Treasures","Booklet - Dual Signature Materials","Michael Waltrip/Darrell Waltrip","Aaron's | Michael Waltrip Racing | Toyota/Tide | Hendrick Motorsports | Chevrolet","Driver/Driver",8,25
"Racing",2017,"Playoff","National Treasures","Booklet - Dual Signature Materials","Jimmie Johnson/Chad Knaus","Lowe's | Hendrick Motorsports | Chevrolet/Lowe's | Hendrick Motorsports | Chevrolet","Driver/Crew Chief",9,25
"Racing",2017,"Playoff","National Treasures","Booklet - Dual Signature Materials","Jimmie Johnson/Richard Petty","Lowe's | Hendrick Motorsports | Chevrolet/STP | Petty Enterprises | Plymouth","Driver/Driver",10,25
"Racing",2017,"Playoff","National Treasures","Booklet - Dual Signature Materials Black","Greg Biffle/Carl Edwards","3M | Roush Fenway Racing | Ford/Aflac | Roush Fenway Racing | Ford","Car/Driver",1,1
"Racing",2017,"Playoff","National Treasures","Booklet - Dual Signature Materials Black","Dale Earnhardt Jr/Jimmie Johnson","Nationwide | Hendrick Motorsports | Chevrolet/Lowe's | Hendrick Motorsports | Chevrolet","Driver/Driver",2,1
"Racing",2017,"Playoff","National Treasures","Booklet - Dual Signature Materials Black","Dale Earnhardt Jr/Kasey Kahne","Nationwide | Hendrick Motorsports | Chevrolet/Farmers Insurance | Hendrick Motorsports | Chevrolet","Driver/Driver",3,1
"Racing",2017,"Playoff","National Treasures","Booklet - Dual Signature Materials Black","Chase Elliott/Bill Elliott","NAPA Auto Parts | Hendrick Motorsports | Chevrolet/McDonald's | Bill Elliott | Ford","Driver/Driver",4,1
"Racing",2017,"Playoff","National Treasures","Booklet - Dual Signature Materials Black","Kevin Harvick/Clint Bowyer","Jimmy John's | Stewart-Haas Racing | Ford/Mobil 1 | Stewart-Haas Racing | Ford","Driver/Driver",5,1
"Racing",2017,"Playoff","National Treasures","Booklet - Dual Signature Materials Black","Dale Jarrett/Rusty Wallace","UPS | Robert Yates Racing | Ford/Miller Lite | Team Penske | Ford","Driver/Driver",6,1
"Racing",2017,"Playoff","National Treasures","Booklet - Dual Signature Materials Black","Terry Labonte/Bobby Labonte","Kellogg's Corn Flakes | Hendrick Motorsports | Chevrolet/Interstate Batteries | Joe Gibbs Racing | Pontiac","Driver/Driver",7,1
"Racing",2017,"Playoff","National Treasures","Booklet - Dual Signature Materials Black","Michael Waltrip/Darrell Waltrip","Aaron's | Michael Waltrip Racing | Toyota/Tide | Hendrick Motorsports | Chevrolet","Driver/Driver",8,1
"Racing",2017,"Playoff","National Treasures","Booklet - Dual Signature Materials Black","Chad Knaus/Jimmie Johnson","Lowe's | Hendrick Motorsports | Chevrolet/Lowe's | Hendrick Motorsports | Chevrolet","Crew Chief/Driver",9,1
"Racing",2017,"Playoff","National Treasures","Booklet - Dual Signature Materials Black","Jimmie Johnson/Richard Petty","Lowe's | Hendrick Motorsports | Chevrolet/STP | Petty Enterprises | Plymouth","Driver/Driver",10,1
"Racing",2017,"Playoff","National Treasures","Booklet - Dual Signature Materials Gold","Carl Edwards/Greg Biffle","Aflac | Roush Fenway Racing | Ford/3M | Roush Fenway Racing | Ford","Driver/Car",1,15
"Racing",2017,"Playoff","National Treasures","Booklet - Dual Signature Materials Gold","Dale Earnhardt Jr/Jimmie Johnson","Nationwide | Hendrick Motorsports | Chevrolet/Lowe's | Hendrick Motorsports | Chevrolet","Driver/Driver",2,15
"Racing",2017,"Playoff","National Treasures","Booklet - Dual Signature Materials Gold","Kasey Kahne/Dale Earnhardt Jr","Farmers Insurance | Hendrick Motorsports | Chevrolet/Nationwide | Hendrick Motorsports | Chevrolet","Driver/Driver",3,15
"Racing",2017,"Playoff","National Treasures","Booklet - Dual Signature Materials Gold","Chase Elliott/Bill Elliott","NAPA Auto Parts | Hendrick Motorsports | Chevrolet/McDonald's | Bill Elliott | Ford","Driver/Driver",4,15
"Racing",2017,"Playoff","National Treasures","Booklet - Dual Signature Materials Gold","Kevin Harvick/Clint Bowyer","Jimmy John's | Stewart-Haas Racing | Ford/Mobil 1 | Stewart-Haas Racing | Ford","Driver/Driver",5,15
"Racing",2017,"Playoff","National Treasures","Booklet - Dual Signature Materials Gold","Dale Jarrett/Rusty Wallace","UPS | Robert Yates Racing | Ford/Miller Lite | Team Penske | Ford","Driver/Driver",6,15
"Racing",2017,"Playoff","National Treasures","Booklet - Dual Signature Materials Gold","Terry Labonte/Bobby Labonte","Kellogg's Corn Flakes | Hendrick Motorsports | Chevrolet/Interstate Batteries | Joe Gibbs Racing | Pontiac","Driver/Driver",7,15
"Racing",2017,"Playoff","National Treasures","Booklet - Dual Signature Materials Gold","Michael Waltrip/Darrell Waltrip","Aaron's | Michael Waltrip Racing | Toyota/Tide | Hendrick Motorsports | Chevrolet","Driver/Driver",8,15
"Racing",2017,"Playoff","National Treasures","Booklet - Dual Signature Materials Gold","Chad Knaus/Jimmie Johnson","Lowe's | Hendrick Motorsports | Chevrolet/Lowe's | Hendrick Motorsports | Chevrolet","Crew Chief/Driver",9,15
"Racing",2017,"Playoff","National Treasures","Booklet - Dual Signature Materials Gold","Richard Petty/Jimmie Johnson","STP | Petty Enterprises | Plymouth/Lowe's | Hendrick Motorsports | Chevrolet","Driver/Driver",10,15
"Racing",2017,"Playoff","National Treasures","Booklet - Dual Signature Materials Green","Carl Edwards/Greg Biffle","Aflac | Roush Fenway Racing | Ford/3M | Roush Fenway Racing | Ford","Driver/Car",1,5
"Racing",2017,"Playoff","National Treasures","Booklet - Dual Signature Materials Green","Dale Earnhardt Jr/Jimmie Johnson","Nationwide | Hendrick Motorsports | Chevrolet/Lowe's | Hendrick Motorsports | Chevrolet","Driver/Driver",2,5
"Racing",2017,"Playoff","National Treasures","Booklet - Dual Signature Materials Green","Kasey Kahne/Dale Earnhardt Jr","Farmers Insurance | Hendrick Motorsports | Chevrolet/Nationwide | Hendrick Motorsports | Chevrolet","Driver/Driver",3,5
"Racing",2017,"Playoff","National Treasures","Booklet - Dual Signature Materials Green","Bill Elliott/Chase Elliott","McDonald's | Bill Elliott | Ford/NAPA Auto Parts | Hendrick Motorsports | Chevrolet","Driver/Driver",4,5
"Racing",2017,"Playoff","National Treasures","Booklet - Dual Signature Materials Green","Kevin Harvick/Clint Bowyer","Jimmy John's | Stewart-Haas Racing | Ford/Mobil 1 | Stewart-Haas Racing | Ford","Driver/Driver",5,5
"Racing",2017,"Playoff","National Treasures","Booklet - Dual Signature Materials Green","Dale Jarrett/Rusty Wallace","UPS | Robert Yates Racing | Ford/Miller Lite | Team Penske | Ford","Driver/Driver",6,5
"Racing",2017,"Playoff","National Treasures","Booklet - Dual Signature Materials Green","Terry Labonte/Bobby Labonte","Kellogg's Corn Flakes | Hendrick Motorsports | Chevrolet/Interstate Batteries | Joe Gibbs Racing | Pontiac","Driver/Driver",7,5
"Racing",2017,"Playoff","National Treasures","Booklet - Dual Signature Materials Green","Darrell Waltrip/Michael Waltrip","Tide | Hendrick Motorsports | Chevrolet/Aaron's | Michael Waltrip Racing | Toyota","Driver/Driver",8,5
"Racing",2017,"Playoff","National Treasures","Booklet - Dual Signature Materials Green","Chad Knaus/Jimmie Johnson","Lowe's | Hendrick Motorsports | Chevrolet/Lowe's | Hendrick Motorsports | Chevrolet","Crew Chief/Driver",9,5
"Racing",2017,"Playoff","National Treasures","Booklet - Dual Signature Materials Green","Richard Petty/Jimmie Johnson","STP | Petty Enterprises | Plymouth/Lowe's | Hendrick Motorsports | Chevrolet","Driver/Driver",10,5
"Racing",2017,"Playoff","National Treasures","Booklet - Dual Signature Materials Holo Gold","Carl Edwards/Greg Biffle","Aflac | Roush Fenway Racing | Ford/3M | Roush Fenway Racing | Ford","Driver/Car",1,10
"Racing",2017,"Playoff","National Treasures","Booklet - Dual Signature Materials Holo Gold","Jimmie Johnson/Dale Earnhardt Jr","Lowe's | Hendrick Motorsports | Chevrolet/Nationwide | Hendrick Motorsports | Chevrolet","Driver/Driver",2,10
"Racing",2017,"Playoff","National Treasures","Booklet - Dual Signature Materials Holo Gold","Dale Earnhardt Jr/Kasey Kahne","Nationwide | Hendrick Motorsports | Chevrolet/Farmers Insurance | Hendrick Motorsports | Chevrolet","Driver/Driver",3,10
"Racing",2017,"Playoff","National Treasures","Booklet - Dual Signature Materials Holo Gold","Bill Elliott/Chase Elliott","McDonald's | Bill Elliott | Ford/NAPA Auto Parts | Hendrick Motorsports | Chevrolet","Driver/Driver",4,10
"Racing",2017,"Playoff","National Treasures","Booklet - Dual Signature Materials Holo Gold","Kevin Harvick/Clint Bowyer","Jimmy John's | Stewart-Haas Racing | Ford/Mobil 1 | Stewart-Haas Racing | Ford","Driver/Driver",5,10
"Racing",2017,"Playoff","National Treasures","Booklet - Dual Signature Materials Holo Gold","Rusty Wallace/Dale Jarrett","Miller Lite | Team Penske | Ford/UPS | Robert Yates Racing | Ford","Driver/Driver",6,10
"Racing",2017,"Playoff","National Treasures","Booklet - Dual Signature Materials Holo Gold","Bobby Labonte/Terry Labonte","Interstate Batteries | Joe Gibbs Racing | Pontiac/Kellogg's Corn Flakes | Hendrick Motorsports | Chevrolet","Driver/Driver",7,10
"Racing",2017,"Playoff","National Treasures","Booklet - Dual Signature Materials Holo Gold","Darrell Waltrip/Michael Waltrip","Tide | Hendrick Motorsports | Chevrolet/Aaron's | Michael Waltrip Racing | Toyota","Driver/Driver",8,10
"Racing",2017,"Playoff","National Treasures","Booklet - Dual Signature Materials Holo Gold","Chad Knaus/Jimmie Johnson","Lowe's | Hendrick Motorsports | Chevrolet/Lowe's | Hendrick Motorsports | Chevrolet","Crew Chief/Driver",9,7
"Racing",2017,"Playoff","National Treasures","Booklet - Dual Signature Materials Holo Gold","Richard Petty/Jimmie Johnson","STP | Petty Enterprises | Plymouth/Lowe's | Hendrick Motorsports | Chevrolet","Driver/Driver",10,7
"Racing",2017,"Playoff","National Treasures","Booklet - Dual Signature Materials Holo Silver","Carl Edwards/Greg Biffle","Aflac | Roush Fenway Racing | Ford/3M | Roush Fenway Racing | Ford","Driver/Car",1,25
"Racing",2017,"Playoff","National Treasures","Booklet - Dual Signature Materials Holo Silver","Jimmie Johnson/Dale Earnhardt Jr","Lowe's | Hendrick Motorsports | Chevrolet/Nationwide | Hendrick Motorsports | Chevrolet","Driver/Driver",2,20
"Racing",2017,"Playoff","National Treasures","Booklet - Dual Signature Materials Holo Silver","Kasey Kahne/Dale Earnhardt Jr","Farmers Insurance | Hendrick Motorsports | Chevrolet/Nationwide | Hendrick Motorsports | Chevrolet","Driver/Driver",3,25
"Racing",2017,"Playoff","National Treasures","Booklet - Dual Signature Materials Holo Silver","Chase Elliott/Bill Elliott","NAPA Auto Parts | Hendrick Motorsports | Chevrolet/McDonald's | Bill Elliott | Ford","Driver/Driver",4,25
"Racing",2017,"Playoff","National Treasures","Booklet - Dual Signature Materials Holo Silver","Kevin Harvick/Clint Bowyer","Jimmy John's | Stewart-Haas Racing | Ford/Mobil 1 | Stewart-Haas Racing | Ford","Driver/Driver",5,25
"Racing",2017,"Playoff","National Treasures","Booklet - Dual Signature Materials Holo Silver","Dale Jarrett/Rusty Wallace","UPS | Robert Yates Racing | Ford/Miller Lite | Team Penske | Ford","Driver/Driver",6,20
"Racing",2017,"Playoff","National Treasures","Booklet - Dual Signature Materials Holo Silver","Bobby Labonte/Terry Labonte","Interstate Batteries | Joe Gibbs Racing | Pontiac/Kellogg's Corn Flakes | Hendrick Motorsports | Chevrolet","Driver/Driver",7,20
"Racing",2017,"Playoff","National Treasures","Booklet - Dual Signature Materials Holo Silver","Michael Waltrip/Darrell Waltrip","Aaron's | Michael Waltrip Racing | Toyota/Tide | Hendrick Motorsports | Chevrolet","Driver/Driver",8,20
"Racing",2017,"Playoff","National Treasures","Booklet - Dual Signature Materials Holo Silver","Jimmie Johnson/Chad Knaus","Lowe's | Hendrick Motorsports | Chevrolet/Lowe's | Hendrick Motorsports | Chevrolet","Driver/Crew Chief",9,20
"Racing",2017,"Playoff","National Treasures","Booklet - Dual Signature Materials Holo Silver","Jimmie Johnson/Richard Petty","Lowe's | Hendrick Motorsports | Chevrolet/STP | Petty Enterprises | Plymouth","Driver/Driver",10,20
"Racing",2017,"Playoff","National Treasures","Booklet - Dual Signature Materials Laundry Tags","Greg Biffle/Carl Edwards","3M | Roush Fenway Racing | Ford/Aflac | Roush Fenway Racing | Ford","Car/Driver",1,1
"Racing",2017,"Playoff","National Treasures","Booklet - Dual Signature Materials Laundry Tags","Jimmie Johnson/Dale Earnhardt Jr","Lowe's | Hendrick Motorsports | Chevrolet/Nationwide | Hendrick Motorsports | Chevrolet","Driver/Driver",2,1
"Racing",2017,"Playoff","National Treasures","Booklet - Dual Signature Materials Laundry Tags","Dale Earnhardt Jr/Kasey Kahne","Nationwide | Hendrick Motorsports | Chevrolet/Farmers Insurance | Hendrick Motorsports | Chevrolet","Driver/Driver",3,1
"Racing",2017,"Playoff","National Treasures","Booklet - Dual Signature Materials Laundry Tags","Chase Elliott/Bill Elliott","NAPA Auto Parts | Hendrick Motorsports | Chevrolet/McDonald's | Bill Elliott | Ford","Driver/Driver",4,1
"Racing",2017,"Playoff","National Treasures","Booklet - Dual Signature Materials Laundry Tags","Clint Bowyer/Kevin Harvick","Mobil 1 | Stewart-Haas Racing | Ford/Jimmy John's | Stewart-Haas Racing | Ford","Driver/Driver",5,1
"Racing",2017,"Playoff","National Treasures","Booklet - Dual Signature Materials Laundry Tags","Bobby Labonte/Terry Labonte","Interstate Batteries | Joe Gibbs Racing | Pontiac/Kellogg's Corn Flakes | Hendrick Motorsports | Chevrolet","Driver/Driver",7,1
"Racing",2017,"Playoff","National Treasures","Booklet - Dual Signature Materials Laundry Tags","Richard Petty/Jimmie Johnson","STP | Petty Enterprises | Plymouth/Lowe's | Hendrick Motorsports | Chevrolet","Driver/Driver",10,1
"Racing",2017,"Playoff","National Treasures","Booklet - Firesuit Manufacturer Patch Signature","Kevin Harvick","Jimmy John's | Stewart-Haas Racing | Ford","Driver",2,1
"Racing",2017,"Playoff","National Treasures","Booklet - Firesuit Manufacturer Patch Signature","Dale Earnhardt Jr","Nationwide | Hendrick Motorsports | Chevrolet","Driver",3,1
"Racing",2017,"Playoff","National Treasures","Booklet - Firesuit Manufacturer Patch Signature","Kyle Busch","M&M's | Joe Gibbs Racing | Toyota","Driver",4,1
"Racing",2017,"Playoff","National Treasures","Booklet - Firesuit Manufacturer Patch Signature","Denny Hamlin","FedEx Express | Joe Gibbs Racing | Toyota","Driver",5,1
"Racing",2017,"Playoff","National Treasures","Booklet - Firesuit Manufacturer Patch Signature","Danica Patrick","Aspen Dental | Stewart-Haas Racing | Ford","Driver",6,1
"Racing",2017,"Playoff","National Treasures","Booklet - Firesuit Manufacturer Patch Signature","Matt Kenseth","DeWalt | Joe Gibbs Racing | Toyota","Driver",7,1
"Racing",2017,"Playoff","National Treasures","Booklet - Firesuit Manufacturer Patch Signature","Austin Dillon","Dow Chemical | Richard Childress Racing | Chevrolet","Driver",8,1
"Racing",2017,"Playoff","National Treasures","Booklet - Firesuit Manufacturer Patch Signature","Joey Logano","Shell-Pennzoil | Team Penske | Ford","Driver",10,1
"Racing",2017,"Playoff","National Treasures","Booklet - Firesuit Manufacturer Patch Signature","Clint Bowyer","Mobil 1 | Stewart-Haas Racing | Ford","Driver",11,1
"Racing",2017,"Playoff","National Treasures","Booklet - Firesuit Manufacturer Patch Signature","Ryan Newman","Caterpillar | Richard Childress Racing | Chevrolet","Driver",12,1
"Racing",2017,"Playoff","National Treasures","Booklet - Firesuit Manufacturer Patch Signature","Kasey Kahne","Farmers Insurance | Hendrick Motorsports | Chevrolet","Driver",13,1
"Racing",2017,"Playoff","National Treasures","Booklet - Firesuit Manufacturer Patch Signature","Corey LaJoie","Dustless Blasting | BK Racing | Toyota","Driver",15,1
"Racing",2017,"Playoff","National Treasures","Booklet - Firesuit Manufacturer Patch Signature","Erik Jones","5-Hour Energy | Furniture Row Racing | Toyota","Driver",16,1
"Racing",2017,"Playoff","National Treasures","Booklet - Firesuit Manufacturer Patch Signature","Gray Gaulding","Dr Pepper | BK Racing | Toyota","Driver",17,1
"Racing",2017,"Playoff","National Treasures","Booklet - Firesuit Manufacturer Patch Signature","Daniel Suarez","ARRIS | Joe Gibbs Racing | Toyota","Driver",18,1
"Racing",2017,"Playoff","National Treasures","Booklet - Firesuit Manufacturer Patch Signature","Ty Dillon","GEICO | Germain Racing | Chevrolet","Driver",19,1
"Racing",2017,"Playoff","National Treasures","Booklet - Firesuit Manufacturer Patch Signature","Carl Edwards","Aflac | Roush Fenway Racing | Ford","Driver",20,1
"Racing",2017,"Playoff","National Treasures","Booklet - Firesuit Manufacturer Patch Signature","Greg Biffle","3M | Roush Fenway Racing | Ford","Car",21,1
"Racing",2017,"Playoff","National Treasures","Booklet - Firesuit Manufacturer Patch Signature","Kurt Busch","Haas Automation | Stewart-Haas Racing | Ford","Driver",22,1
"Racing",2017,"Playoff","National Treasures","Booklet - Firesuit Manufacturer Patch Signature","Kyle Larson","Target | Chip Ganassi Racing | Chevrolet","Driver",23,1
"Racing",2017,"Playoff","National Treasures","Booklet - Firesuit Manufacturer Patch Signature","Ryan Blaney","Motorcraft | Wood Brothers Racing | Ford","Driver",24,1
"Racing",2017,"Playoff","National Treasures","Booklet - Firesuit Manufacturer Patch Signature","Trevor Bayne","AdvoCare | Roush Fenway Racing | Ford","Driver",25,1
"Racing",2017,"Playoff","National Treasures","Booklet - Firesuit Manufacturer Patch Signature","AJ Allmendinger","Kroger | JTG Daugherty Racing | Chevrolet","Driver",27,1
"Racing",2017,"Playoff","National Treasures","Booklet - Firesuit Manufacturer Patch Signature","David Ragan","Camping World | Front Row Motorsports | Ford","Driver",28,1
"Racing",2017,"Playoff","National Treasures","Booklet - Firesuit Manufacturer Patch Signature","Landon Cassill","Love's Travel Stops | Front Row Motorsports | Ford","Driver",30,1
"Racing",2017,"Playoff","National Treasures","Booklet - Firesuit Manufacturer Patch Signature","William Byron","Liberty University | JR Motorsports | Chevrolet","Driver",31,1
"Racing",2017,"Playoff","National Treasures","Booklet - Firesuit Manufacturer Patch Signature","Daniel Hemric","Blue Gate Bank | Richard Childress Racing | Chevrolet","Driver",32,1
"Racing",2017,"Playoff","National Treasures","Booklet - Firesuit Manufacturer Patch Signature","Cole Custer","Haas Automation | Stewart-Haas Racing | Ford","Driver",33,1
"Racing",2017,"Playoff","National Treasures","Booklet - Firesuit Manufacturer Patch Signature","Bobby Labonte","C&J Energy Services | Go FAS Racing | Ford","Driver",34,1
"Racing",2017,"Playoff","National Treasures","Booklet - Firesuit Manufacturer Patch Signature","Kaz Grala","Kiklos | GMS Racing | Chevrolet","Driver",36,1
"Racing",2017,"Playoff","National Treasures","Booklet - Flag Patch Signature","Kyle Busch","M&M's | Joe Gibbs Racing | Toyota","Driver",4,1
"Racing",2017,"Playoff","National Treasures","Booklet - Flag Patch Signature","Denny Hamlin","FedEx Express | Joe Gibbs Racing | Toyota","Driver",5,1
"Racing",2017,"Playoff","National Treasures","Booklet - Flag Patch Signature","Matt Kenseth","DeWalt | Joe Gibbs Racing | Toyota","Driver",7,1
"Racing",2017,"Playoff","National Treasures","Booklet - Flag Patch Signature","Austin Dillon","Dow Chemical | Richard Childress Racing | Chevrolet","Driver",8,1
"Racing",2017,"Playoff","National Treasures","Booklet - Flag Patch Signature","Joey Logano","Shell-Pennzoil | Team Penske | Ford","Driver",10,1
"Racing",2017,"Playoff","National Treasures","Booklet - Flag Patch Signature","Clint Bowyer","Mobil 1 | Stewart-Haas Racing | Ford","Driver",11,1
"Racing",2017,"Playoff","National Treasures","Booklet - Flag Patch Signature","Ryan Newman","Caterpillar | Richard Childress Racing | Chevrolet","Driver",12,1
"Racing",2017,"Playoff","National Treasures","Booklet - Flag Patch Signature","Martin Truex Jr.","Bass Pro Shops-TRACKER Boats | Furniture Row Racing | Toyota","Driver",14,1
"Racing",2017,"Playoff","National Treasures","Booklet - Flag Patch Signature","Erik Jones","5-Hour Energy | Furniture Row Racing | Toyota","Driver",16,1
"Racing",2017,"Playoff","National Treasures","Booklet - Flag Patch Signature","Ty Dillon","GEICO | Germain Racing | Chevrolet","Driver",19,1
"Racing",2017,"Playoff","National Treasures","Booklet - Flag Patch Signature","Kyle Larson","Target | Chip Ganassi Racing | Chevrolet","Driver",23,1
"Racing",2017,"Playoff","National Treasures","Booklet - Flag Patch Signature","Ryan Blaney","Motorcraft | Wood Brothers Racing | Ford","Driver",24,1
"Racing",2017,"Playoff","National Treasures","Booklet - Flag Patch Signature","Ricky Stenhouse Jr","SunnyD | Roush Fenway Racing | Ford","Driver",26,1
"Racing",2017,"Playoff","National Treasures","Booklet - Flag Patch Signature","Jamie McMurray","Cessna | Chip Ganassi Racing | Chevrolet","Driver",29,1
"Racing",2017,"Playoff","National Treasures","Booklet - Flag Patch Signature","William Byron","Liberty University | JR Motorsports | Chevrolet","Driver",31,1
"Racing",2017,"Playoff","National Treasures","Booklet - Flag Patch Signature","Daniel Hemric","Blue Gate Bank | Richard Childress Racing | Chevrolet","Driver",32,1
"Racing",2017,"Playoff","National Treasures","Booklet - Flag Patch Signature","Bobby Labonte","C&J Energy Services | Go FAS Racing | Ford","Driver",34,1
"Racing",2017,"Playoff","National Treasures","Booklet - Flag Patch Signature","Kaz Grala","Kiklos | GMS Racing | Chevrolet","Driver",36,1
"Racing",2017,"Playoff","National Treasures","Booklet - Goodyear Patch Signature","Jimmie Johnson","Lowe's | Hendrick Motorsports | Chevrolet","Driver",1,2
"Racing",2017,"Playoff","National Treasures","Booklet - Goodyear Patch Signature","Kevin Harvick","Jimmy John's | Stewart-Haas Racing | Ford","Driver",2,2
"Racing",2017,"Playoff","National Treasures","Booklet - Goodyear Patch Signature","Dale Earnhardt Jr","Nationwide | Hendrick Motorsports | Chevrolet","Driver",3,2
"Racing",2017,"Playoff","National Treasures","Booklet - Goodyear Patch Signature","Kyle Busch","M&M's | Joe Gibbs Racing | Toyota","Driver",4,2
"Racing",2017,"Playoff","National Treasures","Booklet - Goodyear Patch Signature","Danica Patrick","Aspen Dental | Stewart-Haas Racing | Ford","Driver",6,1
"Racing",2017,"Playoff","National Treasures","Booklet - Goodyear Patch Signature","Matt Kenseth","DeWalt | Joe Gibbs Racing | Toyota","Driver",7,2
"Racing",2017,"Playoff","National Treasures","Booklet - Goodyear Patch Signature","Clint Bowyer","Mobil 1 | Stewart-Haas Racing | Ford","Driver",11,2
"Racing",2017,"Playoff","National Treasures","Booklet - Goodyear Patch Signature","Ryan Newman","Caterpillar | Richard Childress Racing | Chevrolet","Driver",12,1
"Racing",2017,"Playoff","National Treasures","Booklet - Goodyear Patch Signature","Martin Truex Jr.","Bass Pro Shops-TRACKER Boats | Furniture Row Racing | Toyota","Driver",14,2
"Racing",2017,"Playoff","National Treasures","Booklet - Goodyear Patch Signature","Corey LaJoie","Dustless Blasting | BK Racing | Toyota","Driver",15,2
"Racing",2017,"Playoff","National Treasures","Booklet - Goodyear Patch Signature","Gray Gaulding","Dr Pepper | BK Racing | Toyota","Driver",17,2
"Racing",2017,"Playoff","National Treasures","Booklet - Goodyear Patch Signature","Daniel Suarez","ARRIS | Joe Gibbs Racing | Toyota","Driver",18,2
"Racing",2017,"Playoff","National Treasures","Booklet - Goodyear Patch Signature","Ty Dillon","GEICO | Germain Racing | Chevrolet","Driver",19,2
"Racing",2017,"Playoff","National Treasures","Booklet - Goodyear Patch Signature","Carl Edwards","Aflac | Roush Fenway Racing | Ford","Driver",20,2
"Racing",2017,"Playoff","National Treasures","Booklet - Goodyear Patch Signature","Greg Biffle","3M | Roush Fenway Racing | Ford","Car",21,2
"Racing",2017,"Playoff","National Treasures","Booklet - Goodyear Patch Signature","Kyle Larson","Target | Chip Ganassi Racing | Chevrolet","Driver",23,1
"Racing",2017,"Playoff","National Treasures","Booklet - Goodyear Patch Signature","Ryan Blaney","Motorcraft | Wood Brothers Racing | Ford","Driver",24,1
"Racing",2017,"Playoff","National Treasures","Booklet - Goodyear Patch Signature","Trevor Bayne","AdvoCare | Roush Fenway Racing | Ford","Driver",25,2
"Racing",2017,"Playoff","National Treasures","Booklet - Goodyear Patch Signature","Ricky Stenhouse Jr","SunnyD | Roush Fenway Racing | Ford","Driver",26,2
"Racing",2017,"Playoff","National Treasures","Booklet - Goodyear Patch Signature","AJ Allmendinger","Kroger | JTG Daugherty Racing | Chevrolet","Driver",27,2
"Racing",2017,"Playoff","National Treasures","Booklet - Goodyear Patch Signature","Landon Cassill","Love's Travel Stops | Front Row Motorsports | Ford","Driver",30,2
"Racing",2017,"Playoff","National Treasures","Booklet - Goodyear Patch Signature","Daniel Hemric","Blue Gate Bank | Richard Childress Racing | Chevrolet","Driver",32,2
"Racing",2017,"Playoff","National Treasures","Booklet - Goodyear Patch Signature","Cole Custer","Haas Automation | Stewart-Haas Racing | Ford","Driver",33,2
"Racing",2017,"Playoff","National Treasures","Booklet - Goodyear Patch Signature","Bobby Labonte","C&J Energy Services | Go FAS Racing | Ford","Driver",34,2
"Racing",2017,"Playoff","National Treasures","Booklet - Goodyear Patch Signature","Kaz Grala","Kiklos | GMS Racing | Chevrolet","Driver",36,2
"Racing",2017,"Playoff","National Treasures","Booklet - Nameplate Patch Signature","Jimmie Johnson","Lowe's | Hendrick Motorsports | Chevrolet","Driver",1,2
"Racing",2017,"Playoff","National Treasures","Booklet - Nameplate Patch Signature","Kevin Harvick","Jimmy John's | Stewart-Haas Racing | Ford","Driver",2,2
"Racing",2017,"Playoff","National Treasures","Booklet - Nameplate Patch Signature","Dale Earnhardt Jr","Nationwide | Hendrick Motorsports | Chevrolet","Driver",3,1
"Racing",2017,"Playoff","National Treasures","Booklet - Nameplate Patch Signature","Kyle Busch","M&M's | Joe Gibbs Racing | Toyota","Driver",4,2
"Racing",2017,"Playoff","National Treasures","Booklet - Nameplate Patch Signature","Denny Hamlin","FedEx Express | Joe Gibbs Racing | Toyota","Driver",5,2
"Racing",2017,"Playoff","National Treasures","Booklet - Nameplate Patch Signature","Danica Patrick","Aspen Dental | Stewart-Haas Racing | Ford","Driver",6,1
"Racing",2017,"Playoff","National Treasures","Booklet - Nameplate Patch Signature","Matt Kenseth","DeWalt | Joe Gibbs Racing | Toyota","Driver",7,2
"Racing",2017,"Playoff","National Treasures","Booklet - Nameplate Patch Signature","Austin Dillon","Dow Chemical | Richard Childress Racing | Chevrolet","Driver",8,2
"Racing",2017,"Playoff","National Treasures","Booklet - Nameplate Patch Signature","Chase Elliott","NAPA Auto Parts | Hendrick Motorsports | Chevrolet","Driver",9,2
"Racing",2017,"Playoff","National Treasures","Booklet - Nameplate Patch Signature","Joey Logano","Shell-Pennzoil | Team Penske | Ford","Driver",10,2
"Racing",2017,"Playoff","National Treasures","Booklet - Nameplate Patch Signature","Clint Bowyer","Mobil 1 | Stewart-Haas Racing | Ford","Driver",11,2
"Racing",2017,"Playoff","National Treasures","Booklet - Nameplate Patch Signature","Ryan Newman","Caterpillar | Richard Childress Racing | Chevrolet","Driver",12,2
"Racing",2017,"Playoff","National Treasures","Booklet - Nameplate Patch Signature","Kasey Kahne","Farmers Insurance | Hendrick Motorsports | Chevrolet","Driver",13,1
"Racing",2017,"Playoff","National Treasures","Booklet - Nameplate Patch Signature","Martin Truex Jr.","Bass Pro Shops-TRACKER Boats | Furniture Row Racing | Toyota","Driver",14,2
"Racing",2017,"Playoff","National Treasures","Booklet - Nameplate Patch Signature","Corey LaJoie","Dustless Blasting | BK Racing | Toyota","Driver",15,2
"Racing",2017,"Playoff","National Treasures","Booklet - Nameplate Patch Signature","Erik Jones","5-Hour Energy | Furniture Row Racing | Toyota","Driver",16,1
"Racing",2017,"Playoff","National Treasures","Booklet - Nameplate Patch Signature","Gray Gaulding","Dr Pepper | BK Racing | Toyota","Driver",17,1
"Racing",2017,"Playoff","National Treasures","Booklet - Nameplate Patch Signature","Daniel Suarez","ARRIS | Joe Gibbs Racing | Toyota","Driver",18,2
"Racing",2017,"Playoff","National Treasures","Booklet - Nameplate Patch Signature","Ty Dillon","GEICO | Germain Racing | Chevrolet","Driver",19,1
"Racing",2017,"Playoff","National Treasures","Booklet - Nameplate Patch Signature","Carl Edwards","Aflac | Roush Fenway Racing | Ford","Driver",20,2
"Racing",2017,"Playoff","National Treasures","Booklet - Nameplate Patch Signature","Greg Biffle","3M | Roush Fenway Racing | Ford","Car",21,1
"Racing",2017,"Playoff","National Treasures","Booklet - Nameplate Patch Signature","Kurt Busch","Haas Automation | Stewart-Haas Racing | Ford","Driver",22,2
"Racing",2017,"Playoff","National Treasures","Booklet - Nameplate Patch Signature","Kyle Larson","Target | Chip Ganassi Racing | Chevrolet","Driver",23,2
"Racing",2017,"Playoff","National Treasures","Booklet - Nameplate Patch Signature","Ryan Blaney","Motorcraft | Wood Brothers Racing | Ford","Driver",24,2
"Racing",2017,"Playoff","National Treasures","Booklet - Nameplate Patch Signature","Trevor Bayne","AdvoCare | Roush Fenway Racing | Ford","Driver",25,2
"Racing",2017,"Playoff","National Treasures","Booklet - Nameplate Patch Signature","Ricky Stenhouse Jr","SunnyD | Roush Fenway Racing | Ford","Driver",26,2
"Racing",2017,"Playoff","National Treasures","Booklet - Nameplate Patch Signature","AJ Allmendinger","Kroger | JTG Daugherty Racing | Chevrolet","Driver",27,2
"Racing",2017,"Playoff","National Treasures","Booklet - Nameplate Patch Signature","David Ragan","Camping World | Front Row Motorsports | Ford","Driver",28,2
"Racing",2017,"Playoff","National Treasures","Booklet - Nameplate Patch Signature","Jamie McMurray","Cessna | Chip Ganassi Racing | Chevrolet","Driver",29,2
"Racing",2017,"Playoff","National Treasures","Booklet - Nameplate Patch Signature","Landon Cassill","Love's Travel Stops | Front Row Motorsports | Ford","Driver",30,2
"Racing",2017,"Playoff","National Treasures","Booklet - Nameplate Patch Signature","William Byron","Liberty University | JR Motorsports | Chevrolet","Driver",31,1
"Racing",2017,"Playoff","National Treasures","Booklet - Nameplate Patch Signature","Daniel Hemric","Blue Gate Bank | Richard Childress Racing | Chevrolet","Driver",32,2
"Racing",2017,"Playoff","National Treasures","Booklet - Nameplate Patch Signature","Cole Custer","Haas Automation | Stewart-Haas Racing | Ford","Driver",33,2
"Racing",2017,"Playoff","National Treasures","Booklet - Nameplate Patch Signature","Bobby Labonte","C&J Energy Services | Go FAS Racing | Ford","Driver",34,2
"Racing",2017,"Playoff","National Treasures","Booklet - Nameplate Patch Signature","Derrike Cope","Stoke Racing | Fred Stoke | Ford","Driver",35,2
"Racing",2017,"Playoff","National Treasures","Booklet - Nameplate Patch Signature","Kaz Grala","Kiklos | GMS Racing | Chevrolet","Driver",36,2
"Racing",2017,"Playoff","National Treasures","Booklet - NASCAR Patch Signature","Jimmie Johnson","Lowe's | Hendrick Motorsports | Chevrolet","Driver",1,1
"Racing",2017,"Playoff","National Treasures","Booklet - NASCAR Patch Signature","Kevin Harvick","Jimmy John's | Stewart-Haas Racing | Ford","Driver",2,1
"Racing",2017,"Playoff","National Treasures","Booklet - NASCAR Patch Signature","Dale Earnhardt Jr","Nationwide | Hendrick Motorsports | Chevrolet","Driver",3,1
"Racing",2017,"Playoff","National Treasures","Booklet - NASCAR Patch Signature","Kyle Busch","M&M's | Joe Gibbs Racing | Toyota","Driver",4,1
"Racing",2017,"Playoff","National Treasures","Booklet - NASCAR Patch Signature","Denny Hamlin","FedEx Express | Joe Gibbs Racing | Toyota","Driver",5,1
"Racing",2017,"Playoff","National Treasures","Booklet - NASCAR Patch Signature","Matt Kenseth","DeWalt | Joe Gibbs Racing | Toyota","Driver",7,1
"Racing",2017,"Playoff","National Treasures","Booklet - NASCAR Patch Signature","Austin Dillon","Dow Chemical | Richard Childress Racing | Chevrolet","Driver",8,1
"Racing",2017,"Playoff","National Treasures","Booklet - NASCAR Patch Signature","Chase Elliott","NAPA Auto Parts | Hendrick Motorsports | Chevrolet","Driver",9,1
"Racing",2017,"Playoff","National Treasures","Booklet - NASCAR Patch Signature","Joey Logano","Shell-Pennzoil | Team Penske | Ford","Driver",10,1
"Racing",2017,"Playoff","National Treasures","Booklet - NASCAR Patch Signature","Clint Bowyer","Mobil 1 | Stewart-Haas Racing | Ford","Driver",11,1
"Racing",2017,"Playoff","National Treasures","Booklet - NASCAR Patch Signature","Ryan Newman","Caterpillar | Richard Childress Racing | Chevrolet","Driver",12,1
"Racing",2017,"Playoff","National Treasures","Booklet - NASCAR Patch Signature","Kasey Kahne","Farmers Insurance | Hendrick Motorsports | Chevrolet","Driver",13,1
"Racing",2017,"Playoff","National Treasures","Booklet - NASCAR Patch Signature","Martin Truex Jr.","Bass Pro Shops-TRACKER Boats | Furniture Row Racing | Toyota","Driver",14,1
"Racing",2017,"Playoff","National Treasures","Booklet - NASCAR Patch Signature","Erik Jones","5-Hour Energy | Furniture Row Racing | Toyota","Driver",16,1
"Racing",2017,"Playoff","National Treasures","Booklet - NASCAR Patch Signature","Gray Gaulding","Dr Pepper | BK Racing | Toyota","Driver",17,1
"Racing",2017,"Playoff","National Treasures","Booklet - NASCAR Patch Signature","Daniel Suarez","ARRIS | Joe Gibbs Racing | Toyota","Driver",18,1
"Racing",2017,"Playoff","National Treasures","Booklet - NASCAR Patch Signature","Ty Dillon","GEICO | Germain Racing | Chevrolet","Driver",19,1
"Racing",2017,"Playoff","National Treasures","Booklet - NASCAR Patch Signature","Carl Edwards","Aflac | Roush Fenway Racing | Ford","Driver",20,1
"Racing",2017,"Playoff","National Treasures","Booklet - NASCAR Patch Signature","Greg Biffle","3M | Roush Fenway Racing | Ford","Car",21,1
"Racing",2017,"Playoff","National Treasures","Booklet - NASCAR Patch Signature","Kurt Busch","Haas Automation | Stewart-Haas Racing | Ford","Driver",22,1
"Racing",2017,"Playoff","National Treasures","Booklet - NASCAR Patch Signature","Kyle Larson","Target | Chip Ganassi Racing | Chevrolet","Driver",23,1
"Racing",2017,"Playoff","National Treasures","Booklet - NASCAR Patch Signature","Ryan Blaney","Motorcraft | Wood Brothers Racing | Ford","Driver",24,1
"Racing",2017,"Playoff","National Treasures","Booklet - NASCAR Patch Signature","Trevor Bayne","AdvoCare | Roush Fenway Racing | Ford","Driver",25,1
"Racing",2017,"Playoff","National Treasures","Booklet - NASCAR Patch Signature","Ricky Stenhouse Jr","SunnyD | Roush Fenway Racing | Ford","Driver",26,1
"Racing",2017,"Playoff","National Treasures","Booklet - NASCAR Patch Signature","AJ Allmendinger","Kroger | JTG Daugherty Racing | Chevrolet","Driver",27,1
"Racing",2017,"Playoff","National Treasures","Booklet - NASCAR Patch Signature","Jamie McMurray","Cessna | Chip Ganassi Racing | Chevrolet","Driver",29,1
"Racing",2017,"Playoff","National Treasures","Booklet - NASCAR Patch Signature","Landon Cassill","Love's Travel Stops | Front Row Motorsports | Ford","Driver",30,1
"Racing",2017,"Playoff","National Treasures","Booklet - NASCAR Patch Signature","William Byron","Liberty University | JR Motorsports | Chevrolet","Driver",31,1
"Racing",2017,"Playoff","National Treasures","Booklet - NASCAR Patch Signature","Daniel Hemric","Blue Gate Bank | Richard Childress Racing | Chevrolet","Driver",32,1
"Racing",2017,"Playoff","National Treasures","Booklet - NASCAR Patch Signature","Cole Custer","Haas Automation | Stewart-Haas Racing | Ford","Driver",33,1
"Racing",2017,"Playoff","National Treasures","Booklet - NASCAR Patch Signature","Bobby Labonte","C&J Energy Services | Go FAS Racing | Ford","Driver",34,1
"Racing",2017,"Playoff","National Treasures","Booklet - NASCAR Patch Signature","Kaz Grala","Kiklos | GMS Racing | Chevrolet","Driver",36,1
"Racing",2017,"Playoff","National Treasures","Booklet - Series Sponsor Patch Signature","Kevin Harvick","Jimmy John's | Stewart-Haas Racing | Ford","Driver",2,1
"Racing",2017,"Playoff","National Treasures","Booklet - Series Sponsor Patch Signature","Dale Earnhardt Jr","Nationwide | Hendrick Motorsports | Chevrolet","Driver",3,1
"Racing",2017,"Playoff","National Treasures","Booklet - Series Sponsor Patch Signature","Kyle Busch","M&M's | Joe Gibbs Racing | Toyota","Driver",4,1
"Racing",2017,"Playoff","National Treasures","Booklet - Series Sponsor Patch Signature","Denny Hamlin","FedEx Express | Joe Gibbs Racing | Toyota","Driver",5,1
"Racing",2017,"Playoff","National Treasures","Booklet - Series Sponsor Patch Signature","Danica Patrick","Aspen Dental | Stewart-Haas Racing | Ford","Driver",6,1
"Racing",2017,"Playoff","National Treasures","Booklet - Series Sponsor Patch Signature","Matt Kenseth","DeWalt | Joe Gibbs Racing | Toyota","Driver",7,1
"Racing",2017,"Playoff","National Treasures","Booklet - Series Sponsor Patch Signature","Austin Dillon","Dow Chemical | Richard Childress Racing | Chevrolet","Driver",8,1
"Racing",2017,"Playoff","National Treasures","Booklet - Series Sponsor Patch Signature","Chase Elliott","NAPA Auto Parts | Hendrick Motorsports | Chevrolet","Driver",9,1
"Racing",2017,"Playoff","National Treasures","Booklet - Series Sponsor Patch Signature","Clint Bowyer","Mobil 1 | Stewart-Haas Racing | Ford","Driver",11,1
"Racing",2017,"Playoff","National Treasures","Booklet - Series Sponsor Patch Signature","Ryan Newman","Caterpillar | Richard Childress Racing | Chevrolet","Driver",12,1
"Racing",2017,"Playoff","National Treasures","Booklet - Series Sponsor Patch Signature","Kasey Kahne","Farmers Insurance | Hendrick Motorsports | Chevrolet","Driver",13,1
"Racing",2017,"Playoff","National Treasures","Booklet - Series Sponsor Patch Signature","Martin Truex Jr.","Bass Pro Shops-TRACKER Boats | Furniture Row Racing | Toyota","Driver",14,1
"Racing",2017,"Playoff","National Treasures","Booklet - Series Sponsor Patch Signature","Corey LaJoie","Dustless Blasting | BK Racing | Toyota","Driver",15,1
"Racing",2017,"Playoff","National Treasures","Booklet - Series Sponsor Patch Signature","Erik Jones","5-Hour Energy | Furniture Row Racing | Toyota","Driver",16,1
"Racing",2017,"Playoff","National Treasures","Booklet - Series Sponsor Patch Signature","Gray Gaulding","Dr Pepper | BK Racing | Toyota","Driver",17,1
"Racing",2017,"Playoff","National Treasures","Booklet - Series Sponsor Patch Signature","Daniel Suarez","ARRIS | Joe Gibbs Racing | Toyota","Driver",18,1
"Racing",2017,"Playoff","National Treasures","Booklet - Series Sponsor Patch Signature","Ty Dillon","GEICO | Germain Racing | Chevrolet","Driver",19,1
"Racing",2017,"Playoff","National Treasures","Booklet - Series Sponsor Patch Signature","Carl Edwards","Aflac | Roush Fenway Racing | Ford","Driver",20,1
"Racing",2017,"Playoff","National Treasures","Booklet - Series Sponsor Patch Signature","Greg Biffle","3M | Roush Fenway Racing | Ford","Car",21,1
"Racing",2017,"Playoff","National Treasures","Booklet - Series Sponsor Patch Signature","Kurt Busch","Haas Automation | Stewart-Haas Racing | Ford","Driver",22,1
"Racing",2017,"Playoff","National Treasures","Booklet - Series Sponsor Patch Signature","Kyle Larson","Target | Chip Ganassi Racing | Chevrolet","Driver",23,1
"Racing",2017,"Playoff","National Treasures","Booklet - Series Sponsor Patch Signature","Trevor Bayne","AdvoCare | Roush Fenway Racing | Ford","Driver",25,1
"Racing",2017,"Playoff","National Treasures","Booklet - Series Sponsor Patch Signature","Ricky Stenhouse Jr","SunnyD | Roush Fenway Racing | Ford","Driver",26,1
"Racing",2017,"Playoff","National Treasures","Booklet - Series Sponsor Patch Signature","AJ Allmendinger","Kroger | JTG Daugherty Racing | Chevrolet","Driver",27,1
"Racing",2017,"Playoff","National Treasures","Booklet - Series Sponsor Patch Signature","David Ragan","Camping World | Front Row Motorsports | Ford","Driver",28,1
"Racing",2017,"Playoff","National Treasures","Booklet - Series Sponsor Patch Signature","Jamie McMurray","Cessna | Chip Ganassi Racing | Chevrolet","Driver",29,1
"Racing",2017,"Playoff","National Treasures","Booklet - Series Sponsor Patch Signature","Landon Cassill","Love's Travel Stops | Front Row Motorsports | Ford","Driver",30,1
"Racing",2017,"Playoff","National Treasures","Booklet - Series Sponsor Patch Signature","William Byron","Liberty University | JR Motorsports | Chevrolet","Driver",31,1
"Racing",2017,"Playoff","National Treasures","Booklet - Series Sponsor Patch Signature","Daniel Hemric","Blue Gate Bank | Richard Childress Racing | Chevrolet","Driver",32,1
"Racing",2017,"Playoff","National Treasures","Booklet - Series Sponsor Patch Signature","Cole Custer","Haas Automation | Stewart-Haas Racing | Ford","Driver",33,1
"Racing",2017,"Playoff","National Treasures","Booklet - Series Sponsor Patch Signature","Bobby Labonte","C&J Energy Services | Go FAS Racing | Ford","Driver",34,1
"Racing",2017,"Playoff","National Treasures","Booklet - Series Sponsor Patch Signature","Derrike Cope","Stoke Racing | Fred Stoke | Ford","Driver",35,1
"Racing",2017,"Playoff","National Treasures","Booklet - Series Sponsor Patch Signature","Kaz Grala","Kiklos | GMS Racing | Chevrolet","Driver",36,1
"Racing",2017,"Playoff","National Treasures","Booklet - Signature Sheet Metal","Kyle Busch","M&M's | Joe Gibbs Racing | Toyota","Driver",2,25
"Racing",2017,"Playoff","National Treasures","Booklet - Signature Sheet Metal","Matt Kenseth","DeWalt | Joe Gibbs Racing | Toyota","Driver",3,25
"Racing",2017,"Playoff","National Treasures","Booklet - Signature Sheet Metal","Ryan Newman","Caterpillar | Richard Childress Racing | Chevrolet","Driver",4,25
"Racing",2017,"Playoff","National Treasures","Booklet - Signature Sheet Metal","Danica Patrick","Aspen Dental | Stewart-Haas Racing | Ford","Driver",5,25
"Racing",2017,"Playoff","National Treasures","Booklet - Signature Sheet Metal","Chase Elliott","NAPA Auto Parts | Hendrick Motorsports | Chevrolet","Driver",6,25
"Racing",2017,"Playoff","National Treasures","Booklet - Signature Sheet Metal Black","Denny Hamlin","FedEx Express | Joe Gibbs Racing | Toyota","Driver",1,1
"Racing",2017,"Playoff","National Treasures","Booklet - Signature Sheet Metal Black","Kyle Busch","M&M's | Joe Gibbs Racing | Toyota","Driver",2,1
"Racing",2017,"Playoff","National Treasures","Booklet - Signature Sheet Metal Black","Matt Kenseth","DeWalt | Joe Gibbs Racing | Toyota","Driver",3,1
"Racing",2017,"Playoff","National Treasures","Booklet - Signature Sheet Metal Black","Ryan Newman","Caterpillar | Richard Childress Racing | Chevrolet","Driver",4,1
"Racing",2017,"Playoff","National Treasures","Booklet - Signature Sheet Metal Black","Danica Patrick","Aspen Dental | Stewart-Haas Racing | Ford","Driver",5,1
"Racing",2017,"Playoff","National Treasures","Booklet - Signature Sheet Metal Black","Chase Elliott","NAPA Auto Parts | Hendrick Motorsports | Chevrolet","Driver",6,1
"Racing",2017,"Playoff","National Treasures","Booklet - Signature Sheet Metal Gold","Kyle Busch","M&M's | Joe Gibbs Racing | Toyota","Driver",2,15
"Racing",2017,"Playoff","National Treasures","Booklet - Signature Sheet Metal Gold","Matt Kenseth","DeWalt | Joe Gibbs Racing | Toyota","Driver",3,15
"Racing",2017,"Playoff","National Treasures","Booklet - Signature Sheet Metal Gold","Ryan Newman","Caterpillar | Richard Childress Racing | Chevrolet","Driver",4,15
"Racing",2017,"Playoff","National Treasures","Booklet - Signature Sheet Metal Gold","Danica Patrick","Aspen Dental | Stewart-Haas Racing | Ford","Driver",5,15
"Racing",2017,"Playoff","National Treasures","Booklet - Signature Sheet Metal Gold","Chase Elliott","NAPA Auto Parts | Hendrick Motorsports | Chevrolet","Driver",6,15
"Racing",2017,"Playoff","National Treasures","Booklet - Signature Sheet Metal Green","Denny Hamlin","FedEx Express | Joe Gibbs Racing | Toyota","Driver",1,5
"Racing",2017,"Playoff","National Treasures","Booklet - Signature Sheet Metal Green","Kyle Busch","M&M's | Joe Gibbs Racing | Toyota","Driver",2,5
"Racing",2017,"Playoff","National Treasures","Booklet - Signature Sheet Metal Green","Matt Kenseth","DeWalt | Joe Gibbs Racing | Toyota","Driver",3,5
"Racing",2017,"Playoff","National Treasures","Booklet - Signature Sheet Metal Green","Ryan Newman","Caterpillar | Richard Childress Racing | Chevrolet","Driver",4,5
"Racing",2017,"Playoff","National Treasures","Booklet - Signature Sheet Metal Green","Danica Patrick","Aspen Dental | Stewart-Haas Racing | Ford","Driver",5,5
"Racing",2017,"Playoff","National Treasures","Booklet - Signature Sheet Metal Green","Chase Elliott","NAPA Auto Parts | Hendrick Motorsports | Chevrolet","Driver",6,5
"Racing",2017,"Playoff","National Treasures","Booklet - Signature Sheet Metal Holo Gold","Denny Hamlin","FedEx Express | Joe Gibbs Racing | Toyota","Driver",1,10
"Racing",2017,"Playoff","National Treasures","Booklet - Signature Sheet Metal Holo Gold","Kyle Busch","M&M's | Joe Gibbs Racing | Toyota","Driver",2,10
"Racing",2017,"Playoff","National Treasures","Booklet - Signature Sheet Metal Holo Gold","Matt Kenseth","DeWalt | Joe Gibbs Racing | Toyota","Driver",3,10
"Racing",2017,"Playoff","National Treasures","Booklet - Signature Sheet Metal Holo Gold","Ryan Newman","Caterpillar | Richard Childress Racing | Chevrolet","Driver",4,10
"Racing",2017,"Playoff","National Treasures","Booklet - Signature Sheet Metal Holo Gold","Danica Patrick","Aspen Dental | Stewart-Haas Racing | Ford","Driver",5,10
"Racing",2017,"Playoff","National Treasures","Booklet - Signature Sheet Metal Holo Gold","Chase Elliott","NAPA Auto Parts | Hendrick Motorsports | Chevrolet","Driver",6,10
"Racing",2017,"Playoff","National Treasures","Booklet - Signature Sheet Metal Holo Silver","Kyle Busch","M&M's | Joe Gibbs Racing | Toyota","Driver",2,20
"Racing",2017,"Playoff","National Treasures","Booklet - Signature Sheet Metal Holo Silver","Matt Kenseth","DeWalt | Joe Gibbs Racing | Toyota","Driver",3,20
"Racing",2017,"Playoff","National Treasures","Booklet - Signature Sheet Metal Holo Silver","Ryan Newman","Caterpillar | Richard Childress Racing | Chevrolet","Driver",4,20
"Racing",2017,"Playoff","National Treasures","Booklet - Signature Sheet Metal Holo Silver","Danica Patrick","Aspen Dental | Stewart-Haas Racing | Ford","Driver",5,20
"Racing",2017,"Playoff","National Treasures","Booklet - Signature Sheet Metal Holo Silver","Chase Elliott","NAPA Auto Parts | Hendrick Motorsports | Chevrolet","Driver",6,20
"Racing",2017,"Playoff","National Treasures","Booklet - Signature Six Way Swatches","Chase Elliott","NAPA Auto Parts | Hendrick Motorsports | Chevrolet","Driver",1,25
"Racing",2017,"Playoff","National Treasures","Booklet - Signature Six Way Swatches","Kevin Harvick","Jimmy John's | Stewart-Haas Racing | Ford","Driver",2,25
"Racing",2017,"Playoff","National Treasures","Booklet - Signature Six Way Swatches","Danica Patrick","Aspen Dental | Stewart-Haas Racing | Ford","Driver",3,25
"Racing",2017,"Playoff","National Treasures","Booklet - Signature Six Way Swatches","Jimmie Johnson","Lowe's | Hendrick Motorsports | Chevrolet","Driver",4,16
"Racing",2017,"Playoff","National Treasures","Booklet - Signature Six Way Swatches","Dale Earnhardt Jr","Nationwide | Hendrick Motorsports | Chevrolet","Driver",5,25
"Racing",2017,"Playoff","National Treasures","Booklet - Signature Six Way Swatches","Kyle Busch","M&M's | Joe Gibbs Racing | Toyota","Driver",6,25
"Racing",2017,"Playoff","National Treasures","Booklet - Signature Six Way Swatches","Joey Logano","Shell-Pennzoil | Team Penske | Ford","Driver",7,25
"Racing",2017,"Playoff","National Treasures","Booklet - Signature Six Way Swatches","Denny Hamlin","FedEx Express | Joe Gibbs Racing | Toyota","Driver",8,25
"Racing",2017,"Playoff","National Treasures","Booklet - Signature Six Way Swatches","Clint Bowyer","Mobil 1 | Stewart-Haas Racing | Ford","Driver",9,25
"Racing",2017,"Playoff","National Treasures","Booklet - Signature Six Way Swatches","Carl Edwards","Aflac | Roush Fenway Racing | Ford","Driver",10,25
"Racing",2017,"Playoff","National Treasures","Booklet - Signature Six Way Swatches Black","Chase Elliott","NAPA Auto Parts | Hendrick Motorsports | Chevrolet","Driver",1,1
"Racing",2017,"Playoff","National Treasures","Booklet - Signature Six Way Swatches Black","Kevin Harvick","Jimmy John's | Stewart-Haas Racing | Ford","Driver",2,1
"Racing",2017,"Playoff","National Treasures","Booklet - Signature Six Way Swatches Black","Danica Patrick","Aspen Dental | Stewart-Haas Racing | Ford","Driver",3,1
"Racing",2017,"Playoff","National Treasures","Booklet - Signature Six Way Swatches Black","Jimmie Johnson","Lowe's | Hendrick Motorsports | Chevrolet","Driver",4,1
"Racing",2017,"Playoff","National Treasures","Booklet - Signature Six Way Swatches Black","Dale Earnhardt Jr","Nationwide | Hendrick Motorsports | Chevrolet","Driver",5,1
"Racing",2017,"Playoff","National Treasures","Booklet - Signature Six Way Swatches Black","Kyle Busch","M&M's | Joe Gibbs Racing | Toyota","Driver",6,1
"Racing",2017,"Playoff","National Treasures","Booklet - Signature Six Way Swatches Black","Joey Logano","Shell-Pennzoil | Team Penske | Ford","Driver",7,1
"Racing",2017,"Playoff","National Treasures","Booklet - Signature Six Way Swatches Black","Denny Hamlin","FedEx Express | Joe Gibbs Racing | Toyota","Driver",8,1
"Racing",2017,"Playoff","National Treasures","Booklet - Signature Six Way Swatches Black","Clint Bowyer","Mobil 1 | Stewart-Haas Racing | Ford","Driver",9,1
"Racing",2017,"Playoff","National Treasures","Booklet - Signature Six Way Swatches Black","Carl Edwards","Aflac | Roush Fenway Racing | Ford","Driver",10,1
"Racing",2017,"Playoff","National Treasures","Booklet - Signature Six Way Swatches Gold","Chase Elliott","NAPA Auto Parts | Hendrick Motorsports | Chevrolet","Driver",1,15
"Racing",2017,"Playoff","National Treasures","Booklet - Signature Six Way Swatches Gold","Kevin Harvick","Jimmy John's | Stewart-Haas Racing | Ford","Driver",2,15
"Racing",2017,"Playoff","National Treasures","Booklet - Signature Six Way Swatches Gold","Danica Patrick","Aspen Dental | Stewart-Haas Racing | Ford","Driver",3,15
"Racing",2017,"Playoff","National Treasures","Booklet - Signature Six Way Swatches Gold","Jimmie Johnson","Lowe's | Hendrick Motorsports | Chevrolet","Driver",4,10
"Racing",2017,"Playoff","National Treasures","Booklet - Signature Six Way Swatches Gold","Dale Earnhardt Jr","Nationwide | Hendrick Motorsports | Chevrolet","Driver",5,15
"Racing",2017,"Playoff","National Treasures","Booklet - Signature Six Way Swatches Gold","Kyle Busch","M&M's | Joe Gibbs Racing | Toyota","Driver",6,15
"Racing",2017,"Playoff","National Treasures","Booklet - Signature Six Way Swatches Gold","Joey Logano","Shell-Pennzoil | Team Penske | Ford","Driver",7,15
"Racing",2017,"Playoff","National Treasures","Booklet - Signature Six Way Swatches Gold","Denny Hamlin","FedEx Express | Joe Gibbs Racing | Toyota","Driver",8,15
"Racing",2017,"Playoff","National Treasures","Booklet - Signature Six Way Swatches Gold","Clint Bowyer","Mobil 1 | Stewart-Haas Racing | Ford","Driver",9,15
"Racing",2017,"Playoff","National Treasures","Booklet - Signature Six Way Swatches Gold","Carl Edwards","Aflac | Roush Fenway Racing | Ford","Driver",10,15
"Racing",2017,"Playoff","National Treasures","Booklet - Signature Six Way Swatches Green","Chase Elliott","NAPA Auto Parts | Hendrick Motorsports | Chevrolet","Driver",1,5
"Racing",2017,"Playoff","National Treasures","Booklet - Signature Six Way Swatches Green","Kevin Harvick","Jimmy John's | Stewart-Haas Racing | Ford","Driver",2,5
"Racing",2017,"Playoff","National Treasures","Booklet - Signature Six Way Swatches Green","Danica Patrick","Aspen Dental | Stewart-Haas Racing | Ford","Driver",3,5
"Racing",2017,"Playoff","National Treasures","Booklet - Signature Six Way Swatches Green","Jimmie Johnson","Lowe's | Hendrick Motorsports | Chevrolet","Driver",4,5
"Racing",2017,"Playoff","National Treasures","Booklet - Signature Six Way Swatches Green","Dale Earnhardt Jr","Nationwide | Hendrick Motorsports | Chevrolet","Driver",5,5
"Racing",2017,"Playoff","National Treasures","Booklet - Signature Six Way Swatches Green","Kyle Busch","M&M's | Joe Gibbs Racing | Toyota","Driver",6,5
"Racing",2017,"Playoff","National Treasures","Booklet - Signature Six Way Swatches Green","Joey Logano","Shell-Pennzoil | Team Penske | Ford","Driver",7,5
"Racing",2017,"Playoff","National Treasures","Booklet - Signature Six Way Swatches Green","Denny Hamlin","FedEx Express | Joe Gibbs Racing | Toyota","Driver",8,5
"Racing",2017,"Playoff","National Treasures","Booklet - Signature Six Way Swatches Green","Clint Bowyer","Mobil 1 | Stewart-Haas Racing | Ford","Driver",9,5
"Racing",2017,"Playoff","National Treasures","Booklet - Signature Six Way Swatches Green","Carl Edwards","Aflac | Roush Fenway Racing | Ford","Driver",10,5
"Racing",2017,"Playoff","National Treasures","Booklet - Signature Six Way Swatches Holo Gold","Chase Elliott","NAPA Auto Parts | Hendrick Motorsports | Chevrolet","Driver",1,10
"Racing",2017,"Playoff","National Treasures","Booklet - Signature Six Way Swatches Holo Gold","Kevin Harvick","Jimmy John's | Stewart-Haas Racing | Ford","Driver",2,10
"Racing",2017,"Playoff","National Treasures","Booklet - Signature Six Way Swatches Holo Gold","Danica Patrick","Aspen Dental | Stewart-Haas Racing | Ford","Driver",3,10
"Racing",2017,"Playoff","National Treasures","Booklet - Signature Six Way Swatches Holo Gold","Jimmie Johnson","Lowe's | Hendrick Motorsports | Chevrolet","Driver",4,7
"Racing",2017,"Playoff","National Treasures","Booklet - Signature Six Way Swatches Holo Gold","Dale Earnhardt Jr","Nationwide | Hendrick Motorsports | Chevrolet","Driver",5,10
"Racing",2017,"Playoff","National Treasures","Booklet - Signature Six Way Swatches Holo Gold","Kyle Busch","M&M's | Joe Gibbs Racing | Toyota","Driver",6,10
"Racing",2017,"Playoff","National Treasures","Booklet - Signature Six Way Swatches Holo Gold","Joey Logano","Shell-Pennzoil | Team Penske | Ford","Driver",7,10
"Racing",2017,"Playoff","National Treasures","Booklet - Signature Six Way Swatches Holo Gold","Denny Hamlin","FedEx Express | Joe Gibbs Racing | Toyota","Driver",8,10
"Racing",2017,"Playoff","National Treasures","Booklet - Signature Six Way Swatches Holo Gold","Clint Bowyer","Mobil 1 | Stewart-Haas Racing | Ford","Driver",9,10
"Racing",2017,"Playoff","National Treasures","Booklet - Signature Six Way Swatches Holo Gold","Carl Edwards","Aflac | Roush Fenway Racing | Ford","Driver",10,10
"Racing",2017,"Playoff","National Treasures","Booklet - Signature Six Way Swatches Holo Silver","Chase Elliott","NAPA Auto Parts | Hendrick Motorsports | Chevrolet","Driver",1,20
"Racing",2017,"Playoff","National Treasures","Booklet - Signature Six Way Swatches Holo Silver","Kevin Harvick","Jimmy John's | Stewart-Haas Racing | Ford","Driver",2,20
"Racing",2017,"Playoff","National Treasures","Booklet - Signature Six Way Swatches Holo Silver","Danica Patrick","Aspen Dental | Stewart-Haas Racing | Ford","Driver",3,20
"Racing",2017,"Playoff","National Treasures","Booklet - Signature Six Way Swatches Holo Silver","Jimmie Johnson","Lowe's | Hendrick Motorsports | Chevrolet","Driver",4,15
"Racing",2017,"Playoff","National Treasures","Booklet - Signature Six Way Swatches Holo Silver","Dale Earnhardt Jr","Nationwide | Hendrick Motorsports | Chevrolet","Driver",5,20
"Racing",2017,"Playoff","National Treasures","Booklet - Signature Six Way Swatches Holo Silver","Kyle Busch","M&M's | Joe Gibbs Racing | Toyota","Driver",6,20
"Racing",2017,"Playoff","National Treasures","Booklet - Signature Six Way Swatches Holo Silver","Joey Logano","Shell-Pennzoil | Team Penske | Ford","Driver",7,20
"Racing",2017,"Playoff","National Treasures","Booklet - Signature Six Way Swatches Holo Silver","Denny Hamlin","FedEx Express | Joe Gibbs Racing | Toyota","Driver",8,20
"Racing",2017,"Playoff","National Treasures","Booklet - Signature Six Way Swatches Holo Silver","Clint Bowyer","Mobil 1 | Stewart-Haas Racing | Ford","Driver",9,20
"Racing",2017,"Playoff","National Treasures","Booklet - Signature Six Way Swatches Holo Silver","Carl Edwards","Aflac | Roush Fenway Racing | Ford","Driver",10,20
"Racing",2017,"Playoff","National Treasures","Booklet - Signature Six Way Swatches Laundry Tags","Chase Elliott","NAPA Auto Parts | Hendrick Motorsports | Chevrolet","Driver",1,1
"Racing",2017,"Playoff","National Treasures","Booklet - Signature Six Way Swatches Laundry Tags","Kevin Harvick","Jimmy John's | Stewart-Haas Racing | Ford","Driver",2,1
"Racing",2017,"Playoff","National Treasures","Booklet - Signature Six Way Swatches Laundry Tags","Danica Patrick","Aspen Dental | Stewart-Haas Racing | Ford","Driver",3,1
"Racing",2017,"Playoff","National Treasures","Booklet - Signature Six Way Swatches Laundry Tags","Jimmie Johnson","Lowe's | Hendrick Motorsports | Chevrolet","Driver",4,1
"Racing",2017,"Playoff","National Treasures","Booklet - Signature Six Way Swatches Laundry Tags","Dale Earnhardt Jr","Nationwide | Hendrick Motorsports | Chevrolet","Driver",5,1
"Racing",2017,"Playoff","National Treasures","Booklet - Signature Six Way Swatches Laundry Tags","Kyle Busch","M&M's | Joe Gibbs Racing | Toyota","Driver",6,1
"Racing",2017,"Playoff","National Treasures","Booklet - Signature Six Way Swatches Laundry Tags","Joey Logano","Shell-Pennzoil | Team Penske | Ford","Driver",7,1
"Racing",2017,"Playoff","National Treasures","Booklet - Signature Six Way Swatches Laundry Tags","Denny Hamlin","FedEx Express | Joe Gibbs Racing | Toyota","Driver",8,1
"Racing",2017,"Playoff","National Treasures","Booklet - Signature Six Way Swatches Laundry Tags","Clint Bowyer","Mobil 1 | Stewart-Haas Racing | Ford","Driver",9,1
"Racing",2017,"Playoff","National Treasures","Booklet - Signature Six Way Swatches Laundry Tags","Carl Edwards","Aflac | Roush Fenway Racing | Ford","Driver",10,1
"Racing",2017,"Playoff","National Treasures","Booklet - Sunoco Patch Signature","Jimmie Johnson","Lowe's | Hendrick Motorsports | Chevrolet","Driver",1,1
"Racing",2017,"Playoff","National Treasures","Booklet - Sunoco Patch Signature","Kevin Harvick","Jimmy John's | Stewart-Haas Racing | Ford","Driver",2,1
"Racing",2017,"Playoff","National Treasures","Booklet - Sunoco Patch Signature","Dale Earnhardt Jr","Nationwide | Hendrick Motorsports | Chevrolet","Driver",3,1
"Racing",2017,"Playoff","National Treasures","Booklet - Sunoco Patch Signature","Kyle Busch","M&M's | Joe Gibbs Racing | Toyota","Driver",4,1
"Racing",2017,"Playoff","National Treasures","Booklet - Sunoco Patch Signature","Denny Hamlin","FedEx Express | Joe Gibbs Racing | Toyota","Driver",5,1
"Racing",2017,"Playoff","National Treasures","Booklet - Sunoco Patch Signature","Danica Patrick","Aspen Dental | Stewart-Haas Racing | Ford","Driver",6,1
"Racing",2017,"Playoff","National Treasures","Booklet - Sunoco Patch Signature","Matt Kenseth","DeWalt | Joe Gibbs Racing | Toyota","Driver",7,1
"Racing",2017,"Playoff","National Treasures","Booklet - Sunoco Patch Signature","Austin Dillon","Dow Chemical | Richard Childress Racing | Chevrolet","Driver",8,1
"Racing",2017,"Playoff","National Treasures","Booklet - Sunoco Patch Signature","Chase Elliott","NAPA Auto Parts | Hendrick Motorsports | Chevrolet","Driver",9,1
"Racing",2017,"Playoff","National Treasures","Booklet - Sunoco Patch Signature","Joey Logano","Shell-Pennzoil | Team Penske | Ford","Driver",10,1
"Racing",2017,"Playoff","National Treasures","Booklet - Sunoco Patch Signature","Clint Bowyer","Mobil 1 | Stewart-Haas Racing | Ford","Driver",11,1
"Racing",2017,"Playoff","National Treasures","Booklet - Sunoco Patch Signature","Ryan Newman","Caterpillar | Richard Childress Racing | Chevrolet","Driver",12,1
"Racing",2017,"Playoff","National Treasures","Booklet - Sunoco Patch Signature","Kasey Kahne","Farmers Insurance | Hendrick Motorsports | Chevrolet","Driver",13,1
"Racing",2017,"Playoff","National Treasures","Booklet - Sunoco Patch Signature","Martin Truex Jr.","Bass Pro Shops-TRACKER Boats | Furniture Row Racing | Toyota","Driver",14,1
"Racing",2017,"Playoff","National Treasures","Booklet - Sunoco Patch Signature","Corey LaJoie","Dustless Blasting | BK Racing | Toyota","Driver",15,1
"Racing",2017,"Playoff","National Treasures","Booklet - Sunoco Patch Signature","Erik Jones","5-Hour Energy | Furniture Row Racing | Toyota","Driver",16,1
"Racing",2017,"Playoff","National Treasures","Booklet - Sunoco Patch Signature","Gray Gaulding","Dr Pepper | BK Racing | Toyota","Driver",17,1
"Racing",2017,"Playoff","National Treasures","Booklet - Sunoco Patch Signature","Daniel Suarez","ARRIS | Joe Gibbs Racing | Toyota","Driver",18,1
"Racing",2017,"Playoff","National Treasures","Booklet - Sunoco Patch Signature","Ty Dillon","GEICO | Germain Racing | Chevrolet","Driver",19,1
"Racing",2017,"Playoff","National Treasures","Booklet - Sunoco Patch Signature","Carl Edwards","Aflac | Roush Fenway Racing | Ford","Driver",20,1
"Racing",2017,"Playoff","National Treasures","Booklet - Sunoco Patch Signature","Greg Biffle","3M | Roush Fenway Racing | Ford","Car",21,1
"Racing",2017,"Playoff","National Treasures","Booklet - Sunoco Patch Signature","Kyle Larson","Target | Chip Ganassi Racing | Chevrolet","Driver",23,1
"Racing",2017,"Playoff","National Treasures","Booklet - Sunoco Patch Signature","Ryan Blaney","Motorcraft | Wood Brothers Racing | Ford","Driver",24,1
"Racing",2017,"Playoff","National Treasures","Booklet - Sunoco Patch Signature","Trevor Bayne","AdvoCare | Roush Fenway Racing | Ford","Driver",25,1
"Racing",2017,"Playoff","National Treasures","Booklet - Sunoco Patch Signature","Ricky Stenhouse Jr","SunnyD | Roush Fenway Racing | Ford","Driver",26,1
"Racing",2017,"Playoff","National Treasures","Booklet - Sunoco Patch Signature","AJ Allmendinger","Kroger | JTG Daugherty Racing | Chevrolet","Driver",27,1
"Racing",2017,"Playoff","National Treasures","Booklet - Sunoco Patch Signature","David Ragan","Camping World | Front Row Motorsports | Ford","Driver",28,1
"Racing",2017,"Playoff","National Treasures","Booklet - Sunoco Patch Signature","Jamie McMurray","Cessna | Chip Ganassi Racing | Chevrolet","Driver",29,1
"Racing",2017,"Playoff","National Treasures","Booklet - Sunoco Patch Signature","Landon Cassill","Love's Travel Stops | Front Row Motorsports | Ford","Driver",30,1
"Racing",2017,"Playoff","National Treasures","Booklet - Sunoco Patch Signature","William Byron","Liberty University | JR Motorsports | Chevrolet","Driver",31,1
"Racing",2017,"Playoff","National Treasures","Booklet - Sunoco Patch Signature","Daniel Hemric","Blue Gate Bank | Richard Childress Racing | Chevrolet","Driver",32,1
"Racing",2017,"Playoff","National Treasures","Booklet - Sunoco Patch Signature","Cole Custer","Haas Automation | Stewart-Haas Racing | Ford","Driver",33,1
"Racing",2017,"Playoff","National Treasures","Booklet - Sunoco Patch Signature","Bobby Labonte","C&J Energy Services | Go FAS Racing | Ford","Driver",34,1
"Racing",2017,"Playoff","National Treasures","Booklet - Sunoco Patch Signature","Kaz Grala","Kiklos | GMS Racing | Chevrolet","Driver",36,1
"Racing",2017,"Playoff","National Treasures","Cars","Jimmie Johnson","Lowe's | Hendrick Motorsports | Chevrolet","Driver",16,25
"Racing",2017,"Playoff","National Treasures","Cars","Dale Earnhardt Jr","Nationwide | Hendrick Motorsports | Chevrolet","Driver",17,25
"Racing",2017,"Playoff","National Treasures","Cars","Kevin Harvick","Jimmy John's | Stewart-Haas Racing | Ford","Driver",18,25
"Racing",2017,"Playoff","National Treasures","Cars","Danica Patrick","Aspen Dental | Stewart-Haas Racing | Ford","Driver",19,25
"Racing",2017,"Playoff","National Treasures","Cars","Kyle Busch","M&M's | Joe Gibbs Racing | Toyota","Driver",20,25
"Racing",2017,"Playoff","National Treasures","Cars Century Black","Jimmie Johnson","Lowe's | Hendrick Motorsports | Chevrolet","Driver",16,1
"Racing",2017,"Playoff","National Treasures","Cars Century Black","Dale Earnhardt Jr","Nationwide | Hendrick Motorsports | Chevrolet","Driver",17,1
"Racing",2017,"Playoff","National Treasures","Cars Century Black","Kevin Harvick","Jimmy John's | Stewart-Haas Racing | Ford","Driver",18,1
"Racing",2017,"Playoff","National Treasures","Cars Century Black","Danica Patrick","Aspen Dental | Stewart-Haas Racing | Ford","Driver",19,1
"Racing",2017,"Playoff","National Treasures","Cars Century Black","Kyle Busch","M&M's | Joe Gibbs Racing | Toyota","Driver",20,1
"Racing",2017,"Playoff","National Treasures","Cars Century Gold","Jimmie Johnson","Lowe's | Hendrick Motorsports | Chevrolet","Driver",16,15
"Racing",2017,"Playoff","National Treasures","Cars Century Gold","Dale Earnhardt Jr","Nationwide | Hendrick Motorsports | Chevrolet","Driver",17,15
"Racing",2017,"Playoff","National Treasures","Cars Century Gold","Kevin Harvick","Jimmy John's | Stewart-Haas Racing | Ford","Driver",18,15
"Racing",2017,"Playoff","National Treasures","Cars Century Gold","Danica Patrick","Aspen Dental | Stewart-Haas Racing | Ford","Driver",19,15
"Racing",2017,"Playoff","National Treasures","Cars Century Gold","Kyle Busch","M&M's | Joe Gibbs Racing | Toyota","Driver",20,15
"Racing",2017,"Playoff","National Treasures","Cars Century Green","Jimmie Johnson","Lowe's | Hendrick Motorsports | Chevrolet","Driver",16,5
"Racing",2017,"Playoff","National Treasures","Cars Century Green","Dale Earnhardt Jr","Nationwide | Hendrick Motorsports | Chevrolet","Driver",17,5
"Racing",2017,"Playoff","National Treasures","Cars Century Green","Kevin Harvick","Jimmy John's | Stewart-Haas Racing | Ford","Driver",18,5
"Racing",2017,"Playoff","National Treasures","Cars Century Green","Danica Patrick","Aspen Dental | Stewart-Haas Racing | Ford","Driver",19,5
"Racing",2017,"Playoff","National Treasures","Cars Century Green","Kyle Busch","M&M's | Joe Gibbs Racing | Toyota","Driver",20,5
"Racing",2017,"Playoff","National Treasures","Cars Century Holo Gold","Jimmie Johnson","Lowe's | Hendrick Motorsports | Chevrolet","Driver",16,10
"Racing",2017,"Playoff","National Treasures","Cars Century Holo Gold","Dale Earnhardt Jr","Nationwide | Hendrick Motorsports | Chevrolet","Driver",17,10
"Racing",2017,"Playoff","National Treasures","Cars Century Holo Gold","Kevin Harvick","Jimmy John's | Stewart-Haas Racing | Ford","Driver",18,10
"Racing",2017,"Playoff","National Treasures","Cars Century Holo Gold","Danica Patrick","Aspen Dental | Stewart-Haas Racing | Ford","Driver",19,10
"Racing",2017,"Playoff","National Treasures","Cars Century Holo Gold","Kyle Busch","M&M's | Joe Gibbs Racing | Toyota","Driver",20,10
"Racing",2017,"Playoff","National Treasures","Cars Century Holo Silver","Jimmie Johnson","Lowe's | Hendrick Motorsports | Chevrolet","Driver",16,20
"Racing",2017,"Playoff","National Treasures","Cars Century Holo Silver","Dale Earnhardt Jr","Nationwide | Hendrick Motorsports | Chevrolet","Driver",17,20
"Racing",2017,"Playoff","National Treasures","Cars Century Holo Silver","Kevin Harvick","Jimmy John's | Stewart-Haas Racing | Ford","Driver",18,20
"Racing",2017,"Playoff","National Treasures","Cars Century Holo Silver","Danica Patrick","Aspen Dental | Stewart-Haas Racing | Ford","Driver",19,20
"Racing",2017,"Playoff","National Treasures","Cars Century Holo Silver","Kyle Busch","M&M's | Joe Gibbs Racing | Toyota","Driver",20,20
"Racing",2017,"Playoff","National Treasures","Cars Century Printing Plates Black","Jimmie Johnson","Lowe's | Hendrick Motorsports | Chevrolet","Driver",16,1
"Racing",2017,"Playoff","National Treasures","Cars Century Printing Plates Black","Dale Earnhardt Jr","Nationwide | Hendrick Motorsports | Chevrolet","Driver",17,1
"Racing",2017,"Playoff","National Treasures","Cars Century Printing Plates Black","Kevin Harvick","Jimmy John's | Stewart-Haas Racing | Ford","Driver",18,1
"Racing",2017,"Playoff","National Treasures","Cars Century Printing Plates Black","Danica Patrick","Aspen Dental | Stewart-Haas Racing | Ford","Driver",19,1
"Racing",2017,"Playoff","National Treasures","Cars Century Printing Plates Black","Kyle Busch","M&M's | Joe Gibbs Racing | Toyota","Driver",20,1
"Racing",2017,"Playoff","National Treasures","Cars Century Printing Plates Cyan","Jimmie Johnson","Lowe's | Hendrick Motorsports | Chevrolet","Driver",16,1
"Racing",2017,"Playoff","National Treasures","Cars Century Printing Plates Cyan","Dale Earnhardt Jr","Nationwide | Hendrick Motorsports | Chevrolet","Driver",17,1
"Racing",2017,"Playoff","National Treasures","Cars Century Printing Plates Cyan","Kevin Harvick","Jimmy John's | Stewart-Haas Racing | Ford","Driver",18,1
"Racing",2017,"Playoff","National Treasures","Cars Century Printing Plates Cyan","Danica Patrick","Aspen Dental | Stewart-Haas Racing | Ford","Driver",19,1
"Racing",2017,"Playoff","National Treasures","Cars Century Printing Plates Cyan","Kyle Busch","M&M's | Joe Gibbs Racing | Toyota","Driver",20,1
"Racing",2017,"Playoff","National Treasures","Cars Century Printing Plates Magenta","Jimmie Johnson","Lowe's | Hendrick Motorsports | Chevrolet","Driver",16,1
"Racing",2017,"Playoff","National Treasures","Cars Century Printing Plates Magenta","Dale Earnhardt Jr","Nationwide | Hendrick Motorsports | Chevrolet","Driver",17,1
"Racing",2017,"Playoff","National Treasures","Cars Century Printing Plates Magenta","Kevin Harvick","Jimmy John's | Stewart-Haas Racing | Ford","Driver",18,1
"Racing",2017,"Playoff","National Treasures","Cars Century Printing Plates Magenta","Danica Patrick","Aspen Dental | Stewart-Haas Racing | Ford","Driver",19,1
"Racing",2017,"Playoff","National Treasures","Cars Century Printing Plates Magenta","Kyle Busch","M&M's | Joe Gibbs Racing | Toyota","Driver",20,1
"Racing",2017,"Playoff","National Treasures","Cars Century Printing Plates Yellow","Jimmie Johnson","Lowe's | Hendrick Motorsports | Chevrolet","Driver",16,1
"Racing",2017,"Playoff","National Treasures","Cars Century Printing Plates Yellow","Dale Earnhardt Jr","Nationwide | Hendrick Motorsports | Chevrolet","Driver",17,1
"Racing",2017,"Playoff","National Treasures","Cars Century Printing Plates Yellow","Kevin Harvick","Jimmy John's | Stewart-Haas Racing | Ford","Driver",18,1
"Racing",2017,"Playoff","National Treasures","Cars Century Printing Plates Yellow","Danica Patrick","Aspen Dental | Stewart-Haas Racing | Ford","Driver",19,1
"Racing",2017,"Playoff","National Treasures","Cars Century Printing Plates Yellow","Kyle Busch","M&M's | Joe Gibbs Racing | Toyota","Driver",20,1
"Racing",2017,"Playoff","National Treasures","Century Black","Jimmie Johnson","Lowe's | Hendrick Motorsports | Chevrolet","Driver",1,1
"Racing",2017,"Playoff","National Treasures","Century Black","Kevin Harvick","Jimmy John's | Stewart-Haas Racing | Ford","Driver",2,1
"Racing",2017,"Playoff","National Treasures","Century Black","Dale Earnhardt Jr","Nationwide | Hendrick Motorsports | Chevrolet","Driver",3,1
"Racing",2017,"Playoff","National Treasures","Century Black","Brad Keselowski","Miller Lite | Team Penske | Ford","Driver",4,1
"Racing",2017,"Playoff","National Treasures","Century Black","Kyle Busch","M&M's | Joe Gibbs Racing | Toyota","Driver",5,1
"Racing",2017,"Playoff","National Treasures","Century Black","Denny Hamlin","FedEx Express | Joe Gibbs Racing | Toyota","Driver",6,1
"Racing",2017,"Playoff","National Treasures","Century Black","Danica Patrick","Aspen Dental | Stewart-Haas Racing | Ford","Driver",7,1
"Racing",2017,"Playoff","National Treasures","Century Black","Matt Kenseth","DeWalt | Joe Gibbs Racing | Toyota","Driver",8,1
"Racing",2017,"Playoff","National Treasures","Century Black","Austin Dillon","Dow Chemical | Richard Childress Racing | Chevrolet","Driver",9,1
"Racing",2017,"Playoff","National Treasures","Century Black","Chase Elliott","NAPA Auto Parts | Hendrick Motorsports | Chevrolet","Driver",10,1
"Racing",2017,"Playoff","National Treasures","Century Black","Joey Logano","Shell-Pennzoil | Team Penske | Ford","Driver",11,1
"Racing",2017,"Playoff","National Treasures","Century Black","Clint Bowyer","Haas Automation | Stewart-Haas Racing | Ford","Driver",12,1
"Racing",2017,"Playoff","National Treasures","Century Black","Ryan Newman","Caterpillar | Richard Childress Racing | Chevrolet","Driver",13,1
"Racing",2017,"Playoff","National Treasures","Century Black","Kasey Kahne","Farmers Insurance | Hendrick Motorsports | Chevrolet","Driver",14,1
"Racing",2017,"Playoff","National Treasures","Century Black","Martin Truex Jr.","Bass Pro Shops-TRACKER Boats | Furniture Row Racing | Toyota","Driver",15,1
"Racing",2017,"Playoff","National Treasures","Century Gold","Jimmie Johnson","Lowe's | Hendrick Motorsports | Chevrolet","Driver",1,15
"Racing",2017,"Playoff","National Treasures","Century Gold","Kevin Harvick","Jimmy John's | Stewart-Haas Racing | Ford","Driver",2,15
"Racing",2017,"Playoff","National Treasures","Century Gold","Dale Earnhardt Jr","Nationwide | Hendrick Motorsports | Chevrolet","Driver",3,15
"Racing",2017,"Playoff","National Treasures","Century Gold","Brad Keselowski","Miller Lite | Team Penske | Ford","Driver",4,15
"Racing",2017,"Playoff","National Treasures","Century Gold","Kyle Busch","M&M's | Joe Gibbs Racing | Toyota","Driver",5,15
"Racing",2017,"Playoff","National Treasures","Century Gold","Denny Hamlin","FedEx Express | Joe Gibbs Racing | Toyota","Driver",6,15
"Racing",2017,"Playoff","National Treasures","Century Gold","Danica Patrick","Aspen Dental | Stewart-Haas Racing | Ford","Driver",7,15
"Racing",2017,"Playoff","National Treasures","Century Gold","Matt Kenseth","DeWalt | Joe Gibbs Racing | Toyota","Driver",8,15
"Racing",2017,"Playoff","National Treasures","Century Gold","Austin Dillon","Dow Chemical | Richard Childress Racing | Chevrolet","Driver",9,15
"Racing",2017,"Playoff","National Treasures","Century Gold","Chase Elliott","NAPA Auto Parts | Hendrick Motorsports | Chevrolet","Driver",10,15
"Racing",2017,"Playoff","National Treasures","Century Gold","Joey Logano","Shell-Pennzoil | Team Penske | Ford","Driver",11,15
"Racing",2017,"Playoff","National Treasures","Century Gold","Clint Bowyer","Haas Automation | Stewart-Haas Racing | Ford","Driver",12,15
"Racing",2017,"Playoff","National Treasures","Century Gold","Ryan Newman","Caterpillar | Richard Childress Racing | Chevrolet","Driver",13,15
"Racing",2017,"Playoff","National Treasures","Century Gold","Kasey Kahne","Farmers Insurance | Hendrick Motorsports | Chevrolet","Driver",14,15
"Racing",2017,"Playoff","National Treasures","Century Gold","Martin Truex Jr.","Bass Pro Shops-TRACKER Boats | Furniture Row Racing | Toyota","Driver",15,15
"Racing",2017,"Playoff","National Treasures","Century Green","Jimmie Johnson","Lowe's | Hendrick Motorsports | Chevrolet","Driver",1,5
"Racing",2017,"Playoff","National Treasures","Century Green","Kevin Harvick","Jimmy John's | Stewart-Haas Racing | Ford","Driver",2,5
"Racing",2017,"Playoff","National Treasures","Century Green","Dale Earnhardt Jr","Nationwide | Hendrick Motorsports | Chevrolet","Driver",3,5
"Racing",2017,"Playoff","National Treasures","Century Green","Brad Keselowski","Miller Lite | Team Penske | Ford","Driver",4,5
"Racing",2017,"Playoff","National Treasures","Century Green","Kyle Busch","M&M's | Joe Gibbs Racing | Toyota","Driver",5,5
"Racing",2017,"Playoff","National Treasures","Century Green","Denny Hamlin","FedEx Express | Joe Gibbs Racing | Toyota","Driver",6,5
"Racing",2017,"Playoff","National Treasures","Century Green","Danica Patrick","Aspen Dental | Stewart-Haas Racing | Ford","Driver",7,5
"Racing",2017,"Playoff","National Treasures","Century Green","Matt Kenseth","DeWalt | Joe Gibbs Racing | Toyota","Driver",8,5
"Racing",2017,"Playoff","National Treasures","Century Green","Austin Dillon","Dow Chemical | Richard Childress Racing | Chevrolet","Driver",9,5
"Racing",2017,"Playoff","National Treasures","Century Green","Chase Elliott","NAPA Auto Parts | Hendrick Motorsports | Chevrolet","Driver",10,5
"Racing",2017,"Playoff","National Treasures","Century Green","Joey Logano","Shell-Pennzoil | Team Penske | Ford","Driver",11,5
"Racing",2017,"Playoff","National Treasures","Century Green","Clint Bowyer","Haas Automation | Stewart-Haas Racing | Ford","Driver",12,5
"Racing",2017,"Playoff","National Treasures","Century Green","Ryan Newman","Caterpillar | Richard Childress Racing | Chevrolet","Driver",13,5
"Racing",2017,"Playoff","National Treasures","Century Green","Kasey Kahne","Farmers Insurance | Hendrick Motorsports | Chevrolet","Driver",14,5
"Racing",2017,"Playoff","National Treasures","Century Green","Martin Truex Jr.","Bass Pro Shops-TRACKER Boats | Furniture Row Racing | Toyota","Driver",15,5
"Racing",2017,"Playoff","National Treasures","Century Holo Gold","Jimmie Johnson","Lowe's | Hendrick Motorsports | Chevrolet","Driver",1,10
"Racing",2017,"Playoff","National Treasures","Century Holo Gold","Kevin Harvick","Jimmy John's | Stewart-Haas Racing | Ford","Driver",2,10
"Racing",2017,"Playoff","National Treasures","Century Holo Gold","Dale Earnhardt Jr","Nationwide | Hendrick Motorsports | Chevrolet","Driver",3,10
"Racing",2017,"Playoff","National Treasures","Century Holo Gold","Brad Keselowski","Miller Lite | Team Penske | Ford","Driver",4,10
"Racing",2017,"Playoff","National Treasures","Century Holo Gold","Kyle Busch","M&M's | Joe Gibbs Racing | Toyota","Driver",5,10
"Racing",2017,"Playoff","National Treasures","Century Holo Gold","Denny Hamlin","FedEx Express | Joe Gibbs Racing | Toyota","Driver",6,10
"Racing",2017,"Playoff","National Treasures","Century Holo Gold","Danica Patrick","Aspen Dental | Stewart-Haas Racing | Ford","Driver",7,10
"Racing",2017,"Playoff","National Treasures","Century Holo Gold","Matt Kenseth","DeWalt | Joe Gibbs Racing | Toyota","Driver",8,10
"Racing",2017,"Playoff","National Treasures","Century Holo Gold","Austin Dillon","Dow Chemical | Richard Childress Racing | Chevrolet","Driver",9,10
"Racing",2017,"Playoff","National Treasures","Century Holo Gold","Chase Elliott","NAPA Auto Parts | Hendrick Motorsports | Chevrolet","Driver",10,10
"Racing",2017,"Playoff","National Treasures","Century Holo Gold","Joey Logano","Shell-Pennzoil | Team Penske | Ford","Driver",11,10
"Racing",2017,"Playoff","National Treasures","Century Holo Gold","Clint Bowyer","Haas Automation | Stewart-Haas Racing | Ford","Driver",12,10
"Racing",2017,"Playoff","National Treasures","Century Holo Gold","Ryan Newman","Caterpillar | Richard Childress Racing | Chevrolet","Driver",13,10
"Racing",2017,"Playoff","National Treasures","Century Holo Gold","Kasey Kahne","Farmers Insurance | Hendrick Motorsports | Chevrolet","Driver",14,10
"Racing",2017,"Playoff","National Treasures","Century Holo Gold","Martin Truex Jr.","Bass Pro Shops-TRACKER Boats | Furniture Row Racing | Toyota","Driver",15,10
"Racing",2017,"Playoff","National Treasures","Century Holo Silver","Jimmie Johnson","Lowe's | Hendrick Motorsports | Chevrolet","Driver",1,20
"Racing",2017,"Playoff","National Treasures","Century Holo Silver","Kevin Harvick","Jimmy John's | Stewart-Haas Racing | Ford","Driver",2,20
"Racing",2017,"Playoff","National Treasures","Century Holo Silver","Dale Earnhardt Jr","Nationwide | Hendrick Motorsports | Chevrolet","Driver",3,20
"Racing",2017,"Playoff","National Treasures","Century Holo Silver","Brad Keselowski","Miller Lite | Team Penske | Ford","Driver",4,20
"Racing",2017,"Playoff","National Treasures","Century Holo Silver","Kyle Busch","M&M's | Joe Gibbs Racing | Toyota","Driver",5,20
"Racing",2017,"Playoff","National Treasures","Century Holo Silver","Denny Hamlin","FedEx Express | Joe Gibbs Racing | Toyota","Driver",6,20
"Racing",2017,"Playoff","National Treasures","Century Holo Silver","Danica Patrick","Aspen Dental | Stewart-Haas Racing | Ford","Driver",7,20
"Racing",2017,"Playoff","National Treasures","Century Holo Silver","Matt Kenseth","DeWalt | Joe Gibbs Racing | Toyota","Driver",8,20
"Racing",2017,"Playoff","National Treasures","Century Holo Silver","Austin Dillon","Dow Chemical | Richard Childress Racing | Chevrolet","Driver",9,20
"Racing",2017,"Playoff","National Treasures","Century Holo Silver","Chase Elliott","NAPA Auto Parts | Hendrick Motorsports | Chevrolet","Driver",10,20
"Racing",2017,"Playoff","National Treasures","Century Holo Silver","Joey Logano","Shell-Pennzoil | Team Penske | Ford","Driver",11,20
"Racing",2017,"Playoff","National Treasures","Century Holo Silver","Clint Bowyer","Haas Automation | Stewart-Haas Racing | Ford","Driver",12,20
"Racing",2017,"Playoff","National Treasures","Century Holo Silver","Ryan Newman","Caterpillar | Richard Childress Racing | Chevrolet","Driver",13,20
"Racing",2017,"Playoff","National Treasures","Century Holo Silver","Kasey Kahne","Farmers Insurance | Hendrick Motorsports | Chevrolet","Driver",14,20
"Racing",2017,"Playoff","National Treasures","Century Holo Silver","Martin Truex Jr.","Bass Pro Shops-TRACKER Boats | Furniture Row Racing | Toyota","Driver",15,20
"Racing",2017,"Playoff","National Treasures","Century Laundry Tags","Jimmie Johnson","Lowe's | Hendrick Motorsports | Chevrolet","Driver",1,1
"Racing",2017,"Playoff","National Treasures","Century Laundry Tags","Kevin Harvick","Jimmy John's | Stewart-Haas Racing | Ford","Driver",2,1
"Racing",2017,"Playoff","National Treasures","Century Laundry Tags","Dale Earnhardt Jr","Nationwide | Hendrick Motorsports | Chevrolet","Driver",3,1
"Racing",2017,"Playoff","National Treasures","Century Laundry Tags","Brad Keselowski","Miller Lite | Team Penske | Ford","Driver",4,1
"Racing",2017,"Playoff","National Treasures","Century Laundry Tags","Kyle Busch","M&M's | Joe Gibbs Racing | Toyota","Driver",5,1
"Racing",2017,"Playoff","National Treasures","Century Laundry Tags","Denny Hamlin","FedEx Express | Joe Gibbs Racing | Toyota","Driver",6,1
"Racing",2017,"Playoff","National Treasures","Century Laundry Tags","Danica Patrick","Aspen Dental | Stewart-Haas Racing | Ford","Driver",7,1
"Racing",2017,"Playoff","National Treasures","Century Laundry Tags","Matt Kenseth","DeWalt | Joe Gibbs Racing | Toyota","Driver",8,1
"Racing",2017,"Playoff","National Treasures","Century Laundry Tags","Austin Dillon","Dow Chemical | Richard Childress Racing | Chevrolet","Driver",9,1
"Racing",2017,"Playoff","National Treasures","Century Laundry Tags","Chase Elliott","NAPA Auto Parts | Hendrick Motorsports | Chevrolet","Driver",10,1
"Racing",2017,"Playoff","National Treasures","Century Laundry Tags","Joey Logano","Shell-Pennzoil | Team Penske | Ford","Driver",11,1
"Racing",2017,"Playoff","National Treasures","Century Laundry Tags","Clint Bowyer","Haas Automation | Stewart-Haas Racing | Ford","Driver",12,1
"Racing",2017,"Playoff","National Treasures","Century Laundry Tags","Ryan Newman","Caterpillar | Richard Childress Racing | Chevrolet","Driver",13,1
"Racing",2017,"Playoff","National Treasures","Century Laundry Tags","Kasey Kahne","Farmers Insurance | Hendrick Motorsports | Chevrolet","Driver",14,1
"Racing",2017,"Playoff","National Treasures","Century Laundry Tags","Martin Truex Jr.","Bass Pro Shops-TRACKER Boats | Furniture Row Racing | Toyota","Driver",15,1
"Racing",2017,"Playoff","National Treasures","Century Printing Plates Black","Jimmie Johnson","Lowe's | Hendrick Motorsports | Chevrolet","Driver",1,1
"Racing",2017,"Playoff","National Treasures","Century Printing Plates Black","Kevin Harvick","Jimmy John's | Stewart-Haas Racing | Ford","Driver",2,1
"Racing",2017,"Playoff","National Treasures","Century Printing Plates Black","Dale Earnhardt Jr","Nationwide | Hendrick Motorsports | Chevrolet","Driver",3,1
"Racing",2017,"Playoff","National Treasures","Century Printing Plates Black","Brad Keselowski","Miller Lite | Team Penske | Ford","Driver",4,1
"Racing",2017,"Playoff","National Treasures","Century Printing Plates Black","Kyle Busch","M&M's | Joe Gibbs Racing | Toyota","Driver",5,1
"Racing",2017,"Playoff","National Treasures","Century Printing Plates Black","Denny Hamlin","FedEx Express | Joe Gibbs Racing | Toyota","Driver",6,1
"Racing",2017,"Playoff","National Treasures","Century Printing Plates Black","Danica Patrick","Aspen Dental | Stewart-Haas Racing | Ford","Driver",7,1
"Racing",2017,"Playoff","National Treasures","Century Printing Plates Black","Matt Kenseth","DeWalt | Joe Gibbs Racing | Toyota","Driver",8,1
"Racing",2017,"Playoff","National Treasures","Century Printing Plates Black","Austin Dillon","Dow Chemical | Richard Childress Racing | Chevrolet","Driver",9,1
"Racing",2017,"Playoff","National Treasures","Century Printing Plates Black","Chase Elliott","NAPA Auto Parts | Hendrick Motorsports | Chevrolet","Driver",10,1
"Racing",2017,"Playoff","National Treasures","Century Printing Plates Black","Joey Logano","Shell-Pennzoil | Team Penske | Ford","Driver",11,1
"Racing",2017,"Playoff","National Treasures","Century Printing Plates Black","Clint Bowyer","Haas Automation | Stewart-Haas Racing | Ford","Driver",12,1
"Racing",2017,"Playoff","National Treasures","Century Printing Plates Black","Ryan Newman","Caterpillar | Richard Childress Racing | Chevrolet","Driver",13,1
"Racing",2017,"Playoff","National Treasures","Century Printing Plates Black","Kasey Kahne","Farmers Insurance | Hendrick Motorsports | Chevrolet","Driver",14,1
"Racing",2017,"Playoff","National Treasures","Century Printing Plates Black","Martin Truex Jr.","Bass Pro Shops-TRACKER Boats | Furniture Row Racing | Toyota","Driver",15,1
"Racing",2017,"Playoff","National Treasures","Century Printing Plates Cyan","Jimmie Johnson","Lowe's | Hendrick Motorsports | Chevrolet","Driver",1,1
"Racing",2017,"Playoff","National Treasures","Century Printing Plates Cyan","Kevin Harvick","Jimmy John's | Stewart-Haas Racing | Ford","Driver",2,1
"Racing",2017,"Playoff","National Treasures","Century Printing Plates Cyan","Dale Earnhardt Jr","Nationwide | Hendrick Motorsports | Chevrolet","Driver",3,1
"Racing",2017,"Playoff","National Treasures","Century Printing Plates Cyan","Brad Keselowski","Miller Lite | Team Penske | Ford","Driver",4,1
"Racing",2017,"Playoff","National Treasures","Century Printing Plates Cyan","Kyle Busch","M&M's | Joe Gibbs Racing | Toyota","Driver",5,1
"Racing",2017,"Playoff","National Treasures","Century Printing Plates Cyan","Denny Hamlin","FedEx Express | Joe Gibbs Racing | Toyota","Driver",6,1
"Racing",2017,"Playoff","National Treasures","Century Printing Plates Cyan","Danica Patrick","Aspen Dental | Stewart-Haas Racing | Ford","Driver",7,1
"Racing",2017,"Playoff","National Treasures","Century Printing Plates Cyan","Matt Kenseth","DeWalt | Joe Gibbs Racing | Toyota","Driver",8,1
"Racing",2017,"Playoff","National Treasures","Century Printing Plates Cyan","Austin Dillon","Dow Chemical | Richard Childress Racing | Chevrolet","Driver",9,1
"Racing",2017,"Playoff","National Treasures","Century Printing Plates Cyan","Chase Elliott","NAPA Auto Parts | Hendrick Motorsports | Chevrolet","Driver",10,1
"Racing",2017,"Playoff","National Treasures","Century Printing Plates Cyan","Joey Logano","Shell-Pennzoil | Team Penske | Ford","Driver",11,1
"Racing",2017,"Playoff","National Treasures","Century Printing Plates Cyan","Clint Bowyer","Haas Automation | Stewart-Haas Racing | Ford","Driver",12,1
"Racing",2017,"Playoff","National Treasures","Century Printing Plates Cyan","Ryan Newman","Caterpillar | Richard Childress Racing | Chevrolet","Driver",13,1
"Racing",2017,"Playoff","National Treasures","Century Printing Plates Cyan","Kasey Kahne","Farmers Insurance | Hendrick Motorsports | Chevrolet","Driver",14,1
"Racing",2017,"Playoff","National Treasures","Century Printing Plates Cyan","Martin Truex Jr.","Bass Pro Shops-TRACKER Boats | Furniture Row Racing | Toyota","Driver",15,1
"Racing",2017,"Playoff","National Treasures","Century Printing Plates Magenta","Jimmie Johnson","Lowe's | Hendrick Motorsports | Chevrolet","Driver",1,1
"Racing",2017,"Playoff","National Treasures","Century Printing Plates Magenta","Kevin Harvick","Jimmy John's | Stewart-Haas Racing | Ford","Driver",2,1
"Racing",2017,"Playoff","National Treasures","Century Printing Plates Magenta","Dale Earnhardt Jr","Nationwide | Hendrick Motorsports | Chevrolet","Driver",3,1
"Racing",2017,"Playoff","National Treasures","Century Printing Plates Magenta","Brad Keselowski","Miller Lite | Team Penske | Ford","Driver",4,1
"Racing",2017,"Playoff","National Treasures","Century Printing Plates Magenta","Kyle Busch","M&M's | Joe Gibbs Racing | Toyota","Driver",5,1
"Racing",2017,"Playoff","National Treasures","Century Printing Plates Magenta","Denny Hamlin","FedEx Express | Joe Gibbs Racing | Toyota","Driver",6,1
"Racing",2017,"Playoff","National Treasures","Century Printing Plates Magenta","Danica Patrick","Aspen Dental | Stewart-Haas Racing | Ford","Driver",7,1
"Racing",2017,"Playoff","National Treasures","Century Printing Plates Magenta","Matt Kenseth","DeWalt | Joe Gibbs Racing | Toyota","Driver",8,1
"Racing",2017,"Playoff","National Treasures","Century Printing Plates Magenta","Austin Dillon","Dow Chemical | Richard Childress Racing | Chevrolet","Driver",9,1
"Racing",2017,"Playoff","National Treasures","Century Printing Plates Magenta","Chase Elliott","NAPA Auto Parts | Hendrick Motorsports | Chevrolet","Driver",10,1
"Racing",2017,"Playoff","National Treasures","Century Printing Plates Magenta","Joey Logano","Shell-Pennzoil | Team Penske | Ford","Driver",11,1
"Racing",2017,"Playoff","National Treasures","Century Printing Plates Magenta","Clint Bowyer","Haas Automation | Stewart-Haas Racing | Ford","Driver",12,1
"Racing",2017,"Playoff","National Treasures","Century Printing Plates Magenta","Ryan Newman","Caterpillar | Richard Childress Racing | Chevrolet","Driver",13,1
"Racing",2017,"Playoff","National Treasures","Century Printing Plates Magenta","Kasey Kahne","Farmers Insurance | Hendrick Motorsports | Chevrolet","Driver",14,1
"Racing",2017,"Playoff","National Treasures","Century Printing Plates Magenta","Martin Truex Jr.","Bass Pro Shops-TRACKER Boats | Furniture Row Racing | Toyota","Driver",15,1
"Racing",2017,"Playoff","National Treasures","Century Printing Plates Yellow","Jimmie Johnson","Lowe's | Hendrick Motorsports | Chevrolet","Driver",1,1
"Racing",2017,"Playoff","National Treasures","Century Printing Plates Yellow","Kevin Harvick","Jimmy John's | Stewart-Haas Racing | Ford","Driver",2,1
"Racing",2017,"Playoff","National Treasures","Century Printing Plates Yellow","Dale Earnhardt Jr","Nationwide | Hendrick Motorsports | Chevrolet","Driver",3,1
"Racing",2017,"Playoff","National Treasures","Century Printing Plates Yellow","Brad Keselowski","Miller Lite | Team Penske | Ford","Driver",4,1
"Racing",2017,"Playoff","National Treasures","Century Printing Plates Yellow","Kyle Busch","M&M's | Joe Gibbs Racing | Toyota","Driver",5,1
"Racing",2017,"Playoff","National Treasures","Century Printing Plates Yellow","Denny Hamlin","FedEx Express | Joe Gibbs Racing | Toyota","Driver",6,1
"Racing",2017,"Playoff","National Treasures","Century Printing Plates Yellow","Danica Patrick","Aspen Dental | Stewart-Haas Racing | Ford","Driver",7,1
"Racing",2017,"Playoff","National Treasures","Century Printing Plates Yellow","Matt Kenseth","DeWalt | Joe Gibbs Racing | Toyota","Driver",8,1
"Racing",2017,"Playoff","National Treasures","Century Printing Plates Yellow","Austin Dillon","Dow Chemical | Richard Childress Racing | Chevrolet","Driver",9,1
"Racing",2017,"Playoff","National Treasures","Century Printing Plates Yellow","Chase Elliott","NAPA Auto Parts | Hendrick Motorsports | Chevrolet","Driver",10,1
"Racing",2017,"Playoff","National Treasures","Century Printing Plates Yellow","Joey Logano","Shell-Pennzoil | Team Penske | Ford","Driver",11,1
"Racing",2017,"Playoff","National Treasures","Century Printing Plates Yellow","Clint Bowyer","Haas Automation | Stewart-Haas Racing | Ford","Driver",12,1
"Racing",2017,"Playoff","National Treasures","Century Printing Plates Yellow","Ryan Newman","Caterpillar | Richard Childress Racing | Chevrolet","Driver",13,1
"Racing",2017,"Playoff","National Treasures","Century Printing Plates Yellow","Kasey Kahne","Farmers Insurance | Hendrick Motorsports | Chevrolet","Driver",14,1
"Racing",2017,"Playoff","National Treasures","Century Printing Plates Yellow","Martin Truex Jr.","Bass Pro Shops-TRACKER Boats | Furniture Row Racing | Toyota","Driver",15,1
"Racing",2017,"Playoff","National Treasures","Championship Signatures","Chad Knaus","Lowe's | Hendrick Motorsports | Chevrolet","Crew Chief",2,48
"Racing",2017,"Playoff","National Treasures","Championship Signatures","Dale Jarrett","Quality Care | Robert Yates Racing | Ford","Driver",4,25
"Racing",2017,"Playoff","National Treasures","Championship Signatures","Bobby Labonte","Interstate Batteries | Joe Gibbs Racing | Pontiac","Driver",6,20
"Racing",2017,"Playoff","National Treasures","Championship Signatures","Brad Keselowski","Miller Lite | Team Penske | Ford","Driver",7,50
"Racing",2017,"Playoff","National Treasures","Championship Signatures","Darrell Waltrip","Mountain Dew | Junior Johnson | Buick","Driver",9,25
"Racing",2017,"Playoff","National Treasures","Championship Signatures","Tony Stewart","Mobil 1 | Stewart-Haas Racing | Chevrolet","Driver",11,25
"Racing",2017,"Playoff","National Treasures","Championship Signatures Black","Jimmie Johnson","Lowe's | Hendrick Motorsports | Chevrolet","Driver",1,1
"Racing",2017,"Playoff","National Treasures","Championship Signatures Black","Chad Knaus","Lowe's | Hendrick Motorsports | Chevrolet","Crew Chief",2,1
"Racing",2017,"Playoff","National Treasures","Championship Signatures Black","Richard Petty","STP | Petty Enterprises | Plymouth","Driver",3,1
"Racing",2017,"Playoff","National Treasures","Championship Signatures Black","Dale Jarrett","Quality Care | Robert Yates Racing | Ford","Driver",4,1
"Racing",2017,"Playoff","National Treasures","Championship Signatures Black","Bill Elliott","Coors | Harry Melling | Ford","Driver",5,1
"Racing",2017,"Playoff","National Treasures","Championship Signatures Black","Bobby Labonte","Interstate Batteries | Joe Gibbs Racing | Pontiac","Driver",6,1
"Racing",2017,"Playoff","National Treasures","Championship Signatures Black","Brad Keselowski","Miller Lite | Team Penske | Ford","Driver",7,1
"Racing",2017,"Playoff","National Treasures","Championship Signatures Black","Cale Yarborough","Holly Farms | Junior Johnson | Chevrolet","Driver",8,1
"Racing",2017,"Playoff","National Treasures","Championship Signatures Black","Darrell Waltrip","Mountain Dew | Junior Johnson | Buick","Driver",9,1
"Racing",2017,"Playoff","National Treasures","Championship Signatures Black","Rusty Wallace","Miller Lite | Team Penske | Ford","Driver",10,1
"Racing",2017,"Playoff","National Treasures","Championship Signatures Black","Tony Stewart","Mobil 1 | Stewart-Haas Racing | Chevrolet","Driver",11,1
"Racing",2017,"Playoff","National Treasures","Championship Signatures Gold","Chad Knaus","Lowe's | Hendrick Motorsports | Chevrolet","Crew Chief",2,15
"Racing",2017,"Playoff","National Treasures","Championship Signatures Gold","Richard Petty","STP | Petty Enterprises | Plymouth","Driver",3,10
"Racing",2017,"Playoff","National Treasures","Championship Signatures Gold","Dale Jarrett","Quality Care | Robert Yates Racing | Ford","Driver",4,15
"Racing",2017,"Playoff","National Treasures","Championship Signatures Gold","Bill Elliott","Coors | Harry Melling | Ford","Driver",5,15
"Racing",2017,"Playoff","National Treasures","Championship Signatures Gold","Bobby Labonte","Interstate Batteries | Joe Gibbs Racing | Pontiac","Driver",6,15
"Racing",2017,"Playoff","National Treasures","Championship Signatures Gold","Brad Keselowski","Miller Lite | Team Penske | Ford","Driver",7,20
"Racing",2017,"Playoff","National Treasures","Championship Signatures Gold","Cale Yarborough","Holly Farms | Junior Johnson | Chevrolet","Driver",8,15
"Racing",2017,"Playoff","National Treasures","Championship Signatures Gold","Darrell Waltrip","Mountain Dew | Junior Johnson | Buick","Driver",9,15
"Racing",2017,"Playoff","National Treasures","Championship Signatures Gold","Rusty Wallace","Miller Lite | Team Penske | Ford","Driver",10,15
"Racing",2017,"Playoff","National Treasures","Championship Signatures Gold","Tony Stewart","Mobil 1 | Stewart-Haas Racing | Chevrolet","Driver",11,15
"Racing",2017,"Playoff","National Treasures","Championship Signatures Green","Chad Knaus","Lowe's | Hendrick Motorsports | Chevrolet","Crew Chief",2,5
"Racing",2017,"Playoff","National Treasures","Championship Signatures Green","Richard Petty","STP | Petty Enterprises | Plymouth","Driver",3,5
"Racing",2017,"Playoff","National Treasures","Championship Signatures Green","Dale Jarrett","Quality Care | Robert Yates Racing | Ford","Driver",4,5
"Racing",2017,"Playoff","National Treasures","Championship Signatures Green","Bill Elliott","Coors | Harry Melling | Ford","Driver",5,5
"Racing",2017,"Playoff","National Treasures","Championship Signatures Green","Bobby Labonte","Interstate Batteries | Joe Gibbs Racing | Pontiac","Driver",6,5
"Racing",2017,"Playoff","National Treasures","Championship Signatures Green","Brad Keselowski","Miller Lite | Team Penske | Ford","Driver",7,2
"Racing",2017,"Playoff","National Treasures","Championship Signatures Green","Cale Yarborough","Holly Farms | Junior Johnson | Chevrolet","Driver",8,5
"Racing",2017,"Playoff","National Treasures","Championship Signatures Green","Darrell Waltrip","Mountain Dew | Junior Johnson | Buick","Driver",9,5
"Racing",2017,"Playoff","National Treasures","Championship Signatures Green","Rusty Wallace","Miller Lite | Team Penske | Ford","Driver",10,5
"Racing",2017,"Playoff","National Treasures","Championship Signatures Green","Tony Stewart","Mobil 1 | Stewart-Haas Racing | Chevrolet","Driver",11,5
"Racing",2017,"Playoff","National Treasures","Championship Signatures Holo Gold","Chad Knaus","Lowe's | Hendrick Motorsports | Chevrolet","Crew Chief",2,7
"Racing",2017,"Playoff","National Treasures","Championship Signatures Holo Gold","Richard Petty","STP | Petty Enterprises | Plymouth","Driver",3,7
"Racing",2017,"Playoff","National Treasures","Championship Signatures Holo Gold","Dale Jarrett","Quality Care | Robert Yates Racing | Ford","Driver",4,10
"Racing",2017,"Playoff","National Treasures","Championship Signatures Holo Gold","Bill Elliott","Coors | Harry Melling | Ford","Driver",5,10
"Racing",2017,"Playoff","National Treasures","Championship Signatures Holo Gold","Bobby Labonte","Interstate Batteries | Joe Gibbs Racing | Pontiac","Driver",6,10
"Racing",2017,"Playoff","National Treasures","Championship Signatures Holo Gold","Brad Keselowski","Miller Lite | Team Penske | Ford","Driver",7,15
"Racing",2017,"Playoff","National Treasures","Championship Signatures Holo Gold","Cale Yarborough","Holly Farms | Junior Johnson | Chevrolet","Driver",8,10
"Racing",2017,"Playoff","National Treasures","Championship Signatures Holo Gold","Darrell Waltrip","Mountain Dew | Junior Johnson | Buick","Driver",9,10
"Racing",2017,"Playoff","National Treasures","Championship Signatures Holo Gold","Rusty Wallace","Miller Lite | Team Penske | Ford","Driver",10,10
"Racing",2017,"Playoff","National Treasures","Championship Signatures Holo Gold","Tony Stewart","Mobil 1 | Stewart-Haas Racing | Chevrolet","Driver",11,10
"Racing",2017,"Playoff","National Treasures","Championship Signatures Holo Silver","Chad Knaus","Lowe's | Hendrick Motorsports | Chevrolet","Crew Chief",2,25
"Racing",2017,"Playoff","National Treasures","Championship Signatures Holo Silver","Richard Petty","STP | Petty Enterprises | Plymouth","Driver",3,15
"Racing",2017,"Playoff","National Treasures","Championship Signatures Holo Silver","Dale Jarrett","Quality Care | Robert Yates Racing | Ford","Driver",4,20
"Racing",2017,"Playoff","National Treasures","Championship Signatures Holo Silver","Bill Elliott","Coors | Harry Melling | Ford","Driver",5,20
"Racing",2017,"Playoff","National Treasures","Championship Signatures Holo Silver","Bobby Labonte","Interstate Batteries | Joe Gibbs Racing | Pontiac","Driver",6,18
"Racing",2017,"Playoff","National Treasures","Championship Signatures Holo Silver","Brad Keselowski","Miller Lite | Team Penske | Ford","Driver",7,25
"Racing",2017,"Playoff","National Treasures","Championship Signatures Holo Silver","Cale Yarborough","Holly Farms | Junior Johnson | Chevrolet","Driver",8,20
"Racing",2017,"Playoff","National Treasures","Championship Signatures Holo Silver","Darrell Waltrip","Mountain Dew | Junior Johnson | Buick","Driver",9,20
"Racing",2017,"Playoff","National Treasures","Championship Signatures Holo Silver","Tony Stewart","Mobil 1 | Stewart-Haas Racing | Chevrolet","Driver",11,20
"Racing",2017,"Playoff","National Treasures","Championship Signatures Printing Plates Black","Jimmie Johnson","Lowe's | Hendrick Motorsports | Chevrolet","Driver",1,1
"Racing",2017,"Playoff","National Treasures","Championship Signatures Printing Plates Black","Chad Knaus","Lowe's | Hendrick Motorsports | Chevrolet","Crew Chief",2,1
"Racing",2017,"Playoff","National Treasures","Championship Signatures Printing Plates Black","Richard Petty","STP | Petty Enterprises | Plymouth","Driver",3,1
"Racing",2017,"Playoff","National Treasures","Championship Signatures Printing Plates Black","Dale Jarrett","Quality Care | Robert Yates Racing | Ford","Driver",4,1
"Racing",2017,"Playoff","National Treasures","Championship Signatures Printing Plates Black","Bill Elliott","Coors | Harry Melling | Ford","Driver",5,1
"Racing",2017,"Playoff","National Treasures","Championship Signatures Printing Plates Black","Bobby Labonte","Interstate Batteries | Joe Gibbs Racing | Pontiac","Driver",6,1
"Racing",2017,"Playoff","National Treasures","Championship Signatures Printing Plates Black","Brad Keselowski","Miller Lite | Team Penske | Ford","Driver",7,1
"Racing",2017,"Playoff","National Treasures","Championship Signatures Printing Plates Black","Cale Yarborough","Holly Farms | Junior Johnson | Chevrolet","Driver",8,1
"Racing",2017,"Playoff","National Treasures","Championship Signatures Printing Plates Black","Darrell Waltrip","Mountain Dew | Junior Johnson | Buick","Driver",9,1
"Racing",2017,"Playoff","National Treasures","Championship Signatures Printing Plates Black","Rusty Wallace","Miller Lite | Team Penske | Ford","Driver",10,1
"Racing",2017,"Playoff","National Treasures","Championship Signatures Printing Plates Black","Tony Stewart","Mobil 1 | Stewart-Haas Racing | Chevrolet","Driver",11,1
"Racing",2017,"Playoff","National Treasures","Championship Signatures Printing Plates Cyan","Jimmie Johnson","Lowe's | Hendrick Motorsports | Chevrolet","Driver",1,1
"Racing",2017,"Playoff","National Treasures","Championship Signatures Printing Plates Cyan","Chad Knaus","Lowe's | Hendrick Motorsports | Chevrolet","Crew Chief",2,1
"Racing",2017,"Playoff","National Treasures","Championship Signatures Printing Plates Cyan","Richard Petty","STP | Petty Enterprises | Plymouth","Driver",3,1
"Racing",2017,"Playoff","National Treasures","Championship Signatures Printing Plates Cyan","Dale Jarrett","Quality Care | Robert Yates Racing | Ford","Driver",4,1
"Racing",2017,"Playoff","National Treasures","Championship Signatures Printing Plates Cyan","Bill Elliott","Coors | Harry Melling | Ford","Driver",5,1
"Racing",2017,"Playoff","National Treasures","Championship Signatures Printing Plates Cyan","Bobby Labonte","Interstate Batteries | Joe Gibbs Racing | Pontiac","Driver",6,1
"Racing",2017,"Playoff","National Treasures","Championship Signatures Printing Plates Cyan","Brad Keselowski","Miller Lite | Team Penske | Ford","Driver",7,1
"Racing",2017,"Playoff","National Treasures","Championship Signatures Printing Plates Cyan","Cale Yarborough","Holly Farms | Junior Johnson | Chevrolet","Driver",8,1
"Racing",2017,"Playoff","National Treasures","Championship Signatures Printing Plates Cyan","Darrell Waltrip","Mountain Dew | Junior Johnson | Buick","Driver",9,1
"Racing",2017,"Playoff","National Treasures","Championship Signatures Printing Plates Cyan","Rusty Wallace","Miller Lite | Team Penske | Ford","Driver",10,1
"Racing",2017,"Playoff","National Treasures","Championship Signatures Printing Plates Cyan","Tony Stewart","Mobil 1 | Stewart-Haas Racing | Chevrolet","Driver",11,1
"Racing",2017,"Playoff","National Treasures","Championship Signatures Printing Plates Magenta","Jimmie Johnson","Lowe's | Hendrick Motorsports | Chevrolet","Driver",1,1
"Racing",2017,"Playoff","National Treasures","Championship Signatures Printing Plates Magenta","Chad Knaus","Lowe's | Hendrick Motorsports | Chevrolet","Crew Chief",2,1
"Racing",2017,"Playoff","National Treasures","Championship Signatures Printing Plates Magenta","Richard Petty","STP | Petty Enterprises | Plymouth","Driver",3,1
"Racing",2017,"Playoff","National Treasures","Championship Signatures Printing Plates Magenta","Dale Jarrett","Quality Care | Robert Yates Racing | Ford","Driver",4,1
"Racing",2017,"Playoff","National Treasures","Championship Signatures Printing Plates Magenta","Bill Elliott","Coors | Harry Melling | Ford","Driver",5,1
"Racing",2017,"Playoff","National Treasures","Championship Signatures Printing Plates Magenta","Bobby Labonte","Interstate Batteries | Joe Gibbs Racing | Pontiac","Driver",6,1
"Racing",2017,"Playoff","National Treasures","Championship Signatures Printing Plates Magenta","Brad Keselowski","Miller Lite | Team Penske | Ford","Driver",7,1
"Racing",2017,"Playoff","National Treasures","Championship Signatures Printing Plates Magenta","Cale Yarborough","Holly Farms | Junior Johnson | Chevrolet","Driver",8,1
"Racing",2017,"Playoff","National Treasures","Championship Signatures Printing Plates Magenta","Darrell Waltrip","Mountain Dew | Junior Johnson | Buick","Driver",9,1
"Racing",2017,"Playoff","National Treasures","Championship Signatures Printing Plates Magenta","Rusty Wallace","Miller Lite | Team Penske | Ford","Driver",10,1
"Racing",2017,"Playoff","National Treasures","Championship Signatures Printing Plates Magenta","Tony Stewart","Mobil 1 | Stewart-Haas Racing | Chevrolet","Driver",11,1
"Racing",2017,"Playoff","National Treasures","Championship Signatures Printing Plates Yellow","Jimmie Johnson","Lowe's | Hendrick Motorsports | Chevrolet","Driver",1,1
"Racing",2017,"Playoff","National Treasures","Championship Signatures Printing Plates Yellow","Chad Knaus","Lowe's | Hendrick Motorsports | Chevrolet","Crew Chief",2,1
"Racing",2017,"Playoff","National Treasures","Championship Signatures Printing Plates Yellow","Richard Petty","STP | Petty Enterprises | Plymouth","Driver",3,1
"Racing",2017,"Playoff","National Treasures","Championship Signatures Printing Plates Yellow","Dale Jarrett","Quality Care | Robert Yates Racing | Ford","Driver",4,1
"Racing",2017,"Playoff","National Treasures","Championship Signatures Printing Plates Yellow","Bill Elliott","Coors | Harry Melling | Ford","Driver",5,1
"Racing",2017,"Playoff","National Treasures","Championship Signatures Printing Plates Yellow","Bobby Labonte","Interstate Batteries | Joe Gibbs Racing | Pontiac","Driver",6,1
"Racing",2017,"Playoff","National Treasures","Championship Signatures Printing Plates Yellow","Brad Keselowski","Miller Lite | Team Penske | Ford","Driver",7,1
"Racing",2017,"Playoff","National Treasures","Championship Signatures Printing Plates Yellow","Cale Yarborough","Holly Farms | Junior Johnson | Chevrolet","Driver",8,1
"Racing",2017,"Playoff","National Treasures","Championship Signatures Printing Plates Yellow","Darrell Waltrip","Mountain Dew | Junior Johnson | Buick","Driver",9,1
"Racing",2017,"Playoff","National Treasures","Championship Signatures Printing Plates Yellow","Rusty Wallace","Miller Lite | Team Penske | Ford","Driver",10,1
"Racing",2017,"Playoff","National Treasures","Championship Signatures Printing Plates Yellow","Tony Stewart","Mobil 1 | Stewart-Haas Racing | Chevrolet","Driver",11,1
"Racing",2017,"Playoff","National Treasures","Championship Swatches","Brad Keselowski","Miller Lite | Team Penske | Ford","Driver",1,25
"Racing",2017,"Playoff","National Treasures","Championship Swatches","Kevin Harvick","Jimmy John's | Stewart-Haas Racing | Ford","Driver",2,25
"Racing",2017,"Playoff","National Treasures","Championship Swatches","Kyle Busch","M&M's | Joe Gibbs Racing | Toyota","Driver",3,25
"Racing",2017,"Playoff","National Treasures","Championship Swatches","Dale Jarrett","Quality Care | Robert Yates Racing | Ford","Driver",5,25
"Racing",2017,"Playoff","National Treasures","Championship Swatches Black","Brad Keselowski","Miller Lite | Team Penske | Ford","Driver",1,1
"Racing",2017,"Playoff","National Treasures","Championship Swatches Black","Kevin Harvick","Jimmy John's | Stewart-Haas Racing | Ford","Driver",2,1
"Racing",2017,"Playoff","National Treasures","Championship Swatches Black","Kyle Busch","M&M's | Joe Gibbs Racing | Toyota","Driver",3,1
"Racing",2017,"Playoff","National Treasures","Championship Swatches Black","Bill Elliott","Coors | Harry Melling | Ford","Driver",4,1
"Racing",2017,"Playoff","National Treasures","Championship Swatches Black","Dale Jarrett","Quality Care | Robert Yates Racing | Ford","Driver",5,1
"Racing",2017,"Playoff","National Treasures","Championship Swatches Gold","Brad Keselowski","Miller Lite | Team Penske | Ford","Driver",1,15
"Racing",2017,"Playoff","National Treasures","Championship Swatches Gold","Kevin Harvick","Jimmy John's | Stewart-Haas Racing | Ford","Driver",2,15
"Racing",2017,"Playoff","National Treasures","Championship Swatches Gold","Kyle Busch","M&M's | Joe Gibbs Racing | Toyota","Driver",3,15
"Racing",2017,"Playoff","National Treasures","Championship Swatches Gold","Dale Jarrett","Quality Care | Robert Yates Racing | Ford","Driver",5,15
"Racing",2017,"Playoff","National Treasures","Championship Swatches Green","Brad Keselowski","Miller Lite | Team Penske | Ford","Driver",1,5
"Racing",2017,"Playoff","National Treasures","Championship Swatches Green","Kevin Harvick","Jimmy John's | Stewart-Haas Racing | Ford","Driver",2,5
"Racing",2017,"Playoff","National Treasures","Championship Swatches Green","Kyle Busch","M&M's | Joe Gibbs Racing | Toyota","Driver",3,5
"Racing",2017,"Playoff","National Treasures","Championship Swatches Green","Bill Elliott","Coors | Harry Melling | Ford","Driver",4,3
"Racing",2017,"Playoff","National Treasures","Championship Swatches Green","Dale Jarrett","Quality Care | Robert Yates Racing | Ford","Driver",5,5
"Racing",2017,"Playoff","National Treasures","Championship Swatches Holo Gold","Brad Keselowski","Miller Lite | Team Penske | Ford","Driver",1,10
"Racing",2017,"Playoff","National Treasures","Championship Swatches Holo Gold","Kevin Harvick","Jimmy John's | Stewart-Haas Racing | Ford","Driver",2,10
"Racing",2017,"Playoff","National Treasures","Championship Swatches Holo Gold","Kyle Busch","M&M's | Joe Gibbs Racing | Toyota","Driver",3,10
"Racing",2017,"Playoff","National Treasures","Championship Swatches Holo Gold","Dale Jarrett","Quality Care | Robert Yates Racing | Ford","Driver",5,10
"Racing",2017,"Playoff","National Treasures","Championship Swatches Holo Silver","Brad Keselowski","Miller Lite | Team Penske | Ford","Driver",1,20
"Racing",2017,"Playoff","National Treasures","Championship Swatches Holo Silver","Kevin Harvick","Jimmy John's | Stewart-Haas Racing | Ford","Driver",2,20
"Racing",2017,"Playoff","National Treasures","Championship Swatches Holo Silver","Kyle Busch","M&M's | Joe Gibbs Racing | Toyota","Driver",3,20
"Racing",2017,"Playoff","National Treasures","Championship Swatches Holo Silver","Dale Jarrett","Quality Care | Robert Yates Racing | Ford","Driver",5,20
"Racing",2017,"Playoff","National Treasures","Championship Swatches Laundry Tags","Brad Keselowski","Miller Lite | Team Penske | Ford","Driver",1,1
"Racing",2017,"Playoff","National Treasures","Championship Swatches Laundry Tags","Kevin Harvick","Jimmy John's | Stewart-Haas Racing | Ford","Driver",2,1
"Racing",2017,"Playoff","National Treasures","Championship Swatches Laundry Tags","Kyle Busch","M&M's | Joe Gibbs Racing | Toyota","Driver",3,1
"Racing",2017,"Playoff","National Treasures","Championship Swatches Printing Plates Black","Brad Keselowski","Miller Lite | Team Penske | Ford","Driver",1,1
"Racing",2017,"Playoff","National Treasures","Championship Swatches Printing Plates Black","Kevin Harvick","Jimmy John's | Stewart-Haas Racing | Ford","Driver",2,1
"Racing",2017,"Playoff","National Treasures","Championship Swatches Printing Plates Black","Kyle Busch","M&M's | Joe Gibbs Racing | Toyota","Driver",3,1
"Racing",2017,"Playoff","National Treasures","Championship Swatches Printing Plates Black","Bill Elliott","Coors | Harry Melling | Ford","Driver",4,1
"Racing",2017,"Playoff","National Treasures","Championship Swatches Printing Plates Black","Dale Jarrett","Quality Care | Robert Yates Racing | Ford","Driver",5,1
"Racing",2017,"Playoff","National Treasures","Championship Swatches Printing Plates Cyan","Brad Keselowski","Miller Lite | Team Penske | Ford","Driver",1,1
"Racing",2017,"Playoff","National Treasures","Championship Swatches Printing Plates Cyan","Kevin Harvick","Jimmy John's | Stewart-Haas Racing | Ford","Driver",2,1
"Racing",2017,"Playoff","National Treasures","Championship Swatches Printing Plates Cyan","Kyle Busch","M&M's | Joe Gibbs Racing | Toyota","Driver",3,1
"Racing",2017,"Playoff","National Treasures","Championship Swatches Printing Plates Cyan","Bill Elliott","Coors | Harry Melling | Ford","Driver",4,1
"Racing",2017,"Playoff","National Treasures","Championship Swatches Printing Plates Cyan","Dale Jarrett","Quality Care | Robert Yates Racing | Ford","Driver",5,1
"Racing",2017,"Playoff","National Treasures","Championship Swatches Printing Plates Magenta","Brad Keselowski","Miller Lite | Team Penske | Ford","Driver",1,1
"Racing",2017,"Playoff","National Treasures","Championship Swatches Printing Plates Magenta","Kevin Harvick","Jimmy John's | Stewart-Haas Racing | Ford","Driver",2,1
"Racing",2017,"Playoff","National Treasures","Championship Swatches Printing Plates Magenta","Kyle Busch","M&M's | Joe Gibbs Racing | Toyota","Driver",3,1
"Racing",2017,"Playoff","National Treasures","Championship Swatches Printing Plates Magenta","Bill Elliott","Coors | Harry Melling | Ford","Driver",4,1
"Racing",2017,"Playoff","National Treasures","Championship Swatches Printing Plates Magenta","Dale Jarrett","Quality Care | Robert Yates Racing | Ford","Driver",5,1
"Racing",2017,"Playoff","National Treasures","Championship Swatches Printing Plates Yellow","Brad Keselowski","Miller Lite | Team Penske | Ford","Driver",1,1
"Racing",2017,"Playoff","National Treasures","Championship Swatches Printing Plates Yellow","Kevin Harvick","Jimmy John's | Stewart-Haas Racing | Ford","Driver",2,1
"Racing",2017,"Playoff","National Treasures","Championship Swatches Printing Plates Yellow","Kyle Busch","M&M's | Joe Gibbs Racing | Toyota","Driver",3,1
"Racing",2017,"Playoff","National Treasures","Championship Swatches Printing Plates Yellow","Bill Elliott","Coors | Harry Melling | Ford","Driver",4,1
"Racing",2017,"Playoff","National Treasures","Championship Swatches Printing Plates Yellow","Dale Jarrett","Quality Care | Robert Yates Racing | Ford","Driver",5,1
"Racing",2017,"Playoff","National Treasures","Dual Firesuit Materials","Chase Elliott","NAPA Auto Parts | Hendrick Motorsports | Chevrolet","Driver",4,25
"Racing",2017,"Playoff","National Treasures","Dual Firesuit Materials","Greg Biffle","3M | Roush Fenway Racing | Ford","Car",6,25
"Racing",2017,"Playoff","National Treasures","Dual Firesuit Materials","Martin Truex Jr.","Bass Pro Shops-TRACKER Boats | Furniture Row Racing | Toyota","Driver",11,25
"Racing",2017,"Playoff","National Treasures","Dual Firesuit Materials","Ryan Newman","Caterpillar | Richard Childress Racing | Chevrolet","Driver",15,25
"Racing",2017,"Playoff","National Treasures","Dual Firesuit Materials","William Byron","Liberty University | JR Motorsports | Chevrolet","Driver",17,25
"Racing",2017,"Playoff","National Treasures","Dual Firesuit Materials","Austin Dillon","Dow Chemical | Richard Childress Racing | Chevrolet","Driver",18,25
"Racing",2017,"Playoff","National Treasures","Dual Firesuit Materials","Aric Almirola","Smithfield Foods | Richard Petty Motorsports | Ford","Driver",20,25
"Racing",2017,"Playoff","National Treasures","Dual Firesuit Materials Black","Danica Patrick","Aspen Dental | Stewart-Haas Racing | Ford","Driver",1,1
"Racing",2017,"Playoff","National Treasures","Dual Firesuit Materials Black","Dale Earnhardt Jr","Nationwide | Hendrick Motorsports | Chevrolet","Driver",2,1
"Racing",2017,"Playoff","National Treasures","Dual Firesuit Materials Black","AJ Allmendinger","Kroger | JTG Daugherty Racing | Chevrolet","Driver",3,1
"Racing",2017,"Playoff","National Treasures","Dual Firesuit Materials Black","Chase Elliott","NAPA Auto Parts | Hendrick Motorsports | Chevrolet","Driver",4,1
"Racing",2017,"Playoff","National Treasures","Dual Firesuit Materials Black","Clint Bowyer","Haas Automation | Stewart-Haas Racing | Ford","Driver",5,1
"Racing",2017,"Playoff","National Treasures","Dual Firesuit Materials Black","Greg Biffle","3M | Roush Fenway Racing | Ford","Car",6,1
"Racing",2017,"Playoff","National Treasures","Dual Firesuit Materials Black","Jamie McMurray","Cessna | Chip Ganassi Racing | Chevrolet","Driver",7,1
"Racing",2017,"Playoff","National Treasures","Dual Firesuit Materials Black","Joey Logano","Shell-Pennzoil | Team Penske | Ford","Driver",8,1
"Racing",2017,"Playoff","National Treasures","Dual Firesuit Materials Black","Kasey Kahne","Farmers Insurance | Hendrick Motorsports | Chevrolet","Driver",9,1
"Racing",2017,"Playoff","National Treasures","Dual Firesuit Materials Black","Kyle Larson","Target | Chip Ganassi Racing | Chevrolet","Driver",10,1
"Racing",2017,"Playoff","National Treasures","Dual Firesuit Materials Black","Martin Truex Jr.","Bass Pro Shops-TRACKER Boats | Furniture Row Racing | Toyota","Driver",11,1
"Racing",2017,"Playoff","National Treasures","Dual Firesuit Materials Black","Paul Menard","Menards | Richard Childress Racing | Chevrolet","Driver",12,1
"Racing",2017,"Playoff","National Treasures","Dual Firesuit Materials Black","Ricky Stenhouse Jr","SunnyD | Roush Fenway Racing | Ford","Driver",13,1
"Racing",2017,"Playoff","National Treasures","Dual Firesuit Materials Black","Ryan Blaney","Motorcraft | Wood Brothers Racing | Ford","Driver",14,1
"Racing",2017,"Playoff","National Treasures","Dual Firesuit Materials Black","Ryan Newman","Caterpillar | Richard Childress Racing | Chevrolet","Driver",15,1
"Racing",2017,"Playoff","National Treasures","Dual Firesuit Materials Black","Trevor Bayne","AdvoCare | Roush Fenway Racing | Ford","Driver",16,1
"Racing",2017,"Playoff","National Treasures","Dual Firesuit Materials Black","William Byron","Liberty University | JR Motorsports | Chevrolet","Driver",17,1
"Racing",2017,"Playoff","National Treasures","Dual Firesuit Materials Black","Austin Dillon","Dow Chemical | Richard Childress Racing | Chevrolet","Driver",18,1
"Racing",2017,"Playoff","National Treasures","Dual Firesuit Materials Black","Aric Almirola","Smithfield Foods | Richard Petty Motorsports | Ford","Driver",20,1
"Racing",2017,"Playoff","National Treasures","Dual Firesuit Materials Gold","Danica Patrick","Aspen Dental | Stewart-Haas Racing | Ford","Driver",1,15
"Racing",2017,"Playoff","National Treasures","Dual Firesuit Materials Gold","Dale Earnhardt Jr","Nationwide | Hendrick Motorsports | Chevrolet","Driver",2,15
"Racing",2017,"Playoff","National Treasures","Dual Firesuit Materials Gold","Chase Elliott","NAPA Auto Parts | Hendrick Motorsports | Chevrolet","Driver",4,15
"Racing",2017,"Playoff","National Treasures","Dual Firesuit Materials Gold","Clint Bowyer","Haas Automation | Stewart-Haas Racing | Ford","Driver",5,15
"Racing",2017,"Playoff","National Treasures","Dual Firesuit Materials Gold","Greg Biffle","3M | Roush Fenway Racing | Ford","Car",6,15
"Racing",2017,"Playoff","National Treasures","Dual Firesuit Materials Gold","Martin Truex Jr.","Bass Pro Shops-TRACKER Boats | Furniture Row Racing | Toyota","Driver",11,15
"Racing",2017,"Playoff","National Treasures","Dual Firesuit Materials Gold","Ryan Newman","Caterpillar | Richard Childress Racing | Chevrolet","Driver",15,15
"Racing",2017,"Playoff","National Treasures","Dual Firesuit Materials Gold","William Byron","Liberty University | JR Motorsports | Chevrolet","Driver",17,15
"Racing",2017,"Playoff","National Treasures","Dual Firesuit Materials Gold","Austin Dillon","Dow Chemical | Richard Childress Racing | Chevrolet","Driver",18,15
"Racing",2017,"Playoff","National Treasures","Dual Firesuit Materials Gold","Aric Almirola","Smithfield Foods | Richard Petty Motorsports | Ford","Driver",20,15
"Racing",2017,"Playoff","National Treasures","Dual Firesuit Materials Green","Danica Patrick","Aspen Dental | Stewart-Haas Racing | Ford","Driver",1,5
"Racing",2017,"Playoff","National Treasures","Dual Firesuit Materials Green","Dale Earnhardt Jr","Nationwide | Hendrick Motorsports | Chevrolet","Driver",2,5
"Racing",2017,"Playoff","National Treasures","Dual Firesuit Materials Green","AJ Allmendinger","Kroger | JTG Daugherty Racing | Chevrolet","Driver",3,5
"Racing",2017,"Playoff","National Treasures","Dual Firesuit Materials Green","Chase Elliott","NAPA Auto Parts | Hendrick Motorsports | Chevrolet","Driver",4,5
"Racing",2017,"Playoff","National Treasures","Dual Firesuit Materials Green","Clint Bowyer","Haas Automation | Stewart-Haas Racing | Ford","Driver",5,5
"Racing",2017,"Playoff","National Treasures","Dual Firesuit Materials Green","Greg Biffle","3M | Roush Fenway Racing | Ford","Car",6,5
"Racing",2017,"Playoff","National Treasures","Dual Firesuit Materials Green","Jamie McMurray","Cessna | Chip Ganassi Racing | Chevrolet","Driver",7,5
"Racing",2017,"Playoff","National Treasures","Dual Firesuit Materials Green","Joey Logano","Shell-Pennzoil | Team Penske | Ford","Driver",8,5
"Racing",2017,"Playoff","National Treasures","Dual Firesuit Materials Green","Kasey Kahne","Farmers Insurance | Hendrick Motorsports | Chevrolet","Driver",9,5
"Racing",2017,"Playoff","National Treasures","Dual Firesuit Materials Green","Kyle Larson","Target | Chip Ganassi Racing | Chevrolet","Driver",10,5
"Racing",2017,"Playoff","National Treasures","Dual Firesuit Materials Green","Martin Truex Jr.","Bass Pro Shops-TRACKER Boats | Furniture Row Racing | Toyota","Driver",11,5
"Racing",2017,"Playoff","National Treasures","Dual Firesuit Materials Green","Ricky Stenhouse Jr","SunnyD | Roush Fenway Racing | Ford","Driver",13,5
"Racing",2017,"Playoff","National Treasures","Dual Firesuit Materials Green","Ryan Newman","Caterpillar | Richard Childress Racing | Chevrolet","Driver",15,5
"Racing",2017,"Playoff","National Treasures","Dual Firesuit Materials Green","Trevor Bayne","AdvoCare | Roush Fenway Racing | Ford","Driver",16,5
"Racing",2017,"Playoff","National Treasures","Dual Firesuit Materials Green","William Byron","Liberty University | JR Motorsports | Chevrolet","Driver",17,5
"Racing",2017,"Playoff","National Treasures","Dual Firesuit Materials Green","Austin Dillon","Dow Chemical | Richard Childress Racing | Chevrolet","Driver",18,5
"Racing",2017,"Playoff","National Treasures","Dual Firesuit Materials Green","Aric Almirola","Smithfield Foods | Richard Petty Motorsports | Ford","Driver",20,5
"Racing",2017,"Playoff","National Treasures","Dual Firesuit Materials Holo Gold","Danica Patrick","Aspen Dental | Stewart-Haas Racing | Ford","Driver",1,10
"Racing",2017,"Playoff","National Treasures","Dual Firesuit Materials Holo Gold","Dale Earnhardt Jr","Nationwide | Hendrick Motorsports | Chevrolet","Driver",2,10
"Racing",2017,"Playoff","National Treasures","Dual Firesuit Materials Holo Gold","AJ Allmendinger","Kroger | JTG Daugherty Racing | Chevrolet","Driver",3,10
"Racing",2017,"Playoff","National Treasures","Dual Firesuit Materials Holo Gold","Chase Elliott","NAPA Auto Parts | Hendrick Motorsports | Chevrolet","Driver",4,10
"Racing",2017,"Playoff","National Treasures","Dual Firesuit Materials Holo Gold","Clint Bowyer","Haas Automation | Stewart-Haas Racing | Ford","Driver",5,10
"Racing",2017,"Playoff","National Treasures","Dual Firesuit Materials Holo Gold","Greg Biffle","3M | Roush Fenway Racing | Ford","Car",6,10
"Racing",2017,"Playoff","National Treasures","Dual Firesuit Materials Holo Gold","Joey Logano","Shell-Pennzoil | Team Penske | Ford","Driver",8,10
"Racing",2017,"Playoff","National Treasures","Dual Firesuit Materials Holo Gold","Kyle Larson","Target | Chip Ganassi Racing | Chevrolet","Driver",10,10
"Racing",2017,"Playoff","National Treasures","Dual Firesuit Materials Holo Gold","Martin Truex Jr.","Bass Pro Shops-TRACKER Boats | Furniture Row Racing | Toyota","Driver",11,10
"Racing",2017,"Playoff","National Treasures","Dual Firesuit Materials Holo Gold","Ryan Newman","Caterpillar | Richard Childress Racing | Chevrolet","Driver",15,10
"Racing",2017,"Playoff","National Treasures","Dual Firesuit Materials Holo Gold","William Byron","Liberty University | JR Motorsports | Chevrolet","Driver",17,10
"Racing",2017,"Playoff","National Treasures","Dual Firesuit Materials Holo Gold","Austin Dillon","Dow Chemical | Richard Childress Racing | Chevrolet","Driver",18,10
"Racing",2017,"Playoff","National Treasures","Dual Firesuit Materials Holo Gold","Aric Almirola","Smithfield Foods | Richard Petty Motorsports | Ford","Driver",20,10
"Racing",2017,"Playoff","National Treasures","Dual Firesuit Materials Holo Silver","Chase Elliott","NAPA Auto Parts | Hendrick Motorsports | Chevrolet","Driver",4,20
"Racing",2017,"Playoff","National Treasures","Dual Firesuit Materials Holo Silver","Greg Biffle","3M | Roush Fenway Racing | Ford","Car",6,20
"Racing",2017,"Playoff","National Treasures","Dual Firesuit Materials Holo Silver","Martin Truex Jr.","Bass Pro Shops-TRACKER Boats | Furniture Row Racing | Toyota","Driver",11,20
"Racing",2017,"Playoff","National Treasures","Dual Firesuit Materials Holo Silver","Ryan Newman","Caterpillar | Richard Childress Racing | Chevrolet","Driver",15,20
"Racing",2017,"Playoff","National Treasures","Dual Firesuit Materials Holo Silver","William Byron","Liberty University | JR Motorsports | Chevrolet","Driver",17,20
"Racing",2017,"Playoff","National Treasures","Dual Firesuit Materials Holo Silver","Austin Dillon","Dow Chemical | Richard Childress Racing | Chevrolet","Driver",18,20
"Racing",2017,"Playoff","National Treasures","Dual Firesuit Materials Holo Silver","Aric Almirola","Smithfield Foods | Richard Petty Motorsports | Ford","Driver",20,20
"Racing",2017,"Playoff","National Treasures","Dual Firesuit Materials Laundry Tags","Danica Patrick","Aspen Dental | Stewart-Haas Racing | Ford","Driver",1,1
"Racing",2017,"Playoff","National Treasures","Dual Firesuit Materials Laundry Tags","Dale Earnhardt Jr","Nationwide | Hendrick Motorsports | Chevrolet","Driver",2,1
"Racing",2017,"Playoff","National Treasures","Dual Firesuit Materials Laundry Tags","AJ Allmendinger","Kroger | JTG Daugherty Racing | Chevrolet","Driver",3,1
"Racing",2017,"Playoff","National Treasures","Dual Firesuit Materials Laundry Tags","Chase Elliott","NAPA Auto Parts | Hendrick Motorsports | Chevrolet","Driver",4,1
"Racing",2017,"Playoff","National Treasures","Dual Firesuit Materials Laundry Tags","Clint Bowyer","Haas Automation | Stewart-Haas Racing | Ford","Driver",5,1
"Racing",2017,"Playoff","National Treasures","Dual Firesuit Materials Laundry Tags","Greg Biffle","3M | Roush Fenway Racing | Ford","Car",6,1
"Racing",2017,"Playoff","National Treasures","Dual Firesuit Materials Laundry Tags","Jamie McMurray","Cessna | Chip Ganassi Racing | Chevrolet","Driver",7,1
"Racing",2017,"Playoff","National Treasures","Dual Firesuit Materials Laundry Tags","Joey Logano","Shell-Pennzoil | Team Penske | Ford","Driver",8,1
"Racing",2017,"Playoff","National Treasures","Dual Firesuit Materials Laundry Tags","Kasey Kahne","Farmers Insurance | Hendrick Motorsports | Chevrolet","Driver",9,1
"Racing",2017,"Playoff","National Treasures","Dual Firesuit Materials Laundry Tags","Kyle Larson","Target | Chip Ganassi Racing | Chevrolet","Driver",10,1
"Racing",2017,"Playoff","National Treasures","Dual Firesuit Materials Laundry Tags","Martin Truex Jr.","Bass Pro Shops-TRACKER Boats | Furniture Row Racing | Toyota","Driver",11,1
"Racing",2017,"Playoff","National Treasures","Dual Firesuit Materials Laundry Tags","Paul Menard","Menards | Richard Childress Racing | Chevrolet","Driver",12,1
"Racing",2017,"Playoff","National Treasures","Dual Firesuit Materials Laundry Tags","Ricky Stenhouse Jr","SunnyD | Roush Fenway Racing | Ford","Driver",13,1
"Racing",2017,"Playoff","National Treasures","Dual Firesuit Materials Laundry Tags","Ryan Blaney","Motorcraft | Wood Brothers Racing | Ford","Driver",14,1
"Racing",2017,"Playoff","National Treasures","Dual Firesuit Materials Laundry Tags","Ryan Newman","Caterpillar | Richard Childress Racing | Chevrolet","Driver",15,1
"Racing",2017,"Playoff","National Treasures","Dual Firesuit Materials Laundry Tags","Trevor Bayne","AdvoCare | Roush Fenway Racing | Ford","Driver",16,1
"Racing",2017,"Playoff","National Treasures","Dual Firesuit Materials Laundry Tags","William Byron","Liberty University | JR Motorsports | Chevrolet","Driver",17,1
"Racing",2017,"Playoff","National Treasures","Dual Firesuit Materials Laundry Tags","Austin Dillon","Dow Chemical | Richard Childress Racing | Chevrolet","Driver",18,1
"Racing",2017,"Playoff","National Treasures","Dual Firesuit Materials Laundry Tags","Landon Cassill","Love's Travel Stops | Front Row Motorsports | Ford","Driver",19,1
"Racing",2017,"Playoff","National Treasures","Dual Firesuit Materials Laundry Tags","Aric Almirola","Smithfield Foods | Richard Petty Motorsports | Ford","Driver",20,1
"Racing",2017,"Playoff","National Treasures","Dual Firesuit Materials Printing Plates Black","Danica Patrick","Aspen Dental | Stewart-Haas Racing | Ford","Driver",1,1
"Racing",2017,"Playoff","National Treasures","Dual Firesuit Materials Printing Plates Black","Dale Earnhardt Jr","Nationwide | Hendrick Motorsports | Chevrolet","Driver",2,1
"Racing",2017,"Playoff","National Treasures","Dual Firesuit Materials Printing Plates Black","AJ Allmendinger","Kroger | JTG Daugherty Racing | Chevrolet","Driver",3,1
"Racing",2017,"Playoff","National Treasures","Dual Firesuit Materials Printing Plates Black","Chase Elliott","NAPA Auto Parts | Hendrick Motorsports | Chevrolet","Driver",4,1
"Racing",2017,"Playoff","National Treasures","Dual Firesuit Materials Printing Plates Black","Clint Bowyer","Haas Automation | Stewart-Haas Racing | Ford","Driver",5,1
"Racing",2017,"Playoff","National Treasures","Dual Firesuit Materials Printing Plates Black","Greg Biffle","3M | Roush Fenway Racing | Ford","Car",6,1
"Racing",2017,"Playoff","National Treasures","Dual Firesuit Materials Printing Plates Black","Jamie McMurray","Cessna | Chip Ganassi Racing | Chevrolet","Driver",7,1
"Racing",2017,"Playoff","National Treasures","Dual Firesuit Materials Printing Plates Black","Joey Logano","Shell-Pennzoil | Team Penske | Ford","Driver",8,1
"Racing",2017,"Playoff","National Treasures","Dual Firesuit Materials Printing Plates Black","Kasey Kahne","Farmers Insurance | Hendrick Motorsports | Chevrolet","Driver",9,1
"Racing",2017,"Playoff","National Treasures","Dual Firesuit Materials Printing Plates Black","Kyle Larson","Target | Chip Ganassi Racing | Chevrolet","Driver",10,1
"Racing",2017,"Playoff","National Treasures","Dual Firesuit Materials Printing Plates Black","Martin Truex Jr.","Bass Pro Shops-TRACKER Boats | Furniture Row Racing | Toyota","Driver",11,1
"Racing",2017,"Playoff","National Treasures","Dual Firesuit Materials Printing Plates Black","Paul Menard","Menards | Richard Childress Racing | Chevrolet","Driver",12,1
"Racing",2017,"Playoff","National Treasures","Dual Firesuit Materials Printing Plates Black","Ricky Stenhouse Jr","SunnyD | Roush Fenway Racing | Ford","Driver",13,1
"Racing",2017,"Playoff","National Treasures","Dual Firesuit Materials Printing Plates Black","Ryan Blaney","Motorcraft | Wood Brothers Racing | Ford","Driver",14,1
"Racing",2017,"Playoff","National Treasures","Dual Firesuit Materials Printing Plates Black","Ryan Newman","Caterpillar | Richard Childress Racing | Chevrolet","Driver",15,1
"Racing",2017,"Playoff","National Treasures","Dual Firesuit Materials Printing Plates Black","Trevor Bayne","AdvoCare | Roush Fenway Racing | Ford","Driver",16,1
"Racing",2017,"Playoff","National Treasures","Dual Firesuit Materials Printing Plates Black","William Byron","Liberty University | JR Motorsports | Chevrolet","Driver",17,1
"Racing",2017,"Playoff","National Treasures","Dual Firesuit Materials Printing Plates Black","Austin Dillon","Dow Chemical | Richard Childress Racing | Chevrolet","Driver",18,1
"Racing",2017,"Playoff","National Treasures","Dual Firesuit Materials Printing Plates Black","Landon Cassill","Love's Travel Stops | Front Row Motorsports | Ford","Driver",19,1
"Racing",2017,"Playoff","National Treasures","Dual Firesuit Materials Printing Plates Black","Aric Almirola","Smithfield Foods | Richard Petty Motorsports | Ford","Driver",20,1
"Racing",2017,"Playoff","National Treasures","Dual Firesuit Materials Printing Plates Cyan","Danica Patrick","Aspen Dental | Stewart-Haas Racing | Ford","Driver",1,1
"Racing",2017,"Playoff","National Treasures","Dual Firesuit Materials Printing Plates Cyan","Dale Earnhardt Jr","Nationwide | Hendrick Motorsports | Chevrolet","Driver",2,1
"Racing",2017,"Playoff","National Treasures","Dual Firesuit Materials Printing Plates Cyan","AJ Allmendinger","Kroger | JTG Daugherty Racing | Chevrolet","Driver",3,1
"Racing",2017,"Playoff","National Treasures","Dual Firesuit Materials Printing Plates Cyan","Chase Elliott","NAPA Auto Parts | Hendrick Motorsports | Chevrolet","Driver",4,1
"Racing",2017,"Playoff","National Treasures","Dual Firesuit Materials Printing Plates Cyan","Clint Bowyer","Haas Automation | Stewart-Haas Racing | Ford","Driver",5,1
"Racing",2017,"Playoff","National Treasures","Dual Firesuit Materials Printing Plates Cyan","Greg Biffle","3M | Roush Fenway Racing | Ford","Car",6,1
"Racing",2017,"Playoff","National Treasures","Dual Firesuit Materials Printing Plates Cyan","Jamie McMurray","Cessna | Chip Ganassi Racing | Chevrolet","Driver",7,1
"Racing",2017,"Playoff","National Treasures","Dual Firesuit Materials Printing Plates Cyan","Joey Logano","Shell-Pennzoil | Team Penske | Ford","Driver",8,1
"Racing",2017,"Playoff","National Treasures","Dual Firesuit Materials Printing Plates Cyan","Kasey Kahne","Farmers Insurance | Hendrick Motorsports | Chevrolet","Driver",9,1
"Racing",2017,"Playoff","National Treasures","Dual Firesuit Materials Printing Plates Cyan","Kyle Larson","Target | Chip Ganassi Racing | Chevrolet","Driver",10,1
"Racing",2017,"Playoff","National Treasures","Dual Firesuit Materials Printing Plates Cyan","Martin Truex Jr.","Bass Pro Shops-TRACKER Boats | Furniture Row Racing | Toyota","Driver",11,1
"Racing",2017,"Playoff","National Treasures","Dual Firesuit Materials Printing Plates Cyan","Paul Menard","Menards | Richard Childress Racing | Chevrolet","Driver",12,1
"Racing",2017,"Playoff","National Treasures","Dual Firesuit Materials Printing Plates Cyan","Ricky Stenhouse Jr","SunnyD | Roush Fenway Racing | Ford","Driver",13,1
"Racing",2017,"Playoff","National Treasures","Dual Firesuit Materials Printing Plates Cyan","Ryan Blaney","Motorcraft | Wood Brothers Racing | Ford","Driver",14,1
"Racing",2017,"Playoff","National Treasures","Dual Firesuit Materials Printing Plates Cyan","Ryan Newman","Caterpillar | Richard Childress Racing | Chevrolet","Driver",15,1
"Racing",2017,"Playoff","National Treasures","Dual Firesuit Materials Printing Plates Cyan","Trevor Bayne","AdvoCare | Roush Fenway Racing | Ford","Driver",16,1
"Racing",2017,"Playoff","National Treasures","Dual Firesuit Materials Printing Plates Cyan","William Byron","Liberty University | JR Motorsports | Chevrolet","Driver",17,1
"Racing",2017,"Playoff","National Treasures","Dual Firesuit Materials Printing Plates Cyan","Austin Dillon","Dow Chemical | Richard Childress Racing | Chevrolet","Driver",18,1
"Racing",2017,"Playoff","National Treasures","Dual Firesuit Materials Printing Plates Cyan","Landon Cassill","Love's Travel Stops | Front Row Motorsports | Ford","Driver",19,1
"Racing",2017,"Playoff","National Treasures","Dual Firesuit Materials Printing Plates Cyan","Aric Almirola","Smithfield Foods | Richard Petty Motorsports | Ford","Driver",20,1
"Racing",2017,"Playoff","National Treasures","Dual Firesuit Materials Printing Plates Magenta","Danica Patrick","Aspen Dental | Stewart-Haas Racing | Ford","Driver",1,1
"Racing",2017,"Playoff","National Treasures","Dual Firesuit Materials Printing Plates Magenta","Dale Earnhardt Jr","Nationwide | Hendrick Motorsports | Chevrolet","Driver",2,1
"Racing",2017,"Playoff","National Treasures","Dual Firesuit Materials Printing Plates Magenta","AJ Allmendinger","Kroger | JTG Daugherty Racing | Chevrolet","Driver",3,1
"Racing",2017,"Playoff","National Treasures","Dual Firesuit Materials Printing Plates Magenta","Chase Elliott","NAPA Auto Parts | Hendrick Motorsports | Chevrolet","Driver",4,1
"Racing",2017,"Playoff","National Treasures","Dual Firesuit Materials Printing Plates Magenta","Clint Bowyer","Haas Automation | Stewart-Haas Racing | Ford","Driver",5,1
"Racing",2017,"Playoff","National Treasures","Dual Firesuit Materials Printing Plates Magenta","Greg Biffle","3M | Roush Fenway Racing | Ford","Car",6,1
"Racing",2017,"Playoff","National Treasures","Dual Firesuit Materials Printing Plates Magenta","Jamie McMurray","Cessna | Chip Ganassi Racing | Chevrolet","Driver",7,1
"Racing",2017,"Playoff","National Treasures","Dual Firesuit Materials Printing Plates Magenta","Joey Logano","Shell-Pennzoil | Team Penske | Ford","Driver",8,1
"Racing",2017,"Playoff","National Treasures","Dual Firesuit Materials Printing Plates Magenta","Kasey Kahne","Farmers Insurance | Hendrick Motorsports | Chevrolet","Driver",9,1
"Racing",2017,"Playoff","National Treasures","Dual Firesuit Materials Printing Plates Magenta","Kyle Larson","Target | Chip Ganassi Racing | Chevrolet","Driver",10,1
"Racing",2017,"Playoff","National Treasures","Dual Firesuit Materials Printing Plates Magenta","Martin Truex Jr.","Bass Pro Shops-TRACKER Boats | Furniture Row Racing | Toyota","Driver",11,1
"Racing",2017,"Playoff","National Treasures","Dual Firesuit Materials Printing Plates Magenta","Paul Menard","Menards | Richard Childress Racing | Chevrolet","Driver",12,1
"Racing",2017,"Playoff","National Treasures","Dual Firesuit Materials Printing Plates Magenta","Ricky Stenhouse Jr","SunnyD | Roush Fenway Racing | Ford","Driver",13,1
"Racing",2017,"Playoff","National Treasures","Dual Firesuit Materials Printing Plates Magenta","Ryan Blaney","Motorcraft | Wood Brothers Racing | Ford","Driver",14,1
"Racing",2017,"Playoff","National Treasures","Dual Firesuit Materials Printing Plates Magenta","Ryan Newman","Caterpillar | Richard Childress Racing | Chevrolet","Driver",15,1
"Racing",2017,"Playoff","National Treasures","Dual Firesuit Materials Printing Plates Magenta","Trevor Bayne","AdvoCare | Roush Fenway Racing | Ford","Driver",16,1
"Racing",2017,"Playoff","National Treasures","Dual Firesuit Materials Printing Plates Magenta","William Byron","Liberty University | JR Motorsports | Chevrolet","Driver",17,1
"Racing",2017,"Playoff","National Treasures","Dual Firesuit Materials Printing Plates Magenta","Austin Dillon","Dow Chemical | Richard Childress Racing | Chevrolet","Driver",18,1
"Racing",2017,"Playoff","National Treasures","Dual Firesuit Materials Printing Plates Magenta","Landon Cassill","Love's Travel Stops | Front Row Motorsports | Ford","Driver",19,1
"Racing",2017,"Playoff","National Treasures","Dual Firesuit Materials Printing Plates Magenta","Aric Almirola","Smithfield Foods | Richard Petty Motorsports | Ford","Driver",20,1
"Racing",2017,"Playoff","National Treasures","Dual Firesuit Materials Printing Plates Yellow","Danica Patrick","Aspen Dental | Stewart-Haas Racing | Ford","Driver",1,1
"Racing",2017,"Playoff","National Treasures","Dual Firesuit Materials Printing Plates Yellow","Dale Earnhardt Jr","Nationwide | Hendrick Motorsports | Chevrolet","Driver",2,1
"Racing",2017,"Playoff","National Treasures","Dual Firesuit Materials Printing Plates Yellow","AJ Allmendinger","Kroger | JTG Daugherty Racing | Chevrolet","Driver",3,1
"Racing",2017,"Playoff","National Treasures","Dual Firesuit Materials Printing Plates Yellow","Chase Elliott","NAPA Auto Parts | Hendrick Motorsports | Chevrolet","Driver",4,1
"Racing",2017,"Playoff","National Treasures","Dual Firesuit Materials Printing Plates Yellow","Clint Bowyer","Haas Automation | Stewart-Haas Racing | Ford","Driver",5,1
"Racing",2017,"Playoff","National Treasures","Dual Firesuit Materials Printing Plates Yellow","Greg Biffle","3M | Roush Fenway Racing | Ford","Car",6,1
"Racing",2017,"Playoff","National Treasures","Dual Firesuit Materials Printing Plates Yellow","Jamie McMurray","Cessna | Chip Ganassi Racing | Chevrolet","Driver",7,1
"Racing",2017,"Playoff","National Treasures","Dual Firesuit Materials Printing Plates Yellow","Joey Logano","Shell-Pennzoil | Team Penske | Ford","Driver",8,1
"Racing",2017,"Playoff","National Treasures","Dual Firesuit Materials Printing Plates Yellow","Kasey Kahne","Farmers Insurance | Hendrick Motorsports | Chevrolet","Driver",9,1
"Racing",2017,"Playoff","National Treasures","Dual Firesuit Materials Printing Plates Yellow","Kyle Larson","Target | Chip Ganassi Racing | Chevrolet","Driver",10,1
"Racing",2017,"Playoff","National Treasures","Dual Firesuit Materials Printing Plates Yellow","Martin Truex Jr.","Bass Pro Shops-TRACKER Boats | Furniture Row Racing | Toyota","Driver",11,1
"Racing",2017,"Playoff","National Treasures","Dual Firesuit Materials Printing Plates Yellow","Paul Menard","Menards | Richard Childress Racing | Chevrolet","Driver",12,1
"Racing",2017,"Playoff","National Treasures","Dual Firesuit Materials Printing Plates Yellow","Ricky Stenhouse Jr","SunnyD | Roush Fenway Racing | Ford","Driver",13,1
"Racing",2017,"Playoff","National Treasures","Dual Firesuit Materials Printing Plates Yellow","Ryan Blaney","Motorcraft | Wood Brothers Racing | Ford","Driver",14,1
"Racing",2017,"Playoff","National Treasures","Dual Firesuit Materials Printing Plates Yellow","Ryan Newman","Caterpillar | Richard Childress Racing | Chevrolet","Driver",15,1
"Racing",2017,"Playoff","National Treasures","Dual Firesuit Materials Printing Plates Yellow","Trevor Bayne","AdvoCare | Roush Fenway Racing | Ford","Driver",16,1
"Racing",2017,"Playoff","National Treasures","Dual Firesuit Materials Printing Plates Yellow","William Byron","Liberty University | JR Motorsports | Chevrolet","Driver",17,1
"Racing",2017,"Playoff","National Treasures","Dual Firesuit Materials Printing Plates Yellow","Austin Dillon","Dow Chemical | Richard Childress Racing | Chevrolet","Driver",18,1
"Racing",2017,"Playoff","National Treasures","Dual Firesuit Materials Printing Plates Yellow","Landon Cassill","Love's Travel Stops | Front Row Motorsports | Ford","Driver",19,1
"Racing",2017,"Playoff","National Treasures","Dual Firesuit Materials Printing Plates Yellow","Aric Almirola","Smithfield Foods | Richard Petty Motorsports | Ford","Driver",20,1
"Racing",2017,"Playoff","National Treasures","Dual Firesuit Signatures","Danica Patrick","Aspen Dental | Stewart-Haas Racing | Ford","Driver",1,25
"Racing",2017,"Playoff","National Treasures","Dual Firesuit Signatures","AJ Allmendinger","Kroger | JTG Daugherty Racing | Chevrolet","Driver",3,25
"Racing",2017,"Playoff","National Treasures","Dual Firesuit Signatures","Clint Bowyer","Mobil 1 | Stewart-Haas Racing | Ford","Driver",5,25
"Racing",2017,"Playoff","National Treasures","Dual Firesuit Signatures","Greg Biffle","3M | Roush Fenway Racing | Ford","Car",6,25
"Racing",2017,"Playoff","National Treasures","Dual Firesuit Signatures","Joey Logano","Shell-Pennzoil | Team Penske | Ford","Driver",8,25
"Racing",2017,"Playoff","National Treasures","Dual Firesuit Signatures","Kasey Kahne","Farmers Insurance | Hendrick Motorsports | Chevrolet","Driver",9,25
"Racing",2017,"Playoff","National Treasures","Dual Firesuit Signatures","Kyle Larson","Target | Chip Ganassi Racing | Chevrolet","Driver",10,25
"Racing",2017,"Playoff","National Treasures","Dual Firesuit Signatures","Martin Truex Jr.","Bass Pro Shops-TRACKER Boats | Furniture Row Racing | Toyota","Driver",11,25
"Racing",2017,"Playoff","National Treasures","Dual Firesuit Signatures","Paul Menard","Menards | Richard Childress Racing | Chevrolet","Driver",12,25
"Racing",2017,"Playoff","National Treasures","Dual Firesuit Signatures","Ricky Stenhouse Jr","SunnyD | Roush Fenway Racing | Ford","Driver",13,25
"Racing",2017,"Playoff","National Treasures","Dual Firesuit Signatures","Ryan Newman","Caterpillar | Richard Childress Racing | Chevrolet","Driver",15,25
"Racing",2017,"Playoff","National Treasures","Dual Firesuit Signatures","Trevor Bayne","AdvoCare | Roush Fenway Racing | Ford","Driver",16,25
"Racing",2017,"Playoff","National Treasures","Dual Firesuit Signatures","William Byron","Liberty University | JR Motorsports | Chevrolet","Driver",17,25
"Racing",2017,"Playoff","National Treasures","Dual Firesuit Signatures","Austin Dillon","Dow Chemical | Richard Childress Racing | Chevrolet","Driver",18,25
"Racing",2017,"Playoff","National Treasures","Dual Firesuit Signatures","Landon Cassill","Love's Travel Stops | Front Row Motorsports | Ford","Driver",19,25
"Racing",2017,"Playoff","National Treasures","Dual Firesuit Signatures","Aric Almirola","Smithfield Foods | Richard Petty Motorsports | Ford","Driver",20,25
"Racing",2017,"Playoff","National Treasures","Dual Firesuit Signatures","Tony Stewart","Mobil 1 | Stewart-Haas Racing | Chevrolet","Driver",21,25
"Racing",2017,"Playoff","National Treasures","Dual Firesuit Signatures Black","Danica Patrick","Aspen Dental | Stewart-Haas Racing | Ford","Driver",1,1
"Racing",2017,"Playoff","National Treasures","Dual Firesuit Signatures Black","Dale Earnhardt Jr","Nationwide | Hendrick Motorsports | Chevrolet","Driver",2,1
"Racing",2017,"Playoff","National Treasures","Dual Firesuit Signatures Black","AJ Allmendinger","Kroger | JTG Daugherty Racing | Chevrolet","Driver",3,1
"Racing",2017,"Playoff","National Treasures","Dual Firesuit Signatures Black","Chase Elliott","NAPA Auto Parts | Hendrick Motorsports | Chevrolet","Driver",4,1
"Racing",2017,"Playoff","National Treasures","Dual Firesuit Signatures Black","Clint Bowyer","Mobil 1 | Stewart-Haas Racing | Ford","Driver",5,1
"Racing",2017,"Playoff","National Treasures","Dual Firesuit Signatures Black","Greg Biffle","3M | Roush Fenway Racing | Ford","Car",6,1
"Racing",2017,"Playoff","National Treasures","Dual Firesuit Signatures Black","Jamie McMurray","Cessna | Chip Ganassi Racing | Chevrolet","Driver",7,1
"Racing",2017,"Playoff","National Treasures","Dual Firesuit Signatures Black","Joey Logano","Shell-Pennzoil | Team Penske | Ford","Driver",8,1
"Racing",2017,"Playoff","National Treasures","Dual Firesuit Signatures Black","Kasey Kahne","Farmers Insurance | Hendrick Motorsports | Chevrolet","Driver",9,1
"Racing",2017,"Playoff","National Treasures","Dual Firesuit Signatures Black","Kyle Larson","Target | Chip Ganassi Racing | Chevrolet","Driver",10,1
"Racing",2017,"Playoff","National Treasures","Dual Firesuit Signatures Black","Martin Truex Jr.","Bass Pro Shops-TRACKER Boats | Furniture Row Racing | Toyota","Driver",11,1
"Racing",2017,"Playoff","National Treasures","Dual Firesuit Signatures Black","Paul Menard","Menards | Richard Childress Racing | Chevrolet","Driver",12,1
"Racing",2017,"Playoff","National Treasures","Dual Firesuit Signatures Black","Ricky Stenhouse Jr","SunnyD | Roush Fenway Racing | Ford","Driver",13,1
"Racing",2017,"Playoff","National Treasures","Dual Firesuit Signatures Black","Ryan Blaney","Motorcraft | Wood Brothers Racing | Ford","Driver",14,1
"Racing",2017,"Playoff","National Treasures","Dual Firesuit Signatures Black","Ryan Newman","Caterpillar | Richard Childress Racing | Chevrolet","Driver",15,1
"Racing",2017,"Playoff","National Treasures","Dual Firesuit Signatures Black","Trevor Bayne","AdvoCare | Roush Fenway Racing | Ford","Driver",16,1
"Racing",2017,"Playoff","National Treasures","Dual Firesuit Signatures Black","William Byron","Liberty University | JR Motorsports | Chevrolet","Driver",17,1
"Racing",2017,"Playoff","National Treasures","Dual Firesuit Signatures Black","Austin Dillon","Dow Chemical | Richard Childress Racing | Chevrolet","Driver",18,1
"Racing",2017,"Playoff","National Treasures","Dual Firesuit Signatures Black","Landon Cassill","Love's Travel Stops | Front Row Motorsports | Ford","Driver",19,1
"Racing",2017,"Playoff","National Treasures","Dual Firesuit Signatures Black","Aric Almirola","Smithfield Foods | Richard Petty Motorsports | Ford","Driver",20,1
"Racing",2017,"Playoff","National Treasures","Dual Firesuit Signatures Black","Tony Stewart","Mobil 1 | Stewart-Haas Racing | Chevrolet","Driver",21,1
"Racing",2017,"Playoff","National Treasures","Dual Firesuit Signatures Gold","Danica Patrick","Aspen Dental | Stewart-Haas Racing | Ford","Driver",1,15
"Racing",2017,"Playoff","National Treasures","Dual Firesuit Signatures Gold","Dale Earnhardt Jr","Nationwide | Hendrick Motorsports | Chevrolet","Driver",2,15
"Racing",2017,"Playoff","National Treasures","Dual Firesuit Signatures Gold","AJ Allmendinger","Kroger | JTG Daugherty Racing | Chevrolet","Driver",3,15
"Racing",2017,"Playoff","National Treasures","Dual Firesuit Signatures Gold","Clint Bowyer","Mobil 1 | Stewart-Haas Racing | Ford","Driver",5,15
"Racing",2017,"Playoff","National Treasures","Dual Firesuit Signatures Gold","Greg Biffle","3M | Roush Fenway Racing | Ford","Car",6,15
"Racing",2017,"Playoff","National Treasures","Dual Firesuit Signatures Gold","Joey Logano","Shell-Pennzoil | Team Penske | Ford","Driver",8,15
"Racing",2017,"Playoff","National Treasures","Dual Firesuit Signatures Gold","Kasey Kahne","Farmers Insurance | Hendrick Motorsports | Chevrolet","Driver",9,15
"Racing",2017,"Playoff","National Treasures","Dual Firesuit Signatures Gold","Kyle Larson","Target | Chip Ganassi Racing | Chevrolet","Driver",10,15
"Racing",2017,"Playoff","National Treasures","Dual Firesuit Signatures Gold","Martin Truex Jr.","Bass Pro Shops-TRACKER Boats | Furniture Row Racing | Toyota","Driver",11,15
"Racing",2017,"Playoff","National Treasures","Dual Firesuit Signatures Gold","Paul Menard","Menards | Richard Childress Racing | Chevrolet","Driver",12,15
"Racing",2017,"Playoff","National Treasures","Dual Firesuit Signatures Gold","Ricky Stenhouse Jr","SunnyD | Roush Fenway Racing | Ford","Driver",13,15
"Racing",2017,"Playoff","National Treasures","Dual Firesuit Signatures Gold","Ryan Newman","Caterpillar | Richard Childress Racing | Chevrolet","Driver",15,15
"Racing",2017,"Playoff","National Treasures","Dual Firesuit Signatures Gold","Trevor Bayne","AdvoCare | Roush Fenway Racing | Ford","Driver",16,15
"Racing",2017,"Playoff","National Treasures","Dual Firesuit Signatures Gold","William Byron","Liberty University | JR Motorsports | Chevrolet","Driver",17,15
"Racing",2017,"Playoff","National Treasures","Dual Firesuit Signatures Gold","Austin Dillon","Dow Chemical | Richard Childress Racing | Chevrolet","Driver",18,15
"Racing",2017,"Playoff","National Treasures","Dual Firesuit Signatures Gold","Landon Cassill","Love's Travel Stops | Front Row Motorsports | Ford","Driver",19,15
"Racing",2017,"Playoff","National Treasures","Dual Firesuit Signatures Gold","Tony Stewart","Mobil 1 | Stewart-Haas Racing | Chevrolet","Driver",21,15
"Racing",2017,"Playoff","National Treasures","Dual Firesuit Signatures Green","Danica Patrick","Aspen Dental | Stewart-Haas Racing | Ford","Driver",1,5
"Racing",2017,"Playoff","National Treasures","Dual Firesuit Signatures Green","Dale Earnhardt Jr","Nationwide | Hendrick Motorsports | Chevrolet","Driver",2,5
"Racing",2017,"Playoff","National Treasures","Dual Firesuit Signatures Green","AJ Allmendinger","Kroger | JTG Daugherty Racing | Chevrolet","Driver",3,5
"Racing",2017,"Playoff","National Treasures","Dual Firesuit Signatures Green","Chase Elliott","NAPA Auto Parts | Hendrick Motorsports | Chevrolet","Driver",4,5
"Racing",2017,"Playoff","National Treasures","Dual Firesuit Signatures Green","Clint Bowyer","Mobil 1 | Stewart-Haas Racing | Ford","Driver",5,5
"Racing",2017,"Playoff","National Treasures","Dual Firesuit Signatures Green","Greg Biffle","3M | Roush Fenway Racing | Ford","Car",6,5
"Racing",2017,"Playoff","National Treasures","Dual Firesuit Signatures Green","Jamie McMurray","Cessna | Chip Ganassi Racing | Chevrolet","Driver",7,5
"Racing",2017,"Playoff","National Treasures","Dual Firesuit Signatures Green","Joey Logano","Shell-Pennzoil | Team Penske | Ford","Driver",8,5
"Racing",2017,"Playoff","National Treasures","Dual Firesuit Signatures Green","Kasey Kahne","Farmers Insurance | Hendrick Motorsports | Chevrolet","Driver",9,5
"Racing",2017,"Playoff","National Treasures","Dual Firesuit Signatures Green","Kyle Larson","Target | Chip Ganassi Racing | Chevrolet","Driver",10,5
"Racing",2017,"Playoff","National Treasures","Dual Firesuit Signatures Green","Martin Truex Jr.","Bass Pro Shops-TRACKER Boats | Furniture Row Racing | Toyota","Driver",11,5
"Racing",2017,"Playoff","National Treasures","Dual Firesuit Signatures Green","Paul Menard","Menards | Richard Childress Racing | Chevrolet","Driver",12,5
"Racing",2017,"Playoff","National Treasures","Dual Firesuit Signatures Green","Ricky Stenhouse Jr","SunnyD | Roush Fenway Racing | Ford","Driver",13,5
"Racing",2017,"Playoff","National Treasures","Dual Firesuit Signatures Green","Ryan Newman","Caterpillar | Richard Childress Racing | Chevrolet","Driver",15,5
"Racing",2017,"Playoff","National Treasures","Dual Firesuit Signatures Green","Trevor Bayne","AdvoCare | Roush Fenway Racing | Ford","Driver",16,5
"Racing",2017,"Playoff","National Treasures","Dual Firesuit Signatures Green","William Byron","Liberty University | JR Motorsports | Chevrolet","Driver",17,5
"Racing",2017,"Playoff","National Treasures","Dual Firesuit Signatures Green","Austin Dillon","Dow Chemical | Richard Childress Racing | Chevrolet","Driver",18,5
"Racing",2017,"Playoff","National Treasures","Dual Firesuit Signatures Green","Landon Cassill","Love's Travel Stops | Front Row Motorsports | Ford","Driver",19,5
"Racing",2017,"Playoff","National Treasures","Dual Firesuit Signatures Green","Aric Almirola","Smithfield Foods | Richard Petty Motorsports | Ford","Driver",20,5
"Racing",2017,"Playoff","National Treasures","Dual Firesuit Signatures Green","Tony Stewart","Mobil 1 | Stewart-Haas Racing | Chevrolet","Driver",21,5
"Racing",2017,"Playoff","National Treasures","Dual Firesuit Signatures Holo Gold","Danica Patrick","Aspen Dental | Stewart-Haas Racing | Ford","Driver",1,10
"Racing",2017,"Playoff","National Treasures","Dual Firesuit Signatures Holo Gold","Dale Earnhardt Jr","Nationwide | Hendrick Motorsports | Chevrolet","Driver",2,10
"Racing",2017,"Playoff","National Treasures","Dual Firesuit Signatures Holo Gold","AJ Allmendinger","Kroger | JTG Daugherty Racing | Chevrolet","Driver",3,10
"Racing",2017,"Playoff","National Treasures","Dual Firesuit Signatures Holo Gold","Chase Elliott","NAPA Auto Parts | Hendrick Motorsports | Chevrolet","Driver",4,10
"Racing",2017,"Playoff","National Treasures","Dual Firesuit Signatures Holo Gold","Clint Bowyer","Mobil 1 | Stewart-Haas Racing | Ford","Driver",5,10
"Racing",2017,"Playoff","National Treasures","Dual Firesuit Signatures Holo Gold","Greg Biffle","3M | Roush Fenway Racing | Ford","Car",6,10
"Racing",2017,"Playoff","National Treasures","Dual Firesuit Signatures Holo Gold","Jamie McMurray","Cessna | Chip Ganassi Racing | Chevrolet","Driver",7,10
"Racing",2017,"Playoff","National Treasures","Dual Firesuit Signatures Holo Gold","Joey Logano","Shell-Pennzoil | Team Penske | Ford","Driver",8,10
"Racing",2017,"Playoff","National Treasures","Dual Firesuit Signatures Holo Gold","Kasey Kahne","Farmers Insurance | Hendrick Motorsports | Chevrolet","Driver",9,10
"Racing",2017,"Playoff","National Treasures","Dual Firesuit Signatures Holo Gold","Martin Truex Jr.","Bass Pro Shops-TRACKER Boats | Furniture Row Racing | Toyota","Driver",11,10
"Racing",2017,"Playoff","National Treasures","Dual Firesuit Signatures Holo Gold","Paul Menard","Menards | Richard Childress Racing | Chevrolet","Driver",12,10
"Racing",2017,"Playoff","National Treasures","Dual Firesuit Signatures Holo Gold","Ryan Newman","Caterpillar | Richard Childress Racing | Chevrolet","Driver",15,10
"Racing",2017,"Playoff","National Treasures","Dual Firesuit Signatures Holo Gold","Trevor Bayne","AdvoCare | Roush Fenway Racing | Ford","Driver",16,10
"Racing",2017,"Playoff","National Treasures","Dual Firesuit Signatures Holo Gold","William Byron","Liberty University | JR Motorsports | Chevrolet","Driver",17,10
"Racing",2017,"Playoff","National Treasures","Dual Firesuit Signatures Holo Gold","Austin Dillon","Dow Chemical | Richard Childress Racing | Chevrolet","Driver",18,10
"Racing",2017,"Playoff","National Treasures","Dual Firesuit Signatures Holo Gold","Landon Cassill","Love's Travel Stops | Front Row Motorsports | Ford","Driver",19,10
"Racing",2017,"Playoff","National Treasures","Dual Firesuit Signatures Holo Gold","Aric Almirola","Smithfield Foods | Richard Petty Motorsports | Ford","Driver",20,9
"Racing",2017,"Playoff","National Treasures","Dual Firesuit Signatures Holo Gold","Tony Stewart","Mobil 1 | Stewart-Haas Racing | Chevrolet","Driver",21,10
"Racing",2017,"Playoff","National Treasures","Dual Firesuit Signatures Holo Silver","Danica Patrick","Aspen Dental | Stewart-Haas Racing | Ford","Driver",1,20
"Racing",2017,"Playoff","National Treasures","Dual Firesuit Signatures Holo Silver","Dale Earnhardt Jr","Nationwide | Hendrick Motorsports | Chevrolet","Driver",2,20
"Racing",2017,"Playoff","National Treasures","Dual Firesuit Signatures Holo Silver","AJ Allmendinger","Kroger | JTG Daugherty Racing | Chevrolet","Driver",3,20
"Racing",2017,"Playoff","National Treasures","Dual Firesuit Signatures Holo Silver","Clint Bowyer","Mobil 1 | Stewart-Haas Racing | Ford","Driver",5,20
"Racing",2017,"Playoff","National Treasures","Dual Firesuit Signatures Holo Silver","Greg Biffle","3M | Roush Fenway Racing | Ford","Car",6,20
"Racing",2017,"Playoff","National Treasures","Dual Firesuit Signatures Holo Silver","Joey Logano","Shell-Pennzoil | Team Penske | Ford","Driver",8,20
"Racing",2017,"Playoff","National Treasures","Dual Firesuit Signatures Holo Silver","Kasey Kahne","Farmers Insurance | Hendrick Motorsports | Chevrolet","Driver",9,20
"Racing",2017,"Playoff","National Treasures","Dual Firesuit Signatures Holo Silver","Kyle Larson","Target | Chip Ganassi Racing | Chevrolet","Driver",10,20
"Racing",2017,"Playoff","National Treasures","Dual Firesuit Signatures Holo Silver","Martin Truex Jr.","Bass Pro Shops-TRACKER Boats | Furniture Row Racing | Toyota","Driver",11,20
"Racing",2017,"Playoff","National Treasures","Dual Firesuit Signatures Holo Silver","Paul Menard","Menards | Richard Childress Racing | Chevrolet","Driver",12,20
"Racing",2017,"Playoff","National Treasures","Dual Firesuit Signatures Holo Silver","Ricky Stenhouse Jr","SunnyD | Roush Fenway Racing | Ford","Driver",13,20
"Racing",2017,"Playoff","National Treasures","Dual Firesuit Signatures Holo Silver","Ryan Newman","Caterpillar | Richard Childress Racing | Chevrolet","Driver",15,20
"Racing",2017,"Playoff","National Treasures","Dual Firesuit Signatures Holo Silver","Trevor Bayne","AdvoCare | Roush Fenway Racing | Ford","Driver",16,20
"Racing",2017,"Playoff","National Treasures","Dual Firesuit Signatures Holo Silver","William Byron","Liberty University | JR Motorsports | Chevrolet","Driver",17,20
"Racing",2017,"Playoff","National Treasures","Dual Firesuit Signatures Holo Silver","Austin Dillon","Dow Chemical | Richard Childress Racing | Chevrolet","Driver",18,20
"Racing",2017,"Playoff","National Treasures","Dual Firesuit Signatures Holo Silver","Landon Cassill","Love's Travel Stops | Front Row Motorsports | Ford","Driver",19,20
"Racing",2017,"Playoff","National Treasures","Dual Firesuit Signatures Holo Silver","Aric Almirola","Smithfield Foods | Richard Petty Motorsports | Ford","Driver",20,20
"Racing",2017,"Playoff","National Treasures","Dual Firesuit Signatures Holo Silver","Tony Stewart","Mobil 1 | Stewart-Haas Racing | Chevrolet","Driver",21,20
"Racing",2017,"Playoff","National Treasures","Dual Firesuit Signatures Laundry Tags","Danica Patrick","Aspen Dental | Stewart-Haas Racing | Ford","Driver",1,1
"Racing",2017,"Playoff","National Treasures","Dual Firesuit Signatures Laundry Tags","Dale Earnhardt Jr","Nationwide | Hendrick Motorsports | Chevrolet","Driver",2,1
"Racing",2017,"Playoff","National Treasures","Dual Firesuit Signatures Laundry Tags","AJ Allmendinger","Kroger | JTG Daugherty Racing | Chevrolet","Driver",3,1
"Racing",2017,"Playoff","National Treasures","Dual Firesuit Signatures Laundry Tags","Chase Elliott","NAPA Auto Parts | Hendrick Motorsports | Chevrolet","Driver",4,1
"Racing",2017,"Playoff","National Treasures","Dual Firesuit Signatures Laundry Tags","Clint Bowyer","Mobil 1 | Stewart-Haas Racing | Ford","Driver",5,1
"Racing",2017,"Playoff","National Treasures","Dual Firesuit Signatures Laundry Tags","Greg Biffle","3M | Roush Fenway Racing | Ford","Car",6,1
"Racing",2017,"Playoff","National Treasures","Dual Firesuit Signatures Laundry Tags","Jamie McMurray","Cessna | Chip Ganassi Racing | Chevrolet","Driver",7,1
"Racing",2017,"Playoff","National Treasures","Dual Firesuit Signatures Laundry Tags","Joey Logano","Shell-Pennzoil | Team Penske | Ford","Driver",8,1
"Racing",2017,"Playoff","National Treasures","Dual Firesuit Signatures Laundry Tags","Kasey Kahne","Farmers Insurance | Hendrick Motorsports | Chevrolet","Driver",9,1
"Racing",2017,"Playoff","National Treasures","Dual Firesuit Signatures Laundry Tags","Kyle Larson","Target | Chip Ganassi Racing | Chevrolet","Driver",10,1
"Racing",2017,"Playoff","National Treasures","Dual Firesuit Signatures Laundry Tags","Martin Truex Jr.","Bass Pro Shops-TRACKER Boats | Furniture Row Racing | Toyota","Driver",11,1
"Racing",2017,"Playoff","National Treasures","Dual Firesuit Signatures Laundry Tags","Paul Menard","Menards | Richard Childress Racing | Chevrolet","Driver",12,1
"Racing",2017,"Playoff","National Treasures","Dual Firesuit Signatures Laundry Tags","Ricky Stenhouse Jr","SunnyD | Roush Fenway Racing | Ford","Driver",13,1
"Racing",2017,"Playoff","National Treasures","Dual Firesuit Signatures Laundry Tags","Ryan Blaney","Motorcraft | Wood Brothers Racing | Ford","Driver",14,1
"Racing",2017,"Playoff","National Treasures","Dual Firesuit Signatures Laundry Tags","Ryan Newman","Caterpillar | Richard Childress Racing | Chevrolet","Driver",15,1
"Racing",2017,"Playoff","National Treasures","Dual Firesuit Signatures Laundry Tags","Trevor Bayne","AdvoCare | Roush Fenway Racing | Ford","Driver",16,1
"Racing",2017,"Playoff","National Treasures","Dual Firesuit Signatures Laundry Tags","William Byron","Liberty University | JR Motorsports | Chevrolet","Driver",17,1
"Racing",2017,"Playoff","National Treasures","Dual Firesuit Signatures Laundry Tags","Austin Dillon","Dow Chemical | Richard Childress Racing | Chevrolet","Driver",18,1
"Racing",2017,"Playoff","National Treasures","Dual Firesuit Signatures Laundry Tags","Landon Cassill","Love's Travel Stops | Front Row Motorsports | Ford","Driver",19,1
"Racing",2017,"Playoff","National Treasures","Dual Firesuit Signatures Laundry Tags","Aric Almirola","Smithfield Foods | Richard Petty Motorsports | Ford","Driver",20,1
"Racing",2017,"Playoff","National Treasures","Dual Firesuit Signatures Laundry Tags","Tony Stewart","Mobil 1 | Stewart-Haas Racing | Chevrolet","Driver",21,1
"Racing",2017,"Playoff","National Treasures","Dual Firesuit Signatures Printing Plates Black","Danica Patrick","Aspen Dental | Stewart-Haas Racing | Ford","Driver",1,1
"Racing",2017,"Playoff","National Treasures","Dual Firesuit Signatures Printing Plates Black","Dale Earnhardt Jr","Nationwide | Hendrick Motorsports | Chevrolet","Driver",2,1
"Racing",2017,"Playoff","National Treasures","Dual Firesuit Signatures Printing Plates Black","AJ Allmendinger","Kroger | JTG Daugherty Racing | Chevrolet","Driver",3,1
"Racing",2017,"Playoff","National Treasures","Dual Firesuit Signatures Printing Plates Black","Chase Elliott","NAPA Auto Parts | Hendrick Motorsports | Chevrolet","Driver",4,1
"Racing",2017,"Playoff","National Treasures","Dual Firesuit Signatures Printing Plates Black","Clint Bowyer","Mobil 1 | Stewart-Haas Racing | Ford","Driver",5,1
"Racing",2017,"Playoff","National Treasures","Dual Firesuit Signatures Printing Plates Black","Greg Biffle","3M | Roush Fenway Racing | Ford","Car",6,1
"Racing",2017,"Playoff","National Treasures","Dual Firesuit Signatures Printing Plates Black","Jamie McMurray","Cessna | Chip Ganassi Racing | Chevrolet","Driver",7,1
"Racing",2017,"Playoff","National Treasures","Dual Firesuit Signatures Printing Plates Black","Joey Logano","Shell-Pennzoil | Team Penske | Ford","Driver",8,1
"Racing",2017,"Playoff","National Treasures","Dual Firesuit Signatures Printing Plates Black","Kasey Kahne","Farmers Insurance | Hendrick Motorsports | Chevrolet","Driver",9,1
"Racing",2017,"Playoff","National Treasures","Dual Firesuit Signatures Printing Plates Black","Kyle Larson","Target | Chip Ganassi Racing | Chevrolet","Driver",10,1
"Racing",2017,"Playoff","National Treasures","Dual Firesuit Signatures Printing Plates Black","Martin Truex Jr.","Bass Pro Shops-TRACKER Boats | Furniture Row Racing | Toyota","Driver",11,1
"Racing",2017,"Playoff","National Treasures","Dual Firesuit Signatures Printing Plates Black","Paul Menard","Menards | Richard Childress Racing | Chevrolet","Driver",12,1
"Racing",2017,"Playoff","National Treasures","Dual Firesuit Signatures Printing Plates Black","Ricky Stenhouse Jr","SunnyD | Roush Fenway Racing | Ford","Driver",13,1
"Racing",2017,"Playoff","National Treasures","Dual Firesuit Signatures Printing Plates Black","Ryan Blaney","Motorcraft | Wood Brothers Racing | Ford","Driver",14,1
"Racing",2017,"Playoff","National Treasures","Dual Firesuit Signatures Printing Plates Black","Ryan Newman","Caterpillar | Richard Childress Racing | Chevrolet","Driver",15,1
"Racing",2017,"Playoff","National Treasures","Dual Firesuit Signatures Printing Plates Black","Trevor Bayne","AdvoCare | Roush Fenway Racing | Ford","Driver",16,1
"Racing",2017,"Playoff","National Treasures","Dual Firesuit Signatures Printing Plates Black","William Byron","Liberty University | JR Motorsports | Chevrolet","Driver",17,1
"Racing",2017,"Playoff","National Treasures","Dual Firesuit Signatures Printing Plates Black","Austin Dillon","Dow Chemical | Richard Childress Racing | Chevrolet","Driver",18,1
"Racing",2017,"Playoff","National Treasures","Dual Firesuit Signatures Printing Plates Black","Landon Cassill","Love's Travel Stops | Front Row Motorsports | Ford","Driver",19,1
"Racing",2017,"Playoff","National Treasures","Dual Firesuit Signatures Printing Plates Black","Aric Almirola","Smithfield Foods | Richard Petty Motorsports | Ford","Driver",20,1
"Racing",2017,"Playoff","National Treasures","Dual Firesuit Signatures Printing Plates Black","Tony Stewart","Mobil 1 | Stewart-Haas Racing | Chevrolet","Driver",21,1
"Racing",2017,"Playoff","National Treasures","Dual Firesuit Signatures Printing Plates Cyan","Danica Patrick","Aspen Dental | Stewart-Haas Racing | Ford","Driver",1,1
"Racing",2017,"Playoff","National Treasures","Dual Firesuit Signatures Printing Plates Cyan","Dale Earnhardt Jr","Nationwide | Hendrick Motorsports | Chevrolet","Driver",2,1
"Racing",2017,"Playoff","National Treasures","Dual Firesuit Signatures Printing Plates Cyan","AJ Allmendinger","Kroger | JTG Daugherty Racing | Chevrolet","Driver",3,1
"Racing",2017,"Playoff","National Treasures","Dual Firesuit Signatures Printing Plates Cyan","Chase Elliott","NAPA Auto Parts | Hendrick Motorsports | Chevrolet","Driver",4,1
"Racing",2017,"Playoff","National Treasures","Dual Firesuit Signatures Printing Plates Cyan","Clint Bowyer","Mobil 1 | Stewart-Haas Racing | Ford","Driver",5,1
"Racing",2017,"Playoff","National Treasures","Dual Firesuit Signatures Printing Plates Cyan","Greg Biffle","3M | Roush Fenway Racing | Ford","Car",6,1
"Racing",2017,"Playoff","National Treasures","Dual Firesuit Signatures Printing Plates Cyan","Jamie McMurray","Cessna | Chip Ganassi Racing | Chevrolet","Driver",7,1
"Racing",2017,"Playoff","National Treasures","Dual Firesuit Signatures Printing Plates Cyan","Joey Logano","Shell-Pennzoil | Team Penske | Ford","Driver",8,1
"Racing",2017,"Playoff","National Treasures","Dual Firesuit Signatures Printing Plates Cyan","Kasey Kahne","Farmers Insurance | Hendrick Motorsports | Chevrolet","Driver",9,1
"Racing",2017,"Playoff","National Treasures","Dual Firesuit Signatures Printing Plates Cyan","Kyle Larson","Target | Chip Ganassi Racing | Chevrolet","Driver",10,1
"Racing",2017,"Playoff","National Treasures","Dual Firesuit Signatures Printing Plates Cyan","Martin Truex Jr.","Bass Pro Shops-TRACKER Boats | Furniture Row Racing | Toyota","Driver",11,1
"Racing",2017,"Playoff","National Treasures","Dual Firesuit Signatures Printing Plates Cyan","Paul Menard","Menards | Richard Childress Racing | Chevrolet","Driver",12,1
"Racing",2017,"Playoff","National Treasures","Dual Firesuit Signatures Printing Plates Cyan","Ricky Stenhouse Jr","SunnyD | Roush Fenway Racing | Ford","Driver",13,1
"Racing",2017,"Playoff","National Treasures","Dual Firesuit Signatures Printing Plates Cyan","Ryan Blaney","Motorcraft | Wood Brothers Racing | Ford","Driver",14,1
"Racing",2017,"Playoff","National Treasures","Dual Firesuit Signatures Printing Plates Cyan","Ryan Newman","Caterpillar | Richard Childress Racing | Chevrolet","Driver",15,1
"Racing",2017,"Playoff","National Treasures","Dual Firesuit Signatures Printing Plates Cyan","Trevor Bayne","AdvoCare | Roush Fenway Racing | Ford","Driver",16,1
"Racing",2017,"Playoff","National Treasures","Dual Firesuit Signatures Printing Plates Cyan","William Byron","Liberty University | JR Motorsports | Chevrolet","Driver",17,1
"Racing",2017,"Playoff","National Treasures","Dual Firesuit Signatures Printing Plates Cyan","Austin Dillon","Dow Chemical | Richard Childress Racing | Chevrolet","Driver",18,1
"Racing",2017,"Playoff","National Treasures","Dual Firesuit Signatures Printing Plates Cyan","Landon Cassill","Love's Travel Stops | Front Row Motorsports | Ford","Driver",19,1
"Racing",2017,"Playoff","National Treasures","Dual Firesuit Signatures Printing Plates Cyan","Aric Almirola","Smithfield Foods | Richard Petty Motorsports | Ford","Driver",20,1
"Racing",2017,"Playoff","National Treasures","Dual Firesuit Signatures Printing Plates Cyan","Tony Stewart","Mobil 1 | Stewart-Haas Racing | Chevrolet","Driver",21,1
"Racing",2017,"Playoff","National Treasures","Dual Firesuit Signatures Printing Plates Magenta","Danica Patrick","Aspen Dental | Stewart-Haas Racing | Ford","Driver",1,1
"Racing",2017,"Playoff","National Treasures","Dual Firesuit Signatures Printing Plates Magenta","Dale Earnhardt Jr","Nationwide | Hendrick Motorsports | Chevrolet","Driver",2,1
"Racing",2017,"Playoff","National Treasures","Dual Firesuit Signatures Printing Plates Magenta","AJ Allmendinger","Kroger | JTG Daugherty Racing | Chevrolet","Driver",3,1
"Racing",2017,"Playoff","National Treasures","Dual Firesuit Signatures Printing Plates Magenta","Chase Elliott","NAPA Auto Parts | Hendrick Motorsports | Chevrolet","Driver",4,1
"Racing",2017,"Playoff","National Treasures","Dual Firesuit Signatures Printing Plates Magenta","Clint Bowyer","Mobil 1 | Stewart-Haas Racing | Ford","Driver",5,1
"Racing",2017,"Playoff","National Treasures","Dual Firesuit Signatures Printing Plates Magenta","Greg Biffle","3M | Roush Fenway Racing | Ford","Car",6,1
"Racing",2017,"Playoff","National Treasures","Dual Firesuit Signatures Printing Plates Magenta","Jamie McMurray","Cessna | Chip Ganassi Racing | Chevrolet","Driver",7,1
"Racing",2017,"Playoff","National Treasures","Dual Firesuit Signatures Printing Plates Magenta","Joey Logano","Shell-Pennzoil | Team Penske | Ford","Driver",8,1
"Racing",2017,"Playoff","National Treasures","Dual Firesuit Signatures Printing Plates Magenta","Kasey Kahne","Farmers Insurance | Hendrick Motorsports | Chevrolet","Driver",9,1
"Racing",2017,"Playoff","National Treasures","Dual Firesuit Signatures Printing Plates Magenta","Kyle Larson","Target | Chip Ganassi Racing | Chevrolet","Driver",10,1
"Racing",2017,"Playoff","National Treasures","Dual Firesuit Signatures Printing Plates Magenta","Martin Truex Jr.","Bass Pro Shops-TRACKER Boats | Furniture Row Racing | Toyota","Driver",11,1
"Racing",2017,"Playoff","National Treasures","Dual Firesuit Signatures Printing Plates Magenta","Paul Menard","Menards | Richard Childress Racing | Chevrolet","Driver",12,1
"Racing",2017,"Playoff","National Treasures","Dual Firesuit Signatures Printing Plates Magenta","Ricky Stenhouse Jr","SunnyD | Roush Fenway Racing | Ford","Driver",13,1
"Racing",2017,"Playoff","National Treasures","Dual Firesuit Signatures Printing Plates Magenta","Ryan Blaney","Motorcraft | Wood Brothers Racing | Ford","Driver",14,1
"Racing",2017,"Playoff","National Treasures","Dual Firesuit Signatures Printing Plates Magenta","Ryan Newman","Caterpillar | Richard Childress Racing | Chevrolet","Driver",15,1
"Racing",2017,"Playoff","National Treasures","Dual Firesuit Signatures Printing Plates Magenta","Trevor Bayne","AdvoCare | Roush Fenway Racing | Ford","Driver",16,1
"Racing",2017,"Playoff","National Treasures","Dual Firesuit Signatures Printing Plates Magenta","William Byron","Liberty University | JR Motorsports | Chevrolet","Driver",17,1
"Racing",2017,"Playoff","National Treasures","Dual Firesuit Signatures Printing Plates Magenta","Austin Dillon","Dow Chemical | Richard Childress Racing | Chevrolet","Driver",18,1
"Racing",2017,"Playoff","National Treasures","Dual Firesuit Signatures Printing Plates Magenta","Landon Cassill","Love's Travel Stops | Front Row Motorsports | Ford","Driver",19,1
"Racing",2017,"Playoff","National Treasures","Dual Firesuit Signatures Printing Plates Magenta","Aric Almirola","Smithfield Foods | Richard Petty Motorsports | Ford","Driver",20,1
"Racing",2017,"Playoff","National Treasures","Dual Firesuit Signatures Printing Plates Magenta","Tony Stewart","Mobil 1 | Stewart-Haas Racing | Chevrolet","Driver",21,1
"Racing",2017,"Playoff","National Treasures","Dual Firesuit Signatures Printing Plates Yellow","Danica Patrick","Aspen Dental | Stewart-Haas Racing | Ford","Driver",1,1
"Racing",2017,"Playoff","National Treasures","Dual Firesuit Signatures Printing Plates Yellow","Dale Earnhardt Jr","Nationwide | Hendrick Motorsports | Chevrolet","Driver",2,1
"Racing",2017,"Playoff","National Treasures","Dual Firesuit Signatures Printing Plates Yellow","AJ Allmendinger","Kroger | JTG Daugherty Racing | Chevrolet","Driver",3,1
"Racing",2017,"Playoff","National Treasures","Dual Firesuit Signatures Printing Plates Yellow","Chase Elliott","NAPA Auto Parts | Hendrick Motorsports | Chevrolet","Driver",4,1
"Racing",2017,"Playoff","National Treasures","Dual Firesuit Signatures Printing Plates Yellow","Clint Bowyer","Mobil 1 | Stewart-Haas Racing | Ford","Driver",5,1
"Racing",2017,"Playoff","National Treasures","Dual Firesuit Signatures Printing Plates Yellow","Greg Biffle","3M | Roush Fenway Racing | Ford","Car",6,1
"Racing",2017,"Playoff","National Treasures","Dual Firesuit Signatures Printing Plates Yellow","Jamie McMurray","Cessna | Chip Ganassi Racing | Chevrolet","Driver",7,1
"Racing",2017,"Playoff","National Treasures","Dual Firesuit Signatures Printing Plates Yellow","Joey Logano","Shell-Pennzoil | Team Penske | Ford","Driver",8,1
"Racing",2017,"Playoff","National Treasures","Dual Firesuit Signatures Printing Plates Yellow","Kasey Kahne","Farmers Insurance | Hendrick Motorsports | Chevrolet","Driver",9,1
"Racing",2017,"Playoff","National Treasures","Dual Firesuit Signatures Printing Plates Yellow","Kyle Larson","Target | Chip Ganassi Racing | Chevrolet","Driver",10,1
"Racing",2017,"Playoff","National Treasures","Dual Firesuit Signatures Printing Plates Yellow","Martin Truex Jr.","Bass Pro Shops-TRACKER Boats | Furniture Row Racing | Toyota","Driver",11,1
"Racing",2017,"Playoff","National Treasures","Dual Firesuit Signatures Printing Plates Yellow","Paul Menard","Menards | Richard Childress Racing | Chevrolet","Driver",12,1
"Racing",2017,"Playoff","National Treasures","Dual Firesuit Signatures Printing Plates Yellow","Ricky Stenhouse Jr","SunnyD | Roush Fenway Racing | Ford","Driver",13,1
"Racing",2017,"Playoff","National Treasures","Dual Firesuit Signatures Printing Plates Yellow","Ryan Blaney","Motorcraft | Wood Brothers Racing | Ford","Driver",14,1
"Racing",2017,"Playoff","National Treasures","Dual Firesuit Signatures Printing Plates Yellow","Ryan Newman","Caterpillar | Richard Childress Racing | Chevrolet","Driver",15,1
"Racing",2017,"Playoff","National Treasures","Dual Firesuit Signatures Printing Plates Yellow","Trevor Bayne","AdvoCare | Roush Fenway Racing | Ford","Driver",16,1
"Racing",2017,"Playoff","National Treasures","Dual Firesuit Signatures Printing Plates Yellow","William Byron","Liberty University | JR Motorsports | Chevrolet","Driver",17,1
"Racing",2017,"Playoff","National Treasures","Dual Firesuit Signatures Printing Plates Yellow","Austin Dillon","Dow Chemical | Richard Childress Racing | Chevrolet","Driver",18,1
"Racing",2017,"Playoff","National Treasures","Dual Firesuit Signatures Printing Plates Yellow","Landon Cassill","Love's Travel Stops | Front Row Motorsports | Ford","Driver",19,1
"Racing",2017,"Playoff","National Treasures","Dual Firesuit Signatures Printing Plates Yellow","Aric Almirola","Smithfield Foods | Richard Petty Motorsports | Ford","Driver",20,1
"Racing",2017,"Playoff","National Treasures","Dual Firesuit Signatures Printing Plates Yellow","Tony Stewart","Mobil 1 | Stewart-Haas Racing | Chevrolet","Driver",21,1
"Racing",2017,"Playoff","National Treasures","Dual Sheet Metal Materials","Chase Elliott","NAPA Auto Parts | Hendrick Motorsports | Chevrolet","Driver",2,25
"Racing",2017,"Playoff","National Treasures","Dual Sheet Metal Materials","Kasey Kahne","Farmers Insurance | Hendrick Motorsports | Chevrolet","Driver",5,25
"Racing",2017,"Playoff","National Treasures","Dual Sheet Metal Materials","Jimmie Johnson","Lowe's | Hendrick Motorsports | Chevrolet","Driver",12,25
"Racing",2017,"Playoff","National Treasures","Dual Sheet Metal Materials Black","Ryan Blaney","Motorcraft | Wood Brothers Racing | Ford","Driver",1,1
"Racing",2017,"Playoff","National Treasures","Dual Sheet Metal Materials Black","Chase Elliott","NAPA Auto Parts | Hendrick Motorsports | Chevrolet","Driver",2,1
"Racing",2017,"Playoff","National Treasures","Dual Sheet Metal Materials Black","Kasey Kahne","Farmers Insurance | Hendrick Motorsports | Chevrolet","Driver",5,1
"Racing",2017,"Playoff","National Treasures","Dual Sheet Metal Materials Black","Denny Hamlin","FedEx Express | Joe Gibbs Racing | Toyota","Driver",6,1
"Racing",2017,"Playoff","National Treasures","Dual Sheet Metal Materials Black","Clint Bowyer","Haas Automation | Stewart-Haas Racing | Ford","Driver",8,1
"Racing",2017,"Playoff","National Treasures","Dual Sheet Metal Materials Black","Kyle Larson","Target | Chip Ganassi Racing | Chevrolet","Driver",9,1
"Racing",2017,"Playoff","National Treasures","Dual Sheet Metal Materials Black","Kurt Busch","Haas Automation | Stewart-Haas Racing | Ford","Driver",11,1
"Racing",2017,"Playoff","National Treasures","Dual Sheet Metal Materials Black","Jimmie Johnson","Lowe's | Hendrick Motorsports | Chevrolet","Driver",12,1
"Racing",2017,"Playoff","National Treasures","Dual Sheet Metal Materials Black","Dale Earnhardt Jr","Nationwide | Hendrick Motorsports | Chevrolet","Driver",13,1
"Racing",2017,"Playoff","National Treasures","Dual Sheet Metal Materials Black","Kevin Harvick","Jimmy John's | Stewart-Haas Racing | Ford","Driver",14,1
"Racing",2017,"Playoff","National Treasures","Dual Sheet Metal Materials Black","Danica Patrick","Aspen Dental | Stewart-Haas Racing | Ford","Driver",15,1
"Racing",2017,"Playoff","National Treasures","Dual Sheet Metal Materials Gold","Chase Elliott","NAPA Auto Parts | Hendrick Motorsports | Chevrolet","Driver",2,15
"Racing",2017,"Playoff","National Treasures","Dual Sheet Metal Materials Gold","Kasey Kahne","Farmers Insurance | Hendrick Motorsports | Chevrolet","Driver",5,15
"Racing",2017,"Playoff","National Treasures","Dual Sheet Metal Materials Gold","Kyle Larson","Target | Chip Ganassi Racing | Chevrolet","Driver",9,15
"Racing",2017,"Playoff","National Treasures","Dual Sheet Metal Materials Gold","Jimmie Johnson","Lowe's | Hendrick Motorsports | Chevrolet","Driver",12,15
"Racing",2017,"Playoff","National Treasures","Dual Sheet Metal Materials Gold","Dale Earnhardt Jr","Nationwide | Hendrick Motorsports | Chevrolet","Driver",13,15
"Racing",2017,"Playoff","National Treasures","Dual Sheet Metal Materials Gold","Kevin Harvick","Jimmy John's | Stewart-Haas Racing | Ford","Driver",14,15
"Racing",2017,"Playoff","National Treasures","Dual Sheet Metal Materials Green","Ryan Blaney","Motorcraft | Wood Brothers Racing | Ford","Driver",1,5
"Racing",2017,"Playoff","National Treasures","Dual Sheet Metal Materials Green","Chase Elliott","NAPA Auto Parts | Hendrick Motorsports | Chevrolet","Driver",2,5
"Racing",2017,"Playoff","National Treasures","Dual Sheet Metal Materials Green","Kasey Kahne","Farmers Insurance | Hendrick Motorsports | Chevrolet","Driver",5,5
"Racing",2017,"Playoff","National Treasures","Dual Sheet Metal Materials Green","Clint Bowyer","Haas Automation | Stewart-Haas Racing | Ford","Driver",8,5
"Racing",2017,"Playoff","National Treasures","Dual Sheet Metal Materials Green","Kyle Larson","Target | Chip Ganassi Racing | Chevrolet","Driver",9,5
"Racing",2017,"Playoff","National Treasures","Dual Sheet Metal Materials Green","Jimmie Johnson","Lowe's | Hendrick Motorsports | Chevrolet","Driver",12,5
"Racing",2017,"Playoff","National Treasures","Dual Sheet Metal Materials Green","Dale Earnhardt Jr","Nationwide | Hendrick Motorsports | Chevrolet","Driver",13,5
"Racing",2017,"Playoff","National Treasures","Dual Sheet Metal Materials Green","Kevin Harvick","Jimmy John's | Stewart-Haas Racing | Ford","Driver",14,5
"Racing",2017,"Playoff","National Treasures","Dual Sheet Metal Materials Green","Danica Patrick","Aspen Dental | Stewart-Haas Racing | Ford","Driver",15,5
"Racing",2017,"Playoff","National Treasures","Dual Sheet Metal Materials Holo Gold","Chase Elliott","NAPA Auto Parts | Hendrick Motorsports | Chevrolet","Driver",2,10
"Racing",2017,"Playoff","National Treasures","Dual Sheet Metal Materials Holo Gold","Kasey Kahne","Farmers Insurance | Hendrick Motorsports | Chevrolet","Driver",5,10
"Racing",2017,"Playoff","National Treasures","Dual Sheet Metal Materials Holo Gold","Kyle Larson","Target | Chip Ganassi Racing | Chevrolet","Driver",9,10
"Racing",2017,"Playoff","National Treasures","Dual Sheet Metal Materials Holo Gold","Jimmie Johnson","Lowe's | Hendrick Motorsports | Chevrolet","Driver",12,10
"Racing",2017,"Playoff","National Treasures","Dual Sheet Metal Materials Holo Gold","Dale Earnhardt Jr","Nationwide | Hendrick Motorsports | Chevrolet","Driver",13,10
"Racing",2017,"Playoff","National Treasures","Dual Sheet Metal Materials Holo Gold","Kevin Harvick","Jimmy John's | Stewart-Haas Racing | Ford","Driver",14,10
"Racing",2017,"Playoff","National Treasures","Dual Sheet Metal Materials Holo Silver","Chase Elliott","NAPA Auto Parts | Hendrick Motorsports | Chevrolet","Driver",2,20
"Racing",2017,"Playoff","National Treasures","Dual Sheet Metal Materials Holo Silver","Kasey Kahne","Farmers Insurance | Hendrick Motorsports | Chevrolet","Driver",5,20
"Racing",2017,"Playoff","National Treasures","Dual Sheet Metal Materials Holo Silver","Jimmie Johnson","Lowe's | Hendrick Motorsports | Chevrolet","Driver",12,20
"Racing",2017,"Playoff","National Treasures","Dual Sheet Metal Materials Printing Plates Black","Ryan Blaney","Motorcraft | Wood Brothers Racing | Ford","Driver",1,1
"Racing",2017,"Playoff","National Treasures","Dual Sheet Metal Materials Printing Plates Black","Chase Elliott","NAPA Auto Parts | Hendrick Motorsports | Chevrolet","Driver",2,1
"Racing",2017,"Playoff","National Treasures","Dual Sheet Metal Materials Printing Plates Black","Kasey Kahne","Farmers Insurance | Hendrick Motorsports | Chevrolet","Driver",5,1
"Racing",2017,"Playoff","National Treasures","Dual Sheet Metal Materials Printing Plates Black","Denny Hamlin","FedEx Express | Joe Gibbs Racing | Toyota","Driver",6,1
"Racing",2017,"Playoff","National Treasures","Dual Sheet Metal Materials Printing Plates Black","Clint Bowyer","Haas Automation | Stewart-Haas Racing | Ford","Driver",8,1
"Racing",2017,"Playoff","National Treasures","Dual Sheet Metal Materials Printing Plates Black","Kyle Larson","Target | Chip Ganassi Racing | Chevrolet","Driver",9,1
"Racing",2017,"Playoff","National Treasures","Dual Sheet Metal Materials Printing Plates Black","Kurt Busch","Haas Automation | Stewart-Haas Racing | Ford","Driver",11,1
"Racing",2017,"Playoff","National Treasures","Dual Sheet Metal Materials Printing Plates Black","Jimmie Johnson","Lowe's | Hendrick Motorsports | Chevrolet","Driver",12,1
"Racing",2017,"Playoff","National Treasures","Dual Sheet Metal Materials Printing Plates Black","Dale Earnhardt Jr","Nationwide | Hendrick Motorsports | Chevrolet","Driver",13,1
"Racing",2017,"Playoff","National Treasures","Dual Sheet Metal Materials Printing Plates Black","Kevin Harvick","Jimmy John's | Stewart-Haas Racing | Ford","Driver",14,1
"Racing",2017,"Playoff","National Treasures","Dual Sheet Metal Materials Printing Plates Black","Danica Patrick","Aspen Dental | Stewart-Haas Racing | Ford","Driver",15,1
"Racing",2017,"Playoff","National Treasures","Dual Sheet Metal Materials Printing Plates Cyan","Ryan Blaney","Motorcraft | Wood Brothers Racing | Ford","Driver",1,1
"Racing",2017,"Playoff","National Treasures","Dual Sheet Metal Materials Printing Plates Cyan","Chase Elliott","NAPA Auto Parts | Hendrick Motorsports | Chevrolet","Driver",2,1
"Racing",2017,"Playoff","National Treasures","Dual Sheet Metal Materials Printing Plates Cyan","Kasey Kahne","Farmers Insurance | Hendrick Motorsports | Chevrolet","Driver",5,1
"Racing",2017,"Playoff","National Treasures","Dual Sheet Metal Materials Printing Plates Cyan","Denny Hamlin","FedEx Express | Joe Gibbs Racing | Toyota","Driver",6,1
"Racing",2017,"Playoff","National Treasures","Dual Sheet Metal Materials Printing Plates Cyan","Clint Bowyer","Haas Automation | Stewart-Haas Racing | Ford","Driver",8,1
"Racing",2017,"Playoff","National Treasures","Dual Sheet Metal Materials Printing Plates Cyan","Kyle Larson","Target | Chip Ganassi Racing | Chevrolet","Driver",9,1
"Racing",2017,"Playoff","National Treasures","Dual Sheet Metal Materials Printing Plates Cyan","Kurt Busch","Haas Automation | Stewart-Haas Racing | Ford","Driver",11,1
"Racing",2017,"Playoff","National Treasures","Dual Sheet Metal Materials Printing Plates Cyan","Jimmie Johnson","Lowe's | Hendrick Motorsports | Chevrolet","Driver",12,1
"Racing",2017,"Playoff","National Treasures","Dual Sheet Metal Materials Printing Plates Cyan","Dale Earnhardt Jr","Nationwide | Hendrick Motorsports | Chevrolet","Driver",13,1
"Racing",2017,"Playoff","National Treasures","Dual Sheet Metal Materials Printing Plates Cyan","Kevin Harvick","Jimmy John's | Stewart-Haas Racing | Ford","Driver",14,1
"Racing",2017,"Playoff","National Treasures","Dual Sheet Metal Materials Printing Plates Cyan","Danica Patrick","Aspen Dental | Stewart-Haas Racing | Ford","Driver",15,1
"Racing",2017,"Playoff","National Treasures","Dual Sheet Metal Materials Printing Plates Magenta","Ryan Blaney","Motorcraft | Wood Brothers Racing | Ford","Driver",1,1
"Racing",2017,"Playoff","National Treasures","Dual Sheet Metal Materials Printing Plates Magenta","Chase Elliott","NAPA Auto Parts | Hendrick Motorsports | Chevrolet","Driver",2,1
"Racing",2017,"Playoff","National Treasures","Dual Sheet Metal Materials Printing Plates Magenta","Kasey Kahne","Farmers Insurance | Hendrick Motorsports | Chevrolet","Driver",5,1
"Racing",2017,"Playoff","National Treasures","Dual Sheet Metal Materials Printing Plates Magenta","Denny Hamlin","FedEx Express | Joe Gibbs Racing | Toyota","Driver",6,1
"Racing",2017,"Playoff","National Treasures","Dual Sheet Metal Materials Printing Plates Magenta","Clint Bowyer","Haas Automation | Stewart-Haas Racing | Ford","Driver",8,1
"Racing",2017,"Playoff","National Treasures","Dual Sheet Metal Materials Printing Plates Magenta","Kyle Larson","Target | Chip Ganassi Racing | Chevrolet","Driver",9,1
"Racing",2017,"Playoff","National Treasures","Dual Sheet Metal Materials Printing Plates Magenta","Kurt Busch","Haas Automation | Stewart-Haas Racing | Ford","Driver",11,1
"Racing",2017,"Playoff","National Treasures","Dual Sheet Metal Materials Printing Plates Magenta","Jimmie Johnson","Lowe's | Hendrick Motorsports | Chevrolet","Driver",12,1
"Racing",2017,"Playoff","National Treasures","Dual Sheet Metal Materials Printing Plates Magenta","Dale Earnhardt Jr","Nationwide | Hendrick Motorsports | Chevrolet","Driver",13,1
"Racing",2017,"Playoff","National Treasures","Dual Sheet Metal Materials Printing Plates Magenta","Kevin Harvick","Jimmy John's | Stewart-Haas Racing | Ford","Driver",14,1
"Racing",2017,"Playoff","National Treasures","Dual Sheet Metal Materials Printing Plates Magenta","Danica Patrick","Aspen Dental | Stewart-Haas Racing | Ford","Driver",15,1
"Racing",2017,"Playoff","National Treasures","Dual Sheet Metal Materials Printing Plates Yellow","Ryan Blaney","Motorcraft | Wood Brothers Racing | Ford","Driver",1,1
"Racing",2017,"Playoff","National Treasures","Dual Sheet Metal Materials Printing Plates Yellow","Chase Elliott","NAPA Auto Parts | Hendrick Motorsports | Chevrolet","Driver",2,1
"Racing",2017,"Playoff","National Treasures","Dual Sheet Metal Materials Printing Plates Yellow","Kasey Kahne","Farmers Insurance | Hendrick Motorsports | Chevrolet","Driver",5,1
"Racing",2017,"Playoff","National Treasures","Dual Sheet Metal Materials Printing Plates Yellow","Denny Hamlin","FedEx Express | Joe Gibbs Racing | Toyota","Driver",6,1
"Racing",2017,"Playoff","National Treasures","Dual Sheet Metal Materials Printing Plates Yellow","Clint Bowyer","Haas Automation | Stewart-Haas Racing | Ford","Driver",8,1
"Racing",2017,"Playoff","National Treasures","Dual Sheet Metal Materials Printing Plates Yellow","Kyle Larson","Target | Chip Ganassi Racing | Chevrolet","Driver",9,1
"Racing",2017,"Playoff","National Treasures","Dual Sheet Metal Materials Printing Plates Yellow","Kurt Busch","Haas Automation | Stewart-Haas Racing | Ford","Driver",11,1
"Racing",2017,"Playoff","National Treasures","Dual Sheet Metal Materials Printing Plates Yellow","Jimmie Johnson","Lowe's | Hendrick Motorsports | Chevrolet","Driver",12,1
"Racing",2017,"Playoff","National Treasures","Dual Sheet Metal Materials Printing Plates Yellow","Dale Earnhardt Jr","Nationwide | Hendrick Motorsports | Chevrolet","Driver",13,1
"Racing",2017,"Playoff","National Treasures","Dual Sheet Metal Materials Printing Plates Yellow","Kevin Harvick","Jimmy John's | Stewart-Haas Racing | Ford","Driver",14,1
"Racing",2017,"Playoff","National Treasures","Dual Sheet Metal Materials Printing Plates Yellow","Danica Patrick","Aspen Dental | Stewart-Haas Racing | Ford","Driver",15,1
"Racing",2017,"Playoff","National Treasures","Dual Sheet Metal Signatures","AJ Allmendinger","Kroger | JTG Daugherty Racing | Chevrolet","Driver",1,25
"Racing",2017,"Playoff","National Treasures","Dual Sheet Metal Signatures","Brad Keselowski","Miller Lite | Team Penske | Ford","Driver",3,25
"Racing",2017,"Playoff","National Treasures","Dual Sheet Metal Signatures","Clint Bowyer","Mobil 1 | Stewart-Haas Racing | Ford","Driver",4,25
"Racing",2017,"Playoff","National Treasures","Dual Sheet Metal Signatures","Kasey Kahne","Farmers Insurance | Hendrick Motorsports | Chevrolet","Driver",8,25
"Racing",2017,"Playoff","National Treasures","Dual Sheet Metal Signatures","Mark Martin","Pfizer | Roush Racing | Ford","Driver",9,25
"Racing",2017,"Playoff","National Treasures","Dual Sheet Metal Signatures","Martin Truex Jr.","Bass Pro Shops-TRACKER Boats | Furniture Row Racing | Toyota","Driver",10,25
"Racing",2017,"Playoff","National Treasures","Dual Sheet Metal Signatures","Ryan Newman","Caterpillar | Richard Childress Racing | Chevrolet","Driver",11,25
"Racing",2017,"Playoff","National Treasures","Dual Sheet Metal Signatures","Chase Elliott","NAPA Auto Parts | Hendrick Motorsports | Chevrolet","Driver",12,24
"Racing",2017,"Playoff","National Treasures","Dual Sheet Metal Signatures","Greg Biffle","3M | Roush Fenway Racing | Ford","Car",13,25
"Racing",2017,"Playoff","National Treasures","Dual Sheet Metal Signatures Black","AJ Allmendinger","Kroger | JTG Daugherty Racing | Chevrolet","Driver",1,1
"Racing",2017,"Playoff","National Treasures","Dual Sheet Metal Signatures Black","Austin Dillon","Dow Chemical | Richard Childress Racing | Chevrolet","Driver",2,1
"Racing",2017,"Playoff","National Treasures","Dual Sheet Metal Signatures Black","Brad Keselowski","Miller Lite | Team Penske | Ford","Driver",3,1
"Racing",2017,"Playoff","National Treasures","Dual Sheet Metal Signatures Black","Clint Bowyer","Mobil 1 | Stewart-Haas Racing | Ford","Driver",4,1
"Racing",2017,"Playoff","National Treasures","Dual Sheet Metal Signatures Black","Dale Earnhardt Jr","Nationwide | Hendrick Motorsports | Chevrolet","Driver",5,1
"Racing",2017,"Playoff","National Treasures","Dual Sheet Metal Signatures Black","Jeff Burton","Citgo | Roush Racing | Ford","Driver",6,1
"Racing",2017,"Playoff","National Treasures","Dual Sheet Metal Signatures Black","Joey Logano","Shell-Pennzoil | Team Penske | Ford","Driver",7,1
"Racing",2017,"Playoff","National Treasures","Dual Sheet Metal Signatures Black","Kasey Kahne","Farmers Insurance | Hendrick Motorsports | Chevrolet","Driver",8,1
"Racing",2017,"Playoff","National Treasures","Dual Sheet Metal Signatures Black","Mark Martin","Pfizer | Roush Racing | Ford","Driver",9,1
"Racing",2017,"Playoff","National Treasures","Dual Sheet Metal Signatures Black","Martin Truex Jr.","Bass Pro Shops-TRACKER Boats | Furniture Row Racing | Toyota","Driver",10,1
"Racing",2017,"Playoff","National Treasures","Dual Sheet Metal Signatures Black","Ryan Newman","Caterpillar | Richard Childress Racing | Chevrolet","Driver",11,1
"Racing",2017,"Playoff","National Treasures","Dual Sheet Metal Signatures Black","Chase Elliott","NAPA Auto Parts | Hendrick Motorsports | Chevrolet","Driver",12,1
"Racing",2017,"Playoff","National Treasures","Dual Sheet Metal Signatures Black","Greg Biffle","3M | Roush Fenway Racing | Ford","Car",13,1
"Racing",2017,"Playoff","National Treasures","Dual Sheet Metal Signatures Black","Denny Hamlin","FedEx Express | Joe Gibbs Racing | Toyota","Driver",14,1
"Racing",2017,"Playoff","National Treasures","Dual Sheet Metal Signatures Black","Dale Jarrett","UPS | Robert Yates Racing | Ford","Driver",15,1
"Racing",2017,"Playoff","National Treasures","Dual Sheet Metal Signatures Gold","AJ Allmendinger","Kroger | JTG Daugherty Racing | Chevrolet","Driver",1,15
"Racing",2017,"Playoff","National Treasures","Dual Sheet Metal Signatures Gold","Brad Keselowski","Miller Lite | Team Penske | Ford","Driver",3,15
"Racing",2017,"Playoff","National Treasures","Dual Sheet Metal Signatures Gold","Clint Bowyer","Mobil 1 | Stewart-Haas Racing | Ford","Driver",4,15
"Racing",2017,"Playoff","National Treasures","Dual Sheet Metal Signatures Gold","Dale Earnhardt Jr","Nationwide | Hendrick Motorsports | Chevrolet","Driver",5,15
"Racing",2017,"Playoff","National Treasures","Dual Sheet Metal Signatures Gold","Joey Logano","Shell-Pennzoil | Team Penske | Ford","Driver",7,15
"Racing",2017,"Playoff","National Treasures","Dual Sheet Metal Signatures Gold","Kasey Kahne","Farmers Insurance | Hendrick Motorsports | Chevrolet","Driver",8,15
"Racing",2017,"Playoff","National Treasures","Dual Sheet Metal Signatures Gold","Mark Martin","Pfizer | Roush Racing | Ford","Driver",9,15
"Racing",2017,"Playoff","National Treasures","Dual Sheet Metal Signatures Gold","Martin Truex Jr.","Bass Pro Shops-TRACKER Boats | Furniture Row Racing | Toyota","Driver",10,15
"Racing",2017,"Playoff","National Treasures","Dual Sheet Metal Signatures Gold","Ryan Newman","Caterpillar | Richard Childress Racing | Chevrolet","Driver",11,15
"Racing",2017,"Playoff","National Treasures","Dual Sheet Metal Signatures Gold","Chase Elliott","NAPA Auto Parts | Hendrick Motorsports | Chevrolet","Driver",12,15
"Racing",2017,"Playoff","National Treasures","Dual Sheet Metal Signatures Gold","Greg Biffle","3M | Roush Fenway Racing | Ford","Car",13,15
"Racing",2017,"Playoff","National Treasures","Dual Sheet Metal Signatures Green","AJ Allmendinger","Kroger | JTG Daugherty Racing | Chevrolet","Driver",1,5
"Racing",2017,"Playoff","National Treasures","Dual Sheet Metal Signatures Green","Austin Dillon","Dow Chemical | Richard Childress Racing | Chevrolet","Driver",2,5
"Racing",2017,"Playoff","National Treasures","Dual Sheet Metal Signatures Green","Brad Keselowski","Miller Lite | Team Penske | Ford","Driver",3,5
"Racing",2017,"Playoff","National Treasures","Dual Sheet Metal Signatures Green","Clint Bowyer","Mobil 1 | Stewart-Haas Racing | Ford","Driver",4,5
"Racing",2017,"Playoff","National Treasures","Dual Sheet Metal Signatures Green","Dale Earnhardt Jr","Nationwide | Hendrick Motorsports | Chevrolet","Driver",5,5
"Racing",2017,"Playoff","National Treasures","Dual Sheet Metal Signatures Green","Jeff Burton","Citgo | Roush Racing | Ford","Driver",6,5
"Racing",2017,"Playoff","National Treasures","Dual Sheet Metal Signatures Green","Joey Logano","Shell-Pennzoil | Team Penske | Ford","Driver",7,5
"Racing",2017,"Playoff","National Treasures","Dual Sheet Metal Signatures Green","Kasey Kahne","Farmers Insurance | Hendrick Motorsports | Chevrolet","Driver",8,5
"Racing",2017,"Playoff","National Treasures","Dual Sheet Metal Signatures Green","Mark Martin","Pfizer | Roush Racing | Ford","Driver",9,5
"Racing",2017,"Playoff","National Treasures","Dual Sheet Metal Signatures Green","Martin Truex Jr.","Bass Pro Shops-TRACKER Boats | Furniture Row Racing | Toyota","Driver",10,5
"Racing",2017,"Playoff","National Treasures","Dual Sheet Metal Signatures Green","Ryan Newman","Caterpillar | Richard Childress Racing | Chevrolet","Driver",11,5
"Racing",2017,"Playoff","National Treasures","Dual Sheet Metal Signatures Green","Chase Elliott","NAPA Auto Parts | Hendrick Motorsports | Chevrolet","Driver",12,5
"Racing",2017,"Playoff","National Treasures","Dual Sheet Metal Signatures Green","Greg Biffle","3M | Roush Fenway Racing | Ford","Car",13,5
"Racing",2017,"Playoff","National Treasures","Dual Sheet Metal Signatures Green","Denny Hamlin","FedEx Express | Joe Gibbs Racing | Toyota","Driver",14,5
"Racing",2017,"Playoff","National Treasures","Dual Sheet Metal Signatures Green","Dale Jarrett","UPS | Robert Yates Racing | Ford","Driver",15,5
"Racing",2017,"Playoff","National Treasures","Dual Sheet Metal Signatures Holo Gold","AJ Allmendinger","Kroger | JTG Daugherty Racing | Chevrolet","Driver",1,10
"Racing",2017,"Playoff","National Treasures","Dual Sheet Metal Signatures Holo Gold","Austin Dillon","Dow Chemical | Richard Childress Racing | Chevrolet","Driver",2,10
"Racing",2017,"Playoff","National Treasures","Dual Sheet Metal Signatures Holo Gold","Brad Keselowski","Miller Lite | Team Penske | Ford","Driver",3,10
"Racing",2017,"Playoff","National Treasures","Dual Sheet Metal Signatures Holo Gold","Clint Bowyer","Mobil 1 | Stewart-Haas Racing | Ford","Driver",4,10
"Racing",2017,"Playoff","National Treasures","Dual Sheet Metal Signatures Holo Gold","Dale Earnhardt Jr","Nationwide | Hendrick Motorsports | Chevrolet","Driver",5,8
"Racing",2017,"Playoff","National Treasures","Dual Sheet Metal Signatures Holo Gold","Jeff Burton","Citgo | Roush Racing | Ford","Driver",6,10
"Racing",2017,"Playoff","National Treasures","Dual Sheet Metal Signatures Holo Gold","Joey Logano","Shell-Pennzoil | Team Penske | Ford","Driver",7,10
"Racing",2017,"Playoff","National Treasures","Dual Sheet Metal Signatures Holo Gold","Kasey Kahne","Farmers Insurance | Hendrick Motorsports | Chevrolet","Driver",8,10
"Racing",2017,"Playoff","National Treasures","Dual Sheet Metal Signatures Holo Gold","Mark Martin","Pfizer | Roush Racing | Ford","Driver",9,10
"Racing",2017,"Playoff","National Treasures","Dual Sheet Metal Signatures Holo Gold","Martin Truex Jr.","Bass Pro Shops-TRACKER Boats | Furniture Row Racing | Toyota","Driver",10,10
"Racing",2017,"Playoff","National Treasures","Dual Sheet Metal Signatures Holo Gold","Ryan Newman","Caterpillar | Richard Childress Racing | Chevrolet","Driver",11,10
"Racing",2017,"Playoff","National Treasures","Dual Sheet Metal Signatures Holo Gold","Chase Elliott","NAPA Auto Parts | Hendrick Motorsports | Chevrolet","Driver",12,10
"Racing",2017,"Playoff","National Treasures","Dual Sheet Metal Signatures Holo Gold","Greg Biffle","3M | Roush Fenway Racing | Ford","Car",13,10
"Racing",2017,"Playoff","National Treasures","Dual Sheet Metal Signatures Holo Gold","Denny Hamlin","FedEx Express | Joe Gibbs Racing | Toyota","Driver",14,10
"Racing",2017,"Playoff","National Treasures","Dual Sheet Metal Signatures Holo Silver","AJ Allmendinger","Kroger | JTG Daugherty Racing | Chevrolet","Driver",1,20
"Racing",2017,"Playoff","National Treasures","Dual Sheet Metal Signatures Holo Silver","Brad Keselowski","Miller Lite | Team Penske | Ford","Driver",3,20
"Racing",2017,"Playoff","National Treasures","Dual Sheet Metal Signatures Holo Silver","Clint Bowyer","Mobil 1 | Stewart-Haas Racing | Ford","Driver",4,20
"Racing",2017,"Playoff","National Treasures","Dual Sheet Metal Signatures Holo Silver","Dale Earnhardt Jr","Nationwide | Hendrick Motorsports | Chevrolet","Driver",5,20
"Racing",2017,"Playoff","National Treasures","Dual Sheet Metal Signatures Holo Silver","Kasey Kahne","Farmers Insurance | Hendrick Motorsports | Chevrolet","Driver",8,20
"Racing",2017,"Playoff","National Treasures","Dual Sheet Metal Signatures Holo Silver","Mark Martin","Pfizer | Roush Racing | Ford","Driver",9,20
"Racing",2017,"Playoff","National Treasures","Dual Sheet Metal Signatures Holo Silver","Martin Truex Jr.","Bass Pro Shops-TRACKER Boats | Furniture Row Racing | Toyota","Driver",10,20
"Racing",2017,"Playoff","National Treasures","Dual Sheet Metal Signatures Holo Silver","Ryan Newman","Caterpillar | Richard Childress Racing | Chevrolet","Driver",11,20
"Racing",2017,"Playoff","National Treasures","Dual Sheet Metal Signatures Holo Silver","Chase Elliott","NAPA Auto Parts | Hendrick Motorsports | Chevrolet","Driver",12,20
"Racing",2017,"Playoff","National Treasures","Dual Sheet Metal Signatures Holo Silver","Greg Biffle","3M | Roush Fenway Racing | Ford","Car",13,20
"Racing",2017,"Playoff","National Treasures","Dual Sheet Metal Signatures Printing Plates Black","AJ Allmendinger","Kroger | JTG Daugherty Racing | Chevrolet","Driver",1,1
"Racing",2017,"Playoff","National Treasures","Dual Sheet Metal Signatures Printing Plates Black","Austin Dillon","Dow Chemical | Richard Childress Racing | Chevrolet","Driver",2,1
"Racing",2017,"Playoff","National Treasures","Dual Sheet Metal Signatures Printing Plates Black","Brad Keselowski","Miller Lite | Team Penske | Ford","Driver",3,1
"Racing",2017,"Playoff","National Treasures","Dual Sheet Metal Signatures Printing Plates Black","Clint Bowyer","Mobil 1 | Stewart-Haas Racing | Ford","Driver",4,1
"Racing",2017,"Playoff","National Treasures","Dual Sheet Metal Signatures Printing Plates Black","Dale Earnhardt Jr","Nationwide | Hendrick Motorsports | Chevrolet","Driver",5,1
"Racing",2017,"Playoff","National Treasures","Dual Sheet Metal Signatures Printing Plates Black","Jeff Burton","Citgo | Roush Racing | Ford","Driver",6,1
"Racing",2017,"Playoff","National Treasures","Dual Sheet Metal Signatures Printing Plates Black","Joey Logano","Shell-Pennzoil | Team Penske | Ford","Driver",7,1
"Racing",2017,"Playoff","National Treasures","Dual Sheet Metal Signatures Printing Plates Black","Kasey Kahne","Farmers Insurance | Hendrick Motorsports | Chevrolet","Driver",8,1
"Racing",2017,"Playoff","National Treasures","Dual Sheet Metal Signatures Printing Plates Black","Mark Martin","Pfizer | Roush Racing | Ford","Driver",9,1
"Racing",2017,"Playoff","National Treasures","Dual Sheet Metal Signatures Printing Plates Black","Martin Truex Jr.","Bass Pro Shops-TRACKER Boats | Furniture Row Racing | Toyota","Driver",10,1
"Racing",2017,"Playoff","National Treasures","Dual Sheet Metal Signatures Printing Plates Black","Ryan Newman","Caterpillar | Richard Childress Racing | Chevrolet","Driver",11,1
"Racing",2017,"Playoff","National Treasures","Dual Sheet Metal Signatures Printing Plates Black","Chase Elliott","NAPA Auto Parts | Hendrick Motorsports | Chevrolet","Driver",12,1
"Racing",2017,"Playoff","National Treasures","Dual Sheet Metal Signatures Printing Plates Black","Greg Biffle","3M | Roush Fenway Racing | Ford","Car",13,1
"Racing",2017,"Playoff","National Treasures","Dual Sheet Metal Signatures Printing Plates Black","Denny Hamlin","FedEx Express | Joe Gibbs Racing | Toyota","Driver",14,1
"Racing",2017,"Playoff","National Treasures","Dual Sheet Metal Signatures Printing Plates Black","Dale Jarrett","UPS | Robert Yates Racing | Ford","Driver",15,1
"Racing",2017,"Playoff","National Treasures","Dual Sheet Metal Signatures Printing Plates Cyan","AJ Allmendinger","Kroger | JTG Daugherty Racing | Chevrolet","Driver",1,1
"Racing",2017,"Playoff","National Treasures","Dual Sheet Metal Signatures Printing Plates Cyan","Austin Dillon","Dow Chemical | Richard Childress Racing | Chevrolet","Driver",2,1
"Racing",2017,"Playoff","National Treasures","Dual Sheet Metal Signatures Printing Plates Cyan","Brad Keselowski","Miller Lite | Team Penske | Ford","Driver",3,1
"Racing",2017,"Playoff","National Treasures","Dual Sheet Metal Signatures Printing Plates Cyan","Clint Bowyer","Mobil 1 | Stewart-Haas Racing | Ford","Driver",4,1
"Racing",2017,"Playoff","National Treasures","Dual Sheet Metal Signatures Printing Plates Cyan","Dale Earnhardt Jr","Nationwide | Hendrick Motorsports | Chevrolet","Driver",5,1
"Racing",2017,"Playoff","National Treasures","Dual Sheet Metal Signatures Printing Plates Cyan","Jeff Burton","Citgo | Roush Racing | Ford","Driver",6,1
"Racing",2017,"Playoff","National Treasures","Dual Sheet Metal Signatures Printing Plates Cyan","Joey Logano","Shell-Pennzoil | Team Penske | Ford","Driver",7,1
"Racing",2017,"Playoff","National Treasures","Dual Sheet Metal Signatures Printing Plates Cyan","Kasey Kahne","Farmers Insurance | Hendrick Motorsports | Chevrolet","Driver",8,1
"Racing",2017,"Playoff","National Treasures","Dual Sheet Metal Signatures Printing Plates Cyan","Mark Martin","Pfizer | Roush Racing | Ford","Driver",9,1
"Racing",2017,"Playoff","National Treasures","Dual Sheet Metal Signatures Printing Plates Cyan","Martin Truex Jr.","Bass Pro Shops-TRACKER Boats | Furniture Row Racing | Toyota","Driver",10,1
"Racing",2017,"Playoff","National Treasures","Dual Sheet Metal Signatures Printing Plates Cyan","Ryan Newman","Caterpillar | Richard Childress Racing | Chevrolet","Driver",11,1
"Racing",2017,"Playoff","National Treasures","Dual Sheet Metal Signatures Printing Plates Cyan","Chase Elliott","NAPA Auto Parts | Hendrick Motorsports | Chevrolet","Driver",12,1
"Racing",2017,"Playoff","National Treasures","Dual Sheet Metal Signatures Printing Plates Cyan","Greg Biffle","3M | Roush Fenway Racing | Ford","Car",13,1
"Racing",2017,"Playoff","National Treasures","Dual Sheet Metal Signatures Printing Plates Cyan","Denny Hamlin","FedEx Express | Joe Gibbs Racing | Toyota","Driver",14,1
"Racing",2017,"Playoff","National Treasures","Dual Sheet Metal Signatures Printing Plates Cyan","Dale Jarrett","UPS | Robert Yates Racing | Ford","Driver",15,1
"Racing",2017,"Playoff","National Treasures","Dual Sheet Metal Signatures Printing Plates Magenta","AJ Allmendinger","Kroger | JTG Daugherty Racing | Chevrolet","Driver",1,1
"Racing",2017,"Playoff","National Treasures","Dual Sheet Metal Signatures Printing Plates Magenta","Austin Dillon","Dow Chemical | Richard Childress Racing | Chevrolet","Driver",2,1
"Racing",2017,"Playoff","National Treasures","Dual Sheet Metal Signatures Printing Plates Magenta","Brad Keselowski","Miller Lite | Team Penske | Ford","Driver",3,1
"Racing",2017,"Playoff","National Treasures","Dual Sheet Metal Signatures Printing Plates Magenta","Clint Bowyer","Mobil 1 | Stewart-Haas Racing | Ford","Driver",4,1
"Racing",2017,"Playoff","National Treasures","Dual Sheet Metal Signatures Printing Plates Magenta","Dale Earnhardt Jr","Nationwide | Hendrick Motorsports | Chevrolet","Driver",5,1
"Racing",2017,"Playoff","National Treasures","Dual Sheet Metal Signatures Printing Plates Magenta","Jeff Burton","Citgo | Roush Racing | Ford","Driver",6,1
"Racing",2017,"Playoff","National Treasures","Dual Sheet Metal Signatures Printing Plates Magenta","Joey Logano","Shell-Pennzoil | Team Penske | Ford","Driver",7,1
"Racing",2017,"Playoff","National Treasures","Dual Sheet Metal Signatures Printing Plates Magenta","Kasey Kahne","Farmers Insurance | Hendrick Motorsports | Chevrolet","Driver",8,1
"Racing",2017,"Playoff","National Treasures","Dual Sheet Metal Signatures Printing Plates Magenta","Mark Martin","Pfizer | Roush Racing | Ford","Driver",9,1
"Racing",2017,"Playoff","National Treasures","Dual Sheet Metal Signatures Printing Plates Magenta","Martin Truex Jr.","Bass Pro Shops-TRACKER Boats | Furniture Row Racing | Toyota","Driver",10,1
"Racing",2017,"Playoff","National Treasures","Dual Sheet Metal Signatures Printing Plates Magenta","Ryan Newman","Caterpillar | Richard Childress Racing | Chevrolet","Driver",11,1
"Racing",2017,"Playoff","National Treasures","Dual Sheet Metal Signatures Printing Plates Magenta","Chase Elliott","NAPA Auto Parts | Hendrick Motorsports | Chevrolet","Driver",12,1
"Racing",2017,"Playoff","National Treasures","Dual Sheet Metal Signatures Printing Plates Magenta","Greg Biffle","3M | Roush Fenway Racing | Ford","Car",13,1
"Racing",2017,"Playoff","National Treasures","Dual Sheet Metal Signatures Printing Plates Magenta","Denny Hamlin","FedEx Express | Joe Gibbs Racing | Toyota","Driver",14,1
"Racing",2017,"Playoff","National Treasures","Dual Sheet Metal Signatures Printing Plates Magenta","Dale Jarrett","UPS | Robert Yates Racing | Ford","Driver",15,1
"Racing",2017,"Playoff","National Treasures","Dual Sheet Metal Signatures Printing Plates Yellow","AJ Allmendinger","Kroger | JTG Daugherty Racing | Chevrolet","Driver",1,1
"Racing",2017,"Playoff","National Treasures","Dual Sheet Metal Signatures Printing Plates Yellow","Austin Dillon","Dow Chemical | Richard Childress Racing | Chevrolet","Driver",2,1
"Racing",2017,"Playoff","National Treasures","Dual Sheet Metal Signatures Printing Plates Yellow","Brad Keselowski","Miller Lite | Team Penske | Ford","Driver",3,1
"Racing",2017,"Playoff","National Treasures","Dual Sheet Metal Signatures Printing Plates Yellow","Clint Bowyer","Mobil 1 | Stewart-Haas Racing | Ford","Driver",4,1
"Racing",2017,"Playoff","National Treasures","Dual Sheet Metal Signatures Printing Plates Yellow","Dale Earnhardt Jr","Nationwide | Hendrick Motorsports | Chevrolet","Driver",5,1
"Racing",2017,"Playoff","National Treasures","Dual Sheet Metal Signatures Printing Plates Yellow","Jeff Burton","Citgo | Roush Racing | Ford","Driver",6,1
"Racing",2017,"Playoff","National Treasures","Dual Sheet Metal Signatures Printing Plates Yellow","Joey Logano","Shell-Pennzoil | Team Penske | Ford","Driver",7,1
"Racing",2017,"Playoff","National Treasures","Dual Sheet Metal Signatures Printing Plates Yellow","Kasey Kahne","Farmers Insurance | Hendrick Motorsports | Chevrolet","Driver",8,1
"Racing",2017,"Playoff","National Treasures","Dual Sheet Metal Signatures Printing Plates Yellow","Mark Martin","Pfizer | Roush Racing | Ford","Driver",9,1
"Racing",2017,"Playoff","National Treasures","Dual Sheet Metal Signatures Printing Plates Yellow","Martin Truex Jr.","Bass Pro Shops-TRACKER Boats | Furniture Row Racing | Toyota","Driver",10,1
"Racing",2017,"Playoff","National Treasures","Dual Sheet Metal Signatures Printing Plates Yellow","Ryan Newman","Caterpillar | Richard Childress Racing | Chevrolet","Driver",11,1
"Racing",2017,"Playoff","National Treasures","Dual Sheet Metal Signatures Printing Plates Yellow","Chase Elliott","NAPA Auto Parts | Hendrick Motorsports | Chevrolet","Driver",12,1
"Racing",2017,"Playoff","National Treasures","Dual Sheet Metal Signatures Printing Plates Yellow","Greg Biffle","3M | Roush Fenway Racing | Ford","Car",13,1
"Racing",2017,"Playoff","National Treasures","Dual Sheet Metal Signatures Printing Plates Yellow","Denny Hamlin","FedEx Express | Joe Gibbs Racing | Toyota","Driver",14,1
"Racing",2017,"Playoff","National Treasures","Dual Sheet Metal Signatures Printing Plates Yellow","Dale Jarrett","UPS | Robert Yates Racing | Ford","Driver",15,1
"Racing",2017,"Playoff","National Treasures","Dual Tire Signatures","Denny Hamlin","FedEx Express | Joe Gibbs Racing | Toyota","Driver",2,25
"Racing",2017,"Playoff","National Treasures","Dual Tire Signatures","Mark Martin","Folgers | Roush Racing | Ford","Driver",3,25
"Racing",2017,"Playoff","National Treasures","Dual Tire Signatures","Austin Dillon","Dow Chemical | Richard Childress Racing | Chevrolet","Driver",5,25
"Racing",2017,"Playoff","National Treasures","Dual Tire Signatures","Jamie McMurray","McDonald's | Chip Ganassi Racing | Chevrolet","Driver",6,25
"Racing",2017,"Playoff","National Treasures","Dual Tire Signatures","Kurt Busch","Haas Automation | Stewart-Haas Racing | Ford","Driver",7,25
"Racing",2017,"Playoff","National Treasures","Dual Tire Signatures","William Byron","Liberty University | JR Motorsports | Chevrolet","Driver",9,25
"Racing",2017,"Playoff","National Treasures","Dual Tire Signatures","Brad Keselowski","Miller Lite | Team Penske | Ford","Driver",10,25
"Racing",2017,"Playoff","National Treasures","Dual Tire Signatures","Martin Truex Jr.","Furniture Row-Denver Mattress | Furniture Row Racing | Toyota","Driver",11,25
"Racing",2017,"Playoff","National Treasures","Dual Tire Signatures","Carl Edwards","Aflac | Roush Fenway Racing | Ford","Driver",12,25
"Racing",2017,"Playoff","National Treasures","Dual Tire Signatures","Kevin Harvick","Jimmy John's | Stewart-Haas Racing | Ford","Driver",13,25
"Racing",2017,"Playoff","National Treasures","Dual Tire Signatures","Matt Kenseth","DeWalt | Joe Gibbs Racing | Toyota","Driver",14,25
"Racing",2017,"Playoff","National Treasures","Dual Tire Signatures","Kyle Busch","M&M's | Joe Gibbs Racing | Toyota","Driver",15,25
"Racing",2017,"Playoff","National Treasures","Dual Tire Signatures","Tony Stewart","Mobil 1 | Stewart-Haas Racing | Chevrolet","Driver",16,25
"Racing",2017,"Playoff","National Treasures","Dual Tire Signatures Black","Dale Earnhardt Jr","Nationwide | Hendrick Motorsports | Chevrolet","Driver",1,1
"Racing",2017,"Playoff","National Treasures","Dual Tire Signatures Black","Denny Hamlin","FedEx Express | Joe Gibbs Racing | Toyota","Driver",2,1
"Racing",2017,"Playoff","National Treasures","Dual Tire Signatures Black","Mark Martin","Folgers | Roush Racing | Ford","Driver",3,1
"Racing",2017,"Playoff","National Treasures","Dual Tire Signatures Black","Danica Patrick","Aspen Dental | Stewart-Haas Racing | Ford","Driver",4,1
"Racing",2017,"Playoff","National Treasures","Dual Tire Signatures Black","Austin Dillon","Dow Chemical | Richard Childress Racing | Chevrolet","Driver",5,1
"Racing",2017,"Playoff","National Treasures","Dual Tire Signatures Black","Jamie McMurray","McDonald's | Chip Ganassi Racing | Chevrolet","Driver",6,1
"Racing",2017,"Playoff","National Treasures","Dual Tire Signatures Black","Kurt Busch","Haas Automation | Stewart-Haas Racing | Ford","Driver",7,1
"Racing",2017,"Playoff","National Treasures","Dual Tire Signatures Black","Richard Petty","STP | Petty Enterprises | Plymouth","Driver",8,1
"Racing",2017,"Playoff","National Treasures","Dual Tire Signatures Black","William Byron","Liberty University | JR Motorsports | Chevrolet","Driver",9,1
"Racing",2017,"Playoff","National Treasures","Dual Tire Signatures Black","Brad Keselowski","Miller Lite | Team Penske | Ford","Driver",10,1
"Racing",2017,"Playoff","National Treasures","Dual Tire Signatures Black","Martin Truex Jr.","Furniture Row-Denver Mattress | Furniture Row Racing | Toyota","Driver",11,1
"Racing",2017,"Playoff","National Treasures","Dual Tire Signatures Black","Carl Edwards","Aflac | Roush Fenway Racing | Ford","Driver",12,1
"Racing",2017,"Playoff","National Treasures","Dual Tire Signatures Black","Kevin Harvick","Jimmy John's | Stewart-Haas Racing | Ford","Driver",13,1
"Racing",2017,"Playoff","National Treasures","Dual Tire Signatures Black","Matt Kenseth","DeWalt | Joe Gibbs Racing | Toyota","Driver",14,1
"Racing",2017,"Playoff","National Treasures","Dual Tire Signatures Black","Kyle Busch","M&M's | Joe Gibbs Racing | Toyota","Driver",15,1
"Racing",2017,"Playoff","National Treasures","Dual Tire Signatures Black","Tony Stewart","Mobil 1 | Stewart-Haas Racing | Chevrolet","Driver",16,1
"Racing",2017,"Playoff","National Treasures","Dual Tire Signatures Gold","Denny Hamlin","FedEx Express | Joe Gibbs Racing | Toyota","Driver",2,15
"Racing",2017,"Playoff","National Treasures","Dual Tire Signatures Gold","Mark Martin","Folgers | Roush Racing | Ford","Driver",3,15
"Racing",2017,"Playoff","National Treasures","Dual Tire Signatures Gold","Danica Patrick","Aspen Dental | Stewart-Haas Racing | Ford","Driver",4,15
"Racing",2017,"Playoff","National Treasures","Dual Tire Signatures Gold","Austin Dillon","Dow Chemical | Richard Childress Racing | Chevrolet","Driver",5,15
"Racing",2017,"Playoff","National Treasures","Dual Tire Signatures Gold","Jamie McMurray","McDonald's | Chip Ganassi Racing | Chevrolet","Driver",6,15
"Racing",2017,"Playoff","National Treasures","Dual Tire Signatures Gold","Kurt Busch","Haas Automation | Stewart-Haas Racing | Ford","Driver",7,15
"Racing",2017,"Playoff","National Treasures","Dual Tire Signatures Gold","Richard Petty","STP | Petty Enterprises | Plymouth","Driver",8,10
"Racing",2017,"Playoff","National Treasures","Dual Tire Signatures Gold","William Byron","Liberty University | JR Motorsports | Chevrolet","Driver",9,15
"Racing",2017,"Playoff","National Treasures","Dual Tire Signatures Gold","Brad Keselowski","Miller Lite | Team Penske | Ford","Driver",10,15
"Racing",2017,"Playoff","National Treasures","Dual Tire Signatures Gold","Martin Truex Jr.","Furniture Row-Denver Mattress | Furniture Row Racing | Toyota","Driver",11,15
"Racing",2017,"Playoff","National Treasures","Dual Tire Signatures Gold","Carl Edwards","Aflac | Roush Fenway Racing | Ford","Driver",12,15
"Racing",2017,"Playoff","National Treasures","Dual Tire Signatures Gold","Kevin Harvick","Jimmy John's | Stewart-Haas Racing | Ford","Driver",13,15
"Racing",2017,"Playoff","National Treasures","Dual Tire Signatures Gold","Matt Kenseth","DeWalt | Joe Gibbs Racing | Toyota","Driver",14,15
"Racing",2017,"Playoff","National Treasures","Dual Tire Signatures Gold","Kyle Busch","M&M's | Joe Gibbs Racing | Toyota","Driver",15,15
"Racing",2017,"Playoff","National Treasures","Dual Tire Signatures Gold","Tony Stewart","Mobil 1 | Stewart-Haas Racing | Chevrolet","Driver",16,15
"Racing",2017,"Playoff","National Treasures","Dual Tire Signatures Green","Dale Earnhardt Jr","Nationwide | Hendrick Motorsports | Chevrolet","Driver",1,5
"Racing",2017,"Playoff","National Treasures","Dual Tire Signatures Green","Denny Hamlin","FedEx Express | Joe Gibbs Racing | Toyota","Driver",2,5
"Racing",2017,"Playoff","National Treasures","Dual Tire Signatures Green","Mark Martin","Folgers | Roush Racing | Ford","Driver",3,5
"Racing",2017,"Playoff","National Treasures","Dual Tire Signatures Green","Danica Patrick","Aspen Dental | Stewart-Haas Racing | Ford","Driver",4,5
"Racing",2017,"Playoff","National Treasures","Dual Tire Signatures Green","Austin Dillon","Dow Chemical | Richard Childress Racing | Chevrolet","Driver",5,5
"Racing",2017,"Playoff","National Treasures","Dual Tire Signatures Green","Jamie McMurray","McDonald's | Chip Ganassi Racing | Chevrolet","Driver",6,5
"Racing",2017,"Playoff","National Treasures","Dual Tire Signatures Green","Kurt Busch","Haas Automation | Stewart-Haas Racing | Ford","Driver",7,5
"Racing",2017,"Playoff","National Treasures","Dual Tire Signatures Green","Richard Petty","STP | Petty Enterprises | Plymouth","Driver",8,5
"Racing",2017,"Playoff","National Treasures","Dual Tire Signatures Green","William Byron","Liberty University | JR Motorsports | Chevrolet","Driver",9,5
"Racing",2017,"Playoff","National Treasures","Dual Tire Signatures Green","Brad Keselowski","Miller Lite | Team Penske | Ford","Driver",10,5
"Racing",2017,"Playoff","National Treasures","Dual Tire Signatures Green","Martin Truex Jr.","Furniture Row-Denver Mattress | Furniture Row Racing | Toyota","Driver",11,5
"Racing",2017,"Playoff","National Treasures","Dual Tire Signatures Green","Carl Edwards","Aflac | Roush Fenway Racing | Ford","Driver",12,5
"Racing",2017,"Playoff","National Treasures","Dual Tire Signatures Green","Kevin Harvick","Jimmy John's | Stewart-Haas Racing | Ford","Driver",13,5
"Racing",2017,"Playoff","National Treasures","Dual Tire Signatures Green","Matt Kenseth","DeWalt | Joe Gibbs Racing | Toyota","Driver",14,5
"Racing",2017,"Playoff","National Treasures","Dual Tire Signatures Green","Kyle Busch","M&M's | Joe Gibbs Racing | Toyota","Driver",15,5
"Racing",2017,"Playoff","National Treasures","Dual Tire Signatures Green","Tony Stewart","Mobil 1 | Stewart-Haas Racing | Chevrolet","Driver",16,5
"Racing",2017,"Playoff","National Treasures","Dual Tire Signatures Holo Gold","Dale Earnhardt Jr","Nationwide | Hendrick Motorsports | Chevrolet","Driver",1,10
"Racing",2017,"Playoff","National Treasures","Dual Tire Signatures Holo Gold","Denny Hamlin","FedEx Express | Joe Gibbs Racing | Toyota","Driver",2,10
"Racing",2017,"Playoff","National Treasures","Dual Tire Signatures Holo Gold","Mark Martin","Folgers | Roush Racing | Ford","Driver",3,10
"Racing",2017,"Playoff","National Treasures","Dual Tire Signatures Holo Gold","Danica Patrick","Aspen Dental | Stewart-Haas Racing | Ford","Driver",4,10
"Racing",2017,"Playoff","National Treasures","Dual Tire Signatures Holo Gold","Austin Dillon","Dow Chemical | Richard Childress Racing | Chevrolet","Driver",5,10
"Racing",2017,"Playoff","National Treasures","Dual Tire Signatures Holo Gold","Jamie McMurray","McDonald's | Chip Ganassi Racing | Chevrolet","Driver",6,10
"Racing",2017,"Playoff","National Treasures","Dual Tire Signatures Holo Gold","Kurt Busch","Haas Automation | Stewart-Haas Racing | Ford","Driver",7,10
"Racing",2017,"Playoff","National Treasures","Dual Tire Signatures Holo Gold","Richard Petty","STP | Petty Enterprises | Plymouth","Driver",8,7
"Racing",2017,"Playoff","National Treasures","Dual Tire Signatures Holo Gold","William Byron","Liberty University | JR Motorsports | Chevrolet","Driver",9,10
"Racing",2017,"Playoff","National Treasures","Dual Tire Signatures Holo Gold","Brad Keselowski","Miller Lite | Team Penske | Ford","Driver",10,10
"Racing",2017,"Playoff","National Treasures","Dual Tire Signatures Holo Gold","Martin Truex Jr.","Furniture Row-Denver Mattress | Furniture Row Racing | Toyota","Driver",11,10
"Racing",2017,"Playoff","National Treasures","Dual Tire Signatures Holo Gold","Carl Edwards","Aflac | Roush Fenway Racing | Ford","Driver",12,10
"Racing",2017,"Playoff","National Treasures","Dual Tire Signatures Holo Gold","Kevin Harvick","Jimmy John's | Stewart-Haas Racing | Ford","Driver",13,10
"Racing",2017,"Playoff","National Treasures","Dual Tire Signatures Holo Gold","Matt Kenseth","DeWalt | Joe Gibbs Racing | Toyota","Driver",14,10
"Racing",2017,"Playoff","National Treasures","Dual Tire Signatures Holo Gold","Kyle Busch","M&M's | Joe Gibbs Racing | Toyota","Driver",15,10
"Racing",2017,"Playoff","National Treasures","Dual Tire Signatures Holo Gold","Tony Stewart","Mobil 1 | Stewart-Haas Racing | Chevrolet","Driver",16,10
"Racing",2017,"Playoff","National Treasures","Dual Tire Signatures Holo Silver","Denny Hamlin","FedEx Express | Joe Gibbs Racing | Toyota","Driver",2,20
"Racing",2017,"Playoff","National Treasures","Dual Tire Signatures Holo Silver","Mark Martin","Folgers | Roush Racing | Ford","Driver",3,20
"Racing",2017,"Playoff","National Treasures","Dual Tire Signatures Holo Silver","Jamie McMurray","McDonald's | Chip Ganassi Racing | Chevrolet","Driver",6,20
"Racing",2017,"Playoff","National Treasures","Dual Tire Signatures Holo Silver","Kurt Busch","Haas Automation | Stewart-Haas Racing | Ford","Driver",7,20
"Racing",2017,"Playoff","National Treasures","Dual Tire Signatures Holo Silver","William Byron","Liberty University | JR Motorsports | Chevrolet","Driver",9,20
"Racing",2017,"Playoff","National Treasures","Dual Tire Signatures Holo Silver","Brad Keselowski","Miller Lite | Team Penske | Ford","Driver",10,20
"Racing",2017,"Playoff","National Treasures","Dual Tire Signatures Holo Silver","Martin Truex Jr.","Furniture Row-Denver Mattress | Furniture Row Racing | Toyota","Driver",11,20
"Racing",2017,"Playoff","National Treasures","Dual Tire Signatures Holo Silver","Carl Edwards","Aflac | Roush Fenway Racing | Ford","Driver",12,20
"Racing",2017,"Playoff","National Treasures","Dual Tire Signatures Holo Silver","Kevin Harvick","Jimmy John's | Stewart-Haas Racing | Ford","Driver",13,20
"Racing",2017,"Playoff","National Treasures","Dual Tire Signatures Holo Silver","Matt Kenseth","DeWalt | Joe Gibbs Racing | Toyota","Driver",14,20
"Racing",2017,"Playoff","National Treasures","Dual Tire Signatures Holo Silver","Kyle Busch","M&M's | Joe Gibbs Racing | Toyota","Driver",15,20
"Racing",2017,"Playoff","National Treasures","Dual Tire Signatures Holo Silver","Tony Stewart","Mobil 1 | Stewart-Haas Racing | Chevrolet","Driver",16,20
"Racing",2017,"Playoff","National Treasures","Dual Tire Signatures Printing Plates Black","Dale Earnhardt Jr","Nationwide | Hendrick Motorsports | Chevrolet","Driver",1,1
"Racing",2017,"Playoff","National Treasures","Dual Tire Signatures Printing Plates Black","Denny Hamlin","FedEx Express | Joe Gibbs Racing | Toyota","Driver",2,1
"Racing",2017,"Playoff","National Treasures","Dual Tire Signatures Printing Plates Black","Mark Martin","Folgers | Roush Racing | Ford","Driver",3,1
"Racing",2017,"Playoff","National Treasures","Dual Tire Signatures Printing Plates Black","Danica Patrick","Aspen Dental | Stewart-Haas Racing | Ford","Driver",4,1
"Racing",2017,"Playoff","National Treasures","Dual Tire Signatures Printing Plates Black","Austin Dillon","Dow Chemical | Richard Childress Racing | Chevrolet","Driver",5,1
"Racing",2017,"Playoff","National Treasures","Dual Tire Signatures Printing Plates Black","Jamie McMurray","McDonald's | Chip Ganassi Racing | Chevrolet","Driver",6,1
"Racing",2017,"Playoff","National Treasures","Dual Tire Signatures Printing Plates Black","Kurt Busch","Haas Automation | Stewart-Haas Racing | Ford","Driver",7,1
"Racing",2017,"Playoff","National Treasures","Dual Tire Signatures Printing Plates Black","Richard Petty","STP | Petty Enterprises | Plymouth","Driver",8,1
"Racing",2017,"Playoff","National Treasures","Dual Tire Signatures Printing Plates Black","William Byron","Liberty University | JR Motorsports | Chevrolet","Driver",9,1
"Racing",2017,"Playoff","National Treasures","Dual Tire Signatures Printing Plates Black","Brad Keselowski","Miller Lite | Team Penske | Ford","Driver",10,1
"Racing",2017,"Playoff","National Treasures","Dual Tire Signatures Printing Plates Black","Martin Truex Jr.","Furniture Row-Denver Mattress | Furniture Row Racing | Toyota","Driver",11,1
"Racing",2017,"Playoff","National Treasures","Dual Tire Signatures Printing Plates Black","Carl Edwards","Aflac | Roush Fenway Racing | Ford","Driver",12,1
"Racing",2017,"Playoff","National Treasures","Dual Tire Signatures Printing Plates Black","Kevin Harvick","Jimmy John's | Stewart-Haas Racing | Ford","Driver",13,1
"Racing",2017,"Playoff","National Treasures","Dual Tire Signatures Printing Plates Black","Matt Kenseth","DeWalt | Joe Gibbs Racing | Toyota","Driver",14,1
"Racing",2017,"Playoff","National Treasures","Dual Tire Signatures Printing Plates Black","Kyle Busch","M&M's | Joe Gibbs Racing | Toyota","Driver",15,1
"Racing",2017,"Playoff","National Treasures","Dual Tire Signatures Printing Plates Black","Tony Stewart","Mobil 1 | Stewart-Haas Racing | Chevrolet","Driver",16,1
"Racing",2017,"Playoff","National Treasures","Dual Tire Signatures Printing Plates Cyan","Dale Earnhardt Jr","Nationwide | Hendrick Motorsports | Chevrolet","Driver",1,1
"Racing",2017,"Playoff","National Treasures","Dual Tire Signatures Printing Plates Cyan","Denny Hamlin","FedEx Express | Joe Gibbs Racing | Toyota","Driver",2,1
"Racing",2017,"Playoff","National Treasures","Dual Tire Signatures Printing Plates Cyan","Mark Martin","Folgers | Roush Racing | Ford","Driver",3,1
"Racing",2017,"Playoff","National Treasures","Dual Tire Signatures Printing Plates Cyan","Danica Patrick","Aspen Dental | Stewart-Haas Racing | Ford","Driver",4,1
"Racing",2017,"Playoff","National Treasures","Dual Tire Signatures Printing Plates Cyan","Austin Dillon","Dow Chemical | Richard Childress Racing | Chevrolet","Driver",5,1
"Racing",2017,"Playoff","National Treasures","Dual Tire Signatures Printing Plates Cyan","Jamie McMurray","McDonald's | Chip Ganassi Racing | Chevrolet","Driver",6,1
"Racing",2017,"Playoff","National Treasures","Dual Tire Signatures Printing Plates Cyan","Kurt Busch","Haas Automation | Stewart-Haas Racing | Ford","Driver",7,1
"Racing",2017,"Playoff","National Treasures","Dual Tire Signatures Printing Plates Cyan","Richard Petty","STP | Petty Enterprises | Plymouth","Driver",8,1
"Racing",2017,"Playoff","National Treasures","Dual Tire Signatures Printing Plates Cyan","William Byron","Liberty University | JR Motorsports | Chevrolet","Driver",9,1
"Racing",2017,"Playoff","National Treasures","Dual Tire Signatures Printing Plates Cyan","Brad Keselowski","Miller Lite | Team Penske | Ford","Driver",10,1
"Racing",2017,"Playoff","National Treasures","Dual Tire Signatures Printing Plates Cyan","Martin Truex Jr.","Furniture Row-Denver Mattress | Furniture Row Racing | Toyota","Driver",11,1
"Racing",2017,"Playoff","National Treasures","Dual Tire Signatures Printing Plates Cyan","Carl Edwards","Aflac | Roush Fenway Racing | Ford","Driver",12,1
"Racing",2017,"Playoff","National Treasures","Dual Tire Signatures Printing Plates Cyan","Kevin Harvick","Jimmy John's | Stewart-Haas Racing | Ford","Driver",13,1
"Racing",2017,"Playoff","National Treasures","Dual Tire Signatures Printing Plates Cyan","Matt Kenseth","DeWalt | Joe Gibbs Racing | Toyota","Driver",14,1
"Racing",2017,"Playoff","National Treasures","Dual Tire Signatures Printing Plates Cyan","Kyle Busch","M&M's | Joe Gibbs Racing | Toyota","Driver",15,1
"Racing",2017,"Playoff","National Treasures","Dual Tire Signatures Printing Plates Cyan","Tony Stewart","Mobil 1 | Stewart-Haas Racing | Chevrolet","Driver",16,1
"Racing",2017,"Playoff","National Treasures","Dual Tire Signatures Printing Plates Magenta","Dale Earnhardt Jr","Nationwide | Hendrick Motorsports | Chevrolet","Driver",1,1
"Racing",2017,"Playoff","National Treasures","Dual Tire Signatures Printing Plates Magenta","Denny Hamlin","FedEx Express | Joe Gibbs Racing | Toyota","Driver",2,1
"Racing",2017,"Playoff","National Treasures","Dual Tire Signatures Printing Plates Magenta","Mark Martin","Folgers | Roush Racing | Ford","Driver",3,1
"Racing",2017,"Playoff","National Treasures","Dual Tire Signatures Printing Plates Magenta","Danica Patrick","Aspen Dental | Stewart-Haas Racing | Ford","Driver",4,1
"Racing",2017,"Playoff","National Treasures","Dual Tire Signatures Printing Plates Magenta","Austin Dillon","Dow Chemical | Richard Childress Racing | Chevrolet","Driver",5,1
"Racing",2017,"Playoff","National Treasures","Dual Tire Signatures Printing Plates Magenta","Jamie McMurray","McDonald's | Chip Ganassi Racing | Chevrolet","Driver",6,1
"Racing",2017,"Playoff","National Treasures","Dual Tire Signatures Printing Plates Magenta","Kurt Busch","Haas Automation | Stewart-Haas Racing | Ford","Driver",7,1
"Racing",2017,"Playoff","National Treasures","Dual Tire Signatures Printing Plates Magenta","Richard Petty","STP | Petty Enterprises | Plymouth","Driver",8,1
"Racing",2017,"Playoff","National Treasures","Dual Tire Signatures Printing Plates Magenta","William Byron","Liberty University | JR Motorsports | Chevrolet","Driver",9,1
"Racing",2017,"Playoff","National Treasures","Dual Tire Signatures Printing Plates Magenta","Brad Keselowski","Miller Lite | Team Penske | Ford","Driver",10,1
"Racing",2017,"Playoff","National Treasures","Dual Tire Signatures Printing Plates Magenta","Martin Truex Jr.","Furniture Row-Denver Mattress | Furniture Row Racing | Toyota","Driver",11,1
"Racing",2017,"Playoff","National Treasures","Dual Tire Signatures Printing Plates Magenta","Carl Edwards","Aflac | Roush Fenway Racing | Ford","Driver",12,1
"Racing",2017,"Playoff","National Treasures","Dual Tire Signatures Printing Plates Magenta","Kevin Harvick","Jimmy John's | Stewart-Haas Racing | Ford","Driver",13,1
"Racing",2017,"Playoff","National Treasures","Dual Tire Signatures Printing Plates Magenta","Matt Kenseth","DeWalt | Joe Gibbs Racing | Toyota","Driver",14,1
"Racing",2017,"Playoff","National Treasures","Dual Tire Signatures Printing Plates Magenta","Kyle Busch","M&M's | Joe Gibbs Racing | Toyota","Driver",15,1
"Racing",2017,"Playoff","National Treasures","Dual Tire Signatures Printing Plates Magenta","Tony Stewart","Mobil 1 | Stewart-Haas Racing | Chevrolet","Driver",16,1
"Racing",2017,"Playoff","National Treasures","Dual Tire Signatures Printing Plates Yellow","Dale Earnhardt Jr","Nationwide | Hendrick Motorsports | Chevrolet","Driver",1,1
"Racing",2017,"Playoff","National Treasures","Dual Tire Signatures Printing Plates Yellow","Denny Hamlin","FedEx Express | Joe Gibbs Racing | Toyota","Driver",2,1
"Racing",2017,"Playoff","National Treasures","Dual Tire Signatures Printing Plates Yellow","Mark Martin","Folgers | Roush Racing | Ford","Driver",3,1
"Racing",2017,"Playoff","National Treasures","Dual Tire Signatures Printing Plates Yellow","Danica Patrick","Aspen Dental | Stewart-Haas Racing | Ford","Driver",4,1
"Racing",2017,"Playoff","National Treasures","Dual Tire Signatures Printing Plates Yellow","Austin Dillon","Dow Chemical | Richard Childress Racing | Chevrolet","Driver",5,1
"Racing",2017,"Playoff","National Treasures","Dual Tire Signatures Printing Plates Yellow","Jamie McMurray","McDonald's | Chip Ganassi Racing | Chevrolet","Driver",6,1
"Racing",2017,"Playoff","National Treasures","Dual Tire Signatures Printing Plates Yellow","Kurt Busch","Haas Automation | Stewart-Haas Racing | Ford","Driver",7,1
"Racing",2017,"Playoff","National Treasures","Dual Tire Signatures Printing Plates Yellow","Richard Petty","STP | Petty Enterprises | Plymouth","Driver",8,1
"Racing",2017,"Playoff","National Treasures","Dual Tire Signatures Printing Plates Yellow","William Byron","Liberty University | JR Motorsports | Chevrolet","Driver",9,1
"Racing",2017,"Playoff","National Treasures","Dual Tire Signatures Printing Plates Yellow","Brad Keselowski","Miller Lite | Team Penske | Ford","Driver",10,1
"Racing",2017,"Playoff","National Treasures","Dual Tire Signatures Printing Plates Yellow","Martin Truex Jr.","Furniture Row-Denver Mattress | Furniture Row Racing | Toyota","Driver",11,1
"Racing",2017,"Playoff","National Treasures","Dual Tire Signatures Printing Plates Yellow","Carl Edwards","Aflac | Roush Fenway Racing | Ford","Driver",12,1
"Racing",2017,"Playoff","National Treasures","Dual Tire Signatures Printing Plates Yellow","Kevin Harvick","Jimmy John's | Stewart-Haas Racing | Ford","Driver",13,1
"Racing",2017,"Playoff","National Treasures","Dual Tire Signatures Printing Plates Yellow","Matt Kenseth","DeWalt | Joe Gibbs Racing | Toyota","Driver",14,1
"Racing",2017,"Playoff","National Treasures","Dual Tire Signatures Printing Plates Yellow","Kyle Busch","M&M's | Joe Gibbs Racing | Toyota","Driver",15,1
"Racing",2017,"Playoff","National Treasures","Dual Tire Signatures Printing Plates Yellow","Tony Stewart","Mobil 1 | Stewart-Haas Racing | Chevrolet","Driver",16,1
"Racing",2017,"Playoff","National Treasures","Hats Off","AJ Allmendinger","Kroger | JTG Daugherty Racing | Chevrolet","Driver",1,13
"Racing",2017,"Playoff","National Treasures","Hats Off","Kurt Busch","Haas Automation | Stewart-Haas Racing | Ford","Driver",2,13
"Racing",2017,"Playoff","National Treasures","Hats Off","Jamie McMurray","McDonald's | Chip Ganassi Racing | Chevrolet","Driver",3,14
"Racing",2017,"Playoff","National Treasures","Hats Off","Jamie McMurray","Cessna | Chip Ganassi Racing | Chevrolet","Driver",4,14
"Racing",2017,"Playoff","National Treasures","Hats Off","Aric Almirola","Smithfield Foods | Richard Petty Motorsports | Ford","Driver",5,13
"Racing",2017,"Playoff","National Treasures","Hats Off","Ryan Newman","Caterpillar | Richard Childress Racing | Chevrolet","Driver",6,13
"Racing",2017,"Playoff","National Treasures","Hats Off","Michael McDowell","Thrivent Financial | Circle Sport-Leavine Family Racing | Chevrolet","Driver",7,13
"Racing",2017,"Playoff","National Treasures","Hats Off","Kyle Busch","Snickers | Joe Gibbs Racing | Toyota","Driver",8,14
"Racing",2017,"Playoff","National Treasures","Hats Off","Kyle Busch","M&M's | Joe Gibbs Racing | Toyota","Driver",9,15
"Racing",2017,"Playoff","National Treasures","Hats Off","Kyle Busch","Interstate Batteries | Joe Gibbs Racing | Toyota","Driver",10,13
"Racing",2017,"Playoff","National Treasures","Hats Off","Kevin Harvick","Jimmy John's | Stewart-Haas Racing | Ford","Driver",11,16
"Racing",2017,"Playoff","National Treasures","Hats Off","Kevin Harvick","Mobil 1 | Stewart-Haas Racing | Ford","Driver",12,13
"Racing",2017,"Playoff","National Treasures","Hats Off","Jimmie Johnson","Lowe's | Hendrick Motorsports | Chevrolet","Driver",13,13
"Racing",2017,"Playoff","National Treasures","Hats Off","Jimmie Johnson","Kobalt Tools | Hendrick Motorsports | Chevrolet","Driver",14,12
"Racing",2017,"Playoff","National Treasures","Hats Off","Chase Elliott","NAPA Auto Parts | Hendrick Motorsports | Chevrolet","Driver",15,13
"Racing",2017,"Playoff","National Treasures","Hats Off","Erik Jones","5-Hour Energy | Furniture Row Racing | Toyota","Driver",16,13
"Racing",2017,"Playoff","National Treasures","Hats Off","Martin Truex Jr.","Furniture Row-Denver Mattress | Furniture Row Racing | Toyota","Driver",17,16
"Racing",2017,"Playoff","National Treasures","Hats Off","Martin Truex Jr.","Bass Pro Shops-TRACKER Boats | Furniture Row Racing | Toyota","Driver",18,16
"Racing",2017,"Playoff","National Treasures","Hats Off","Matt Kenseth","DeWalt | Joe Gibbs Racing | Toyota","Driver",19,14
"Racing",2017,"Playoff","National Treasures","Hats Off","Paul Menard","Menards | Richard Childress Racing | Chevrolet","Driver",20,13
"Racing",2017,"Playoff","National Treasures","Hats Off","Daniel Suarez","ARRIS | Joe Gibbs Racing | Toyota","Driver",21,14
"Racing",2017,"Playoff","National Treasures","Hats Off","Denny Hamlin","FedEx Office | Joe Gibbs Racing | Toyota","Driver",22,14
"Racing",2017,"Playoff","National Treasures","Hats Off","Denny Hamlin","FedEx Express | Joe Gibbs Racing | Toyota","Driver",23,14
"Racing",2017,"Playoff","National Treasures","Hats Off","Ryan Blaney","Motorcraft | Wood Brothers Racing | Ford","Driver",24,13
"Racing",2017,"Playoff","National Treasures","Hats Off","Austin Dillon","Dow Chemical | Richard Childress Racing | Chevrolet","Driver",25,13
"Racing",2017,"Playoff","National Treasures","Hats Off","Kyle Larson","Target | Chip Ganassi Racing | Chevrolet","Driver",26,13
"Racing",2017,"Playoff","National Treasures","Hats Off","Joey Logano","Shell-Pennzoil | Team Penske | Ford","Driver",27,14
"Racing",2017,"Playoff","National Treasures","Hats Off","Joey Logano","Pennzoil | Team Penske | Ford","Driver",28,14
"Racing",2017,"Playoff","National Treasures","Hats Off","Dale Earnhardt Jr","Nationwide | Hendrick Motorsports | Chevrolet","Driver",29,13
"Racing",2017,"Playoff","National Treasures","Hats Off","Dale Earnhardt Jr","AXALTA | Hendrick Motorsports | Chevrolet","Driver",30,13
"Racing",2017,"Playoff","National Treasures","Hats Off","Kasey Kahne","Farmers Insurance | Hendrick Motorsports | Chevrolet","Driver",31,13
"Racing",2017,"Playoff","National Treasures","Hats Off Gold","AJ Allmendinger","Kroger | JTG Daugherty Racing | Chevrolet","Driver",1,2
"Racing",2017,"Playoff","National Treasures","Hats Off Gold","Kurt Busch","Haas Automation | Stewart-Haas Racing | Ford","Driver",2,2
"Racing",2017,"Playoff","National Treasures","Hats Off Gold","Jamie McMurray","McDonald's | Chip Ganassi Racing | Chevrolet","Driver",3,2
"Racing",2017,"Playoff","National Treasures","Hats Off Gold","Jamie McMurray","Cessna | Chip Ganassi Racing | Chevrolet","Driver",4,2
"Racing",2017,"Playoff","National Treasures","Hats Off Gold","Aric Almirola","Smithfield Foods | Richard Petty Motorsports | Ford","Driver",5,2
"Racing",2017,"Playoff","National Treasures","Hats Off Gold","Ryan Newman","Caterpillar | Richard Childress Racing | Chevrolet","Driver",6,2
"Racing",2017,"Playoff","National Treasures","Hats Off Gold","Michael McDowell","Thrivent Financial | Circle Sport-Leavine Family Racing | Chevrolet","Driver",7,2
"Racing",2017,"Playoff","National Treasures","Hats Off Gold","Kyle Busch","Snickers | Joe Gibbs Racing | Toyota","Driver",8,1
"Racing",2017,"Playoff","National Treasures","Hats Off Gold","Kyle Busch","M&M's | Joe Gibbs Racing | Toyota","Driver",9,4
"Racing",2017,"Playoff","National Treasures","Hats Off Gold","Kyle Busch","Interstate Batteries | Joe Gibbs Racing | Toyota","Driver",10,1
"Racing",2017,"Playoff","National Treasures","Hats Off Gold","Kevin Harvick","Jimmy John's | Stewart-Haas Racing | Ford","Driver",11,2
"Racing",2017,"Playoff","National Treasures","Hats Off Gold","Kevin Harvick","Mobil 1 | Stewart-Haas Racing | Ford","Driver",12,2
"Racing",2017,"Playoff","National Treasures","Hats Off Gold","Jimmie Johnson","Lowe's | Hendrick Motorsports | Chevrolet","Driver",13,4
"Racing",2017,"Playoff","National Treasures","Hats Off Gold","Jimmie Johnson","Kobalt Tools | Hendrick Motorsports | Chevrolet","Driver",14,4
"Racing",2017,"Playoff","National Treasures","Hats Off Gold","Chase Elliott","NAPA Auto Parts | Hendrick Motorsports | Chevrolet","Driver",15,2
"Racing",2017,"Playoff","National Treasures","Hats Off Gold","Erik Jones","5-Hour Energy | Furniture Row Racing | Toyota","Driver",16,2
"Racing",2017,"Playoff","National Treasures","Hats Off Gold","Martin Truex Jr.","Furniture Row-Denver Mattress | Furniture Row Racing | Toyota","Driver",17,5
"Racing",2017,"Playoff","National Treasures","Hats Off Gold","Martin Truex Jr.","Bass Pro Shops-TRACKER Boats | Furniture Row Racing | Toyota","Driver",18,6
"Racing",2017,"Playoff","National Treasures","Hats Off Gold","Matt Kenseth","DeWalt | Joe Gibbs Racing | Toyota","Driver",19,1
"Racing",2017,"Playoff","National Treasures","Hats Off Gold","Paul Menard","Menards | Richard Childress Racing | Chevrolet","Driver",20,2
"Racing",2017,"Playoff","National Treasures","Hats Off Gold","Daniel Suarez","ARRIS | Joe Gibbs Racing | Toyota","Driver",21,1
"Racing",2017,"Playoff","National Treasures","Hats Off Gold","Denny Hamlin","FedEx Office | Joe Gibbs Racing | Toyota","Driver",22,4
"Racing",2017,"Playoff","National Treasures","Hats Off Gold","Denny Hamlin","FedEx Express | Joe Gibbs Racing | Toyota","Driver",23,2
"Racing",2017,"Playoff","National Treasures","Hats Off Gold","Ryan Blaney","Motorcraft | Wood Brothers Racing | Ford","Driver",24,2
"Racing",2017,"Playoff","National Treasures","Hats Off Gold","Austin Dillon","Dow Chemical | Richard Childress Racing | Chevrolet","Driver",25,2
"Racing",2017,"Playoff","National Treasures","Hats Off Gold","Kyle Larson","Target | Chip Ganassi Racing | Chevrolet","Driver",26,2
"Racing",2017,"Playoff","National Treasures","Hats Off Gold","Joey Logano","Shell-Pennzoil | Team Penske | Ford","Driver",27,4
"Racing",2017,"Playoff","National Treasures","Hats Off Gold","Joey Logano","Pennzoil | Team Penske | Ford","Driver",28,4
"Racing",2017,"Playoff","National Treasures","Hats Off Gold","Dale Earnhardt Jr","Nationwide | Hendrick Motorsports | Chevrolet","Driver",29,2
"Racing",2017,"Playoff","National Treasures","Hats Off Gold","Dale Earnhardt Jr","AXALTA | Hendrick Motorsports | Chevrolet","Driver",30,2
"Racing",2017,"Playoff","National Treasures","Hats Off Gold","Kasey Kahne","Farmers Insurance | Hendrick Motorsports | Chevrolet","Driver",31,2
"Racing",2017,"Playoff","National Treasures","Hats Off Holo Gold","AJ Allmendinger","Kroger | JTG Daugherty Racing | Chevrolet","Driver",1,5
"Racing",2017,"Playoff","National Treasures","Hats Off Holo Gold","Kurt Busch","Haas Automation | Stewart-Haas Racing | Ford","Driver",2,5
"Racing",2017,"Playoff","National Treasures","Hats Off Holo Gold","Jamie McMurray","McDonald's | Chip Ganassi Racing | Chevrolet","Driver",3,5
"Racing",2017,"Playoff","National Treasures","Hats Off Holo Gold","Jamie McMurray","Cessna | Chip Ganassi Racing | Chevrolet","Driver",4,5
"Racing",2017,"Playoff","National Treasures","Hats Off Holo Gold","Aric Almirola","Smithfield Foods | Richard Petty Motorsports | Ford","Driver",5,5
"Racing",2017,"Playoff","National Treasures","Hats Off Holo Gold","Ryan Newman","Caterpillar | Richard Childress Racing | Chevrolet","Driver",6,5
"Racing",2017,"Playoff","National Treasures","Hats Off Holo Gold","Michael McDowell","Thrivent Financial | Circle Sport-Leavine Family Racing | Chevrolet","Driver",7,5
"Racing",2017,"Playoff","National Treasures","Hats Off Holo Gold","Kyle Busch","Snickers | Joe Gibbs Racing | Toyota","Driver",8,5
"Racing",2017,"Playoff","National Treasures","Hats Off Holo Gold","Kyle Busch","M&M's | Joe Gibbs Racing | Toyota","Driver",9,5
"Racing",2017,"Playoff","National Treasures","Hats Off Holo Gold","Kyle Busch","Interstate Batteries | Joe Gibbs Racing | Toyota","Driver",10,5
"Racing",2017,"Playoff","National Treasures","Hats Off Holo Gold","Kevin Harvick","Jimmy John's | Stewart-Haas Racing | Ford","Driver",11,5
"Racing",2017,"Playoff","National Treasures","Hats Off Holo Gold","Kevin Harvick","Mobil 1 | Stewart-Haas Racing | Ford","Driver",12,5
"Racing",2017,"Playoff","National Treasures","Hats Off Holo Gold","Jimmie Johnson","Lowe's | Hendrick Motorsports | Chevrolet","Driver",13,5
"Racing",2017,"Playoff","National Treasures","Hats Off Holo Gold","Jimmie Johnson","Kobalt Tools | Hendrick Motorsports | Chevrolet","Driver",14,5
"Racing",2017,"Playoff","National Treasures","Hats Off Holo Gold","Chase Elliott","NAPA Auto Parts | Hendrick Motorsports | Chevrolet","Driver",15,5
"Racing",2017,"Playoff","National Treasures","Hats Off Holo Gold","Erik Jones","5-Hour Energy | Furniture Row Racing | Toyota","Driver",16,5
"Racing",2017,"Playoff","National Treasures","Hats Off Holo Gold","Martin Truex Jr.","Furniture Row-Denver Mattress | Furniture Row Racing | Toyota","Driver",17,5
"Racing",2017,"Playoff","National Treasures","Hats Off Holo Gold","Martin Truex Jr.","Bass Pro Shops-TRACKER Boats | Furniture Row Racing | Toyota","Driver",18,5
"Racing",2017,"Playoff","National Treasures","Hats Off Holo Gold","Matt Kenseth","DeWalt | Joe Gibbs Racing | Toyota","Driver",19,5
"Racing",2017,"Playoff","National Treasures","Hats Off Holo Gold","Paul Menard","Menards | Richard Childress Racing | Chevrolet","Driver",20,5
"Racing",2017,"Playoff","National Treasures","Hats Off Holo Gold","Daniel Suarez","ARRIS | Joe Gibbs Racing | Toyota","Driver",21,5
"Racing",2017,"Playoff","National Treasures","Hats Off Holo Gold","Denny Hamlin","FedEx Office | Joe Gibbs Racing | Toyota","Driver",22,5
"Racing",2017,"Playoff","National Treasures","Hats Off Holo Gold","Denny Hamlin","FedEx Express | Joe Gibbs Racing | Toyota","Driver",23,5
"Racing",2017,"Playoff","National Treasures","Hats Off Holo Gold","Ryan Blaney","Motorcraft | Wood Brothers Racing | Ford","Driver",24,5
"Racing",2017,"Playoff","National Treasures","Hats Off Holo Gold","Austin Dillon","Dow Chemical | Richard Childress Racing | Chevrolet","Driver",25,5
"Racing",2017,"Playoff","National Treasures","Hats Off Holo Gold","Kyle Larson","Target | Chip Ganassi Racing | Chevrolet","Driver",26,5
"Racing",2017,"Playoff","National Treasures","Hats Off Holo Gold","Joey Logano","Shell-Pennzoil | Team Penske | Ford","Driver",27,5
"Racing",2017,"Playoff","National Treasures","Hats Off Holo Gold","Joey Logano","Pennzoil | Team Penske | Ford","Driver",28,5
"Racing",2017,"Playoff","National Treasures","Hats Off Holo Gold","Dale Earnhardt Jr","Nationwide | Hendrick Motorsports | Chevrolet","Driver",29,5
"Racing",2017,"Playoff","National Treasures","Hats Off Holo Gold","Dale Earnhardt Jr","AXALTA | Hendrick Motorsports | Chevrolet","Driver",30,5
"Racing",2017,"Playoff","National Treasures","Hats Off Holo Gold","Kasey Kahne","Farmers Insurance | Hendrick Motorsports | Chevrolet","Driver",31,5
"Racing",2017,"Playoff","National Treasures","Hats Off Holo Silver","AJ Allmendinger","Kroger | JTG Daugherty Racing | Chevrolet","Driver",1,1
"Racing",2017,"Playoff","National Treasures","Hats Off Holo Silver","Kurt Busch","Haas Automation | Stewart-Haas Racing | Ford","Driver",2,1
"Racing",2017,"Playoff","National Treasures","Hats Off Holo Silver","Jamie McMurray","McDonald's | Chip Ganassi Racing | Chevrolet","Driver",3,1
"Racing",2017,"Playoff","National Treasures","Hats Off Holo Silver","Jamie McMurray","Cessna | Chip Ganassi Racing | Chevrolet","Driver",4,1
"Racing",2017,"Playoff","National Treasures","Hats Off Holo Silver","Aric Almirola","Smithfield Foods | Richard Petty Motorsports | Ford","Driver",5,1
"Racing",2017,"Playoff","National Treasures","Hats Off Holo Silver","Michael McDowell","Thrivent Financial | Circle Sport-Leavine Family Racing | Chevrolet","Driver",7,1
"Racing",2017,"Playoff","National Treasures","Hats Off Holo Silver","Kyle Busch","Snickers | Joe Gibbs Racing | Toyota","Driver",8,1
"Racing",2017,"Playoff","National Treasures","Hats Off Holo Silver","Kyle Busch","M&M's | Joe Gibbs Racing | Toyota","Driver",9,1
"Racing",2017,"Playoff","National Treasures","Hats Off Holo Silver","Kyle Busch","Interstate Batteries | Joe Gibbs Racing | Toyota","Driver",10,1
"Racing",2017,"Playoff","National Treasures","Hats Off Holo Silver","Kevin Harvick","Jimmy John's | Stewart-Haas Racing | Ford","Driver",11,1
"Racing",2017,"Playoff","National Treasures","Hats Off Holo Silver","Kevin Harvick","Mobil 1 | Stewart-Haas Racing | Ford","Driver",12,1
"Racing",2017,"Playoff","National Treasures","Hats Off Holo Silver","Jimmie Johnson","Lowe's | Hendrick Motorsports | Chevrolet","Driver",13,1
"Racing",2017,"Playoff","National Treasures","Hats Off Holo Silver","Jimmie Johnson","Kobalt Tools | Hendrick Motorsports | Chevrolet","Driver",14,1
"Racing",2017,"Playoff","National Treasures","Hats Off Holo Silver","Chase Elliott","NAPA Auto Parts | Hendrick Motorsports | Chevrolet","Driver",15,1
"Racing",2017,"Playoff","National Treasures","Hats Off Holo Silver","Erik Jones","5-Hour Energy | Furniture Row Racing | Toyota","Driver",16,1
"Racing",2017,"Playoff","National Treasures","Hats Off Holo Silver","Martin Truex Jr.","Furniture Row-Denver Mattress | Furniture Row Racing | Toyota","Driver",17,1
"Racing",2017,"Playoff","National Treasures","Hats Off Holo Silver","Martin Truex Jr.","Bass Pro Shops-TRACKER Boats | Furniture Row Racing | Toyota","Driver",18,1
"Racing",2017,"Playoff","National Treasures","Hats Off Holo Silver","Matt Kenseth","DeWalt | Joe Gibbs Racing | Toyota","Driver",19,1
"Racing",2017,"Playoff","National Treasures","Hats Off Holo Silver","Paul Menard","Menards | Richard Childress Racing | Chevrolet","Driver",20,1
"Racing",2017,"Playoff","National Treasures","Hats Off Holo Silver","Daniel Suarez","ARRIS | Joe Gibbs Racing | Toyota","Driver",21,1
"Racing",2017,"Playoff","National Treasures","Hats Off Holo Silver","Denny Hamlin","FedEx Office | Joe Gibbs Racing | Toyota","Driver",22,1
"Racing",2017,"Playoff","National Treasures","Hats Off Holo Silver","Denny Hamlin","FedEx Express | Joe Gibbs Racing | Toyota","Driver",23,1
"Racing",2017,"Playoff","National Treasures","Hats Off Holo Silver","Ryan Blaney","Motorcraft | Wood Brothers Racing | Ford","Driver",24,1
"Racing",2017,"Playoff","National Treasures","Hats Off Holo Silver","Austin Dillon","Dow Chemical | Richard Childress Racing | Chevrolet","Driver",25,1
"Racing",2017,"Playoff","National Treasures","Hats Off Holo Silver","Kyle Larson","Target | Chip Ganassi Racing | Chevrolet","Driver",26,1
"Racing",2017,"Playoff","National Treasures","Hats Off Holo Silver","Joey Logano","Shell-Pennzoil | Team Penske | Ford","Driver",27,1
"Racing",2017,"Playoff","National Treasures","Hats Off Holo Silver","Joey Logano","Pennzoil | Team Penske | Ford","Driver",28,1
"Racing",2017,"Playoff","National Treasures","Hats Off Holo Silver","Dale Earnhardt Jr","Nationwide | Hendrick Motorsports | Chevrolet","Driver",29,1
"Racing",2017,"Playoff","National Treasures","Hats Off Holo Silver","Dale Earnhardt Jr","AXALTA | Hendrick Motorsports | Chevrolet","Driver",30,1
"Racing",2017,"Playoff","National Treasures","Hats Off Holo Silver","Kasey Kahne","Farmers Insurance | Hendrick Motorsports | Chevrolet","Driver",31,1
"Racing",2017,"Playoff","National Treasures","Hats Off Laundry Tags","AJ Allmendinger","Kroger | JTG Daugherty Racing | Chevrolet","Driver",1,6
"Racing",2017,"Playoff","National Treasures","Hats Off Laundry Tags","Kurt Busch","Haas Automation | Stewart-Haas Racing | Ford","Driver",2,6
"Racing",2017,"Playoff","National Treasures","Hats Off Laundry Tags","Jamie McMurray","McDonald's | Chip Ganassi Racing | Chevrolet","Driver",3,6
"Racing",2017,"Playoff","National Treasures","Hats Off Laundry Tags","Jamie McMurray","Cessna | Chip Ganassi Racing | Chevrolet","Driver",4,6
"Racing",2017,"Playoff","National Treasures","Hats Off Laundry Tags","Aric Almirola","Smithfield Foods | Richard Petty Motorsports | Ford","Driver",5,6
"Racing",2017,"Playoff","National Treasures","Hats Off Laundry Tags","Ryan Newman","Caterpillar | Richard Childress Racing | Chevrolet","Driver",6,6
"Racing",2017,"Playoff","National Treasures","Hats Off Laundry Tags","Michael McDowell","Thrivent Financial | Circle Sport-Leavine Family Racing | Chevrolet","Driver",7,6
"Racing",2017,"Playoff","National Treasures","Hats Off Laundry Tags","Kyle Busch","Snickers | Joe Gibbs Racing | Toyota","Driver",8,6
"Racing",2017,"Playoff","National Treasures","Hats Off Laundry Tags","Kyle Busch","M&M's | Joe Gibbs Racing | Toyota","Driver",9,6
"Racing",2017,"Playoff","National Treasures","Hats Off Laundry Tags","Kyle Busch","Interstate Batteries | Joe Gibbs Racing | Toyota","Driver",10,6
"Racing",2017,"Playoff","National Treasures","Hats Off Laundry Tags","Kevin Harvick","Jimmy John's | Stewart-Haas Racing | Ford","Driver",11,6
"Racing",2017,"Playoff","National Treasures","Hats Off Laundry Tags","Kevin Harvick","Mobil 1 | Stewart-Haas Racing | Ford","Driver",12,6
"Racing",2017,"Playoff","National Treasures","Hats Off Laundry Tags","Jimmie Johnson","Lowe's | Hendrick Motorsports | Chevrolet","Driver",13,6
"Racing",2017,"Playoff","National Treasures","Hats Off Laundry Tags","Jimmie Johnson","Kobalt Tools | Hendrick Motorsports | Chevrolet","Driver",14,6
"Racing",2017,"Playoff","National Treasures","Hats Off Laundry Tags","Chase Elliott","NAPA Auto Parts | Hendrick Motorsports | Chevrolet","Driver",15,6
"Racing",2017,"Playoff","National Treasures","Hats Off Laundry Tags","Erik Jones","5-Hour Energy | Furniture Row Racing | Toyota","Driver",16,6
"Racing",2017,"Playoff","National Treasures","Hats Off Laundry Tags","Martin Truex Jr.","Furniture Row-Denver Mattress | Furniture Row Racing | Toyota","Driver",17,3
"Racing",2017,"Playoff","National Treasures","Hats Off Laundry Tags","Martin Truex Jr.","Bass Pro Shops-TRACKER Boats | Furniture Row Racing | Toyota","Driver",18,3
"Racing",2017,"Playoff","National Treasures","Hats Off Laundry Tags","Matt Kenseth","DeWalt | Joe Gibbs Racing | Toyota","Driver",19,6
"Racing",2017,"Playoff","National Treasures","Hats Off Laundry Tags","Paul Menard","Menards | Richard Childress Racing | Chevrolet","Driver",20,6
"Racing",2017,"Playoff","National Treasures","Hats Off Laundry Tags","Daniel Suarez","ARRIS | Joe Gibbs Racing | Toyota","Driver",21,6
"Racing",2017,"Playoff","National Treasures","Hats Off Laundry Tags","Denny Hamlin","FedEx Office | Joe Gibbs Racing | Toyota","Driver",22,6
"Racing",2017,"Playoff","National Treasures","Hats Off Laundry Tags","Denny Hamlin","FedEx Express | Joe Gibbs Racing | Toyota","Driver",23,6
"Racing",2017,"Playoff","National Treasures","Hats Off Laundry Tags","Ryan Blaney","Motorcraft | Wood Brothers Racing | Ford","Driver",24,6
"Racing",2017,"Playoff","National Treasures","Hats Off Laundry Tags","Austin Dillon","Dow Chemical | Richard Childress Racing | Chevrolet","Driver",25,6
"Racing",2017,"Playoff","National Treasures","Hats Off Laundry Tags","Kyle Larson","Target | Chip Ganassi Racing | Chevrolet","Driver",26,6
"Racing",2017,"Playoff","National Treasures","Hats Off Laundry Tags","Joey Logano","Shell-Pennzoil | Team Penske | Ford","Driver",27,6
"Racing",2017,"Playoff","National Treasures","Hats Off Laundry Tags","Joey Logano","Pennzoil | Team Penske | Ford","Driver",28,6
"Racing",2017,"Playoff","National Treasures","Hats Off Laundry Tags","Dale Earnhardt Jr","Nationwide | Hendrick Motorsports | Chevrolet","Driver",29,6
"Racing",2017,"Playoff","National Treasures","Hats Off Laundry Tags","Dale Earnhardt Jr","AXALTA | Hendrick Motorsports | Chevrolet","Driver",30,6
"Racing",2017,"Playoff","National Treasures","Hats Off Laundry Tags","Kasey Kahne","Farmers Insurance | Hendrick Motorsports | Chevrolet","Driver",31,6
"Racing",2017,"Playoff","National Treasures","Hats Off Monster Energy Cup","Kurt Busch","Haas Automation | Stewart-Haas Racing | Chevrolet","Driver",1,14
"Racing",2017,"Playoff","National Treasures","Hats Off Monster Energy Cup","Danica Patrick","Aspen Dental | Stewart-Haas Racing | Ford","Driver",2,15
"Racing",2017,"Playoff","National Treasures","Hats Off Monster Energy Cup","Jamie McMurray","Cessna | Chip Ganassi Racing | Chevrolet","Driver",3,16
"Racing",2017,"Playoff","National Treasures","Hats Off Monster Energy Cup","Kyle Busch","M&M's | Joe Gibbs Racing | Toyota","Driver",4,14
"Racing",2017,"Playoff","National Treasures","Hats Off Monster Energy Cup","Kevin Harvick","Jimmy John's | Stewart-Haas Racing | Ford","Driver",5,16
"Racing",2017,"Playoff","National Treasures","Hats Off Monster Energy Cup","Matt Kenseth","DeWalt | Joe Gibbs Racing | Toyota","Driver",8,14
"Racing",2017,"Playoff","National Treasures","Hats Off Monster Energy Cup","Paul Menard","Menards | Richard Childress Racing | Chevrolet","Driver",9,15
"Racing",2017,"Playoff","National Treasures","Hats Off Monster Energy Cup","Daniel Suarez","ARRIS | Joe Gibbs Racing | Toyota","Driver",10,15
"Racing",2017,"Playoff","National Treasures","Hats Off Monster Energy Cup","Denny Hamlin","FedEx Express | Joe Gibbs Racing | Toyota","Driver",11,14
"Racing",2017,"Playoff","National Treasures","Hats Off Monster Energy Cup","Ryan Blaney","Motorcraft | Wood Brothers Racing | Ford","Driver",12,13
"Racing",2017,"Playoff","National Treasures","Hats Off Monster Energy Cup","Austin Dillon","Dow Chemical | Richard Childress Racing | Chevrolet","Driver",13,13
"Racing",2017,"Playoff","National Treasures","Hats Off Monster Energy Cup","Kyle Larson","Target | Chip Ganassi Racing | Chevrolet","Driver",14,15
"Racing",2017,"Playoff","National Treasures","Hats Off Monster Energy Cup Gold","Kurt Busch","Haas Automation | Stewart-Haas Racing | Chevrolet","Driver",1,4
"Racing",2017,"Playoff","National Treasures","Hats Off Monster Energy Cup Gold","Danica Patrick","Aspen Dental | Stewart-Haas Racing | Ford","Driver",2,4
"Racing",2017,"Playoff","National Treasures","Hats Off Monster Energy Cup Gold","Jamie McMurray","Cessna | Chip Ganassi Racing | Chevrolet","Driver",3,4
"Racing",2017,"Playoff","National Treasures","Hats Off Monster Energy Cup Gold","Kyle Busch","M&M's | Joe Gibbs Racing | Toyota","Driver",4,4
"Racing",2017,"Playoff","National Treasures","Hats Off Monster Energy Cup Gold","Kevin Harvick","Jimmy John's | Stewart-Haas Racing | Ford","Driver",5,4
"Racing",2017,"Playoff","National Treasures","Hats Off Monster Energy Cup Gold","Matt Kenseth","DeWalt | Joe Gibbs Racing | Toyota","Driver",8,4
"Racing",2017,"Playoff","National Treasures","Hats Off Monster Energy Cup Gold","Paul Menard","Menards | Richard Childress Racing | Chevrolet","Driver",9,4
"Racing",2017,"Playoff","National Treasures","Hats Off Monster Energy Cup Gold","Daniel Suarez","ARRIS | Joe Gibbs Racing | Toyota","Driver",10,4
"Racing",2017,"Playoff","National Treasures","Hats Off Monster Energy Cup Gold","Denny Hamlin","FedEx Express | Joe Gibbs Racing | Toyota","Driver",11,4
"Racing",2017,"Playoff","National Treasures","Hats Off Monster Energy Cup Gold","Ryan Blaney","Motorcraft | Wood Brothers Racing | Ford","Driver",12,4
"Racing",2017,"Playoff","National Treasures","Hats Off Monster Energy Cup Gold","Austin Dillon","Dow Chemical | Richard Childress Racing | Chevrolet","Driver",13,4
"Racing",2017,"Playoff","National Treasures","Hats Off Monster Energy Cup Gold","Kyle Larson","Target | Chip Ganassi Racing | Chevrolet","Driver",14,4
"Racing",2017,"Playoff","National Treasures","Hats Off Monster Energy Cup Holo Gold","Kurt Busch","Haas Automation | Stewart-Haas Racing | Chevrolet","Driver",1,5
"Racing",2017,"Playoff","National Treasures","Hats Off Monster Energy Cup Holo Gold","Danica Patrick","Aspen Dental | Stewart-Haas Racing | Ford","Driver",2,5
"Racing",2017,"Playoff","National Treasures","Hats Off Monster Energy Cup Holo Gold","Jamie McMurray","Cessna | Chip Ganassi Racing | Chevrolet","Driver",3,5
"Racing",2017,"Playoff","National Treasures","Hats Off Monster Energy Cup Holo Gold","Kyle Busch","M&M's | Joe Gibbs Racing | Toyota","Driver",4,5
"Racing",2017,"Playoff","National Treasures","Hats Off Monster Energy Cup Holo Gold","Kevin Harvick","Jimmy John's | Stewart-Haas Racing | Ford","Driver",5,5
"Racing",2017,"Playoff","National Treasures","Hats Off Monster Energy Cup Holo Gold","Matt Kenseth","DeWalt | Joe Gibbs Racing | Toyota","Driver",8,5
"Racing",2017,"Playoff","National Treasures","Hats Off Monster Energy Cup Holo Gold","Paul Menard","Menards | Richard Childress Racing | Chevrolet","Driver",9,5
"Racing",2017,"Playoff","National Treasures","Hats Off Monster Energy Cup Holo Gold","Daniel Suarez","ARRIS | Joe Gibbs Racing | Toyota","Driver",10,5
"Racing",2017,"Playoff","National Treasures","Hats Off Monster Energy Cup Holo Gold","Denny Hamlin","FedEx Express | Joe Gibbs Racing | Toyota","Driver",11,5
"Racing",2017,"Playoff","National Treasures","Hats Off Monster Energy Cup Holo Gold","Ryan Blaney","Motorcraft | Wood Brothers Racing | Ford","Driver",12,5
"Racing",2017,"Playoff","National Treasures","Hats Off Monster Energy Cup Holo Gold","Austin Dillon","Dow Chemical | Richard Childress Racing | Chevrolet","Driver",13,5
"Racing",2017,"Playoff","National Treasures","Hats Off Monster Energy Cup Holo Gold","Kyle Larson","Target | Chip Ganassi Racing | Chevrolet","Driver",14,5
"Racing",2017,"Playoff","National Treasures","Hats Off Monster Energy Cup Holo Silver","Kurt Busch","Haas Automation | Stewart-Haas Racing | Chevrolet","Driver",1,1
"Racing",2017,"Playoff","National Treasures","Hats Off Monster Energy Cup Holo Silver","Danica Patrick","Aspen Dental | Stewart-Haas Racing | Ford","Driver",2,1
"Racing",2017,"Playoff","National Treasures","Hats Off Monster Energy Cup Holo Silver","Jamie McMurray","Cessna | Chip Ganassi Racing | Chevrolet","Driver",3,1
"Racing",2017,"Playoff","National Treasures","Hats Off Monster Energy Cup Holo Silver","Kyle Busch","M&M's | Joe Gibbs Racing | Toyota","Driver",4,1
"Racing",2017,"Playoff","National Treasures","Hats Off Monster Energy Cup Holo Silver","Kevin Harvick","Jimmy John's | Stewart-Haas Racing | Ford","Driver",5,1
"Racing",2017,"Playoff","National Treasures","Hats Off Monster Energy Cup Holo Silver","Matt Kenseth","DeWalt | Joe Gibbs Racing | Toyota","Driver",8,1
"Racing",2017,"Playoff","National Treasures","Hats Off Monster Energy Cup Holo Silver","Paul Menard","Menards | Richard Childress Racing | Chevrolet","Driver",9,1
"Racing",2017,"Playoff","National Treasures","Hats Off Monster Energy Cup Holo Silver","Daniel Suarez","ARRIS | Joe Gibbs Racing | Toyota","Driver",10,1
"Racing",2017,"Playoff","National Treasures","Hats Off Monster Energy Cup Holo Silver","Denny Hamlin","FedEx Express | Joe Gibbs Racing | Toyota","Driver",11,1
"Racing",2017,"Playoff","National Treasures","Hats Off Monster Energy Cup Holo Silver","Ryan Blaney","Motorcraft | Wood Brothers Racing | Ford","Driver",12,1
"Racing",2017,"Playoff","National Treasures","Hats Off Monster Energy Cup Holo Silver","Austin Dillon","Dow Chemical | Richard Childress Racing | Chevrolet","Driver",13,1
"Racing",2017,"Playoff","National Treasures","Hats Off Monster Energy Cup Holo Silver","Kyle Larson","Target | Chip Ganassi Racing | Chevrolet","Driver",14,1
"Racing",2017,"Playoff","National Treasures","Hats Off Monster Energy Cup Laundry Tags","Kurt Busch","Haas Automation | Stewart-Haas Racing | Chevrolet","Driver",1,3
"Racing",2017,"Playoff","National Treasures","Hats Off Monster Energy Cup Laundry Tags","Danica Patrick","Aspen Dental | Stewart-Haas Racing | Ford","Driver",2,6
"Racing",2017,"Playoff","National Treasures","Hats Off Monster Energy Cup Laundry Tags","Jamie McMurray","Cessna | Chip Ganassi Racing | Chevrolet","Driver",3,3
"Racing",2017,"Playoff","National Treasures","Hats Off Monster Energy Cup Laundry Tags","Kyle Busch","M&M's | Joe Gibbs Racing | Toyota","Driver",4,3
"Racing",2017,"Playoff","National Treasures","Hats Off Monster Energy Cup Laundry Tags","Kevin Harvick","Jimmy John's | Stewart-Haas Racing | Ford","Driver",5,3
"Racing",2017,"Playoff","National Treasures","Hats Off Monster Energy Cup Laundry Tags","Matt Kenseth","DeWalt | Joe Gibbs Racing | Toyota","Driver",8,3
"Racing",2017,"Playoff","National Treasures","Hats Off Monster Energy Cup Laundry Tags","Paul Menard","Menards | Richard Childress Racing | Chevrolet","Driver",9,3
"Racing",2017,"Playoff","National Treasures","Hats Off Monster Energy Cup Laundry Tags","Daniel Suarez","ARRIS | Joe Gibbs Racing | Toyota","Driver",10,6
"Racing",2017,"Playoff","National Treasures","Hats Off Monster Energy Cup Laundry Tags","Denny Hamlin","FedEx Express | Joe Gibbs Racing | Toyota","Driver",11,6
"Racing",2017,"Playoff","National Treasures","Hats Off Monster Energy Cup Laundry Tags","Ryan Blaney","Motorcraft | Wood Brothers Racing | Ford","Driver",12,3
"Racing",2017,"Playoff","National Treasures","Hats Off Monster Energy Cup Laundry Tags","Austin Dillon","Dow Chemical | Richard Childress Racing | Chevrolet","Driver",13,6
"Racing",2017,"Playoff","National Treasures","Hats Off Monster Energy Cup Laundry Tags","Kyle Larson","Target | Chip Ganassi Racing | Chevrolet","Driver",14,6
"Racing",2017,"Playoff","National Treasures","Hats Off Monster Energy Cup New Era","Kurt Busch","Haas Automation | Stewart-Haas Racing | Chevrolet","Driver",1,1
"Racing",2017,"Playoff","National Treasures","Hats Off Monster Energy Cup New Era","Danica Patrick","Aspen Dental | Stewart-Haas Racing | Ford","Driver",2,1
"Racing",2017,"Playoff","National Treasures","Hats Off Monster Energy Cup New Era","Jamie McMurray","Cessna | Chip Ganassi Racing | Chevrolet","Driver",3,1
"Racing",2017,"Playoff","National Treasures","Hats Off Monster Energy Cup New Era","Kyle Busch","M&M's | Joe Gibbs Racing | Toyota","Driver",4,1
"Racing",2017,"Playoff","National Treasures","Hats Off Monster Energy Cup New Era","Kevin Harvick","Jimmy John's | Stewart-Haas Racing | Ford","Driver",5,1
"Racing",2017,"Playoff","National Treasures","Hats Off Monster Energy Cup New Era","Matt Kenseth","DeWalt | Joe Gibbs Racing | Toyota","Driver",8,1
"Racing",2017,"Playoff","National Treasures","Hats Off Monster Energy Cup New Era","Paul Menard","Menards | Richard Childress Racing | Chevrolet","Driver",9,1
"Racing",2017,"Playoff","National Treasures","Hats Off Monster Energy Cup New Era","Daniel Suarez","ARRIS | Joe Gibbs Racing | Toyota","Driver",10,1
"Racing",2017,"Playoff","National Treasures","Hats Off Monster Energy Cup New Era","Denny Hamlin","FedEx Express | Joe Gibbs Racing | Toyota","Driver",11,1
"Racing",2017,"Playoff","National Treasures","Hats Off Monster Energy Cup New Era","Ryan Blaney","Motorcraft | Wood Brothers Racing | Ford","Driver",12,1
"Racing",2017,"Playoff","National Treasures","Hats Off Monster Energy Cup New Era","Austin Dillon","Dow Chemical | Richard Childress Racing | Chevrolet","Driver",13,1
"Racing",2017,"Playoff","National Treasures","Hats Off Monster Energy Cup New Era","Kyle Larson","Target | Chip Ganassi Racing | Chevrolet","Driver",14,1
"Racing",2017,"Playoff","National Treasures","Hats Off Monster Energy Cup Printing Plates Black","Kurt Busch","Haas Automation | Stewart-Haas Racing | Chevrolet","Driver",1,1
"Racing",2017,"Playoff","National Treasures","Hats Off Monster Energy Cup Printing Plates Black","Danica Patrick","Aspen Dental | Stewart-Haas Racing | Ford","Driver",2,1
"Racing",2017,"Playoff","National Treasures","Hats Off Monster Energy Cup Printing Plates Black","Jamie McMurray","Cessna | Chip Ganassi Racing | Chevrolet","Driver",3,1
"Racing",2017,"Playoff","National Treasures","Hats Off Monster Energy Cup Printing Plates Black","Kyle Busch","M&M's | Joe Gibbs Racing | Toyota","Driver",4,1
"Racing",2017,"Playoff","National Treasures","Hats Off Monster Energy Cup Printing Plates Black","Kevin Harvick","Jimmy John's | Stewart-Haas Racing | Ford","Driver",5,1
"Racing",2017,"Playoff","National Treasures","Hats Off Monster Energy Cup Printing Plates Black","Matt Kenseth","DeWalt | Joe Gibbs Racing | Toyota","Driver",8,1
"Racing",2017,"Playoff","National Treasures","Hats Off Monster Energy Cup Printing Plates Black","Paul Menard","Menards | Richard Childress Racing | Chevrolet","Driver",9,1
"Racing",2017,"Playoff","National Treasures","Hats Off Monster Energy Cup Printing Plates Black","Daniel Suarez","ARRIS | Joe Gibbs Racing | Toyota","Driver",10,1
"Racing",2017,"Playoff","National Treasures","Hats Off Monster Energy Cup Printing Plates Black","Denny Hamlin","FedEx Express | Joe Gibbs Racing | Toyota","Driver",11,1
"Racing",2017,"Playoff","National Treasures","Hats Off Monster Energy Cup Printing Plates Black","Ryan Blaney","Motorcraft | Wood Brothers Racing | Ford","Driver",12,1
"Racing",2017,"Playoff","National Treasures","Hats Off Monster Energy Cup Printing Plates Black","Austin Dillon","Dow Chemical | Richard Childress Racing | Chevrolet","Driver",13,1
"Racing",2017,"Playoff","National Treasures","Hats Off Monster Energy Cup Printing Plates Black","Kyle Larson","Target | Chip Ganassi Racing | Chevrolet","Driver",14,1
"Racing",2017,"Playoff","National Treasures","Hats Off Monster Energy Cup Printing Plates Cyan","Kurt Busch","Haas Automation | Stewart-Haas Racing | Chevrolet","Driver",1,1
"Racing",2017,"Playoff","National Treasures","Hats Off Monster Energy Cup Printing Plates Cyan","Danica Patrick","Aspen Dental | Stewart-Haas Racing | Ford","Driver",2,1
"Racing",2017,"Playoff","National Treasures","Hats Off Monster Energy Cup Printing Plates Cyan","Jamie McMurray","Cessna | Chip Ganassi Racing | Chevrolet","Driver",3,1
"Racing",2017,"Playoff","National Treasures","Hats Off Monster Energy Cup Printing Plates Cyan","Kyle Busch","M&M's | Joe Gibbs Racing | Toyota","Driver",4,1
"Racing",2017,"Playoff","National Treasures","Hats Off Monster Energy Cup Printing Plates Cyan","Kevin Harvick","Jimmy John's | Stewart-Haas Racing | Ford","Driver",5,1
"Racing",2017,"Playoff","National Treasures","Hats Off Monster Energy Cup Printing Plates Cyan","Matt Kenseth","DeWalt | Joe Gibbs Racing | Toyota","Driver",8,1
"Racing",2017,"Playoff","National Treasures","Hats Off Monster Energy Cup Printing Plates Cyan","Paul Menard","Menards | Richard Childress Racing | Chevrolet","Driver",9,1
"Racing",2017,"Playoff","National Treasures","Hats Off Monster Energy Cup Printing Plates Cyan","Daniel Suarez","ARRIS | Joe Gibbs Racing | Toyota","Driver",10,1
"Racing",2017,"Playoff","National Treasures","Hats Off Monster Energy Cup Printing Plates Cyan","Denny Hamlin","FedEx Express | Joe Gibbs Racing | Toyota","Driver",11,1
"Racing",2017,"Playoff","National Treasures","Hats Off Monster Energy Cup Printing Plates Cyan","Ryan Blaney","Motorcraft | Wood Brothers Racing | Ford","Driver",12,1
"Racing",2017,"Playoff","National Treasures","Hats Off Monster Energy Cup Printing Plates Cyan","Austin Dillon","Dow Chemical | Richard Childress Racing | Chevrolet","Driver",13,1
"Racing",2017,"Playoff","National Treasures","Hats Off Monster Energy Cup Printing Plates Cyan","Kyle Larson","Target | Chip Ganassi Racing | Chevrolet","Driver",14,1
"Racing",2017,"Playoff","National Treasures","Hats Off Monster Energy Cup Printing Plates Magenta","Kurt Busch","Haas Automation | Stewart-Haas Racing | Chevrolet","Driver",1,1
"Racing",2017,"Playoff","National Treasures","Hats Off Monster Energy Cup Printing Plates Magenta","Danica Patrick","Aspen Dental | Stewart-Haas Racing | Ford","Driver",2,1
"Racing",2017,"Playoff","National Treasures","Hats Off Monster Energy Cup Printing Plates Magenta","Jamie McMurray","Cessna | Chip Ganassi Racing | Chevrolet","Driver",3,1
"Racing",2017,"Playoff","National Treasures","Hats Off Monster Energy Cup Printing Plates Magenta","Kyle Busch","M&M's | Joe Gibbs Racing | Toyota","Driver",4,1
"Racing",2017,"Playoff","National Treasures","Hats Off Monster Energy Cup Printing Plates Magenta","Kevin Harvick","Jimmy John's | Stewart-Haas Racing | Ford","Driver",5,1
"Racing",2017,"Playoff","National Treasures","Hats Off Monster Energy Cup Printing Plates Magenta","Matt Kenseth","DeWalt | Joe Gibbs Racing | Toyota","Driver",8,1
"Racing",2017,"Playoff","National Treasures","Hats Off Monster Energy Cup Printing Plates Magenta","Paul Menard","Menards | Richard Childress Racing | Chevrolet","Driver",9,1
"Racing",2017,"Playoff","National Treasures","Hats Off Monster Energy Cup Printing Plates Magenta","Daniel Suarez","ARRIS | Joe Gibbs Racing | Toyota","Driver",10,1
"Racing",2017,"Playoff","National Treasures","Hats Off Monster Energy Cup Printing Plates Magenta","Denny Hamlin","FedEx Express | Joe Gibbs Racing | Toyota","Driver",11,1
"Racing",2017,"Playoff","National Treasures","Hats Off Monster Energy Cup Printing Plates Magenta","Ryan Blaney","Motorcraft | Wood Brothers Racing | Ford","Driver",12,1
"Racing",2017,"Playoff","National Treasures","Hats Off Monster Energy Cup Printing Plates Magenta","Austin Dillon","Dow Chemical | Richard Childress Racing | Chevrolet","Driver",13,1
"Racing",2017,"Playoff","National Treasures","Hats Off Monster Energy Cup Printing Plates Magenta","Kyle Larson","Target | Chip Ganassi Racing | Chevrolet","Driver",14,1
"Racing",2017,"Playoff","National Treasures","Hats Off Monster Energy Cup Sponsor","Kurt Busch","Haas Automation | Stewart-Haas Racing | Chevrolet","Driver",1,5
"Racing",2017,"Playoff","National Treasures","Hats Off Monster Energy Cup Sponsor","Danica Patrick","Aspen Dental | Stewart-Haas Racing | Ford","Driver",2,5
"Racing",2017,"Playoff","National Treasures","Hats Off Monster Energy Cup Sponsor","Jamie McMurray","Cessna | Chip Ganassi Racing | Chevrolet","Driver",3,5
"Racing",2017,"Playoff","National Treasures","Hats Off Monster Energy Cup Sponsor","Kyle Busch","M&M's | Joe Gibbs Racing | Toyota","Driver",4,5
"Racing",2017,"Playoff","National Treasures","Hats Off Monster Energy Cup Sponsor","Kevin Harvick","Jimmy John's | Stewart-Haas Racing | Ford","Driver",5,5
"Racing",2017,"Playoff","National Treasures","Hats Off Monster Energy Cup Sponsor","Matt Kenseth","DeWalt | Joe Gibbs Racing | Toyota","Driver",8,5
"Racing",2017,"Playoff","National Treasures","Hats Off Monster Energy Cup Sponsor","Paul Menard","Menards | Richard Childress Racing | Chevrolet","Driver",9,5
"Racing",2017,"Playoff","National Treasures","Hats Off Monster Energy Cup Sponsor","Daniel Suarez","ARRIS | Joe Gibbs Racing | Toyota","Driver",10,5
"Racing",2017,"Playoff","National Treasures","Hats Off Monster Energy Cup Sponsor","Denny Hamlin","FedEx Express | Joe Gibbs Racing | Toyota","Driver",11,5
"Racing",2017,"Playoff","National Treasures","Hats Off Monster Energy Cup Sponsor","Ryan Blaney","Motorcraft | Wood Brothers Racing | Ford","Driver",12,5
"Racing",2017,"Playoff","National Treasures","Hats Off Monster Energy Cup Sponsor","Austin Dillon","Dow Chemical | Richard Childress Racing | Chevrolet","Driver",13,5
"Racing",2017,"Playoff","National Treasures","Hats Off Monster Energy Cup Sponsor","Kyle Larson","Target | Chip Ganassi Racing | Chevrolet","Driver",14,5
"Racing",2017,"Playoff","National Treasures","Hats Off New Era","AJ Allmendinger","Kroger | JTG Daugherty Racing | Chevrolet","Driver",1,1
"Racing",2017,"Playoff","National Treasures","Hats Off New Era","Kurt Busch","Haas Automation | Stewart-Haas Racing | Ford","Driver",2,1
"Racing",2017,"Playoff","National Treasures","Hats Off New Era","Jamie McMurray","McDonald's | Chip Ganassi Racing | Chevrolet","Driver",3,1
"Racing",2017,"Playoff","National Treasures","Hats Off New Era","Jamie McMurray","Cessna | Chip Ganassi Racing | Chevrolet","Driver",4,1
"Racing",2017,"Playoff","National Treasures","Hats Off New Era","Aric Almirola","Smithfield Foods | Richard Petty Motorsports | Ford","Driver",5,1
"Racing",2017,"Playoff","National Treasures","Hats Off New Era","Ryan Newman","Caterpillar | Richard Childress Racing | Chevrolet","Driver",6,1
"Racing",2017,"Playoff","National Treasures","Hats Off New Era","Michael McDowell","Thrivent Financial | Circle Sport-Leavine Family Racing | Chevrolet","Driver",7,1
"Racing",2017,"Playoff","National Treasures","Hats Off New Era","Kyle Busch","Snickers | Joe Gibbs Racing | Toyota","Driver",8,1
"Racing",2017,"Playoff","National Treasures","Hats Off New Era","Kyle Busch","M&M's | Joe Gibbs Racing | Toyota","Driver",9,1
"Racing",2017,"Playoff","National Treasures","Hats Off New Era","Kyle Busch","Interstate Batteries | Joe Gibbs Racing | Toyota","Driver",10,1
"Racing",2017,"Playoff","National Treasures","Hats Off New Era","Kevin Harvick","Jimmy John's | Stewart-Haas Racing | Ford","Driver",11,1
"Racing",2017,"Playoff","National Treasures","Hats Off New Era","Kevin Harvick","Mobil 1 | Stewart-Haas Racing | Ford","Driver",12,1
"Racing",2017,"Playoff","National Treasures","Hats Off New Era","Jimmie Johnson","Lowe's | Hendrick Motorsports | Chevrolet","Driver",13,1
"Racing",2017,"Playoff","National Treasures","Hats Off New Era","Jimmie Johnson","Kobalt Tools | Hendrick Motorsports | Chevrolet","Driver",14,1
"Racing",2017,"Playoff","National Treasures","Hats Off New Era","Erik Jones","5-Hour Energy | Furniture Row Racing | Toyota","Driver",16,1
"Racing",2017,"Playoff","National Treasures","Hats Off New Era","Matt Kenseth","DeWalt | Joe Gibbs Racing | Toyota","Driver",19,1
"Racing",2017,"Playoff","National Treasures","Hats Off New Era","Paul Menard","Menards | Richard Childress Racing | Chevrolet","Driver",20,1
"Racing",2017,"Playoff","National Treasures","Hats Off New Era","Daniel Suarez","ARRIS | Joe Gibbs Racing | Toyota","Driver",21,1
"Racing",2017,"Playoff","National Treasures","Hats Off New Era","Denny Hamlin","FedEx Office | Joe Gibbs Racing | Toyota","Driver",22,1
"Racing",2017,"Playoff","National Treasures","Hats Off New Era","Denny Hamlin","FedEx Express | Joe Gibbs Racing | Toyota","Driver",23,1
"Racing",2017,"Playoff","National Treasures","Hats Off New Era","Ryan Blaney","Motorcraft | Wood Brothers Racing | Ford","Driver",24,1
"Racing",2017,"Playoff","National Treasures","Hats Off New Era","Austin Dillon","Dow Chemical | Richard Childress Racing | Chevrolet","Driver",25,1
"Racing",2017,"Playoff","National Treasures","Hats Off New Era","Kyle Larson","Target | Chip Ganassi Racing | Chevrolet","Driver",26,1
"Racing",2017,"Playoff","National Treasures","Hats Off New Era","Joey Logano","Shell-Pennzoil | Team Penske | Ford","Driver",27,1
"Racing",2017,"Playoff","National Treasures","Hats Off New Era","Joey Logano","Pennzoil | Team Penske | Ford","Driver",28,1
"Racing",2017,"Playoff","National Treasures","Hats Off New Era","Dale Earnhardt Jr","Nationwide | Hendrick Motorsports | Chevrolet","Driver",29,1
"Racing",2017,"Playoff","National Treasures","Hats Off New Era","Dale Earnhardt Jr","AXALTA | Hendrick Motorsports | Chevrolet","Driver",30,1
"Racing",2017,"Playoff","National Treasures","Hats Off New Era","Kasey Kahne","Farmers Insurance | Hendrick Motorsports | Chevrolet","Driver",31,1
"Racing",2017,"Playoff","National Treasures","Hats Off Printing Plates Black","AJ Allmendinger","Kroger | JTG Daugherty Racing | Chevrolet","Driver",1,1
"Racing",2017,"Playoff","National Treasures","Hats Off Printing Plates Black","Kurt Busch","Haas Automation | Stewart-Haas Racing | Ford","Driver",2,1
"Racing",2017,"Playoff","National Treasures","Hats Off Printing Plates Black","Jamie McMurray","McDonald's | Chip Ganassi Racing | Chevrolet","Driver",3,1
"Racing",2017,"Playoff","National Treasures","Hats Off Printing Plates Black","Jamie McMurray","Cessna | Chip Ganassi Racing | Chevrolet","Driver",4,1
"Racing",2017,"Playoff","National Treasures","Hats Off Printing Plates Black","Aric Almirola","Smithfield Foods | Richard Petty Motorsports | Ford","Driver",5,1
"Racing",2017,"Playoff","National Treasures","Hats Off Printing Plates Black","Ryan Newman","Caterpillar | Richard Childress Racing | Chevrolet","Driver",6,1
"Racing",2017,"Playoff","National Treasures","Hats Off Printing Plates Black","Michael McDowell","Thrivent Financial | Circle Sport-Leavine Family Racing | Chevrolet","Driver",7,1
"Racing",2017,"Playoff","National Treasures","Hats Off Printing Plates Black","Kyle Busch","Snickers | Joe Gibbs Racing | Toyota","Driver",8,1
"Racing",2017,"Playoff","National Treasures","Hats Off Printing Plates Black","Kyle Busch","M&M's | Joe Gibbs Racing | Toyota","Driver",9,1
"Racing",2017,"Playoff","National Treasures","Hats Off Printing Plates Black","Kyle Busch","Interstate Batteries | Joe Gibbs Racing | Toyota","Driver",10,1
"Racing",2017,"Playoff","National Treasures","Hats Off Printing Plates Black","Kevin Harvick","Jimmy John's | Stewart-Haas Racing | Ford","Driver",11,1
"Racing",2017,"Playoff","National Treasures","Hats Off Printing Plates Black","Kevin Harvick","Mobil 1 | Stewart-Haas Racing | Ford","Driver",12,1
"Racing",2017,"Playoff","National Treasures","Hats Off Printing Plates Black","Jimmie Johnson","Lowe's | Hendrick Motorsports | Chevrolet","Driver",13,1
"Racing",2017,"Playoff","National Treasures","Hats Off Printing Plates Black","Jimmie Johnson","Kobalt Tools | Hendrick Motorsports | Chevrolet","Driver",14,1
"Racing",2017,"Playoff","National Treasures","Hats Off Printing Plates Black","Chase Elliott","NAPA Auto Parts | Hendrick Motorsports | Chevrolet","Driver",15,1
"Racing",2017,"Playoff","National Treasures","Hats Off Printing Plates Black","Martin Truex Jr.","Furniture Row-Denver Mattress | Furniture Row Racing | Toyota","Driver",17,1
"Racing",2017,"Playoff","National Treasures","Hats Off Printing Plates Black","Martin Truex Jr.","Bass Pro Shops-TRACKER Boats | Furniture Row Racing | Toyota","Driver",18,1
"Racing",2017,"Playoff","National Treasures","Hats Off Printing Plates Black","Matt Kenseth","DeWalt | Joe Gibbs Racing | Toyota","Driver",19,1
"Racing",2017,"Playoff","National Treasures","Hats Off Printing Plates Black","Paul Menard","Menards | Richard Childress Racing | Chevrolet","Driver",20,1
"Racing",2017,"Playoff","National Treasures","Hats Off Printing Plates Black","Daniel Suarez","ARRIS | Joe Gibbs Racing | Toyota","Driver",21,1
"Racing",2017,"Playoff","National Treasures","Hats Off Printing Plates Black","Denny Hamlin","FedEx Office | Joe Gibbs Racing | Toyota","Driver",22,1
"Racing",2017,"Playoff","National Treasures","Hats Off Printing Plates Black","Denny Hamlin","FedEx Express | Joe Gibbs Racing | Toyota","Driver",23,1
"Racing",2017,"Playoff","National Treasures","Hats Off Printing Plates Black","Ryan Blaney","Motorcraft | Wood Brothers Racing | Ford","Driver",24,1
"Racing",2017,"Playoff","National Treasures","Hats Off Printing Plates Black","Austin Dillon","Dow Chemical | Richard Childress Racing | Chevrolet","Driver",25,1
"Racing",2017,"Playoff","National Treasures","Hats Off Printing Plates Black","Kyle Larson","Target | Chip Ganassi Racing | Chevrolet","Driver",26,1
"Racing",2017,"Playoff","National Treasures","Hats Off Printing Plates Black","Joey Logano","Shell-Pennzoil | Team Penske | Ford","Driver",27,1
"Racing",2017,"Playoff","National Treasures","Hats Off Printing Plates Black","Joey Logano","Pennzoil | Team Penske | Ford","Driver",28,1
"Racing",2017,"Playoff","National Treasures","Hats Off Printing Plates Black","Dale Earnhardt Jr","Nationwide | Hendrick Motorsports | Chevrolet","Driver",29,1
"Racing",2017,"Playoff","National Treasures","Hats Off Printing Plates Black","Dale Earnhardt Jr","AXALTA | Hendrick Motorsports | Chevrolet","Driver",30,1
"Racing",2017,"Playoff","National Treasures","Hats Off Printing Plates Black","Kasey Kahne","Farmers Insurance | Hendrick Motorsports | Chevrolet","Driver",31,1
"Racing",2017,"Playoff","National Treasures","Hats Off Printing Plates Cyan","AJ Allmendinger","Kroger | JTG Daugherty Racing | Chevrolet","Driver",1,1
"Racing",2017,"Playoff","National Treasures","Hats Off Printing Plates Cyan","Kurt Busch","Haas Automation | Stewart-Haas Racing | Ford","Driver",2,1
"Racing",2017,"Playoff","National Treasures","Hats Off Printing Plates Cyan","Jamie McMurray","McDonald's | Chip Ganassi Racing | Chevrolet","Driver",3,1
"Racing",2017,"Playoff","National Treasures","Hats Off Printing Plates Cyan","Jamie McMurray","Cessna | Chip Ganassi Racing | Chevrolet","Driver",4,1
"Racing",2017,"Playoff","National Treasures","Hats Off Printing Plates Cyan","Aric Almirola","Smithfield Foods | Richard Petty Motorsports | Ford","Driver",5,1
"Racing",2017,"Playoff","National Treasures","Hats Off Printing Plates Cyan","Ryan Newman","Caterpillar | Richard Childress Racing | Chevrolet","Driver",6,1
"Racing",2017,"Playoff","National Treasures","Hats Off Printing Plates Cyan","Michael McDowell","Thrivent Financial | Circle Sport-Leavine Family Racing | Chevrolet","Driver",7,1
"Racing",2017,"Playoff","National Treasures","Hats Off Printing Plates Cyan","Kyle Busch","Snickers | Joe Gibbs Racing | Toyota","Driver",8,1
"Racing",2017,"Playoff","National Treasures","Hats Off Printing Plates Cyan","Kyle Busch","M&M's | Joe Gibbs Racing | Toyota","Driver",9,1
"Racing",2017,"Playoff","National Treasures","Hats Off Printing Plates Cyan","Kyle Busch","Interstate Batteries | Joe Gibbs Racing | Toyota","Driver",10,1
"Racing",2017,"Playoff","National Treasures","Hats Off Printing Plates Cyan","Kevin Harvick","Mobil 1 | Stewart-Haas Racing | Ford","Driver",12,1
"Racing",2017,"Playoff","National Treasures","Hats Off Printing Plates Cyan","Jimmie Johnson","Lowe's | Hendrick Motorsports | Chevrolet","Driver",13,1
"Racing",2017,"Playoff","National Treasures","Hats Off Printing Plates Cyan","Jimmie Johnson","Kobalt Tools | Hendrick Motorsports | Chevrolet","Driver",14,1
"Racing",2017,"Playoff","National Treasures","Hats Off Printing Plates Cyan","Chase Elliott","NAPA Auto Parts | Hendrick Motorsports | Chevrolet","Driver",15,1
"Racing",2017,"Playoff","National Treasures","Hats Off Printing Plates Cyan","Erik Jones","5-Hour Energy | Furniture Row Racing | Toyota","Driver",16,1
"Racing",2017,"Playoff","National Treasures","Hats Off Printing Plates Cyan","Martin Truex Jr.","Furniture Row-Denver Mattress | Furniture Row Racing | Toyota","Driver",17,1
"Racing",2017,"Playoff","National Treasures","Hats Off Printing Plates Cyan","Martin Truex Jr.","Bass Pro Shops-TRACKER Boats | Furniture Row Racing | Toyota","Driver",18,1
"Racing",2017,"Playoff","National Treasures","Hats Off Printing Plates Cyan","Matt Kenseth","DeWalt | Joe Gibbs Racing | Toyota","Driver",19,1
"Racing",2017,"Playoff","National Treasures","Hats Off Printing Plates Cyan","Paul Menard","Menards | Richard Childress Racing | Chevrolet","Driver",20,1
"Racing",2017,"Playoff","National Treasures","Hats Off Printing Plates Cyan","Daniel Suarez","ARRIS | Joe Gibbs Racing | Toyota","Driver",21,1
"Racing",2017,"Playoff","National Treasures","Hats Off Printing Plates Cyan","Denny Hamlin","FedEx Office | Joe Gibbs Racing | Toyota","Driver",22,1
"Racing",2017,"Playoff","National Treasures","Hats Off Printing Plates Cyan","Denny Hamlin","FedEx Express | Joe Gibbs Racing | Toyota","Driver",23,1
"Racing",2017,"Playoff","National Treasures","Hats Off Printing Plates Cyan","Ryan Blaney","Motorcraft | Wood Brothers Racing | Ford","Driver",24,1
"Racing",2017,"Playoff","National Treasures","Hats Off Printing Plates Cyan","Austin Dillon","Dow Chemical | Richard Childress Racing | Chevrolet","Driver",25,1
"Racing",2017,"Playoff","National Treasures","Hats Off Printing Plates Cyan","Kyle Larson","Target | Chip Ganassi Racing | Chevrolet","Driver",26,1
"Racing",2017,"Playoff","National Treasures","Hats Off Printing Plates Cyan","Joey Logano","Shell-Pennzoil | Team Penske | Ford","Driver",27,1
"Racing",2017,"Playoff","National Treasures","Hats Off Printing Plates Cyan","Joey Logano","Pennzoil | Team Penske | Ford","Driver",28,1
"Racing",2017,"Playoff","National Treasures","Hats Off Printing Plates Cyan","Dale Earnhardt Jr","Nationwide | Hendrick Motorsports | Chevrolet","Driver",29,1
"Racing",2017,"Playoff","National Treasures","Hats Off Printing Plates Cyan","Dale Earnhardt Jr","AXALTA | Hendrick Motorsports | Chevrolet","Driver",30,1
"Racing",2017,"Playoff","National Treasures","Hats Off Printing Plates Cyan","Kasey Kahne","Farmers Insurance | Hendrick Motorsports | Chevrolet","Driver",31,1
"Racing",2017,"Playoff","National Treasures","Hats Off Printing Plates Magenta","AJ Allmendinger","Kroger | JTG Daugherty Racing | Chevrolet","Driver",1,1
"Racing",2017,"Playoff","National Treasures","Hats Off Printing Plates Magenta","Kurt Busch","Haas Automation | Stewart-Haas Racing | Ford","Driver",2,1
"Racing",2017,"Playoff","National Treasures","Hats Off Printing Plates Magenta","Jamie McMurray","Cessna | Chip Ganassi Racing | Chevrolet","Driver",4,1
"Racing",2017,"Playoff","National Treasures","Hats Off Printing Plates Magenta","Aric Almirola","Smithfield Foods | Richard Petty Motorsports | Ford","Driver",5,1
"Racing",2017,"Playoff","National Treasures","Hats Off Printing Plates Magenta","Ryan Newman","Caterpillar | Richard Childress Racing | Chevrolet","Driver",6,1
"Racing",2017,"Playoff","National Treasures","Hats Off Printing Plates Magenta","Kyle Busch","Snickers | Joe Gibbs Racing | Toyota","Driver",8,1
"Racing",2017,"Playoff","National Treasures","Hats Off Printing Plates Magenta","Kyle Busch","M&M's | Joe Gibbs Racing | Toyota","Driver",9,1
"Racing",2017,"Playoff","National Treasures","Hats Off Printing Plates Magenta","Kyle Busch","Interstate Batteries | Joe Gibbs Racing | Toyota","Driver",10,1
"Racing",2017,"Playoff","National Treasures","Hats Off Printing Plates Magenta","Kevin Harvick","Jimmy John's | Stewart-Haas Racing | Ford","Driver",11,1
"Racing",2017,"Playoff","National Treasures","Hats Off Printing Plates Magenta","Kevin Harvick","Mobil 1 | Stewart-Haas Racing | Ford","Driver",12,1
"Racing",2017,"Playoff","National Treasures","Hats Off Printing Plates Magenta","Jimmie Johnson","Lowe's | Hendrick Motorsports | Chevrolet","Driver",13,1
"Racing",2017,"Playoff","National Treasures","Hats Off Printing Plates Magenta","Jimmie Johnson","Kobalt Tools | Hendrick Motorsports | Chevrolet","Driver",14,1
"Racing",2017,"Playoff","National Treasures","Hats Off Printing Plates Magenta","Chase Elliott","NAPA Auto Parts | Hendrick Motorsports | Chevrolet","Driver",15,1
"Racing",2017,"Playoff","National Treasures","Hats Off Printing Plates Magenta","Erik Jones","5-Hour Energy | Furniture Row Racing | Toyota","Driver",16,1
"Racing",2017,"Playoff","National Treasures","Hats Off Printing Plates Magenta","Martin Truex Jr.","Furniture Row-Denver Mattress | Furniture Row Racing | Toyota","Driver",17,1
"Racing",2017,"Playoff","National Treasures","Hats Off Printing Plates Magenta","Martin Truex Jr.","Bass Pro Shops-TRACKER Boats | Furniture Row Racing | Toyota","Driver",18,1
"Racing",2017,"Playoff","National Treasures","Hats Off Printing Plates Magenta","Matt Kenseth","DeWalt | Joe Gibbs Racing | Toyota","Driver",19,1
"Racing",2017,"Playoff","National Treasures","Hats Off Printing Plates Magenta","Daniel Suarez","ARRIS | Joe Gibbs Racing | Toyota","Driver",21,1
"Racing",2017,"Playoff","National Treasures","Hats Off Printing Plates Magenta","Denny Hamlin","FedEx Office | Joe Gibbs Racing | Toyota","Driver",22,1
"Racing",2017,"Playoff","National Treasures","Hats Off Printing Plates Magenta","Denny Hamlin","FedEx Express | Joe Gibbs Racing | Toyota","Driver",23,1
"Racing",2017,"Playoff","National Treasures","Hats Off Printing Plates Magenta","Ryan Blaney","Motorcraft | Wood Brothers Racing | Ford","Driver",24,1
"Racing",2017,"Playoff","National Treasures","Hats Off Printing Plates Magenta","Austin Dillon","Dow Chemical | Richard Childress Racing | Chevrolet","Driver",25,1
"Racing",2017,"Playoff","National Treasures","Hats Off Printing Plates Magenta","Kyle Larson","Target | Chip Ganassi Racing | Chevrolet","Driver",26,1
"Racing",2017,"Playoff","National Treasures","Hats Off Printing Plates Magenta","Joey Logano","Shell-Pennzoil | Team Penske | Ford","Driver",27,1
"Racing",2017,"Playoff","National Treasures","Hats Off Printing Plates Magenta","Joey Logano","Pennzoil | Team Penske | Ford","Driver",28,1
"Racing",2017,"Playoff","National Treasures","Hats Off Printing Plates Magenta","Dale Earnhardt Jr","Nationwide | Hendrick Motorsports | Chevrolet","Driver",29,1
"Racing",2017,"Playoff","National Treasures","Hats Off Printing Plates Magenta","Dale Earnhardt Jr","AXALTA | Hendrick Motorsports | Chevrolet","Driver",30,1
"Racing",2017,"Playoff","National Treasures","Hats Off Printing Plates Magenta","Kasey Kahne","Farmers Insurance | Hendrick Motorsports | Chevrolet","Driver",31,1
"Racing",2017,"Playoff","National Treasures","Hats Off Printing Plates Yellow","AJ Allmendinger","Kroger | JTG Daugherty Racing | Chevrolet","Driver",1,1
"Racing",2017,"Playoff","National Treasures","Hats Off Printing Plates Yellow","Jamie McMurray","McDonald's | Chip Ganassi Racing | Chevrolet","Driver",3,1
"Racing",2017,"Playoff","National Treasures","Hats Off Printing Plates Yellow","Jamie McMurray","Cessna | Chip Ganassi Racing | Chevrolet","Driver",4,1
"Racing",2017,"Playoff","National Treasures","Hats Off Printing Plates Yellow","Aric Almirola","Smithfield Foods | Richard Petty Motorsports | Ford","Driver",5,1
"Racing",2017,"Playoff","National Treasures","Hats Off Printing Plates Yellow","Michael McDowell","Thrivent Financial | Circle Sport-Leavine Family Racing | Chevrolet","Driver",7,1
"Racing",2017,"Playoff","National Treasures","Hats Off Printing Plates Yellow","Kyle Busch","Snickers | Joe Gibbs Racing | Toyota","Driver",8,1
"Racing",2017,"Playoff","National Treasures","Hats Off Printing Plates Yellow","Kyle Busch","M&M's | Joe Gibbs Racing | Toyota","Driver",9,1
"Racing",2017,"Playoff","National Treasures","Hats Off Printing Plates Yellow","Kyle Busch","Interstate Batteries | Joe Gibbs Racing | Toyota","Driver",10,1
"Racing",2017,"Playoff","National Treasures","Hats Off Printing Plates Yellow","Kevin Harvick","Jimmy John's | Stewart-Haas Racing | Ford","Driver",11,1
"Racing",2017,"Playoff","National Treasures","Hats Off Printing Plates Yellow","Kevin Harvick","Mobil 1 | Stewart-Haas Racing | Ford","Driver",12,1
"Racing",2017,"Playoff","National Treasures","Hats Off Printing Plates Yellow","Jimmie Johnson","Lowe's | Hendrick Motorsports | Chevrolet","Driver",13,1
"Racing",2017,"Playoff","National Treasures","Hats Off Printing Plates Yellow","Jimmie Johnson","Kobalt Tools | Hendrick Motorsports | Chevrolet","Driver",14,1
"Racing",2017,"Playoff","National Treasures","Hats Off Printing Plates Yellow","Chase Elliott","NAPA Auto Parts | Hendrick Motorsports | Chevrolet","Driver",15,1
"Racing",2017,"Playoff","National Treasures","Hats Off Printing Plates Yellow","Erik Jones","5-Hour Energy | Furniture Row Racing | Toyota","Driver",16,1
"Racing",2017,"Playoff","National Treasures","Hats Off Printing Plates Yellow","Martin Truex Jr.","Furniture Row-Denver Mattress | Furniture Row Racing | Toyota","Driver",17,1
"Racing",2017,"Playoff","National Treasures","Hats Off Printing Plates Yellow","Martin Truex Jr.","Bass Pro Shops-TRACKER Boats | Furniture Row Racing | Toyota","Driver",18,1
"Racing",2017,"Playoff","National Treasures","Hats Off Printing Plates Yellow","Matt Kenseth","DeWalt | Joe Gibbs Racing | Toyota","Driver",19,1
"Racing",2017,"Playoff","National Treasures","Hats Off Printing Plates Yellow","Paul Menard","Menards | Richard Childress Racing | Chevrolet","Driver",20,1
"Racing",2017,"Playoff","National Treasures","Hats Off Printing Plates Yellow","Daniel Suarez","ARRIS | Joe Gibbs Racing | Toyota","Driver",21,1
"Racing",2017,"Playoff","National Treasures","Hats Off Printing Plates Yellow","Denny Hamlin","FedEx Office | Joe Gibbs Racing | Toyota","Driver",22,1
"Racing",2017,"Playoff","National Treasures","Hats Off Printing Plates Yellow","Ryan Blaney","Motorcraft | Wood Brothers Racing | Ford","Driver",24,1
"Racing",2017,"Playoff","National Treasures","Hats Off Printing Plates Yellow","Kyle Larson","Target | Chip Ganassi Racing | Chevrolet","Driver",26,1
"Racing",2017,"Playoff","National Treasures","Hats Off Printing Plates Yellow","Joey Logano","Shell-Pennzoil | Team Penske | Ford","Driver",27,1
"Racing",2017,"Playoff","National Treasures","Hats Off Printing Plates Yellow","Joey Logano","Pennzoil | Team Penske | Ford","Driver",28,1
"Racing",2017,"Playoff","National Treasures","Hats Off Printing Plates Yellow","Dale Earnhardt Jr","Nationwide | Hendrick Motorsports | Chevrolet","Driver",29,1
"Racing",2017,"Playoff","National Treasures","Hats Off Printing Plates Yellow","Dale Earnhardt Jr","AXALTA | Hendrick Motorsports | Chevrolet","Driver",30,1
"Racing",2017,"Playoff","National Treasures","Hats Off Sponsor","AJ Allmendinger","Kroger | JTG Daugherty Racing | Chevrolet","Driver",1,5
"Racing",2017,"Playoff","National Treasures","Hats Off Sponsor","Kurt Busch","Haas Automation | Stewart-Haas Racing | Ford","Driver",2,5
"Racing",2017,"Playoff","National Treasures","Hats Off Sponsor","Jamie McMurray","McDonald's | Chip Ganassi Racing | Chevrolet","Driver",3,5
"Racing",2017,"Playoff","National Treasures","Hats Off Sponsor","Jamie McMurray","Cessna | Chip Ganassi Racing | Chevrolet","Driver",4,5
"Racing",2017,"Playoff","National Treasures","Hats Off Sponsor","Aric Almirola","Smithfield Foods | Richard Petty Motorsports | Ford","Driver",5,10
"Racing",2017,"Playoff","National Treasures","Hats Off Sponsor","Ryan Newman","Caterpillar | Richard Childress Racing | Chevrolet","Driver",6,5
"Racing",2017,"Playoff","National Treasures","Hats Off Sponsor","Michael McDowell","Thrivent Financial | Circle Sport-Leavine Family Racing | Chevrolet","Driver",7,5
"Racing",2017,"Playoff","National Treasures","Hats Off Sponsor","Kyle Busch","Snickers | Joe Gibbs Racing | Toyota","Driver",8,10
"Racing",2017,"Playoff","National Treasures","Hats Off Sponsor","Kyle Busch","M&M's | Joe Gibbs Racing | Toyota","Driver",9,10
"Racing",2017,"Playoff","National Treasures","Hats Off Sponsor","Kyle Busch","Interstate Batteries | Joe Gibbs Racing | Toyota","Driver",10,5
"Racing",2017,"Playoff","National Treasures","Hats Off Sponsor","Kevin Harvick","Jimmy John's | Stewart-Haas Racing | Ford","Driver",11,5
"Racing",2017,"Playoff","National Treasures","Hats Off Sponsor","Kevin Harvick","Mobil 1 | Stewart-Haas Racing | Ford","Driver",12,10
"Racing",2017,"Playoff","National Treasures","Hats Off Sponsor","Jimmie Johnson","Lowe's | Hendrick Motorsports | Chevrolet","Driver",13,5
"Racing",2017,"Playoff","National Treasures","Hats Off Sponsor","Jimmie Johnson","Kobalt Tools | Hendrick Motorsports | Chevrolet","Driver",14,10
"Racing",2017,"Playoff","National Treasures","Hats Off Sponsor","Chase Elliott","NAPA Auto Parts | Hendrick Motorsports | Chevrolet","Driver",15,5
"Racing",2017,"Playoff","National Treasures","Hats Off Sponsor","Erik Jones","5-Hour Energy | Furniture Row Racing | Toyota","Driver",16,10
"Racing",2017,"Playoff","National Treasures","Hats Off Sponsor","Martin Truex Jr.","Furniture Row-Denver Mattress | Furniture Row Racing | Toyota","Driver",17,5
"Racing",2017,"Playoff","National Treasures","Hats Off Sponsor","Martin Truex Jr.","Bass Pro Shops-TRACKER Boats | Furniture Row Racing | Toyota","Driver",18,5
"Racing",2017,"Playoff","National Treasures","Hats Off Sponsor","Matt Kenseth","DeWalt | Joe Gibbs Racing | Toyota","Driver",19,10
"Racing",2017,"Playoff","National Treasures","Hats Off Sponsor","Paul Menard","Menards | Richard Childress Racing | Chevrolet","Driver",20,10
"Racing",2017,"Playoff","National Treasures","Hats Off Sponsor","Daniel Suarez","ARRIS | Joe Gibbs Racing | Toyota","Driver",21,10
"Racing",2017,"Playoff","National Treasures","Hats Off Sponsor","Denny Hamlin","FedEx Office | Joe Gibbs Racing | Toyota","Driver",22,10
"Racing",2017,"Playoff","National Treasures","Hats Off Sponsor","Denny Hamlin","FedEx Express | Joe Gibbs Racing | Toyota","Driver",23,5
"Racing",2017,"Playoff","National Treasures","Hats Off Sponsor","Ryan Blaney","Motorcraft | Wood Brothers Racing | Ford","Driver",24,10
"Racing",2017,"Playoff","National Treasures","Hats Off Sponsor","Austin Dillon","Dow Chemical | Richard Childress Racing | Chevrolet","Driver",25,5
"Racing",2017,"Playoff","National Treasures","Hats Off Sponsor","Kyle Larson","Target | Chip Ganassi Racing | Chevrolet","Driver",26,5
"Racing",2017,"Playoff","National Treasures","Hats Off Sponsor","Joey Logano","Shell-Pennzoil | Team Penske | Ford","Driver",27,5
"Racing",2017,"Playoff","National Treasures","Hats Off Sponsor","Joey Logano","Pennzoil | Team Penske | Ford","Driver",28,5
"Racing",2017,"Playoff","National Treasures","Hats Off Sponsor","Dale Earnhardt Jr","Nationwide | Hendrick Motorsports | Chevrolet","Driver",29,5
"Racing",2017,"Playoff","National Treasures","Hats Off Sponsor","Dale Earnhardt Jr","AXALTA | Hendrick Motorsports | Chevrolet","Driver",30,5
"Racing",2017,"Playoff","National Treasures","Hats Off Sponsor","Kasey Kahne","Farmers Insurance | Hendrick Motorsports | Chevrolet","Driver",31,10
"Racing",2017,"Playoff","National Treasures","Jumbo Firesuit Materials","Denny Hamlin","FedEx Express | Joe Gibbs Racing | Toyota","Driver",4,25
"Racing",2017,"Playoff","National Treasures","Jumbo Firesuit Materials Black","Kyle Busch","M&M's | Joe Gibbs Racing | Toyota","Driver",1,1
"Racing",2017,"Playoff","National Treasures","Jumbo Firesuit Materials Black","Joey Logano","Shell-Pennzoil | Team Penske | Ford","Driver",2,1
"Racing",2017,"Playoff","National Treasures","Jumbo Firesuit Materials Black","Kasey Kahne","Farmers Insurance | Hendrick Motorsports | Chevrolet","Driver",3,1
"Racing",2017,"Playoff","National Treasures","Jumbo Firesuit Materials Black","Denny Hamlin","FedEx Express | Joe Gibbs Racing | Toyota","Driver",4,1
"Racing",2017,"Playoff","National Treasures","Jumbo Firesuit Materials Black","Matt Kenseth","DeWalt | Joe Gibbs Racing | Toyota","Driver",5,1
"Racing",2017,"Playoff","National Treasures","Jumbo Firesuit Materials Black","Ryan Blaney","Motorcraft | Wood Brothers Racing | Ford","Driver",6,1
"Racing",2017,"Playoff","National Treasures","Jumbo Firesuit Materials Black","Jamie McMurray","McDonald's | Chip Ganassi Racing | Chevrolet","Driver",7,1
"Racing",2017,"Playoff","National Treasures","Jumbo Firesuit Materials Black","AJ Allmendinger","Kroger | JTG Daugherty Racing | Chevrolet","Driver",8,1
"Racing",2017,"Playoff","National Treasures","Jumbo Firesuit Materials Black","Trevor Bayne","AdvoCare | Roush Fenway Racing | Ford","Driver",9,1
"Racing",2017,"Playoff","National Treasures","Jumbo Firesuit Materials Black","Ricky Stenhouse Jr","SunnyD | Roush Fenway Racing | Ford","Driver",10,1
"Racing",2017,"Playoff","National Treasures","Jumbo Firesuit Materials Gold","Denny Hamlin","FedEx Express | Joe Gibbs Racing | Toyota","Driver",4,15
"Racing",2017,"Playoff","National Treasures","Jumbo Firesuit Materials Gold","Matt Kenseth","DeWalt | Joe Gibbs Racing | Toyota","Driver",5,15
"Racing",2017,"Playoff","National Treasures","Jumbo Firesuit Materials Gold","Jamie McMurray","McDonald's | Chip Ganassi Racing | Chevrolet","Driver",7,15
"Racing",2017,"Playoff","National Treasures","Jumbo Firesuit Materials Green","Kyle Busch","M&M's | Joe Gibbs Racing | Toyota","Driver",1,5
"Racing",2017,"Playoff","National Treasures","Jumbo Firesuit Materials Green","Joey Logano","Shell-Pennzoil | Team Penske | Ford","Driver",2,5
"Racing",2017,"Playoff","National Treasures","Jumbo Firesuit Materials Green","Kasey Kahne","Farmers Insurance | Hendrick Motorsports | Chevrolet","Driver",3,5
"Racing",2017,"Playoff","National Treasures","Jumbo Firesuit Materials Green","Denny Hamlin","FedEx Express | Joe Gibbs Racing | Toyota","Driver",4,5
"Racing",2017,"Playoff","National Treasures","Jumbo Firesuit Materials Green","Matt Kenseth","DeWalt | Joe Gibbs Racing | Toyota","Driver",5,5
"Racing",2017,"Playoff","National Treasures","Jumbo Firesuit Materials Green","Ryan Blaney","Motorcraft | Wood Brothers Racing | Ford","Driver",6,5
"Racing",2017,"Playoff","National Treasures","Jumbo Firesuit Materials Green","Jamie McMurray","McDonald's | Chip Ganassi Racing | Chevrolet","Driver",7,5
"Racing",2017,"Playoff","National Treasures","Jumbo Firesuit Materials Green","AJ Allmendinger","Kroger | JTG Daugherty Racing | Chevrolet","Driver",8,5
"Racing",2017,"Playoff","National Treasures","Jumbo Firesuit Materials Green","Trevor Bayne","AdvoCare | Roush Fenway Racing | Ford","Driver",9,5
"Racing",2017,"Playoff","National Treasures","Jumbo Firesuit Materials Green","Ricky Stenhouse Jr","SunnyD | Roush Fenway Racing | Ford","Driver",10,5
"Racing",2017,"Playoff","National Treasures","Jumbo Firesuit Materials Holo Gold","Kasey Kahne","Farmers Insurance | Hendrick Motorsports | Chevrolet","Driver",3,10
"Racing",2017,"Playoff","National Treasures","Jumbo Firesuit Materials Holo Gold","Denny Hamlin","FedEx Express | Joe Gibbs Racing | Toyota","Driver",4,10
"Racing",2017,"Playoff","National Treasures","Jumbo Firesuit Materials Holo Gold","Matt Kenseth","DeWalt | Joe Gibbs Racing | Toyota","Driver",5,10
"Racing",2017,"Playoff","National Treasures","Jumbo Firesuit Materials Holo Gold","Jamie McMurray","McDonald's | Chip Ganassi Racing | Chevrolet","Driver",7,10
"Racing",2017,"Playoff","National Treasures","Jumbo Firesuit Materials Holo Silver","Denny Hamlin","FedEx Express | Joe Gibbs Racing | Toyota","Driver",4,20
"Racing",2017,"Playoff","National Treasures","Jumbo Firesuit Materials Holo Silver","Jamie McMurray","McDonald's | Chip Ganassi Racing | Chevrolet","Driver",7,20
"Racing",2017,"Playoff","National Treasures","Jumbo Firesuit Materials Laundry Tags","Kyle Busch","M&M's | Joe Gibbs Racing | Toyota","Driver",1,1
"Racing",2017,"Playoff","National Treasures","Jumbo Firesuit Materials Laundry Tags","Joey Logano","Shell-Pennzoil | Team Penske | Ford","Driver",2,1
"Racing",2017,"Playoff","National Treasures","Jumbo Firesuit Materials Laundry Tags","Kasey Kahne","Farmers Insurance | Hendrick Motorsports | Chevrolet","Driver",3,1
"Racing",2017,"Playoff","National Treasures","Jumbo Firesuit Materials Laundry Tags","Denny Hamlin","FedEx Express | Joe Gibbs Racing | Toyota","Driver",4,1
"Racing",2017,"Playoff","National Treasures","Jumbo Firesuit Materials Laundry Tags","Matt Kenseth","DeWalt | Joe Gibbs Racing | Toyota","Driver",5,1
"Racing",2017,"Playoff","National Treasures","Jumbo Firesuit Materials Laundry Tags","Ryan Blaney","Motorcraft | Wood Brothers Racing | Ford","Driver",6,1
"Racing",2017,"Playoff","National Treasures","Jumbo Firesuit Materials Laundry Tags","Jamie McMurray","McDonald's | Chip Ganassi Racing | Chevrolet","Driver",7,1
"Racing",2017,"Playoff","National Treasures","Jumbo Firesuit Materials Laundry Tags","AJ Allmendinger","Kroger | JTG Daugherty Racing | Chevrolet","Driver",8,1
"Racing",2017,"Playoff","National Treasures","Jumbo Firesuit Materials Laundry Tags","Trevor Bayne","AdvoCare | Roush Fenway Racing | Ford","Driver",9,1
"Racing",2017,"Playoff","National Treasures","Jumbo Firesuit Materials Laundry Tags","Ricky Stenhouse Jr","SunnyD | Roush Fenway Racing | Ford","Driver",10,1
"Racing",2017,"Playoff","National Treasures","Jumbo Firesuit Materials Printing Plates Black","Kyle Busch","M&M's | Joe Gibbs Racing | Toyota","Driver",1,1
"Racing",2017,"Playoff","National Treasures","Jumbo Firesuit Materials Printing Plates Black","Joey Logano","Shell-Pennzoil | Team Penske | Ford","Driver",2,1
"Racing",2017,"Playoff","National Treasures","Jumbo Firesuit Materials Printing Plates Black","Kasey Kahne","Farmers Insurance | Hendrick Motorsports | Chevrolet","Driver",3,1
"Racing",2017,"Playoff","National Treasures","Jumbo Firesuit Materials Printing Plates Black","Denny Hamlin","FedEx Express | Joe Gibbs Racing | Toyota","Driver",4,1
"Racing",2017,"Playoff","National Treasures","Jumbo Firesuit Materials Printing Plates Black","Matt Kenseth","DeWalt | Joe Gibbs Racing | Toyota","Driver",5,1
"Racing",2017,"Playoff","National Treasures","Jumbo Firesuit Materials Printing Plates Black","Ryan Blaney","Motorcraft | Wood Brothers Racing | Ford","Driver",6,1
"Racing",2017,"Playoff","National Treasures","Jumbo Firesuit Materials Printing Plates Black","Jamie McMurray","McDonald's | Chip Ganassi Racing | Chevrolet","Driver",7,1
"Racing",2017,"Playoff","National Treasures","Jumbo Firesuit Materials Printing Plates Black","AJ Allmendinger","Kroger | JTG Daugherty Racing | Chevrolet","Driver",8,1
"Racing",2017,"Playoff","National Treasures","Jumbo Firesuit Materials Printing Plates Black","Trevor Bayne","AdvoCare | Roush Fenway Racing | Ford","Driver",9,1
"Racing",2017,"Playoff","National Treasures","Jumbo Firesuit Materials Printing Plates Black","Ricky Stenhouse Jr","SunnyD | Roush Fenway Racing | Ford","Driver",10,1
"Racing",2017,"Playoff","National Treasures","Jumbo Firesuit Materials Printing Plates Cyan","Kyle Busch","M&M's | Joe Gibbs Racing | Toyota","Driver",1,1
"Racing",2017,"Playoff","National Treasures","Jumbo Firesuit Materials Printing Plates Cyan","Joey Logano","Shell-Pennzoil | Team Penske | Ford","Driver",2,1
"Racing",2017,"Playoff","National Treasures","Jumbo Firesuit Materials Printing Plates Cyan","Kasey Kahne","Farmers Insurance | Hendrick Motorsports | Chevrolet","Driver",3,1
"Racing",2017,"Playoff","National Treasures","Jumbo Firesuit Materials Printing Plates Cyan","Denny Hamlin","FedEx Express | Joe Gibbs Racing | Toyota","Driver",4,1
"Racing",2017,"Playoff","National Treasures","Jumbo Firesuit Materials Printing Plates Cyan","Matt Kenseth","DeWalt | Joe Gibbs Racing | Toyota","Driver",5,1
"Racing",2017,"Playoff","National Treasures","Jumbo Firesuit Materials Printing Plates Cyan","Ryan Blaney","Motorcraft | Wood Brothers Racing | Ford","Driver",6,1
"Racing",2017,"Playoff","National Treasures","Jumbo Firesuit Materials Printing Plates Cyan","Jamie McMurray","McDonald's | Chip Ganassi Racing | Chevrolet","Driver",7,1
"Racing",2017,"Playoff","National Treasures","Jumbo Firesuit Materials Printing Plates Cyan","AJ Allmendinger","Kroger | JTG Daugherty Racing | Chevrolet","Driver",8,1
"Racing",2017,"Playoff","National Treasures","Jumbo Firesuit Materials Printing Plates Cyan","Trevor Bayne","AdvoCare | Roush Fenway Racing | Ford","Driver",9,1
"Racing",2017,"Playoff","National Treasures","Jumbo Firesuit Materials Printing Plates Cyan","Ricky Stenhouse Jr","SunnyD | Roush Fenway Racing | Ford","Driver",10,1
"Racing",2017,"Playoff","National Treasures","Jumbo Firesuit Materials Printing Plates Magenta","Kyle Busch","M&M's | Joe Gibbs Racing | Toyota","Driver",1,1
"Racing",2017,"Playoff","National Treasures","Jumbo Firesuit Materials Printing Plates Magenta","Joey Logano","Shell-Pennzoil | Team Penske | Ford","Driver",2,1
"Racing",2017,"Playoff","National Treasures","Jumbo Firesuit Materials Printing Plates Magenta","Kasey Kahne","Farmers Insurance | Hendrick Motorsports | Chevrolet","Driver",3,1
"Racing",2017,"Playoff","National Treasures","Jumbo Firesuit Materials Printing Plates Magenta","Denny Hamlin","FedEx Express | Joe Gibbs Racing | Toyota","Driver",4,1
"Racing",2017,"Playoff","National Treasures","Jumbo Firesuit Materials Printing Plates Magenta","Matt Kenseth","DeWalt | Joe Gibbs Racing | Toyota","Driver",5,1
"Racing",2017,"Playoff","National Treasures","Jumbo Firesuit Materials Printing Plates Magenta","Ryan Blaney","Motorcraft | Wood Brothers Racing | Ford","Driver",6,1
"Racing",2017,"Playoff","National Treasures","Jumbo Firesuit Materials Printing Plates Magenta","Jamie McMurray","McDonald's | Chip Ganassi Racing | Chevrolet","Driver",7,1
"Racing",2017,"Playoff","National Treasures","Jumbo Firesuit Materials Printing Plates Magenta","AJ Allmendinger","Kroger | JTG Daugherty Racing | Chevrolet","Driver",8,1
"Racing",2017,"Playoff","National Treasures","Jumbo Firesuit Materials Printing Plates Magenta","Trevor Bayne","AdvoCare | Roush Fenway Racing | Ford","Driver",9,1
"Racing",2017,"Playoff","National Treasures","Jumbo Firesuit Materials Printing Plates Magenta","Ricky Stenhouse Jr","SunnyD | Roush Fenway Racing | Ford","Driver",10,1
"Racing",2017,"Playoff","National Treasures","Jumbo Firesuit Materials Printing Plates Yellow","Kyle Busch","M&M's | Joe Gibbs Racing | Toyota","Driver",1,1
"Racing",2017,"Playoff","National Treasures","Jumbo Firesuit Materials Printing Plates Yellow","Joey Logano","Shell-Pennzoil | Team Penske | Ford","Driver",2,1
"Racing",2017,"Playoff","National Treasures","Jumbo Firesuit Materials Printing Plates Yellow","Kasey Kahne","Farmers Insurance | Hendrick Motorsports | Chevrolet","Driver",3,1
"Racing",2017,"Playoff","National Treasures","Jumbo Firesuit Materials Printing Plates Yellow","Denny Hamlin","FedEx Express | Joe Gibbs Racing | Toyota","Driver",4,1
"Racing",2017,"Playoff","National Treasures","Jumbo Firesuit Materials Printing Plates Yellow","Matt Kenseth","DeWalt | Joe Gibbs Racing | Toyota","Driver",5,1
"Racing",2017,"Playoff","National Treasures","Jumbo Firesuit Materials Printing Plates Yellow","Ryan Blaney","Motorcraft | Wood Brothers Racing | Ford","Driver",6,1
"Racing",2017,"Playoff","National Treasures","Jumbo Firesuit Materials Printing Plates Yellow","Jamie McMurray","McDonald's | Chip Ganassi Racing | Chevrolet","Driver",7,1
"Racing",2017,"Playoff","National Treasures","Jumbo Firesuit Materials Printing Plates Yellow","AJ Allmendinger","Kroger | JTG Daugherty Racing | Chevrolet","Driver",8,1
"Racing",2017,"Playoff","National Treasures","Jumbo Firesuit Materials Printing Plates Yellow","Trevor Bayne","AdvoCare | Roush Fenway Racing | Ford","Driver",9,1
"Racing",2017,"Playoff","National Treasures","Jumbo Firesuit Materials Printing Plates Yellow","Ricky Stenhouse Jr","SunnyD | Roush Fenway Racing | Ford","Driver",10,1
"Racing",2017,"Playoff","National Treasures","Jumbo Firesuit Signatures","AJ Allmendinger","Kroger | JTG Daugherty Racing | Chevrolet","Driver",1,25
"Racing",2017,"Playoff","National Treasures","Jumbo Firesuit Signatures","Clint Bowyer","Mobil 1 | Stewart-Haas Racing | Ford","Driver",2,25
"Racing",2017,"Playoff","National Treasures","Jumbo Firesuit Signatures","Greg Biffle","3M | Roush Fenway Racing | Ford","Car",6,25
"Racing",2017,"Playoff","National Treasures","Jumbo Firesuit Signatures","John Hunter Nemechek","Fire Alarm Services | NEMCO Motorsports | Chevrolet","Driver",7,25
"Racing",2017,"Playoff","National Treasures","Jumbo Firesuit Signatures","Martin Truex Jr.","Bass Pro Shops-TRACKER Boats | Furniture Row Racing | Toyota","Driver",9,25
"Racing",2017,"Playoff","National Treasures","Jumbo Firesuit Signatures","Ryan Newman","Caterpillar | Richard Childress Racing | Chevrolet","Driver",10,25
"Racing",2017,"Playoff","National Treasures","Jumbo Firesuit Signatures","Bobby Labonte","C&J Energy Services | Go FAS Racing | Ford","Driver",13,25
"Racing",2017,"Playoff","National Treasures","Jumbo Firesuit Signatures","Derrike Cope","Stoke Racing | Fred Stoke | Ford","Driver",14,25
"Racing",2017,"Playoff","National Treasures","Jumbo Firesuit Signatures","Kaz Grala","Kiklos | GMS Racing | Chevrolet","Driver",15,25
"Racing",2017,"Playoff","National Treasures","Jumbo Firesuit Signatures","Tony Stewart","Mobil 1 | Stewart-Haas Racing | Chevrolet","Driver",16,25
"Racing",2017,"Playoff","National Treasures","Jumbo Firesuit Signatures Black","AJ Allmendinger","Kroger | JTG Daugherty Racing | Chevrolet","Driver",1,1
"Racing",2017,"Playoff","National Treasures","Jumbo Firesuit Signatures Black","Clint Bowyer","Mobil 1 | Stewart-Haas Racing | Ford","Driver",2,1
"Racing",2017,"Playoff","National Treasures","Jumbo Firesuit Signatures Black","Cole Custer","Haas Automation | Stewart-Haas Racing | Ford","Driver",3,1
"Racing",2017,"Playoff","National Treasures","Jumbo Firesuit Signatures Black","Dale Earnhardt Jr","Nationwide | Hendrick Motorsports | Chevrolet","Driver",4,1
"Racing",2017,"Playoff","National Treasures","Jumbo Firesuit Signatures Black","Daniel Hemric","Blue Gate Bank | Richard Childress Racing | Chevrolet","Driver",5,1
"Racing",2017,"Playoff","National Treasures","Jumbo Firesuit Signatures Black","Greg Biffle","3M | Roush Fenway Racing | Ford","Car",6,1
"Racing",2017,"Playoff","National Treasures","Jumbo Firesuit Signatures Black","John Hunter Nemechek","Fire Alarm Services | NEMCO Motorsports | Chevrolet","Driver",7,1
"Racing",2017,"Playoff","National Treasures","Jumbo Firesuit Signatures Black","Kasey Kahne","Farmers Insurance | Hendrick Motorsports | Chevrolet","Driver",8,1
"Racing",2017,"Playoff","National Treasures","Jumbo Firesuit Signatures Black","Martin Truex Jr.","Bass Pro Shops-TRACKER Boats | Furniture Row Racing | Toyota","Driver",9,1
"Racing",2017,"Playoff","National Treasures","Jumbo Firesuit Signatures Black","Ryan Newman","Caterpillar | Richard Childress Racing | Chevrolet","Driver",10,1
"Racing",2017,"Playoff","National Treasures","Jumbo Firesuit Signatures Black","Kurt Busch","Haas Automation | Stewart-Haas Racing | Ford","Driver",11,1
"Racing",2017,"Playoff","National Treasures","Jumbo Firesuit Signatures Black","Jamie McMurray","Cessna | Chip Ganassi Racing | Chevrolet","Driver",12,1
"Racing",2017,"Playoff","National Treasures","Jumbo Firesuit Signatures Black","Bobby Labonte","C&J Energy Services | Go FAS Racing | Ford","Driver",13,1
"Racing",2017,"Playoff","National Treasures","Jumbo Firesuit Signatures Black","Derrike Cope","Stoke Racing | Fred Stoke | Ford","Driver",14,1
"Racing",2017,"Playoff","National Treasures","Jumbo Firesuit Signatures Black","Kaz Grala","Kiklos | GMS Racing | Chevrolet","Driver",15,1
"Racing",2017,"Playoff","National Treasures","Jumbo Firesuit Signatures Black","Tony Stewart","Mobil 1 | Stewart-Haas Racing | Chevrolet","Driver",16,1
"Racing",2017,"Playoff","National Treasures","Jumbo Firesuit Signatures Gold","AJ Allmendinger","Kroger | JTG Daugherty Racing | Chevrolet","Driver",1,15
"Racing",2017,"Playoff","National Treasures","Jumbo Firesuit Signatures Gold","Clint Bowyer","Mobil 1 | Stewart-Haas Racing | Ford","Driver",2,15
"Racing",2017,"Playoff","National Treasures","Jumbo Firesuit Signatures Gold","Cole Custer","Haas Automation | Stewart-Haas Racing | Ford","Driver",3,15
"Racing",2017,"Playoff","National Treasures","Jumbo Firesuit Signatures Gold","Dale Earnhardt Jr","Nationwide | Hendrick Motorsports | Chevrolet","Driver",4,15
"Racing",2017,"Playoff","National Treasures","Jumbo Firesuit Signatures Gold","Daniel Hemric","Blue Gate Bank | Richard Childress Racing | Chevrolet","Driver",5,15
"Racing",2017,"Playoff","National Treasures","Jumbo Firesuit Signatures Gold","Greg Biffle","3M | Roush Fenway Racing | Ford","Car",6,15
"Racing",2017,"Playoff","National Treasures","Jumbo Firesuit Signatures Gold","John Hunter Nemechek","Fire Alarm Services | NEMCO Motorsports | Chevrolet","Driver",7,15
"Racing",2017,"Playoff","National Treasures","Jumbo Firesuit Signatures Gold","Martin Truex Jr.","Bass Pro Shops-TRACKER Boats | Furniture Row Racing | Toyota","Driver",9,15
"Racing",2017,"Playoff","National Treasures","Jumbo Firesuit Signatures Gold","Ryan Newman","Caterpillar | Richard Childress Racing | Chevrolet","Driver",10,15
"Racing",2017,"Playoff","National Treasures","Jumbo Firesuit Signatures Gold","Bobby Labonte","C&J Energy Services | Go FAS Racing | Ford","Driver",13,15
"Racing",2017,"Playoff","National Treasures","Jumbo Firesuit Signatures Gold","Derrike Cope","Stoke Racing | Fred Stoke | Ford","Driver",14,15
"Racing",2017,"Playoff","National Treasures","Jumbo Firesuit Signatures Gold","Kaz Grala","Kiklos | GMS Racing | Chevrolet","Driver",15,15
"Racing",2017,"Playoff","National Treasures","Jumbo Firesuit Signatures Gold","Tony Stewart","Mobil 1 | Stewart-Haas Racing | Chevrolet","Driver",16,15
"Racing",2017,"Playoff","National Treasures","Jumbo Firesuit Signatures Green","AJ Allmendinger","Kroger | JTG Daugherty Racing | Chevrolet","Driver",1,5
"Racing",2017,"Playoff","National Treasures","Jumbo Firesuit Signatures Green","Clint Bowyer","Mobil 1 | Stewart-Haas Racing | Ford","Driver",2,5
"Racing",2017,"Playoff","National Treasures","Jumbo Firesuit Signatures Green","Cole Custer","Haas Automation | Stewart-Haas Racing | Ford","Driver",3,5
"Racing",2017,"Playoff","National Treasures","Jumbo Firesuit Signatures Green","Dale Earnhardt Jr","Nationwide | Hendrick Motorsports | Chevrolet","Driver",4,5
"Racing",2017,"Playoff","National Treasures","Jumbo Firesuit Signatures Green","Daniel Hemric","Blue Gate Bank | Richard Childress Racing | Chevrolet","Driver",5,5
"Racing",2017,"Playoff","National Treasures","Jumbo Firesuit Signatures Green","Greg Biffle","3M | Roush Fenway Racing | Ford","Car",6,5
"Racing",2017,"Playoff","National Treasures","Jumbo Firesuit Signatures Green","John Hunter Nemechek","Fire Alarm Services | NEMCO Motorsports | Chevrolet","Driver",7,5
"Racing",2017,"Playoff","National Treasures","Jumbo Firesuit Signatures Green","Kasey Kahne","Farmers Insurance | Hendrick Motorsports | Chevrolet","Driver",8,5
"Racing",2017,"Playoff","National Treasures","Jumbo Firesuit Signatures Green","Martin Truex Jr.","Bass Pro Shops-TRACKER Boats | Furniture Row Racing | Toyota","Driver",9,5
"Racing",2017,"Playoff","National Treasures","Jumbo Firesuit Signatures Green","Ryan Newman","Caterpillar | Richard Childress Racing | Chevrolet","Driver",10,5
"Racing",2017,"Playoff","National Treasures","Jumbo Firesuit Signatures Green","Kurt Busch","Haas Automation | Stewart-Haas Racing | Ford","Driver",11,5
"Racing",2017,"Playoff","National Treasures","Jumbo Firesuit Signatures Green","Jamie McMurray","Cessna | Chip Ganassi Racing | Chevrolet","Driver",12,5
"Racing",2017,"Playoff","National Treasures","Jumbo Firesuit Signatures Green","Bobby Labonte","C&J Energy Services | Go FAS Racing | Ford","Driver",13,5
"Racing",2017,"Playoff","National Treasures","Jumbo Firesuit Signatures Green","Derrike Cope","Stoke Racing | Fred Stoke | Ford","Driver",14,5
"Racing",2017,"Playoff","National Treasures","Jumbo Firesuit Signatures Green","Kaz Grala","Kiklos | GMS Racing | Chevrolet","Driver",15,5
"Racing",2017,"Playoff","National Treasures","Jumbo Firesuit Signatures Green","Tony Stewart","Mobil 1 | Stewart-Haas Racing | Chevrolet","Driver",16,5
"Racing",2017,"Playoff","National Treasures","Jumbo Firesuit Signatures Holo Gold","AJ Allmendinger","Kroger | JTG Daugherty Racing | Chevrolet","Driver",1,10
"Racing",2017,"Playoff","National Treasures","Jumbo Firesuit Signatures Holo Gold","Clint Bowyer","Mobil 1 | Stewart-Haas Racing | Ford","Driver",2,10
"Racing",2017,"Playoff","National Treasures","Jumbo Firesuit Signatures Holo Gold","Cole Custer","Haas Automation | Stewart-Haas Racing | Ford","Driver",3,10
"Racing",2017,"Playoff","National Treasures","Jumbo Firesuit Signatures Holo Gold","Dale Earnhardt Jr","Nationwide | Hendrick Motorsports | Chevrolet","Driver",4,8
"Racing",2017,"Playoff","National Treasures","Jumbo Firesuit Signatures Holo Gold","Daniel Hemric","Blue Gate Bank | Richard Childress Racing | Chevrolet","Driver",5,10
"Racing",2017,"Playoff","National Treasures","Jumbo Firesuit Signatures Holo Gold","Greg Biffle","3M | Roush Fenway Racing | Ford","Car",6,10
"Racing",2017,"Playoff","National Treasures","Jumbo Firesuit Signatures Holo Gold","John Hunter Nemechek","Fire Alarm Services | NEMCO Motorsports | Chevrolet","Driver",7,10
"Racing",2017,"Playoff","National Treasures","Jumbo Firesuit Signatures Holo Gold","Martin Truex Jr.","Bass Pro Shops-TRACKER Boats | Furniture Row Racing | Toyota","Driver",9,10
"Racing",2017,"Playoff","National Treasures","Jumbo Firesuit Signatures Holo Gold","Ryan Newman","Caterpillar | Richard Childress Racing | Chevrolet","Driver",10,10
"Racing",2017,"Playoff","National Treasures","Jumbo Firesuit Signatures Holo Gold","Kurt Busch","Haas Automation | Stewart-Haas Racing | Ford","Driver",11,10
"Racing",2017,"Playoff","National Treasures","Jumbo Firesuit Signatures Holo Gold","Jamie McMurray","Cessna | Chip Ganassi Racing | Chevrolet","Driver",12,10
"Racing",2017,"Playoff","National Treasures","Jumbo Firesuit Signatures Holo Gold","Bobby Labonte","C&J Energy Services | Go FAS Racing | Ford","Driver",13,10
"Racing",2017,"Playoff","National Treasures","Jumbo Firesuit Signatures Holo Gold","Derrike Cope","Stoke Racing | Fred Stoke | Ford","Driver",14,10
"Racing",2017,"Playoff","National Treasures","Jumbo Firesuit Signatures Holo Gold","Kaz Grala","Kiklos | GMS Racing | Chevrolet","Driver",15,10
"Racing",2017,"Playoff","National Treasures","Jumbo Firesuit Signatures Holo Gold","Tony Stewart","Mobil 1 | Stewart-Haas Racing | Chevrolet","Driver",16,10
"Racing",2017,"Playoff","National Treasures","Jumbo Firesuit Signatures Holo Silver","AJ Allmendinger","Kroger | JTG Daugherty Racing | Chevrolet","Driver",1,20
"Racing",2017,"Playoff","National Treasures","Jumbo Firesuit Signatures Holo Silver","Clint Bowyer","Mobil 1 | Stewart-Haas Racing | Ford","Driver",2,20
"Racing",2017,"Playoff","National Treasures","Jumbo Firesuit Signatures Holo Silver","Dale Earnhardt Jr","Nationwide | Hendrick Motorsports | Chevrolet","Driver",4,20
"Racing",2017,"Playoff","National Treasures","Jumbo Firesuit Signatures Holo Silver","Daniel Hemric","Blue Gate Bank | Richard Childress Racing | Chevrolet","Driver",5,20
"Racing",2017,"Playoff","National Treasures","Jumbo Firesuit Signatures Holo Silver","Greg Biffle","3M | Roush Fenway Racing | Ford","Car",6,20
"Racing",2017,"Playoff","National Treasures","Jumbo Firesuit Signatures Holo Silver","John Hunter Nemechek","Fire Alarm Services | NEMCO Motorsports | Chevrolet","Driver",7,20
"Racing",2017,"Playoff","National Treasures","Jumbo Firesuit Signatures Holo Silver","Martin Truex Jr.","Bass Pro Shops-TRACKER Boats | Furniture Row Racing | Toyota","Driver",9,20
"Racing",2017,"Playoff","National Treasures","Jumbo Firesuit Signatures Holo Silver","Ryan Newman","Caterpillar | Richard Childress Racing | Chevrolet","Driver",10,20
"Racing",2017,"Playoff","National Treasures","Jumbo Firesuit Signatures Holo Silver","Bobby Labonte","C&J Energy Services | Go FAS Racing | Ford","Driver",13,20
"Racing",2017,"Playoff","National Treasures","Jumbo Firesuit Signatures Holo Silver","Derrike Cope","Stoke Racing | Fred Stoke | Ford","Driver",14,20
"Racing",2017,"Playoff","National Treasures","Jumbo Firesuit Signatures Holo Silver","Kaz Grala","Kiklos | GMS Racing | Chevrolet","Driver",15,20
"Racing",2017,"Playoff","National Treasures","Jumbo Firesuit Signatures Holo Silver","Tony Stewart","Mobil 1 | Stewart-Haas Racing | Chevrolet","Driver",16,20
"Racing",2017,"Playoff","National Treasures","Jumbo Firesuit Signatures Laundry Tags","AJ Allmendinger","Kroger | JTG Daugherty Racing | Chevrolet","Driver",1,1
"Racing",2017,"Playoff","National Treasures","Jumbo Firesuit Signatures Laundry Tags","Clint Bowyer","Mobil 1 | Stewart-Haas Racing | Ford","Driver",2,1
"Racing",2017,"Playoff","National Treasures","Jumbo Firesuit Signatures Laundry Tags","Cole Custer","Haas Automation | Stewart-Haas Racing | Ford","Driver",3,1
"Racing",2017,"Playoff","National Treasures","Jumbo Firesuit Signatures Laundry Tags","Dale Earnhardt Jr","Nationwide | Hendrick Motorsports | Chevrolet","Driver",4,1
"Racing",2017,"Playoff","National Treasures","Jumbo Firesuit Signatures Laundry Tags","Daniel Hemric","Blue Gate Bank | Richard Childress Racing | Chevrolet","Driver",5,1
"Racing",2017,"Playoff","National Treasures","Jumbo Firesuit Signatures Laundry Tags","Greg Biffle","3M | Roush Fenway Racing | Ford","Car",6,1
"Racing",2017,"Playoff","National Treasures","Jumbo Firesuit Signatures Laundry Tags","John Hunter Nemechek","Fire Alarm Services | NEMCO Motorsports | Chevrolet","Driver",7,1
"Racing",2017,"Playoff","National Treasures","Jumbo Firesuit Signatures Laundry Tags","Kasey Kahne","Farmers Insurance | Hendrick Motorsports | Chevrolet","Driver",8,1
"Racing",2017,"Playoff","National Treasures","Jumbo Firesuit Signatures Laundry Tags","Martin Truex Jr.","Bass Pro Shops-TRACKER Boats | Furniture Row Racing | Toyota","Driver",9,1
"Racing",2017,"Playoff","National Treasures","Jumbo Firesuit Signatures Laundry Tags","Ryan Newman","Caterpillar | Richard Childress Racing | Chevrolet","Driver",10,1
"Racing",2017,"Playoff","National Treasures","Jumbo Firesuit Signatures Laundry Tags","Kurt Busch","Haas Automation | Stewart-Haas Racing | Ford","Driver",11,1
"Racing",2017,"Playoff","National Treasures","Jumbo Firesuit Signatures Laundry Tags","Jamie McMurray","Cessna | Chip Ganassi Racing | Chevrolet","Driver",12,1
"Racing",2017,"Playoff","National Treasures","Jumbo Firesuit Signatures Laundry Tags","Bobby Labonte","C&J Energy Services | Go FAS Racing | Ford","Driver",13,1
"Racing",2017,"Playoff","National Treasures","Jumbo Firesuit Signatures Laundry Tags","Kaz Grala","Kiklos | GMS Racing | Chevrolet","Driver",15,1
"Racing",2017,"Playoff","National Treasures","Jumbo Firesuit Signatures Laundry Tags","Tony Stewart","Mobil 1 | Stewart-Haas Racing | Chevrolet","Driver",16,1
"Racing",2017,"Playoff","National Treasures","Jumbo Firesuit Signatures Printing Plates Black","AJ Allmendinger","Kroger | JTG Daugherty Racing | Chevrolet","Driver",1,1
"Racing",2017,"Playoff","National Treasures","Jumbo Firesuit Signatures Printing Plates Black","Clint Bowyer","Mobil 1 | Stewart-Haas Racing | Ford","Driver",2,1
"Racing",2017,"Playoff","National Treasures","Jumbo Firesuit Signatures Printing Plates Black","Cole Custer","Haas Automation | Stewart-Haas Racing | Ford","Driver",3,1
"Racing",2017,"Playoff","National Treasures","Jumbo Firesuit Signatures Printing Plates Black","Dale Earnhardt Jr","Nationwide | Hendrick Motorsports | Chevrolet","Driver",4,1
"Racing",2017,"Playoff","National Treasures","Jumbo Firesuit Signatures Printing Plates Black","Daniel Hemric","Blue Gate Bank | Richard Childress Racing | Chevrolet","Driver",5,1
"Racing",2017,"Playoff","National Treasures","Jumbo Firesuit Signatures Printing Plates Black","Greg Biffle","3M | Roush Fenway Racing | Ford","Car",6,1
"Racing",2017,"Playoff","National Treasures","Jumbo Firesuit Signatures Printing Plates Black","John Hunter Nemechek","Fire Alarm Services | NEMCO Motorsports | Chevrolet","Driver",7,1
"Racing",2017,"Playoff","National Treasures","Jumbo Firesuit Signatures Printing Plates Black","Kasey Kahne","Farmers Insurance | Hendrick Motorsports | Chevrolet","Driver",8,1
"Racing",2017,"Playoff","National Treasures","Jumbo Firesuit Signatures Printing Plates Black","Martin Truex Jr.","Bass Pro Shops-TRACKER Boats | Furniture Row Racing | Toyota","Driver",9,1
"Racing",2017,"Playoff","National Treasures","Jumbo Firesuit Signatures Printing Plates Black","Ryan Newman","Caterpillar | Richard Childress Racing | Chevrolet","Driver",10,1
"Racing",2017,"Playoff","National Treasures","Jumbo Firesuit Signatures Printing Plates Black","Kurt Busch","Haas Automation | Stewart-Haas Racing | Ford","Driver",11,1
"Racing",2017,"Playoff","National Treasures","Jumbo Firesuit Signatures Printing Plates Black","Jamie McMurray","Cessna | Chip Ganassi Racing | Chevrolet","Driver",12,1
"Racing",2017,"Playoff","National Treasures","Jumbo Firesuit Signatures Printing Plates Black","Bobby Labonte","C&J Energy Services | Go FAS Racing | Ford","Driver",13,1
"Racing",2017,"Playoff","National Treasures","Jumbo Firesuit Signatures Printing Plates Black","Derrike Cope","Stoke Racing | Fred Stoke | Ford","Driver",14,1
"Racing",2017,"Playoff","National Treasures","Jumbo Firesuit Signatures Printing Plates Black","Kaz Grala","Kiklos | GMS Racing | Chevrolet","Driver",15,1
"Racing",2017,"Playoff","National Treasures","Jumbo Firesuit Signatures Printing Plates Black","Tony Stewart","Mobil 1 | Stewart-Haas Racing | Chevrolet","Driver",16,1
"Racing",2017,"Playoff","National Treasures","Jumbo Firesuit Signatures Printing Plates Cyan","AJ Allmendinger","Kroger | JTG Daugherty Racing | Chevrolet","Driver",1,1
"Racing",2017,"Playoff","National Treasures","Jumbo Firesuit Signatures Printing Plates Cyan","Clint Bowyer","Mobil 1 | Stewart-Haas Racing | Ford","Driver",2,1
"Racing",2017,"Playoff","National Treasures","Jumbo Firesuit Signatures Printing Plates Cyan","Cole Custer","Haas Automation | Stewart-Haas Racing | Ford","Driver",3,1
"Racing",2017,"Playoff","National Treasures","Jumbo Firesuit Signatures Printing Plates Cyan","Dale Earnhardt Jr","Nationwide | Hendrick Motorsports | Chevrolet","Driver",4,1
"Racing",2017,"Playoff","National Treasures","Jumbo Firesuit Signatures Printing Plates Cyan","Daniel Hemric","Blue Gate Bank | Richard Childress Racing | Chevrolet","Driver",5,1
"Racing",2017,"Playoff","National Treasures","Jumbo Firesuit Signatures Printing Plates Cyan","Greg Biffle","3M | Roush Fenway Racing | Ford","Car",6,1
"Racing",2017,"Playoff","National Treasures","Jumbo Firesuit Signatures Printing Plates Cyan","John Hunter Nemechek","Fire Alarm Services | NEMCO Motorsports | Chevrolet","Driver",7,1
"Racing",2017,"Playoff","National Treasures","Jumbo Firesuit Signatures Printing Plates Cyan","Kasey Kahne","Farmers Insurance | Hendrick Motorsports | Chevrolet","Driver",8,1
"Racing",2017,"Playoff","National Treasures","Jumbo Firesuit Signatures Printing Plates Cyan","Martin Truex Jr.","Bass Pro Shops-TRACKER Boats | Furniture Row Racing | Toyota","Driver",9,1
"Racing",2017,"Playoff","National Treasures","Jumbo Firesuit Signatures Printing Plates Cyan","Ryan Newman","Caterpillar | Richard Childress Racing | Chevrolet","Driver",10,1
"Racing",2017,"Playoff","National Treasures","Jumbo Firesuit Signatures Printing Plates Cyan","Kurt Busch","Haas Automation | Stewart-Haas Racing | Ford","Driver",11,1
"Racing",2017,"Playoff","National Treasures","Jumbo Firesuit Signatures Printing Plates Cyan","Jamie McMurray","Cessna | Chip Ganassi Racing | Chevrolet","Driver",12,1
"Racing",2017,"Playoff","National Treasures","Jumbo Firesuit Signatures Printing Plates Cyan","Bobby Labonte","C&J Energy Services | Go FAS Racing | Ford","Driver",13,1
"Racing",2017,"Playoff","National Treasures","Jumbo Firesuit Signatures Printing Plates Cyan","Derrike Cope","Stoke Racing | Fred Stoke | Ford","Driver",14,1
"Racing",2017,"Playoff","National Treasures","Jumbo Firesuit Signatures Printing Plates Cyan","Kaz Grala","Kiklos | GMS Racing | Chevrolet","Driver",15,1
"Racing",2017,"Playoff","National Treasures","Jumbo Firesuit Signatures Printing Plates Cyan","Tony Stewart","Mobil 1 | Stewart-Haas Racing | Chevrolet","Driver",16,1
"Racing",2017,"Playoff","National Treasures","Jumbo Firesuit Signatures Printing Plates Magenta","AJ Allmendinger","Kroger | JTG Daugherty Racing | Chevrolet","Driver",1,1
"Racing",2017,"Playoff","National Treasures","Jumbo Firesuit Signatures Printing Plates Magenta","Clint Bowyer","Mobil 1 | Stewart-Haas Racing | Ford","Driver",2,1
"Racing",2017,"Playoff","National Treasures","Jumbo Firesuit Signatures Printing Plates Magenta","Cole Custer","Haas Automation | Stewart-Haas Racing | Ford","Driver",3,1
"Racing",2017,"Playoff","National Treasures","Jumbo Firesuit Signatures Printing Plates Magenta","Dale Earnhardt Jr","Nationwide | Hendrick Motorsports | Chevrolet","Driver",4,1
"Racing",2017,"Playoff","National Treasures","Jumbo Firesuit Signatures Printing Plates Magenta","Daniel Hemric","Blue Gate Bank | Richard Childress Racing | Chevrolet","Driver",5,1
"Racing",2017,"Playoff","National Treasures","Jumbo Firesuit Signatures Printing Plates Magenta","Greg Biffle","3M | Roush Fenway Racing | Ford","Car",6,1
"Racing",2017,"Playoff","National Treasures","Jumbo Firesuit Signatures Printing Plates Magenta","John Hunter Nemechek","Fire Alarm Services | NEMCO Motorsports | Chevrolet","Driver",7,1
"Racing",2017,"Playoff","National Treasures","Jumbo Firesuit Signatures Printing Plates Magenta","Kasey Kahne","Farmers Insurance | Hendrick Motorsports | Chevrolet","Driver",8,1
"Racing",2017,"Playoff","National Treasures","Jumbo Firesuit Signatures Printing Plates Magenta","Martin Truex Jr.","Bass Pro Shops-TRACKER Boats | Furniture Row Racing | Toyota","Driver",9,1
"Racing",2017,"Playoff","National Treasures","Jumbo Firesuit Signatures Printing Plates Magenta","Ryan Newman","Caterpillar | Richard Childress Racing | Chevrolet","Driver",10,1
"Racing",2017,"Playoff","National Treasures","Jumbo Firesuit Signatures Printing Plates Magenta","Kurt Busch","Haas Automation | Stewart-Haas Racing | Ford","Driver",11,1
"Racing",2017,"Playoff","National Treasures","Jumbo Firesuit Signatures Printing Plates Magenta","Jamie McMurray","Cessna | Chip Ganassi Racing | Chevrolet","Driver",12,1
"Racing",2017,"Playoff","National Treasures","Jumbo Firesuit Signatures Printing Plates Magenta","Bobby Labonte","C&J Energy Services | Go FAS Racing | Ford","Driver",13,1
"Racing",2017,"Playoff","National Treasures","Jumbo Firesuit Signatures Printing Plates Magenta","Derrike Cope","Stoke Racing | Fred Stoke | Ford","Driver",14,1
"Racing",2017,"Playoff","National Treasures","Jumbo Firesuit Signatures Printing Plates Magenta","Kaz Grala","Kiklos | GMS Racing | Chevrolet","Driver",15,1
"Racing",2017,"Playoff","National Treasures","Jumbo Firesuit Signatures Printing Plates Magenta","Tony Stewart","Mobil 1 | Stewart-Haas Racing | Chevrolet","Driver",16,1
"Racing",2017,"Playoff","National Treasures","Jumbo Firesuit Signatures Printing Plates Yellow","AJ Allmendinger","Kroger | JTG Daugherty Racing | Chevrolet","Driver",1,1
"Racing",2017,"Playoff","National Treasures","Jumbo Firesuit Signatures Printing Plates Yellow","Clint Bowyer","Mobil 1 | Stewart-Haas Racing | Ford","Driver",2,1
"Racing",2017,"Playoff","National Treasures","Jumbo Firesuit Signatures Printing Plates Yellow","Cole Custer","Haas Automation | Stewart-Haas Racing | Ford","Driver",3,1
"Racing",2017,"Playoff","National Treasures","Jumbo Firesuit Signatures Printing Plates Yellow","Dale Earnhardt Jr","Nationwide | Hendrick Motorsports | Chevrolet","Driver",4,1
"Racing",2017,"Playoff","National Treasures","Jumbo Firesuit Signatures Printing Plates Yellow","Daniel Hemric","Blue Gate Bank | Richard Childress Racing | Chevrolet","Driver",5,1
"Racing",2017,"Playoff","National Treasures","Jumbo Firesuit Signatures Printing Plates Yellow","Greg Biffle","3M | Roush Fenway Racing | Ford","Car",6,1
"Racing",2017,"Playoff","National Treasures","Jumbo Firesuit Signatures Printing Plates Yellow","John Hunter Nemechek","Fire Alarm Services | NEMCO Motorsports | Chevrolet","Driver",7,1
"Racing",2017,"Playoff","National Treasures","Jumbo Firesuit Signatures Printing Plates Yellow","Kasey Kahne","Farmers Insurance | Hendrick Motorsports | Chevrolet","Driver",8,1
"Racing",2017,"Playoff","National Treasures","Jumbo Firesuit Signatures Printing Plates Yellow","Martin Truex Jr.","Bass Pro Shops-TRACKER Boats | Furniture Row Racing | Toyota","Driver",9,1
"Racing",2017,"Playoff","National Treasures","Jumbo Firesuit Signatures Printing Plates Yellow","Ryan Newman","Caterpillar | Richard Childress Racing | Chevrolet","Driver",10,1
"Racing",2017,"Playoff","National Treasures","Jumbo Firesuit Signatures Printing Plates Yellow","Kurt Busch","Haas Automation | Stewart-Haas Racing | Ford","Driver",11,1
"Racing",2017,"Playoff","National Treasures","Jumbo Firesuit Signatures Printing Plates Yellow","Jamie McMurray","Cessna | Chip Ganassi Racing | Chevrolet","Driver",12,1
"Racing",2017,"Playoff","National Treasures","Jumbo Firesuit Signatures Printing Plates Yellow","Bobby Labonte","C&J Energy Services | Go FAS Racing | Ford","Driver",13,1
"Racing",2017,"Playoff","National Treasures","Jumbo Firesuit Signatures Printing Plates Yellow","Derrike Cope","Stoke Racing | Fred Stoke | Ford","Driver",14,1
"Racing",2017,"Playoff","National Treasures","Jumbo Firesuit Signatures Printing Plates Yellow","Kaz Grala","Kiklos | GMS Racing | Chevrolet","Driver",15,1
"Racing",2017,"Playoff","National Treasures","Jumbo Firesuit Signatures Printing Plates Yellow","Tony Stewart","Mobil 1 | Stewart-Haas Racing | Chevrolet","Driver",16,1
"Racing",2017,"Playoff","National Treasures","Jumbo Sheet Metal Materials","Jimmie Johnson","Lowe's | Hendrick Motorsports | Chevrolet","Driver",1,25
"Racing",2017,"Playoff","National Treasures","Jumbo Sheet Metal Materials Black","Jimmie Johnson","Lowe's | Hendrick Motorsports | Chevrolet","Driver",1,1
"Racing",2017,"Playoff","National Treasures","Jumbo Sheet Metal Materials Black","Dale Earnhardt Jr","Nationwide | Hendrick Motorsports | Chevrolet","Driver",2,1
"Racing",2017,"Playoff","National Treasures","Jumbo Sheet Metal Materials Black","Kevin Harvick","Jimmy John's | Stewart-Haas Racing | Ford","Driver",3,1
"Racing",2017,"Playoff","National Treasures","Jumbo Sheet Metal Materials Black","Danica Patrick","Aspen Dental | Stewart-Haas Racing | Ford","Driver",4,1
"Racing",2017,"Playoff","National Treasures","Jumbo Sheet Metal Materials Black","Chase Elliott","NAPA Auto Parts | Hendrick Motorsports | Chevrolet","Driver",5,1
"Racing",2017,"Playoff","National Treasures","Jumbo Sheet Metal Materials Black","Jamie McMurray","Cessna | Chip Ganassi Racing | Chevrolet","Driver",7,1
"Racing",2017,"Playoff","National Treasures","Jumbo Sheet Metal Materials Black","Ryan Blaney","Motorcraft | Wood Brothers Racing | Ford","Driver",8,1
"Racing",2017,"Playoff","National Treasures","Jumbo Sheet Metal Materials Black","Denny Hamlin","FedEx Express | Joe Gibbs Racing | Toyota","Driver",9,1
"Racing",2017,"Playoff","National Treasures","Jumbo Sheet Metal Materials Gold","Jimmie Johnson","Lowe's | Hendrick Motorsports | Chevrolet","Driver",1,15
"Racing",2017,"Playoff","National Treasures","Jumbo Sheet Metal Materials Gold","Dale Earnhardt Jr","Nationwide | Hendrick Motorsports | Chevrolet","Driver",2,15
"Racing",2017,"Playoff","National Treasures","Jumbo Sheet Metal Materials Gold","Chase Elliott","NAPA Auto Parts | Hendrick Motorsports | Chevrolet","Driver",5,15
"Racing",2017,"Playoff","National Treasures","Jumbo Sheet Metal Materials Green","Jimmie Johnson","Lowe's | Hendrick Motorsports | Chevrolet","Driver",1,5
"Racing",2017,"Playoff","National Treasures","Jumbo Sheet Metal Materials Green","Dale Earnhardt Jr","Nationwide | Hendrick Motorsports | Chevrolet","Driver",2,5
"Racing",2017,"Playoff","National Treasures","Jumbo Sheet Metal Materials Green","Kevin Harvick","Jimmy John's | Stewart-Haas Racing | Ford","Driver",3,5
"Racing",2017,"Playoff","National Treasures","Jumbo Sheet Metal Materials Green","Chase Elliott","NAPA Auto Parts | Hendrick Motorsports | Chevrolet","Driver",5,5
"Racing",2017,"Playoff","National Treasures","Jumbo Sheet Metal Materials Green","Jamie McMurray","Cessna | Chip Ganassi Racing | Chevrolet","Driver",7,5
"Racing",2017,"Playoff","National Treasures","Jumbo Sheet Metal Materials Green","Ryan Blaney","Motorcraft | Wood Brothers Racing | Ford","Driver",8,5
"Racing",2017,"Playoff","National Treasures","Jumbo Sheet Metal Materials Holo Gold","Jimmie Johnson","Lowe's | Hendrick Motorsports | Chevrolet","Driver",1,10
"Racing",2017,"Playoff","National Treasures","Jumbo Sheet Metal Materials Holo Gold","Dale Earnhardt Jr","Nationwide | Hendrick Motorsports | Chevrolet","Driver",2,10
"Racing",2017,"Playoff","National Treasures","Jumbo Sheet Metal Materials Holo Gold","Kevin Harvick","Jimmy John's | Stewart-Haas Racing | Ford","Driver",3,10
"Racing",2017,"Playoff","National Treasures","Jumbo Sheet Metal Materials Holo Gold","Chase Elliott","NAPA Auto Parts | Hendrick Motorsports | Chevrolet","Driver",5,10
"Racing",2017,"Playoff","National Treasures","Jumbo Sheet Metal Materials Holo Gold","Jamie McMurray","Cessna | Chip Ganassi Racing | Chevrolet","Driver",7,10
"Racing",2017,"Playoff","National Treasures","Jumbo Sheet Metal Materials Holo Silver","Jimmie Johnson","Lowe's | Hendrick Motorsports | Chevrolet","Driver",1,20
"Racing",2017,"Playoff","National Treasures","Jumbo Sheet Metal Materials Printing Plates Black","Jimmie Johnson","Lowe's | Hendrick Motorsports | Chevrolet","Driver",1,1
"Racing",2017,"Playoff","National Treasures","Jumbo Sheet Metal Materials Printing Plates Black","Dale Earnhardt Jr","Nationwide | Hendrick Motorsports | Chevrolet","Driver",2,1
"Racing",2017,"Playoff","National Treasures","Jumbo Sheet Metal Materials Printing Plates Black","Kevin Harvick","Jimmy John's | Stewart-Haas Racing | Ford","Driver",3,1
"Racing",2017,"Playoff","National Treasures","Jumbo Sheet Metal Materials Printing Plates Black","Danica Patrick","Aspen Dental | Stewart-Haas Racing | Ford","Driver",4,1
"Racing",2017,"Playoff","National Treasures","Jumbo Sheet Metal Materials Printing Plates Black","Chase Elliott","NAPA Auto Parts | Hendrick Motorsports | Chevrolet","Driver",5,1
"Racing",2017,"Playoff","National Treasures","Jumbo Sheet Metal Materials Printing Plates Black","Jamie McMurray","Cessna | Chip Ganassi Racing | Chevrolet","Driver",7,1
"Racing",2017,"Playoff","National Treasures","Jumbo Sheet Metal Materials Printing Plates Black","Ryan Blaney","Motorcraft | Wood Brothers Racing | Ford","Driver",8,1
"Racing",2017,"Playoff","National Treasures","Jumbo Sheet Metal Materials Printing Plates Black","Denny Hamlin","FedEx Express | Joe Gibbs Racing | Toyota","Driver",9,1
"Racing",2017,"Playoff","National Treasures","Jumbo Sheet Metal Materials Printing Plates Cyan","Jimmie Johnson","Lowe's | Hendrick Motorsports | Chevrolet","Driver",1,1
"Racing",2017,"Playoff","National Treasures","Jumbo Sheet Metal Materials Printing Plates Cyan","Dale Earnhardt Jr","Nationwide | Hendrick Motorsports | Chevrolet","Driver",2,1
"Racing",2017,"Playoff","National Treasures","Jumbo Sheet Metal Materials Printing Plates Cyan","Kevin Harvick","Jimmy John's | Stewart-Haas Racing | Ford","Driver",3,1
"Racing",2017,"Playoff","National Treasures","Jumbo Sheet Metal Materials Printing Plates Cyan","Danica Patrick","Aspen Dental | Stewart-Haas Racing | Ford","Driver",4,1
"Racing",2017,"Playoff","National Treasures","Jumbo Sheet Metal Materials Printing Plates Cyan","Chase Elliott","NAPA Auto Parts | Hendrick Motorsports | Chevrolet","Driver",5,1
"Racing",2017,"Playoff","National Treasures","Jumbo Sheet Metal Materials Printing Plates Cyan","Jamie McMurray","Cessna | Chip Ganassi Racing | Chevrolet","Driver",7,1
"Racing",2017,"Playoff","National Treasures","Jumbo Sheet Metal Materials Printing Plates Cyan","Ryan Blaney","Motorcraft | Wood Brothers Racing | Ford","Driver",8,1
"Racing",2017,"Playoff","National Treasures","Jumbo Sheet Metal Materials Printing Plates Cyan","Denny Hamlin","FedEx Express | Joe Gibbs Racing | Toyota","Driver",9,1
"Racing",2017,"Playoff","National Treasures","Jumbo Sheet Metal Materials Printing Plates Magenta","Jimmie Johnson","Lowe's | Hendrick Motorsports | Chevrolet","Driver",1,1
"Racing",2017,"Playoff","National Treasures","Jumbo Sheet Metal Materials Printing Plates Magenta","Dale Earnhardt Jr","Nationwide | Hendrick Motorsports | Chevrolet","Driver",2,1
"Racing",2017,"Playoff","National Treasures","Jumbo Sheet Metal Materials Printing Plates Magenta","Kevin Harvick","Jimmy John's | Stewart-Haas Racing | Ford","Driver",3,1
"Racing",2017,"Playoff","National Treasures","Jumbo Sheet Metal Materials Printing Plates Magenta","Danica Patrick","Aspen Dental | Stewart-Haas Racing | Ford","Driver",4,1
"Racing",2017,"Playoff","National Treasures","Jumbo Sheet Metal Materials Printing Plates Magenta","Chase Elliott","NAPA Auto Parts | Hendrick Motorsports | Chevrolet","Driver",5,1
"Racing",2017,"Playoff","National Treasures","Jumbo Sheet Metal Materials Printing Plates Magenta","Jamie McMurray","Cessna | Chip Ganassi Racing | Chevrolet","Driver",7,1
"Racing",2017,"Playoff","National Treasures","Jumbo Sheet Metal Materials Printing Plates Magenta","Ryan Blaney","Motorcraft | Wood Brothers Racing | Ford","Driver",8,1
"Racing",2017,"Playoff","National Treasures","Jumbo Sheet Metal Materials Printing Plates Magenta","Denny Hamlin","FedEx Express | Joe Gibbs Racing | Toyota","Driver",9,1
"Racing",2017,"Playoff","National Treasures","Jumbo Sheet Metal Materials Printing Plates Yellow","Jimmie Johnson","Lowe's | Hendrick Motorsports | Chevrolet","Driver",1,1
"Racing",2017,"Playoff","National Treasures","Jumbo Sheet Metal Materials Printing Plates Yellow","Dale Earnhardt Jr","Nationwide | Hendrick Motorsports | Chevrolet","Driver",2,1
"Racing",2017,"Playoff","National Treasures","Jumbo Sheet Metal Materials Printing Plates Yellow","Kevin Harvick","Jimmy John's | Stewart-Haas Racing | Ford","Driver",3,1
"Racing",2017,"Playoff","National Treasures","Jumbo Sheet Metal Materials Printing Plates Yellow","Danica Patrick","Aspen Dental | Stewart-Haas Racing | Ford","Driver",4,1
"Racing",2017,"Playoff","National Treasures","Jumbo Sheet Metal Materials Printing Plates Yellow","Chase Elliott","NAPA Auto Parts | Hendrick Motorsports | Chevrolet","Driver",5,1
"Racing",2017,"Playoff","National Treasures","Jumbo Sheet Metal Materials Printing Plates Yellow","Jamie McMurray","Cessna | Chip Ganassi Racing | Chevrolet","Driver",7,1
"Racing",2017,"Playoff","National Treasures","Jumbo Sheet Metal Materials Printing Plates Yellow","Ryan Blaney","Motorcraft | Wood Brothers Racing | Ford","Driver",8,1
"Racing",2017,"Playoff","National Treasures","Jumbo Sheet Metal Materials Printing Plates Yellow","Denny Hamlin","FedEx Express | Joe Gibbs Racing | Toyota","Driver",9,1
"Racing",2017,"Playoff","National Treasures","Jumbo Tire Signatures","AJ Allmendinger","Kroger | JTG Daugherty Racing | Chevrolet","Driver",1,40
"Racing",2017,"Playoff","National Treasures","Jumbo Tire Signatures","Brad Keselowski","Miller Lite | Team Penske | Ford","Driver",2,50
"Racing",2017,"Playoff","National Treasures","Jumbo Tire Signatures","Chase Elliott","NAPA Auto Parts | Hendrick Motorsports | Chevrolet","Driver",3,24
"Racing",2017,"Playoff","National Treasures","Jumbo Tire Signatures","Corey LaJoie","Dustless Blasting | BK Racing | Toyota","Driver",5,50
"Racing",2017,"Playoff","National Treasures","Jumbo Tire Signatures","Joey Logano","Shell-Pennzoil | Team Penske | Ford","Driver",9,99
"Racing",2017,"Playoff","National Treasures","Jumbo Tire Signatures","Kasey Kahne","Farmers Insurance | Hendrick Motorsports | Chevrolet","Driver",10,99
"Racing",2017,"Playoff","National Treasures","Jumbo Tire Signatures","Martin Truex Jr.","Bass Pro Shops-TRACKER Boats | Furniture Row Racing | Toyota","Driver",13,45
"Racing",2017,"Playoff","National Treasures","Jumbo Tire Signatures","Matt Kenseth","DeWalt | Joe Gibbs Racing | Toyota","Driver",14,25
"Racing",2017,"Playoff","National Treasures","Jumbo Tire Signatures Black","AJ Allmendinger","Kroger | JTG Daugherty Racing | Chevrolet","Driver",1,1
"Racing",2017,"Playoff","National Treasures","Jumbo Tire Signatures Black","Brad Keselowski","Miller Lite | Team Penske | Ford","Driver",2,1
"Racing",2017,"Playoff","National Treasures","Jumbo Tire Signatures Black","Chase Elliott","NAPA Auto Parts | Hendrick Motorsports | Chevrolet","Driver",3,1
"Racing",2017,"Playoff","National Treasures","Jumbo Tire Signatures Black","Clint Bowyer","5-Hour Energy | HScott Motorsports | Chevrolet","Driver",4,1
"Racing",2017,"Playoff","National Treasures","Jumbo Tire Signatures Black","Corey LaJoie","Dustless Blasting | BK Racing | Toyota","Driver",5,1
"Racing",2017,"Playoff","National Treasures","Jumbo Tire Signatures Black","Joey Logano","Shell-Pennzoil | Team Penske | Ford","Driver",9,1
"Racing",2017,"Playoff","National Treasures","Jumbo Tire Signatures Black","Kasey Kahne","Farmers Insurance | Hendrick Motorsports | Chevrolet","Driver",10,1
"Racing",2017,"Playoff","National Treasures","Jumbo Tire Signatures Black","Kevin Harvick","Jimmy John's | Stewart-Haas Racing | Ford","Driver",11,1
"Racing",2017,"Playoff","National Treasures","Jumbo Tire Signatures Black","Kyle Busch","M&M's | Joe Gibbs Racing | Toyota","Driver",12,1
"Racing",2017,"Playoff","National Treasures","Jumbo Tire Signatures Black","Martin Truex Jr.","Bass Pro Shops-TRACKER Boats | Furniture Row Racing | Toyota","Driver",13,1
"Racing",2017,"Playoff","National Treasures","Jumbo Tire Signatures Black","Matt Kenseth","DeWalt | Joe Gibbs Racing | Toyota","Driver",14,1
"Racing",2017,"Playoff","National Treasures","Jumbo Tire Signatures Gold","AJ Allmendinger","Kroger | JTG Daugherty Racing | Chevrolet","Driver",1,15
"Racing",2017,"Playoff","National Treasures","Jumbo Tire Signatures Gold","Brad Keselowski","Miller Lite | Team Penske | Ford","Driver",2,20
"Racing",2017,"Playoff","National Treasures","Jumbo Tire Signatures Gold","Chase Elliott","NAPA Auto Parts | Hendrick Motorsports | Chevrolet","Driver",3,15
"Racing",2017,"Playoff","National Treasures","Jumbo Tire Signatures Gold","Corey LaJoie","Dustless Blasting | BK Racing | Toyota","Driver",5,25
"Racing",2017,"Playoff","National Treasures","Jumbo Tire Signatures Gold","Carl Edwards","Aflac | Roush Fenway Racing | Ford","Driver",6,15
"Racing",2017,"Playoff","National Treasures","Jumbo Tire Signatures Gold","Joey Logano","Shell-Pennzoil | Team Penske | Ford","Driver",9,25
"Racing",2017,"Playoff","National Treasures","Jumbo Tire Signatures Gold","Kasey Kahne","Farmers Insurance | Hendrick Motorsports | Chevrolet","Driver",10,25
"Racing",2017,"Playoff","National Treasures","Jumbo Tire Signatures Gold","Kevin Harvick","Jimmy John's | Stewart-Haas Racing | Ford","Driver",11,25
"Racing",2017,"Playoff","National Treasures","Jumbo Tire Signatures Gold","Kyle Busch","M&M's | Joe Gibbs Racing | Toyota","Driver",12,25
"Racing",2017,"Playoff","National Treasures","Jumbo Tire Signatures Gold","Martin Truex Jr.","Bass Pro Shops-TRACKER Boats | Furniture Row Racing | Toyota","Driver",13,25
"Racing",2017,"Playoff","National Treasures","Jumbo Tire Signatures Gold","Matt Kenseth","DeWalt | Joe Gibbs Racing | Toyota","Driver",14,15
"Racing",2017,"Playoff","National Treasures","Jumbo Tire Signatures Green","AJ Allmendinger","Kroger | JTG Daugherty Racing | Chevrolet","Driver",1,5
"Racing",2017,"Playoff","National Treasures","Jumbo Tire Signatures Green","Brad Keselowski","Miller Lite | Team Penske | Ford","Driver",2,2
"Racing",2017,"Playoff","National Treasures","Jumbo Tire Signatures Green","Chase Elliott","NAPA Auto Parts | Hendrick Motorsports | Chevrolet","Driver",3,5
"Racing",2017,"Playoff","National Treasures","Jumbo Tire Signatures Green","Clint Bowyer","5-Hour Energy | HScott Motorsports | Chevrolet","Driver",4,5
"Racing",2017,"Playoff","National Treasures","Jumbo Tire Signatures Green","Corey LaJoie","Dustless Blasting | BK Racing | Toyota","Driver",5,5
"Racing",2017,"Playoff","National Treasures","Jumbo Tire Signatures Green","Carl Edwards","Aflac | Roush Fenway Racing | Ford","Driver",6,5
"Racing",2017,"Playoff","National Treasures","Jumbo Tire Signatures Green","Joey Logano","Shell-Pennzoil | Team Penske | Ford","Driver",9,5
"Racing",2017,"Playoff","National Treasures","Jumbo Tire Signatures Green","Kasey Kahne","Farmers Insurance | Hendrick Motorsports | Chevrolet","Driver",10,5
"Racing",2017,"Playoff","National Treasures","Jumbo Tire Signatures Green","Kevin Harvick","Jimmy John's | Stewart-Haas Racing | Ford","Driver",11,5
"Racing",2017,"Playoff","National Treasures","Jumbo Tire Signatures Green","Kyle Busch","M&M's | Joe Gibbs Racing | Toyota","Driver",12,5
"Racing",2017,"Playoff","National Treasures","Jumbo Tire Signatures Green","Martin Truex Jr.","Bass Pro Shops-TRACKER Boats | Furniture Row Racing | Toyota","Driver",13,5
"Racing",2017,"Playoff","National Treasures","Jumbo Tire Signatures Green","Matt Kenseth","DeWalt | Joe Gibbs Racing | Toyota","Driver",14,5
"Racing",2017,"Playoff","National Treasures","Jumbo Tire Signatures Holo Gold","AJ Allmendinger","Kroger | JTG Daugherty Racing | Chevrolet","Driver",1,10
"Racing",2017,"Playoff","National Treasures","Jumbo Tire Signatures Holo Gold","Brad Keselowski","Miller Lite | Team Penske | Ford","Driver",2,15
"Racing",2017,"Playoff","National Treasures","Jumbo Tire Signatures Holo Gold","Chase Elliott","NAPA Auto Parts | Hendrick Motorsports | Chevrolet","Driver",3,10
"Racing",2017,"Playoff","National Treasures","Jumbo Tire Signatures Holo Gold","Clint Bowyer","5-Hour Energy | HScott Motorsports | Chevrolet","Driver",4,15
"Racing",2017,"Playoff","National Treasures","Jumbo Tire Signatures Holo Gold","Corey LaJoie","Dustless Blasting | BK Racing | Toyota","Driver",5,10
"Racing",2017,"Playoff","National Treasures","Jumbo Tire Signatures Holo Gold","Carl Edwards","Aflac | Roush Fenway Racing | Ford","Driver",6,10
"Racing",2017,"Playoff","National Treasures","Jumbo Tire Signatures Holo Gold","Joey Logano","Shell-Pennzoil | Team Penske | Ford","Driver",9,15
"Racing",2017,"Playoff","National Treasures","Jumbo Tire Signatures Holo Gold","Kasey Kahne","Farmers Insurance | Hendrick Motorsports | Chevrolet","Driver",10,15
"Racing",2017,"Playoff","National Treasures","Jumbo Tire Signatures Holo Gold","Kevin Harvick","Jimmy John's | Stewart-Haas Racing | Ford","Driver",11,15
"Racing",2017,"Playoff","National Treasures","Jumbo Tire Signatures Holo Gold","Kyle Busch","M&M's | Joe Gibbs Racing | Toyota","Driver",12,10
"Racing",2017,"Playoff","National Treasures","Jumbo Tire Signatures Holo Gold","Martin Truex Jr.","Bass Pro Shops-TRACKER Boats | Furniture Row Racing | Toyota","Driver",13,15
"Racing",2017,"Playoff","National Treasures","Jumbo Tire Signatures Holo Gold","Matt Kenseth","DeWalt | Joe Gibbs Racing | Toyota","Driver",14,10
"Racing",2017,"Playoff","National Treasures","Jumbo Tire Signatures Holo Silver","AJ Allmendinger","Kroger | JTG Daugherty Racing | Chevrolet","Driver",1,25
"Racing",2017,"Playoff","National Treasures","Jumbo Tire Signatures Holo Silver","Brad Keselowski","Miller Lite | Team Penske | Ford","Driver",2,25
"Racing",2017,"Playoff","National Treasures","Jumbo Tire Signatures Holo Silver","Chase Elliott","NAPA Auto Parts | Hendrick Motorsports | Chevrolet","Driver",3,20
"Racing",2017,"Playoff","National Treasures","Jumbo Tire Signatures Holo Silver","Corey LaJoie","Dustless Blasting | BK Racing | Toyota","Driver",5,35
"Racing",2017,"Playoff","National Treasures","Jumbo Tire Signatures Holo Silver","Joey Logano","Shell-Pennzoil | Team Penske | Ford","Driver",9,50
"Racing",2017,"Playoff","National Treasures","Jumbo Tire Signatures Holo Silver","Kasey Kahne","Farmers Insurance | Hendrick Motorsports | Chevrolet","Driver",10,50
"Racing",2017,"Playoff","National Treasures","Jumbo Tire Signatures Holo Silver","Martin Truex Jr.","Bass Pro Shops-TRACKER Boats | Furniture Row Racing | Toyota","Driver",13,35
"Racing",2017,"Playoff","National Treasures","Jumbo Tire Signatures Holo Silver","Matt Kenseth","DeWalt | Joe Gibbs Racing | Toyota","Driver",14,20
"Racing",2017,"Playoff","National Treasures","Jumbo Tire Signatures Printing Plates Black","AJ Allmendinger","Kroger | JTG Daugherty Racing | Chevrolet","Driver",1,1
"Racing",2017,"Playoff","National Treasures","Jumbo Tire Signatures Printing Plates Black","Brad Keselowski","Miller Lite | Team Penske | Ford","Driver",2,1
"Racing",2017,"Playoff","National Treasures","Jumbo Tire Signatures Printing Plates Black","Chase Elliott","NAPA Auto Parts | Hendrick Motorsports | Chevrolet","Driver",3,1
"Racing",2017,"Playoff","National Treasures","Jumbo Tire Signatures Printing Plates Black","Clint Bowyer","5-Hour Energy | HScott Motorsports | Chevrolet","Driver",4,1
"Racing",2017,"Playoff","National Treasures","Jumbo Tire Signatures Printing Plates Black","Corey LaJoie","Dustless Blasting | BK Racing | Toyota","Driver",5,1
"Racing",2017,"Playoff","National Treasures","Jumbo Tire Signatures Printing Plates Black","Carl Edwards","Aflac | Roush Fenway Racing | Ford","Driver",6,1
"Racing",2017,"Playoff","National Treasures","Jumbo Tire Signatures Printing Plates Black","Joey Logano","Shell-Pennzoil | Team Penske | Ford","Driver",9,1
"Racing",2017,"Playoff","National Treasures","Jumbo Tire Signatures Printing Plates Black","Kasey Kahne","Farmers Insurance | Hendrick Motorsports | Chevrolet","Driver",10,1
"Racing",2017,"Playoff","National Treasures","Jumbo Tire Signatures Printing Plates Black","Kevin Harvick","Jimmy John's | Stewart-Haas Racing | Ford","Driver",11,1
"Racing",2017,"Playoff","National Treasures","Jumbo Tire Signatures Printing Plates Black","Kyle Busch","M&M's | Joe Gibbs Racing | Toyota","Driver",12,1
"Racing",2017,"Playoff","National Treasures","Jumbo Tire Signatures Printing Plates Black","Martin Truex Jr.","Bass Pro Shops-TRACKER Boats | Furniture Row Racing | Toyota","Driver",13,1
"Racing",2017,"Playoff","National Treasures","Jumbo Tire Signatures Printing Plates Black","Matt Kenseth","DeWalt | Joe Gibbs Racing | Toyota","Driver",14,1
"Racing",2017,"Playoff","National Treasures","Jumbo Tire Signatures Printing Plates Cyan","AJ Allmendinger","Kroger | JTG Daugherty Racing | Chevrolet","Driver",1,1
"Racing",2017,"Playoff","National Treasures","Jumbo Tire Signatures Printing Plates Cyan","Brad Keselowski","Miller Lite | Team Penske | Ford","Driver",2,1
"Racing",2017,"Playoff","National Treasures","Jumbo Tire Signatures Printing Plates Cyan","Chase Elliott","NAPA Auto Parts | Hendrick Motorsports | Chevrolet","Driver",3,1
"Racing",2017,"Playoff","National Treasures","Jumbo Tire Signatures Printing Plates Cyan","Clint Bowyer","5-Hour Energy | HScott Motorsports | Chevrolet","Driver",4,1
"Racing",2017,"Playoff","National Treasures","Jumbo Tire Signatures Printing Plates Cyan","Corey LaJoie","Dustless Blasting | BK Racing | Toyota","Driver",5,1
"Racing",2017,"Playoff","National Treasures","Jumbo Tire Signatures Printing Plates Cyan","Carl Edwards","Aflac | Roush Fenway Racing | Ford","Driver",6,1
"Racing",2017,"Playoff","National Treasures","Jumbo Tire Signatures Printing Plates Cyan","Joey Logano","Shell-Pennzoil | Team Penske | Ford","Driver",9,1
"Racing",2017,"Playoff","National Treasures","Jumbo Tire Signatures Printing Plates Cyan","Kasey Kahne","Farmers Insurance | Hendrick Motorsports | Chevrolet","Driver",10,1
"Racing",2017,"Playoff","National Treasures","Jumbo Tire Signatures Printing Plates Cyan","Kevin Harvick","Jimmy John's | Stewart-Haas Racing | Ford","Driver",11,1
"Racing",2017,"Playoff","National Treasures","Jumbo Tire Signatures Printing Plates Cyan","Kyle Busch","M&M's | Joe Gibbs Racing | Toyota","Driver",12,1
"Racing",2017,"Playoff","National Treasures","Jumbo Tire Signatures Printing Plates Cyan","Martin Truex Jr.","Bass Pro Shops-TRACKER Boats | Furniture Row Racing | Toyota","Driver",13,1
"Racing",2017,"Playoff","National Treasures","Jumbo Tire Signatures Printing Plates Cyan","Matt Kenseth","DeWalt | Joe Gibbs Racing | Toyota","Driver",14,1
"Racing",2017,"Playoff","National Treasures","Jumbo Tire Signatures Printing Plates Magenta","AJ Allmendinger","Kroger | JTG Daugherty Racing | Chevrolet","Driver",1,1
"Racing",2017,"Playoff","National Treasures","Jumbo Tire Signatures Printing Plates Magenta","Brad Keselowski","Miller Lite | Team Penske | Ford","Driver",2,1
"Racing",2017,"Playoff","National Treasures","Jumbo Tire Signatures Printing Plates Magenta","Chase Elliott","NAPA Auto Parts | Hendrick Motorsports | Chevrolet","Driver",3,1
"Racing",2017,"Playoff","National Treasures","Jumbo Tire Signatures Printing Plates Magenta","Clint Bowyer","5-Hour Energy | HScott Motorsports | Chevrolet","Driver",4,1
"Racing",2017,"Playoff","National Treasures","Jumbo Tire Signatures Printing Plates Magenta","Corey LaJoie","Dustless Blasting | BK Racing | Toyota","Driver",5,1
"Racing",2017,"Playoff","National Treasures","Jumbo Tire Signatures Printing Plates Magenta","Carl Edwards","Aflac | Roush Fenway Racing | Ford","Driver",6,1
"Racing",2017,"Playoff","National Treasures","Jumbo Tire Signatures Printing Plates Magenta","Joey Logano","Shell-Pennzoil | Team Penske | Ford","Driver",9,1
"Racing",2017,"Playoff","National Treasures","Jumbo Tire Signatures Printing Plates Magenta","Kasey Kahne","Farmers Insurance | Hendrick Motorsports | Chevrolet","Driver",10,1
"Racing",2017,"Playoff","National Treasures","Jumbo Tire Signatures Printing Plates Magenta","Kevin Harvick","Jimmy John's | Stewart-Haas Racing | Ford","Driver",11,1
"Racing",2017,"Playoff","National Treasures","Jumbo Tire Signatures Printing Plates Magenta","Kyle Busch","M&M's | Joe Gibbs Racing | Toyota","Driver",12,1
"Racing",2017,"Playoff","National Treasures","Jumbo Tire Signatures Printing Plates Magenta","Martin Truex Jr.","Bass Pro Shops-TRACKER Boats | Furniture Row Racing | Toyota","Driver",13,1
"Racing",2017,"Playoff","National Treasures","Jumbo Tire Signatures Printing Plates Magenta","Matt Kenseth","DeWalt | Joe Gibbs Racing | Toyota","Driver",14,1
"Racing",2017,"Playoff","National Treasures","Jumbo Tire Signatures Printing Plates Yellow","AJ Allmendinger","Kroger | JTG Daugherty Racing | Chevrolet","Driver",1,1
"Racing",2017,"Playoff","National Treasures","Jumbo Tire Signatures Printing Plates Yellow","Brad Keselowski","Miller Lite | Team Penske | Ford","Driver",2,1
"Racing",2017,"Playoff","National Treasures","Jumbo Tire Signatures Printing Plates Yellow","Chase Elliott","NAPA Auto Parts | Hendrick Motorsports | Chevrolet","Driver",3,1
"Racing",2017,"Playoff","National Treasures","Jumbo Tire Signatures Printing Plates Yellow","Clint Bowyer","5-Hour Energy | HScott Motorsports | Chevrolet","Driver",4,1
"Racing",2017,"Playoff","National Treasures","Jumbo Tire Signatures Printing Plates Yellow","Corey LaJoie","Dustless Blasting | BK Racing | Toyota","Driver",5,1
"Racing",2017,"Playoff","National Treasures","Jumbo Tire Signatures Printing Plates Yellow","Carl Edwards","Aflac | Roush Fenway Racing | Ford","Driver",6,1
"Racing",2017,"Playoff","National Treasures","Jumbo Tire Signatures Printing Plates Yellow","Joey Logano","Shell-Pennzoil | Team Penske | Ford","Driver",9,1
"Racing",2017,"Playoff","National Treasures","Jumbo Tire Signatures Printing Plates Yellow","Kasey Kahne","Farmers Insurance | Hendrick Motorsports | Chevrolet","Driver",10,1
"Racing",2017,"Playoff","National Treasures","Jumbo Tire Signatures Printing Plates Yellow","Kevin Harvick","Jimmy John's | Stewart-Haas Racing | Ford","Driver",11,1
"Racing",2017,"Playoff","National Treasures","Jumbo Tire Signatures Printing Plates Yellow","Kyle Busch","M&M's | Joe Gibbs Racing | Toyota","Driver",12,1
"Racing",2017,"Playoff","National Treasures","Jumbo Tire Signatures Printing Plates Yellow","Martin Truex Jr.","Bass Pro Shops-TRACKER Boats | Furniture Row Racing | Toyota","Driver",13,1
"Racing",2017,"Playoff","National Treasures","Jumbo Tire Signatures Printing Plates Yellow","Matt Kenseth","DeWalt | Joe Gibbs Racing | Toyota","Driver",14,1
"Racing",2017,"Playoff","National Treasures","Legendary Material Signatures","Terry Labonte","Kellogg's Corn Flakes | Hendrick Motorsports | Chevrolet","Driver",7,23
"Racing",2017,"Playoff","National Treasures","Legendary Material Signatures","Derrike Cope","Stoke Racing | Fred Stoke | Ford","Driver",8,25
"Racing",2017,"Playoff","National Treasures","Legendary Material Signatures Black","Bill Elliott","McDonald's | Bill Elliott | Ford","Driver",1,1
"Racing",2017,"Playoff","National Treasures","Legendary Material Signatures Black","Dale Jarrett","UPS | Robert Yates Racing | Ford","Driver",2,1
"Racing",2017,"Playoff","National Treasures","Legendary Material Signatures Black","Darrell Waltrip","Tide | Hendrick Motorsports | Chevrolet","Driver",3,1
"Racing",2017,"Playoff","National Treasures","Legendary Material Signatures Black","Jeff Burton","Exide Batteries | Roush Racing | Ford","Driver",4,1
"Racing",2017,"Playoff","National Treasures","Legendary Material Signatures Black","Richard Petty","STP | Petty Enterprises | Plymouth","Driver",5,1
"Racing",2017,"Playoff","National Treasures","Legendary Material Signatures Black","Rusty Wallace","Miller Lite | Team Penske | Ford","Driver",6,1
"Racing",2017,"Playoff","National Treasures","Legendary Material Signatures Black","Terry Labonte","Kellogg's Corn Flakes | Hendrick Motorsports | Chevrolet","Driver",7,1
"Racing",2017,"Playoff","National Treasures","Legendary Material Signatures Black","Derrike Cope","Stoke Racing | Fred Stoke | Ford","Driver",8,1
"Racing",2017,"Playoff","National Treasures","Legendary Material Signatures Black","Michael Waltrip","Aaron's | Michael Waltrip Racing | Toyota","Driver",9,1
"Racing",2017,"Playoff","National Treasures","Legendary Material Signatures Black","Carl Edwards","Aflac | Roush Fenway Racing | Ford","Driver",10,1
"Racing",2017,"Playoff","National Treasures","Legendary Material Signatures Gold","Bill Elliott","McDonald's | Bill Elliott | Ford","Driver",1,15
"Racing",2017,"Playoff","National Treasures","Legendary Material Signatures Gold","Richard Petty","STP | Petty Enterprises | Plymouth","Driver",5,10
"Racing",2017,"Playoff","National Treasures","Legendary Material Signatures Gold","Rusty Wallace","Miller Lite | Team Penske | Ford","Driver",6,15
"Racing",2017,"Playoff","National Treasures","Legendary Material Signatures Gold","Terry Labonte","Kellogg's Corn Flakes | Hendrick Motorsports | Chevrolet","Driver",7,15
"Racing",2017,"Playoff","National Treasures","Legendary Material Signatures Gold","Derrike Cope","Stoke Racing | Fred Stoke | Ford","Driver",8,15
"Racing",2017,"Playoff","National Treasures","Legendary Material Signatures Gold","Michael Waltrip","Aaron's | Michael Waltrip Racing | Toyota","Driver",9,15
"Racing",2017,"Playoff","National Treasures","Legendary Material Signatures Gold","Carl Edwards","Aflac | Roush Fenway Racing | Ford","Driver",10,15
"Racing",2017,"Playoff","National Treasures","Legendary Material Signatures Green","Bill Elliott","McDonald's | Bill Elliott | Ford","Driver",1,5
"Racing",2017,"Playoff","National Treasures","Legendary Material Signatures Green","Dale Jarrett","UPS | Robert Yates Racing | Ford","Driver",2,5
"Racing",2017,"Playoff","National Treasures","Legendary Material Signatures Green","Darrell Waltrip","Tide | Hendrick Motorsports | Chevrolet","Driver",3,5
"Racing",2017,"Playoff","National Treasures","Legendary Material Signatures Green","Jeff Burton","Exide Batteries | Roush Racing | Ford","Driver",4,5
"Racing",2017,"Playoff","National Treasures","Legendary Material Signatures Green","Richard Petty","STP | Petty Enterprises | Plymouth","Driver",5,5
"Racing",2017,"Playoff","National Treasures","Legendary Material Signatures Green","Rusty Wallace","Miller Lite | Team Penske | Ford","Driver",6,5
"Racing",2017,"Playoff","National Treasures","Legendary Material Signatures Green","Terry Labonte","Kellogg's Corn Flakes | Hendrick Motorsports | Chevrolet","Driver",7,5
"Racing",2017,"Playoff","National Treasures","Legendary Material Signatures Green","Derrike Cope","Stoke Racing | Fred Stoke | Ford","Driver",8,5
"Racing",2017,"Playoff","National Treasures","Legendary Material Signatures Green","Michael Waltrip","Aaron's | Michael Waltrip Racing | Toyota","Driver",9,5
"Racing",2017,"Playoff","National Treasures","Legendary Material Signatures Green","Carl Edwards","Aflac | Roush Fenway Racing | Ford","Driver",10,5
"Racing",2017,"Playoff","National Treasures","Legendary Material Signatures Holo Gold","Bill Elliott","McDonald's | Bill Elliott | Ford","Driver",1,9
"Racing",2017,"Playoff","National Treasures","Legendary Material Signatures Holo Gold","Jeff Burton","Exide Batteries | Roush Racing | Ford","Driver",4,10
"Racing",2017,"Playoff","National Treasures","Legendary Material Signatures Holo Gold","Richard Petty","STP | Petty Enterprises | Plymouth","Driver",5,7
"Racing",2017,"Playoff","National Treasures","Legendary Material Signatures Holo Gold","Rusty Wallace","Miller Lite | Team Penske | Ford","Driver",6,10
"Racing",2017,"Playoff","National Treasures","Legendary Material Signatures Holo Gold","Terry Labonte","Kellogg's Corn Flakes | Hendrick Motorsports | Chevrolet","Driver",7,10
"Racing",2017,"Playoff","National Treasures","Legendary Material Signatures Holo Gold","Derrike Cope","Stoke Racing | Fred Stoke | Ford","Driver",8,10
"Racing",2017,"Playoff","National Treasures","Legendary Material Signatures Holo Gold","Michael Waltrip","Aaron's | Michael Waltrip Racing | Toyota","Driver",9,10
"Racing",2017,"Playoff","National Treasures","Legendary Material Signatures Holo Gold","Carl Edwards","Aflac | Roush Fenway Racing | Ford","Driver",10,10
"Racing",2017,"Playoff","National Treasures","Legendary Material Signatures Holo Silver","Bill Elliott","McDonald's | Bill Elliott | Ford","Driver",1,20
"Racing",2017,"Playoff","National Treasures","Legendary Material Signatures Holo Silver","Terry Labonte","Kellogg's Corn Flakes | Hendrick Motorsports | Chevrolet","Driver",7,20
"Racing",2017,"Playoff","National Treasures","Legendary Material Signatures Holo Silver","Derrike Cope","Stoke Racing | Fred Stoke | Ford","Driver",8,20
"Racing",2017,"Playoff","National Treasures","Legendary Material Signatures Holo Silver","Michael Waltrip","Aaron's | Michael Waltrip Racing | Toyota","Driver",9,19
"Racing",2017,"Playoff","National Treasures","Legendary Material Signatures Holo Silver","Carl Edwards","Aflac | Roush Fenway Racing | Ford","Driver",10,20
"Racing",2017,"Playoff","National Treasures","Legendary Material Signatures Laundry Tags","Derrike Cope","Stoke Racing | Fred Stoke | Ford","Driver",8,1
"Racing",2017,"Playoff","National Treasures","Legendary Material Signatures Laundry Tags","Carl Edwards","Aflac | Roush Fenway Racing | Ford","Driver",10,1
"Racing",2017,"Playoff","National Treasures","Legendary Material Signatures Printing Plates Black","Bill Elliott","McDonald's | Bill Elliott | Ford","Driver",1,1
"Racing",2017,"Playoff","National Treasures","Legendary Material Signatures Printing Plates Black","Dale Jarrett","UPS | Robert Yates Racing | Ford","Driver",2,1
"Racing",2017,"Playoff","National Treasures","Legendary Material Signatures Printing Plates Black","Darrell Waltrip","Tide | Hendrick Motorsports | Chevrolet","Driver",3,1
"Racing",2017,"Playoff","National Treasures","Legendary Material Signatures Printing Plates Black","Jeff Burton","Exide Batteries | Roush Racing | Ford","Driver",4,1
"Racing",2017,"Playoff","National Treasures","Legendary Material Signatures Printing Plates Black","Richard Petty","STP | Petty Enterprises | Plymouth","Driver",5,1
"Racing",2017,"Playoff","National Treasures","Legendary Material Signatures Printing Plates Black","Rusty Wallace","Miller Lite | Team Penske | Ford","Driver",6,1
"Racing",2017,"Playoff","National Treasures","Legendary Material Signatures Printing Plates Black","Terry Labonte","Kellogg's Corn Flakes | Hendrick Motorsports | Chevrolet","Driver",7,1
"Racing",2017,"Playoff","National Treasures","Legendary Material Signatures Printing Plates Black","Derrike Cope","Stoke Racing | Fred Stoke | Ford","Driver",8,1
"Racing",2017,"Playoff","National Treasures","Legendary Material Signatures Printing Plates Black","Michael Waltrip","Aaron's | Michael Waltrip Racing | Toyota","Driver",9,1
"Racing",2017,"Playoff","National Treasures","Legendary Material Signatures Printing Plates Black","Carl Edwards","Aflac | Roush Fenway Racing | Ford","Driver",10,1
"Racing",2017,"Playoff","National Treasures","Legendary Material Signatures Printing Plates Cyan","Bill Elliott","McDonald's | Bill Elliott | Ford","Driver",1,1
"Racing",2017,"Playoff","National Treasures","Legendary Material Signatures Printing Plates Cyan","Dale Jarrett","UPS | Robert Yates Racing | Ford","Driver",2,1
"Racing",2017,"Playoff","National Treasures","Legendary Material Signatures Printing Plates Cyan","Darrell Waltrip","Tide | Hendrick Motorsports | Chevrolet","Driver",3,1
"Racing",2017,"Playoff","National Treasures","Legendary Material Signatures Printing Plates Cyan","Jeff Burton","Exide Batteries | Roush Racing | Ford","Driver",4,1
"Racing",2017,"Playoff","National Treasures","Legendary Material Signatures Printing Plates Cyan","Richard Petty","STP | Petty Enterprises | Plymouth","Driver",5,1
"Racing",2017,"Playoff","National Treasures","Legendary Material Signatures Printing Plates Cyan","Rusty Wallace","Miller Lite | Team Penske | Ford","Driver",6,1
"Racing",2017,"Playoff","National Treasures","Legendary Material Signatures Printing Plates Cyan","Terry Labonte","Kellogg's Corn Flakes | Hendrick Motorsports | Chevrolet","Driver",7,1
"Racing",2017,"Playoff","National Treasures","Legendary Material Signatures Printing Plates Cyan","Derrike Cope","Stoke Racing | Fred Stoke | Ford","Driver",8,1
"Racing",2017,"Playoff","National Treasures","Legendary Material Signatures Printing Plates Cyan","Michael Waltrip","Aaron's | Michael Waltrip Racing | Toyota","Driver",9,1
"Racing",2017,"Playoff","National Treasures","Legendary Material Signatures Printing Plates Cyan","Carl Edwards","Aflac | Roush Fenway Racing | Ford","Driver",10,1
"Racing",2017,"Playoff","National Treasures","Legendary Material Signatures Printing Plates Magenta","Bill Elliott","McDonald's | Bill Elliott | Ford","Driver",1,1
"Racing",2017,"Playoff","National Treasures","Legendary Material Signatures Printing Plates Magenta","Dale Jarrett","UPS | Robert Yates Racing | Ford","Driver",2,1
"Racing",2017,"Playoff","National Treasures","Legendary Material Signatures Printing Plates Magenta","Darrell Waltrip","Tide | Hendrick Motorsports | Chevrolet","Driver",3,1
"Racing",2017,"Playoff","National Treasures","Legendary Material Signatures Printing Plates Magenta","Jeff Burton","Exide Batteries | Roush Racing | Ford","Driver",4,1
"Racing",2017,"Playoff","National Treasures","Legendary Material Signatures Printing Plates Magenta","Richard Petty","STP | Petty Enterprises | Plymouth","Driver",5,1
"Racing",2017,"Playoff","National Treasures","Legendary Material Signatures Printing Plates Magenta","Rusty Wallace","Miller Lite | Team Penske | Ford","Driver",6,1
"Racing",2017,"Playoff","National Treasures","Legendary Material Signatures Printing Plates Magenta","Terry Labonte","Kellogg's Corn Flakes | Hendrick Motorsports | Chevrolet","Driver",7,1
"Racing",2017,"Playoff","National Treasures","Legendary Material Signatures Printing Plates Magenta","Derrike Cope","Stoke Racing | Fred Stoke | Ford","Driver",8,1
"Racing",2017,"Playoff","National Treasures","Legendary Material Signatures Printing Plates Magenta","Carl Edwards","Aflac | Roush Fenway Racing | Ford","Driver",10,1
"Racing",2017,"Playoff","National Treasures","Legendary Material Signatures Printing Plates Yellow","Bill Elliott","McDonald's | Bill Elliott | Ford","Driver",1,1
"Racing",2017,"Playoff","National Treasures","Legendary Material Signatures Printing Plates Yellow","Dale Jarrett","UPS | Robert Yates Racing | Ford","Driver",2,1
"Racing",2017,"Playoff","National Treasures","Legendary Material Signatures Printing Plates Yellow","Darrell Waltrip","Tide | Hendrick Motorsports | Chevrolet","Driver",3,1
"Racing",2017,"Playoff","National Treasures","Legendary Material Signatures Printing Plates Yellow","Jeff Burton","Exide Batteries | Roush Racing | Ford","Driver",4,1
"Racing",2017,"Playoff","National Treasures","Legendary Material Signatures Printing Plates Yellow","Richard Petty","STP | Petty Enterprises | Plymouth","Driver",5,1
"Racing",2017,"Playoff","National Treasures","Legendary Material Signatures Printing Plates Yellow","Rusty Wallace","Miller Lite | Team Penske | Ford","Driver",6,1
"Racing",2017,"Playoff","National Treasures","Legendary Material Signatures Printing Plates Yellow","Terry Labonte","Kellogg's Corn Flakes | Hendrick Motorsports | Chevrolet","Driver",7,1
"Racing",2017,"Playoff","National Treasures","Legendary Material Signatures Printing Plates Yellow","Derrike Cope","Stoke Racing | Fred Stoke | Ford","Driver",8,1
"Racing",2017,"Playoff","National Treasures","Legendary Material Signatures Printing Plates Yellow","Michael Waltrip","Aaron's | Michael Waltrip Racing | Toyota","Driver",9,1
"Racing",2017,"Playoff","National Treasures","Legendary Material Signatures Printing Plates Yellow","Carl Edwards","Aflac | Roush Fenway Racing | Ford","Driver",10,1
"Racing",2017,"Playoff","National Treasures","Legendary Signatures","Ray Evernham","Evernham Motorsports","Owner",1,70
"Racing",2017,"Playoff","National Treasures","Legendary Signatures","Larry McReynolds","GM Goodwrench | Richard Childress Racing | Chevrolet","Crew Chief",5,75
"Racing",2017,"Playoff","National Treasures","Legendary Signatures","Wally Dallenbach","Hayes Modems | Bud Moore | Ford","Driver",6,99
"Racing",2017,"Playoff","National Treasures","Legendary Signatures","Michael Waltrip","Aaron's | Michael Waltrip Racing | Toyota","Driver",8,30
"Racing",2017,"Playoff","National Treasures","Legendary Signatures","Ned Jarrett","B.G. Holloway | Ned Jarrett | Chevrolet","Driver",14,99
"Racing",2017,"Playoff","National Treasures","Legendary Signatures","Mark Martin","Folgers | Roush Racing | Ford","Driver",15,50
"Racing",2017,"Playoff","National Treasures","Legendary Signatures Black","Ray Evernham","Evernham Motorsports","Owner",1,1
"Racing",2017,"Playoff","National Treasures","Legendary Signatures Black","Cale Yarborough","Hardee's | Ranier Racing | Chevrolet","Driver",2,1
"Racing",2017,"Playoff","National Treasures","Legendary Signatures Black","Harry Gant","Skoal | Hal Needham | Chevrolet","Driver",3,1
"Racing",2017,"Playoff","National Treasures","Legendary Signatures Black","Hershel McGriff","Frank Christian | Oldsmobile","Driver",4,1
"Racing",2017,"Playoff","National Treasures","Legendary Signatures Black","Larry McReynolds","GM Goodwrench | Richard Childress Racing | Chevrolet","Crew Chief",5,1
"Racing",2017,"Playoff","National Treasures","Legendary Signatures Black","Wally Dallenbach","Hayes Modems | Bud Moore | Ford","Driver",6,1
"Racing",2017,"Playoff","National Treasures","Legendary Signatures Black","Junior Johnson","Holly Farms | Junior Johnson | Ford","Driver",7,1
"Racing",2017,"Playoff","National Treasures","Legendary Signatures Black","Michael Waltrip","Aaron's | Michael Waltrip Racing | Toyota","Driver",8,1
"Racing",2017,"Playoff","National Treasures","Legendary Signatures Black","Darrell Waltrip","Gatorade | DiGard Motorsports | Chevrolet","Driver",9,1
"Racing",2017,"Playoff","National Treasures","Legendary Signatures Black","Richard Petty","STP | Petty Enterprises | Plymouth","Driver",10,1
"Racing",2017,"Playoff","National Treasures","Legendary Signatures Black","Terry Labonte","Kellogg's Corn Flakes | Hendrick Motorsports | Chevrolet","Driver",11,1
"Racing",2017,"Playoff","National Treasures","Legendary Signatures Black","Rusty Wallace","Miller Lite | Team Penske | Ford","Driver",12,1
"Racing",2017,"Playoff","National Treasures","Legendary Signatures Black","Dale Jarrett","UPS | Robert Yates Racing | Ford","Driver",13,1
"Racing",2017,"Playoff","National Treasures","Legendary Signatures Black","Ned Jarrett","B.G. Holloway | Ned Jarrett | Chevrolet","Driver",14,1
"Racing",2017,"Playoff","National Treasures","Legendary Signatures Black","Mark Martin","Folgers | Roush Racing | Ford","Driver",15,1
"Racing",2017,"Playoff","National Treasures","Legendary Signatures Gold","Ray Evernham","Evernham Motorsports","Owner",1,25
"Racing",2017,"Playoff","National Treasures","Legendary Signatures Gold","Cale Yarborough","Hardee's | Ranier Racing | Chevrolet","Driver",2,15
"Racing",2017,"Playoff","National Treasures","Legendary Signatures Gold","Harry Gant","Skoal | Hal Needham | Chevrolet","Driver",3,25
"Racing",2017,"Playoff","National Treasures","Legendary Signatures Gold","Hershel McGriff","Frank Christian | Oldsmobile","Driver",4,25
"Racing",2017,"Playoff","National Treasures","Legendary Signatures Gold","Larry McReynolds","GM Goodwrench | Richard Childress Racing | Chevrolet","Crew Chief",5,20
"Racing",2017,"Playoff","National Treasures","Legendary Signatures Gold","Wally Dallenbach","Hayes Modems | Bud Moore | Ford","Driver",6,25
"Racing",2017,"Playoff","National Treasures","Legendary Signatures Gold","Junior Johnson","Holly Farms | Junior Johnson | Ford","Driver",7,25
"Racing",2017,"Playoff","National Treasures","Legendary Signatures Gold","Michael Waltrip","Aaron's | Michael Waltrip Racing | Toyota","Driver",8,15
"Racing",2017,"Playoff","National Treasures","Legendary Signatures Gold","Darrell Waltrip","Gatorade | DiGard Motorsports | Chevrolet","Driver",9,15
"Racing",2017,"Playoff","National Treasures","Legendary Signatures Gold","Richard Petty","STP | Petty Enterprises | Plymouth","Driver",10,10
"Racing",2017,"Playoff","National Treasures","Legendary Signatures Gold","Terry Labonte","Kellogg's Corn Flakes | Hendrick Motorsports | Chevrolet","Driver",11,20
"Racing",2017,"Playoff","National Treasures","Legendary Signatures Gold","Rusty Wallace","Miller Lite | Team Penske | Ford","Driver",12,15
"Racing",2017,"Playoff","National Treasures","Legendary Signatures Gold","Ned Jarrett","B.G. Holloway | Ned Jarrett | Chevrolet","Driver",14,25
"Racing",2017,"Playoff","National Treasures","Legendary Signatures Gold","Mark Martin","Folgers | Roush Racing | Ford","Driver",15,25
"Racing",2017,"Playoff","National Treasures","Legendary Signatures Green","Ray Evernham","Evernham Motorsports","Owner",1,5
"Racing",2017,"Playoff","National Treasures","Legendary Signatures Green","Cale Yarborough","Hardee's | Ranier Racing | Chevrolet","Driver",2,5
"Racing",2017,"Playoff","National Treasures","Legendary Signatures Green","Harry Gant","Skoal | Hal Needham | Chevrolet","Driver",3,5
"Racing",2017,"Playoff","National Treasures","Legendary Signatures Green","Hershel McGriff","Frank Christian | Oldsmobile","Driver",4,5
"Racing",2017,"Playoff","National Treasures","Legendary Signatures Green","Larry McReynolds","GM Goodwrench | Richard Childress Racing | Chevrolet","Crew Chief",5,5
"Racing",2017,"Playoff","National Treasures","Legendary Signatures Green","Wally Dallenbach","Hayes Modems | Bud Moore | Ford","Driver",6,5
"Racing",2017,"Playoff","National Treasures","Legendary Signatures Green","Junior Johnson","Holly Farms | Junior Johnson | Ford","Driver",7,5
"Racing",2017,"Playoff","National Treasures","Legendary Signatures Green","Michael Waltrip","Aaron's | Michael Waltrip Racing | Toyota","Driver",8,5
"Racing",2017,"Playoff","National Treasures","Legendary Signatures Green","Darrell Waltrip","Gatorade | DiGard Motorsports | Chevrolet","Driver",9,5
"Racing",2017,"Playoff","National Treasures","Legendary Signatures Green","Richard Petty","STP | Petty Enterprises | Plymouth","Driver",10,5
"Racing",2017,"Playoff","National Treasures","Legendary Signatures Green","Terry Labonte","Kellogg's Corn Flakes | Hendrick Motorsports | Chevrolet","Driver",11,5
"Racing",2017,"Playoff","National Treasures","Legendary Signatures Green","Rusty Wallace","Miller Lite | Team Penske | Ford","Driver",12,2
"Racing",2017,"Playoff","National Treasures","Legendary Signatures Green","Dale Jarrett","UPS | Robert Yates Racing | Ford","Driver",13,5
"Racing",2017,"Playoff","National Treasures","Legendary Signatures Green","Ned Jarrett","B.G. Holloway | Ned Jarrett | Chevrolet","Driver",14,5
"Racing",2017,"Playoff","National Treasures","Legendary Signatures Green","Mark Martin","Folgers | Roush Racing | Ford","Driver",15,5
"Racing",2017,"Playoff","National Treasures","Legendary Signatures Holo Gold","Ray Evernham","Evernham Motorsports","Owner",1,15
"Racing",2017,"Playoff","National Treasures","Legendary Signatures Holo Gold","Cale Yarborough","Hardee's | Ranier Racing | Chevrolet","Driver",2,10
"Racing",2017,"Playoff","National Treasures","Legendary Signatures Holo Gold","Harry Gant","Skoal | Hal Needham | Chevrolet","Driver",3,15
"Racing",2017,"Playoff","National Treasures","Legendary Signatures Holo Gold","Hershel McGriff","Frank Christian | Oldsmobile","Driver",4,15
"Racing",2017,"Playoff","National Treasures","Legendary Signatures Holo Gold","Larry McReynolds","GM Goodwrench | Richard Childress Racing | Chevrolet","Crew Chief",5,10
"Racing",2017,"Playoff","National Treasures","Legendary Signatures Holo Gold","Wally Dallenbach","Hayes Modems | Bud Moore | Ford","Driver",6,15
"Racing",2017,"Playoff","National Treasures","Legendary Signatures Holo Gold","Junior Johnson","Holly Farms | Junior Johnson | Ford","Driver",7,15
"Racing",2017,"Playoff","National Treasures","Legendary Signatures Holo Gold","Michael Waltrip","Aaron's | Michael Waltrip Racing | Toyota","Driver",8,10
"Racing",2017,"Playoff","National Treasures","Legendary Signatures Holo Gold","Darrell Waltrip","Gatorade | DiGard Motorsports | Chevrolet","Driver",9,10
"Racing",2017,"Playoff","National Treasures","Legendary Signatures Holo Gold","Richard Petty","STP | Petty Enterprises | Plymouth","Driver",10,7
"Racing",2017,"Playoff","National Treasures","Legendary Signatures Holo Gold","Terry Labonte","Kellogg's Corn Flakes | Hendrick Motorsports | Chevrolet","Driver",11,15
"Racing",2017,"Playoff","National Treasures","Legendary Signatures Holo Gold","Rusty Wallace","Miller Lite | Team Penske | Ford","Driver",12,10
"Racing",2017,"Playoff","National Treasures","Legendary Signatures Holo Gold","Dale Jarrett","UPS | Robert Yates Racing | Ford","Driver",13,10
"Racing",2017,"Playoff","National Treasures","Legendary Signatures Holo Gold","Ned Jarrett","B.G. Holloway | Ned Jarrett | Chevrolet","Driver",14,15
"Racing",2017,"Playoff","National Treasures","Legendary Signatures Holo Gold","Mark Martin","Folgers | Roush Racing | Ford","Driver",15,15
"Racing",2017,"Playoff","National Treasures","Legendary Signatures Holo Silver","Ray Evernham","Evernham Motorsports","Owner",1,50
"Racing",2017,"Playoff","National Treasures","Legendary Signatures Holo Silver","Harry Gant","Skoal | Hal Needham | Chevrolet","Driver",3,50
"Racing",2017,"Playoff","National Treasures","Legendary Signatures Holo Silver","Hershel McGriff","Frank Christian | Oldsmobile","Driver",4,50
"Racing",2017,"Playoff","National Treasures","Legendary Signatures Holo Silver","Larry McReynolds","GM Goodwrench | Richard Childress Racing | Chevrolet","Crew Chief",5,35
"Racing",2017,"Playoff","National Treasures","Legendary Signatures Holo Silver","Wally Dallenbach","Hayes Modems | Bud Moore | Ford","Driver",6,50
"Racing",2017,"Playoff","National Treasures","Legendary Signatures Holo Silver","Michael Waltrip","Aaron's | Michael Waltrip Racing | Toyota","Driver",8,25
"Racing",2017,"Playoff","National Treasures","Legendary Signatures Holo Silver","Ned Jarrett","B.G. Holloway | Ned Jarrett | Chevrolet","Driver",14,50
"Racing",2017,"Playoff","National Treasures","Legendary Signatures Holo Silver","Mark Martin","Folgers | Roush Racing | Ford","Driver",15,40
"Racing",2017,"Playoff","National Treasures","Legendary Signatures Printing Plates Black","Ray Evernham","Evernham Motorsports","Owner",1,1
"Racing",2017,"Playoff","National Treasures","Legendary Signatures Printing Plates Black","Cale Yarborough","Hardee's | Ranier Racing | Chevrolet","Driver",2,1
"Racing",2017,"Playoff","National Treasures","Legendary Signatures Printing Plates Black","Harry Gant","Skoal | Hal Needham | Chevrolet","Driver",3,1
"Racing",2017,"Playoff","National Treasures","Legendary Signatures Printing Plates Black","Hershel McGriff","Frank Christian | Oldsmobile","Driver",4,1
"Racing",2017,"Playoff","National Treasures","Legendary Signatures Printing Plates Black","Larry McReynolds","GM Goodwrench | Richard Childress Racing | Chevrolet","Crew Chief",5,1
"Racing",2017,"Playoff","National Treasures","Legendary Signatures Printing Plates Black","Wally Dallenbach","Hayes Modems | Bud Moore | Ford","Driver",6,1
"Racing",2017,"Playoff","National Treasures","Legendary Signatures Printing Plates Black","Junior Johnson","Holly Farms | Junior Johnson | Ford","Driver",7,1
"Racing",2017,"Playoff","National Treasures","Legendary Signatures Printing Plates Black","Michael Waltrip","Aaron's | Michael Waltrip Racing | Toyota","Driver",8,1
"Racing",2017,"Playoff","National Treasures","Legendary Signatures Printing Plates Black","Darrell Waltrip","Gatorade | DiGard Motorsports | Chevrolet","Driver",9,1
"Racing",2017,"Playoff","National Treasures","Legendary Signatures Printing Plates Black","Richard Petty","STP | Petty Enterprises | Plymouth","Driver",10,1
"Racing",2017,"Playoff","National Treasures","Legendary Signatures Printing Plates Black","Terry Labonte","Kellogg's Corn Flakes | Hendrick Motorsports | Chevrolet","Driver",11,1
"Racing",2017,"Playoff","National Treasures","Legendary Signatures Printing Plates Black","Rusty Wallace","Miller Lite | Team Penske | Ford","Driver",12,1
"Racing",2017,"Playoff","National Treasures","Legendary Signatures Printing Plates Black","Dale Jarrett","UPS | Robert Yates Racing | Ford","Driver",13,1
"Racing",2017,"Playoff","National Treasures","Legendary Signatures Printing Plates Black","Ned Jarrett","B.G. Holloway | Ned Jarrett | Chevrolet","Driver",14,1
"Racing",2017,"Playoff","National Treasures","Legendary Signatures Printing Plates Black","Mark Martin","Folgers | Roush Racing | Ford","Driver",15,1
"Racing",2017,"Playoff","National Treasures","Legendary Signatures Printing Plates Cyan","Ray Evernham","Evernham Motorsports","Owner",1,1
"Racing",2017,"Playoff","National Treasures","Legendary Signatures Printing Plates Cyan","Cale Yarborough","Hardee's | Ranier Racing | Chevrolet","Driver",2,1
"Racing",2017,"Playoff","National Treasures","Legendary Signatures Printing Plates Cyan","Harry Gant","Skoal | Hal Needham | Chevrolet","Driver",3,1
"Racing",2017,"Playoff","National Treasures","Legendary Signatures Printing Plates Cyan","Hershel McGriff","Frank Christian | Oldsmobile","Driver",4,1
"Racing",2017,"Playoff","National Treasures","Legendary Signatures Printing Plates Cyan","Larry McReynolds","GM Goodwrench | Richard Childress Racing | Chevrolet","Crew Chief",5,1
"Racing",2017,"Playoff","National Treasures","Legendary Signatures Printing Plates Cyan","Wally Dallenbach","Hayes Modems | Bud Moore | Ford","Driver",6,1
"Racing",2017,"Playoff","National Treasures","Legendary Signatures Printing Plates Cyan","Junior Johnson","Holly Farms | Junior Johnson | Ford","Driver",7,1
"Racing",2017,"Playoff","National Treasures","Legendary Signatures Printing Plates Cyan","Michael Waltrip","Aaron's | Michael Waltrip Racing | Toyota","Driver",8,1
"Racing",2017,"Playoff","National Treasures","Legendary Signatures Printing Plates Cyan","Darrell Waltrip","Gatorade | DiGard Motorsports | Chevrolet","Driver",9,1
"Racing",2017,"Playoff","National Treasures","Legendary Signatures Printing Plates Cyan","Richard Petty","STP | Petty Enterprises | Plymouth","Driver",10,1
"Racing",2017,"Playoff","National Treasures","Legendary Signatures Printing Plates Cyan","Terry Labonte","Kellogg's Corn Flakes | Hendrick Motorsports | Chevrolet","Driver",11,1
"Racing",2017,"Playoff","National Treasures","Legendary Signatures Printing Plates Cyan","Rusty Wallace","Miller Lite | Team Penske | Ford","Driver",12,1
"Racing",2017,"Playoff","National Treasures","Legendary Signatures Printing Plates Cyan","Dale Jarrett","UPS | Robert Yates Racing | Ford","Driver",13,1
"Racing",2017,"Playoff","National Treasures","Legendary Signatures Printing Plates Cyan","Ned Jarrett","B.G. Holloway | Ned Jarrett | Chevrolet","Driver",14,1
"Racing",2017,"Playoff","National Treasures","Legendary Signatures Printing Plates Cyan","Mark Martin","Folgers | Roush Racing | Ford","Driver",15,1
"Racing",2017,"Playoff","National Treasures","Legendary Signatures Printing Plates Magenta","Ray Evernham","Evernham Motorsports","Owner",1,1
"Racing",2017,"Playoff","National Treasures","Legendary Signatures Printing Plates Magenta","Cale Yarborough","Hardee's | Ranier Racing | Chevrolet","Driver",2,1
"Racing",2017,"Playoff","National Treasures","Legendary Signatures Printing Plates Magenta","Harry Gant","Skoal | Hal Needham | Chevrolet","Driver",3,1
"Racing",2017,"Playoff","National Treasures","Legendary Signatures Printing Plates Magenta","Hershel McGriff","Frank Christian | Oldsmobile","Driver",4,1
"Racing",2017,"Playoff","National Treasures","Legendary Signatures Printing Plates Magenta","Larry McReynolds","GM Goodwrench | Richard Childress Racing | Chevrolet","Crew Chief",5,1
"Racing",2017,"Playoff","National Treasures","Legendary Signatures Printing Plates Magenta","Wally Dallenbach","Hayes Modems | Bud Moore | Ford","Driver",6,1
"Racing",2017,"Playoff","National Treasures","Legendary Signatures Printing Plates Magenta","Junior Johnson","Holly Farms | Junior Johnson | Ford","Driver",7,1
"Racing",2017,"Playoff","National Treasures","Legendary Signatures Printing Plates Magenta","Michael Waltrip","Aaron's | Michael Waltrip Racing | Toyota","Driver",8,1
"Racing",2017,"Playoff","National Treasures","Legendary Signatures Printing Plates Magenta","Darrell Waltrip","Gatorade | DiGard Motorsports | Chevrolet","Driver",9,1
"Racing",2017,"Playoff","National Treasures","Legendary Signatures Printing Plates Magenta","Richard Petty","STP | Petty Enterprises | Plymouth","Driver",10,1
"Racing",2017,"Playoff","National Treasures","Legendary Signatures Printing Plates Magenta","Terry Labonte","Kellogg's Corn Flakes | Hendrick Motorsports | Chevrolet","Driver",11,1
"Racing",2017,"Playoff","National Treasures","Legendary Signatures Printing Plates Magenta","Rusty Wallace","Miller Lite | Team Penske | Ford","Driver",12,1
"Racing",2017,"Playoff","National Treasures","Legendary Signatures Printing Plates Magenta","Dale Jarrett","UPS | Robert Yates Racing | Ford","Driver",13,1
"Racing",2017,"Playoff","National Treasures","Legendary Signatures Printing Plates Magenta","Ned Jarrett","B.G. Holloway | Ned Jarrett | Chevrolet","Driver",14,1
"Racing",2017,"Playoff","National Treasures","Legendary Signatures Printing Plates Magenta","Mark Martin","Folgers | Roush Racing | Ford","Driver",15,1
"Racing",2017,"Playoff","National Treasures","Legendary Signatures Printing Plates Yellow","Ray Evernham","Evernham Motorsports","Owner",1,1
"Racing",2017,"Playoff","National Treasures","Legendary Signatures Printing Plates Yellow","Cale Yarborough","Hardee's | Ranier Racing | Chevrolet","Driver",2,1
"Racing",2017,"Playoff","National Treasures","Legendary Signatures Printing Plates Yellow","Harry Gant","Skoal | Hal Needham | Chevrolet","Driver",3,1
"Racing",2017,"Playoff","National Treasures","Legendary Signatures Printing Plates Yellow","Hershel McGriff","Frank Christian | Oldsmobile","Driver",4,1
"Racing",2017,"Playoff","National Treasures","Legendary Signatures Printing Plates Yellow","Larry McReynolds","GM Goodwrench | Richard Childress Racing | Chevrolet","Crew Chief",5,1
"Racing",2017,"Playoff","National Treasures","Legendary Signatures Printing Plates Yellow","Wally Dallenbach","Hayes Modems | Bud Moore | Ford","Driver",6,1
"Racing",2017,"Playoff","National Treasures","Legendary Signatures Printing Plates Yellow","Junior Johnson","Holly Farms | Junior Johnson | Ford","Driver",7,1
"Racing",2017,"Playoff","National Treasures","Legendary Signatures Printing Plates Yellow","Michael Waltrip","Aaron's | Michael Waltrip Racing | Toyota","Driver",8,1
"Racing",2017,"Playoff","National Treasures","Legendary Signatures Printing Plates Yellow","Darrell Waltrip","Gatorade | DiGard Motorsports | Chevrolet","Driver",9,1
"Racing",2017,"Playoff","National Treasures","Legendary Signatures Printing Plates Yellow","Richard Petty","STP | Petty Enterprises | Plymouth","Driver",10,1
"Racing",2017,"Playoff","National Treasures","Legendary Signatures Printing Plates Yellow","Terry Labonte","Kellogg's Corn Flakes | Hendrick Motorsports | Chevrolet","Driver",11,1
"Racing",2017,"Playoff","National Treasures","Legendary Signatures Printing Plates Yellow","Rusty Wallace","Miller Lite | Team Penske | Ford","Driver",12,1
"Racing",2017,"Playoff","National Treasures","Legendary Signatures Printing Plates Yellow","Dale Jarrett","UPS | Robert Yates Racing | Ford","Driver",13,1
"Racing",2017,"Playoff","National Treasures","Legendary Signatures Printing Plates Yellow","Ned Jarrett","B.G. Holloway | Ned Jarrett | Chevrolet","Driver",14,1
"Racing",2017,"Playoff","National Treasures","Legendary Signatures Printing Plates Yellow","Mark Martin","Folgers | Roush Racing | Ford","Driver",15,1
"Racing",2017,"Playoff","National Treasures","Legends","Bill Elliott","Coors | Harry Melling | Ford","Driver",21,25
"Racing",2017,"Playoff","National Treasures","Legends","Carl Edwards","Aflac | Roush Fenway Racing | Ford","Driver",22,25
"Racing",2017,"Playoff","National Treasures","Legends","Greg Biffle","3M | Roush Fenway Racing | Ford","Car",23,25
"Racing",2017,"Playoff","National Treasures","Legends","Dale Jarrett","UPS | Robert Yates Racing | Ford","Driver",24,25
"Racing",2017,"Playoff","National Treasures","Legends","Darrell Waltrip","Gatorade | DiGard Motorsports | Chevrolet","Driver",25,25
"Racing",2017,"Playoff","National Treasures","Legends","Jeff Burton","Citgo | Roush Racing | Ford","Driver",26,25
"Racing",2017,"Playoff","National Treasures","Legends","Mark Martin","Valvoline | Roush Racing | Ford","Driver",27,25
"Racing",2017,"Playoff","National Treasures","Legends","Michael Waltrip","Aaron's | Michael Waltrip Racing | Toyota","Driver",28,25
"Racing",2017,"Playoff","National Treasures","Legends","Richard Petty","STP | Petty Enterprises | Plymouth","Driver",29,25
"Racing",2017,"Playoff","National Treasures","Legends","Rusty Wallace","Miller Lite | Team Penske | Ford","Driver",30,25
"Racing",2017,"Playoff","National Treasures","Legends","Tony Stewart","Mobil 1 | Stewart-Haas Racing | Chevrolet","Driver",31,25
"Racing",2017,"Playoff","National Treasures","Legends Century Black","Bill Elliott","Coors | Harry Melling | Ford","Driver",21,1
"Racing",2017,"Playoff","National Treasures","Legends Century Black","Carl Edwards","Aflac | Roush Fenway Racing | Ford","Driver",22,1
"Racing",2017,"Playoff","National Treasures","Legends Century Black","Greg Biffle","3M | Roush Fenway Racing | Ford","Car",23,1
"Racing",2017,"Playoff","National Treasures","Legends Century Black","Dale Jarrett","UPS | Robert Yates Racing | Ford","Driver",24,1
"Racing",2017,"Playoff","National Treasures","Legends Century Black","Darrell Waltrip","Gatorade | DiGard Motorsports | Chevrolet","Driver",25,1
"Racing",2017,"Playoff","National Treasures","Legends Century Black","Jeff Burton","Citgo | Roush Racing | Ford","Driver",26,1
"Racing",2017,"Playoff","National Treasures","Legends Century Black","Mark Martin","Valvoline | Roush Racing | Ford","Driver",27,1
"Racing",2017,"Playoff","National Treasures","Legends Century Black","Michael Waltrip","Aaron's | Michael Waltrip Racing | Toyota","Driver",28,1
"Racing",2017,"Playoff","National Treasures","Legends Century Black","Richard Petty","STP | Petty Enterprises | Plymouth","Driver",29,1
"Racing",2017,"Playoff","National Treasures","Legends Century Black","Rusty Wallace","Miller Lite | Team Penske | Ford","Driver",30,1
"Racing",2017,"Playoff","National Treasures","Legends Century Black","Tony Stewart","Mobil 1 | Stewart-Haas Racing | Chevrolet","Driver",31,1
"Racing",2017,"Playoff","National Treasures","Legends Century Gold","Bill Elliott","Coors | Harry Melling | Ford","Driver",21,15
"Racing",2017,"Playoff","National Treasures","Legends Century Gold","Carl Edwards","Aflac | Roush Fenway Racing | Ford","Driver",22,15
"Racing",2017,"Playoff","National Treasures","Legends Century Gold","Greg Biffle","3M | Roush Fenway Racing | Ford","Car",23,15
"Racing",2017,"Playoff","National Treasures","Legends Century Gold","Dale Jarrett","UPS | Robert Yates Racing | Ford","Driver",24,15
"Racing",2017,"Playoff","National Treasures","Legends Century Gold","Darrell Waltrip","Gatorade | DiGard Motorsports | Chevrolet","Driver",25,15
"Racing",2017,"Playoff","National Treasures","Legends Century Gold","Jeff Burton","Citgo | Roush Racing | Ford","Driver",26,15
"Racing",2017,"Playoff","National Treasures","Legends Century Gold","Mark Martin","Valvoline | Roush Racing | Ford","Driver",27,15
"Racing",2017,"Playoff","National Treasures","Legends Century Gold","Michael Waltrip","Aaron's | Michael Waltrip Racing | Toyota","Driver",28,15
"Racing",2017,"Playoff","National Treasures","Legends Century Gold","Richard Petty","STP | Petty Enterprises | Plymouth","Driver",29,15
"Racing",2017,"Playoff","National Treasures","Legends Century Gold","Rusty Wallace","Miller Lite | Team Penske | Ford","Driver",30,15
"Racing",2017,"Playoff","National Treasures","Legends Century Gold","Tony Stewart","Mobil 1 | Stewart-Haas Racing | Chevrolet","Driver",31,15
"Racing",2017,"Playoff","National Treasures","Legends Century Green","Bill Elliott","Coors | Harry Melling | Ford","Driver",21,5
"Racing",2017,"Playoff","National Treasures","Legends Century Green","Carl Edwards","Aflac | Roush Fenway Racing | Ford","Driver",22,5
"Racing",2017,"Playoff","National Treasures","Legends Century Green","Greg Biffle","3M | Roush Fenway Racing | Ford","Car",23,5
"Racing",2017,"Playoff","National Treasures","Legends Century Green","Dale Jarrett","UPS | Robert Yates Racing | Ford","Driver",24,5
"Racing",2017,"Playoff","National Treasures","Legends Century Green","Darrell Waltrip","Gatorade | DiGard Motorsports | Chevrolet","Driver",25,5
"Racing",2017,"Playoff","National Treasures","Legends Century Green","Jeff Burton","Citgo | Roush Racing | Ford","Driver",26,5
"Racing",2017,"Playoff","National Treasures","Legends Century Green","Mark Martin","Valvoline | Roush Racing | Ford","Driver",27,5
"Racing",2017,"Playoff","National Treasures","Legends Century Green","Michael Waltrip","Aaron's | Michael Waltrip Racing | Toyota","Driver",28,5
"Racing",2017,"Playoff","National Treasures","Legends Century Green","Richard Petty","STP | Petty Enterprises | Plymouth","Driver",29,5
"Racing",2017,"Playoff","National Treasures","Legends Century Green","Rusty Wallace","Miller Lite | Team Penske | Ford","Driver",30,5
"Racing",2017,"Playoff","National Treasures","Legends Century Green","Tony Stewart","Mobil 1 | Stewart-Haas Racing | Chevrolet","Driver",31,5
"Racing",2017,"Playoff","National Treasures","Legends Century Holo Gold","Bill Elliott","Coors | Harry Melling | Ford","Driver",21,10
"Racing",2017,"Playoff","National Treasures","Legends Century Holo Gold","Carl Edwards","Aflac | Roush Fenway Racing | Ford","Driver",22,10
"Racing",2017,"Playoff","National Treasures","Legends Century Holo Gold","Greg Biffle","3M | Roush Fenway Racing | Ford","Car",23,10
"Racing",2017,"Playoff","National Treasures","Legends Century Holo Gold","Dale Jarrett","UPS | Robert Yates Racing | Ford","Driver",24,10
"Racing",2017,"Playoff","National Treasures","Legends Century Holo Gold","Darrell Waltrip","Gatorade | DiGard Motorsports | Chevrolet","Driver",25,10
"Racing",2017,"Playoff","National Treasures","Legends Century Holo Gold","Jeff Burton","Citgo | Roush Racing | Ford","Driver",26,10
"Racing",2017,"Playoff","National Treasures","Legends Century Holo Gold","Mark Martin","Valvoline | Roush Racing | Ford","Driver",27,10
"Racing",2017,"Playoff","National Treasures","Legends Century Holo Gold","Michael Waltrip","Aaron's | Michael Waltrip Racing | Toyota","Driver",28,10
"Racing",2017,"Playoff","National Treasures","Legends Century Holo Gold","Richard Petty","STP | Petty Enterprises | Plymouth","Driver",29,10
"Racing",2017,"Playoff","National Treasures","Legends Century Holo Gold","Rusty Wallace","Miller Lite | Team Penske | Ford","Driver",30,10
"Racing",2017,"Playoff","National Treasures","Legends Century Holo Gold","Tony Stewart","Mobil 1 | Stewart-Haas Racing | Chevrolet","Driver",31,10
"Racing",2017,"Playoff","National Treasures","Legends Century Holo Silver","Bill Elliott","Coors | Harry Melling | Ford","Driver",21,20
"Racing",2017,"Playoff","National Treasures","Legends Century Holo Silver","Carl Edwards","Aflac | Roush Fenway Racing | Ford","Driver",22,20
"Racing",2017,"Playoff","National Treasures","Legends Century Holo Silver","Greg Biffle","3M | Roush Fenway Racing | Ford","Car",23,20
"Racing",2017,"Playoff","National Treasures","Legends Century Holo Silver","Dale Jarrett","UPS | Robert Yates Racing | Ford","Driver",24,20
"Racing",2017,"Playoff","National Treasures","Legends Century Holo Silver","Darrell Waltrip","Gatorade | DiGard Motorsports | Chevrolet","Driver",25,20
"Racing",2017,"Playoff","National Treasures","Legends Century Holo Silver","Jeff Burton","Citgo | Roush Racing | Ford","Driver",26,20
"Racing",2017,"Playoff","National Treasures","Legends Century Holo Silver","Mark Martin","Valvoline | Roush Racing | Ford","Driver",27,20
"Racing",2017,"Playoff","National Treasures","Legends Century Holo Silver","Michael Waltrip","Aaron's | Michael Waltrip Racing | Toyota","Driver",28,20
"Racing",2017,"Playoff","National Treasures","Legends Century Holo Silver","Richard Petty","STP | Petty Enterprises | Plymouth","Driver",29,20
"Racing",2017,"Playoff","National Treasures","Legends Century Holo Silver","Rusty Wallace","Miller Lite | Team Penske | Ford","Driver",30,20
"Racing",2017,"Playoff","National Treasures","Legends Century Holo Silver","Tony Stewart","Mobil 1 | Stewart-Haas Racing | Chevrolet","Driver",31,20
"Racing",2017,"Playoff","National Treasures","Legends Century Laundry Tags","Tony Stewart","Mobil 1 | Stewart-Haas Racing | Chevrolet","Driver",31,1
"Racing",2017,"Playoff","National Treasures","Legends Century Printing Plates Black","Bill Elliott","Coors | Harry Melling | Ford","Driver",21,1
"Racing",2017,"Playoff","National Treasures","Legends Century Printing Plates Black","Carl Edwards","Aflac | Roush Fenway Racing | Ford","Driver",22,1
"Racing",2017,"Playoff","National Treasures","Legends Century Printing Plates Black","Greg Biffle","3M | Roush Fenway Racing | Ford","Car",23,1
"Racing",2017,"Playoff","National Treasures","Legends Century Printing Plates Black","Dale Jarrett","UPS | Robert Yates Racing | Ford","Driver",24,1
"Racing",2017,"Playoff","National Treasures","Legends Century Printing Plates Black","Darrell Waltrip","Gatorade | DiGard Motorsports | Chevrolet","Driver",25,1
"Racing",2017,"Playoff","National Treasures","Legends Century Printing Plates Black","Jeff Burton","Citgo | Roush Racing | Ford","Driver",26,1
"Racing",2017,"Playoff","National Treasures","Legends Century Printing Plates Black","Mark Martin","Valvoline | Roush Racing | Ford","Driver",27,1
"Racing",2017,"Playoff","National Treasures","Legends Century Printing Plates Black","Michael Waltrip","Aaron's | Michael Waltrip Racing | Toyota","Driver",28,1
"Racing",2017,"Playoff","National Treasures","Legends Century Printing Plates Black","Richard Petty","STP | Petty Enterprises | Plymouth","Driver",29,1
"Racing",2017,"Playoff","National Treasures","Legends Century Printing Plates Black","Rusty Wallace","Miller Lite | Team Penske | Ford","Driver",30,1
"Racing",2017,"Playoff","National Treasures","Legends Century Printing Plates Black","Tony Stewart","Mobil 1 | Stewart-Haas Racing | Chevrolet","Driver",31,1
"Racing",2017,"Playoff","National Treasures","Legends Century Printing Plates Cyan","Bill Elliott","Coors | Harry Melling | Ford","Driver",21,1
"Racing",2017,"Playoff","National Treasures","Legends Century Printing Plates Cyan","Carl Edwards","Aflac | Roush Fenway Racing | Ford","Driver",22,1
"Racing",2017,"Playoff","National Treasures","Legends Century Printing Plates Cyan","Greg Biffle","3M | Roush Fenway Racing | Ford","Car",23,1
"Racing",2017,"Playoff","National Treasures","Legends Century Printing Plates Cyan","Dale Jarrett","UPS | Robert Yates Racing | Ford","Driver",24,1
"Racing",2017,"Playoff","National Treasures","Legends Century Printing Plates Cyan","Darrell Waltrip","Gatorade | DiGard Motorsports | Chevrolet","Driver",25,1
"Racing",2017,"Playoff","National Treasures","Legends Century Printing Plates Cyan","Jeff Burton","Citgo | Roush Racing | Ford","Driver",26,1
"Racing",2017,"Playoff","National Treasures","Legends Century Printing Plates Cyan","Mark Martin","Valvoline | Roush Racing | Ford","Driver",27,1
"Racing",2017,"Playoff","National Treasures","Legends Century Printing Plates Cyan","Michael Waltrip","Aaron's | Michael Waltrip Racing | Toyota","Driver",28,1
"Racing",2017,"Playoff","National Treasures","Legends Century Printing Plates Cyan","Richard Petty","STP | Petty Enterprises | Plymouth","Driver",29,1
"Racing",2017,"Playoff","National Treasures","Legends Century Printing Plates Cyan","Rusty Wallace","Miller Lite | Team Penske | Ford","Driver",30,1
"Racing",2017,"Playoff","National Treasures","Legends Century Printing Plates Cyan","Tony Stewart","Mobil 1 | Stewart-Haas Racing | Chevrolet","Driver",31,1
"Racing",2017,"Playoff","National Treasures","Legends Century Printing Plates Magenta","Bill Elliott","Coors | Harry Melling | Ford","Driver",21,1
"Racing",2017,"Playoff","National Treasures","Legends Century Printing Plates Magenta","Carl Edwards","Aflac | Roush Fenway Racing | Ford","Driver",22,1
"Racing",2017,"Playoff","National Treasures","Legends Century Printing Plates Magenta","Greg Biffle","3M | Roush Fenway Racing | Ford","Car",23,1
"Racing",2017,"Playoff","National Treasures","Legends Century Printing Plates Magenta","Dale Jarrett","UPS | Robert Yates Racing | Ford","Driver",24,1
"Racing",2017,"Playoff","National Treasures","Legends Century Printing Plates Magenta","Darrell Waltrip","Gatorade | DiGard Motorsports | Chevrolet","Driver",25,1
"Racing",2017,"Playoff","National Treasures","Legends Century Printing Plates Magenta","Jeff Burton","Citgo | Roush Racing | Ford","Driver",26,1
"Racing",2017,"Playoff","National Treasures","Legends Century Printing Plates Magenta","Mark Martin","Valvoline | Roush Racing | Ford","Driver",27,1
"Racing",2017,"Playoff","National Treasures","Legends Century Printing Plates Magenta","Michael Waltrip","Aaron's | Michael Waltrip Racing | Toyota","Driver",28,1
"Racing",2017,"Playoff","National Treasures","Legends Century Printing Plates Magenta","Richard Petty","STP | Petty Enterprises | Plymouth","Driver",29,1
"Racing",2017,"Playoff","National Treasures","Legends Century Printing Plates Magenta","Rusty Wallace","Miller Lite | Team Penske | Ford","Driver",30,1
"Racing",2017,"Playoff","National Treasures","Legends Century Printing Plates Magenta","Tony Stewart","Mobil 1 | Stewart-Haas Racing | Chevrolet","Driver",31,1
"Racing",2017,"Playoff","National Treasures","Legends Century Printing Plates Yellow","Bill Elliott","Coors | Harry Melling | Ford","Driver",21,1
"Racing",2017,"Playoff","National Treasures","Legends Century Printing Plates Yellow","Carl Edwards","Aflac | Roush Fenway Racing | Ford","Driver",22,1
"Racing",2017,"Playoff","National Treasures","Legends Century Printing Plates Yellow","Greg Biffle","3M | Roush Fenway Racing | Ford","Car",23,1
"Racing",2017,"Playoff","National Treasures","Legends Century Printing Plates Yellow","Dale Jarrett","UPS | Robert Yates Racing | Ford","Driver",24,1
"Racing",2017,"Playoff","National Treasures","Legends Century Printing Plates Yellow","Darrell Waltrip","Gatorade | DiGard Motorsports | Chevrolet","Driver",25,1
"Racing",2017,"Playoff","National Treasures","Legends Century Printing Plates Yellow","Jeff Burton","Citgo | Roush Racing | Ford","Driver",26,1
"Racing",2017,"Playoff","National Treasures","Legends Century Printing Plates Yellow","Mark Martin","Valvoline | Roush Racing | Ford","Driver",27,1
"Racing",2017,"Playoff","National Treasures","Legends Century Printing Plates Yellow","Michael Waltrip","Aaron's | Michael Waltrip Racing | Toyota","Driver",28,1
"Racing",2017,"Playoff","National Treasures","Legends Century Printing Plates Yellow","Richard Petty","STP | Petty Enterprises | Plymouth","Driver",29,1
"Racing",2017,"Playoff","National Treasures","Legends Century Printing Plates Yellow","Rusty Wallace","Miller Lite | Team Penske | Ford","Driver",30,1
"Racing",2017,"Playoff","National Treasures","Legends Century Printing Plates Yellow","Tony Stewart","Mobil 1 | Stewart-Haas Racing | Chevrolet","Driver",31,1
"Racing",2017,"Playoff","National Treasures","Magnificent Marks","Danica Patrick","Aspen Dental | Stewart-Haas Racing | Ford","Driver",2,25
"Racing",2017,"Playoff","National Treasures","Magnificent Marks","Kenny Wallace","Square D | Andy Petree Racing | Chevrolet","Driver",3,25
"Racing",2017,"Playoff","National Treasures","Magnificent Marks","Michael Waltrip","Aaron's | Michael Waltrip Racing | Toyota","Driver",4,25
"Racing",2017,"Playoff","National Treasures","Magnificent Marks","Ray Evernham","DuPont | Hendrick Motorsports | Chevrolet","Crew Chief",5,25
"Racing",2017,"Playoff","National Treasures","Magnificent Marks","Chad Knaus","Lowe's | Hendrick Motorsports | Chevrolet","Crew Chief",7,25
"Racing",2017,"Playoff","National Treasures","Magnificent Marks","Harry Gant","Skoal | Hal Needham | Chevrolet","Driver",9,25
"Racing",2017,"Playoff","National Treasures","Magnificent Marks Black","Dale Jarrett","Quality Care | Robert Yates Racing | Ford","Driver",1,1
"Racing",2017,"Playoff","National Treasures","Magnificent Marks Black","Danica Patrick","Aspen Dental | Stewart-Haas Racing | Ford","Driver",2,1
"Racing",2017,"Playoff","National Treasures","Magnificent Marks Black","Kenny Wallace","Square D | Andy Petree Racing | Chevrolet","Driver",3,1
"Racing",2017,"Playoff","National Treasures","Magnificent Marks Black","Michael Waltrip","Aaron's | Michael Waltrip Racing | Toyota","Driver",4,1
"Racing",2017,"Playoff","National Treasures","Magnificent Marks Black","Ray Evernham","DuPont | Hendrick Motorsports | Chevrolet","Crew Chief",5,1
"Racing",2017,"Playoff","National Treasures","Magnificent Marks Black","Rusty Wallace","Miller Lite | Team Penske | Ford","Driver",6,1
"Racing",2017,"Playoff","National Treasures","Magnificent Marks Black","Chad Knaus","Lowe's | Hendrick Motorsports | Chevrolet","Crew Chief",7,1
"Racing",2017,"Playoff","National Treasures","Magnificent Marks Black","Cale Yarborough","Holly Farms | Junior Johnson | Chevrolet","Driver",8,1
"Racing",2017,"Playoff","National Treasures","Magnificent Marks Black","Harry Gant","Skoal | Hal Needham | Chevrolet","Driver",9,1
"Racing",2017,"Playoff","National Treasures","Magnificent Marks Gold","Dale Jarrett","Quality Care | Robert Yates Racing | Ford","Driver",1,14
"Racing",2017,"Playoff","National Treasures","Magnificent Marks Gold","Danica Patrick","Aspen Dental | Stewart-Haas Racing | Ford","Driver",2,15
"Racing",2017,"Playoff","National Treasures","Magnificent Marks Gold","Kenny Wallace","Square D | Andy Petree Racing | Chevrolet","Driver",3,15
"Racing",2017,"Playoff","National Treasures","Magnificent Marks Gold","Michael Waltrip","Aaron's | Michael Waltrip Racing | Toyota","Driver",4,15
"Racing",2017,"Playoff","National Treasures","Magnificent Marks Gold","Ray Evernham","DuPont | Hendrick Motorsports | Chevrolet","Crew Chief",5,15
"Racing",2017,"Playoff","National Treasures","Magnificent Marks Gold","Rusty Wallace","Miller Lite | Team Penske | Ford","Driver",6,15
"Racing",2017,"Playoff","National Treasures","Magnificent Marks Gold","Chad Knaus","Lowe's | Hendrick Motorsports | Chevrolet","Crew Chief",7,15
"Racing",2017,"Playoff","National Treasures","Magnificent Marks Gold","Cale Yarborough","Holly Farms | Junior Johnson | Chevrolet","Driver",8,15
"Racing",2017,"Playoff","National Treasures","Magnificent Marks Gold","Harry Gant","Skoal | Hal Needham | Chevrolet","Driver",9,15
"Racing",2017,"Playoff","National Treasures","Magnificent Marks Green","Dale Jarrett","Quality Care | Robert Yates Racing | Ford","Driver",1,5
"Racing",2017,"Playoff","National Treasures","Magnificent Marks Green","Danica Patrick","Aspen Dental | Stewart-Haas Racing | Ford","Driver",2,5
"Racing",2017,"Playoff","National Treasures","Magnificent Marks Green","Kenny Wallace","Square D | Andy Petree Racing | Chevrolet","Driver",3,5
"Racing",2017,"Playoff","National Treasures","Magnificent Marks Green","Michael Waltrip","Aaron's | Michael Waltrip Racing | Toyota","Driver",4,5
"Racing",2017,"Playoff","National Treasures","Magnificent Marks Green","Ray Evernham","DuPont | Hendrick Motorsports | Chevrolet","Crew Chief",5,5
"Racing",2017,"Playoff","National Treasures","Magnificent Marks Green","Rusty Wallace","Miller Lite | Team Penske | Ford","Driver",6,5
"Racing",2017,"Playoff","National Treasures","Magnificent Marks Green","Chad Knaus","Lowe's | Hendrick Motorsports | Chevrolet","Crew Chief",7,5
"Racing",2017,"Playoff","National Treasures","Magnificent Marks Green","Cale Yarborough","Holly Farms | Junior Johnson | Chevrolet","Driver",8,5
"Racing",2017,"Playoff","National Treasures","Magnificent Marks Green","Harry Gant","Skoal | Hal Needham | Chevrolet","Driver",9,5
"Racing",2017,"Playoff","National Treasures","Magnificent Marks Holo Gold","Dale Jarrett","Quality Care | Robert Yates Racing | Ford","Driver",1,10
"Racing",2017,"Playoff","National Treasures","Magnificent Marks Holo Gold","Danica Patrick","Aspen Dental | Stewart-Haas Racing | Ford","Driver",2,10
"Racing",2017,"Playoff","National Treasures","Magnificent Marks Holo Gold","Kenny Wallace","Square D | Andy Petree Racing | Chevrolet","Driver",3,10
"Racing",2017,"Playoff","National Treasures","Magnificent Marks Holo Gold","Michael Waltrip","Aaron's | Michael Waltrip Racing | Toyota","Driver",4,10
"Racing",2017,"Playoff","National Treasures","Magnificent Marks Holo Gold","Ray Evernham","DuPont | Hendrick Motorsports | Chevrolet","Crew Chief",5,10
"Racing",2017,"Playoff","National Treasures","Magnificent Marks Holo Gold","Rusty Wallace","Miller Lite | Team Penske | Ford","Driver",6,10
"Racing",2017,"Playoff","National Treasures","Magnificent Marks Holo Gold","Chad Knaus","Lowe's | Hendrick Motorsports | Chevrolet","Crew Chief",7,7
"Racing",2017,"Playoff","National Treasures","Magnificent Marks Holo Gold","Cale Yarborough","Holly Farms | Junior Johnson | Chevrolet","Driver",8,10
"Racing",2017,"Playoff","National Treasures","Magnificent Marks Holo Gold","Harry Gant","Skoal | Hal Needham | Chevrolet","Driver",9,10
"Racing",2017,"Playoff","National Treasures","Magnificent Marks Holo Silver","Danica Patrick","Aspen Dental | Stewart-Haas Racing | Ford","Driver",2,20
"Racing",2017,"Playoff","National Treasures","Magnificent Marks Holo Silver","Kenny Wallace","Square D | Andy Petree Racing | Chevrolet","Driver",3,20
"Racing",2017,"Playoff","National Treasures","Magnificent Marks Holo Silver","Michael Waltrip","Aaron's | Michael Waltrip Racing | Toyota","Driver",4,20
"Racing",2017,"Playoff","National Treasures","Magnificent Marks Holo Silver","Ray Evernham","DuPont | Hendrick Motorsports | Chevrolet","Crew Chief",5,20
"Racing",2017,"Playoff","National Treasures","Magnificent Marks Holo Silver","Rusty Wallace","Miller Lite | Team Penske | Ford","Driver",6,20
"Racing",2017,"Playoff","National Treasures","Magnificent Marks Holo Silver","Chad Knaus","Lowe's | Hendrick Motorsports | Chevrolet","Crew Chief",7,20
"Racing",2017,"Playoff","National Treasures","Magnificent Marks Holo Silver","Cale Yarborough","Holly Farms | Junior Johnson | Chevrolet","Driver",8,20
"Racing",2017,"Playoff","National Treasures","Magnificent Marks Holo Silver","Harry Gant","Skoal | Hal Needham | Chevrolet","Driver",9,20
"Racing",2017,"Playoff","National Treasures","Magnificent Marks Printing Plates Black","Dale Jarrett","Quality Care | Robert Yates Racing | Ford","Driver",1,1
"Racing",2017,"Playoff","National Treasures","Magnificent Marks Printing Plates Black","Danica Patrick","Aspen Dental | Stewart-Haas Racing | Ford","Driver",2,1
"Racing",2017,"Playoff","National Treasures","Magnificent Marks Printing Plates Black","Kenny Wallace","Square D | Andy Petree Racing | Chevrolet","Driver",3,1
"Racing",2017,"Playoff","National Treasures","Magnificent Marks Printing Plates Black","Michael Waltrip","Aaron's | Michael Waltrip Racing | Toyota","Driver",4,1
"Racing",2017,"Playoff","National Treasures","Magnificent Marks Printing Plates Black","Ray Evernham","DuPont | Hendrick Motorsports | Chevrolet","Crew Chief",5,1
"Racing",2017,"Playoff","National Treasures","Magnificent Marks Printing Plates Black","Rusty Wallace","Miller Lite | Team Penske | Ford","Driver",6,1
"Racing",2017,"Playoff","National Treasures","Magnificent Marks Printing Plates Black","Chad Knaus","Lowe's | Hendrick Motorsports | Chevrolet","Crew Chief",7,1
"Racing",2017,"Playoff","National Treasures","Magnificent Marks Printing Plates Black","Cale Yarborough","Holly Farms | Junior Johnson | Chevrolet","Driver",8,1
"Racing",2017,"Playoff","National Treasures","Magnificent Marks Printing Plates Black","Harry Gant","Skoal | Hal Needham | Chevrolet","Driver",9,1
"Racing",2017,"Playoff","National Treasures","Magnificent Marks Printing Plates Cyan","Dale Jarrett","Quality Care | Robert Yates Racing | Ford","Driver",1,1
"Racing",2017,"Playoff","National Treasures","Magnificent Marks Printing Plates Cyan","Danica Patrick","Aspen Dental | Stewart-Haas Racing | Ford","Driver",2,1
"Racing",2017,"Playoff","National Treasures","Magnificent Marks Printing Plates Cyan","Kenny Wallace","Square D | Andy Petree Racing | Chevrolet","Driver",3,1
"Racing",2017,"Playoff","National Treasures","Magnificent Marks Printing Plates Cyan","Michael Waltrip","Aaron's | Michael Waltrip Racing | Toyota","Driver",4,1
"Racing",2017,"Playoff","National Treasures","Magnificent Marks Printing Plates Cyan","Ray Evernham","DuPont | Hendrick Motorsports | Chevrolet","Crew Chief",5,1
"Racing",2017,"Playoff","National Treasures","Magnificent Marks Printing Plates Cyan","Rusty Wallace","Miller Lite | Team Penske | Ford","Driver",6,1
"Racing",2017,"Playoff","National Treasures","Magnificent Marks Printing Plates Cyan","Chad Knaus","Lowe's | Hendrick Motorsports | Chevrolet","Crew Chief",7,1
"Racing",2017,"Playoff","National Treasures","Magnificent Marks Printing Plates Cyan","Cale Yarborough","Holly Farms | Junior Johnson | Chevrolet","Driver",8,1
"Racing",2017,"Playoff","National Treasures","Magnificent Marks Printing Plates Cyan","Harry Gant","Skoal | Hal Needham | Chevrolet","Driver",9,1
"Racing",2017,"Playoff","National Treasures","Magnificent Marks Printing Plates Magenta","Dale Jarrett","Quality Care | Robert Yates Racing | Ford","Driver",1,1
"Racing",2017,"Playoff","National Treasures","Magnificent Marks Printing Plates Magenta","Danica Patrick","Aspen Dental | Stewart-Haas Racing | Ford","Driver",2,1
"Racing",2017,"Playoff","National Treasures","Magnificent Marks Printing Plates Magenta","Kenny Wallace","Square D | Andy Petree Racing | Chevrolet","Driver",3,1
"Racing",2017,"Playoff","National Treasures","Magnificent Marks Printing Plates Magenta","Michael Waltrip","Aaron's | Michael Waltrip Racing | Toyota","Driver",4,1
"Racing",2017,"Playoff","National Treasures","Magnificent Marks Printing Plates Magenta","Ray Evernham","DuPont | Hendrick Motorsports | Chevrolet","Crew Chief",5,1
"Racing",2017,"Playoff","National Treasures","Magnificent Marks Printing Plates Magenta","Rusty Wallace","Miller Lite | Team Penske | Ford","Driver",6,1
"Racing",2017,"Playoff","National Treasures","Magnificent Marks Printing Plates Magenta","Chad Knaus","Lowe's | Hendrick Motorsports | Chevrolet","Crew Chief",7,1
"Racing",2017,"Playoff","National Treasures","Magnificent Marks Printing Plates Magenta","Cale Yarborough","Holly Farms | Junior Johnson | Chevrolet","Driver",8,1
"Racing",2017,"Playoff","National Treasures","Magnificent Marks Printing Plates Magenta","Harry Gant","Skoal | Hal Needham | Chevrolet","Driver",9,1
"Racing",2017,"Playoff","National Treasures","Magnificent Marks Printing Plates Yellow","Dale Jarrett","Quality Care | Robert Yates Racing | Ford","Driver",1,1
"Racing",2017,"Playoff","National Treasures","Magnificent Marks Printing Plates Yellow","Danica Patrick","Aspen Dental | Stewart-Haas Racing | Ford","Driver",2,1
"Racing",2017,"Playoff","National Treasures","Magnificent Marks Printing Plates Yellow","Kenny Wallace","Square D | Andy Petree Racing | Chevrolet","Driver",3,1
"Racing",2017,"Playoff","National Treasures","Magnificent Marks Printing Plates Yellow","Michael Waltrip","Aaron's | Michael Waltrip Racing | Toyota","Driver",4,1
"Racing",2017,"Playoff","National Treasures","Magnificent Marks Printing Plates Yellow","Ray Evernham","DuPont | Hendrick Motorsports | Chevrolet","Crew Chief",5,1
"Racing",2017,"Playoff","National Treasures","Magnificent Marks Printing Plates Yellow","Rusty Wallace","Miller Lite | Team Penske | Ford","Driver",6,1
"Racing",2017,"Playoff","National Treasures","Magnificent Marks Printing Plates Yellow","Chad Knaus","Lowe's | Hendrick Motorsports | Chevrolet","Crew Chief",7,1
"Racing",2017,"Playoff","National Treasures","Magnificent Marks Printing Plates Yellow","Cale Yarborough","Holly Farms | Junior Johnson | Chevrolet","Driver",8,1
"Racing",2017,"Playoff","National Treasures","Magnificent Marks Printing Plates Yellow","Harry Gant","Skoal | Hal Needham | Chevrolet","Driver",9,1
"Racing",2017,"Playoff","National Treasures","Quad Material Signatures","David Ragan","Juice Batteries | Front Row Motorsports | Ford","Driver",1,25
"Racing",2017,"Playoff","National Treasures","Quad Material Signatures","Justin Allgaier","Brandt | JR Motorsports | Chevrolet","Driver",2,25
"Racing",2017,"Playoff","National Treasures","Quad Material Signatures","Brad Keselowski","Miller Lite | Team Penske | Ford","Driver",4,25
"Racing",2017,"Playoff","National Treasures","Quad Material Signatures","Kurt Busch","Haas Automation | Stewart-Haas Racing | Ford","Driver",8,25
"Racing",2017,"Playoff","National Treasures","Quad Material Signatures Black","David Ragan","Juice Batteries | Front Row Motorsports | Ford","Driver",1,1
"Racing",2017,"Playoff","National Treasures","Quad Material Signatures Black","Justin Allgaier","Brandt | JR Motorsports | Chevrolet","Driver",2,1
"Racing",2017,"Playoff","National Treasures","Quad Material Signatures Black","Austin Dillon","Dow Chemical | Richard Childress Racing | Chevrolet","Driver",3,1
"Racing",2017,"Playoff","National Treasures","Quad Material Signatures Black","Brad Keselowski","Miller Lite | Team Penske | Ford","Driver",4,1
"Racing",2017,"Playoff","National Treasures","Quad Material Signatures Black","Denny Hamlin","FedEx Express | Joe Gibbs Racing | Toyota","Driver",5,1
"Racing",2017,"Playoff","National Treasures","Quad Material Signatures Black","Jamie McMurray","Cessna | Chip Ganassi Racing | Chevrolet","Driver",6,1
"Racing",2017,"Playoff","National Treasures","Quad Material Signatures Black","Joey Logano","Shell-Pennzoil | Team Penske | Ford","Driver",7,1
"Racing",2017,"Playoff","National Treasures","Quad Material Signatures Black","Kurt Busch","Haas Automation | Stewart-Haas Racing | Ford","Driver",8,1
"Racing",2017,"Playoff","National Treasures","Quad Material Signatures Black","Jimmie Johnson","Lowe's | Hendrick Motorsports | Chevrolet","Driver",9,1
"Racing",2017,"Playoff","National Treasures","Quad Material Signatures Black","Dale Earnhardt Jr","Nationwide | Hendrick Motorsports | Chevrolet","Driver",10,1
"Racing",2017,"Playoff","National Treasures","Quad Material Signatures Gold","David Ragan","Juice Batteries | Front Row Motorsports | Ford","Driver",1,15
"Racing",2017,"Playoff","National Treasures","Quad Material Signatures Gold","Justin Allgaier","Brandt | JR Motorsports | Chevrolet","Driver",2,15
"Racing",2017,"Playoff","National Treasures","Quad Material Signatures Gold","Austin Dillon","Dow Chemical | Richard Childress Racing | Chevrolet","Driver",3,15
"Racing",2017,"Playoff","National Treasures","Quad Material Signatures Gold","Brad Keselowski","Miller Lite | Team Penske | Ford","Driver",4,15
"Racing",2017,"Playoff","National Treasures","Quad Material Signatures Gold","Jamie McMurray","Cessna | Chip Ganassi Racing | Chevrolet","Driver",6,15
"Racing",2017,"Playoff","National Treasures","Quad Material Signatures Gold","Joey Logano","Shell-Pennzoil | Team Penske | Ford","Driver",7,15
"Racing",2017,"Playoff","National Treasures","Quad Material Signatures Gold","Kurt Busch","Haas Automation | Stewart-Haas Racing | Ford","Driver",8,15
"Racing",2017,"Playoff","National Treasures","Quad Material Signatures Gold","Dale Earnhardt Jr","Nationwide | Hendrick Motorsports | Chevrolet","Driver",10,15
"Racing",2017,"Playoff","National Treasures","Quad Material Signatures Green","David Ragan","Juice Batteries | Front Row Motorsports | Ford","Driver",1,5
"Racing",2017,"Playoff","National Treasures","Quad Material Signatures Green","Justin Allgaier","Brandt | JR Motorsports | Chevrolet","Driver",2,5
"Racing",2017,"Playoff","National Treasures","Quad Material Signatures Green","Austin Dillon","Dow Chemical | Richard Childress Racing | Chevrolet","Driver",3,5
"Racing",2017,"Playoff","National Treasures","Quad Material Signatures Green","Brad Keselowski","Miller Lite | Team Penske | Ford","Driver",4,2
"Racing",2017,"Playoff","National Treasures","Quad Material Signatures Green","Denny Hamlin","FedEx Express | Joe Gibbs Racing | Toyota","Driver",5,5
"Racing",2017,"Playoff","National Treasures","Quad Material Signatures Green","Jamie McMurray","Cessna | Chip Ganassi Racing | Chevrolet","Driver",6,5
"Racing",2017,"Playoff","National Treasures","Quad Material Signatures Green","Joey Logano","Shell-Pennzoil | Team Penske | Ford","Driver",7,5
"Racing",2017,"Playoff","National Treasures","Quad Material Signatures Green","Kurt Busch","Haas Automation | Stewart-Haas Racing | Ford","Driver",8,5
"Racing",2017,"Playoff","National Treasures","Quad Material Signatures Green","Dale Earnhardt Jr","Nationwide | Hendrick Motorsports | Chevrolet","Driver",10,5
"Racing",2017,"Playoff","National Treasures","Quad Material Signatures Holo Gold","David Ragan","Juice Batteries | Front Row Motorsports | Ford","Driver",1,10
"Racing",2017,"Playoff","National Treasures","Quad Material Signatures Holo Gold","Justin Allgaier","Brandt | JR Motorsports | Chevrolet","Driver",2,10
"Racing",2017,"Playoff","National Treasures","Quad Material Signatures Holo Gold","Austin Dillon","Dow Chemical | Richard Childress Racing | Chevrolet","Driver",3,10
"Racing",2017,"Playoff","National Treasures","Quad Material Signatures Holo Gold","Brad Keselowski","Miller Lite | Team Penske | Ford","Driver",4,10
"Racing",2017,"Playoff","National Treasures","Quad Material Signatures Holo Gold","Jamie McMurray","Cessna | Chip Ganassi Racing | Chevrolet","Driver",6,10
"Racing",2017,"Playoff","National Treasures","Quad Material Signatures Holo Gold","Joey Logano","Shell-Pennzoil | Team Penske | Ford","Driver",7,10
"Racing",2017,"Playoff","National Treasures","Quad Material Signatures Holo Gold","Kurt Busch","Haas Automation | Stewart-Haas Racing | Ford","Driver",8,10
"Racing",2017,"Playoff","National Treasures","Quad Material Signatures Holo Gold","Dale Earnhardt Jr","Nationwide | Hendrick Motorsports | Chevrolet","Driver",10,8
"Racing",2017,"Playoff","National Treasures","Quad Material Signatures Holo Silver","David Ragan","Juice Batteries | Front Row Motorsports | Ford","Driver",1,20
"Racing",2017,"Playoff","National Treasures","Quad Material Signatures Holo Silver","Justin Allgaier","Brandt | JR Motorsports | Chevrolet","Driver",2,20
"Racing",2017,"Playoff","National Treasures","Quad Material Signatures Holo Silver","Austin Dillon","Dow Chemical | Richard Childress Racing | Chevrolet","Driver",3,20
"Racing",2017,"Playoff","National Treasures","Quad Material Signatures Holo Silver","Brad Keselowski","Miller Lite | Team Penske | Ford","Driver",4,20
"Racing",2017,"Playoff","National Treasures","Quad Material Signatures Holo Silver","Kurt Busch","Haas Automation | Stewart-Haas Racing | Ford","Driver",8,20
"Racing",2017,"Playoff","National Treasures","Quad Material Signatures Laundry Tags","David Ragan","Juice Batteries | Front Row Motorsports | Ford","Driver",1,1
"Racing",2017,"Playoff","National Treasures","Quad Material Signatures Laundry Tags","Justin Allgaier","Brandt | JR Motorsports | Chevrolet","Driver",2,1
"Racing",2017,"Playoff","National Treasures","Quad Material Signatures Laundry Tags","Austin Dillon","Dow Chemical | Richard Childress Racing | Chevrolet","Driver",3,1
"Racing",2017,"Playoff","National Treasures","Quad Material Signatures Laundry Tags","Brad Keselowski","Miller Lite | Team Penske | Ford","Driver",4,1
"Racing",2017,"Playoff","National Treasures","Quad Material Signatures Laundry Tags","Denny Hamlin","FedEx Express | Joe Gibbs Racing | Toyota","Driver",5,1
"Racing",2017,"Playoff","National Treasures","Quad Material Signatures Laundry Tags","Jamie McMurray","Cessna | Chip Ganassi Racing | Chevrolet","Driver",6,1
"Racing",2017,"Playoff","National Treasures","Quad Material Signatures Laundry Tags","Joey Logano","Shell-Pennzoil | Team Penske | Ford","Driver",7,1
"Racing",2017,"Playoff","National Treasures","Quad Material Signatures Laundry Tags","Kurt Busch","Haas Automation | Stewart-Haas Racing | Ford","Driver",8,1
"Racing",2017,"Playoff","National Treasures","Quad Material Signatures Laundry Tags","Jimmie Johnson","Lowe's | Hendrick Motorsports | Chevrolet","Driver",9,1
"Racing",2017,"Playoff","National Treasures","Quad Material Signatures Laundry Tags","Dale Earnhardt Jr","Nationwide | Hendrick Motorsports | Chevrolet","Driver",10,1
"Racing",2017,"Playoff","National Treasures","Quad Material Signatures Printing Plates Black","David Ragan","Juice Batteries | Front Row Motorsports | Ford","Driver",1,1
"Racing",2017,"Playoff","National Treasures","Quad Material Signatures Printing Plates Black","Justin Allgaier","Brandt | JR Motorsports | Chevrolet","Driver",2,1
"Racing",2017,"Playoff","National Treasures","Quad Material Signatures Printing Plates Black","Austin Dillon","Dow Chemical | Richard Childress Racing | Chevrolet","Driver",3,1
"Racing",2017,"Playoff","National Treasures","Quad Material Signatures Printing Plates Black","Brad Keselowski","Miller Lite | Team Penske | Ford","Driver",4,1
"Racing",2017,"Playoff","National Treasures","Quad Material Signatures Printing Plates Black","Denny Hamlin","FedEx Express | Joe Gibbs Racing | Toyota","Driver",5,1
"Racing",2017,"Playoff","National Treasures","Quad Material Signatures Printing Plates Black","Jamie McMurray","Cessna | Chip Ganassi Racing | Chevrolet","Driver",6,1
"Racing",2017,"Playoff","National Treasures","Quad Material Signatures Printing Plates Black","Joey Logano","Shell-Pennzoil | Team Penske | Ford","Driver",7,1
"Racing",2017,"Playoff","National Treasures","Quad Material Signatures Printing Plates Black","Kurt Busch","Haas Automation | Stewart-Haas Racing | Ford","Driver",8,1
"Racing",2017,"Playoff","National Treasures","Quad Material Signatures Printing Plates Black","Jimmie Johnson","Lowe's | Hendrick Motorsports | Chevrolet","Driver",9,1
"Racing",2017,"Playoff","National Treasures","Quad Material Signatures Printing Plates Black","Dale Earnhardt Jr","Nationwide | Hendrick Motorsports | Chevrolet","Driver",10,1
"Racing",2017,"Playoff","National Treasures","Quad Material Signatures Printing Plates Cyan","David Ragan","Juice Batteries | Front Row Motorsports | Ford","Driver",1,1
"Racing",2017,"Playoff","National Treasures","Quad Material Signatures Printing Plates Cyan","Justin Allgaier","Brandt | JR Motorsports | Chevrolet","Driver",2,1
"Racing",2017,"Playoff","National Treasures","Quad Material Signatures Printing Plates Cyan","Austin Dillon","Dow Chemical | Richard Childress Racing | Chevrolet","Driver",3,1
"Racing",2017,"Playoff","National Treasures","Quad Material Signatures Printing Plates Cyan","Brad Keselowski","Miller Lite | Team Penske | Ford","Driver",4,1
"Racing",2017,"Playoff","National Treasures","Quad Material Signatures Printing Plates Cyan","Denny Hamlin","FedEx Express | Joe Gibbs Racing | Toyota","Driver",5,1
"Racing",2017,"Playoff","National Treasures","Quad Material Signatures Printing Plates Cyan","Jamie McMurray","Cessna | Chip Ganassi Racing | Chevrolet","Driver",6,1
"Racing",2017,"Playoff","National Treasures","Quad Material Signatures Printing Plates Cyan","Joey Logano","Shell-Pennzoil | Team Penske | Ford","Driver",7,1
"Racing",2017,"Playoff","National Treasures","Quad Material Signatures Printing Plates Cyan","Kurt Busch","Haas Automation | Stewart-Haas Racing | Ford","Driver",8,1
"Racing",2017,"Playoff","National Treasures","Quad Material Signatures Printing Plates Cyan","Jimmie Johnson","Lowe's | Hendrick Motorsports | Chevrolet","Driver",9,1
"Racing",2017,"Playoff","National Treasures","Quad Material Signatures Printing Plates Cyan","Dale Earnhardt Jr","Nationwide | Hendrick Motorsports | Chevrolet","Driver",10,1
"Racing",2017,"Playoff","National Treasures","Quad Material Signatures Printing Plates Magenta","David Ragan","Juice Batteries | Front Row Motorsports | Ford","Driver",1,1
"Racing",2017,"Playoff","National Treasures","Quad Material Signatures Printing Plates Magenta","Justin Allgaier","Brandt | JR Motorsports | Chevrolet","Driver",2,1
"Racing",2017,"Playoff","National Treasures","Quad Material Signatures Printing Plates Magenta","Austin Dillon","Dow Chemical | Richard Childress Racing | Chevrolet","Driver",3,1
"Racing",2017,"Playoff","National Treasures","Quad Material Signatures Printing Plates Magenta","Brad Keselowski","Miller Lite | Team Penske | Ford","Driver",4,1
"Racing",2017,"Playoff","National Treasures","Quad Material Signatures Printing Plates Magenta","Denny Hamlin","FedEx Express | Joe Gibbs Racing | Toyota","Driver",5,1
"Racing",2017,"Playoff","National Treasures","Quad Material Signatures Printing Plates Magenta","Jamie McMurray","Cessna | Chip Ganassi Racing | Chevrolet","Driver",6,1
"Racing",2017,"Playoff","National Treasures","Quad Material Signatures Printing Plates Magenta","Joey Logano","Shell-Pennzoil | Team Penske | Ford","Driver",7,1
"Racing",2017,"Playoff","National Treasures","Quad Material Signatures Printing Plates Magenta","Kurt Busch","Haas Automation | Stewart-Haas Racing | Ford","Driver",8,1
"Racing",2017,"Playoff","National Treasures","Quad Material Signatures Printing Plates Magenta","Jimmie Johnson","Lowe's | Hendrick Motorsports | Chevrolet","Driver",9,1
"Racing",2017,"Playoff","National Treasures","Quad Material Signatures Printing Plates Magenta","Dale Earnhardt Jr","Nationwide | Hendrick Motorsports | Chevrolet","Driver",10,1
"Racing",2017,"Playoff","National Treasures","Quad Material Signatures Printing Plates Yellow","David Ragan","Juice Batteries | Front Row Motorsports | Ford","Driver",1,1
"Racing",2017,"Playoff","National Treasures","Quad Material Signatures Printing Plates Yellow","Justin Allgaier","Brandt | JR Motorsports | Chevrolet","Driver",2,1
"Racing",2017,"Playoff","National Treasures","Quad Material Signatures Printing Plates Yellow","Austin Dillon","Dow Chemical | Richard Childress Racing | Chevrolet","Driver",3,1
"Racing",2017,"Playoff","National Treasures","Quad Material Signatures Printing Plates Yellow","Brad Keselowski","Miller Lite | Team Penske | Ford","Driver",4,1
"Racing",2017,"Playoff","National Treasures","Quad Material Signatures Printing Plates Yellow","Denny Hamlin","FedEx Express | Joe Gibbs Racing | Toyota","Driver",5,1
"Racing",2017,"Playoff","National Treasures","Quad Material Signatures Printing Plates Yellow","Jamie McMurray","Cessna | Chip Ganassi Racing | Chevrolet","Driver",6,1
"Racing",2017,"Playoff","National Treasures","Quad Material Signatures Printing Plates Yellow","Joey Logano","Shell-Pennzoil | Team Penske | Ford","Driver",7,1
"Racing",2017,"Playoff","National Treasures","Quad Material Signatures Printing Plates Yellow","Kurt Busch","Haas Automation | Stewart-Haas Racing | Ford","Driver",8,1
"Racing",2017,"Playoff","National Treasures","Quad Material Signatures Printing Plates Yellow","Jimmie Johnson","Lowe's | Hendrick Motorsports | Chevrolet","Driver",9,1
"Racing",2017,"Playoff","National Treasures","Quad Material Signatures Printing Plates Yellow","Dale Earnhardt Jr","Nationwide | Hendrick Motorsports | Chevrolet","Driver",10,1
"Racing",2017,"Playoff","National Treasures","Quad Materials","Kasey Kahne","Farmers Insurance | Hendrick Motorsports | Chevrolet","Driver",2,25
"Racing",2017,"Playoff","National Treasures","Quad Materials","Denny Hamlin","FedEx Express | Joe Gibbs Racing | Toyota","Driver",3,25
"Racing",2017,"Playoff","National Treasures","Quad Materials","Ryan Newman","Caterpillar | Richard Childress Racing | Chevrolet","Driver",7,25
"Racing",2017,"Playoff","National Treasures","Quad Materials","Martin Truex Jr.","Bass Pro Shops-TRACKER Boats | Furniture Row Racing | Toyota","Driver",8,25
"Racing",2017,"Playoff","National Treasures","Quad Materials","Jamie McMurray","McDonald's | Chip Ganassi Racing | Chevrolet","Driver",11,25
"Racing",2017,"Playoff","National Treasures","Quad Materials","AJ Allmendinger","Kroger | JTG Daugherty Racing | Chevrolet","Driver",12,25
"Racing",2017,"Playoff","National Treasures","Quad Materials","Brad Keselowski","Miller Lite | Team Penske | Ford","Driver",13,25
"Racing",2017,"Playoff","National Treasures","Quad Materials","David Ragan","Juice Batteries | Front Row Motorsports | Ford","Driver",15,25
"Racing",2017,"Playoff","National Treasures","Quad Materials Black","Kyle Busch","M&M's | Joe Gibbs Racing | Toyota","Driver",1,1
"Racing",2017,"Playoff","National Treasures","Quad Materials Black","Kasey Kahne","Farmers Insurance | Hendrick Motorsports | Chevrolet","Driver",2,1
"Racing",2017,"Playoff","National Treasures","Quad Materials Black","Denny Hamlin","FedEx Express | Joe Gibbs Racing | Toyota","Driver",3,1
"Racing",2017,"Playoff","National Treasures","Quad Materials Black","Matt Kenseth","DeWalt | Joe Gibbs Racing | Toyota","Driver",4,1
"Racing",2017,"Playoff","National Treasures","Quad Materials Black","Kyle Larson","Target | Chip Ganassi Racing | Chevrolet","Driver",5,1
"Racing",2017,"Playoff","National Treasures","Quad Materials Black","Austin Dillon","Dow Chemical | Richard Childress Racing | Chevrolet","Driver",6,1
"Racing",2017,"Playoff","National Treasures","Quad Materials Black","Martin Truex Jr.","Bass Pro Shops-TRACKER Boats | Furniture Row Racing | Toyota","Driver",8,1
"Racing",2017,"Playoff","National Treasures","Quad Materials Black","Kurt Busch","Haas Automation | Stewart-Haas Racing | Ford","Driver",9,1
"Racing",2017,"Playoff","National Treasures","Quad Materials Black","Ryan Blaney","Motorcraft | Wood Brothers Racing | Ford","Driver",10,1
"Racing",2017,"Playoff","National Treasures","Quad Materials Black","Jamie McMurray","McDonald's | Chip Ganassi Racing | Chevrolet","Driver",11,1
"Racing",2017,"Playoff","National Treasures","Quad Materials Black","AJ Allmendinger","Kroger | JTG Daugherty Racing | Chevrolet","Driver",12,1
"Racing",2017,"Playoff","National Treasures","Quad Materials Black","Brad Keselowski","Miller Lite | Team Penske | Ford","Driver",13,1
"Racing",2017,"Playoff","National Treasures","Quad Materials Black","Ricky Stenhouse Jr","SunnyD | Roush Fenway Racing | Ford","Driver",14,1
"Racing",2017,"Playoff","National Treasures","Quad Materials Black","David Ragan","Juice Batteries | Front Row Motorsports | Ford","Driver",15,1
"Racing",2017,"Playoff","National Treasures","Quad Materials Gold","Kasey Kahne","Farmers Insurance | Hendrick Motorsports | Chevrolet","Driver",2,15
"Racing",2017,"Playoff","National Treasures","Quad Materials Gold","Denny Hamlin","FedEx Express | Joe Gibbs Racing | Toyota","Driver",3,15
"Racing",2017,"Playoff","National Treasures","Quad Materials Gold","Ryan Newman","Caterpillar | Richard Childress Racing | Chevrolet","Driver",7,15
"Racing",2017,"Playoff","National Treasures","Quad Materials Gold","Martin Truex Jr.","Bass Pro Shops-TRACKER Boats | Furniture Row Racing | Toyota","Driver",8,15
"Racing",2017,"Playoff","National Treasures","Quad Materials Gold","Jamie McMurray","McDonald's | Chip Ganassi Racing | Chevrolet","Driver",11,15
"Racing",2017,"Playoff","National Treasures","Quad Materials Gold","AJ Allmendinger","Kroger | JTG Daugherty Racing | Chevrolet","Driver",12,15
"Racing",2017,"Playoff","National Treasures","Quad Materials Gold","Brad Keselowski","Miller Lite | Team Penske | Ford","Driver",13,15
"Racing",2017,"Playoff","National Treasures","Quad Materials Gold","David Ragan","Juice Batteries | Front Row Motorsports | Ford","Driver",15,15
"Racing",2017,"Playoff","National Treasures","Quad Materials Green","Kasey Kahne","Farmers Insurance | Hendrick Motorsports | Chevrolet","Driver",2,5
"Racing",2017,"Playoff","National Treasures","Quad Materials Green","Denny Hamlin","FedEx Express | Joe Gibbs Racing | Toyota","Driver",3,5
"Racing",2017,"Playoff","National Treasures","Quad Materials Green","Matt Kenseth","DeWalt | Joe Gibbs Racing | Toyota","Driver",4,5
"Racing",2017,"Playoff","National Treasures","Quad Materials Green","Kyle Larson","Target | Chip Ganassi Racing | Chevrolet","Driver",5,5
"Racing",2017,"Playoff","National Treasures","Quad Materials Green","Austin Dillon","Dow Chemical | Richard Childress Racing | Chevrolet","Driver",6,5
"Racing",2017,"Playoff","National Treasures","Quad Materials Green","Ryan Newman","Caterpillar | Richard Childress Racing | Chevrolet","Driver",7,5
"Racing",2017,"Playoff","National Treasures","Quad Materials Green","Martin Truex Jr.","Bass Pro Shops-TRACKER Boats | Furniture Row Racing | Toyota","Driver",8,5
"Racing",2017,"Playoff","National Treasures","Quad Materials Green","Ryan Blaney","Motorcraft | Wood Brothers Racing | Ford","Driver",10,5
"Racing",2017,"Playoff","National Treasures","Quad Materials Green","Jamie McMurray","McDonald's | Chip Ganassi Racing | Chevrolet","Driver",11,5
"Racing",2017,"Playoff","National Treasures","Quad Materials Green","AJ Allmendinger","Kroger | JTG Daugherty Racing | Chevrolet","Driver",12,5
"Racing",2017,"Playoff","National Treasures","Quad Materials Green","Brad Keselowski","Miller Lite | Team Penske | Ford","Driver",13,5
"Racing",2017,"Playoff","National Treasures","Quad Materials Green","Ricky Stenhouse Jr","SunnyD | Roush Fenway Racing | Ford","Driver",14,5
"Racing",2017,"Playoff","National Treasures","Quad Materials Green","David Ragan","Juice Batteries | Front Row Motorsports | Ford","Driver",15,5
"Racing",2017,"Playoff","National Treasures","Quad Materials Holo Gold","Kasey Kahne","Farmers Insurance | Hendrick Motorsports | Chevrolet","Driver",2,10
"Racing",2017,"Playoff","National Treasures","Quad Materials Holo Gold","Denny Hamlin","FedEx Express | Joe Gibbs Racing | Toyota","Driver",3,10
"Racing",2017,"Playoff","National Treasures","Quad Materials Holo Gold","Ryan Newman","Caterpillar | Richard Childress Racing | Chevrolet","Driver",7,10
"Racing",2017,"Playoff","National Treasures","Quad Materials Holo Gold","Martin Truex Jr.","Bass Pro Shops-TRACKER Boats | Furniture Row Racing | Toyota","Driver",8,10
"Racing",2017,"Playoff","National Treasures","Quad Materials Holo Gold","Jamie McMurray","McDonald's | Chip Ganassi Racing | Chevrolet","Driver",11,10
"Racing",2017,"Playoff","National Treasures","Quad Materials Holo Gold","AJ Allmendinger","Kroger | JTG Daugherty Racing | Chevrolet","Driver",12,10
"Racing",2017,"Playoff","National Treasures","Quad Materials Holo Gold","Brad Keselowski","Miller Lite | Team Penske | Ford","Driver",13,10
"Racing",2017,"Playoff","National Treasures","Quad Materials Holo Gold","David Ragan","Juice Batteries | Front Row Motorsports | Ford","Driver",15,10
"Racing",2017,"Playoff","National Treasures","Quad Materials Holo Silver","Kasey Kahne","Farmers Insurance | Hendrick Motorsports | Chevrolet","Driver",2,20
"Racing",2017,"Playoff","National Treasures","Quad Materials Holo Silver","Denny Hamlin","FedEx Express | Joe Gibbs Racing | Toyota","Driver",3,20
"Racing",2017,"Playoff","National Treasures","Quad Materials Holo Silver","Ryan Newman","Caterpillar | Richard Childress Racing | Chevrolet","Driver",7,20
"Racing",2017,"Playoff","National Treasures","Quad Materials Holo Silver","Martin Truex Jr.","Bass Pro Shops-TRACKER Boats | Furniture Row Racing | Toyota","Driver",8,20
"Racing",2017,"Playoff","National Treasures","Quad Materials Holo Silver","Jamie McMurray","McDonald's | Chip Ganassi Racing | Chevrolet","Driver",11,20
"Racing",2017,"Playoff","National Treasures","Quad Materials Holo Silver","AJ Allmendinger","Kroger | JTG Daugherty Racing | Chevrolet","Driver",12,20
"Racing",2017,"Playoff","National Treasures","Quad Materials Holo Silver","Brad Keselowski","Miller Lite | Team Penske | Ford","Driver",13,20
"Racing",2017,"Playoff","National Treasures","Quad Materials Holo Silver","David Ragan","Juice Batteries | Front Row Motorsports | Ford","Driver",15,20
"Racing",2017,"Playoff","National Treasures","Quad Materials Laundry Tags","Kyle Busch","M&M's | Joe Gibbs Racing | Toyota","Driver",1,1
"Racing",2017,"Playoff","National Treasures","Quad Materials Laundry Tags","Kasey Kahne","Farmers Insurance | Hendrick Motorsports | Chevrolet","Driver",2,1
"Racing",2017,"Playoff","National Treasures","Quad Materials Laundry Tags","Denny Hamlin","FedEx Express | Joe Gibbs Racing | Toyota","Driver",3,1
"Racing",2017,"Playoff","National Treasures","Quad Materials Laundry Tags","Matt Kenseth","DeWalt | Joe Gibbs Racing | Toyota","Driver",4,1
"Racing",2017,"Playoff","National Treasures","Quad Materials Laundry Tags","Kyle Larson","Target | Chip Ganassi Racing | Chevrolet","Driver",5,1
"Racing",2017,"Playoff","National Treasures","Quad Materials Laundry Tags","Austin Dillon","Dow Chemical | Richard Childress Racing | Chevrolet","Driver",6,1
"Racing",2017,"Playoff","National Treasures","Quad Materials Laundry Tags","Martin Truex Jr.","Bass Pro Shops-TRACKER Boats | Furniture Row Racing | Toyota","Driver",8,1
"Racing",2017,"Playoff","National Treasures","Quad Materials Laundry Tags","Kurt Busch","Haas Automation | Stewart-Haas Racing | Ford","Driver",9,1
"Racing",2017,"Playoff","National Treasures","Quad Materials Laundry Tags","Ryan Blaney","Motorcraft | Wood Brothers Racing | Ford","Driver",10,1
"Racing",2017,"Playoff","National Treasures","Quad Materials Laundry Tags","Jamie McMurray","McDonald's | Chip Ganassi Racing | Chevrolet","Driver",11,1
"Racing",2017,"Playoff","National Treasures","Quad Materials Laundry Tags","AJ Allmendinger","Kroger | JTG Daugherty Racing | Chevrolet","Driver",12,1
"Racing",2017,"Playoff","National Treasures","Quad Materials Laundry Tags","Brad Keselowski","Miller Lite | Team Penske | Ford","Driver",13,1
"Racing",2017,"Playoff","National Treasures","Quad Materials Laundry Tags","Ricky Stenhouse Jr","SunnyD | Roush Fenway Racing | Ford","Driver",14,1
"Racing",2017,"Playoff","National Treasures","Quad Materials Laundry Tags","David Ragan","Juice Batteries | Front Row Motorsports | Ford","Driver",15,1
"Racing",2017,"Playoff","National Treasures","Quad Materials Printing Plates Black","Kyle Busch","M&M's | Joe Gibbs Racing | Toyota","Driver",1,1
"Racing",2017,"Playoff","National Treasures","Quad Materials Printing Plates Black","Kasey Kahne","Farmers Insurance | Hendrick Motorsports | Chevrolet","Driver",2,1
"Racing",2017,"Playoff","National Treasures","Quad Materials Printing Plates Black","Denny Hamlin","FedEx Express | Joe Gibbs Racing | Toyota","Driver",3,1
"Racing",2017,"Playoff","National Treasures","Quad Materials Printing Plates Black","Matt Kenseth","DeWalt | Joe Gibbs Racing | Toyota","Driver",4,1
"Racing",2017,"Playoff","National Treasures","Quad Materials Printing Plates Black","Kyle Larson","Target | Chip Ganassi Racing | Chevrolet","Driver",5,1
"Racing",2017,"Playoff","National Treasures","Quad Materials Printing Plates Black","Austin Dillon","Dow Chemical | Richard Childress Racing | Chevrolet","Driver",6,1
"Racing",2017,"Playoff","National Treasures","Quad Materials Printing Plates Black","Ryan Newman","Caterpillar | Richard Childress Racing | Chevrolet","Driver",7,1
"Racing",2017,"Playoff","National Treasures","Quad Materials Printing Plates Black","Martin Truex Jr.","Bass Pro Shops-TRACKER Boats | Furniture Row Racing | Toyota","Driver",8,1
"Racing",2017,"Playoff","National Treasures","Quad Materials Printing Plates Black","Kurt Busch","Haas Automation | Stewart-Haas Racing | Ford","Driver",9,1
"Racing",2017,"Playoff","National Treasures","Quad Materials Printing Plates Black","Ryan Blaney","Motorcraft | Wood Brothers Racing | Ford","Driver",10,1
"Racing",2017,"Playoff","National Treasures","Quad Materials Printing Plates Black","Jamie McMurray","McDonald's | Chip Ganassi Racing | Chevrolet","Driver",11,1
"Racing",2017,"Playoff","National Treasures","Quad Materials Printing Plates Black","AJ Allmendinger","Kroger | JTG Daugherty Racing | Chevrolet","Driver",12,1
"Racing",2017,"Playoff","National Treasures","Quad Materials Printing Plates Black","Brad Keselowski","Miller Lite | Team Penske | Ford","Driver",13,1
"Racing",2017,"Playoff","National Treasures","Quad Materials Printing Plates Black","Ricky Stenhouse Jr","SunnyD | Roush Fenway Racing | Ford","Driver",14,1
"Racing",2017,"Playoff","National Treasures","Quad Materials Printing Plates Black","David Ragan","Juice Batteries | Front Row Motorsports | Ford","Driver",15,1
"Racing",2017,"Playoff","National Treasures","Quad Materials Printing Plates Cyan","Kyle Busch","M&M's | Joe Gibbs Racing | Toyota","Driver",1,1
"Racing",2017,"Playoff","National Treasures","Quad Materials Printing Plates Cyan","Kasey Kahne","Farmers Insurance | Hendrick Motorsports | Chevrolet","Driver",2,1
"Racing",2017,"Playoff","National Treasures","Quad Materials Printing Plates Cyan","Denny Hamlin","FedEx Express | Joe Gibbs Racing | Toyota","Driver",3,1
"Racing",2017,"Playoff","National Treasures","Quad Materials Printing Plates Cyan","Matt Kenseth","DeWalt | Joe Gibbs Racing | Toyota","Driver",4,1
"Racing",2017,"Playoff","National Treasures","Quad Materials Printing Plates Cyan","Kyle Larson","Target | Chip Ganassi Racing | Chevrolet","Driver",5,1
"Racing",2017,"Playoff","National Treasures","Quad Materials Printing Plates Cyan","Austin Dillon","Dow Chemical | Richard Childress Racing | Chevrolet","Driver",6,1
"Racing",2017,"Playoff","National Treasures","Quad Materials Printing Plates Cyan","Ryan Newman","Caterpillar | Richard Childress Racing | Chevrolet","Driver",7,1
"Racing",2017,"Playoff","National Treasures","Quad Materials Printing Plates Cyan","Martin Truex Jr.","Bass Pro Shops-TRACKER Boats | Furniture Row Racing | Toyota","Driver",8,1
"Racing",2017,"Playoff","National Treasures","Quad Materials Printing Plates Cyan","Kurt Busch","Haas Automation | Stewart-Haas Racing | Ford","Driver",9,1
"Racing",2017,"Playoff","National Treasures","Quad Materials Printing Plates Cyan","Ryan Blaney","Motorcraft | Wood Brothers Racing | Ford","Driver",10,1
"Racing",2017,"Playoff","National Treasures","Quad Materials Printing Plates Cyan","Jamie McMurray","McDonald's | Chip Ganassi Racing | Chevrolet","Driver",11,1
"Racing",2017,"Playoff","National Treasures","Quad Materials Printing Plates Cyan","AJ Allmendinger","Kroger | JTG Daugherty Racing | Chevrolet","Driver",12,1
"Racing",2017,"Playoff","National Treasures","Quad Materials Printing Plates Cyan","Brad Keselowski","Miller Lite | Team Penske | Ford","Driver",13,1
"Racing",2017,"Playoff","National Treasures","Quad Materials Printing Plates Cyan","Ricky Stenhouse Jr","SunnyD | Roush Fenway Racing | Ford","Driver",14,1
"Racing",2017,"Playoff","National Treasures","Quad Materials Printing Plates Cyan","David Ragan","Juice Batteries | Front Row Motorsports | Ford","Driver",15,1
"Racing",2017,"Playoff","National Treasures","Quad Materials Printing Plates Magenta","Kyle Busch","M&M's | Joe Gibbs Racing | Toyota","Driver",1,1
"Racing",2017,"Playoff","National Treasures","Quad Materials Printing Plates Magenta","Kasey Kahne","Farmers Insurance | Hendrick Motorsports | Chevrolet","Driver",2,1
"Racing",2017,"Playoff","National Treasures","Quad Materials Printing Plates Magenta","Denny Hamlin","FedEx Express | Joe Gibbs Racing | Toyota","Driver",3,1
"Racing",2017,"Playoff","National Treasures","Quad Materials Printing Plates Magenta","Matt Kenseth","DeWalt | Joe Gibbs Racing | Toyota","Driver",4,1
"Racing",2017,"Playoff","National Treasures","Quad Materials Printing Plates Magenta","Kyle Larson","Target | Chip Ganassi Racing | Chevrolet","Driver",5,1
"Racing",2017,"Playoff","National Treasures","Quad Materials Printing Plates Magenta","Austin Dillon","Dow Chemical | Richard Childress Racing | Chevrolet","Driver",6,1
"Racing",2017,"Playoff","National Treasures","Quad Materials Printing Plates Magenta","Ryan Newman","Caterpillar | Richard Childress Racing | Chevrolet","Driver",7,1
"Racing",2017,"Playoff","National Treasures","Quad Materials Printing Plates Magenta","Martin Truex Jr.","Bass Pro Shops-TRACKER Boats | Furniture Row Racing | Toyota","Driver",8,1
"Racing",2017,"Playoff","National Treasures","Quad Materials Printing Plates Magenta","Kurt Busch","Haas Automation | Stewart-Haas Racing | Ford","Driver",9,1
"Racing",2017,"Playoff","National Treasures","Quad Materials Printing Plates Magenta","Ryan Blaney","Motorcraft | Wood Brothers Racing | Ford","Driver",10,1
"Racing",2017,"Playoff","National Treasures","Quad Materials Printing Plates Magenta","Jamie McMurray","McDonald's | Chip Ganassi Racing | Chevrolet","Driver",11,1
"Racing",2017,"Playoff","National Treasures","Quad Materials Printing Plates Magenta","AJ Allmendinger","Kroger | JTG Daugherty Racing | Chevrolet","Driver",12,1
"Racing",2017,"Playoff","National Treasures","Quad Materials Printing Plates Magenta","Brad Keselowski","Miller Lite | Team Penske | Ford","Driver",13,1
"Racing",2017,"Playoff","National Treasures","Quad Materials Printing Plates Magenta","Ricky Stenhouse Jr","SunnyD | Roush Fenway Racing | Ford","Driver",14,1
"Racing",2017,"Playoff","National Treasures","Quad Materials Printing Plates Magenta","David Ragan","Juice Batteries | Front Row Motorsports | Ford","Driver",15,1
"Racing",2017,"Playoff","National Treasures","Quad Materials Printing Plates Yellow","Kyle Busch","M&M's | Joe Gibbs Racing | Toyota","Driver",1,1
"Racing",2017,"Playoff","National Treasures","Quad Materials Printing Plates Yellow","Kasey Kahne","Farmers Insurance | Hendrick Motorsports | Chevrolet","Driver",2,1
"Racing",2017,"Playoff","National Treasures","Quad Materials Printing Plates Yellow","Denny Hamlin","FedEx Express | Joe Gibbs Racing | Toyota","Driver",3,1
"Racing",2017,"Playoff","National Treasures","Quad Materials Printing Plates Yellow","Matt Kenseth","DeWalt | Joe Gibbs Racing | Toyota","Driver",4,1
"Racing",2017,"Playoff","National Treasures","Quad Materials Printing Plates Yellow","Kyle Larson","Target | Chip Ganassi Racing | Chevrolet","Driver",5,1
"Racing",2017,"Playoff","National Treasures","Quad Materials Printing Plates Yellow","Austin Dillon","Dow Chemical | Richard Childress Racing | Chevrolet","Driver",6,1
"Racing",2017,"Playoff","National Treasures","Quad Materials Printing Plates Yellow","Ryan Newman","Caterpillar | Richard Childress Racing | Chevrolet","Driver",7,1
"Racing",2017,"Playoff","National Treasures","Quad Materials Printing Plates Yellow","Martin Truex Jr.","Bass Pro Shops-TRACKER Boats | Furniture Row Racing | Toyota","Driver",8,1
"Racing",2017,"Playoff","National Treasures","Quad Materials Printing Plates Yellow","Kurt Busch","Haas Automation | Stewart-Haas Racing | Ford","Driver",9,1
"Racing",2017,"Playoff","National Treasures","Quad Materials Printing Plates Yellow","Ryan Blaney","Motorcraft | Wood Brothers Racing | Ford","Driver",10,1
"Racing",2017,"Playoff","National Treasures","Quad Materials Printing Plates Yellow","Jamie McMurray","McDonald's | Chip Ganassi Racing | Chevrolet","Driver",11,1
"Racing",2017,"Playoff","National Treasures","Quad Materials Printing Plates Yellow","AJ Allmendinger","Kroger | JTG Daugherty Racing | Chevrolet","Driver",12,1
"Racing",2017,"Playoff","National Treasures","Quad Materials Printing Plates Yellow","Brad Keselowski","Miller Lite | Team Penske | Ford","Driver",13,1
"Racing",2017,"Playoff","National Treasures","Quad Materials Printing Plates Yellow","Ricky Stenhouse Jr","SunnyD | Roush Fenway Racing | Ford","Driver",14,1
"Racing",2017,"Playoff","National Treasures","Quad Materials Printing Plates Yellow","David Ragan","Juice Batteries | Front Row Motorsports | Ford","Driver",15,1
"Racing",2017,"Playoff","National Treasures","Rookie Material Signatures","Ty Dillon","GEICO | Germain Racing | Chevrolet","Driver",31,25
"Racing",2017,"Playoff","National Treasures","Rookie Material Signatures","Erik Jones","5-Hour Energy | Furniture Row Racing | Toyota","Driver",32,25
"Racing",2017,"Playoff","National Treasures","Rookie Material Signatures","Gray Gaulding","Dr Pepper | BK Racing | Toyota","Driver",33,25
"Racing",2017,"Playoff","National Treasures","Rookie Material Signatures","Daniel Suarez","ARRIS | Joe Gibbs Racing | Toyota","Driver",34,25
"Racing",2017,"Playoff","National Treasures","Rookie Material Signatures","Corey LaJoie","Dustless Blasting | BK Racing | Toyota","Driver",35,25
"Racing",2017,"Playoff","National Treasures","Rookie Material Signatures Black","Ty Dillon","GEICO | Germain Racing | Chevrolet","Driver",31,1
"Racing",2017,"Playoff","National Treasures","Rookie Material Signatures Black","Erik Jones","5-Hour Energy | Furniture Row Racing | Toyota","Driver",32,1
"Racing",2017,"Playoff","National Treasures","Rookie Material Signatures Black","Gray Gaulding","Dr Pepper | BK Racing | Toyota","Driver",33,1
"Racing",2017,"Playoff","National Treasures","Rookie Material Signatures Black","Daniel Suarez","ARRIS | Joe Gibbs Racing | Toyota","Driver",34,1
"Racing",2017,"Playoff","National Treasures","Rookie Material Signatures Black","Corey LaJoie","Dustless Blasting | BK Racing | Toyota","Driver",35,1
"Racing",2017,"Playoff","National Treasures","Rookie Material Signatures Gold","Ty Dillon","GEICO | Germain Racing | Chevrolet","Driver",31,15
"Racing",2017,"Playoff","National Treasures","Rookie Material Signatures Gold","Erik Jones","5-Hour Energy | Furniture Row Racing | Toyota","Driver",32,15
"Racing",2017,"Playoff","National Treasures","Rookie Material Signatures Gold","Gray Gaulding","Dr Pepper | BK Racing | Toyota","Driver",33,15
"Racing",2017,"Playoff","National Treasures","Rookie Material Signatures Gold","Daniel Suarez","ARRIS | Joe Gibbs Racing | Toyota","Driver",34,15
"Racing",2017,"Playoff","National Treasures","Rookie Material Signatures Gold","Corey LaJoie","Dustless Blasting | BK Racing | Toyota","Driver",35,15
"Racing",2017,"Playoff","National Treasures","Rookie Material Signatures Green","Ty Dillon","GEICO | Germain Racing | Chevrolet","Driver",31,5
"Racing",2017,"Playoff","National Treasures","Rookie Material Signatures Green","Erik Jones","5-Hour Energy | Furniture Row Racing | Toyota","Driver",32,5
"Racing",2017,"Playoff","National Treasures","Rookie Material Signatures Green","Gray Gaulding","Dr Pepper | BK Racing | Toyota","Driver",33,5
"Racing",2017,"Playoff","National Treasures","Rookie Material Signatures Green","Daniel Suarez","ARRIS | Joe Gibbs Racing | Toyota","Driver",34,5
"Racing",2017,"Playoff","National Treasures","Rookie Material Signatures Green","Corey LaJoie","Dustless Blasting | BK Racing | Toyota","Driver",35,5
"Racing",2017,"Playoff","National Treasures","Rookie Material Signatures Holo Gold","Ty Dillon","GEICO | Germain Racing | Chevrolet","Driver",31,10
"Racing",2017,"Playoff","National Treasures","Rookie Material Signatures Holo Gold","Erik Jones","5-Hour Energy | Furniture Row Racing | Toyota","Driver",32,10
"Racing",2017,"Playoff","National Treasures","Rookie Material Signatures Holo Gold","Gray Gaulding","Dr Pepper | BK Racing | Toyota","Driver",33,10
"Racing",2017,"Playoff","National Treasures","Rookie Material Signatures Holo Gold","Daniel Suarez","ARRIS | Joe Gibbs Racing | Toyota","Driver",34,10
"Racing",2017,"Playoff","National Treasures","Rookie Material Signatures Holo Gold","Corey LaJoie","Dustless Blasting | BK Racing | Toyota","Driver",35,10
"Racing",2017,"Playoff","National Treasures","Rookie Material Signatures Holo Silver","Ty Dillon","GEICO | Germain Racing | Chevrolet","Driver",31,20
"Racing",2017,"Playoff","National Treasures","Rookie Material Signatures Holo Silver","Erik Jones","5-Hour Energy | Furniture Row Racing | Toyota","Driver",32,20
"Racing",2017,"Playoff","National Treasures","Rookie Material Signatures Holo Silver","Gray Gaulding","Dr Pepper | BK Racing | Toyota","Driver",33,20
"Racing",2017,"Playoff","National Treasures","Rookie Material Signatures Holo Silver","Daniel Suarez","ARRIS | Joe Gibbs Racing | Toyota","Driver",34,20
"Racing",2017,"Playoff","National Treasures","Rookie Material Signatures Holo Silver","Corey LaJoie","Dustless Blasting | BK Racing | Toyota","Driver",35,20
"Racing",2017,"Playoff","National Treasures","Rookie Material Signatures Laundry Tags","Ty Dillon","GEICO | Germain Racing | Chevrolet","Driver",31,1
"Racing",2017,"Playoff","National Treasures","Rookie Material Signatures Laundry Tags","Erik Jones","5-Hour Energy | Furniture Row Racing | Toyota","Driver",32,1
"Racing",2017,"Playoff","National Treasures","Rookie Material Signatures Laundry Tags","Gray Gaulding","Dr Pepper | BK Racing | Toyota","Driver",33,1
"Racing",2017,"Playoff","National Treasures","Rookie Material Signatures Laundry Tags","Daniel Suarez","ARRIS | Joe Gibbs Racing | Toyota","Driver",34,1
"Racing",2017,"Playoff","National Treasures","Rookie Material Signatures Printing Plates Black","Ty Dillon","GEICO | Germain Racing | Chevrolet","Driver",31,1
"Racing",2017,"Playoff","National Treasures","Rookie Material Signatures Printing Plates Black","Erik Jones","5-Hour Energy | Furniture Row Racing | Toyota","Driver",32,1
"Racing",2017,"Playoff","National Treasures","Rookie Material Signatures Printing Plates Black","Gray Gaulding","Dr Pepper | BK Racing | Toyota","Driver",33,1
"Racing",2017,"Playoff","National Treasures","Rookie Material Signatures Printing Plates Black","Daniel Suarez","ARRIS | Joe Gibbs Racing | Toyota","Driver",34,1
"Racing",2017,"Playoff","National Treasures","Rookie Material Signatures Printing Plates Black","Corey LaJoie","Dustless Blasting | BK Racing | Toyota","Driver",35,1
"Racing",2017,"Playoff","National Treasures","Rookie Material Signatures Printing Plates Cyan","Ty Dillon","GEICO | Germain Racing | Chevrolet","Driver",31,1
"Racing",2017,"Playoff","National Treasures","Rookie Material Signatures Printing Plates Cyan","Erik Jones","5-Hour Energy | Furniture Row Racing | Toyota","Driver",32,1
"Racing",2017,"Playoff","National Treasures","Rookie Material Signatures Printing Plates Cyan","Gray Gaulding","Dr Pepper | BK Racing | Toyota","Driver",33,1
"Racing",2017,"Playoff","National Treasures","Rookie Material Signatures Printing Plates Cyan","Daniel Suarez","ARRIS | Joe Gibbs Racing | Toyota","Driver",34,1
"Racing",2017,"Playoff","National Treasures","Rookie Material Signatures Printing Plates Cyan","Corey LaJoie","Dustless Blasting | BK Racing | Toyota","Driver",35,1
"Racing",2017,"Playoff","National Treasures","Rookie Material Signatures Printing Plates Magenta","Ty Dillon","GEICO | Germain Racing | Chevrolet","Driver",31,1
"Racing",2017,"Playoff","National Treasures","Rookie Material Signatures Printing Plates Magenta","Erik Jones","5-Hour Energy | Furniture Row Racing | Toyota","Driver",32,1
"Racing",2017,"Playoff","National Treasures","Rookie Material Signatures Printing Plates Magenta","Gray Gaulding","Dr Pepper | BK Racing | Toyota","Driver",33,1
"Racing",2017,"Playoff","National Treasures","Rookie Material Signatures Printing Plates Magenta","Daniel Suarez","ARRIS | Joe Gibbs Racing | Toyota","Driver",34,1
"Racing",2017,"Playoff","National Treasures","Rookie Material Signatures Printing Plates Magenta","Corey LaJoie","Dustless Blasting | BK Racing | Toyota","Driver",35,1
"Racing",2017,"Playoff","National Treasures","Rookie Material Signatures Printing Plates Yellow","Ty Dillon","GEICO | Germain Racing | Chevrolet","Driver",31,1
"Racing",2017,"Playoff","National Treasures","Rookie Material Signatures Printing Plates Yellow","Erik Jones","5-Hour Energy | Furniture Row Racing | Toyota","Driver",32,1
"Racing",2017,"Playoff","National Treasures","Rookie Material Signatures Printing Plates Yellow","Gray Gaulding","Dr Pepper | BK Racing | Toyota","Driver",33,1
"Racing",2017,"Playoff","National Treasures","Rookie Material Signatures Printing Plates Yellow","Daniel Suarez","ARRIS | Joe Gibbs Racing | Toyota","Driver",34,1
"Racing",2017,"Playoff","National Treasures","Rookie Material Signatures Printing Plates Yellow","Corey LaJoie","Dustless Blasting | BK Racing | Toyota","Driver",35,1
"Racing",2017,"Playoff","National Treasures","Signatures","Brett Bodine","Quaker State | Kenny Bernstein | Buick","Driver",1,45
"Racing",2017,"Playoff","National Treasures","Signatures","Dave Blaney","Golden Corral | Tommy Baldwin Racing | Chevrolet","Driver",2,99
"Racing",2017,"Playoff","National Treasures","Signatures","Jeff Burton","Citgo | Roush Racing | Ford","Driver",3,25
"Racing",2017,"Playoff","National Treasures","Signatures","Joe Nemechek","U.S. Army | Ginn Racing | Chevrolet","Driver",4,99
"Racing",2017,"Playoff","National Treasures","Signatures","Kate Dallenbach","She Outdoor | Dallenbach Racing | Chevrolet","Driver",5,99
"Racing",2017,"Playoff","National Treasures","Signatures","Kelley Earnhardt","Switch | JR Motorsports | Chevrolet","Owner",7,99
"Racing",2017,"Playoff","National Treasures","Signatures","Kenny Wallace","Square D | Andy Petree Racing | Chevrolet","Driver",8,70
"Racing",2017,"Playoff","National Treasures","Signatures","Kerry Earnhardt","Bass Pro Shops | Richard Childress Racing | Chevrolet","Driver",9,99
"Racing",2017,"Playoff","National Treasures","Signatures","Mike Wallace","X8 Energy Gum | Premium Motorsports | Toyota","Driver",11,99
"Racing",2017,"Playoff","National Treasures","Signatures","Joey Gase","Donate Life Nevada | Means Racing | Chevrolet","Driver",18,99
"Racing",2017,"Playoff","National Treasures","Signatures Black","Brett Bodine","Quaker State | Kenny Bernstein | Buick","Driver",1,1
"Racing",2017,"Playoff","National Treasures","Signatures Black","Dave Blaney","Golden Corral | Tommy Baldwin Racing | Chevrolet","Driver",2,1
"Racing",2017,"Playoff","National Treasures","Signatures Black","Jeff Burton","Citgo | Roush Racing | Ford","Driver",3,1
"Racing",2017,"Playoff","National Treasures","Signatures Black","Joe Nemechek","U.S. Army | Ginn Racing | Chevrolet","Driver",4,1
"Racing",2017,"Playoff","National Treasures","Signatures Black","Kate Dallenbach","She Outdoor | Dallenbach Racing | Chevrolet","Driver",5,1
"Racing",2017,"Playoff","National Treasures","Signatures Black","Kaz Grala","Kiklos | GMS Racing | Chevrolet","Driver",6,1
"Racing",2017,"Playoff","National Treasures","Signatures Black","Kelley Earnhardt","Switch | JR Motorsports | Chevrolet","Owner",7,1
"Racing",2017,"Playoff","National Treasures","Signatures Black","Kenny Wallace","Square D | Andy Petree Racing | Chevrolet","Driver",8,1
"Racing",2017,"Playoff","National Treasures","Signatures Black","Kerry Earnhardt","Bass Pro Shops | Richard Childress Racing | Chevrolet","Driver",9,1
"Racing",2017,"Playoff","National Treasures","Signatures Black","Kyle Petty","Hot Wheels | Kyle Petty | Pontiac","Driver",10,1
"Racing",2017,"Playoff","National Treasures","Signatures Black","Mike Wallace","X8 Energy Gum | Premium Motorsports | Toyota","Driver",11,1
"Racing",2017,"Playoff","National Treasures","Signatures Black","John Hunter Nemechek","NEMCO Motorsports | NEMCO Motorsports | Chevrolet","Driver",17,1
"Racing",2017,"Playoff","National Treasures","Signatures Black","Joey Gase","Donate Life Nevada | Means Racing | Chevrolet","Driver",18,1
"Racing",2017,"Playoff","National Treasures","Signatures Black","Jeb Burton","Estes Express Lines | BK Racing | Toyota","Driver",19,1
"Racing",2017,"Playoff","National Treasures","Signatures Gold","Brett Bodine","Quaker State | Kenny Bernstein | Buick","Driver",1,15
"Racing",2017,"Playoff","National Treasures","Signatures Gold","Dave Blaney","Golden Corral | Tommy Baldwin Racing | Chevrolet","Driver",2,25
"Racing",2017,"Playoff","National Treasures","Signatures Gold","Jeff Burton","Citgo | Roush Racing | Ford","Driver",3,15
"Racing",2017,"Playoff","National Treasures","Signatures Gold","Joe Nemechek","U.S. Army | Ginn Racing | Chevrolet","Driver",4,25
"Racing",2017,"Playoff","National Treasures","Signatures Gold","Kate Dallenbach","She Outdoor | Dallenbach Racing | Chevrolet","Driver",5,25
"Racing",2017,"Playoff","National Treasures","Signatures Gold","Kelley Earnhardt","Switch | JR Motorsports | Chevrolet","Owner",7,25
"Racing",2017,"Playoff","National Treasures","Signatures Gold","Kenny Wallace","Square D | Andy Petree Racing | Chevrolet","Driver",8,25
"Racing",2017,"Playoff","National Treasures","Signatures Gold","Kerry Earnhardt","Bass Pro Shops | Richard Childress Racing | Chevrolet","Driver",9,25
"Racing",2017,"Playoff","National Treasures","Signatures Gold","Kyle Petty","Hot Wheels | Kyle Petty | Pontiac","Driver",10,25
"Racing",2017,"Playoff","National Treasures","Signatures Gold","Mike Wallace","X8 Energy Gum | Premium Motorsports | Toyota","Driver",11,25
"Racing",2017,"Playoff","National Treasures","Signatures Gold","John Hunter Nemechek","NEMCO Motorsports | NEMCO Motorsports | Chevrolet","Driver",17,25
"Racing",2017,"Playoff","National Treasures","Signatures Gold","Joey Gase","Donate Life Nevada | Means Racing | Chevrolet","Driver",18,25
"Racing",2017,"Playoff","National Treasures","Signatures Gold","Jeb Burton","Estes Express Lines | BK Racing | Toyota","Driver",19,25
"Racing",2017,"Playoff","National Treasures","Signatures Green","Brett Bodine","Quaker State | Kenny Bernstein | Buick","Driver",1,5
"Racing",2017,"Playoff","National Treasures","Signatures Green","Dave Blaney","Golden Corral | Tommy Baldwin Racing | Chevrolet","Driver",2,5
"Racing",2017,"Playoff","National Treasures","Signatures Green","Jeff Burton","Citgo | Roush Racing | Ford","Driver",3,5
"Racing",2017,"Playoff","National Treasures","Signatures Green","Joe Nemechek","U.S. Army | Ginn Racing | Chevrolet","Driver",4,5
"Racing",2017,"Playoff","National Treasures","Signatures Green","Kate Dallenbach","She Outdoor | Dallenbach Racing | Chevrolet","Driver",5,5
"Racing",2017,"Playoff","National Treasures","Signatures Green","Kaz Grala","Kiklos | GMS Racing | Chevrolet","Driver",6,5
"Racing",2017,"Playoff","National Treasures","Signatures Green","Kelley Earnhardt","Switch | JR Motorsports | Chevrolet","Owner",7,5
"Racing",2017,"Playoff","National Treasures","Signatures Green","Kenny Wallace","Square D | Andy Petree Racing | Chevrolet","Driver",8,5
"Racing",2017,"Playoff","National Treasures","Signatures Green","Kerry Earnhardt","Bass Pro Shops | Richard Childress Racing | Chevrolet","Driver",9,5
"Racing",2017,"Playoff","National Treasures","Signatures Green","Kyle Petty","Hot Wheels | Kyle Petty | Pontiac","Driver",10,5
"Racing",2017,"Playoff","National Treasures","Signatures Green","Mike Wallace","X8 Energy Gum | Premium Motorsports | Toyota","Driver",11,5
"Racing",2017,"Playoff","National Treasures","Signatures Green","John Hunter Nemechek","NEMCO Motorsports | NEMCO Motorsports | Chevrolet","Driver",17,5
"Racing",2017,"Playoff","National Treasures","Signatures Green","Joey Gase","Donate Life Nevada | Means Racing | Chevrolet","Driver",18,5
"Racing",2017,"Playoff","National Treasures","Signatures Green","Jeb Burton","Estes Express Lines | BK Racing | Toyota","Driver",19,5
"Racing",2017,"Playoff","National Treasures","Signatures Holo Gold","Brett Bodine","Quaker State | Kenny Bernstein | Buick","Driver",1,10
"Racing",2017,"Playoff","National Treasures","Signatures Holo Gold","Dave Blaney","Golden Corral | Tommy Baldwin Racing | Chevrolet","Driver",2,15
"Racing",2017,"Playoff","National Treasures","Signatures Holo Gold","Jeff Burton","Citgo | Roush Racing | Ford","Driver",3,10
"Racing",2017,"Playoff","National Treasures","Signatures Holo Gold","Joe Nemechek","U.S. Army | Ginn Racing | Chevrolet","Driver",4,15
"Racing",2017,"Playoff","National Treasures","Signatures Holo Gold","Kate Dallenbach","She Outdoor | Dallenbach Racing | Chevrolet","Driver",5,15
"Racing",2017,"Playoff","National Treasures","Signatures Holo Gold","Kaz Grala","Kiklos | GMS Racing | Chevrolet","Driver",6,15
"Racing",2017,"Playoff","National Treasures","Signatures Holo Gold","Kelley Earnhardt","Switch | JR Motorsports | Chevrolet","Owner",7,15
"Racing",2017,"Playoff","National Treasures","Signatures Holo Gold","Kenny Wallace","Square D | Andy Petree Racing | Chevrolet","Driver",8,15
"Racing",2017,"Playoff","National Treasures","Signatures Holo Gold","Kerry Earnhardt","Bass Pro Shops | Richard Childress Racing | Chevrolet","Driver",9,15
"Racing",2017,"Playoff","National Treasures","Signatures Holo Gold","Kyle Petty","Hot Wheels | Kyle Petty | Pontiac","Driver",10,15
"Racing",2017,"Playoff","National Treasures","Signatures Holo Gold","Mike Wallace","X8 Energy Gum | Premium Motorsports | Toyota","Driver",11,15
"Racing",2017,"Playoff","National Treasures","Signatures Holo Gold","John Hunter Nemechek","NEMCO Motorsports | NEMCO Motorsports | Chevrolet","Driver",17,15
"Racing",2017,"Playoff","National Treasures","Signatures Holo Gold","Joey Gase","Donate Life Nevada | Means Racing | Chevrolet","Driver",18,15
"Racing",2017,"Playoff","National Treasures","Signatures Holo Gold","Jeb Burton","Estes Express Lines | BK Racing | Toyota","Driver",19,15
"Racing",2017,"Playoff","National Treasures","Signatures Holo Silver","Brett Bodine","Quaker State | Kenny Bernstein | Buick","Driver",1,20
"Racing",2017,"Playoff","National Treasures","Signatures Holo Silver","Dave Blaney","Golden Corral | Tommy Baldwin Racing | Chevrolet","Driver",2,50
"Racing",2017,"Playoff","National Treasures","Signatures Holo Silver","Jeff Burton","Citgo | Roush Racing | Ford","Driver",3,20
"Racing",2017,"Playoff","National Treasures","Signatures Holo Silver","Joe Nemechek","U.S. Army | Ginn Racing | Chevrolet","Driver",4,50
"Racing",2017,"Playoff","National Treasures","Signatures Holo Silver","Kate Dallenbach","She Outdoor | Dallenbach Racing | Chevrolet","Driver",5,50
"Racing",2017,"Playoff","National Treasures","Signatures Holo Silver","Kelley Earnhardt","Switch | JR Motorsports | Chevrolet","Owner",7,50
"Racing",2017,"Playoff","National Treasures","Signatures Holo Silver","Kenny Wallace","Square D | Andy Petree Racing | Chevrolet","Driver",8,50
"Racing",2017,"Playoff","National Treasures","Signatures Holo Silver","Kerry Earnhardt","Bass Pro Shops | Richard Childress Racing | Chevrolet","Driver",9,50
"Racing",2017,"Playoff","National Treasures","Signatures Holo Silver","Kyle Petty","Hot Wheels | Kyle Petty | Pontiac","Driver",10,50
"Racing",2017,"Playoff","National Treasures","Signatures Holo Silver","Mike Wallace","X8 Energy Gum | Premium Motorsports | Toyota","Driver",11,50
"Racing",2017,"Playoff","National Treasures","Signatures Holo Silver","John Hunter Nemechek","NEMCO Motorsports | NEMCO Motorsports | Chevrolet","Driver",17,50
"Racing",2017,"Playoff","National Treasures","Signatures Holo Silver","Joey Gase","Donate Life Nevada | Means Racing | Chevrolet","Driver",18,50
"Racing",2017,"Playoff","National Treasures","Signatures Holo Silver","Jeb Burton","Estes Express Lines | BK Racing | Toyota","Driver",19,50
"Racing",2017,"Playoff","National Treasures","Signatures Printing Plates Black","Brett Bodine","Quaker State | Kenny Bernstein | Buick","Driver",1,1
"Racing",2017,"Playoff","National Treasures","Signatures Printing Plates Black","Dave Blaney","Golden Corral | Tommy Baldwin Racing | Chevrolet","Driver",2,1
"Racing",2017,"Playoff","National Treasures","Signatures Printing Plates Black","Jeff Burton","Citgo | Roush Racing | Ford","Driver",3,1
"Racing",2017,"Playoff","National Treasures","Signatures Printing Plates Black","Joe Nemechek","U.S. Army | Ginn Racing | Chevrolet","Driver",4,1
"Racing",2017,"Playoff","National Treasures","Signatures Printing Plates Black","Kate Dallenbach","She Outdoor | Dallenbach Racing | Chevrolet","Driver",5,1
"Racing",2017,"Playoff","National Treasures","Signatures Printing Plates Black","Kaz Grala","Kiklos | GMS Racing | Chevrolet","Driver",6,1
"Racing",2017,"Playoff","National Treasures","Signatures Printing Plates Black","Kelley Earnhardt","Switch | JR Motorsports | Chevrolet","Owner",7,1
"Racing",2017,"Playoff","National Treasures","Signatures Printing Plates Black","Kenny Wallace","Square D | Andy Petree Racing | Chevrolet","Driver",8,1
"Racing",2017,"Playoff","National Treasures","Signatures Printing Plates Black","Kerry Earnhardt","Bass Pro Shops | Richard Childress Racing | Chevrolet","Driver",9,1
"Racing",2017,"Playoff","National Treasures","Signatures Printing Plates Black","Kyle Petty","Hot Wheels | Kyle Petty | Pontiac","Driver",10,1
"Racing",2017,"Playoff","National Treasures","Signatures Printing Plates Black","Mike Wallace","X8 Energy Gum | Premium Motorsports | Toyota","Driver",11,1
"Racing",2017,"Playoff","National Treasures","Signatures Printing Plates Black","John Hunter Nemechek","NEMCO Motorsports | NEMCO Motorsports | Chevrolet","Driver",17,1
"Racing",2017,"Playoff","National Treasures","Signatures Printing Plates Black","Joey Gase","Donate Life Nevada | Means Racing | Chevrolet","Driver",18,1
"Racing",2017,"Playoff","National Treasures","Signatures Printing Plates Black","Jeb Burton","Estes Express Lines | BK Racing | Toyota","Driver",19,1
"Racing",2017,"Playoff","National Treasures","Signatures Printing Plates Cyan","Brett Bodine","Quaker State | Kenny Bernstein | Buick","Driver",1,1
"Racing",2017,"Playoff","National Treasures","Signatures Printing Plates Cyan","Dave Blaney","Golden Corral | Tommy Baldwin Racing | Chevrolet","Driver",2,1
"Racing",2017,"Playoff","National Treasures","Signatures Printing Plates Cyan","Jeff Burton","Citgo | Roush Racing | Ford","Driver",3,1
"Racing",2017,"Playoff","National Treasures","Signatures Printing Plates Cyan","Joe Nemechek","U.S. Army | Ginn Racing | Chevrolet","Driver",4,1
"Racing",2017,"Playoff","National Treasures","Signatures Printing Plates Cyan","Kate Dallenbach","She Outdoor | Dallenbach Racing | Chevrolet","Driver",5,1
"Racing",2017,"Playoff","National Treasures","Signatures Printing Plates Cyan","Kaz Grala","Kiklos | GMS Racing | Chevrolet","Driver",6,1
"Racing",2017,"Playoff","National Treasures","Signatures Printing Plates Cyan","Kelley Earnhardt","Switch | JR Motorsports | Chevrolet","Owner",7,1
"Racing",2017,"Playoff","National Treasures","Signatures Printing Plates Cyan","Kenny Wallace","Square D | Andy Petree Racing | Chevrolet","Driver",8,1
"Racing",2017,"Playoff","National Treasures","Signatures Printing Plates Cyan","Kerry Earnhardt","Bass Pro Shops | Richard Childress Racing | Chevrolet","Driver",9,1
"Racing",2017,"Playoff","National Treasures","Signatures Printing Plates Cyan","Kyle Petty","Hot Wheels | Kyle Petty | Pontiac","Driver",10,1
"Racing",2017,"Playoff","National Treasures","Signatures Printing Plates Cyan","Mike Wallace","X8 Energy Gum | Premium Motorsports | Toyota","Driver",11,1
"Racing",2017,"Playoff","National Treasures","Signatures Printing Plates Cyan","John Hunter Nemechek","NEMCO Motorsports | NEMCO Motorsports | Chevrolet","Driver",17,1
"Racing",2017,"Playoff","National Treasures","Signatures Printing Plates Cyan","Joey Gase","Donate Life Nevada | Means Racing | Chevrolet","Driver",18,1
"Racing",2017,"Playoff","National Treasures","Signatures Printing Plates Cyan","Jeb Burton","Estes Express Lines | BK Racing | Toyota","Driver",19,1
"Racing",2017,"Playoff","National Treasures","Signatures Printing Plates Magenta","Brett Bodine","Quaker State | Kenny Bernstein | Buick","Driver",1,1
"Racing",2017,"Playoff","National Treasures","Signatures Printing Plates Magenta","Dave Blaney","Golden Corral | Tommy Baldwin Racing | Chevrolet","Driver",2,1
"Racing",2017,"Playoff","National Treasures","Signatures Printing Plates Magenta","Jeff Burton","Citgo | Roush Racing | Ford","Driver",3,1
"Racing",2017,"Playoff","National Treasures","Signatures Printing Plates Magenta","Joe Nemechek","U.S. Army | Ginn Racing | Chevrolet","Driver",4,1
"Racing",2017,"Playoff","National Treasures","Signatures Printing Plates Magenta","Kate Dallenbach","She Outdoor | Dallenbach Racing | Chevrolet","Driver",5,1
"Racing",2017,"Playoff","National Treasures","Signatures Printing Plates Magenta","Kaz Grala","Kiklos | GMS Racing | Chevrolet","Driver",6,1
"Racing",2017,"Playoff","National Treasures","Signatures Printing Plates Magenta","Kelley Earnhardt","Switch | JR Motorsports | Chevrolet","Owner",7,1
"Racing",2017,"Playoff","National Treasures","Signatures Printing Plates Magenta","Kenny Wallace","Square D | Andy Petree Racing | Chevrolet","Driver",8,1
"Racing",2017,"Playoff","National Treasures","Signatures Printing Plates Magenta","Kerry Earnhardt","Bass Pro Shops | Richard Childress Racing | Chevrolet","Driver",9,1
"Racing",2017,"Playoff","National Treasures","Signatures Printing Plates Magenta","Kyle Petty","Hot Wheels | Kyle Petty | Pontiac","Driver",10,1
"Racing",2017,"Playoff","National Treasures","Signatures Printing Plates Magenta","Mike Wallace","X8 Energy Gum | Premium Motorsports | Toyota","Driver",11,1
"Racing",2017,"Playoff","National Treasures","Signatures Printing Plates Magenta","John Hunter Nemechek","NEMCO Motorsports | NEMCO Motorsports | Chevrolet","Driver",17,1
"Racing",2017,"Playoff","National Treasures","Signatures Printing Plates Magenta","Joey Gase","Donate Life Nevada | Means Racing | Chevrolet","Driver",18,1
"Racing",2017,"Playoff","National Treasures","Signatures Printing Plates Magenta","Jeb Burton","Estes Express Lines | BK Racing | Toyota","Driver",19,1
"Racing",2017,"Playoff","National Treasures","Signatures Printing Plates Yellow","Brett Bodine","Quaker State | Kenny Bernstein | Buick","Driver",1,1
"Racing",2017,"Playoff","National Treasures","Signatures Printing Plates Yellow","Dave Blaney","Golden Corral | Tommy Baldwin Racing | Chevrolet","Driver",2,1
"Racing",2017,"Playoff","National Treasures","Signatures Printing Plates Yellow","Jeff Burton","Citgo | Roush Racing | Ford","Driver",3,1
"Racing",2017,"Playoff","National Treasures","Signatures Printing Plates Yellow","Joe Nemechek","U.S. Army | Ginn Racing | Chevrolet","Driver",4,1
"Racing",2017,"Playoff","National Treasures","Signatures Printing Plates Yellow","Kate Dallenbach","She Outdoor | Dallenbach Racing | Chevrolet","Driver",5,1
"Racing",2017,"Playoff","National Treasures","Signatures Printing Plates Yellow","Kaz Grala","Kiklos | GMS Racing | Chevrolet","Driver",6,1
"Racing",2017,"Playoff","National Treasures","Signatures Printing Plates Yellow","Kelley Earnhardt","Switch | JR Motorsports | Chevrolet","Owner",7,1
"Racing",2017,"Playoff","National Treasures","Signatures Printing Plates Yellow","Kenny Wallace","Square D | Andy Petree Racing | Chevrolet","Driver",8,1
"Racing",2017,"Playoff","National Treasures","Signatures Printing Plates Yellow","Kerry Earnhardt","Bass Pro Shops | Richard Childress Racing | Chevrolet","Driver",9,1
"Racing",2017,"Playoff","National Treasures","Signatures Printing Plates Yellow","Kyle Petty","Hot Wheels | Kyle Petty | Pontiac","Driver",10,1
"Racing",2017,"Playoff","National Treasures","Signatures Printing Plates Yellow","Mike Wallace","X8 Energy Gum | Premium Motorsports | Toyota","Driver",11,1
"Racing",2017,"Playoff","National Treasures","Signatures Printing Plates Yellow","John Hunter Nemechek","NEMCO Motorsports | NEMCO Motorsports | Chevrolet","Driver",17,1
"Racing",2017,"Playoff","National Treasures","Signatures Printing Plates Yellow","Joey Gase","Donate Life Nevada | Means Racing | Chevrolet","Driver",18,1
"Racing",2017,"Playoff","National Treasures","Signatures Printing Plates Yellow","Jeb Burton","Estes Express Lines | BK Racing | Toyota","Driver",19,1
"Racing",2017,"Playoff","National Treasures","Six Way Swatches Black","Trevor Bayne","AdvoCare | Roush Fenway Racing | Ford","Driver",1,1
"Racing",2017,"Playoff","National Treasures","Six Way Swatches Black","Dale Earnhardt Jr","Nationwide | Hendrick Motorsports | Chevrolet","Driver",2,1
"Racing",2017,"Playoff","National Treasures","Six Way Swatches Black","Kyle Busch","M&M's | Joe Gibbs Racing | Toyota","Driver",3,1
"Racing",2017,"Playoff","National Treasures","Six Way Swatches Black","Kasey Kahne","Farmers Insurance | Hendrick Motorsports | Chevrolet","Driver",4,1
"Racing",2017,"Playoff","National Treasures","Six Way Swatches Black","Matt Kenseth","DeWalt | Joe Gibbs Racing | Toyota","Driver",5,1
"Racing",2017,"Playoff","National Treasures","Six Way Swatches Gold","Dale Earnhardt Jr","Nationwide | Hendrick Motorsports | Chevrolet","Driver",2,15
"Racing",2017,"Playoff","National Treasures","Six Way Swatches Green","Trevor Bayne","AdvoCare | Roush Fenway Racing | Ford","Driver",1,5
"Racing",2017,"Playoff","National Treasures","Six Way Swatches Green","Dale Earnhardt Jr","Nationwide | Hendrick Motorsports | Chevrolet","Driver",2,5
"Racing",2017,"Playoff","National Treasures","Six Way Swatches Green","Kasey Kahne","Farmers Insurance | Hendrick Motorsports | Chevrolet","Driver",4,5
"Racing",2017,"Playoff","National Treasures","Six Way Swatches Green","Matt Kenseth","DeWalt | Joe Gibbs Racing | Toyota","Driver",5,5
"Racing",2017,"Playoff","National Treasures","Six Way Swatches Holo Gold","Dale Earnhardt Jr","Nationwide | Hendrick Motorsports | Chevrolet","Driver",2,10
"Racing",2017,"Playoff","National Treasures","Six Way Swatches Holo Gold","Kasey Kahne","Farmers Insurance | Hendrick Motorsports | Chevrolet","Driver",4,10
"Racing",2017,"Playoff","National Treasures","Six Way Swatches Holo Silver","Dale Earnhardt Jr","Nationwide | Hendrick Motorsports | Chevrolet","Driver",2,20
"Racing",2017,"Playoff","National Treasures","Six Way Swatches Laundry Tags","Trevor Bayne","AdvoCare | Roush Fenway Racing | Ford","Driver",1,1
"Racing",2017,"Playoff","National Treasures","Six Way Swatches Laundry Tags","Dale Earnhardt Jr","Nationwide | Hendrick Motorsports | Chevrolet","Driver",2,1
"Racing",2017,"Playoff","National Treasures","Six Way Swatches Laundry Tags","Kyle Busch","M&M's | Joe Gibbs Racing | Toyota","Driver",3,1
"Racing",2017,"Playoff","National Treasures","Six Way Swatches Laundry Tags","Kasey Kahne","Farmers Insurance | Hendrick Motorsports | Chevrolet","Driver",4,1
"Racing",2017,"Playoff","National Treasures","Six Way Swatches Laundry Tags","Matt Kenseth","DeWalt | Joe Gibbs Racing | Toyota","Driver",5,1
"Racing",2017,"Playoff","National Treasures","Six Way Swatches Printing Plates Black","Trevor Bayne","AdvoCare | Roush Fenway Racing | Ford","Driver",1,1
"Racing",2017,"Playoff","National Treasures","Six Way Swatches Printing Plates Black","Dale Earnhardt Jr","Nationwide | Hendrick Motorsports | Chevrolet","Driver",2,1
"Racing",2017,"Playoff","National Treasures","Six Way Swatches Printing Plates Black","Kyle Busch","M&M's | Joe Gibbs Racing | Toyota","Driver",3,1
"Racing",2017,"Playoff","National Treasures","Six Way Swatches Printing Plates Black","Kasey Kahne","Farmers Insurance | Hendrick Motorsports | Chevrolet","Driver",4,1
"Racing",2017,"Playoff","National Treasures","Six Way Swatches Printing Plates Black","Matt Kenseth","DeWalt | Joe Gibbs Racing | Toyota","Driver",5,1
"Racing",2017,"Playoff","National Treasures","Six Way Swatches Printing Plates Cyan","Trevor Bayne","AdvoCare | Roush Fenway Racing | Ford","Driver",1,1
"Racing",2017,"Playoff","National Treasures","Six Way Swatches Printing Plates Cyan","Dale Earnhardt Jr","Nationwide | Hendrick Motorsports | Chevrolet","Driver",2,1
"Racing",2017,"Playoff","National Treasures","Six Way Swatches Printing Plates Cyan","Kyle Busch","M&M's | Joe Gibbs Racing | Toyota","Driver",3,1
"Racing",2017,"Playoff","National Treasures","Six Way Swatches Printing Plates Cyan","Kasey Kahne","Farmers Insurance | Hendrick Motorsports | Chevrolet","Driver",4,1
"Racing",2017,"Playoff","National Treasures","Six Way Swatches Printing Plates Cyan","Matt Kenseth","DeWalt | Joe Gibbs Racing | Toyota","Driver",5,1
"Racing",2017,"Playoff","National Treasures","Six Way Swatches Printing Plates Magenta","Trevor Bayne","AdvoCare | Roush Fenway Racing | Ford","Driver",1,1
"Racing",2017,"Playoff","National Treasures","Six Way Swatches Printing Plates Magenta","Dale Earnhardt Jr","Nationwide | Hendrick Motorsports | Chevrolet","Driver",2,1
"Racing",2017,"Playoff","National Treasures","Six Way Swatches Printing Plates Magenta","Kyle Busch","M&M's | Joe Gibbs Racing | Toyota","Driver",3,1
"Racing",2017,"Playoff","National Treasures","Six Way Swatches Printing Plates Magenta","Kasey Kahne","Farmers Insurance | Hendrick Motorsports | Chevrolet","Driver",4,1
"Racing",2017,"Playoff","National Treasures","Six Way Swatches Printing Plates Magenta","Matt Kenseth","DeWalt | Joe Gibbs Racing | Toyota","Driver",5,1
"Racing",2017,"Playoff","National Treasures","Six Way Swatches Printing Plates Yellow","Trevor Bayne","AdvoCare | Roush Fenway Racing | Ford","Driver",1,1
"Racing",2017,"Playoff","National Treasures","Six Way Swatches Printing Plates Yellow","Dale Earnhardt Jr","Nationwide | Hendrick Motorsports | Chevrolet","Driver",2,1
"Racing",2017,"Playoff","National Treasures","Six Way Swatches Printing Plates Yellow","Kyle Busch","M&M's | Joe Gibbs Racing | Toyota","Driver",3,1
"Racing",2017,"Playoff","National Treasures","Six Way Swatches Printing Plates Yellow","Kasey Kahne","Farmers Insurance | Hendrick Motorsports | Chevrolet","Driver",4,1
"Racing",2017,"Playoff","National Treasures","Six Way Swatches Printing Plates Yellow","Matt Kenseth","DeWalt | Joe Gibbs Racing | Toyota","Driver",5,1
"Racing",2017,"Playoff","National Treasures","Teammates Duals","Jimmie Johnson/Chase Elliott","Lowe's | Hendrick Motorsports | Chevrolet/NAPA Auto Parts | Hendrick Motorsports | Chevrolet","Driver/Driver",1,25
"Racing",2017,"Playoff","National Treasures","Teammates Duals","Kasey Kahne/Dale Earnhardt Jr","Farmers Insurance | Hendrick Motorsports | Chevrolet/Nationwide | Hendrick Motorsports | Chevrolet","Driver/Driver",2,25
"Racing",2017,"Playoff","National Treasures","Teammates Duals","Kurt Busch/Danica Patrick","Haas Automation | Stewart-Haas Racing | Ford/Aspen Dental | Stewart-Haas Racing | Ford","Driver/Driver",3,25
"Racing",2017,"Playoff","National Treasures","Teammates Duals","Clint Bowyer/Kevin Harvick","Haas Automation | Stewart-Haas Racing | Ford/Jimmy John's | Stewart-Haas Racing | Ford","Driver/Driver",4,25
"Racing",2017,"Playoff","National Treasures","Teammates Duals","Joey Logano/Brad Keselowski","Shell-Pennzoil | Team Penske | Ford/Miller Lite | Team Penske | Ford","Driver/Driver",5,25
"Racing",2017,"Playoff","National Treasures","Teammates Duals","Matt Kenseth/Kyle Busch","DeWalt | Joe Gibbs Racing | Toyota/M&M's | Joe Gibbs Racing | Toyota","Driver/Driver",6,25
"Racing",2017,"Playoff","National Treasures","Teammates Duals","Daniel Suarez/Denny Hamlin","ARRIS | Joe Gibbs Racing | Toyota/FedEx Express | Joe Gibbs Racing | Toyota","Driver/Driver",7,25
"Racing",2017,"Playoff","National Treasures","Teammates Duals","Ryan Newman/Austin Dillon","Caterpillar | Richard Childress Racing | Chevrolet/Dow Chemical | Richard Childress Racing | Chevrolet","Driver/Driver",8,25
"Racing",2017,"Playoff","National Treasures","Teammates Duals","Kyle Larson/Jamie McMurray","Target | Chip Ganassi Racing | Chevrolet/Cessna | Chip Ganassi Racing | Chevrolet","Driver/Driver",9,25
"Racing",2017,"Playoff","National Treasures","Teammates Duals","Trevor Bayne","AdvoCare | Roush Fenway Racing | Ford","Driver",10,25
"Racing",2017,"Playoff","National Treasures","Teammates Duals Black","Chase Elliott/Jimmie Johnson","NAPA Auto Parts | Hendrick Motorsports | Chevrolet/Lowe's | Hendrick Motorsports | Chevrolet","Driver/Driver",1,1
"Racing",2017,"Playoff","National Treasures","Teammates Duals Black","Dale Earnhardt Jr/Kasey Kahne","Nationwide | Hendrick Motorsports | Chevrolet/Farmers Insurance | Hendrick Motorsports | Chevrolet","Driver/Driver",2,1
"Racing",2017,"Playoff","National Treasures","Teammates Duals Black","Kurt Busch/Danica Patrick","Haas Automation | Stewart-Haas Racing | Ford/Aspen Dental | Stewart-Haas Racing | Ford","Driver/Driver",3,1
"Racing",2017,"Playoff","National Treasures","Teammates Duals Black","Clint Bowyer/Kevin Harvick","Haas Automation | Stewart-Haas Racing | Ford/Jimmy John's | Stewart-Haas Racing | Ford","Driver/Driver",4,1
"Racing",2017,"Playoff","National Treasures","Teammates Duals Black","Joey Logano/Brad Keselowski","Shell-Pennzoil | Team Penske | Ford/Miller Lite | Team Penske | Ford","Driver/Driver",5,1
"Racing",2017,"Playoff","National Treasures","Teammates Duals Black","Matt Kenseth/Kyle Busch","DeWalt | Joe Gibbs Racing | Toyota/M&M's | Joe Gibbs Racing | Toyota","Driver/Driver",6,1
"Racing",2017,"Playoff","National Treasures","Teammates Duals Black","Denny Hamlin/Daniel Suarez","FedEx Express | Joe Gibbs Racing | Toyota/ARRIS | Joe Gibbs Racing | Toyota","Driver/Driver",7,1
"Racing",2017,"Playoff","National Treasures","Teammates Duals Black","Ryan Newman/Austin Dillon","Caterpillar | Richard Childress Racing | Chevrolet/Dow Chemical | Richard Childress Racing | Chevrolet","Driver/Driver",8,1
"Racing",2017,"Playoff","National Treasures","Teammates Duals Black","Jamie McMurray/Kyle Larson","Cessna | Chip Ganassi Racing | Chevrolet/Target | Chip Ganassi Racing | Chevrolet","Driver/Driver",9,1
"Racing",2017,"Playoff","National Treasures","Teammates Duals Black","Trevor Bayne","AdvoCare | Roush Fenway Racing | Ford","Driver",10,1
"Racing",2017,"Playoff","National Treasures","Teammates Duals Gold","Jimmie Johnson/Chase Elliott","Lowe's | Hendrick Motorsports | Chevrolet/NAPA Auto Parts | Hendrick Motorsports | Chevrolet","Driver/Driver",1,15
"Racing",2017,"Playoff","National Treasures","Teammates Duals Gold","Dale Earnhardt Jr/Kasey Kahne","Nationwide | Hendrick Motorsports | Chevrolet/Farmers Insurance | Hendrick Motorsports | Chevrolet","Driver/Driver",2,15
"Racing",2017,"Playoff","National Treasures","Teammates Duals Gold","Danica Patrick/Kurt Busch","Aspen Dental | Stewart-Haas Racing | Ford/Haas Automation | Stewart-Haas Racing | Ford","Driver/Driver",3,15
"Racing",2017,"Playoff","National Treasures","Teammates Duals Gold","Kevin Harvick/Clint Bowyer","Jimmy John's | Stewart-Haas Racing | Ford/Haas Automation | Stewart-Haas Racing | Ford","Driver/Driver",4,15
"Racing",2017,"Playoff","National Treasures","Teammates Duals Gold","Brad Keselowski/Joey Logano","Miller Lite | Team Penske | Ford/Shell-Pennzoil | Team Penske | Ford","Driver/Driver",5,15
"Racing",2017,"Playoff","National Treasures","Teammates Duals Gold","Matt Kenseth/Kyle Busch","DeWalt | Joe Gibbs Racing | Toyota/M&M's | Joe Gibbs Racing | Toyota","Driver/Driver",6,15
"Racing",2017,"Playoff","National Treasures","Teammates Duals Gold","Daniel Suarez/Denny Hamlin","ARRIS | Joe Gibbs Racing | Toyota/FedEx Express | Joe Gibbs Racing | Toyota","Driver/Driver",7,15
"Racing",2017,"Playoff","National Treasures","Teammates Duals Gold","Ryan Newman/Austin Dillon","Caterpillar | Richard Childress Racing | Chevrolet/Dow Chemical | Richard Childress Racing | Chevrolet","Driver/Driver",8,15
"Racing",2017,"Playoff","National Treasures","Teammates Duals Gold","Kyle Larson/Jamie McMurray","Target | Chip Ganassi Racing | Chevrolet/Cessna | Chip Ganassi Racing | Chevrolet","Driver/Driver",9,15
"Racing",2017,"Playoff","National Treasures","Teammates Duals Gold","Trevor Bayne","AdvoCare | Roush Fenway Racing | Ford","Driver",10,15
"Racing",2017,"Playoff","National Treasures","Teammates Duals Green","Chase Elliott/Jimmie Johnson","NAPA Auto Parts | Hendrick Motorsports | Chevrolet/Lowe's | Hendrick Motorsports | Chevrolet","Driver/Driver",1,5
"Racing",2017,"Playoff","National Treasures","Teammates Duals Green","Kasey Kahne/Dale Earnhardt Jr","Farmers Insurance | Hendrick Motorsports | Chevrolet/Nationwide | Hendrick Motorsports | Chevrolet","Driver/Driver",2,5
"Racing",2017,"Playoff","National Treasures","Teammates Duals Green","Danica Patrick/Kurt Busch","Aspen Dental | Stewart-Haas Racing | Ford/Haas Automation | Stewart-Haas Racing | Ford","Driver/Driver",3,5
"Racing",2017,"Playoff","National Treasures","Teammates Duals Green","Kevin Harvick/Clint Bowyer","Jimmy John's | Stewart-Haas Racing | Ford/Haas Automation | Stewart-Haas Racing | Ford","Driver/Driver",4,5
"Racing",2017,"Playoff","National Treasures","Teammates Duals Green","Joey Logano/Brad Keselowski","Shell-Pennzoil | Team Penske | Ford/Miller Lite | Team Penske | Ford","Driver/Driver",5,5
"Racing",2017,"Playoff","National Treasures","Teammates Duals Green","Kyle Busch/Matt Kenseth","M&M's | Joe Gibbs Racing | Toyota/DeWalt | Joe Gibbs Racing | Toyota","Driver/Driver",6,5
"Racing",2017,"Playoff","National Treasures","Teammates Duals Green","Denny Hamlin/Daniel Suarez","FedEx Express | Joe Gibbs Racing | Toyota/ARRIS | Joe Gibbs Racing | Toyota","Driver/Driver",7,5
"Racing",2017,"Playoff","National Treasures","Teammates Duals Green","Austin Dillon/Ryan Newman","Dow Chemical | Richard Childress Racing | Chevrolet/Caterpillar | Richard Childress Racing | Chevrolet","Driver/Driver",8,5
"Racing",2017,"Playoff","National Treasures","Teammates Duals Green","Jamie McMurray/Kyle Larson","Cessna | Chip Ganassi Racing | Chevrolet/Target | Chip Ganassi Racing | Chevrolet","Driver/Driver",9,5
"Racing",2017,"Playoff","National Treasures","Teammates Duals Green","Trevor Bayne","AdvoCare | Roush Fenway Racing | Ford","Driver",10,5
"Racing",2017,"Playoff","National Treasures","Teammates Duals Holo Gold","Jimmie Johnson/Chase Elliott","Lowe's | Hendrick Motorsports | Chevrolet/NAPA Auto Parts | Hendrick Motorsports | Chevrolet","Driver/Driver",1,10
"Racing",2017,"Playoff","National Treasures","Teammates Duals Holo Gold","Kasey Kahne/Dale Earnhardt Jr","Farmers Insurance | Hendrick Motorsports | Chevrolet/Nationwide | Hendrick Motorsports | Chevrolet","Driver/Driver",2,10
"Racing",2017,"Playoff","National Treasures","Teammates Duals Holo Gold","Kurt Busch/Danica Patrick","Haas Automation | Stewart-Haas Racing | Ford/Aspen Dental | Stewart-Haas Racing | Ford","Driver/Driver",3,10
"Racing",2017,"Playoff","National Treasures","Teammates Duals Holo Gold","Clint Bowyer/Kevin Harvick","Haas Automation | Stewart-Haas Racing | Ford/Jimmy John's | Stewart-Haas Racing | Ford","Driver/Driver",4,10
"Racing",2017,"Playoff","National Treasures","Teammates Duals Holo Gold","Brad Keselowski/Joey Logano","Miller Lite | Team Penske | Ford/Shell-Pennzoil | Team Penske | Ford","Driver/Driver",5,10
"Racing",2017,"Playoff","National Treasures","Teammates Duals Holo Gold","Matt Kenseth/Kyle Busch","DeWalt | Joe Gibbs Racing | Toyota/M&M's | Joe Gibbs Racing | Toyota","Driver/Driver",6,10
"Racing",2017,"Playoff","National Treasures","Teammates Duals Holo Gold","Daniel Suarez/Denny Hamlin","ARRIS | Joe Gibbs Racing | Toyota/FedEx Express | Joe Gibbs Racing | Toyota","Driver/Driver",7,10
"Racing",2017,"Playoff","National Treasures","Teammates Duals Holo Gold","Ryan Newman/Austin Dillon","Caterpillar | Richard Childress Racing | Chevrolet/Dow Chemical | Richard Childress Racing | Chevrolet","Driver/Driver",8,10
"Racing",2017,"Playoff","National Treasures","Teammates Duals Holo Gold","Kyle Larson/Jamie McMurray","Target | Chip Ganassi Racing | Chevrolet/Cessna | Chip Ganassi Racing | Chevrolet","Driver/Driver",9,10
"Racing",2017,"Playoff","National Treasures","Teammates Duals Holo Gold","Trevor Bayne","AdvoCare | Roush Fenway Racing | Ford","Driver",10,10
"Racing",2017,"Playoff","National Treasures","Teammates Duals Holo Silver","Jimmie Johnson/Chase Elliott","Lowe's | Hendrick Motorsports | Chevrolet/NAPA Auto Parts | Hendrick Motorsports | Chevrolet","Driver/Driver",1,20
"Racing",2017,"Playoff","National Treasures","Teammates Duals Holo Silver","Dale Earnhardt Jr/Kasey Kahne","Nationwide | Hendrick Motorsports | Chevrolet/Farmers Insurance | Hendrick Motorsports | Chevrolet","Driver/Driver",2,20
"Racing",2017,"Playoff","National Treasures","Teammates Duals Holo Silver","Danica Patrick/Kurt Busch","Aspen Dental | Stewart-Haas Racing | Ford/Haas Automation | Stewart-Haas Racing | Ford","Driver/Driver",3,20
"Racing",2017,"Playoff","National Treasures","Teammates Duals Holo Silver","Kevin Harvick/Clint Bowyer","Jimmy John's | Stewart-Haas Racing | Ford/Haas Automation | Stewart-Haas Racing | Ford","Driver/Driver",4,20
"Racing",2017,"Playoff","National Treasures","Teammates Duals Holo Silver","Brad Keselowski/Joey Logano","Miller Lite | Team Penske | Ford/Shell-Pennzoil | Team Penske | Ford","Driver/Driver",5,20
"Racing",2017,"Playoff","National Treasures","Teammates Duals Holo Silver","Kyle Busch/Matt Kenseth","M&M's | Joe Gibbs Racing | Toyota/DeWalt | Joe Gibbs Racing | Toyota","Driver/Driver",6,20
"Racing",2017,"Playoff","National Treasures","Teammates Duals Holo Silver","Denny Hamlin/Daniel Suarez","FedEx Express | Joe Gibbs Racing | Toyota/ARRIS | Joe Gibbs Racing | Toyota","Driver/Driver",7,20
"Racing",2017,"Playoff","National Treasures","Teammates Duals Holo Silver","Austin Dillon/Ryan Newman","Dow Chemical | Richard Childress Racing | Chevrolet/Caterpillar | Richard Childress Racing | Chevrolet","Driver/Driver",8,20
"Racing",2017,"Playoff","National Treasures","Teammates Duals Holo Silver","Kyle Larson/Jamie McMurray","Target | Chip Ganassi Racing | Chevrolet/Cessna | Chip Ganassi Racing | Chevrolet","Driver/Driver",9,20
"Racing",2017,"Playoff","National Treasures","Teammates Duals Holo Silver","Trevor Bayne","AdvoCare | Roush Fenway Racing | Ford","Driver",10,20
"Racing",2017,"Playoff","National Treasures","Teammates Duals Laundry Tags","Chase Elliott/Jimmie Johnson","NAPA Auto Parts | Hendrick Motorsports | Chevrolet/Lowe's | Hendrick Motorsports | Chevrolet","Driver/Driver",1,1
"Racing",2017,"Playoff","National Treasures","Teammates Duals Laundry Tags","Kasey Kahne/Dale Earnhardt Jr","Farmers Insurance | Hendrick Motorsports | Chevrolet/Nationwide | Hendrick Motorsports | Chevrolet","Driver/Driver",2,1
"Racing",2017,"Playoff","National Treasures","Teammates Duals Laundry Tags","Danica Patrick/Kurt Busch","Aspen Dental | Stewart-Haas Racing | Ford/Haas Automation | Stewart-Haas Racing | Ford","Driver/Driver",3,1
"Racing",2017,"Playoff","National Treasures","Teammates Duals Laundry Tags","Clint Bowyer/Kevin Harvick","Haas Automation | Stewart-Haas Racing | Ford/Jimmy John's | Stewart-Haas Racing | Ford","Driver/Driver",4,1
"Racing",2017,"Playoff","National Treasures","Teammates Duals Laundry Tags","Brad Keselowski/Joey Logano","Miller Lite | Team Penske | Ford/Shell-Pennzoil | Team Penske | Ford","Driver/Driver",5,1
"Racing",2017,"Playoff","National Treasures","Teammates Duals Laundry Tags","Matt Kenseth/Kyle Busch","DeWalt | Joe Gibbs Racing | Toyota/M&M's | Joe Gibbs Racing | Toyota","Driver/Driver",6,1
"Racing",2017,"Playoff","National Treasures","Teammates Duals Laundry Tags","Daniel Suarez/Denny Hamlin","ARRIS | Joe Gibbs Racing | Toyota/FedEx Express | Joe Gibbs Racing | Toyota","Driver/Driver",7,1
"Racing",2017,"Playoff","National Treasures","Teammates Duals Laundry Tags","Ryan Newman/Austin Dillon","Caterpillar | Richard Childress Racing | Chevrolet/Dow Chemical | Richard Childress Racing | Chevrolet","Driver/Driver",8,1
"Racing",2017,"Playoff","National Treasures","Teammates Duals Laundry Tags","Jamie McMurray/Kyle Larson","Cessna | Chip Ganassi Racing | Chevrolet/Target | Chip Ganassi Racing | Chevrolet","Driver/Driver",9,1
"Racing",2017,"Playoff","National Treasures","Teammates Duals Laundry Tags","Trevor Bayne","AdvoCare | Roush Fenway Racing | Ford","Driver",10,1
"Racing",2017,"Playoff","National Treasures","Teammates Duals Printing Plates Black","Jimmie Johnson/Chase Elliott","Lowe's | Hendrick Motorsports | Chevrolet/NAPA Auto Parts | Hendrick Motorsports | Chevrolet","Driver/Driver",1,1
"Racing",2017,"Playoff","National Treasures","Teammates Duals Printing Plates Black","Kasey Kahne/Dale Earnhardt Jr","Farmers Insurance | Hendrick Motorsports | Chevrolet/Nationwide | Hendrick Motorsports | Chevrolet","Driver/Driver",2,1
"Racing",2017,"Playoff","National Treasures","Teammates Duals Printing Plates Black","Kurt Busch/Danica Patrick","Haas Automation | Stewart-Haas Racing | Ford/Aspen Dental | Stewart-Haas Racing | Ford","Driver/Driver",3,1
"Racing",2017,"Playoff","National Treasures","Teammates Duals Printing Plates Black","Clint Bowyer/Kevin Harvick","Haas Automation | Stewart-Haas Racing | Ford/Jimmy John's | Stewart-Haas Racing | Ford","Driver/Driver",4,1
"Racing",2017,"Playoff","National Treasures","Teammates Duals Printing Plates Black","Brad Keselowski/Joey Logano","Miller Lite | Team Penske | Ford/Shell-Pennzoil | Team Penske | Ford","Driver/Driver",5,1
"Racing",2017,"Playoff","National Treasures","Teammates Duals Printing Plates Black","Kyle Busch/Matt Kenseth","M&M's | Joe Gibbs Racing | Toyota/DeWalt | Joe Gibbs Racing | Toyota","Driver/Driver",6,1
"Racing",2017,"Playoff","National Treasures","Teammates Duals Printing Plates Black","Denny Hamlin/Daniel Suarez","FedEx Express | Joe Gibbs Racing | Toyota/ARRIS | Joe Gibbs Racing | Toyota","Driver/Driver",7,1
"Racing",2017,"Playoff","National Treasures","Teammates Duals Printing Plates Black","Ryan Newman/Austin Dillon","Caterpillar | Richard Childress Racing | Chevrolet/Dow Chemical | Richard Childress Racing | Chevrolet","Driver/Driver",8,1
"Racing",2017,"Playoff","National Treasures","Teammates Duals Printing Plates Black","Kyle Larson/Jamie McMurray","Target | Chip Ganassi Racing | Chevrolet/Cessna | Chip Ganassi Racing | Chevrolet","Driver/Driver",9,1
"Racing",2017,"Playoff","National Treasures","Teammates Duals Printing Plates Black","Trevor Bayne","AdvoCare | Roush Fenway Racing | Ford","Driver",10,1
"Racing",2017,"Playoff","National Treasures","Teammates Duals Printing Plates Cyan","Chase Elliott/Jimmie Johnson","NAPA Auto Parts | Hendrick Motorsports | Chevrolet/Lowe's | Hendrick Motorsports | Chevrolet","Driver/Driver",1,1
"Racing",2017,"Playoff","National Treasures","Teammates Duals Printing Plates Cyan","Dale Earnhardt Jr/Kasey Kahne","Nationwide | Hendrick Motorsports | Chevrolet/Farmers Insurance | Hendrick Motorsports | Chevrolet","Driver/Driver",2,1
"Racing",2017,"Playoff","National Treasures","Teammates Duals Printing Plates Cyan","Danica Patrick/Kurt Busch","Aspen Dental | Stewart-Haas Racing | Ford/Haas Automation | Stewart-Haas Racing | Ford","Driver/Driver",3,1
"Racing",2017,"Playoff","National Treasures","Teammates Duals Printing Plates Cyan","Kevin Harvick/Clint Bowyer","Jimmy John's | Stewart-Haas Racing | Ford/Haas Automation | Stewart-Haas Racing | Ford","Driver/Driver",4,1
"Racing",2017,"Playoff","National Treasures","Teammates Duals Printing Plates Cyan","Joey Logano/Brad Keselowski","Shell-Pennzoil | Team Penske | Ford/Miller Lite | Team Penske | Ford","Driver/Driver",5,1
"Racing",2017,"Playoff","National Treasures","Teammates Duals Printing Plates Cyan","Matt Kenseth/Kyle Busch","DeWalt | Joe Gibbs Racing | Toyota/M&M's | Joe Gibbs Racing | Toyota","Driver/Driver",6,1
"Racing",2017,"Playoff","National Treasures","Teammates Duals Printing Plates Cyan","Daniel Suarez/Denny Hamlin","ARRIS | Joe Gibbs Racing | Toyota/FedEx Express | Joe Gibbs Racing | Toyota","Driver/Driver",7,1
"Racing",2017,"Playoff","National Treasures","Teammates Duals Printing Plates Cyan","Austin Dillon/Ryan Newman","Dow Chemical | Richard Childress Racing | Chevrolet/Caterpillar | Richard Childress Racing | Chevrolet","Driver/Driver",8,1
"Racing",2017,"Playoff","National Treasures","Teammates Duals Printing Plates Cyan","Kyle Larson/Jamie McMurray","Target | Chip Ganassi Racing | Chevrolet/Cessna | Chip Ganassi Racing | Chevrolet","Driver/Driver",9,1
"Racing",2017,"Playoff","National Treasures","Teammates Duals Printing Plates Cyan","Trevor Bayne","AdvoCare | Roush Fenway Racing | Ford","Driver",10,1
"Racing",2017,"Playoff","National Treasures","Teammates Duals Printing Plates Magenta","Jimmie Johnson/Chase Elliott","Lowe's | Hendrick Motorsports | Chevrolet/NAPA Auto Parts | Hendrick Motorsports | Chevrolet","Driver/Driver",1,1
"Racing",2017,"Playoff","National Treasures","Teammates Duals Printing Plates Magenta","Kasey Kahne/Dale Earnhardt Jr","Farmers Insurance | Hendrick Motorsports | Chevrolet/Nationwide | Hendrick Motorsports | Chevrolet","Driver/Driver",2,1
"Racing",2017,"Playoff","National Treasures","Teammates Duals Printing Plates Magenta","Kurt Busch/Danica Patrick","Haas Automation | Stewart-Haas Racing | Ford/Aspen Dental | Stewart-Haas Racing | Ford","Driver/Driver",3,1
"Racing",2017,"Playoff","National Treasures","Teammates Duals Printing Plates Magenta","Clint Bowyer/Kevin Harvick","Haas Automation | Stewart-Haas Racing | Ford/Jimmy John's | Stewart-Haas Racing | Ford","Driver/Driver",4,1
"Racing",2017,"Playoff","National Treasures","Teammates Duals Printing Plates Magenta","Brad Keselowski/Joey Logano","Miller Lite | Team Penske | Ford/Shell-Pennzoil | Team Penske | Ford","Driver/Driver",5,1
"Racing",2017,"Playoff","National Treasures","Teammates Duals Printing Plates Magenta","Matt Kenseth/Kyle Busch","DeWalt | Joe Gibbs Racing | Toyota/M&M's | Joe Gibbs Racing | Toyota","Driver/Driver",6,1
"Racing",2017,"Playoff","National Treasures","Teammates Duals Printing Plates Magenta","Daniel Suarez/Denny Hamlin","ARRIS | Joe Gibbs Racing | Toyota/FedEx Express | Joe Gibbs Racing | Toyota","Driver/Driver",7,1
"Racing",2017,"Playoff","National Treasures","Teammates Duals Printing Plates Magenta","Ryan Newman/Austin Dillon","Caterpillar | Richard Childress Racing | Chevrolet/Dow Chemical | Richard Childress Racing | Chevrolet","Driver/Driver",8,1
"Racing",2017,"Playoff","National Treasures","Teammates Duals Printing Plates Magenta","Jamie McMurray/Kyle Larson","Cessna | Chip Ganassi Racing | Chevrolet/Target | Chip Ganassi Racing | Chevrolet","Driver/Driver",9,1
"Racing",2017,"Playoff","National Treasures","Teammates Duals Printing Plates Magenta","Trevor Bayne","AdvoCare | Roush Fenway Racing | Ford","Driver",10,1
"Racing",2017,"Playoff","National Treasures","Teammates Duals Printing Plates Yellow","Jimmie Johnson/Chase Elliott","Lowe's | Hendrick Motorsports | Chevrolet/NAPA Auto Parts | Hendrick Motorsports | Chevrolet","Driver/Driver",1,1
"Racing",2017,"Playoff","National Treasures","Teammates Duals Printing Plates Yellow","Dale Earnhardt Jr/Kasey Kahne","Nationwide | Hendrick Motorsports | Chevrolet/Farmers Insurance | Hendrick Motorsports | Chevrolet","Driver/Driver",2,1
"Racing",2017,"Playoff","National Treasures","Teammates Duals Printing Plates Yellow","Danica Patrick/Kurt Busch","Aspen Dental | Stewart-Haas Racing | Ford/Haas Automation | Stewart-Haas Racing | Ford","Driver/Driver",3,1
"Racing",2017,"Playoff","National Treasures","Teammates Duals Printing Plates Yellow","Kevin Harvick/Clint Bowyer","Jimmy John's | Stewart-Haas Racing | Ford/Haas Automation | Stewart-Haas Racing | Ford","Driver/Driver",4,1
"Racing",2017,"Playoff","National Treasures","Teammates Duals Printing Plates Yellow","Brad Keselowski/Joey Logano","Miller Lite | Team Penske | Ford/Shell-Pennzoil | Team Penske | Ford","Driver/Driver",5,1
"Racing",2017,"Playoff","National Treasures","Teammates Duals Printing Plates Yellow","Matt Kenseth/Kyle Busch","DeWalt | Joe Gibbs Racing | Toyota/M&M's | Joe Gibbs Racing | Toyota","Driver/Driver",6,1
"Racing",2017,"Playoff","National Treasures","Teammates Duals Printing Plates Yellow","Denny Hamlin/Daniel Suarez","FedEx Express | Joe Gibbs Racing | Toyota/ARRIS | Joe Gibbs Racing | Toyota","Driver/Driver",7,1
"Racing",2017,"Playoff","National Treasures","Teammates Duals Printing Plates Yellow","Austin Dillon/Ryan Newman","Dow Chemical | Richard Childress Racing | Chevrolet/Caterpillar | Richard Childress Racing | Chevrolet","Driver/Driver",8,1
"Racing",2017,"Playoff","National Treasures","Teammates Duals Printing Plates Yellow","Kyle Larson/Jamie McMurray","Target | Chip Ganassi Racing | Chevrolet/Cessna | Chip Ganassi Racing | Chevrolet","Driver/Driver",9,1
"Racing",2017,"Playoff","National Treasures","Teammates Duals Printing Plates Yellow","Trevor Bayne","AdvoCare | Roush Fenway Racing | Ford","Driver",10,1
"Racing",2017,"Playoff","National Treasures","Teammates Quads","Erik Jones/Martin Truex Jr.","5-Hour Energy | Furniture Row Racing | Toyota/Bass Pro Shops-TRACKER Boats | Furniture Row Racing | Toyota","Driver/Driver",1,25
"Racing",2017,"Playoff","National Treasures","Teammates Quads","Gray Gaulding/Corey LaJoie","Dr Pepper | BK Racing | Toyota/Dustless Blasting | BK Racing | Toyota","Driver/Driver",2,25
"Racing",2017,"Playoff","National Treasures","Teammates Quads","Brad Keselowski/Joey Logano","Miller Lite | Team Penske | Ford/Shell-Pennzoil | Team Penske | Ford","Driver/Driver",3,25
"Racing",2017,"Playoff","National Treasures","Teammates Quads","Dale Earnhardt Jr/Jimmie Johnson","Nationwide | Hendrick Motorsports | Chevrolet/Lowe's | Hendrick Motorsports | Chevrolet","Driver/Driver",4,25
"Racing",2017,"Playoff","National Treasures","Teammates Quads","Kevin Harvick/Danica Patrick","Jimmy John's | Stewart-Haas Racing | Ford/Aspen Dental | Stewart-Haas Racing | Ford","Driver/Driver",5,25
"Racing",2017,"Playoff","National Treasures","Teammates Quads","Clint Bowyer/Kurt Busch","Haas Automation | Stewart-Haas Racing | Ford/Haas Automation | Stewart-Haas Racing | Ford","Driver/Driver",6,25
"Racing",2017,"Playoff","National Treasures","Teammates Quads","Denny Hamlin/Kyle Busch","FedEx Express | Joe Gibbs Racing | Toyota/M&M's | Joe Gibbs Racing | Toyota","Driver/Driver",7,25
"Racing",2017,"Playoff","National Treasures","Teammates Quads","Kasey Kahne/Chase Elliott","Farmers Insurance | Hendrick Motorsports | Chevrolet/NAPA Auto Parts | Hendrick Motorsports | Chevrolet","Driver/Driver",8,25
"Racing",2017,"Playoff","National Treasures","Teammates Quads","Jamie McMurray/Kyle Larson","McDonald's | Chip Ganassi Racing | Chevrolet/Target | Chip Ganassi Racing | Chevrolet","Driver/Driver",9,25
"Racing",2017,"Playoff","National Treasures","Teammates Quads","Austin Dillon/Ryan Newman","Dow Chemical | Richard Childress Racing | Chevrolet/Caterpillar | Richard Childress Racing | Chevrolet","Driver/Driver",10,25
"Racing",2017,"Playoff","National Treasures","Teammates Quads Black","Martin Truex Jr./Erik Jones","Bass Pro Shops-TRACKER Boats | Furniture Row Racing | Toyota/5-Hour Energy | Furniture Row Racing | Toyota","Driver/Driver",1,1
"Racing",2017,"Playoff","National Treasures","Teammates Quads Black","Corey LaJoie/Gray Gaulding","Dustless Blasting | BK Racing | Toyota/Dr Pepper | BK Racing | Toyota","Driver/Driver",2,1
"Racing",2017,"Playoff","National Treasures","Teammates Quads Black","Brad Keselowski/Joey Logano","Miller Lite | Team Penske | Ford/Shell-Pennzoil | Team Penske | Ford","Driver/Driver",3,1
"Racing",2017,"Playoff","National Treasures","Teammates Quads Black","Dale Earnhardt Jr/Jimmie Johnson","Nationwide | Hendrick Motorsports | Chevrolet/Lowe's | Hendrick Motorsports | Chevrolet","Driver/Driver",4,1
"Racing",2017,"Playoff","National Treasures","Teammates Quads Black","Danica Patrick/Kevin Harvick","Aspen Dental | Stewart-Haas Racing | Ford/Jimmy John's | Stewart-Haas Racing | Ford","Driver/Driver",5,1
"Racing",2017,"Playoff","National Treasures","Teammates Quads Black","Clint Bowyer/Kurt Busch","Haas Automation | Stewart-Haas Racing | Ford/Haas Automation | Stewart-Haas Racing | Ford","Driver/Driver",6,1
"Racing",2017,"Playoff","National Treasures","Teammates Quads Black","Denny Hamlin/Kyle Busch","FedEx Express | Joe Gibbs Racing | Toyota/M&M's | Joe Gibbs Racing | Toyota","Driver/Driver",7,1
"Racing",2017,"Playoff","National Treasures","Teammates Quads Black","Chase Elliott/Kasey Kahne","NAPA Auto Parts | Hendrick Motorsports | Chevrolet/Farmers Insurance | Hendrick Motorsports | Chevrolet","Driver/Driver",8,1
"Racing",2017,"Playoff","National Treasures","Teammates Quads Black","Jamie McMurray/Kyle Larson","McDonald's | Chip Ganassi Racing | Chevrolet/Target | Chip Ganassi Racing | Chevrolet","Driver/Driver",9,1
"Racing",2017,"Playoff","National Treasures","Teammates Quads Black","Ryan Newman/Austin Dillon","Caterpillar | Richard Childress Racing | Chevrolet/Dow Chemical | Richard Childress Racing | Chevrolet","Driver/Driver",10,1
"Racing",2017,"Playoff","National Treasures","Teammates Quads Gold","Martin Truex Jr./Erik Jones","Bass Pro Shops-TRACKER Boats | Furniture Row Racing | Toyota/5-Hour Energy | Furniture Row Racing | Toyota","Driver/Driver",1,15
"Racing",2017,"Playoff","National Treasures","Teammates Quads Gold","Corey LaJoie/Gray Gaulding","Dustless Blasting | BK Racing | Toyota/Dr Pepper | BK Racing | Toyota","Driver/Driver",2,15
"Racing",2017,"Playoff","National Treasures","Teammates Quads Gold","Brad Keselowski/Joey Logano","Miller Lite | Team Penske | Ford/Shell-Pennzoil | Team Penske | Ford","Driver/Driver",3,15
"Racing",2017,"Playoff","National Treasures","Teammates Quads Gold","Jimmie Johnson/Dale Earnhardt Jr","Lowe's | Hendrick Motorsports | Chevrolet/Nationwide | Hendrick Motorsports | Chevrolet","Driver/Driver",4,15
"Racing",2017,"Playoff","National Treasures","Teammates Quads Gold","Danica Patrick/Kevin Harvick","Aspen Dental | Stewart-Haas Racing | Ford/Jimmy John's | Stewart-Haas Racing | Ford","Driver/Driver",5,15
"Racing",2017,"Playoff","National Treasures","Teammates Quads Gold","Clint Bowyer/Kurt Busch","Haas Automation | Stewart-Haas Racing | Ford/Haas Automation | Stewart-Haas Racing | Ford","Driver/Driver",6,15
"Racing",2017,"Playoff","National Treasures","Teammates Quads Gold","Denny Hamlin/Kyle Busch","FedEx Express | Joe Gibbs Racing | Toyota/M&M's | Joe Gibbs Racing | Toyota","Driver/Driver",7,15
"Racing",2017,"Playoff","National Treasures","Teammates Quads Gold","Chase Elliott/Kasey Kahne","NAPA Auto Parts | Hendrick Motorsports | Chevrolet/Farmers Insurance | Hendrick Motorsports | Chevrolet","Driver/Driver",8,15
"Racing",2017,"Playoff","National Treasures","Teammates Quads Gold","Jamie McMurray/Kyle Larson","McDonald's | Chip Ganassi Racing | Chevrolet/Target | Chip Ganassi Racing | Chevrolet","Driver/Driver",9,15
"Racing",2017,"Playoff","National Treasures","Teammates Quads Gold","Austin Dillon/Ryan Newman","Dow Chemical | Richard Childress Racing | Chevrolet/Caterpillar | Richard Childress Racing | Chevrolet","Driver/Driver",10,15
"Racing",2017,"Playoff","National Treasures","Teammates Quads Green","Erik Jones/Martin Truex Jr.","5-Hour Energy | Furniture Row Racing | Toyota/Bass Pro Shops-TRACKER Boats | Furniture Row Racing | Toyota","Driver/Driver",1,5
"Racing",2017,"Playoff","National Treasures","Teammates Quads Green","Gray Gaulding/Corey LaJoie","Dr Pepper | BK Racing | Toyota/Dustless Blasting | BK Racing | Toyota","Driver/Driver",2,5
"Racing",2017,"Playoff","National Treasures","Teammates Quads Green","Brad Keselowski/Joey Logano","Miller Lite | Team Penske | Ford/Shell-Pennzoil | Team Penske | Ford","Driver/Driver",3,5
"Racing",2017,"Playoff","National Treasures","Teammates Quads Green","Dale Earnhardt Jr/Jimmie Johnson","Nationwide | Hendrick Motorsports | Chevrolet/Lowe's | Hendrick Motorsports | Chevrolet","Driver/Driver",4,5
"Racing",2017,"Playoff","National Treasures","Teammates Quads Green","Kevin Harvick/Danica Patrick","Jimmy John's | Stewart-Haas Racing | Ford/Aspen Dental | Stewart-Haas Racing | Ford","Driver/Driver",5,5
"Racing",2017,"Playoff","National Treasures","Teammates Quads Green","Kurt Busch/Clint Bowyer","Haas Automation | Stewart-Haas Racing | Ford/Haas Automation | Stewart-Haas Racing | Ford","Driver/Driver",6,5
"Racing",2017,"Playoff","National Treasures","Teammates Quads Green","Kyle Busch/Denny Hamlin","M&M's | Joe Gibbs Racing | Toyota/FedEx Express | Joe Gibbs Racing | Toyota","Driver/Driver",7,5
"Racing",2017,"Playoff","National Treasures","Teammates Quads Green","Chase Elliott/Kasey Kahne","NAPA Auto Parts | Hendrick Motorsports | Chevrolet/Farmers Insurance | Hendrick Motorsports | Chevrolet","Driver/Driver",8,5
"Racing",2017,"Playoff","National Treasures","Teammates Quads Green","Kyle Larson/Jamie McMurray","Target | Chip Ganassi Racing | Chevrolet/McDonald's | Chip Ganassi Racing | Chevrolet","Driver/Driver",9,5
"Racing",2017,"Playoff","National Treasures","Teammates Quads Green","Austin Dillon/Ryan Newman","Dow Chemical | Richard Childress Racing | Chevrolet/Caterpillar | Richard Childress Racing | Chevrolet","Driver/Driver",10,5
"Racing",2017,"Playoff","National Treasures","Teammates Quads Holo Gold","Erik Jones/Martin Truex Jr.","5-Hour Energy | Furniture Row Racing | Toyota/Bass Pro Shops-TRACKER Boats | Furniture Row Racing | Toyota","Driver/Driver",1,10
"Racing",2017,"Playoff","National Treasures","Teammates Quads Holo Gold","Gray Gaulding/Corey LaJoie","Dr Pepper | BK Racing | Toyota/Dustless Blasting | BK Racing | Toyota","Driver/Driver",2,10
"Racing",2017,"Playoff","National Treasures","Teammates Quads Holo Gold","Brad Keselowski/Joey Logano","Miller Lite | Team Penske | Ford/Shell-Pennzoil | Team Penske | Ford","Driver/Driver",3,10
"Racing",2017,"Playoff","National Treasures","Teammates Quads Holo Gold","Dale Earnhardt Jr/Jimmie Johnson","Nationwide | Hendrick Motorsports | Chevrolet/Lowe's | Hendrick Motorsports | Chevrolet","Driver/Driver",4,10
"Racing",2017,"Playoff","National Treasures","Teammates Quads Holo Gold","Kevin Harvick/Danica Patrick","Jimmy John's | Stewart-Haas Racing | Ford/Aspen Dental | Stewart-Haas Racing | Ford","Driver/Driver",5,10
"Racing",2017,"Playoff","National Treasures","Teammates Quads Holo Gold","Kurt Busch/Clint Bowyer","Haas Automation | Stewart-Haas Racing | Ford/Haas Automation | Stewart-Haas Racing | Ford","Driver/Driver",6,10
"Racing",2017,"Playoff","National Treasures","Teammates Quads Holo Gold","Kyle Busch/Denny Hamlin","M&M's | Joe Gibbs Racing | Toyota/FedEx Express | Joe Gibbs Racing | Toyota","Driver/Driver",7,10
"Racing",2017,"Playoff","National Treasures","Teammates Quads Holo Gold","Kasey Kahne/Chase Elliott","Farmers Insurance | Hendrick Motorsports | Chevrolet/NAPA Auto Parts | Hendrick Motorsports | Chevrolet","Driver/Driver",8,10
"Racing",2017,"Playoff","National Treasures","Teammates Quads Holo Gold","Jamie McMurray/Kyle Larson","McDonald's | Chip Ganassi Racing | Chevrolet/Target | Chip Ganassi Racing | Chevrolet","Driver/Driver",9,10
"Racing",2017,"Playoff","National Treasures","Teammates Quads Holo Gold","Austin Dillon/Ryan Newman","Dow Chemical | Richard Childress Racing | Chevrolet/Caterpillar | Richard Childress Racing | Chevrolet","Driver/Driver",10,10
"Racing",2017,"Playoff","National Treasures","Teammates Quads Holo Silver","Martin Truex Jr./Erik Jones","Bass Pro Shops-TRACKER Boats | Furniture Row Racing | Toyota/5-Hour Energy | Furniture Row Racing | Toyota","Driver/Driver",1,20
"Racing",2017,"Playoff","National Treasures","Teammates Quads Holo Silver","Gray Gaulding/Corey LaJoie","Dr Pepper | BK Racing | Toyota/Dustless Blasting | BK Racing | Toyota","Driver/Driver",2,20
"Racing",2017,"Playoff","National Treasures","Teammates Quads Holo Silver","Joey Logano/Brad Keselowski","Shell-Pennzoil | Team Penske | Ford/Miller Lite | Team Penske | Ford","Driver/Driver",3,20
"Racing",2017,"Playoff","National Treasures","Teammates Quads Holo Silver","Dale Earnhardt Jr/Jimmie Johnson","Nationwide | Hendrick Motorsports | Chevrolet/Lowe's | Hendrick Motorsports | Chevrolet","Driver/Driver",4,20
"Racing",2017,"Playoff","National Treasures","Teammates Quads Holo Silver","Kevin Harvick/Danica Patrick","Jimmy John's | Stewart-Haas Racing | Ford/Aspen Dental | Stewart-Haas Racing | Ford","Driver/Driver",5,20
"Racing",2017,"Playoff","National Treasures","Teammates Quads Holo Silver","Kurt Busch/Clint Bowyer","Haas Automation | Stewart-Haas Racing | Ford/Haas Automation | Stewart-Haas Racing | Ford","Driver/Driver",6,20
"Racing",2017,"Playoff","National Treasures","Teammates Quads Holo Silver","Kyle Busch/Denny Hamlin","M&M's | Joe Gibbs Racing | Toyota/FedEx Express | Joe Gibbs Racing | Toyota","Driver/Driver",7,20
"Racing",2017,"Playoff","National Treasures","Teammates Quads Holo Silver","Kasey Kahne/Chase Elliott","Farmers Insurance | Hendrick Motorsports | Chevrolet/NAPA Auto Parts | Hendrick Motorsports | Chevrolet","Driver/Driver",8,20
"Racing",2017,"Playoff","National Treasures","Teammates Quads Holo Silver","Kyle Larson/Jamie McMurray","Target | Chip Ganassi Racing | Chevrolet/McDonald's | Chip Ganassi Racing | Chevrolet","Driver/Driver",9,20
"Racing",2017,"Playoff","National Treasures","Teammates Quads Holo Silver","Austin Dillon/Ryan Newman","Dow Chemical | Richard Childress Racing | Chevrolet/Caterpillar | Richard Childress Racing | Chevrolet","Driver/Driver",10,20
"Racing",2017,"Playoff","National Treasures","Teammates Quads Laundry Tags","Erik Jones/Martin Truex Jr.","5-Hour Energy | Furniture Row Racing | Toyota/Bass Pro Shops-TRACKER Boats | Furniture Row Racing | Toyota","Driver/Driver",1,1
"Racing",2017,"Playoff","National Treasures","Teammates Quads Laundry Tags","Gray Gaulding/Corey LaJoie","Dr Pepper | BK Racing | Toyota/Dustless Blasting | BK Racing | Toyota","Driver/Driver",2,1
"Racing",2017,"Playoff","National Treasures","Teammates Quads Laundry Tags","Joey Logano/Brad Keselowski","Shell-Pennzoil | Team Penske | Ford/Miller Lite | Team Penske | Ford","Driver/Driver",3,1
"Racing",2017,"Playoff","National Treasures","Teammates Quads Laundry Tags","Jimmie Johnson/Dale Earnhardt Jr","Lowe's | Hendrick Motorsports | Chevrolet/Nationwide | Hendrick Motorsports | Chevrolet","Driver/Driver",4,1
"Racing",2017,"Playoff","National Treasures","Teammates Quads Laundry Tags","Danica Patrick/Kevin Harvick","Aspen Dental | Stewart-Haas Racing | Ford/Jimmy John's | Stewart-Haas Racing | Ford","Driver/Driver",5,1
"Racing",2017,"Playoff","National Treasures","Teammates Quads Laundry Tags","Kurt Busch/Clint Bowyer","Haas Automation | Stewart-Haas Racing | Ford/Haas Automation | Stewart-Haas Racing | Ford","Driver/Driver",6,1
"Racing",2017,"Playoff","National Treasures","Teammates Quads Laundry Tags","Kyle Busch/Denny Hamlin","M&M's | Joe Gibbs Racing | Toyota/FedEx Express | Joe Gibbs Racing | Toyota","Driver/Driver",7,1
"Racing",2017,"Playoff","National Treasures","Teammates Quads Laundry Tags","Kyle Larson/Jamie McMurray","Target | Chip Ganassi Racing | Chevrolet/McDonald's | Chip Ganassi Racing | Chevrolet","Driver/Driver",9,1
"Racing",2017,"Playoff","National Treasures","Teammates Quads Printing Plates Black","Erik Jones/Martin Truex Jr.","5-Hour Energy | Furniture Row Racing | Toyota/Bass Pro Shops-TRACKER Boats | Furniture Row Racing | Toyota","Driver/Driver",1,1
"Racing",2017,"Playoff","National Treasures","Teammates Quads Printing Plates Black","Gray Gaulding/Corey LaJoie","Dr Pepper | BK Racing | Toyota/Dustless Blasting | BK Racing | Toyota","Driver/Driver",2,1
"Racing",2017,"Playoff","National Treasures","Teammates Quads Printing Plates Black","Joey Logano/Brad Keselowski","Shell-Pennzoil | Team Penske | Ford/Miller Lite | Team Penske | Ford","Driver/Driver",3,1
"Racing",2017,"Playoff","National Treasures","Teammates Quads Printing Plates Black","Jimmie Johnson/Dale Earnhardt Jr","Lowe's | Hendrick Motorsports | Chevrolet/Nationwide | Hendrick Motorsports | Chevrolet","Driver/Driver",4,1
"Racing",2017,"Playoff","National Treasures","Teammates Quads Printing Plates Black","Danica Patrick/Kevin Harvick","Aspen Dental | Stewart-Haas Racing | Ford/Jimmy John's | Stewart-Haas Racing | Ford","Driver/Driver",5,1
"Racing",2017,"Playoff","National Treasures","Teammates Quads Printing Plates Black","Clint Bowyer/Kurt Busch","Haas Automation | Stewart-Haas Racing | Ford/Haas Automation | Stewart-Haas Racing | Ford","Driver/Driver",6,1
"Racing",2017,"Playoff","National Treasures","Teammates Quads Printing Plates Black","Kyle Busch/Denny Hamlin","M&M's | Joe Gibbs Racing | Toyota/FedEx Express | Joe Gibbs Racing | Toyota","Driver/Driver",7,1
"Racing",2017,"Playoff","National Treasures","Teammates Quads Printing Plates Black","Kasey Kahne/Chase Elliott","Farmers Insurance | Hendrick Motorsports | Chevrolet/NAPA Auto Parts | Hendrick Motorsports | Chevrolet","Driver/Driver",8,1
"Racing",2017,"Playoff","National Treasures","Teammates Quads Printing Plates Black","Kyle Larson/Jamie McMurray","Target | Chip Ganassi Racing | Chevrolet/McDonald's | Chip Ganassi Racing | Chevrolet","Driver/Driver",9,1
"Racing",2017,"Playoff","National Treasures","Teammates Quads Printing Plates Black","Ryan Newman/Austin Dillon","Caterpillar | Richard Childress Racing | Chevrolet/Dow Chemical | Richard Childress Racing | Chevrolet","Driver/Driver",10,1
"Racing",2017,"Playoff","National Treasures","Teammates Quads Printing Plates Cyan","Martin Truex Jr./Erik Jones","Bass Pro Shops-TRACKER Boats | Furniture Row Racing | Toyota/5-Hour Energy | Furniture Row Racing | Toyota","Driver/Driver",1,1
"Racing",2017,"Playoff","National Treasures","Teammates Quads Printing Plates Cyan","Corey LaJoie/Gray Gaulding","Dustless Blasting | BK Racing | Toyota/Dr Pepper | BK Racing | Toyota","Driver/Driver",2,1
"Racing",2017,"Playoff","National Treasures","Teammates Quads Printing Plates Cyan","Brad Keselowski/Joey Logano","Miller Lite | Team Penske | Ford/Shell-Pennzoil | Team Penske | Ford","Driver/Driver",3,1
"Racing",2017,"Playoff","National Treasures","Teammates Quads Printing Plates Cyan","Jimmie Johnson/Dale Earnhardt Jr","Lowe's | Hendrick Motorsports | Chevrolet/Nationwide | Hendrick Motorsports | Chevrolet","Driver/Driver",4,1
"Racing",2017,"Playoff","National Treasures","Teammates Quads Printing Plates Cyan","Danica Patrick/Kevin Harvick","Aspen Dental | Stewart-Haas Racing | Ford/Jimmy John's | Stewart-Haas Racing | Ford","Driver/Driver",5,1
"Racing",2017,"Playoff","National Treasures","Teammates Quads Printing Plates Cyan","Clint Bowyer/Kurt Busch","Haas Automation | Stewart-Haas Racing | Ford/Haas Automation | Stewart-Haas Racing | Ford","Driver/Driver",6,1
"Racing",2017,"Playoff","National Treasures","Teammates Quads Printing Plates Cyan","Denny Hamlin/Kyle Busch","FedEx Express | Joe Gibbs Racing | Toyota/M&M's | Joe Gibbs Racing | Toyota","Driver/Driver",7,1
"Racing",2017,"Playoff","National Treasures","Teammates Quads Printing Plates Cyan","Kasey Kahne/Chase Elliott","Farmers Insurance | Hendrick Motorsports | Chevrolet/NAPA Auto Parts | Hendrick Motorsports | Chevrolet","Driver/Driver",8,1
"Racing",2017,"Playoff","National Treasures","Teammates Quads Printing Plates Cyan","Kyle Larson/Jamie McMurray","Target | Chip Ganassi Racing | Chevrolet/McDonald's | Chip Ganassi Racing | Chevrolet","Driver/Driver",9,1
"Racing",2017,"Playoff","National Treasures","Teammates Quads Printing Plates Cyan","Ryan Newman/Austin Dillon","Caterpillar | Richard Childress Racing | Chevrolet/Dow Chemical | Richard Childress Racing | Chevrolet","Driver/Driver",10,1
"Racing",2017,"Playoff","National Treasures","Teammates Quads Printing Plates Magenta","Martin Truex Jr./Erik Jones","Bass Pro Shops-TRACKER Boats | Furniture Row Racing | Toyota/5-Hour Energy | Furniture Row Racing | Toyota","Driver/Driver",1,1
"Racing",2017,"Playoff","National Treasures","Teammates Quads Printing Plates Magenta","Corey LaJoie/Gray Gaulding","Dustless Blasting | BK Racing | Toyota/Dr Pepper | BK Racing | Toyota","Driver/Driver",2,1
"Racing",2017,"Playoff","National Treasures","Teammates Quads Printing Plates Magenta","Brad Keselowski/Joey Logano","Miller Lite | Team Penske | Ford/Shell-Pennzoil | Team Penske | Ford","Driver/Driver",3,1
"Racing",2017,"Playoff","National Treasures","Teammates Quads Printing Plates Magenta","Jimmie Johnson/Dale Earnhardt Jr","Lowe's | Hendrick Motorsports | Chevrolet/Nationwide | Hendrick Motorsports | Chevrolet","Driver/Driver",4,1
"Racing",2017,"Playoff","National Treasures","Teammates Quads Printing Plates Magenta","Danica Patrick/Kevin Harvick","Aspen Dental | Stewart-Haas Racing | Ford/Jimmy John's | Stewart-Haas Racing | Ford","Driver/Driver",5,1
"Racing",2017,"Playoff","National Treasures","Teammates Quads Printing Plates Magenta","Clint Bowyer/Kurt Busch","Haas Automation | Stewart-Haas Racing | Ford/Haas Automation | Stewart-Haas Racing | Ford","Driver/Driver",6,1
"Racing",2017,"Playoff","National Treasures","Teammates Quads Printing Plates Magenta","Denny Hamlin/Kyle Busch","FedEx Express | Joe Gibbs Racing | Toyota/M&M's | Joe Gibbs Racing | Toyota","Driver/Driver",7,1
"Racing",2017,"Playoff","National Treasures","Teammates Quads Printing Plates Magenta","Kasey Kahne/Chase Elliott","Farmers Insurance | Hendrick Motorsports | Chevrolet/NAPA Auto Parts | Hendrick Motorsports | Chevrolet","Driver/Driver",8,1
"Racing",2017,"Playoff","National Treasures","Teammates Quads Printing Plates Magenta","Kyle Larson/Jamie McMurray","Target | Chip Ganassi Racing | Chevrolet/McDonald's | Chip Ganassi Racing | Chevrolet","Driver/Driver",9,1
"Racing",2017,"Playoff","National Treasures","Teammates Quads Printing Plates Magenta","Austin Dillon/Ryan Newman","Dow Chemical | Richard Childress Racing | Chevrolet/Caterpillar | Richard Childress Racing | Chevrolet","Driver/Driver",10,1
"Racing",2017,"Playoff","National Treasures","Teammates Quads Printing Plates Yellow","Martin Truex Jr./Erik Jones","Bass Pro Shops-TRACKER Boats | Furniture Row Racing | Toyota/5-Hour Energy | Furniture Row Racing | Toyota","Driver/Driver",1,1
"Racing",2017,"Playoff","National Treasures","Teammates Quads Printing Plates Yellow","Corey LaJoie/Gray Gaulding","Dustless Blasting | BK Racing | Toyota/Dr Pepper | BK Racing | Toyota","Driver/Driver",2,1
"Racing",2017,"Playoff","National Treasures","Teammates Quads Printing Plates Yellow","Brad Keselowski/Joey Logano","Miller Lite | Team Penske | Ford/Shell-Pennzoil | Team Penske | Ford","Driver/Driver",3,1
"Racing",2017,"Playoff","National Treasures","Teammates Quads Printing Plates Yellow","Dale Earnhardt Jr/Jimmie Johnson","Nationwide | Hendrick Motorsports | Chevrolet/Lowe's | Hendrick Motorsports | Chevrolet","Driver/Driver",4,1
"Racing",2017,"Playoff","National Treasures","Teammates Quads Printing Plates Yellow","Danica Patrick/Kevin Harvick","Aspen Dental | Stewart-Haas Racing | Ford/Jimmy John's | Stewart-Haas Racing | Ford","Driver/Driver",5,1
"Racing",2017,"Playoff","National Treasures","Teammates Quads Printing Plates Yellow","Clint Bowyer/Kurt Busch","Haas Automation | Stewart-Haas Racing | Ford/Haas Automation | Stewart-Haas Racing | Ford","Driver/Driver",6,1
"Racing",2017,"Playoff","National Treasures","Teammates Quads Printing Plates Yellow","Kyle Busch/Denny Hamlin","M&M's | Joe Gibbs Racing | Toyota/FedEx Express | Joe Gibbs Racing | Toyota","Driver/Driver",7,1
"Racing",2017,"Playoff","National Treasures","Teammates Quads Printing Plates Yellow","Kasey Kahne/Chase Elliott","Farmers Insurance | Hendrick Motorsports | Chevrolet/NAPA Auto Parts | Hendrick Motorsports | Chevrolet","Driver/Driver",8,1
"Racing",2017,"Playoff","National Treasures","Teammates Quads Printing Plates Yellow","Kyle Larson/Jamie McMurray","Target | Chip Ganassi Racing | Chevrolet/McDonald's | Chip Ganassi Racing | Chevrolet","Driver/Driver",9,1
"Racing",2017,"Playoff","National Treasures","Teammates Quads Printing Plates Yellow","Ryan Newman/Austin Dillon","Caterpillar | Richard Childress Racing | Chevrolet/Dow Chemical | Richard Childress Racing | Chevrolet","Driver/Driver",10,1
"Racing",2017,"Playoff","National Treasures","Teammates Trios","Dale Earnhardt Jr/Chase Elliott/Jimmie Johnson","Nationwide | Hendrick Motorsports | Chevrolet/NAPA Auto Parts | Hendrick Motorsports | Chevrolet/Lowe's | Hendrick Motorsports | Chevrolet","Driver/Driver/Driver",1,25
"Racing",2017,"Playoff","National Treasures","Teammates Trios","Clint Bowyer/Kevin Harvick/Danica Patrick","Haas Automation | Stewart-Haas Racing | Ford/Jimmy John's | Stewart-Haas Racing | Ford/Aspen Dental | Stewart-Haas Racing | Ford","Driver/Driver/Driver",2,25
"Racing",2017,"Playoff","National Treasures","Teammates Trios","Matt Kenseth/Kyle Busch/Denny Hamlin","DeWalt | Joe Gibbs Racing | Toyota/M&M's | Joe Gibbs Racing | Toyota/FedEx Express | Joe Gibbs Racing | Toyota","Driver/Driver/Driver",3,25
"Racing",2017,"Playoff","National Treasures","Teammates Trios","Paul Menard/Ryan Newman/Austin Dillon","Menards | Richard Childress Racing | Chevrolet/Caterpillar | Richard Childress Racing | Chevrolet/Dow Chemical | Richard Childress Racing | Chevrolet","Driver/Driver/Driver",4,25
"Racing",2017,"Playoff","National Treasures","Teammates Trios","Kasey Kahne/Dale Earnhardt Jr/Chase Elliott","Farmers Insurance | Hendrick Motorsports | Chevrolet/Nationwide | Hendrick Motorsports | Chevrolet/NAPA Auto Parts | Hendrick Motorsports | Chevrolet","Driver/Driver/Driver",5,25
"Racing",2017,"Playoff","National Treasures","Teammates Trios Black","Dale Earnhardt Jr/Chase Elliott/Jimmie Johnson","Nationwide | Hendrick Motorsports | Chevrolet/NAPA Auto Parts | Hendrick Motorsports | Chevrolet/Lowe's | Hendrick Motorsports | Chevrolet","Driver/Driver/Driver",1,1
"Racing",2017,"Playoff","National Treasures","Teammates Trios Black","Kevin Harvick/Danica Patrick/Clint Bowyer","Jimmy John's | Stewart-Haas Racing | Ford/Aspen Dental | Stewart-Haas Racing | Ford/Haas Automation | Stewart-Haas Racing | Ford","Driver/Driver/Driver",2,1
"Racing",2017,"Playoff","National Treasures","Teammates Trios Black","Matt Kenseth/Kyle Busch/Denny Hamlin","DeWalt | Joe Gibbs Racing | Toyota/M&M's | Joe Gibbs Racing | Toyota/FedEx Express | Joe Gibbs Racing | Toyota","Driver/Driver/Driver",3,1
"Racing",2017,"Playoff","National Treasures","Teammates Trios Black","Austin Dillon/Ryan Newman/Paul Menard","Dow Chemical | Richard Childress Racing | Chevrolet/Caterpillar | Richard Childress Racing | Chevrolet/Menards | Richard Childress Racing | Chevrolet","Driver/Driver/Driver",4,1
"Racing",2017,"Playoff","National Treasures","Teammates Trios Black","Kasey Kahne/Dale Earnhardt Jr/Chase Elliott","Farmers Insurance | Hendrick Motorsports | Chevrolet/Nationwide | Hendrick Motorsports | Chevrolet/NAPA Auto Parts | Hendrick Motorsports | Chevrolet","Driver/Driver/Driver",5,1
"Racing",2017,"Playoff","National Treasures","Teammates Trios Gold","Dale Earnhardt Jr/Chase Elliott/Jimmie Johnson","Nationwide | Hendrick Motorsports | Chevrolet/NAPA Auto Parts | Hendrick Motorsports | Chevrolet/Lowe's | Hendrick Motorsports | Chevrolet","Driver/Driver/Driver",1,15
"Racing",2017,"Playoff","National Treasures","Teammates Trios Gold","Danica Patrick/Clint Bowyer/Kevin Harvick","Aspen Dental | Stewart-Haas Racing | Ford/Haas Automation | Stewart-Haas Racing | Ford/Jimmy John's | Stewart-Haas Racing | Ford","Driver/Driver/Driver",2,15
"Racing",2017,"Playoff","National Treasures","Teammates Trios Gold","Kyle Busch/Denny Hamlin/Matt Kenseth","M&M's | Joe Gibbs Racing | Toyota/FedEx Express | Joe Gibbs Racing | Toyota/DeWalt | Joe Gibbs Racing | Toyota","Driver/Driver/Driver",3,15
"Racing",2017,"Playoff","National Treasures","Teammates Trios Gold","Paul Menard/Ryan Newman/Austin Dillon","Menards | Richard Childress Racing | Chevrolet/Caterpillar | Richard Childress Racing | Chevrolet/Dow Chemical | Richard Childress Racing | Chevrolet","Driver/Driver/Driver",4,15
"Racing",2017,"Playoff","National Treasures","Teammates Trios Gold","Chase Elliott/Kasey Kahne/Dale Earnhardt Jr","NAPA Auto Parts | Hendrick Motorsports | Chevrolet/Farmers Insurance | Hendrick Motorsports | Chevrolet/Nationwide | Hendrick Motorsports | Chevrolet","Driver/Driver/Driver",5,15
"Racing",2017,"Playoff","National Treasures","Teammates Trios Green","Chase Elliott/Jimmie Johnson/Dale Earnhardt Jr","NAPA Auto Parts | Hendrick Motorsports | Chevrolet/Lowe's | Hendrick Motorsports | Chevrolet/Nationwide | Hendrick Motorsports | Chevrolet","Driver/Driver/Driver",1,5
"Racing",2017,"Playoff","National Treasures","Teammates Trios Green","Clint Bowyer/Kevin Harvick/Danica Patrick","Haas Automation | Stewart-Haas Racing | Ford/Jimmy John's | Stewart-Haas Racing | Ford/Aspen Dental | Stewart-Haas Racing | Ford","Driver/Driver/Driver",2,5
"Racing",2017,"Playoff","National Treasures","Teammates Trios Green","Matt Kenseth/Kyle Busch/Denny Hamlin","DeWalt | Joe Gibbs Racing | Toyota/M&M's | Joe Gibbs Racing | Toyota/FedEx Express | Joe Gibbs Racing | Toyota","Driver/Driver/Driver",3,5
"Racing",2017,"Playoff","National Treasures","Teammates Trios Green","Ryan Newman/Austin Dillon/Paul Menard","Caterpillar | Richard Childress Racing | Chevrolet/Dow Chemical | Richard Childress Racing | Chevrolet/Menards | Richard Childress Racing | Chevrolet","Driver/Driver/Driver",4,5
"Racing",2017,"Playoff","National Treasures","Teammates Trios Green","Kasey Kahne/Dale Earnhardt Jr/Chase Elliott","Farmers Insurance | Hendrick Motorsports | Chevrolet/Nationwide | Hendrick Motorsports | Chevrolet/NAPA Auto Parts | Hendrick Motorsports | Chevrolet","Driver/Driver/Driver",5,5
"Racing",2017,"Playoff","National Treasures","Teammates Trios Holo Gold","Chase Elliott/Jimmie Johnson/Dale Earnhardt Jr","NAPA Auto Parts | Hendrick Motorsports | Chevrolet/Lowe's | Hendrick Motorsports | Chevrolet/Nationwide | Hendrick Motorsports | Chevrolet","Driver/Driver/Driver",1,10
"Racing",2017,"Playoff","National Treasures","Teammates Trios Holo Gold","Danica Patrick/Clint Bowyer/Kevin Harvick","Aspen Dental | Stewart-Haas Racing | Ford/Haas Automation | Stewart-Haas Racing | Ford/Jimmy John's | Stewart-Haas Racing | Ford","Driver/Driver/Driver",2,10
"Racing",2017,"Playoff","National Treasures","Teammates Trios Holo Gold","Denny Hamlin/Kyle Busch/Matt Kenseth","FedEx Express | Joe Gibbs Racing | Toyota/M&M's | Joe Gibbs Racing | Toyota/DeWalt | Joe Gibbs Racing | Toyota","Driver/Driver/Driver",3,10
"Racing",2017,"Playoff","National Treasures","Teammates Trios Holo Gold","Austin Dillon/Paul Menard/Ryan Newman","Dow Chemical | Richard Childress Racing | Chevrolet/Menards | Richard Childress Racing | Chevrolet/Caterpillar | Richard Childress Racing | Chevrolet","Driver/Driver/Driver",4,10
"Racing",2017,"Playoff","National Treasures","Teammates Trios Holo Gold","Chase Elliott/Kasey Kahne/Dale Earnhardt Jr","NAPA Auto Parts | Hendrick Motorsports | Chevrolet/Farmers Insurance | Hendrick Motorsports | Chevrolet/Nationwide | Hendrick Motorsports | Chevrolet","Driver/Driver/Driver",5,10
"Racing",2017,"Playoff","National Treasures","Teammates Trios Holo Silver","Dale Earnhardt Jr/Chase Elliott/Jimmie Johnson","Nationwide | Hendrick Motorsports | Chevrolet/NAPA Auto Parts | Hendrick Motorsports | Chevrolet/Lowe's | Hendrick Motorsports | Chevrolet","Driver/Driver/Driver",1,20
"Racing",2017,"Playoff","National Treasures","Teammates Trios Holo Silver","Clint Bowyer/Kevin Harvick/Danica Patrick","Haas Automation | Stewart-Haas Racing | Ford/Jimmy John's | Stewart-Haas Racing | Ford/Aspen Dental | Stewart-Haas Racing | Ford","Driver/Driver/Driver",2,20
"Racing",2017,"Playoff","National Treasures","Teammates Trios Holo Silver","Matt Kenseth/Kyle Busch/Denny Hamlin","DeWalt | Joe Gibbs Racing | Toyota/M&M's | Joe Gibbs Racing | Toyota/FedEx Express | Joe Gibbs Racing | Toyota","Driver/Driver/Driver",3,20
"Racing",2017,"Playoff","National Treasures","Teammates Trios Holo Silver","Ryan Newman/Austin Dillon/Paul Menard","Caterpillar | Richard Childress Racing | Chevrolet/Dow Chemical | Richard Childress Racing | Chevrolet/Menards | Richard Childress Racing | Chevrolet","Driver/Driver/Driver",4,20
"Racing",2017,"Playoff","National Treasures","Teammates Trios Holo Silver","Kasey Kahne/Dale Earnhardt Jr/Chase Elliott","Farmers Insurance | Hendrick Motorsports | Chevrolet/Nationwide | Hendrick Motorsports | Chevrolet/NAPA Auto Parts | Hendrick Motorsports | Chevrolet","Driver/Driver/Driver",5,20
"Racing",2017,"Playoff","National Treasures","Teammates Trios Laundry Tags","Chase Elliott/Jimmie Johnson/Dale Earnhardt Jr","NAPA Auto Parts | Hendrick Motorsports | Chevrolet/Lowe's | Hendrick Motorsports | Chevrolet/Nationwide | Hendrick Motorsports | Chevrolet","Driver/Driver/Driver",1,1
"Racing",2017,"Playoff","National Treasures","Teammates Trios Laundry Tags","Kevin Harvick/Danica Patrick/Clint Bowyer","Jimmy John's | Stewart-Haas Racing | Ford/Aspen Dental | Stewart-Haas Racing | Ford/Haas Automation | Stewart-Haas Racing | Ford","Driver/Driver/Driver",2,1
"Racing",2017,"Playoff","National Treasures","Teammates Trios Laundry Tags","Matt Kenseth/Kyle Busch/Denny Hamlin","DeWalt | Joe Gibbs Racing | Toyota/M&M's | Joe Gibbs Racing | Toyota/FedEx Express | Joe Gibbs Racing | Toyota","Driver/Driver/Driver",3,1
"Racing",2017,"Playoff","National Treasures","Teammates Trios Printing Plates Black","Dale Earnhardt Jr/Chase Elliott/Jimmie Johnson","Nationwide | Hendrick Motorsports | Chevrolet/NAPA Auto Parts | Hendrick Motorsports | Chevrolet/Lowe's | Hendrick Motorsports | Chevrolet","Driver/Driver/Driver",1,1
"Racing",2017,"Playoff","National Treasures","Teammates Trios Printing Plates Black","Kevin Harvick/Danica Patrick/Clint Bowyer","Jimmy John's | Stewart-Haas Racing | Ford/Aspen Dental | Stewart-Haas Racing | Ford/Haas Automation | Stewart-Haas Racing | Ford","Driver/Driver/Driver",2,1
"Racing",2017,"Playoff","National Treasures","Teammates Trios Printing Plates Black","Kyle Busch/Denny Hamlin/Matt Kenseth","M&M's | Joe Gibbs Racing | Toyota/FedEx Express | Joe Gibbs Racing | Toyota/DeWalt | Joe Gibbs Racing | Toyota","Driver/Driver/Driver",3,1
"Racing",2017,"Playoff","National Treasures","Teammates Trios Printing Plates Black","Paul Menard/Ryan Newman/Austin Dillon","Menards | Richard Childress Racing | Chevrolet/Caterpillar | Richard Childress Racing | Chevrolet/Dow Chemical | Richard Childress Racing | Chevrolet","Driver/Driver/Driver",4,1
"Racing",2017,"Playoff","National Treasures","Teammates Trios Printing Plates Black","Kasey Kahne/Dale Earnhardt Jr/Chase Elliott","Farmers Insurance | Hendrick Motorsports | Chevrolet/Nationwide | Hendrick Motorsports | Chevrolet/NAPA Auto Parts | Hendrick Motorsports | Chevrolet","Driver/Driver/Driver",5,1
"Racing",2017,"Playoff","National Treasures","Teammates Trios Printing Plates Cyan","Chase Elliott/Jimmie Johnson/Dale Earnhardt Jr","NAPA Auto Parts | Hendrick Motorsports | Chevrolet/Lowe's | Hendrick Motorsports | Chevrolet/Nationwide | Hendrick Motorsports | Chevrolet","Driver/Driver/Driver",1,1
"Racing",2017,"Playoff","National Treasures","Teammates Trios Printing Plates Cyan","Danica Patrick/Clint Bowyer/Kevin Harvick","Aspen Dental | Stewart-Haas Racing | Ford/Haas Automation | Stewart-Haas Racing | Ford/Jimmy John's | Stewart-Haas Racing | Ford","Driver/Driver/Driver",2,1
"Racing",2017,"Playoff","National Treasures","Teammates Trios Printing Plates Cyan","Denny Hamlin/Matt Kenseth/Kyle Busch","FedEx Express | Joe Gibbs Racing | Toyota/DeWalt | Joe Gibbs Racing | Toyota/M&M's | Joe Gibbs Racing | Toyota","Driver/Driver/Driver",3,1
"Racing",2017,"Playoff","National Treasures","Teammates Trios Printing Plates Cyan","Austin Dillon/Paul Menard/Ryan Newman","Dow Chemical | Richard Childress Racing | Chevrolet/Menards | Richard Childress Racing | Chevrolet/Caterpillar | Richard Childress Racing | Chevrolet","Driver/Driver/Driver",4,1
"Racing",2017,"Playoff","National Treasures","Teammates Trios Printing Plates Cyan","Chase Elliott/Dale Earnhardt Jr/Kasey Kahne","NAPA Auto Parts | Hendrick Motorsports | Chevrolet/Nationwide | Hendrick Motorsports | Chevrolet/Farmers Insurance | Hendrick Motorsports | Chevrolet","Driver/Driver/Driver",5,1
"Racing",2017,"Playoff","National Treasures","Teammates Trios Printing Plates Magenta","Chase Elliott/Jimmie Johnson/Dale Earnhardt Jr","NAPA Auto Parts | Hendrick Motorsports | Chevrolet/Lowe's | Hendrick Motorsports | Chevrolet/Nationwide | Hendrick Motorsports | Chevrolet","Driver/Driver/Driver",1,1
"Racing",2017,"Playoff","National Treasures","Teammates Trios Printing Plates Magenta","Danica Patrick/Clint Bowyer/Kevin Harvick","Aspen Dental | Stewart-Haas Racing | Ford/Haas Automation | Stewart-Haas Racing | Ford/Jimmy John's | Stewart-Haas Racing | Ford","Driver/Driver/Driver",2,1
"Racing",2017,"Playoff","National Treasures","Teammates Trios Printing Plates Magenta","Matt Kenseth/Kyle Busch/Denny Hamlin","DeWalt | Joe Gibbs Racing | Toyota/M&M's | Joe Gibbs Racing | Toyota/FedEx Express | Joe Gibbs Racing | Toyota","Driver/Driver/Driver",3,1
"Racing",2017,"Playoff","National Treasures","Teammates Trios Printing Plates Magenta","Paul Menard/Ryan Newman/Austin Dillon","Menards | Richard Childress Racing | Chevrolet/Caterpillar | Richard Childress Racing | Chevrolet/Dow Chemical | Richard Childress Racing | Chevrolet","Driver/Driver/Driver",4,1
"Racing",2017,"Playoff","National Treasures","Teammates Trios Printing Plates Magenta","Kasey Kahne/Dale Earnhardt Jr/Chase Elliott","Farmers Insurance | Hendrick Motorsports | Chevrolet/Nationwide | Hendrick Motorsports | Chevrolet/NAPA Auto Parts | Hendrick Motorsports | Chevrolet","Driver/Driver/Driver",5,1
"Racing",2017,"Playoff","National Treasures","Teammates Trios Printing Plates Yellow","Dale Earnhardt Jr/Chase Elliott/Jimmie Johnson","Nationwide | Hendrick Motorsports | Chevrolet/NAPA Auto Parts | Hendrick Motorsports | Chevrolet/Lowe's | Hendrick Motorsports | Chevrolet","Driver/Driver/Driver",1,1
"Racing",2017,"Playoff","National Treasures","Teammates Trios Printing Plates Yellow","Clint Bowyer/Kevin Harvick/Danica Patrick","Haas Automation | Stewart-Haas Racing | Ford/Jimmy John's | Stewart-Haas Racing | Ford/Aspen Dental | Stewart-Haas Racing | Ford","Driver/Driver/Driver",2,1
"Racing",2017,"Playoff","National Treasures","Teammates Trios Printing Plates Yellow","Kyle Busch/Denny Hamlin/Matt Kenseth","M&M's | Joe Gibbs Racing | Toyota/FedEx Express | Joe Gibbs Racing | Toyota/DeWalt | Joe Gibbs Racing | Toyota","Driver/Driver/Driver",3,1
"Racing",2017,"Playoff","National Treasures","Teammates Trios Printing Plates Yellow","Paul Menard/Ryan Newman/Austin Dillon","Menards | Richard Childress Racing | Chevrolet/Caterpillar | Richard Childress Racing | Chevrolet/Dow Chemical | Richard Childress Racing | Chevrolet","Driver/Driver/Driver",4,1
"Racing",2017,"Playoff","National Treasures","Teammates Trios Printing Plates Yellow","Kasey Kahne/Dale Earnhardt Jr/Chase Elliott","Farmers Insurance | Hendrick Motorsports | Chevrolet/Nationwide | Hendrick Motorsports | Chevrolet/NAPA Auto Parts | Hendrick Motorsports | Chevrolet","Driver/Driver/Driver",5,1
"Racing",2017,"Playoff","National Treasures","Three Wide","Erik Jones","5-Hour Energy | Furniture Row Racing | Toyota","Driver",1,25
"Racing",2017,"Playoff","National Treasures","Three Wide","Ty Dillon","GEICO | Germain Racing | Chevrolet","Driver",2,25
"Racing",2017,"Playoff","National Treasures","Three Wide","Daniel Suarez","ARRIS | Joe Gibbs Racing | Toyota","Driver",3,25
"Racing",2017,"Playoff","National Treasures","Three Wide","Jimmie Johnson","Lowe's | Hendrick Motorsports | Chevrolet","Driver",5,25
"Racing",2017,"Playoff","National Treasures","Three Wide","Kevin Harvick","Jimmy John's | Stewart-Haas Racing | Ford","Driver",7,25
"Racing",2017,"Playoff","National Treasures","Three Wide","Chase Elliott","NAPA Auto Parts | Hendrick Motorsports | Chevrolet","Driver",8,25
"Racing",2017,"Playoff","National Treasures","Three Wide","AJ Allmendinger","Kroger | JTG Daugherty Racing | Chevrolet","Driver",11,25
"Racing",2017,"Playoff","National Treasures","Three Wide","David Ragan","Juice Batteries | Front Row Motorsports | Ford","Driver",14,25
"Racing",2017,"Playoff","National Treasures","Three Wide Black","Erik Jones","5-Hour Energy | Furniture Row Racing | Toyota","Driver",1,1
"Racing",2017,"Playoff","National Treasures","Three Wide Black","Ty Dillon","GEICO | Germain Racing | Chevrolet","Driver",2,1
"Racing",2017,"Playoff","National Treasures","Three Wide Black","Daniel Suarez","ARRIS | Joe Gibbs Racing | Toyota","Driver",3,1
"Racing",2017,"Playoff","National Treasures","Three Wide Black","Corey LaJoie","Dustless Blasting | BK Racing | Toyota","Driver",4,1
"Racing",2017,"Playoff","National Treasures","Three Wide Black","Jimmie Johnson","Lowe's | Hendrick Motorsports | Chevrolet","Driver",5,1
"Racing",2017,"Playoff","National Treasures","Three Wide Black","Dale Earnhardt Jr","Nationwide | Hendrick Motorsports | Chevrolet","Driver",6,1
"Racing",2017,"Playoff","National Treasures","Three Wide Black","Kevin Harvick","Jimmy John's | Stewart-Haas Racing | Ford","Driver",7,1
"Racing",2017,"Playoff","National Treasures","Three Wide Black","Chase Elliott","NAPA Auto Parts | Hendrick Motorsports | Chevrolet","Driver",8,1
"Racing",2017,"Playoff","National Treasures","Three Wide Black","Ryan Blaney","Motorcraft | Wood Brothers Racing | Ford","Driver",9,1
"Racing",2017,"Playoff","National Treasures","Three Wide Black","Jamie McMurray","Cessna | Chip Ganassi Racing | Chevrolet","Driver",10,1
"Racing",2017,"Playoff","National Treasures","Three Wide Black","AJ Allmendinger","Kroger | JTG Daugherty Racing | Chevrolet","Driver",11,1
"Racing",2017,"Playoff","National Treasures","Three Wide Black","Trevor Bayne","AdvoCare | Roush Fenway Racing | Ford","Driver",12,1
"Racing",2017,"Playoff","National Treasures","Three Wide Black","Ricky Stenhouse Jr","SunnyD | Roush Fenway Racing | Ford","Driver",13,1
"Racing",2017,"Playoff","National Treasures","Three Wide Black","David Ragan","Juice Batteries | Front Row Motorsports | Ford","Driver",14,1
"Racing",2017,"Playoff","National Treasures","Three Wide Black","Kyle Larson","Target | Chip Ganassi Racing | Chevrolet","Driver",15,1
"Racing",2017,"Playoff","National Treasures","Three Wide Gold","Erik Jones","5-Hour Energy | Furniture Row Racing | Toyota","Driver",1,15
"Racing",2017,"Playoff","National Treasures","Three Wide Gold","Ty Dillon","GEICO | Germain Racing | Chevrolet","Driver",2,15
"Racing",2017,"Playoff","National Treasures","Three Wide Gold","Daniel Suarez","ARRIS | Joe Gibbs Racing | Toyota","Driver",3,15
"Racing",2017,"Playoff","National Treasures","Three Wide Gold","Jimmie Johnson","Lowe's | Hendrick Motorsports | Chevrolet","Driver",5,15
"Racing",2017,"Playoff","National Treasures","Three Wide Gold","Dale Earnhardt Jr","Nationwide | Hendrick Motorsports | Chevrolet","Driver",6,15
"Racing",2017,"Playoff","National Treasures","Three Wide Gold","Kevin Harvick","Jimmy John's | Stewart-Haas Racing | Ford","Driver",7,15
"Racing",2017,"Playoff","National Treasures","Three Wide Gold","Chase Elliott","NAPA Auto Parts | Hendrick Motorsports | Chevrolet","Driver",8,15
"Racing",2017,"Playoff","National Treasures","Three Wide Gold","Jamie McMurray","Cessna | Chip Ganassi Racing | Chevrolet","Driver",10,15
"Racing",2017,"Playoff","National Treasures","Three Wide Gold","AJ Allmendinger","Kroger | JTG Daugherty Racing | Chevrolet","Driver",11,15
"Racing",2017,"Playoff","National Treasures","Three Wide Gold","David Ragan","Juice Batteries | Front Row Motorsports | Ford","Driver",14,15
"Racing",2017,"Playoff","National Treasures","Three Wide Gold","Kyle Larson","Target | Chip Ganassi Racing | Chevrolet","Driver",15,15
"Racing",2017,"Playoff","National Treasures","Three Wide Green","Erik Jones","5-Hour Energy | Furniture Row Racing | Toyota","Driver",1,5
"Racing",2017,"Playoff","National Treasures","Three Wide Green","Ty Dillon","GEICO | Germain Racing | Chevrolet","Driver",2,5
"Racing",2017,"Playoff","National Treasures","Three Wide Green","Daniel Suarez","ARRIS | Joe Gibbs Racing | Toyota","Driver",3,5
"Racing",2017,"Playoff","National Treasures","Three Wide Green","Corey LaJoie","Dustless Blasting | BK Racing | Toyota","Driver",4,5
"Racing",2017,"Playoff","National Treasures","Three Wide Green","Jimmie Johnson","Lowe's | Hendrick Motorsports | Chevrolet","Driver",5,5
"Racing",2017,"Playoff","National Treasures","Three Wide Green","Dale Earnhardt Jr","Nationwide | Hendrick Motorsports | Chevrolet","Driver",6,5
"Racing",2017,"Playoff","National Treasures","Three Wide Green","Kevin Harvick","Jimmy John's | Stewart-Haas Racing | Ford","Driver",7,5
"Racing",2017,"Playoff","National Treasures","Three Wide Green","Chase Elliott","NAPA Auto Parts | Hendrick Motorsports | Chevrolet","Driver",8,5
"Racing",2017,"Playoff","National Treasures","Three Wide Green","Ryan Blaney","Motorcraft | Wood Brothers Racing | Ford","Driver",9,5
"Racing",2017,"Playoff","National Treasures","Three Wide Green","Jamie McMurray","Cessna | Chip Ganassi Racing | Chevrolet","Driver",10,5
"Racing",2017,"Playoff","National Treasures","Three Wide Green","AJ Allmendinger","Kroger | JTG Daugherty Racing | Chevrolet","Driver",11,5
"Racing",2017,"Playoff","National Treasures","Three Wide Green","Trevor Bayne","AdvoCare | Roush Fenway Racing | Ford","Driver",12,5
"Racing",2017,"Playoff","National Treasures","Three Wide Green","Ricky Stenhouse Jr","SunnyD | Roush Fenway Racing | Ford","Driver",13,5
"Racing",2017,"Playoff","National Treasures","Three Wide Green","David Ragan","Juice Batteries | Front Row Motorsports | Ford","Driver",14,5
"Racing",2017,"Playoff","National Treasures","Three Wide Green","Kyle Larson","Target | Chip Ganassi Racing | Chevrolet","Driver",15,5
"Racing",2017,"Playoff","National Treasures","Three Wide Holo Gold","Erik Jones","5-Hour Energy | Furniture Row Racing | Toyota","Driver",1,10
"Racing",2017,"Playoff","National Treasures","Three Wide Holo Gold","Ty Dillon","GEICO | Germain Racing | Chevrolet","Driver",2,10
"Racing",2017,"Playoff","National Treasures","Three Wide Holo Gold","Daniel Suarez","ARRIS | Joe Gibbs Racing | Toyota","Driver",3,10
"Racing",2017,"Playoff","National Treasures","Three Wide Holo Gold","Jimmie Johnson","Lowe's | Hendrick Motorsports | Chevrolet","Driver",5,10
"Racing",2017,"Playoff","National Treasures","Three Wide Holo Gold","Dale Earnhardt Jr","Nationwide | Hendrick Motorsports | Chevrolet","Driver",6,10
"Racing",2017,"Playoff","National Treasures","Three Wide Holo Gold","Kevin Harvick","Jimmy John's | Stewart-Haas Racing | Ford","Driver",7,10
"Racing",2017,"Playoff","National Treasures","Three Wide Holo Gold","Chase Elliott","NAPA Auto Parts | Hendrick Motorsports | Chevrolet","Driver",8,10
"Racing",2017,"Playoff","National Treasures","Three Wide Holo Gold","Jamie McMurray","Cessna | Chip Ganassi Racing | Chevrolet","Driver",10,10
"Racing",2017,"Playoff","National Treasures","Three Wide Holo Gold","AJ Allmendinger","Kroger | JTG Daugherty Racing | Chevrolet","Driver",11,10
"Racing",2017,"Playoff","National Treasures","Three Wide Holo Gold","David Ragan","Juice Batteries | Front Row Motorsports | Ford","Driver",14,10
"Racing",2017,"Playoff","National Treasures","Three Wide Holo Gold","Kyle Larson","Target | Chip Ganassi Racing | Chevrolet","Driver",15,10
"Racing",2017,"Playoff","National Treasures","Three Wide Holo Silver","Erik Jones","5-Hour Energy | Furniture Row Racing | Toyota","Driver",1,20
"Racing",2017,"Playoff","National Treasures","Three Wide Holo Silver","Ty Dillon","GEICO | Germain Racing | Chevrolet","Driver",2,20
"Racing",2017,"Playoff","National Treasures","Three Wide Holo Silver","Daniel Suarez","ARRIS | Joe Gibbs Racing | Toyota","Driver",3,20
"Racing",2017,"Playoff","National Treasures","Three Wide Holo Silver","Jimmie Johnson","Lowe's | Hendrick Motorsports | Chevrolet","Driver",5,20
"Racing",2017,"Playoff","National Treasures","Three Wide Holo Silver","Kevin Harvick","Jimmy John's | Stewart-Haas Racing | Ford","Driver",7,20
"Racing",2017,"Playoff","National Treasures","Three Wide Holo Silver","Chase Elliott","NAPA Auto Parts | Hendrick Motorsports | Chevrolet","Driver",8,20
"Racing",2017,"Playoff","National Treasures","Three Wide Holo Silver","Jamie McMurray","Cessna | Chip Ganassi Racing | Chevrolet","Driver",10,20
"Racing",2017,"Playoff","National Treasures","Three Wide Holo Silver","AJ Allmendinger","Kroger | JTG Daugherty Racing | Chevrolet","Driver",11,20
"Racing",2017,"Playoff","National Treasures","Three Wide Holo Silver","David Ragan","Juice Batteries | Front Row Motorsports | Ford","Driver",14,20
"Racing",2017,"Playoff","National Treasures","Three Wide Laundry Tags","Erik Jones","5-Hour Energy | Furniture Row Racing | Toyota","Driver",1,1
"Racing",2017,"Playoff","National Treasures","Three Wide Laundry Tags","Ty Dillon","GEICO | Germain Racing | Chevrolet","Driver",2,1
"Racing",2017,"Playoff","National Treasures","Three Wide Laundry Tags","Daniel Suarez","ARRIS | Joe Gibbs Racing | Toyota","Driver",3,1
"Racing",2017,"Playoff","National Treasures","Three Wide Laundry Tags","Corey LaJoie","Dustless Blasting | BK Racing | Toyota","Driver",4,1
"Racing",2017,"Playoff","National Treasures","Three Wide Laundry Tags","Jimmie Johnson","Lowe's | Hendrick Motorsports | Chevrolet","Driver",5,1
"Racing",2017,"Playoff","National Treasures","Three Wide Laundry Tags","Dale Earnhardt Jr","Nationwide | Hendrick Motorsports | Chevrolet","Driver",6,1
"Racing",2017,"Playoff","National Treasures","Three Wide Laundry Tags","Kevin Harvick","Jimmy John's | Stewart-Haas Racing | Ford","Driver",7,1
"Racing",2017,"Playoff","National Treasures","Three Wide Laundry Tags","Chase Elliott","NAPA Auto Parts | Hendrick Motorsports | Chevrolet","Driver",8,1
"Racing",2017,"Playoff","National Treasures","Three Wide Laundry Tags","Ryan Blaney","Motorcraft | Wood Brothers Racing | Ford","Driver",9,1
"Racing",2017,"Playoff","National Treasures","Three Wide Laundry Tags","Jamie McMurray","Cessna | Chip Ganassi Racing | Chevrolet","Driver",10,1
"Racing",2017,"Playoff","National Treasures","Three Wide Laundry Tags","AJ Allmendinger","Kroger | JTG Daugherty Racing | Chevrolet","Driver",11,1
"Racing",2017,"Playoff","National Treasures","Three Wide Laundry Tags","Trevor Bayne","AdvoCare | Roush Fenway Racing | Ford","Driver",12,1
"Racing",2017,"Playoff","National Treasures","Three Wide Laundry Tags","Ricky Stenhouse Jr","SunnyD | Roush Fenway Racing | Ford","Driver",13,1
"Racing",2017,"Playoff","National Treasures","Three Wide Laundry Tags","David Ragan","Juice Batteries | Front Row Motorsports | Ford","Driver",14,1
"Racing",2017,"Playoff","National Treasures","Three Wide Laundry Tags","Kyle Larson","Target | Chip Ganassi Racing | Chevrolet","Driver",15,1
"Racing",2017,"Playoff","National Treasures","Three Wide Printing Plates Black","Erik Jones","5-Hour Energy | Furniture Row Racing | Toyota","Driver",1,1
"Racing",2017,"Playoff","National Treasures","Three Wide Printing Plates Black","Ty Dillon","GEICO | Germain Racing | Chevrolet","Driver",2,1
"Racing",2017,"Playoff","National Treasures","Three Wide Printing Plates Black","Daniel Suarez","ARRIS | Joe Gibbs Racing | Toyota","Driver",3,1
"Racing",2017,"Playoff","National Treasures","Three Wide Printing Plates Black","Corey LaJoie","Dustless Blasting | BK Racing | Toyota","Driver",4,1
"Racing",2017,"Playoff","National Treasures","Three Wide Printing Plates Black","Jimmie Johnson","Lowe's | Hendrick Motorsports | Chevrolet","Driver",5,1
"Racing",2017,"Playoff","National Treasures","Three Wide Printing Plates Black","Dale Earnhardt Jr","Nationwide | Hendrick Motorsports | Chevrolet","Driver",6,1
"Racing",2017,"Playoff","National Treasures","Three Wide Printing Plates Black","Kevin Harvick","Jimmy John's | Stewart-Haas Racing | Ford","Driver",7,1
"Racing",2017,"Playoff","National Treasures","Three Wide Printing Plates Black","Chase Elliott","NAPA Auto Parts | Hendrick Motorsports | Chevrolet","Driver",8,1
"Racing",2017,"Playoff","National Treasures","Three Wide Printing Plates Black","Ryan Blaney","Motorcraft | Wood Brothers Racing | Ford","Driver",9,1
"Racing",2017,"Playoff","National Treasures","Three Wide Printing Plates Black","Jamie McMurray","Cessna | Chip Ganassi Racing | Chevrolet","Driver",10,1
"Racing",2017,"Playoff","National Treasures","Three Wide Printing Plates Black","AJ Allmendinger","Kroger | JTG Daugherty Racing | Chevrolet","Driver",11,1
"Racing",2017,"Playoff","National Treasures","Three Wide Printing Plates Black","Trevor Bayne","AdvoCare | Roush Fenway Racing | Ford","Driver",12,1
"Racing",2017,"Playoff","National Treasures","Three Wide Printing Plates Black","Ricky Stenhouse Jr","SunnyD | Roush Fenway Racing | Ford","Driver",13,1
"Racing",2017,"Playoff","National Treasures","Three Wide Printing Plates Black","David Ragan","Juice Batteries | Front Row Motorsports | Ford","Driver",14,1
"Racing",2017,"Playoff","National Treasures","Three Wide Printing Plates Black","Kyle Larson","Target | Chip Ganassi Racing | Chevrolet","Driver",15,1
"Racing",2017,"Playoff","National Treasures","Three Wide Printing Plates Cyan","Erik Jones","5-Hour Energy | Furniture Row Racing | Toyota","Driver",1,1
"Racing",2017,"Playoff","National Treasures","Three Wide Printing Plates Cyan","Ty Dillon","GEICO | Germain Racing | Chevrolet","Driver",2,1
"Racing",2017,"Playoff","National Treasures","Three Wide Printing Plates Cyan","Daniel Suarez","ARRIS | Joe Gibbs Racing | Toyota","Driver",3,1
"Racing",2017,"Playoff","National Treasures","Three Wide Printing Plates Cyan","Corey LaJoie","Dustless Blasting | BK Racing | Toyota","Driver",4,1
"Racing",2017,"Playoff","National Treasures","Three Wide Printing Plates Cyan","Jimmie Johnson","Lowe's | Hendrick Motorsports | Chevrolet","Driver",5,1
"Racing",2017,"Playoff","National Treasures","Three Wide Printing Plates Cyan","Dale Earnhardt Jr","Nationwide | Hendrick Motorsports | Chevrolet","Driver",6,1
"Racing",2017,"Playoff","National Treasures","Three Wide Printing Plates Cyan","Kevin Harvick","Jimmy John's | Stewart-Haas Racing | Ford","Driver",7,1
"Racing",2017,"Playoff","National Treasures","Three Wide Printing Plates Cyan","Chase Elliott","NAPA Auto Parts | Hendrick Motorsports | Chevrolet","Driver",8,1
"Racing",2017,"Playoff","National Treasures","Three Wide Printing Plates Cyan","Ryan Blaney","Motorcraft | Wood Brothers Racing | Ford","Driver",9,1
"Racing",2017,"Playoff","National Treasures","Three Wide Printing Plates Cyan","Jamie McMurray","Cessna | Chip Ganassi Racing | Chevrolet","Driver",10,1
"Racing",2017,"Playoff","National Treasures","Three Wide Printing Plates Cyan","AJ Allmendinger","Kroger | JTG Daugherty Racing | Chevrolet","Driver",11,1
"Racing",2017,"Playoff","National Treasures","Three Wide Printing Plates Cyan","Trevor Bayne","AdvoCare | Roush Fenway Racing | Ford","Driver",12,1
"Racing",2017,"Playoff","National Treasures","Three Wide Printing Plates Cyan","Ricky Stenhouse Jr","SunnyD | Roush Fenway Racing | Ford","Driver",13,1
"Racing",2017,"Playoff","National Treasures","Three Wide Printing Plates Cyan","David Ragan","Juice Batteries | Front Row Motorsports | Ford","Driver",14,1
"Racing",2017,"Playoff","National Treasures","Three Wide Printing Plates Cyan","Kyle Larson","Target | Chip Ganassi Racing | Chevrolet","Driver",15,1
"Racing",2017,"Playoff","National Treasures","Three Wide Printing Plates Magenta","Erik Jones","5-Hour Energy | Furniture Row Racing | Toyota","Driver",1,1
"Racing",2017,"Playoff","National Treasures","Three Wide Printing Plates Magenta","Ty Dillon","GEICO | Germain Racing | Chevrolet","Driver",2,1
"Racing",2017,"Playoff","National Treasures","Three Wide Printing Plates Magenta","Daniel Suarez","ARRIS | Joe Gibbs Racing | Toyota","Driver",3,1
"Racing",2017,"Playoff","National Treasures","Three Wide Printing Plates Magenta","Corey LaJoie","Dustless Blasting | BK Racing | Toyota","Driver",4,1
"Racing",2017,"Playoff","National Treasures","Three Wide Printing Plates Magenta","Jimmie Johnson","Lowe's | Hendrick Motorsports | Chevrolet","Driver",5,1
"Racing",2017,"Playoff","National Treasures","Three Wide Printing Plates Magenta","Dale Earnhardt Jr","Nationwide | Hendrick Motorsports | Chevrolet","Driver",6,1
"Racing",2017,"Playoff","National Treasures","Three Wide Printing Plates Magenta","Kevin Harvick","Jimmy John's | Stewart-Haas Racing | Ford","Driver",7,1
"Racing",2017,"Playoff","National Treasures","Three Wide Printing Plates Magenta","Chase Elliott","NAPA Auto Parts | Hendrick Motorsports | Chevrolet","Driver",8,1
"Racing",2017,"Playoff","National Treasures","Three Wide Printing Plates Magenta","Ryan Blaney","Motorcraft | Wood Brothers Racing | Ford","Driver",9,1
"Racing",2017,"Playoff","National Treasures","Three Wide Printing Plates Magenta","Jamie McMurray","Cessna | Chip Ganassi Racing | Chevrolet","Driver",10,1
"Racing",2017,"Playoff","National Treasures","Three Wide Printing Plates Magenta","AJ Allmendinger","Kroger | JTG Daugherty Racing | Chevrolet","Driver",11,1
"Racing",2017,"Playoff","National Treasures","Three Wide Printing Plates Magenta","Trevor Bayne","AdvoCare | Roush Fenway Racing | Ford","Driver",12,1
"Racing",2017,"Playoff","National Treasures","Three Wide Printing Plates Magenta","Ricky Stenhouse Jr","SunnyD | Roush Fenway Racing | Ford","Driver",13,1
"Racing",2017,"Playoff","National Treasures","Three Wide Printing Plates Magenta","David Ragan","Juice Batteries | Front Row Motorsports | Ford","Driver",14,1
"Racing",2017,"Playoff","National Treasures","Three Wide Printing Plates Magenta","Kyle Larson","Target | Chip Ganassi Racing | Chevrolet","Driver",15,1
"Racing",2017,"Playoff","National Treasures","Three Wide Printing Plates Yellow","Erik Jones","5-Hour Energy | Furniture Row Racing | Toyota","Driver",1,1
"Racing",2017,"Playoff","National Treasures","Three Wide Printing Plates Yellow","Ty Dillon","GEICO | Germain Racing | Chevrolet","Driver",2,1
"Racing",2017,"Playoff","National Treasures","Three Wide Printing Plates Yellow","Daniel Suarez","ARRIS | Joe Gibbs Racing | Toyota","Driver",3,1
"Racing",2017,"Playoff","National Treasures","Three Wide Printing Plates Yellow","Corey LaJoie","Dustless Blasting | BK Racing | Toyota","Driver",4,1
"Racing",2017,"Playoff","National Treasures","Three Wide Printing Plates Yellow","Jimmie Johnson","Lowe's | Hendrick Motorsports | Chevrolet","Driver",5,1
"Racing",2017,"Playoff","National Treasures","Three Wide Printing Plates Yellow","Dale Earnhardt Jr","Nationwide | Hendrick Motorsports | Chevrolet","Driver",6,1
"Racing",2017,"Playoff","National Treasures","Three Wide Printing Plates Yellow","Kevin Harvick","Jimmy John's | Stewart-Haas Racing | Ford","Driver",7,1
"Racing",2017,"Playoff","National Treasures","Three Wide Printing Plates Yellow","Chase Elliott","NAPA Auto Parts | Hendrick Motorsports | Chevrolet","Driver",8,1
"Racing",2017,"Playoff","National Treasures","Three Wide Printing Plates Yellow","Ryan Blaney","Motorcraft | Wood Brothers Racing | Ford","Driver",9,1
"Racing",2017,"Playoff","National Treasures","Three Wide Printing Plates Yellow","Jamie McMurray","Cessna | Chip Ganassi Racing | Chevrolet","Driver",10,1
"Racing",2017,"Playoff","National Treasures","Three Wide Printing Plates Yellow","AJ Allmendinger","Kroger | JTG Daugherty Racing | Chevrolet","Driver",11,1
"Racing",2017,"Playoff","National Treasures","Three Wide Printing Plates Yellow","Trevor Bayne","AdvoCare | Roush Fenway Racing | Ford","Driver",12,1
"Racing",2017,"Playoff","National Treasures","Three Wide Printing Plates Yellow","Ricky Stenhouse Jr","SunnyD | Roush Fenway Racing | Ford","Driver",13,1
"Racing",2017,"Playoff","National Treasures","Three Wide Printing Plates Yellow","David Ragan","Juice Batteries | Front Row Motorsports | Ford","Driver",14,1
"Racing",2017,"Playoff","National Treasures","Three Wide Printing Plates Yellow","Kyle Larson","Target | Chip Ganassi Racing | Chevrolet","Driver",15,1
"Racing",2017,"Playoff","National Treasures","Three Wide Signatures","Chris Buescher","Scott Products | JTG Daugherty Racing | Chevrolet","Driver",2,25
"Racing",2017,"Playoff","National Treasures","Three Wide Signatures","Cole Whitt","Speed Stick | Premium Motorsports | Chevrolet","Driver",4,25
"Racing",2017,"Playoff","National Treasures","Three Wide Signatures","AJ Allmendinger","Kroger | JTG Daugherty Racing | Chevrolet","Driver",6,25
"Racing",2017,"Playoff","National Treasures","Three Wide Signatures","Bobby Labonte","Interstate Batteries | Joe Gibbs Racing | Pontiac","Driver",7,25
"Racing",2017,"Playoff","National Treasures","Three Wide Signatures","Greg Biffle","3M | Roush Fenway Racing | Ford","Car",9,25
"Racing",2017,"Playoff","National Treasures","Three Wide Signatures","Martin Truex Jr.","Bass Pro Shops-TRACKER Boats | Furniture Row Racing | Toyota","Driver",11,25
"Racing",2017,"Playoff","National Treasures","Three Wide Signatures","Ryan Newman","Caterpillar | Richard Childress Racing | Chevrolet","Driver",12,25
"Racing",2017,"Playoff","National Treasures","Three Wide Signatures","Clint Bowyer","Mobil 1 | Stewart-Haas Racing | Ford","Driver",14,25
"Racing",2017,"Playoff","National Treasures","Three Wide Signatures","Chase Elliott","NAPA Auto Parts | Hendrick Motorsports | Chevrolet","Driver",15,24
"Racing",2017,"Playoff","National Treasures","Three Wide Signatures Black","Casey Mears","GEICO | Biagi-DenBeste Racing | Ford","Driver",1,1
"Racing",2017,"Playoff","National Treasures","Three Wide Signatures Black","Chris Buescher","Scott Products | JTG Daugherty Racing | Chevrolet","Driver",2,1
"Racing",2017,"Playoff","National Treasures","Three Wide Signatures Black","Cole Custer","Haas Automation | Stewart-Haas Racing | Ford","Driver",3,1
"Racing",2017,"Playoff","National Treasures","Three Wide Signatures Black","Cole Whitt","Speed Stick | Premium Motorsports | Chevrolet","Driver",4,1
"Racing",2017,"Playoff","National Treasures","Three Wide Signatures Black","Daniel Hemric","Blue Gate Bank | Richard Childress Racing | Chevrolet","Driver",5,1
"Racing",2017,"Playoff","National Treasures","Three Wide Signatures Black","AJ Allmendinger","Kroger | JTG Daugherty Racing | Chevrolet","Driver",6,1
"Racing",2017,"Playoff","National Treasures","Three Wide Signatures Black","Bobby Labonte","Interstate Batteries | Joe Gibbs Racing | Pontiac","Driver",7,1
"Racing",2017,"Playoff","National Treasures","Three Wide Signatures Black","Dale Earnhardt Jr","Nationwide | Hendrick Motorsports | Chevrolet","Driver",8,1
"Racing",2017,"Playoff","National Treasures","Three Wide Signatures Black","Greg Biffle","3M | Roush Fenway Racing | Ford","Car",9,1
"Racing",2017,"Playoff","National Treasures","Three Wide Signatures Black","Kasey Kahne","Farmers Insurance | Hendrick Motorsports | Chevrolet","Driver",10,1
"Racing",2017,"Playoff","National Treasures","Three Wide Signatures Black","Martin Truex Jr.","Bass Pro Shops-TRACKER Boats | Furniture Row Racing | Toyota","Driver",11,1
"Racing",2017,"Playoff","National Treasures","Three Wide Signatures Black","Ryan Newman","Caterpillar | Richard Childress Racing | Chevrolet","Driver",12,1
"Racing",2017,"Playoff","National Treasures","Three Wide Signatures Black","Joey Logano","Shell-Pennzoil | Team Penske | Ford","Driver",13,1
"Racing",2017,"Playoff","National Treasures","Three Wide Signatures Black","Clint Bowyer","Mobil 1 | Stewart-Haas Racing | Ford","Driver",14,1
"Racing",2017,"Playoff","National Treasures","Three Wide Signatures Black","Chase Elliott","NAPA Auto Parts | Hendrick Motorsports | Chevrolet","Driver",15,1
"Racing",2017,"Playoff","National Treasures","Three Wide Signatures Gold","Chris Buescher","Scott Products | JTG Daugherty Racing | Chevrolet","Driver",2,15
"Racing",2017,"Playoff","National Treasures","Three Wide Signatures Gold","Cole Custer","Haas Automation | Stewart-Haas Racing | Ford","Driver",3,15
"Racing",2017,"Playoff","National Treasures","Three Wide Signatures Gold","Cole Whitt","Speed Stick | Premium Motorsports | Chevrolet","Driver",4,15
"Racing",2017,"Playoff","National Treasures","Three Wide Signatures Gold","Daniel Hemric","Blue Gate Bank | Richard Childress Racing | Chevrolet","Driver",5,15
"Racing",2017,"Playoff","National Treasures","Three Wide Signatures Gold","AJ Allmendinger","Kroger | JTG Daugherty Racing | Chevrolet","Driver",6,15
"Racing",2017,"Playoff","National Treasures","Three Wide Signatures Gold","Bobby Labonte","Interstate Batteries | Joe Gibbs Racing | Pontiac","Driver",7,15
"Racing",2017,"Playoff","National Treasures","Three Wide Signatures Gold","Dale Earnhardt Jr","Nationwide | Hendrick Motorsports | Chevrolet","Driver",8,15
"Racing",2017,"Playoff","National Treasures","Three Wide Signatures Gold","Greg Biffle","3M | Roush Fenway Racing | Ford","Car",9,15
"Racing",2017,"Playoff","National Treasures","Three Wide Signatures Gold","Kasey Kahne","Farmers Insurance | Hendrick Motorsports | Chevrolet","Driver",10,15
"Racing",2017,"Playoff","National Treasures","Three Wide Signatures Gold","Martin Truex Jr.","Bass Pro Shops-TRACKER Boats | Furniture Row Racing | Toyota","Driver",11,15
"Racing",2017,"Playoff","National Treasures","Three Wide Signatures Gold","Ryan Newman","Caterpillar | Richard Childress Racing | Chevrolet","Driver",12,15
"Racing",2017,"Playoff","National Treasures","Three Wide Signatures Gold","Joey Logano","Shell-Pennzoil | Team Penske | Ford","Driver",13,15
"Racing",2017,"Playoff","National Treasures","Three Wide Signatures Gold","Clint Bowyer","Mobil 1 | Stewart-Haas Racing | Ford","Driver",14,15
"Racing",2017,"Playoff","National Treasures","Three Wide Signatures Gold","Chase Elliott","NAPA Auto Parts | Hendrick Motorsports | Chevrolet","Driver",15,15
"Racing",2017,"Playoff","National Treasures","Three Wide Signatures Green","Casey Mears","GEICO | Biagi-DenBeste Racing | Ford","Driver",1,5
"Racing",2017,"Playoff","National Treasures","Three Wide Signatures Green","Chris Buescher","Scott Products | JTG Daugherty Racing | Chevrolet","Driver",2,5
"Racing",2017,"Playoff","National Treasures","Three Wide Signatures Green","Cole Custer","Haas Automation | Stewart-Haas Racing | Ford","Driver",3,5
"Racing",2017,"Playoff","National Treasures","Three Wide Signatures Green","Cole Whitt","Speed Stick | Premium Motorsports | Chevrolet","Driver",4,5
"Racing",2017,"Playoff","National Treasures","Three Wide Signatures Green","Daniel Hemric","Blue Gate Bank | Richard Childress Racing | Chevrolet","Driver",5,5
"Racing",2017,"Playoff","National Treasures","Three Wide Signatures Green","AJ Allmendinger","Kroger | JTG Daugherty Racing | Chevrolet","Driver",6,5
"Racing",2017,"Playoff","National Treasures","Three Wide Signatures Green","Bobby Labonte","Interstate Batteries | Joe Gibbs Racing | Pontiac","Driver",7,5
"Racing",2017,"Playoff","National Treasures","Three Wide Signatures Green","Dale Earnhardt Jr","Nationwide | Hendrick Motorsports | Chevrolet","Driver",8,5
"Racing",2017,"Playoff","National Treasures","Three Wide Signatures Green","Greg Biffle","3M | Roush Fenway Racing | Ford","Car",9,5
"Racing",2017,"Playoff","National Treasures","Three Wide Signatures Green","Kasey Kahne","Farmers Insurance | Hendrick Motorsports | Chevrolet","Driver",10,5
"Racing",2017,"Playoff","National Treasures","Three Wide Signatures Green","Martin Truex Jr.","Bass Pro Shops-TRACKER Boats | Furniture Row Racing | Toyota","Driver",11,5
"Racing",2017,"Playoff","National Treasures","Three Wide Signatures Green","Ryan Newman","Caterpillar | Richard Childress Racing | Chevrolet","Driver",12,5
"Racing",2017,"Playoff","National Treasures","Three Wide Signatures Green","Joey Logano","Shell-Pennzoil | Team Penske | Ford","Driver",13,5
"Racing",2017,"Playoff","National Treasures","Three Wide Signatures Green","Clint Bowyer","Mobil 1 | Stewart-Haas Racing | Ford","Driver",14,5
"Racing",2017,"Playoff","National Treasures","Three Wide Signatures Green","Chase Elliott","NAPA Auto Parts | Hendrick Motorsports | Chevrolet","Driver",15,5
"Racing",2017,"Playoff","National Treasures","Three Wide Signatures Holo Gold","Casey Mears","GEICO | Biagi-DenBeste Racing | Ford","Driver",1,10
"Racing",2017,"Playoff","National Treasures","Three Wide Signatures Holo Gold","Chris Buescher","Scott Products | JTG Daugherty Racing | Chevrolet","Driver",2,10
"Racing",2017,"Playoff","National Treasures","Three Wide Signatures Holo Gold","Cole Custer","Haas Automation | Stewart-Haas Racing | Ford","Driver",3,10
"Racing",2017,"Playoff","National Treasures","Three Wide Signatures Holo Gold","Cole Whitt","Speed Stick | Premium Motorsports | Chevrolet","Driver",4,10
"Racing",2017,"Playoff","National Treasures","Three Wide Signatures Holo Gold","Daniel Hemric","Blue Gate Bank | Richard Childress Racing | Chevrolet","Driver",5,10
"Racing",2017,"Playoff","National Treasures","Three Wide Signatures Holo Gold","AJ Allmendinger","Kroger | JTG Daugherty Racing | Chevrolet","Driver",6,10
"Racing",2017,"Playoff","National Treasures","Three Wide Signatures Holo Gold","Bobby Labonte","Interstate Batteries | Joe Gibbs Racing | Pontiac","Driver",7,10
"Racing",2017,"Playoff","National Treasures","Three Wide Signatures Holo Gold","Dale Earnhardt Jr","Nationwide | Hendrick Motorsports | Chevrolet","Driver",8,8
"Racing",2017,"Playoff","National Treasures","Three Wide Signatures Holo Gold","Greg Biffle","3M | Roush Fenway Racing | Ford","Car",9,10
"Racing",2017,"Playoff","National Treasures","Three Wide Signatures Holo Gold","Kasey Kahne","Farmers Insurance | Hendrick Motorsports | Chevrolet","Driver",10,10
"Racing",2017,"Playoff","National Treasures","Three Wide Signatures Holo Gold","Martin Truex Jr.","Bass Pro Shops-TRACKER Boats | Furniture Row Racing | Toyota","Driver",11,10
"Racing",2017,"Playoff","National Treasures","Three Wide Signatures Holo Gold","Ryan Newman","Caterpillar | Richard Childress Racing | Chevrolet","Driver",12,10
"Racing",2017,"Playoff","National Treasures","Three Wide Signatures Holo Gold","Joey Logano","Shell-Pennzoil | Team Penske | Ford","Driver",13,10
"Racing",2017,"Playoff","National Treasures","Three Wide Signatures Holo Gold","Clint Bowyer","Mobil 1 | Stewart-Haas Racing | Ford","Driver",14,10
"Racing",2017,"Playoff","National Treasures","Three Wide Signatures Holo Gold","Chase Elliott","NAPA Auto Parts | Hendrick Motorsports | Chevrolet","Driver",15,10
"Racing",2017,"Playoff","National Treasures","Three Wide Signatures Holo Silver","Chris Buescher","Scott Products | JTG Daugherty Racing | Chevrolet","Driver",2,20
"Racing",2017,"Playoff","National Treasures","Three Wide Signatures Holo Silver","Cole Whitt","Speed Stick | Premium Motorsports | Chevrolet","Driver",4,20
"Racing",2017,"Playoff","National Treasures","Three Wide Signatures Holo Silver","Daniel Hemric","Blue Gate Bank | Richard Childress Racing | Chevrolet","Driver",5,20
"Racing",2017,"Playoff","National Treasures","Three Wide Signatures Holo Silver","AJ Allmendinger","Kroger | JTG Daugherty Racing | Chevrolet","Driver",6,20
"Racing",2017,"Playoff","National Treasures","Three Wide Signatures Holo Silver","Bobby Labonte","Interstate Batteries | Joe Gibbs Racing | Pontiac","Driver",7,18
"Racing",2017,"Playoff","National Treasures","Three Wide Signatures Holo Silver","Dale Earnhardt Jr","Nationwide | Hendrick Motorsports | Chevrolet","Driver",8,20
"Racing",2017,"Playoff","National Treasures","Three Wide Signatures Holo Silver","Greg Biffle","3M | Roush Fenway Racing | Ford","Car",9,20
"Racing",2017,"Playoff","National Treasures","Three Wide Signatures Holo Silver","Martin Truex Jr.","Bass Pro Shops-TRACKER Boats | Furniture Row Racing | Toyota","Driver",11,20
"Racing",2017,"Playoff","National Treasures","Three Wide Signatures Holo Silver","Ryan Newman","Caterpillar | Richard Childress Racing | Chevrolet","Driver",12,20
"Racing",2017,"Playoff","National Treasures","Three Wide Signatures Holo Silver","Joey Logano","Shell-Pennzoil | Team Penske | Ford","Driver",13,20
"Racing",2017,"Playoff","National Treasures","Three Wide Signatures Holo Silver","Clint Bowyer","Mobil 1 | Stewart-Haas Racing | Ford","Driver",14,20
"Racing",2017,"Playoff","National Treasures","Three Wide Signatures Holo Silver","Chase Elliott","NAPA Auto Parts | Hendrick Motorsports | Chevrolet","Driver",15,20
"Racing",2017,"Playoff","National Treasures","Three Wide Signatures Laundry Tags","Casey Mears","GEICO | Biagi-DenBeste Racing | Ford","Driver",1,1
"Racing",2017,"Playoff","National Treasures","Three Wide Signatures Laundry Tags","Chris Buescher","Scott Products | JTG Daugherty Racing | Chevrolet","Driver",2,1
"Racing",2017,"Playoff","National Treasures","Three Wide Signatures Laundry Tags","Cole Custer","Haas Automation | Stewart-Haas Racing | Ford","Driver",3,1
"Racing",2017,"Playoff","National Treasures","Three Wide Signatures Laundry Tags","Cole Whitt","Speed Stick | Premium Motorsports | Chevrolet","Driver",4,1
"Racing",2017,"Playoff","National Treasures","Three Wide Signatures Laundry Tags","Daniel Hemric","Blue Gate Bank | Richard Childress Racing | Chevrolet","Driver",5,1
"Racing",2017,"Playoff","National Treasures","Three Wide Signatures Laundry Tags","AJ Allmendinger","Kroger | JTG Daugherty Racing | Chevrolet","Driver",6,1
"Racing",2017,"Playoff","National Treasures","Three Wide Signatures Laundry Tags","Bobby Labonte","Interstate Batteries | Joe Gibbs Racing | Pontiac","Driver",7,1
"Racing",2017,"Playoff","National Treasures","Three Wide Signatures Laundry Tags","Dale Earnhardt Jr","Nationwide | Hendrick Motorsports | Chevrolet","Driver",8,1
"Racing",2017,"Playoff","National Treasures","Three Wide Signatures Laundry Tags","Greg Biffle","3M | Roush Fenway Racing | Ford","Car",9,1
"Racing",2017,"Playoff","National Treasures","Three Wide Signatures Laundry Tags","Kasey Kahne","Farmers Insurance | Hendrick Motorsports | Chevrolet","Driver",10,1
"Racing",2017,"Playoff","National Treasures","Three Wide Signatures Laundry Tags","Martin Truex Jr.","Bass Pro Shops-TRACKER Boats | Furniture Row Racing | Toyota","Driver",11,1
"Racing",2017,"Playoff","National Treasures","Three Wide Signatures Laundry Tags","Ryan Newman","Caterpillar | Richard Childress Racing | Chevrolet","Driver",12,1
"Racing",2017,"Playoff","National Treasures","Three Wide Signatures Laundry Tags","Joey Logano","Shell-Pennzoil | Team Penske | Ford","Driver",13,1
"Racing",2017,"Playoff","National Treasures","Three Wide Signatures Laundry Tags","Clint Bowyer","Mobil 1 | Stewart-Haas Racing | Ford","Driver",14,1
"Racing",2017,"Playoff","National Treasures","Three Wide Signatures Laundry Tags","Chase Elliott","NAPA Auto Parts | Hendrick Motorsports | Chevrolet","Driver",15,1
"Racing",2017,"Playoff","National Treasures","Three Wide Signatures Printing Plates Black","Casey Mears","GEICO | Biagi-DenBeste Racing | Ford","Driver",1,1
"Racing",2017,"Playoff","National Treasures","Three Wide Signatures Printing Plates Black","Chris Buescher","Scott Products | JTG Daugherty Racing | Chevrolet","Driver",2,1
"Racing",2017,"Playoff","National Treasures","Three Wide Signatures Printing Plates Black","Cole Custer","Haas Automation | Stewart-Haas Racing | Ford","Driver",3,1
"Racing",2017,"Playoff","National Treasures","Three Wide Signatures Printing Plates Black","Cole Whitt","Speed Stick | Premium Motorsports | Chevrolet","Driver",4,1
"Racing",2017,"Playoff","National Treasures","Three Wide Signatures Printing Plates Black","Daniel Hemric","Blue Gate Bank | Richard Childress Racing | Chevrolet","Driver",5,1
"Racing",2017,"Playoff","National Treasures","Three Wide Signatures Printing Plates Black","AJ Allmendinger","Kroger | JTG Daugherty Racing | Chevrolet","Driver",6,1
"Racing",2017,"Playoff","National Treasures","Three Wide Signatures Printing Plates Black","Bobby Labonte","Interstate Batteries | Joe Gibbs Racing | Pontiac","Driver",7,1
"Racing",2017,"Playoff","National Treasures","Three Wide Signatures Printing Plates Black","Dale Earnhardt Jr","Nationwide | Hendrick Motorsports | Chevrolet","Driver",8,1
"Racing",2017,"Playoff","National Treasures","Three Wide Signatures Printing Plates Black","Greg Biffle","3M | Roush Fenway Racing | Ford","Car",9,1
"Racing",2017,"Playoff","National Treasures","Three Wide Signatures Printing Plates Black","Kasey Kahne","Farmers Insurance | Hendrick Motorsports | Chevrolet","Driver",10,1
"Racing",2017,"Playoff","National Treasures","Three Wide Signatures Printing Plates Black","Martin Truex Jr.","Bass Pro Shops-TRACKER Boats | Furniture Row Racing | Toyota","Driver",11,1
"Racing",2017,"Playoff","National Treasures","Three Wide Signatures Printing Plates Black","Ryan Newman","Caterpillar | Richard Childress Racing | Chevrolet","Driver",12,1
"Racing",2017,"Playoff","National Treasures","Three Wide Signatures Printing Plates Black","Joey Logano","Shell-Pennzoil | Team Penske | Ford","Driver",13,1
"Racing",2017,"Playoff","National Treasures","Three Wide Signatures Printing Plates Black","Clint Bowyer","Mobil 1 | Stewart-Haas Racing | Ford","Driver",14,1
"Racing",2017,"Playoff","National Treasures","Three Wide Signatures Printing Plates Black","Chase Elliott","NAPA Auto Parts | Hendrick Motorsports | Chevrolet","Driver",15,1
"Racing",2017,"Playoff","National Treasures","Three Wide Signatures Printing Plates Cyan","Casey Mears","GEICO | Biagi-DenBeste Racing | Ford","Driver",1,1
"Racing",2017,"Playoff","National Treasures","Three Wide Signatures Printing Plates Cyan","Chris Buescher","Scott Products | JTG Daugherty Racing | Chevrolet","Driver",2,1
"Racing",2017,"Playoff","National Treasures","Three Wide Signatures Printing Plates Cyan","Cole Custer","Haas Automation | Stewart-Haas Racing | Ford","Driver",3,1
"Racing",2017,"Playoff","National Treasures","Three Wide Signatures Printing Plates Cyan","Cole Whitt","Speed Stick | Premium Motorsports | Chevrolet","Driver",4,1
"Racing",2017,"Playoff","National Treasures","Three Wide Signatures Printing Plates Cyan","Daniel Hemric","Blue Gate Bank | Richard Childress Racing | Chevrolet","Driver",5,1
"Racing",2017,"Playoff","National Treasures","Three Wide Signatures Printing Plates Cyan","AJ Allmendinger","Kroger | JTG Daugherty Racing | Chevrolet","Driver",6,1
"Racing",2017,"Playoff","National Treasures","Three Wide Signatures Printing Plates Cyan","Bobby Labonte","Interstate Batteries | Joe Gibbs Racing | Pontiac","Driver",7,1
"Racing",2017,"Playoff","National Treasures","Three Wide Signatures Printing Plates Cyan","Dale Earnhardt Jr","Nationwide | Hendrick Motorsports | Chevrolet","Driver",8,1
"Racing",2017,"Playoff","National Treasures","Three Wide Signatures Printing Plates Cyan","Greg Biffle","3M | Roush Fenway Racing | Ford","Car",9,1
"Racing",2017,"Playoff","National Treasures","Three Wide Signatures Printing Plates Cyan","Kasey Kahne","Farmers Insurance | Hendrick Motorsports | Chevrolet","Driver",10,1
"Racing",2017,"Playoff","National Treasures","Three Wide Signatures Printing Plates Cyan","Martin Truex Jr.","Bass Pro Shops-TRACKER Boats | Furniture Row Racing | Toyota","Driver",11,1
"Racing",2017,"Playoff","National Treasures","Three Wide Signatures Printing Plates Cyan","Ryan Newman","Caterpillar | Richard Childress Racing | Chevrolet","Driver",12,1
"Racing",2017,"Playoff","National Treasures","Three Wide Signatures Printing Plates Cyan","Joey Logano","Shell-Pennzoil | Team Penske | Ford","Driver",13,1
"Racing",2017,"Playoff","National Treasures","Three Wide Signatures Printing Plates Cyan","Clint Bowyer","Mobil 1 | Stewart-Haas Racing | Ford","Driver",14,1
"Racing",2017,"Playoff","National Treasures","Three Wide Signatures Printing Plates Cyan","Chase Elliott","NAPA Auto Parts | Hendrick Motorsports | Chevrolet","Driver",15,1
"Racing",2017,"Playoff","National Treasures","Three Wide Signatures Printing Plates Magenta","Casey Mears","GEICO | Biagi-DenBeste Racing | Ford","Driver",1,1
"Racing",2017,"Playoff","National Treasures","Three Wide Signatures Printing Plates Magenta","Chris Buescher","Scott Products | JTG Daugherty Racing | Chevrolet","Driver",2,1
"Racing",2017,"Playoff","National Treasures","Three Wide Signatures Printing Plates Magenta","Cole Custer","Haas Automation | Stewart-Haas Racing | Ford","Driver",3,1
"Racing",2017,"Playoff","National Treasures","Three Wide Signatures Printing Plates Magenta","Cole Whitt","Speed Stick | Premium Motorsports | Chevrolet","Driver",4,1
"Racing",2017,"Playoff","National Treasures","Three Wide Signatures Printing Plates Magenta","Daniel Hemric","Blue Gate Bank | Richard Childress Racing | Chevrolet","Driver",5,1
"Racing",2017,"Playoff","National Treasures","Three Wide Signatures Printing Plates Magenta","AJ Allmendinger","Kroger | JTG Daugherty Racing | Chevrolet","Driver",6,1
"Racing",2017,"Playoff","National Treasures","Three Wide Signatures Printing Plates Magenta","Bobby Labonte","Interstate Batteries | Joe Gibbs Racing | Pontiac","Driver",7,1
"Racing",2017,"Playoff","National Treasures","Three Wide Signatures Printing Plates Magenta","Dale Earnhardt Jr","Nationwide | Hendrick Motorsports | Chevrolet","Driver",8,1
"Racing",2017,"Playoff","National Treasures","Three Wide Signatures Printing Plates Magenta","Greg Biffle","3M | Roush Fenway Racing | Ford","Car",9,1
"Racing",2017,"Playoff","National Treasures","Three Wide Signatures Printing Plates Magenta","Kasey Kahne","Farmers Insurance | Hendrick Motorsports | Chevrolet","Driver",10,1
"Racing",2017,"Playoff","National Treasures","Three Wide Signatures Printing Plates Magenta","Martin Truex Jr.","Bass Pro Shops-TRACKER Boats | Furniture Row Racing | Toyota","Driver",11,1
"Racing",2017,"Playoff","National Treasures","Three Wide Signatures Printing Plates Magenta","Ryan Newman","Caterpillar | Richard Childress Racing | Chevrolet","Driver",12,1
"Racing",2017,"Playoff","National Treasures","Three Wide Signatures Printing Plates Magenta","Joey Logano","Shell-Pennzoil | Team Penske | Ford","Driver",13,1
"Racing",2017,"Playoff","National Treasures","Three Wide Signatures Printing Plates Magenta","Clint Bowyer","Mobil 1 | Stewart-Haas Racing | Ford","Driver",14,1
"Racing",2017,"Playoff","National Treasures","Three Wide Signatures Printing Plates Magenta","Chase Elliott","NAPA Auto Parts | Hendrick Motorsports | Chevrolet","Driver",15,1
"Racing",2017,"Playoff","National Treasures","Three Wide Signatures Printing Plates Yellow","Casey Mears","GEICO | Biagi-DenBeste Racing | Ford","Driver",1,1
"Racing",2017,"Playoff","National Treasures","Three Wide Signatures Printing Plates Yellow","Chris Buescher","Scott Products | JTG Daugherty Racing | Chevrolet","Driver",2,1
"Racing",2017,"Playoff","National Treasures","Three Wide Signatures Printing Plates Yellow","Cole Custer","Haas Automation | Stewart-Haas Racing | Ford","Driver",3,1
"Racing",2017,"Playoff","National Treasures","Three Wide Signatures Printing Plates Yellow","Cole Whitt","Speed Stick | Premium Motorsports | Chevrolet","Driver",4,1
"Racing",2017,"Playoff","National Treasures","Three Wide Signatures Printing Plates Yellow","Daniel Hemric","Blue Gate Bank | Richard Childress Racing | Chevrolet","Driver",5,1
"Racing",2017,"Playoff","National Treasures","Three Wide Signatures Printing Plates Yellow","AJ Allmendinger","Kroger | JTG Daugherty Racing | Chevrolet","Driver",6,1
"Racing",2017,"Playoff","National Treasures","Three Wide Signatures Printing Plates Yellow","Bobby Labonte","Interstate Batteries | Joe Gibbs Racing | Pontiac","Driver",7,1
"Racing",2017,"Playoff","National Treasures","Three Wide Signatures Printing Plates Yellow","Dale Earnhardt Jr","Nationwide | Hendrick Motorsports | Chevrolet","Driver",8,1
"Racing",2017,"Playoff","National Treasures","Three Wide Signatures Printing Plates Yellow","Greg Biffle","3M | Roush Fenway Racing | Ford","Car",9,1
"Racing",2017,"Playoff","National Treasures","Three Wide Signatures Printing Plates Yellow","Kasey Kahne","Farmers Insurance | Hendrick Motorsports | Chevrolet","Driver",10,1
"Racing",2017,"Playoff","National Treasures","Three Wide Signatures Printing Plates Yellow","Martin Truex Jr.","Bass Pro Shops-TRACKER Boats | Furniture Row Racing | Toyota","Driver",11,1
"Racing",2017,"Playoff","National Treasures","Three Wide Signatures Printing Plates Yellow","Ryan Newman","Caterpillar | Richard Childress Racing | Chevrolet","Driver",12,1
"Racing",2017,"Playoff","National Treasures","Three Wide Signatures Printing Plates Yellow","Joey Logano","Shell-Pennzoil | Team Penske | Ford","Driver",13,1
"Racing",2017,"Playoff","National Treasures","Three Wide Signatures Printing Plates Yellow","Clint Bowyer","Mobil 1 | Stewart-Haas Racing | Ford","Driver",14,1
"Racing",2017,"Playoff","National Treasures","Three Wide Signatures Printing Plates Yellow","Chase Elliott","NAPA Auto Parts | Hendrick Motorsports | Chevrolet","Driver",15,1
"Racing",2017,"Playoff","National Treasures","Winning Material Signatures","Bill Elliott","Coors | Harry Melling | Ford","Driver",2,25
"Racing",2017,"Playoff","National Treasures","Winning Material Signatures","Kyle Busch","M&M's | Joe Gibbs Racing | Toyota","Driver",4,25
"Racing",2017,"Playoff","National Treasures","Winning Material Signatures","Matt Kenseth","DeWalt | Joe Gibbs Racing | Toyota","Driver",5,25
"Racing",2017,"Playoff","National Treasures","Winning Material Signatures","Kevin Harvick","Jimmy John's | Stewart-Haas Racing | Ford","Driver",6,25
"Racing",2017,"Playoff","National Treasures","Winning Material Signatures","Carl Edwards","Aflac | Roush Fenway Racing | Ford","Driver",9,25
"Racing",2017,"Playoff","National Treasures","Winning Material Signatures","Brad Keselowski","Miller Lite | Team Penske | Ford","Driver",10,25
"Racing",2017,"Playoff","National Treasures","Winning Material Signatures Black","Rusty Wallace","Miller Lite | Team Penske | Ford","Driver",1,1
"Racing",2017,"Playoff","National Treasures","Winning Material Signatures Black","Bill Elliott","Coors | Harry Melling | Ford","Driver",2,1
"Racing",2017,"Playoff","National Treasures","Winning Material Signatures Black","Mark Martin","Valvoline | Roush Racing | Ford","Driver",3,1
"Racing",2017,"Playoff","National Treasures","Winning Material Signatures Black","Kyle Busch","M&M's | Joe Gibbs Racing | Toyota","Driver",4,1
"Racing",2017,"Playoff","National Treasures","Winning Material Signatures Black","Matt Kenseth","DeWalt | Joe Gibbs Racing | Toyota","Driver",5,1
"Racing",2017,"Playoff","National Treasures","Winning Material Signatures Black","Kevin Harvick","Jimmy John's | Stewart-Haas Racing | Ford","Driver",6,1
"Racing",2017,"Playoff","National Treasures","Winning Material Signatures Black","Kurt Busch","Haas Automation | Stewart-Haas Racing | Ford","Driver",7,1
"Racing",2017,"Playoff","National Treasures","Winning Material Signatures Black","Denny Hamlin","FedEx Express | Joe Gibbs Racing | Toyota","Driver",8,1
"Racing",2017,"Playoff","National Treasures","Winning Material Signatures Black","Carl Edwards","Aflac | Roush Fenway Racing | Ford","Driver",9,1
"Racing",2017,"Playoff","National Treasures","Winning Material Signatures Black","Brad Keselowski","Miller Lite | Team Penske | Ford","Driver",10,1
"Racing",2017,"Playoff","National Treasures","Winning Material Signatures Gold","Rusty Wallace","Miller Lite | Team Penske | Ford","Driver",1,15
"Racing",2017,"Playoff","National Treasures","Winning Material Signatures Gold","Bill Elliott","Coors | Harry Melling | Ford","Driver",2,15
"Racing",2017,"Playoff","National Treasures","Winning Material Signatures Gold","Kyle Busch","M&M's | Joe Gibbs Racing | Toyota","Driver",4,15
"Racing",2017,"Playoff","National Treasures","Winning Material Signatures Gold","Matt Kenseth","DeWalt | Joe Gibbs Racing | Toyota","Driver",5,15
"Racing",2017,"Playoff","National Treasures","Winning Material Signatures Gold","Kevin Harvick","Jimmy John's | Stewart-Haas Racing | Ford","Driver",6,15
"Racing",2017,"Playoff","National Treasures","Winning Material Signatures Gold","Kurt Busch","Haas Automation | Stewart-Haas Racing | Ford","Driver",7,15
"Racing",2017,"Playoff","National Treasures","Winning Material Signatures Gold","Carl Edwards","Aflac | Roush Fenway Racing | Ford","Driver",9,15
"Racing",2017,"Playoff","National Treasures","Winning Material Signatures Gold","Brad Keselowski","Miller Lite | Team Penske | Ford","Driver",10,15
"Racing",2017,"Playoff","National Treasures","Winning Material Signatures Green","Rusty Wallace","Miller Lite | Team Penske | Ford","Driver",1,5
"Racing",2017,"Playoff","National Treasures","Winning Material Signatures Green","Bill Elliott","Coors | Harry Melling | Ford","Driver",2,5
"Racing",2017,"Playoff","National Treasures","Winning Material Signatures Green","Mark Martin","Valvoline | Roush Racing | Ford","Driver",3,5
"Racing",2017,"Playoff","National Treasures","Winning Material Signatures Green","Kyle Busch","M&M's | Joe Gibbs Racing | Toyota","Driver",4,5
"Racing",2017,"Playoff","National Treasures","Winning Material Signatures Green","Matt Kenseth","DeWalt | Joe Gibbs Racing | Toyota","Driver",5,5
"Racing",2017,"Playoff","National Treasures","Winning Material Signatures Green","Kevin Harvick","Jimmy John's | Stewart-Haas Racing | Ford","Driver",6,5
"Racing",2017,"Playoff","National Treasures","Winning Material Signatures Green","Kurt Busch","Haas Automation | Stewart-Haas Racing | Ford","Driver",7,5
"Racing",2017,"Playoff","National Treasures","Winning Material Signatures Green","Denny Hamlin","FedEx Express | Joe Gibbs Racing | Toyota","Driver",8,5
"Racing",2017,"Playoff","National Treasures","Winning Material Signatures Green","Carl Edwards","Aflac | Roush Fenway Racing | Ford","Driver",9,5
"Racing",2017,"Playoff","National Treasures","Winning Material Signatures Green","Brad Keselowski","Miller Lite | Team Penske | Ford","Driver",10,2
"Racing",2017,"Playoff","National Treasures","Winning Material Signatures Holo Gold","Rusty Wallace","Miller Lite | Team Penske | Ford","Driver",1,10
"Racing",2017,"Playoff","National Treasures","Winning Material Signatures Holo Gold","Kyle Busch","M&M's | Joe Gibbs Racing | Toyota","Driver",4,10
"Racing",2017,"Playoff","National Treasures","Winning Material Signatures Holo Gold","Matt Kenseth","DeWalt | Joe Gibbs Racing | Toyota","Driver",5,10
"Racing",2017,"Playoff","National Treasures","Winning Material Signatures Holo Gold","Kevin Harvick","Jimmy John's | Stewart-Haas Racing | Ford","Driver",6,10
"Racing",2017,"Playoff","National Treasures","Winning Material Signatures Holo Gold","Kurt Busch","Haas Automation | Stewart-Haas Racing | Ford","Driver",7,10
"Racing",2017,"Playoff","National Treasures","Winning Material Signatures Holo Gold","Denny Hamlin","FedEx Express | Joe Gibbs Racing | Toyota","Driver",8,10
"Racing",2017,"Playoff","National Treasures","Winning Material Signatures Holo Gold","Carl Edwards","Aflac | Roush Fenway Racing | Ford","Driver",9,10
"Racing",2017,"Playoff","National Treasures","Winning Material Signatures Holo Gold","Brad Keselowski","Miller Lite | Team Penske | Ford","Driver",10,10
"Racing",2017,"Playoff","National Treasures","Winning Material Signatures Holo Silver","Kyle Busch","M&M's | Joe Gibbs Racing | Toyota","Driver",4,20
"Racing",2017,"Playoff","National Treasures","Winning Material Signatures Holo Silver","Matt Kenseth","DeWalt | Joe Gibbs Racing | Toyota","Driver",5,20
"Racing",2017,"Playoff","National Treasures","Winning Material Signatures Holo Silver","Kevin Harvick","Jimmy John's | Stewart-Haas Racing | Ford","Driver",6,20
"Racing",2017,"Playoff","National Treasures","Winning Material Signatures Holo Silver","Kurt Busch","Haas Automation | Stewart-Haas Racing | Ford","Driver",7,20
"Racing",2017,"Playoff","National Treasures","Winning Material Signatures Holo Silver","Carl Edwards","Aflac | Roush Fenway Racing | Ford","Driver",9,20
"Racing",2017,"Playoff","National Treasures","Winning Material Signatures Holo Silver","Brad Keselowski","Miller Lite | Team Penske | Ford","Driver",10,20
"Racing",2017,"Playoff","National Treasures","Winning Material Signatures Laundry Tags","Kyle Busch","M&M's | Joe Gibbs Racing | Toyota","Driver",4,1
"Racing",2017,"Playoff","National Treasures","Winning Material Signatures Laundry Tags","Matt Kenseth","DeWalt | Joe Gibbs Racing | Toyota","Driver",5,1
"Racing",2017,"Playoff","National Treasures","Winning Material Signatures Laundry Tags","Kevin Harvick","Jimmy John's | Stewart-Haas Racing | Ford","Driver",6,1
"Racing",2017,"Playoff","National Treasures","Winning Material Signatures Laundry Tags","Kurt Busch","Haas Automation | Stewart-Haas Racing | Ford","Driver",7,1
"Racing",2017,"Playoff","National Treasures","Winning Material Signatures Laundry Tags","Denny Hamlin","FedEx Express | Joe Gibbs Racing | Toyota","Driver",8,1
"Racing",2017,"Playoff","National Treasures","Winning Material Signatures Laundry Tags","Carl Edwards","Aflac | Roush Fenway Racing | Ford","Driver",9,1
"Racing",2017,"Playoff","National Treasures","Winning Material Signatures Laundry Tags","Brad Keselowski","Miller Lite | Team Penske | Ford","Driver",10,1
"Racing",2017,"Playoff","National Treasures","Winning Material Signatures Printing Plates Black","Rusty Wallace","Miller Lite | Team Penske | Ford","Driver",1,1
"Racing",2017,"Playoff","National Treasures","Winning Material Signatures Printing Plates Black","Bill Elliott","Coors | Harry Melling | Ford","Driver",2,1
"Racing",2017,"Playoff","National Treasures","Winning Material Signatures Printing Plates Black","Mark Martin","Valvoline | Roush Racing | Ford","Driver",3,1
"Racing",2017,"Playoff","National Treasures","Winning Material Signatures Printing Plates Black","Kyle Busch","M&M's | Joe Gibbs Racing | Toyota","Driver",4,1
"Racing",2017,"Playoff","National Treasures","Winning Material Signatures Printing Plates Black","Matt Kenseth","DeWalt | Joe Gibbs Racing | Toyota","Driver",5,1
"Racing",2017,"Playoff","National Treasures","Winning Material Signatures Printing Plates Black","Kevin Harvick","Jimmy John's | Stewart-Haas Racing | Ford","Driver",6,1
"Racing",2017,"Playoff","National Treasures","Winning Material Signatures Printing Plates Black","Kurt Busch","Haas Automation | Stewart-Haas Racing | Ford","Driver",7,1
"Racing",2017,"Playoff","National Treasures","Winning Material Signatures Printing Plates Black","Denny Hamlin","FedEx Express | Joe Gibbs Racing | Toyota","Driver",8,1
"Racing",2017,"Playoff","National Treasures","Winning Material Signatures Printing Plates Black","Carl Edwards","Aflac | Roush Fenway Racing | Ford","Driver",9,1
"Racing",2017,"Playoff","National Treasures","Winning Material Signatures Printing Plates Black","Brad Keselowski","Miller Lite | Team Penske | Ford","Driver",10,1
"Racing",2017,"Playoff","National Treasures","Winning Material Signatures Printing Plates Cyan","Rusty Wallace","Miller Lite | Team Penske | Ford","Driver",1,1
"Racing",2017,"Playoff","National Treasures","Winning Material Signatures Printing Plates Cyan","Bill Elliott","Coors | Harry Melling | Ford","Driver",2,1
"Racing",2017,"Playoff","National Treasures","Winning Material Signatures Printing Plates Cyan","Mark Martin","Valvoline | Roush Racing | Ford","Driver",3,1
"Racing",2017,"Playoff","National Treasures","Winning Material Signatures Printing Plates Cyan","Kyle Busch","M&M's | Joe Gibbs Racing | Toyota","Driver",4,1
"Racing",2017,"Playoff","National Treasures","Winning Material Signatures Printing Plates Cyan","Matt Kenseth","DeWalt | Joe Gibbs Racing | Toyota","Driver",5,1
"Racing",2017,"Playoff","National Treasures","Winning Material Signatures Printing Plates Cyan","Kevin Harvick","Jimmy John's | Stewart-Haas Racing | Ford","Driver",6,1
"Racing",2017,"Playoff","National Treasures","Winning Material Signatures Printing Plates Cyan","Kurt Busch","Haas Automation | Stewart-Haas Racing | Ford","Driver",7,1
"Racing",2017,"Playoff","National Treasures","Winning Material Signatures Printing Plates Cyan","Denny Hamlin","FedEx Express | Joe Gibbs Racing | Toyota","Driver",8,1
"Racing",2017,"Playoff","National Treasures","Winning Material Signatures Printing Plates Cyan","Carl Edwards","Aflac | Roush Fenway Racing | Ford","Driver",9,1
"Racing",2017,"Playoff","National Treasures","Winning Material Signatures Printing Plates Cyan","Brad Keselowski","Miller Lite | Team Penske | Ford","Driver",10,1
"Racing",2017,"Playoff","National Treasures","Winning Material Signatures Printing Plates Magenta","Rusty Wallace","Miller Lite | Team Penske | Ford","Driver",1,1
"Racing",2017,"Playoff","National Treasures","Winning Material Signatures Printing Plates Magenta","Bill Elliott","Coors | Harry Melling | Ford","Driver",2,1
"Racing",2017,"Playoff","National Treasures","Winning Material Signatures Printing Plates Magenta","Mark Martin","Valvoline | Roush Racing | Ford","Driver",3,1
"Racing",2017,"Playoff","National Treasures","Winning Material Signatures Printing Plates Magenta","Kyle Busch","M&M's | Joe Gibbs Racing | Toyota","Driver",4,1
"Racing",2017,"Playoff","National Treasures","Winning Material Signatures Printing Plates Magenta","Matt Kenseth","DeWalt | Joe Gibbs Racing | Toyota","Driver",5,1
"Racing",2017,"Playoff","National Treasures","Winning Material Signatures Printing Plates Magenta","Kevin Harvick","Jimmy John's | Stewart-Haas Racing | Ford","Driver",6,1
"Racing",2017,"Playoff","National Treasures","Winning Material Signatures Printing Plates Magenta","Kurt Busch","Haas Automation | Stewart-Haas Racing | Ford","Driver",7,1
"Racing",2017,"Playoff","National Treasures","Winning Material Signatures Printing Plates Magenta","Denny Hamlin","FedEx Express | Joe Gibbs Racing | Toyota","Driver",8,1
"Racing",2017,"Playoff","National Treasures","Winning Material Signatures Printing Plates Magenta","Carl Edwards","Aflac | Roush Fenway Racing | Ford","Driver",9,1
"Racing",2017,"Playoff","National Treasures","Winning Material Signatures Printing Plates Magenta","Brad Keselowski","Miller Lite | Team Penske | Ford","Driver",10,1
"Racing",2017,"Playoff","National Treasures","Winning Material Signatures Printing Plates Yellow","Rusty Wallace","Miller Lite | Team Penske | Ford","Driver",1,1
"Racing",2017,"Playoff","National Treasures","Winning Material Signatures Printing Plates Yellow","Bill Elliott","Coors | Harry Melling | Ford","Driver",2,1
"Racing",2017,"Playoff","National Treasures","Winning Material Signatures Printing Plates Yellow","Mark Martin","Valvoline | Roush Racing | Ford","Driver",3,1
"Racing",2017,"Playoff","National Treasures","Winning Material Signatures Printing Plates Yellow","Kyle Busch","M&M's | Joe Gibbs Racing | Toyota","Driver",4,1
"Racing",2017,"Playoff","National Treasures","Winning Material Signatures Printing Plates Yellow","Matt Kenseth","DeWalt | Joe Gibbs Racing | Toyota","Driver",5,1
"Racing",2017,"Playoff","National Treasures","Winning Material Signatures Printing Plates Yellow","Kevin Harvick","Jimmy John's | Stewart-Haas Racing | Ford","Driver",6,1
"Racing",2017,"Playoff","National Treasures","Winning Material Signatures Printing Plates Yellow","Kurt Busch","Haas Automation | Stewart-Haas Racing | Ford","Driver",7,1
"Racing",2017,"Playoff","National Treasures","Winning Material Signatures Printing Plates Yellow","Denny Hamlin","FedEx Express | Joe Gibbs Racing | Toyota","Driver",8,1
"Racing",2017,"Playoff","National Treasures","Winning Material Signatures Printing Plates Yellow","Carl Edwards","Aflac | Roush Fenway Racing | Ford","Driver",9,1
"Racing",2017,"Playoff","National Treasures","Winning Material Signatures Printing Plates Yellow","Brad Keselowski","Miller Lite | Team Penske | Ford","Driver",10,1
"Racing",2017,"Playoff","National Treasures","Winning Signatures","Ned Jarrett","B.G. Holloway | Ned Jarrett | Chevrolet","Driver",5,99
"Racing",2017,"Playoff","National Treasures","Winning Signatures","Mark Martin","Valvoline | Roush Racing | Ford","Driver",8,50
"Racing",2017,"Playoff","National Treasures","Winning Signatures","Kyle Busch","M&M's | Joe Gibbs Racing | Toyota","Driver",9,25
"Racing",2017,"Playoff","National Treasures","Winning Signatures","Matt Kenseth","DeWalt | Joe Gibbs Racing | Toyota","Driver",10,50
"Racing",2017,"Playoff","National Treasures","Winning Signatures","Kurt Busch","Haas Automation | Stewart-Haas Racing | Ford","Driver",13,25
"Racing",2017,"Playoff","National Treasures","Winning Signatures","Denny Hamlin","FedEx Express | Joe Gibbs Racing | Toyota","Driver",14,99
"Racing",2017,"Playoff","National Treasures","Winning Signatures","Carl Edwards","Aflac | Roush Fenway Racing | Ford","Driver",15,99
"Racing",2017,"Playoff","National Treasures","Winning Signatures Black","Richard Petty","STP | Petty Enterprises | Plymouth","Driver",1,1
"Racing",2017,"Playoff","National Treasures","Winning Signatures Black","Darrell Waltrip","Mountain Dew | Junior Johnson | Buick","Driver",2,1
"Racing",2017,"Playoff","National Treasures","Winning Signatures Black","Cale Yarborough","Hardee's | Ranier Racing | Chevrolet","Driver",3,1
"Racing",2017,"Playoff","National Treasures","Winning Signatures Black","Rusty Wallace","Miller Lite | Team Penske | Ford","Driver",4,1
"Racing",2017,"Playoff","National Treasures","Winning Signatures Black","Ned Jarrett","B.G. Holloway | Ned Jarrett | Chevrolet","Driver",5,1
"Racing",2017,"Playoff","National Treasures","Winning Signatures Black","Junior Johnson","Holly Farms | Junior Johnson | Ford","Driver",6,1
"Racing",2017,"Playoff","National Treasures","Winning Signatures Black","Bill Elliott","McDonald's | Bill Elliott | Ford","Driver",7,1
"Racing",2017,"Playoff","National Treasures","Winning Signatures Black","Mark Martin","Valvoline | Roush Racing | Ford","Driver",8,1
"Racing",2017,"Playoff","National Treasures","Winning Signatures Black","Kyle Busch","M&M's | Joe Gibbs Racing | Toyota","Driver",9,1
"Racing",2017,"Playoff","National Treasures","Winning Signatures Black","Matt Kenseth","DeWalt | Joe Gibbs Racing | Toyota","Driver",10,1
"Racing",2017,"Playoff","National Treasures","Winning Signatures Black","Kevin Harvick","Jimmy John's | Stewart-Haas Racing | Ford","Driver",11,1
"Racing",2017,"Playoff","National Treasures","Winning Signatures Black","Dale Jarrett","Quality Care | Robert Yates Racing | Ford","Driver",12,1
"Racing",2017,"Playoff","National Treasures","Winning Signatures Black","Kurt Busch","Haas Automation | Stewart-Haas Racing | Ford","Driver",13,1
"Racing",2017,"Playoff","National Treasures","Winning Signatures Black","Denny Hamlin","FedEx Express | Joe Gibbs Racing | Toyota","Driver",14,1
"Racing",2017,"Playoff","National Treasures","Winning Signatures Black","Carl Edwards","Aflac | Roush Fenway Racing | Ford","Driver",15,1
"Racing",2017,"Playoff","National Treasures","Winning Signatures Gold","Richard Petty","STP | Petty Enterprises | Plymouth","Driver",1,10
"Racing",2017,"Playoff","National Treasures","Winning Signatures Gold","Darrell Waltrip","Mountain Dew | Junior Johnson | Buick","Driver",2,15
"Racing",2017,"Playoff","National Treasures","Winning Signatures Gold","Cale Yarborough","Hardee's | Ranier Racing | Chevrolet","Driver",3,15
"Racing",2017,"Playoff","National Treasures","Winning Signatures Gold","Rusty Wallace","Miller Lite | Team Penske | Ford","Driver",4,15
"Racing",2017,"Playoff","National Treasures","Winning Signatures Gold","Ned Jarrett","B.G. Holloway | Ned Jarrett | Chevrolet","Driver",5,25
"Racing",2017,"Playoff","National Treasures","Winning Signatures Gold","Junior Johnson","Holly Farms | Junior Johnson | Ford","Driver",6,25
"Racing",2017,"Playoff","National Treasures","Winning Signatures Gold","Bill Elliott","McDonald's | Bill Elliott | Ford","Driver",7,15
"Racing",2017,"Playoff","National Treasures","Winning Signatures Gold","Mark Martin","Valvoline | Roush Racing | Ford","Driver",8,25
"Racing",2017,"Playoff","National Treasures","Winning Signatures Gold","Kyle Busch","M&M's | Joe Gibbs Racing | Toyota","Driver",9,15
"Racing",2017,"Playoff","National Treasures","Winning Signatures Gold","Matt Kenseth","DeWalt | Joe Gibbs Racing | Toyota","Driver",10,15
"Racing",2017,"Playoff","National Treasures","Winning Signatures Gold","Kevin Harvick","Jimmy John's | Stewart-Haas Racing | Ford","Driver",11,25
"Racing",2017,"Playoff","National Treasures","Winning Signatures Gold","Kurt Busch","Haas Automation | Stewart-Haas Racing | Ford","Driver",13,15
"Racing",2017,"Playoff","National Treasures","Winning Signatures Gold","Denny Hamlin","FedEx Express | Joe Gibbs Racing | Toyota","Driver",14,25
"Racing",2017,"Playoff","National Treasures","Winning Signatures Gold","Carl Edwards","Aflac | Roush Fenway Racing | Ford","Driver",15,25
"Racing",2017,"Playoff","National Treasures","Winning Signatures Green","Richard Petty","STP | Petty Enterprises | Plymouth","Driver",1,5
"Racing",2017,"Playoff","National Treasures","Winning Signatures Green","Darrell Waltrip","Mountain Dew | Junior Johnson | Buick","Driver",2,5
"Racing",2017,"Playoff","National Treasures","Winning Signatures Green","Cale Yarborough","Hardee's | Ranier Racing | Chevrolet","Driver",3,5
"Racing",2017,"Playoff","National Treasures","Winning Signatures Green","Rusty Wallace","Miller Lite | Team Penske | Ford","Driver",4,5
"Racing",2017,"Playoff","National Treasures","Winning Signatures Green","Ned Jarrett","B.G. Holloway | Ned Jarrett | Chevrolet","Driver",5,5
"Racing",2017,"Playoff","National Treasures","Winning Signatures Green","Junior Johnson","Holly Farms | Junior Johnson | Ford","Driver",6,5
"Racing",2017,"Playoff","National Treasures","Winning Signatures Green","Bill Elliott","McDonald's | Bill Elliott | Ford","Driver",7,5
"Racing",2017,"Playoff","National Treasures","Winning Signatures Green","Mark Martin","Valvoline | Roush Racing | Ford","Driver",8,5
"Racing",2017,"Playoff","National Treasures","Winning Signatures Green","Kyle Busch","M&M's | Joe Gibbs Racing | Toyota","Driver",9,5
"Racing",2017,"Playoff","National Treasures","Winning Signatures Green","Matt Kenseth","DeWalt | Joe Gibbs Racing | Toyota","Driver",10,5
"Racing",2017,"Playoff","National Treasures","Winning Signatures Green","Kevin Harvick","Jimmy John's | Stewart-Haas Racing | Ford","Driver",11,5
"Racing",2017,"Playoff","National Treasures","Winning Signatures Green","Dale Jarrett","Quality Care | Robert Yates Racing | Ford","Driver",12,5
"Racing",2017,"Playoff","National Treasures","Winning Signatures Green","Kurt Busch","Haas Automation | Stewart-Haas Racing | Ford","Driver",13,5
"Racing",2017,"Playoff","National Treasures","Winning Signatures Green","Denny Hamlin","FedEx Express | Joe Gibbs Racing | Toyota","Driver",14,5
"Racing",2017,"Playoff","National Treasures","Winning Signatures Green","Carl Edwards","Aflac | Roush Fenway Racing | Ford","Driver",15,5
"Racing",2017,"Playoff","National Treasures","Winning Signatures Holo Gold","Richard Petty","STP | Petty Enterprises | Plymouth","Driver",1,7
"Racing",2017,"Playoff","National Treasures","Winning Signatures Holo Gold","Darrell Waltrip","Mountain Dew | Junior Johnson | Buick","Driver",2,10
"Racing",2017,"Playoff","National Treasures","Winning Signatures Holo Gold","Cale Yarborough","Hardee's | Ranier Racing | Chevrolet","Driver",3,10
"Racing",2017,"Playoff","National Treasures","Winning Signatures Holo Gold","Rusty Wallace","Miller Lite | Team Penske | Ford","Driver",4,10
"Racing",2017,"Playoff","National Treasures","Winning Signatures Holo Gold","Ned Jarrett","B.G. Holloway | Ned Jarrett | Chevrolet","Driver",5,15
"Racing",2017,"Playoff","National Treasures","Winning Signatures Holo Gold","Junior Johnson","Holly Farms | Junior Johnson | Ford","Driver",6,15
"Racing",2017,"Playoff","National Treasures","Winning Signatures Holo Gold","Bill Elliott","McDonald's | Bill Elliott | Ford","Driver",7,10
"Racing",2017,"Playoff","National Treasures","Winning Signatures Holo Gold","Mark Martin","Valvoline | Roush Racing | Ford","Driver",8,15
"Racing",2017,"Playoff","National Treasures","Winning Signatures Holo Gold","Kyle Busch","M&M's | Joe Gibbs Racing | Toyota","Driver",9,10
"Racing",2017,"Playoff","National Treasures","Winning Signatures Holo Gold","Matt Kenseth","DeWalt | Joe Gibbs Racing | Toyota","Driver",10,10
"Racing",2017,"Playoff","National Treasures","Winning Signatures Holo Gold","Kevin Harvick","Jimmy John's | Stewart-Haas Racing | Ford","Driver",11,15
"Racing",2017,"Playoff","National Treasures","Winning Signatures Holo Gold","Dale Jarrett","Quality Care | Robert Yates Racing | Ford","Driver",12,10
"Racing",2017,"Playoff","National Treasures","Winning Signatures Holo Gold","Kurt Busch","Haas Automation | Stewart-Haas Racing | Ford","Driver",13,10
"Racing",2017,"Playoff","National Treasures","Winning Signatures Holo Gold","Denny Hamlin","FedEx Express | Joe Gibbs Racing | Toyota","Driver",14,15
"Racing",2017,"Playoff","National Treasures","Winning Signatures Holo Gold","Carl Edwards","Aflac | Roush Fenway Racing | Ford","Driver",15,15
"Racing",2017,"Playoff","National Treasures","Winning Signatures Holo Silver","Cale Yarborough","Hardee's | Ranier Racing | Chevrolet","Driver",3,20
"Racing",2017,"Playoff","National Treasures","Winning Signatures Holo Silver","Ned Jarrett","B.G. Holloway | Ned Jarrett | Chevrolet","Driver",5,50
"Racing",2017,"Playoff","National Treasures","Winning Signatures Holo Silver","Junior Johnson","Holly Farms | Junior Johnson | Ford","Driver",6,50
"Racing",2017,"Playoff","National Treasures","Winning Signatures Holo Silver","Mark Martin","Valvoline | Roush Racing | Ford","Driver",8,40
"Racing",2017,"Playoff","National Treasures","Winning Signatures Holo Silver","Kyle Busch","M&M's | Joe Gibbs Racing | Toyota","Driver",9,20
"Racing",2017,"Playoff","National Treasures","Winning Signatures Holo Silver","Matt Kenseth","DeWalt | Joe Gibbs Racing | Toyota","Driver",10,25
"Racing",2017,"Playoff","National Treasures","Winning Signatures Holo Silver","Kurt Busch","Haas Automation | Stewart-Haas Racing | Ford","Driver",13,20
"Racing",2017,"Playoff","National Treasures","Winning Signatures Holo Silver","Denny Hamlin","FedEx Express | Joe Gibbs Racing | Toyota","Driver",14,50
"Racing",2017,"Playoff","National Treasures","Winning Signatures Holo Silver","Carl Edwards","Aflac | Roush Fenway Racing | Ford","Driver",15,50
"Racing",2017,"Playoff","National Treasures","Winning Signatures Printing Plates Black","Richard Petty","STP | Petty Enterprises | Plymouth","Driver",1,1
"Racing",2017,"Playoff","National Treasures","Winning Signatures Printing Plates Black","Darrell Waltrip","Mountain Dew | Junior Johnson | Buick","Driver",2,1
"Racing",2017,"Playoff","National Treasures","Winning Signatures Printing Plates Black","Cale Yarborough","Hardee's | Ranier Racing | Chevrolet","Driver",3,1
"Racing",2017,"Playoff","National Treasures","Winning Signatures Printing Plates Black","Rusty Wallace","Miller Lite | Team Penske | Ford","Driver",4,1
"Racing",2017,"Playoff","National Treasures","Winning Signatures Printing Plates Black","Ned Jarrett","B.G. Holloway | Ned Jarrett | Chevrolet","Driver",5,1
"Racing",2017,"Playoff","National Treasures","Winning Signatures Printing Plates Black","Junior Johnson","Holly Farms | Junior Johnson | Ford","Driver",6,1
"Racing",2017,"Playoff","National Treasures","Winning Signatures Printing Plates Black","Bill Elliott","McDonald's | Bill Elliott | Ford","Driver",7,1
"Racing",2017,"Playoff","National Treasures","Winning Signatures Printing Plates Black","Mark Martin","Valvoline | Roush Racing | Ford","Driver",8,1
"Racing",2017,"Playoff","National Treasures","Winning Signatures Printing Plates Black","Kyle Busch","M&M's | Joe Gibbs Racing | Toyota","Driver",9,1
"Racing",2017,"Playoff","National Treasures","Winning Signatures Printing Plates Black","Matt Kenseth","DeWalt | Joe Gibbs Racing | Toyota","Driver",10,1
"Racing",2017,"Playoff","National Treasures","Winning Signatures Printing Plates Black","Kevin Harvick","Jimmy John's | Stewart-Haas Racing | Ford","Driver",11,1
"Racing",2017,"Playoff","National Treasures","Winning Signatures Printing Plates Black","Dale Jarrett","Quality Care | Robert Yates Racing | Ford","Driver",12,1
"Racing",2017,"Playoff","National Treasures","Winning Signatures Printing Plates Black","Kurt Busch","Haas Automation | Stewart-Haas Racing | Ford","Driver",13,1
"Racing",2017,"Playoff","National Treasures","Winning Signatures Printing Plates Black","Denny Hamlin","FedEx Express | Joe Gibbs Racing | Toyota","Driver",14,1
"Racing",2017,"Playoff","National Treasures","Winning Signatures Printing Plates Black","Carl Edwards","Aflac | Roush Fenway Racing | Ford","Driver",15,1
"Racing",2017,"Playoff","National Treasures","Winning Signatures Printing Plates Cyan","Richard Petty","STP | Petty Enterprises | Plymouth","Driver",1,1
"Racing",2017,"Playoff","National Treasures","Winning Signatures Printing Plates Cyan","Darrell Waltrip","Mountain Dew | Junior Johnson | Buick","Driver",2,1
"Racing",2017,"Playoff","National Treasures","Winning Signatures Printing Plates Cyan","Cale Yarborough","Hardee's | Ranier Racing | Chevrolet","Driver",3,1
"Racing",2017,"Playoff","National Treasures","Winning Signatures Printing Plates Cyan","Rusty Wallace","Miller Lite | Team Penske | Ford","Driver",4,1
"Racing",2017,"Playoff","National Treasures","Winning Signatures Printing Plates Cyan","Ned Jarrett","B.G. Holloway | Ned Jarrett | Chevrolet","Driver",5,1
"Racing",2017,"Playoff","National Treasures","Winning Signatures Printing Plates Cyan","Junior Johnson","Holly Farms | Junior Johnson | Ford","Driver",6,1
"Racing",2017,"Playoff","National Treasures","Winning Signatures Printing Plates Cyan","Bill Elliott","McDonald's | Bill Elliott | Ford","Driver",7,1
"Racing",2017,"Playoff","National Treasures","Winning Signatures Printing Plates Cyan","Mark Martin","Valvoline | Roush Racing | Ford","Driver",8,1
"Racing",2017,"Playoff","National Treasures","Winning Signatures Printing Plates Cyan","Kyle Busch","M&M's | Joe Gibbs Racing | Toyota","Driver",9,1
"Racing",2017,"Playoff","National Treasures","Winning Signatures Printing Plates Cyan","Matt Kenseth","DeWalt | Joe Gibbs Racing | Toyota","Driver",10,1
"Racing",2017,"Playoff","National Treasures","Winning Signatures Printing Plates Cyan","Kevin Harvick","Jimmy John's | Stewart-Haas Racing | Ford","Driver",11,1
"Racing",2017,"Playoff","National Treasures","Winning Signatures Printing Plates Cyan","Dale Jarrett","Quality Care | Robert Yates Racing | Ford","Driver",12,1
"Racing",2017,"Playoff","National Treasures","Winning Signatures Printing Plates Cyan","Kurt Busch","Haas Automation | Stewart-Haas Racing | Ford","Driver",13,1
"Racing",2017,"Playoff","National Treasures","Winning Signatures Printing Plates Cyan","Denny Hamlin","FedEx Express | Joe Gibbs Racing | Toyota","Driver",14,1
"Racing",2017,"Playoff","National Treasures","Winning Signatures Printing Plates Cyan","Carl Edwards","Aflac | Roush Fenway Racing | Ford","Driver",15,1
"Racing",2017,"Playoff","National Treasures","Winning Signatures Printing Plates Magenta","Richard Petty","STP | Petty Enterprises | Plymouth","Driver",1,1
"Racing",2017,"Playoff","National Treasures","Winning Signatures Printing Plates Magenta","Darrell Waltrip","Mountain Dew | Junior Johnson | Buick","Driver",2,1
"Racing",2017,"Playoff","National Treasures","Winning Signatures Printing Plates Magenta","Cale Yarborough","Hardee's | Ranier Racing | Chevrolet","Driver",3,1
"Racing",2017,"Playoff","National Treasures","Winning Signatures Printing Plates Magenta","Rusty Wallace","Miller Lite | Team Penske | Ford","Driver",4,1
"Racing",2017,"Playoff","National Treasures","Winning Signatures Printing Plates Magenta","Ned Jarrett","B.G. Holloway | Ned Jarrett | Chevrolet","Driver",5,1
"Racing",2017,"Playoff","National Treasures","Winning Signatures Printing Plates Magenta","Junior Johnson","Holly Farms | Junior Johnson | Ford","Driver",6,1
"Racing",2017,"Playoff","National Treasures","Winning Signatures Printing Plates Magenta","Bill Elliott","McDonald's | Bill Elliott | Ford","Driver",7,1
"Racing",2017,"Playoff","National Treasures","Winning Signatures Printing Plates Magenta","Mark Martin","Valvoline | Roush Racing | Ford","Driver",8,1
"Racing",2017,"Playoff","National Treasures","Winning Signatures Printing Plates Magenta","Kyle Busch","M&M's | Joe Gibbs Racing | Toyota","Driver",9,1
"Racing",2017,"Playoff","National Treasures","Winning Signatures Printing Plates Magenta","Matt Kenseth","DeWalt | Joe Gibbs Racing | Toyota","Driver",10,1
"Racing",2017,"Playoff","National Treasures","Winning Signatures Printing Plates Magenta","Kevin Harvick","Jimmy John's | Stewart-Haas Racing | Ford","Driver",11,1
"Racing",2017,"Playoff","National Treasures","Winning Signatures Printing Plates Magenta","Dale Jarrett","Quality Care | Robert Yates Racing | Ford","Driver",12,1
"Racing",2017,"Playoff","National Treasures","Winning Signatures Printing Plates Magenta","Kurt Busch","Haas Automation | Stewart-Haas Racing | Ford","Driver",13,1
"Racing",2017,"Playoff","National Treasures","Winning Signatures Printing Plates Magenta","Denny Hamlin","FedEx Express | Joe Gibbs Racing | Toyota","Driver",14,1
"Racing",2017,"Playoff","National Treasures","Winning Signatures Printing Plates Magenta","Carl Edwards","Aflac | Roush Fenway Racing | Ford","Driver",15,1
"Racing",2017,"Playoff","National Treasures","Winning Signatures Printing Plates Yellow","Richard Petty","STP | Petty Enterprises | Plymouth","Driver",1,1
"Racing",2017,"Playoff","National Treasures","Winning Signatures Printing Plates Yellow","Darrell Waltrip","Mountain Dew | Junior Johnson | Buick","Driver",2,1
"Racing",2017,"Playoff","National Treasures","Winning Signatures Printing Plates Yellow","Cale Yarborough","Hardee's | Ranier Racing | Chevrolet","Driver",3,1
"Racing",2017,"Playoff","National Treasures","Winning Signatures Printing Plates Yellow","Rusty Wallace","Miller Lite | Team Penske | Ford","Driver",4,1
"Racing",2017,"Playoff","National Treasures","Winning Signatures Printing Plates Yellow","Ned Jarrett","B.G. Holloway | Ned Jarrett | Chevrolet","Driver",5,1
"Racing",2017,"Playoff","National Treasures","Winning Signatures Printing Plates Yellow","Junior Johnson","Holly Farms | Junior Johnson | Ford","Driver",6,1
"Racing",2017,"Playoff","National Treasures","Winning Signatures Printing Plates Yellow","Bill Elliott","McDonald's | Bill Elliott | Ford","Driver",7,1
"Racing",2017,"Playoff","National Treasures","Winning Signatures Printing Plates Yellow","Mark Martin","Valvoline | Roush Racing | Ford","Driver",8,1
"Racing",2017,"Playoff","National Treasures","Winning Signatures Printing Plates Yellow","Kyle Busch","M&M's | Joe Gibbs Racing | Toyota","Driver",9,1
"Racing",2017,"Playoff","National Treasures","Winning Signatures Printing Plates Yellow","Matt Kenseth","DeWalt | Joe Gibbs Racing | Toyota","Driver",10,1
"Racing",2017,"Playoff","National Treasures","Winning Signatures Printing Plates Yellow","Kevin Harvick","Jimmy John's | Stewart-Haas Racing | Ford","Driver",11,1
"Racing",2017,"Playoff","National Treasures","Winning Signatures Printing Plates Yellow","Dale Jarrett","Quality Care | Robert Yates Racing | Ford","Driver",12,1
"Racing",2017,"Playoff","National Treasures","Winning Signatures Printing Plates Yellow","Kurt Busch","Haas Automation | Stewart-Haas Racing | Ford","Driver",13,1
"Racing",2017,"Playoff","National Treasures","Winning Signatures Printing Plates Yellow","Denny Hamlin","FedEx Express | Joe Gibbs Racing | Toyota","Driver",14,1
"Racing",2017,"Playoff","National Treasures","Winning Signatures Printing Plates Yellow","Carl Edwards","Aflac | Roush Fenway Racing | Ford","Driver",15,1