"SPORT","YEAR","BRAND","PROGRAM","CARD SET","ATHLETE","TEAM","POSITION","CARD NUMBER","SEQUENCE"
"Racing",2019,"Panini","Victory Lane","Base","Kurt Busch","Comsurv | Chip Ganassi Racing | Chevrolet","Driver",1,
"Racing",2019,"Panini","Victory Lane","Base","Brad Keselowski","Miller Lite | Team Penske | Ford","Driver",2,
"Racing",2019,"Panini","Victory Lane","Base","Austin Dillon","Dow Chemical | Richard Childress Racing | Chevrolet","Driver",3,
"Racing",2019,"Panini","Victory Lane","Base","Kevin Harvick","Jimmy John's | Stewart-Haas Racing | Ford","Driver",4,
"Racing",2019,"Panini","Victory Lane","Base","Ryan Newman","Oscar Mayer | Roush Fenway Racing | Ford","Driver",5,
"Racing",2019,"Panini","Victory Lane","Base","Daniel Hemric","Caterpillar | Richard Childress Racing | Chevrolet","Driver",6,
"Racing",2019,"Panini","Victory Lane","Base","Chase Elliott","NAPA Auto Parts | Hendrick Motorsports | Chevrolet","Driver",7,
"Racing",2019,"Panini","Victory Lane","Base","Aric Almirola","Smithfield Foods | Stewart-Haas Racing | Ford","Driver",8,
"Racing",2019,"Panini","Victory Lane","Base","Denny Hamlin","FedEx Express | Joe Gibbs Racing | Toyota","Driver",9,
"Racing",2019,"Panini","Victory Lane","Base","Ryan Blaney","Menards | Team Penske | Ford","Driver",10,
"Racing",2019,"Panini","Victory Lane","Base","Ty Dillon","GEICO | Germain Racing | Chevrolet","Driver",11,
"Racing",2019,"Panini","Victory Lane","Base","Clint Bowyer","Rush Truck Centers | Stewart-Haas Racing| Ford","Driver",12,
"Racing",2019,"Panini","Victory Lane","Base","Ross Chastain","Low T Center | Premium Motorsports | Chevrolet","Driver",13,
"Racing",2019,"Panini","Victory Lane","Base","Ricky Stenhouse Jr","Fastenal | Roush Fenway Racing | Ford","Driver",14,
"Racing",2019,"Panini","Victory Lane","Base","Kyle Busch","M&M's | Joe Gibbs Racing | Toyota","Driver",15,
"Racing",2019,"Panini","Victory Lane","Base","Martin Truex Jr.","Bass Pro Shops | Joe Gibbs Racing | Toyota","Driver",16,
"Racing",2019,"Panini","Victory Lane","Base","Erik Jones","DeWalt | Joe Gibbs Racing | Toyota","Driver",17,
"Racing",2019,"Panini","Victory Lane","Base","Paul Menard","Motorcraft | Wood Brothers Racing | Ford","Driver",18,
"Racing",2019,"Panini","Victory Lane","Base","Joey Logano","Shell-Pennzoil | Team Penske | Ford","Driver",19,
"Racing",2019,"Panini","Victory Lane","Base","William Byron","AXALTA | Hendrick Motorsports | Chevrolet","Driver",20,
"Racing",2019,"Panini","Victory Lane","Base","Corey LaJoie","Old Spice | Go Fas Racing | Ford","Driver",21,
"Racing",2019,"Panini","Victory Lane","Base","Michael McDowell","Love's Travel Stops | Front Row Motorsports | Ford","Driver",22,
"Racing",2019,"Panini","Victory Lane","Base","Matt Tifft","SpeedCo | Front Row Motorsports | Ford","Driver",23,
"Racing",2019,"Panini","Victory Lane","Base","Chris Buescher","Kleenex | JTG Daugherty Racing | Chevrolet","Driver",24,
"Racing",2019,"Panini","Victory Lane","Base","David Ragan","Select Blinds | Front Row Motorsports | Ford","Driver",25,
"Racing",2019,"Panini","Victory Lane","Base","Daniel Suarez","ARRIS | Stewart-Haas Racing | Ford","Driver",26,
"Racing",2019,"Panini","Victory Lane","Base","Kyle Larson","Credit One Bank | Chip Ganassi Racing | Chevrolet","Driver",27,
"Racing",2019,"Panini","Victory Lane","Base","Bubba Wallace","Aftershokz | Richard Petty Motorsports | Chevrolet","Driver",28,
"Racing",2019,"Panini","Victory Lane","Base","Ryan Preece","Kroger Click List | JTG Daugherty Racing | Chevrolet","Driver",29,
"Racing",2019,"Panini","Victory Lane","Base","Jimmie Johnson","Ally Financial | Hendrick Motorsports | Chevrolet","Driver",30,
"Racing",2019,"Panini","Victory Lane","Base","Alex Bowman","Nationwide | Hendrick Motorsports | Chevrolet","Driver",31,
"Racing",2019,"Panini","Victory Lane","Base","Matt DiBenedetto","Procore | Leavine Family Racing | Toyota","Driver",32,
"Racing",2019,"Panini","Victory Lane","Base","Tanner Berryhill","Obaika Racing | Toyota","Driver",33,
"Racing",2019,"Panini","Victory Lane","Base","Landon Cassill","StarCom | StarCom Racing | Chevrolet","Driver",34,
"Racing",2019,"Panini","Victory Lane","Base","Cole Custer","Jacob Companies | Stewart-Haas Racing | Ford","Driver",35,
"Racing",2019,"Panini","Victory Lane","Base","Noah Gragson","Switch | JR Motorsports | Chevrolet","Driver",36,
"Racing",2019,"Panini","Victory Lane","Base","Michael Annett","American Heart Association | JR Motorsports | Chevrolet","Driver",37,
"Racing",2019,"Panini","Victory Lane","Base","Justin Allgaier","Brandt | JR Motorsports | Chevrolet","Driver",38,
"Racing",2019,"Panini","Victory Lane","Base","Gray Gaulding","Pure | SS Green Light Racing | Chevrolet","Driver",39,
"Racing",2019,"Panini","Victory Lane","Base","Zane Smith","Switch | JR Motorsports | Chevrolet","Driver",40,
"Racing",2019,"Panini","Victory Lane","Base","Justin Haley","LeafFilter | Kaulig Racing | Chevrolet","Driver",41,
"Racing",2019,"Panini","Victory Lane","Base","Christopher Bell","Rheem | Joe Gibbs Racing | Toyota","Driver",42,
"Racing",2019,"Panini","Victory Lane","Base","John Hunter Nemechek","Fire Alarm Services | GMS Racing | Chevrolet","Driver",43,
"Racing",2019,"Panini","Victory Lane","Base","Chase Briscoe","Nutri Chomps | Stewart-Haas Racing | Ford","Driver",44,
"Racing",2019,"Panini","Victory Lane","Base","Richard Petty","STP | Petty Enterprises | Plymouth","Driver",45,
"Racing",2019,"Panini","Victory Lane","Base","Dale Earnhardt Jr","National Guard | Hendrick Motorsports | Chevrolet","Driver",46,
"Racing",2019,"Panini","Victory Lane","Base","Danica Patrick","GoDaddy.com | Premium Motorsports | Chevrolet","Driver",47,
"Racing",2019,"Panini","Victory Lane","Base","Mark Martin","Valvoline | Roush Racing | Ford","Driver",48,
"Racing",2019,"Panini","Victory Lane","Base","Terry Labonte","Kellogg's Corn Flakes | Hendrick Motorsports | Chevrolet","Driver",49,
"Racing",2019,"Panini","Victory Lane","Base","Darrell Waltrip","Mountain Dew | Junior Johnson | Buick","Driver",50,
"Racing",2019,"Panini","Victory Lane","Black","Kurt Busch","Comsurv | Chip Ganassi Racing | Chevrolet","Driver",1,1
"Racing",2019,"Panini","Victory Lane","Black","Brad Keselowski","Miller Lite | Team Penske | Ford","Driver",2,1
"Racing",2019,"Panini","Victory Lane","Black","Austin Dillon","Dow Chemical | Richard Childress Racing | Chevrolet","Driver",3,1
"Racing",2019,"Panini","Victory Lane","Black","Kevin Harvick","Jimmy John's | Stewart-Haas Racing | Ford","Driver",4,1
"Racing",2019,"Panini","Victory Lane","Black","Ryan Newman","Oscar Mayer | Roush Fenway Racing | Ford","Driver",5,1
"Racing",2019,"Panini","Victory Lane","Black","Daniel Hemric","Caterpillar | Richard Childress Racing | Chevrolet","Driver",6,1
"Racing",2019,"Panini","Victory Lane","Black","Chase Elliott","NAPA Auto Parts | Hendrick Motorsports | Chevrolet","Driver",7,1
"Racing",2019,"Panini","Victory Lane","Black","Aric Almirola","Smithfield Foods | Stewart-Haas Racing | Ford","Driver",8,1
"Racing",2019,"Panini","Victory Lane","Black","Denny Hamlin","FedEx Express | Joe Gibbs Racing | Toyota","Driver",9,1
"Racing",2019,"Panini","Victory Lane","Black","Ryan Blaney","Menards | Team Penske | Ford","Driver",10,1
"Racing",2019,"Panini","Victory Lane","Black","Ty Dillon","GEICO | Germain Racing | Chevrolet","Driver",11,1
"Racing",2019,"Panini","Victory Lane","Black","Clint Bowyer","Rush Truck Centers | Stewart-Haas Racing| Ford","Driver",12,1
"Racing",2019,"Panini","Victory Lane","Black","Ross Chastain","Low T Center | Premium Motorsports | Chevrolet","Driver",13,1
"Racing",2019,"Panini","Victory Lane","Black","Ricky Stenhouse Jr","Fastenal | Roush Fenway Racing | Ford","Driver",14,1
"Racing",2019,"Panini","Victory Lane","Black","Kyle Busch","M&M's | Joe Gibbs Racing | Toyota","Driver",15,1
"Racing",2019,"Panini","Victory Lane","Black","Martin Truex Jr.","Bass Pro Shops | Joe Gibbs Racing | Toyota","Driver",16,1
"Racing",2019,"Panini","Victory Lane","Black","Erik Jones","DeWalt | Joe Gibbs Racing | Toyota","Driver",17,1
"Racing",2019,"Panini","Victory Lane","Black","Paul Menard","Motorcraft | Wood Brothers Racing | Ford","Driver",18,1
"Racing",2019,"Panini","Victory Lane","Black","Joey Logano","Shell-Pennzoil | Team Penske | Ford","Driver",19,1
"Racing",2019,"Panini","Victory Lane","Black","William Byron","AXALTA | Hendrick Motorsports | Chevrolet","Driver",20,1
"Racing",2019,"Panini","Victory Lane","Black","Corey LaJoie","Old Spice | Go Fas Racing | Ford","Driver",21,1
"Racing",2019,"Panini","Victory Lane","Black","Michael McDowell","Love's Travel Stops | Front Row Motorsports | Ford","Driver",22,1
"Racing",2019,"Panini","Victory Lane","Black","Matt Tifft","SpeedCo | Front Row Motorsports | Ford","Driver",23,1
"Racing",2019,"Panini","Victory Lane","Black","Chris Buescher","Kleenex | JTG Daugherty Racing | Chevrolet","Driver",24,1
"Racing",2019,"Panini","Victory Lane","Black","David Ragan","Select Blinds | Front Row Motorsports | Ford","Driver",25,1
"Racing",2019,"Panini","Victory Lane","Black","Daniel Suarez","ARRIS | Stewart-Haas Racing | Ford","Driver",26,1
"Racing",2019,"Panini","Victory Lane","Black","Kyle Larson","Credit One Bank | Chip Ganassi Racing | Chevrolet","Driver",27,1
"Racing",2019,"Panini","Victory Lane","Black","Bubba Wallace","Aftershokz | Richard Petty Motorsports | Chevrolet","Driver",28,1
"Racing",2019,"Panini","Victory Lane","Black","Ryan Preece","Kroger Click List | JTG Daugherty Racing | Chevrolet","Driver",29,1
"Racing",2019,"Panini","Victory Lane","Black","Jimmie Johnson","Ally Financial | Hendrick Motorsports | Chevrolet","Driver",30,1
"Racing",2019,"Panini","Victory Lane","Black","Alex Bowman","Nationwide | Hendrick Motorsports | Chevrolet","Driver",31,1
"Racing",2019,"Panini","Victory Lane","Black","Matt DiBenedetto","Procore | Leavine Family Racing | Toyota","Driver",32,1
"Racing",2019,"Panini","Victory Lane","Black","Tanner Berryhill","Obaika Racing | Toyota","Driver",33,1
"Racing",2019,"Panini","Victory Lane","Black","Landon Cassill","StarCom | StarCom Racing | Chevrolet","Driver",34,1
"Racing",2019,"Panini","Victory Lane","Black","Cole Custer","Jacob Companies | Stewart-Haas Racing | Ford","Driver",35,1
"Racing",2019,"Panini","Victory Lane","Black","Noah Gragson","Switch | JR Motorsports | Chevrolet","Driver",36,1
"Racing",2019,"Panini","Victory Lane","Black","Michael Annett","American Heart Association | JR Motorsports | Chevrolet","Driver",37,1
"Racing",2019,"Panini","Victory Lane","Black","Justin Allgaier","Brandt | JR Motorsports | Chevrolet","Driver",38,1
"Racing",2019,"Panini","Victory Lane","Black","Gray Gaulding","Pure | SS Green Light Racing | Chevrolet","Driver",39,1
"Racing",2019,"Panini","Victory Lane","Black","Zane Smith","Switch | JR Motorsports | Chevrolet","Driver",40,1
"Racing",2019,"Panini","Victory Lane","Black","Justin Haley","LeafFilter | Kaulig Racing | Chevrolet","Driver",41,1
"Racing",2019,"Panini","Victory Lane","Black","Christopher Bell","Rheem | Joe Gibbs Racing | Toyota","Driver",42,1
"Racing",2019,"Panini","Victory Lane","Black","John Hunter Nemechek","Fire Alarm Services | GMS Racing | Chevrolet","Driver",43,1
"Racing",2019,"Panini","Victory Lane","Black","Chase Briscoe","Nutri Chomps | Stewart-Haas Racing | Ford","Driver",44,1
"Racing",2019,"Panini","Victory Lane","Black","Richard Petty","STP | Petty Enterprises | Plymouth","Driver",45,1
"Racing",2019,"Panini","Victory Lane","Black","Dale Earnhardt Jr","National Guard | Hendrick Motorsports | Chevrolet","Driver",46,1
"Racing",2019,"Panini","Victory Lane","Black","Danica Patrick","GoDaddy.com | Premium Motorsports | Chevrolet","Driver",47,1
"Racing",2019,"Panini","Victory Lane","Black","Mark Martin","Valvoline | Roush Racing | Ford","Driver",48,1
"Racing",2019,"Panini","Victory Lane","Black","Terry Labonte","Kellogg's Corn Flakes | Hendrick Motorsports | Chevrolet","Driver",49,1
"Racing",2019,"Panini","Victory Lane","Black","Darrell Waltrip","Mountain Dew | Junior Johnson | Buick","Driver",50,1
"Racing",2019,"Panini","Victory Lane","Celebrations","Austin Dillon","Dow Chemical | Richard Childress Racing | Chevrolet","Driver",1,
"Racing",2019,"Panini","Victory Lane","Celebrations","Kevin Harvick","Jimmy John's | Stewart-Haas Racing | Ford","Driver",2,
"Racing",2019,"Panini","Victory Lane","Celebrations","Kyle Busch","M&M's | Joe Gibbs Racing | Toyota","Driver",3,
"Racing",2019,"Panini","Victory Lane","Celebrations","Martin Truex Jr.","Bass Pro Shops-TRACKER Boats | Furniture Row Racing | Toyota","Driver",4,
"Racing",2019,"Panini","Victory Lane","Celebrations","Clint Bowyer","Haas Automation | Stewart-Haas Racing | Ford","Driver",5,
"Racing",2019,"Panini","Victory Lane","Celebrations","Erik Jones","Buyatoyota.com | Joe Gibbs Racing | Toyota","Driver",6,
"Racing",2019,"Panini","Victory Lane","Celebrations","Chase Elliott","SunEnergy 1 | Hendrick Motorsports | Chevrolet","Driver",7,
"Racing",2019,"Panini","Victory Lane","Celebrations","Brad Keselowski","Miller Genuine Draft | Team Penske | Ford","Driver",8,
"Racing",2019,"Panini","Victory Lane","Celebrations","Ryan Blaney","Menards | Team Penske | Ford","Driver",9,
"Racing",2019,"Panini","Victory Lane","Celebrations","Aric Almirola","Smithfield Foods | Stewart-Haas Racing | Ford","Driver",10,
"Racing",2019,"Panini","Victory Lane","Celebrations","Brad Keselowski","Miller Lite | Team Penske | Ford","Driver",11,
"Racing",2019,"Panini","Victory Lane","Celebrations","Kevin Harvick","Jimmy John's | Stewart-Haas Racing | Ford","Driver",12,
"Racing",2019,"Panini","Victory Lane","Celebrations","Joey Logano","Shell-Pennzoil | Team Penske | Ford","Driver",13,
"Racing",2019,"Panini","Victory Lane","Celebrations","Joey Logano","Shell-Pennzoil | Team Penske | Ford","Driver",14,
"Racing",2019,"Panini","Victory Lane","Celebrations","Joey Logano","Shell-Pennzoil | Team Penske | Ford","Driver",15,
"Racing",2019,"Panini","Victory Lane","Celebrations Black","Austin Dillon","Dow Chemical | Richard Childress Racing | Chevrolet","Driver",1,1
"Racing",2019,"Panini","Victory Lane","Celebrations Black","Kevin Harvick","Jimmy John's | Stewart-Haas Racing | Ford","Driver",2,1
"Racing",2019,"Panini","Victory Lane","Celebrations Black","Kyle Busch","M&M's | Joe Gibbs Racing | Toyota","Driver",3,1
"Racing",2019,"Panini","Victory Lane","Celebrations Black","Martin Truex Jr.","Bass Pro Shops-TRACKER Boats | Furniture Row Racing | Toyota","Driver",4,1
"Racing",2019,"Panini","Victory Lane","Celebrations Black","Clint Bowyer","Haas Automation | Stewart-Haas Racing | Ford","Driver",5,1
"Racing",2019,"Panini","Victory Lane","Celebrations Black","Erik Jones","Buyatoyota.com | Joe Gibbs Racing | Toyota","Driver",6,1
"Racing",2019,"Panini","Victory Lane","Celebrations Black","Chase Elliott","SunEnergy 1 | Hendrick Motorsports | Chevrolet","Driver",7,1
"Racing",2019,"Panini","Victory Lane","Celebrations Black","Brad Keselowski","Miller Genuine Draft | Team Penske | Ford","Driver",8,1
"Racing",2019,"Panini","Victory Lane","Celebrations Black","Ryan Blaney","Menards | Team Penske | Ford","Driver",9,1
"Racing",2019,"Panini","Victory Lane","Celebrations Black","Aric Almirola","Smithfield Foods | Stewart-Haas Racing | Ford","Driver",10,1
"Racing",2019,"Panini","Victory Lane","Celebrations Black","Brad Keselowski","Miller Lite | Team Penske | Ford","Driver",11,1
"Racing",2019,"Panini","Victory Lane","Celebrations Black","Kevin Harvick","Jimmy John's | Stewart-Haas Racing | Ford","Driver",12,1
"Racing",2019,"Panini","Victory Lane","Celebrations Black","Joey Logano","Shell-Pennzoil | Team Penske | Ford","Driver",13,1
"Racing",2019,"Panini","Victory Lane","Celebrations Black","Joey Logano","Shell-Pennzoil | Team Penske | Ford","Driver",14,1
"Racing",2019,"Panini","Victory Lane","Celebrations Black","Joey Logano","Shell-Pennzoil | Team Penske | Ford","Driver",15,1
"Racing",2019,"Panini","Victory Lane","Celebrations Blue","Austin Dillon","Dow Chemical | Richard Childress Racing | Chevrolet","Driver",1,99
"Racing",2019,"Panini","Victory Lane","Celebrations Blue","Kevin Harvick","Jimmy John's | Stewart-Haas Racing | Ford","Driver",2,99
"Racing",2019,"Panini","Victory Lane","Celebrations Blue","Kyle Busch","M&M's | Joe Gibbs Racing | Toyota","Driver",3,99
"Racing",2019,"Panini","Victory Lane","Celebrations Blue","Martin Truex Jr.","Bass Pro Shops-TRACKER Boats | Furniture Row Racing | Toyota","Driver",4,99
"Racing",2019,"Panini","Victory Lane","Celebrations Blue","Clint Bowyer","Haas Automation | Stewart-Haas Racing | Ford","Driver",5,99
"Racing",2019,"Panini","Victory Lane","Celebrations Blue","Erik Jones","Buyatoyota.com | Joe Gibbs Racing | Toyota","Driver",6,99
"Racing",2019,"Panini","Victory Lane","Celebrations Blue","Chase Elliott","SunEnergy 1 | Hendrick Motorsports | Chevrolet","Driver",7,99
"Racing",2019,"Panini","Victory Lane","Celebrations Blue","Brad Keselowski","Miller Genuine Draft | Team Penske | Ford","Driver",8,99
"Racing",2019,"Panini","Victory Lane","Celebrations Blue","Ryan Blaney","Menards | Team Penske | Ford","Driver",9,99
"Racing",2019,"Panini","Victory Lane","Celebrations Blue","Aric Almirola","Smithfield Foods | Stewart-Haas Racing | Ford","Driver",10,99
"Racing",2019,"Panini","Victory Lane","Celebrations Blue","Brad Keselowski","Miller Lite | Team Penske | Ford","Driver",11,99
"Racing",2019,"Panini","Victory Lane","Celebrations Blue","Kevin Harvick","Jimmy John's | Stewart-Haas Racing | Ford","Driver",12,99
"Racing",2019,"Panini","Victory Lane","Celebrations Blue","Joey Logano","Shell-Pennzoil | Team Penske | Ford","Driver",13,99
"Racing",2019,"Panini","Victory Lane","Celebrations Blue","Joey Logano","Shell-Pennzoil | Team Penske | Ford","Driver",14,99
"Racing",2019,"Panini","Victory Lane","Celebrations Blue","Joey Logano","Shell-Pennzoil | Team Penske | Ford","Driver",15,99
"Racing",2019,"Panini","Victory Lane","Celebrations Gold","Austin Dillon","Dow Chemical | Richard Childress Racing | Chevrolet","Driver",1,25
"Racing",2019,"Panini","Victory Lane","Celebrations Gold","Kevin Harvick","Jimmy John's | Stewart-Haas Racing | Ford","Driver",2,25
"Racing",2019,"Panini","Victory Lane","Celebrations Gold","Kyle Busch","M&M's | Joe Gibbs Racing | Toyota","Driver",3,25
"Racing",2019,"Panini","Victory Lane","Celebrations Gold","Martin Truex Jr.","Bass Pro Shops-TRACKER Boats | Furniture Row Racing | Toyota","Driver",4,25
"Racing",2019,"Panini","Victory Lane","Celebrations Gold","Clint Bowyer","Haas Automation | Stewart-Haas Racing | Ford","Driver",5,25
"Racing",2019,"Panini","Victory Lane","Celebrations Gold","Erik Jones","Buyatoyota.com | Joe Gibbs Racing | Toyota","Driver",6,25
"Racing",2019,"Panini","Victory Lane","Celebrations Gold","Chase Elliott","SunEnergy 1 | Hendrick Motorsports | Chevrolet","Driver",7,25
"Racing",2019,"Panini","Victory Lane","Celebrations Gold","Brad Keselowski","Miller Genuine Draft | Team Penske | Ford","Driver",8,25
"Racing",2019,"Panini","Victory Lane","Celebrations Gold","Ryan Blaney","Menards | Team Penske | Ford","Driver",9,25
"Racing",2019,"Panini","Victory Lane","Celebrations Gold","Aric Almirola","Smithfield Foods | Stewart-Haas Racing | Ford","Driver",10,25
"Racing",2019,"Panini","Victory Lane","Celebrations Gold","Brad Keselowski","Miller Lite | Team Penske | Ford","Driver",11,25
"Racing",2019,"Panini","Victory Lane","Celebrations Gold","Kevin Harvick","Jimmy John's | Stewart-Haas Racing | Ford","Driver",12,25
"Racing",2019,"Panini","Victory Lane","Celebrations Gold","Joey Logano","Shell-Pennzoil | Team Penske | Ford","Driver",13,25
"Racing",2019,"Panini","Victory Lane","Celebrations Gold","Joey Logano","Shell-Pennzoil | Team Penske | Ford","Driver",14,25
"Racing",2019,"Panini","Victory Lane","Celebrations Gold","Joey Logano","Shell-Pennzoil | Team Penske | Ford","Driver",15,25
"Racing",2019,"Panini","Victory Lane","Celebrations Green","Austin Dillon","Dow Chemical | Richard Childress Racing | Chevrolet","Driver",1,5
"Racing",2019,"Panini","Victory Lane","Celebrations Green","Kevin Harvick","Jimmy John's | Stewart-Haas Racing | Ford","Driver",2,5
"Racing",2019,"Panini","Victory Lane","Celebrations Green","Kyle Busch","M&M's | Joe Gibbs Racing | Toyota","Driver",3,5
"Racing",2019,"Panini","Victory Lane","Celebrations Green","Martin Truex Jr.","Bass Pro Shops-TRACKER Boats | Furniture Row Racing | Toyota","Driver",4,5
"Racing",2019,"Panini","Victory Lane","Celebrations Green","Clint Bowyer","Haas Automation | Stewart-Haas Racing | Ford","Driver",5,5
"Racing",2019,"Panini","Victory Lane","Celebrations Green","Erik Jones","Buyatoyota.com | Joe Gibbs Racing | Toyota","Driver",6,5
"Racing",2019,"Panini","Victory Lane","Celebrations Green","Chase Elliott","SunEnergy 1 | Hendrick Motorsports | Chevrolet","Driver",7,5
"Racing",2019,"Panini","Victory Lane","Celebrations Green","Brad Keselowski","Miller Genuine Draft | Team Penske | Ford","Driver",8,5
"Racing",2019,"Panini","Victory Lane","Celebrations Green","Ryan Blaney","Menards | Team Penske | Ford","Driver",9,5
"Racing",2019,"Panini","Victory Lane","Celebrations Green","Aric Almirola","Smithfield Foods | Stewart-Haas Racing | Ford","Driver",10,5
"Racing",2019,"Panini","Victory Lane","Celebrations Green","Brad Keselowski","Miller Lite | Team Penske | Ford","Driver",11,5
"Racing",2019,"Panini","Victory Lane","Celebrations Green","Kevin Harvick","Jimmy John's | Stewart-Haas Racing | Ford","Driver",12,5
"Racing",2019,"Panini","Victory Lane","Celebrations Green","Joey Logano","Shell-Pennzoil | Team Penske | Ford","Driver",13,5
"Racing",2019,"Panini","Victory Lane","Celebrations Green","Joey Logano","Shell-Pennzoil | Team Penske | Ford","Driver",14,5
"Racing",2019,"Panini","Victory Lane","Celebrations Green","Joey Logano","Shell-Pennzoil | Team Penske | Ford","Driver",15,5
"Racing",2019,"Panini","Victory Lane","Celebrations Printing Plates Black","Austin Dillon","Dow Chemical | Richard Childress Racing | Chevrolet","Driver",1,1
"Racing",2019,"Panini","Victory Lane","Celebrations Printing Plates Black","Kevin Harvick","Jimmy John's | Stewart-Haas Racing | Ford","Driver",2,1
"Racing",2019,"Panini","Victory Lane","Celebrations Printing Plates Black","Kyle Busch","M&M's | Joe Gibbs Racing | Toyota","Driver",3,1
"Racing",2019,"Panini","Victory Lane","Celebrations Printing Plates Black","Martin Truex Jr.","Bass Pro Shops-TRACKER Boats | Furniture Row Racing | Toyota","Driver",4,1
"Racing",2019,"Panini","Victory Lane","Celebrations Printing Plates Black","Clint Bowyer","Haas Automation | Stewart-Haas Racing | Ford","Driver",5,1
"Racing",2019,"Panini","Victory Lane","Celebrations Printing Plates Black","Erik Jones","Buyatoyota.com | Joe Gibbs Racing | Toyota","Driver",6,1
"Racing",2019,"Panini","Victory Lane","Celebrations Printing Plates Black","Chase Elliott","SunEnergy 1 | Hendrick Motorsports | Chevrolet","Driver",7,1
"Racing",2019,"Panini","Victory Lane","Celebrations Printing Plates Black","Brad Keselowski","Miller Genuine Draft | Team Penske | Ford","Driver",8,1
"Racing",2019,"Panini","Victory Lane","Celebrations Printing Plates Black","Ryan Blaney","Menards | Team Penske | Ford","Driver",9,1
"Racing",2019,"Panini","Victory Lane","Celebrations Printing Plates Black","Aric Almirola","Smithfield Foods | Stewart-Haas Racing | Ford","Driver",10,1
"Racing",2019,"Panini","Victory Lane","Celebrations Printing Plates Black","Brad Keselowski","Miller Lite | Team Penske | Ford","Driver",11,1
"Racing",2019,"Panini","Victory Lane","Celebrations Printing Plates Black","Kevin Harvick","Jimmy John's | Stewart-Haas Racing | Ford","Driver",12,1
"Racing",2019,"Panini","Victory Lane","Celebrations Printing Plates Black","Joey Logano","Shell-Pennzoil | Team Penske | Ford","Driver",13,1
"Racing",2019,"Panini","Victory Lane","Celebrations Printing Plates Black","Joey Logano","Shell-Pennzoil | Team Penske | Ford","Driver",14,1
"Racing",2019,"Panini","Victory Lane","Celebrations Printing Plates Black","Joey Logano","Shell-Pennzoil | Team Penske | Ford","Driver",15,1
"Racing",2019,"Panini","Victory Lane","Celebrations Printing Plates Cyan","Austin Dillon","Dow Chemical | Richard Childress Racing | Chevrolet","Driver",1,1
"Racing",2019,"Panini","Victory Lane","Celebrations Printing Plates Cyan","Kevin Harvick","Jimmy John's | Stewart-Haas Racing | Ford","Driver",2,1
"Racing",2019,"Panini","Victory Lane","Celebrations Printing Plates Cyan","Kyle Busch","M&M's | Joe Gibbs Racing | Toyota","Driver",3,1
"Racing",2019,"Panini","Victory Lane","Celebrations Printing Plates Cyan","Martin Truex Jr.","Bass Pro Shops-TRACKER Boats | Furniture Row Racing | Toyota","Driver",4,1
"Racing",2019,"Panini","Victory Lane","Celebrations Printing Plates Cyan","Clint Bowyer","Haas Automation | Stewart-Haas Racing | Ford","Driver",5,1
"Racing",2019,"Panini","Victory Lane","Celebrations Printing Plates Cyan","Erik Jones","Buyatoyota.com | Joe Gibbs Racing | Toyota","Driver",6,1
"Racing",2019,"Panini","Victory Lane","Celebrations Printing Plates Cyan","Chase Elliott","SunEnergy 1 | Hendrick Motorsports | Chevrolet","Driver",7,1
"Racing",2019,"Panini","Victory Lane","Celebrations Printing Plates Cyan","Brad Keselowski","Miller Genuine Draft | Team Penske | Ford","Driver",8,1
"Racing",2019,"Panini","Victory Lane","Celebrations Printing Plates Cyan","Ryan Blaney","Menards | Team Penske | Ford","Driver",9,1
"Racing",2019,"Panini","Victory Lane","Celebrations Printing Plates Cyan","Aric Almirola","Smithfield Foods | Stewart-Haas Racing | Ford","Driver",10,1
"Racing",2019,"Panini","Victory Lane","Celebrations Printing Plates Cyan","Brad Keselowski","Miller Lite | Team Penske | Ford","Driver",11,1
"Racing",2019,"Panini","Victory Lane","Celebrations Printing Plates Cyan","Kevin Harvick","Jimmy John's | Stewart-Haas Racing | Ford","Driver",12,1
"Racing",2019,"Panini","Victory Lane","Celebrations Printing Plates Cyan","Joey Logano","Shell-Pennzoil | Team Penske | Ford","Driver",13,1
"Racing",2019,"Panini","Victory Lane","Celebrations Printing Plates Cyan","Joey Logano","Shell-Pennzoil | Team Penske | Ford","Driver",14,1
"Racing",2019,"Panini","Victory Lane","Celebrations Printing Plates Cyan","Joey Logano","Shell-Pennzoil | Team Penske | Ford","Driver",15,1
"Racing",2019,"Panini","Victory Lane","Celebrations Printing Plates Magenta","Austin Dillon","Dow Chemical | Richard Childress Racing | Chevrolet","Driver",1,1
"Racing",2019,"Panini","Victory Lane","Celebrations Printing Plates Magenta","Kevin Harvick","Jimmy John's | Stewart-Haas Racing | Ford","Driver",2,1
"Racing",2019,"Panini","Victory Lane","Celebrations Printing Plates Magenta","Kyle Busch","M&M's | Joe Gibbs Racing | Toyota","Driver",3,1
"Racing",2019,"Panini","Victory Lane","Celebrations Printing Plates Magenta","Martin Truex Jr.","Bass Pro Shops-TRACKER Boats | Furniture Row Racing | Toyota","Driver",4,1
"Racing",2019,"Panini","Victory Lane","Celebrations Printing Plates Magenta","Clint Bowyer","Haas Automation | Stewart-Haas Racing | Ford","Driver",5,1
"Racing",2019,"Panini","Victory Lane","Celebrations Printing Plates Magenta","Erik Jones","Buyatoyota.com | Joe Gibbs Racing | Toyota","Driver",6,1
"Racing",2019,"Panini","Victory Lane","Celebrations Printing Plates Magenta","Chase Elliott","SunEnergy 1 | Hendrick Motorsports | Chevrolet","Driver",7,1
"Racing",2019,"Panini","Victory Lane","Celebrations Printing Plates Magenta","Brad Keselowski","Miller Genuine Draft | Team Penske | Ford","Driver",8,1
"Racing",2019,"Panini","Victory Lane","Celebrations Printing Plates Magenta","Ryan Blaney","Menards | Team Penske | Ford","Driver",9,1
"Racing",2019,"Panini","Victory Lane","Celebrations Printing Plates Magenta","Aric Almirola","Smithfield Foods | Stewart-Haas Racing | Ford","Driver",10,1
"Racing",2019,"Panini","Victory Lane","Celebrations Printing Plates Magenta","Brad Keselowski","Miller Lite | Team Penske | Ford","Driver",11,1
"Racing",2019,"Panini","Victory Lane","Celebrations Printing Plates Magenta","Kevin Harvick","Jimmy John's | Stewart-Haas Racing | Ford","Driver",12,1
"Racing",2019,"Panini","Victory Lane","Celebrations Printing Plates Magenta","Joey Logano","Shell-Pennzoil | Team Penske | Ford","Driver",13,1
"Racing",2019,"Panini","Victory Lane","Celebrations Printing Plates Magenta","Joey Logano","Shell-Pennzoil | Team Penske | Ford","Driver",14,1
"Racing",2019,"Panini","Victory Lane","Celebrations Printing Plates Magenta","Joey Logano","Shell-Pennzoil | Team Penske | Ford","Driver",15,1
"Racing",2019,"Panini","Victory Lane","Celebrations Printing Plates Yellow","Austin Dillon","Dow Chemical | Richard Childress Racing | Chevrolet","Driver",1,1
"Racing",2019,"Panini","Victory Lane","Celebrations Printing Plates Yellow","Kevin Harvick","Jimmy John's | Stewart-Haas Racing | Ford","Driver",2,1
"Racing",2019,"Panini","Victory Lane","Celebrations Printing Plates Yellow","Kyle Busch","M&M's | Joe Gibbs Racing | Toyota","Driver",3,1
"Racing",2019,"Panini","Victory Lane","Celebrations Printing Plates Yellow","Martin Truex Jr.","Bass Pro Shops-TRACKER Boats | Furniture Row Racing | Toyota","Driver",4,1
"Racing",2019,"Panini","Victory Lane","Celebrations Printing Plates Yellow","Clint Bowyer","Haas Automation | Stewart-Haas Racing | Ford","Driver",5,1
"Racing",2019,"Panini","Victory Lane","Celebrations Printing Plates Yellow","Erik Jones","Buyatoyota.com | Joe Gibbs Racing | Toyota","Driver",6,1
"Racing",2019,"Panini","Victory Lane","Celebrations Printing Plates Yellow","Chase Elliott","SunEnergy 1 | Hendrick Motorsports | Chevrolet","Driver",7,1
"Racing",2019,"Panini","Victory Lane","Celebrations Printing Plates Yellow","Brad Keselowski","Miller Genuine Draft | Team Penske | Ford","Driver",8,1
"Racing",2019,"Panini","Victory Lane","Celebrations Printing Plates Yellow","Ryan Blaney","Menards | Team Penske | Ford","Driver",9,1
"Racing",2019,"Panini","Victory Lane","Celebrations Printing Plates Yellow","Aric Almirola","Smithfield Foods | Stewart-Haas Racing | Ford","Driver",10,1
"Racing",2019,"Panini","Victory Lane","Celebrations Printing Plates Yellow","Brad Keselowski","Miller Lite | Team Penske | Ford","Driver",11,1
"Racing",2019,"Panini","Victory Lane","Celebrations Printing Plates Yellow","Kevin Harvick","Jimmy John's | Stewart-Haas Racing | Ford","Driver",12,1
"Racing",2019,"Panini","Victory Lane","Celebrations Printing Plates Yellow","Joey Logano","Shell-Pennzoil | Team Penske | Ford","Driver",13,1
"Racing",2019,"Panini","Victory Lane","Celebrations Printing Plates Yellow","Joey Logano","Shell-Pennzoil | Team Penske | Ford","Driver",14,1
"Racing",2019,"Panini","Victory Lane","Celebrations Printing Plates Yellow","Joey Logano","Shell-Pennzoil | Team Penske | Ford","Driver",15,1
"Racing",2019,"Panini","Victory Lane","Dual Swatch Signatures","Brad Keselowski","Miller Lite | Team Penske | Ford","Driver",2,
"Racing",2019,"Panini","Victory Lane","Dual Swatch Signatures","Chase Briscoe","Nutri Chomps | Stewart-Haas Racing | Ford","Driver",3,
"Racing",2019,"Panini","Victory Lane","Dual Swatch Signatures","Christopher Bell","Rheem | Joe Gibbs Racing | Toyota","Driver",4,
"Racing",2019,"Panini","Victory Lane","Dual Swatch Signatures","Dale Earnhardt Jr","Mountain Dew | Hendrick Motorsports | Chevrolet","Driver",5,
"Racing",2019,"Panini","Victory Lane","Dual Swatch Signatures","Daniel Hemric","Caterpillar | Richard Childress Racing | Chevrolet","Driver",6,
"Racing",2019,"Panini","Victory Lane","Dual Swatch Signatures","Denny Hamlin","FedEx Express | Joe Gibbs Racing | Toyota","Driver",7,
"Racing",2019,"Panini","Victory Lane","Dual Swatch Signatures","Jamie McMurray","McDonald's | Chip Ganassi Racing | Chevrolet","Driver",8,
"Racing",2019,"Panini","Victory Lane","Dual Swatch Signatures","Jimmie Johnson","Ally Financial | Hendrick Motorsports | Chevrolet","Driver",9,
"Racing",2019,"Panini","Victory Lane","Dual Swatch Signatures","John Hunter Nemechek","Fire Alarm Services | GMS Racing | Chevrolet","Driver",10,
"Racing",2019,"Panini","Victory Lane","Dual Swatch Signatures","Kevin Harvick","Jimmy John's | Stewart-Haas Racing | Ford","Driver",11,
"Racing",2019,"Panini","Victory Lane","Dual Swatch Signatures","Kurt Busch","Monster Energy | Chip Ganassi Racing | Chevrolet","Driver",12,
"Racing",2019,"Panini","Victory Lane","Dual Swatch Signatures","Kyle Larson","Credit One Bank | Chip Ganassi Racing | Chevrolet","Driver",13,
"Racing",2019,"Panini","Victory Lane","Dual Swatch Signatures","Matt Kenseth","DeWalt | Joe Gibbs Racing | Toyota","Driver",14,
"Racing",2019,"Panini","Victory Lane","Dual Swatch Signatures","Ryan Blaney","Menards | Team Penske | Ford","Driver",15,
"Racing",2019,"Panini","Victory Lane","Dual Swatch Signatures Gold","Brad Keselowski","Miller Lite | Team Penske | Ford","Driver",2,99
"Racing",2019,"Panini","Victory Lane","Dual Swatch Signatures Gold","Chase Briscoe","Nutri Chomps | Stewart-Haas Racing | Ford","Driver",3,99
"Racing",2019,"Panini","Victory Lane","Dual Swatch Signatures Gold","Christopher Bell","Rheem | Joe Gibbs Racing | Toyota","Driver",4,99
"Racing",2019,"Panini","Victory Lane","Dual Swatch Signatures Gold","Dale Earnhardt Jr","Mountain Dew | Hendrick Motorsports | Chevrolet","Driver",5,99
"Racing",2019,"Panini","Victory Lane","Dual Swatch Signatures Gold","Daniel Hemric","Caterpillar | Richard Childress Racing | Chevrolet","Driver",6,99
"Racing",2019,"Panini","Victory Lane","Dual Swatch Signatures Gold","Denny Hamlin","FedEx Express | Joe Gibbs Racing | Toyota","Driver",7,99
"Racing",2019,"Panini","Victory Lane","Dual Swatch Signatures Gold","Jamie McMurray","McDonald's | Chip Ganassi Racing | Chevrolet","Driver",8,99
"Racing",2019,"Panini","Victory Lane","Dual Swatch Signatures Gold","Jimmie Johnson","Ally Financial | Hendrick Motorsports | Chevrolet","Driver",9,49
"Racing",2019,"Panini","Victory Lane","Dual Swatch Signatures Gold","John Hunter Nemechek","Fire Alarm Services | GMS Racing | Chevrolet","Driver",10,99
"Racing",2019,"Panini","Victory Lane","Dual Swatch Signatures Gold","Kevin Harvick","Jimmy John's | Stewart-Haas Racing | Ford","Driver",11,99
"Racing",2019,"Panini","Victory Lane","Dual Swatch Signatures Gold","Kurt Busch","Monster Energy | Chip Ganassi Racing | Chevrolet","Driver",12,99
"Racing",2019,"Panini","Victory Lane","Dual Swatch Signatures Gold","Kyle Larson","Credit One Bank | Chip Ganassi Racing | Chevrolet","Driver",13,99
"Racing",2019,"Panini","Victory Lane","Dual Swatch Signatures Gold","Matt Kenseth","DeWalt | Joe Gibbs Racing | Toyota","Driver",14,99
"Racing",2019,"Panini","Victory Lane","Dual Swatch Signatures Gold","Ryan Blaney","Menards | Team Penske | Ford","Driver",15,99
"Racing",2019,"Panini","Victory Lane","Dual Swatch Signatures Laundry Tag","Brad Keselowski","Miller Lite | Team Penske | Ford","Driver",2,1
"Racing",2019,"Panini","Victory Lane","Dual Swatch Signatures Laundry Tag","Chase Briscoe","Nutri Chomps | Stewart-Haas Racing | Ford","Driver",3,1
"Racing",2019,"Panini","Victory Lane","Dual Swatch Signatures Laundry Tag","Christopher Bell","Rheem | Joe Gibbs Racing | Toyota","Driver",4,1
"Racing",2019,"Panini","Victory Lane","Dual Swatch Signatures Laundry Tag","Dale Earnhardt Jr","Mountain Dew | Hendrick Motorsports | Chevrolet","Driver",5,1
"Racing",2019,"Panini","Victory Lane","Dual Swatch Signatures Laundry Tag","Daniel Hemric","Caterpillar | Richard Childress Racing | Chevrolet","Driver",6,1
"Racing",2019,"Panini","Victory Lane","Dual Swatch Signatures Laundry Tag","Denny Hamlin","FedEx Express | Joe Gibbs Racing | Toyota","Driver",7,1
"Racing",2019,"Panini","Victory Lane","Dual Swatch Signatures Laundry Tag","Jamie McMurray","McDonald's | Chip Ganassi Racing | Chevrolet","Driver",8,1
"Racing",2019,"Panini","Victory Lane","Dual Swatch Signatures Laundry Tag","Jimmie Johnson","Ally Financial | Hendrick Motorsports | Chevrolet","Driver",9,1
"Racing",2019,"Panini","Victory Lane","Dual Swatch Signatures Laundry Tag","John Hunter Nemechek","Fire Alarm Services | GMS Racing | Chevrolet","Driver",10,1
"Racing",2019,"Panini","Victory Lane","Dual Swatch Signatures Laundry Tag","Kevin Harvick","Jimmy John's | Stewart-Haas Racing | Ford","Driver",11,1
"Racing",2019,"Panini","Victory Lane","Dual Swatch Signatures Laundry Tag","Kurt Busch","Monster Energy | Chip Ganassi Racing | Chevrolet","Driver",12,1
"Racing",2019,"Panini","Victory Lane","Dual Swatch Signatures Laundry Tag","Kyle Larson","Credit One Bank | Chip Ganassi Racing | Chevrolet","Driver",13,1
"Racing",2019,"Panini","Victory Lane","Dual Swatch Signatures Laundry Tag","Ryan Blaney","Menards | Team Penske | Ford","Driver",15,1
"Racing",2019,"Panini","Victory Lane","Dual Swatch Signatures Platinum","Brad Keselowski","Miller Lite | Team Penske | Ford","Driver",2,1
"Racing",2019,"Panini","Victory Lane","Dual Swatch Signatures Platinum","Chase Briscoe","Nutri Chomps | Stewart-Haas Racing | Ford","Driver",3,1
"Racing",2019,"Panini","Victory Lane","Dual Swatch Signatures Platinum","Christopher Bell","Rheem | Joe Gibbs Racing | Toyota","Driver",4,1
"Racing",2019,"Panini","Victory Lane","Dual Swatch Signatures Platinum","Dale Earnhardt Jr","Mountain Dew | Hendrick Motorsports | Chevrolet","Driver",5,1
"Racing",2019,"Panini","Victory Lane","Dual Swatch Signatures Platinum","Daniel Hemric","Caterpillar | Richard Childress Racing | Chevrolet","Driver",6,1
"Racing",2019,"Panini","Victory Lane","Dual Swatch Signatures Platinum","Denny Hamlin","FedEx Express | Joe Gibbs Racing | Toyota","Driver",7,1
"Racing",2019,"Panini","Victory Lane","Dual Swatch Signatures Platinum","Jamie McMurray","McDonald's | Chip Ganassi Racing | Chevrolet","Driver",8,1
"Racing",2019,"Panini","Victory Lane","Dual Swatch Signatures Platinum","Jimmie Johnson","Ally Financial | Hendrick Motorsports | Chevrolet","Driver",9,1
"Racing",2019,"Panini","Victory Lane","Dual Swatch Signatures Platinum","John Hunter Nemechek","Fire Alarm Services | GMS Racing | Chevrolet","Driver",10,1
"Racing",2019,"Panini","Victory Lane","Dual Swatch Signatures Platinum","Kevin Harvick","Jimmy John's | Stewart-Haas Racing | Ford","Driver",11,1
"Racing",2019,"Panini","Victory Lane","Dual Swatch Signatures Platinum","Kurt Busch","Monster Energy | Chip Ganassi Racing | Chevrolet","Driver",12,1
"Racing",2019,"Panini","Victory Lane","Dual Swatch Signatures Platinum","Kyle Larson","Credit One Bank | Chip Ganassi Racing | Chevrolet","Driver",13,1
"Racing",2019,"Panini","Victory Lane","Dual Swatch Signatures Platinum","Matt Kenseth","DeWalt | Joe Gibbs Racing | Toyota","Driver",14,1
"Racing",2019,"Panini","Victory Lane","Dual Swatch Signatures Platinum","Ryan Blaney","Menards | Team Penske | Ford","Driver",15,1
"Racing",2019,"Panini","Victory Lane","Dual Swatch Signatures Red","Brad Keselowski","Miller Lite | Team Penske | Ford","Driver",2,25
"Racing",2019,"Panini","Victory Lane","Dual Swatch Signatures Red","Chase Briscoe","Nutri Chomps | Stewart-Haas Racing | Ford","Driver",3,25
"Racing",2019,"Panini","Victory Lane","Dual Swatch Signatures Red","Christopher Bell","Rheem | Joe Gibbs Racing | Toyota","Driver",4,25
"Racing",2019,"Panini","Victory Lane","Dual Swatch Signatures Red","Dale Earnhardt Jr","Mountain Dew | Hendrick Motorsports | Chevrolet","Driver",5,25
"Racing",2019,"Panini","Victory Lane","Dual Swatch Signatures Red","Daniel Hemric","Caterpillar | Richard Childress Racing | Chevrolet","Driver",6,25
"Racing",2019,"Panini","Victory Lane","Dual Swatch Signatures Red","Denny Hamlin","FedEx Express | Joe Gibbs Racing | Toyota","Driver",7,25
"Racing",2019,"Panini","Victory Lane","Dual Swatch Signatures Red","Jamie McMurray","McDonald's | Chip Ganassi Racing | Chevrolet","Driver",8,25
"Racing",2019,"Panini","Victory Lane","Dual Swatch Signatures Red","Jimmie Johnson","Ally Financial | Hendrick Motorsports | Chevrolet","Driver",9,25
"Racing",2019,"Panini","Victory Lane","Dual Swatch Signatures Red","John Hunter Nemechek","Fire Alarm Services | GMS Racing | Chevrolet","Driver",10,25
"Racing",2019,"Panini","Victory Lane","Dual Swatch Signatures Red","Kevin Harvick","Jimmy John's | Stewart-Haas Racing | Ford","Driver",11,25
"Racing",2019,"Panini","Victory Lane","Dual Swatch Signatures Red","Kurt Busch","Monster Energy | Chip Ganassi Racing | Chevrolet","Driver",12,25
"Racing",2019,"Panini","Victory Lane","Dual Swatch Signatures Red","Kyle Larson","Credit One Bank | Chip Ganassi Racing | Chevrolet","Driver",13,25
"Racing",2019,"Panini","Victory Lane","Dual Swatch Signatures Red","Matt Kenseth","DeWalt | Joe Gibbs Racing | Toyota","Driver",14,25
"Racing",2019,"Panini","Victory Lane","Dual Swatch Signatures Red","Ryan Blaney","Menards | Team Penske | Ford","Driver",15,25
"Racing",2019,"Panini","Victory Lane","Dual Swatches","Austin Dillon","Dow Chemical | Richard Childress Racing | Chevrolet","Driver",3,
"Racing",2019,"Panini","Victory Lane","Dual Swatches","Brad Keselowski","Miller Lite | Team Penske | Ford","Driver",4,
"Racing",2019,"Panini","Victory Lane","Dual Swatches","Bubba Wallace","Aftershokz | Richard Petty Motorsports | Chevrolet","Driver",5,
"Racing",2019,"Panini","Victory Lane","Dual Swatches","Chase Elliott","NAPA Auto Parts | Hendrick Motorsports | Chevrolet","Driver",6,
"Racing",2019,"Panini","Victory Lane","Dual Swatches","Clint Bowyer","Rush Truck Centers | Stewart-Haas Racing| Ford","Driver",7,
"Racing",2019,"Panini","Victory Lane","Dual Swatches","Denny Hamlin","FedEx Express | Joe Gibbs Racing | Toyota","Driver",10,
"Racing",2019,"Panini","Victory Lane","Dual Swatches","Jimmie Johnson","Ally Financial | Hendrick Motorsports | Chevrolet","Driver",11,
"Racing",2019,"Panini","Victory Lane","Dual Swatches","Joey Logano","Shell-Pennzoil | Team Penske | Ford","Driver",12,
"Racing",2019,"Panini","Victory Lane","Dual Swatches","Ty Dillon","GEICO | Germain Racing | Chevrolet","Driver",13,
"Racing",2019,"Panini","Victory Lane","Dual Swatches","Kevin Harvick","Jimmy John's | Stewart-Haas Racing | Ford","Driver",14,
"Racing",2019,"Panini","Victory Lane","Dual Swatches","Kurt Busch","Monster Energy | Chip Ganassi Racing | Chevrolet","Driver",15,
"Racing",2019,"Panini","Victory Lane","Dual Swatches","Kyle Larson","Credit One Bank | Chip Ganassi Racing | Chevrolet","Driver",17,
"Racing",2019,"Panini","Victory Lane","Dual Swatches","Richard Petty","STP | Petty Enterprises | Plymouth","Driver",18,
"Racing",2019,"Panini","Victory Lane","Dual Swatches","Ryan Blaney","Menards | Team Penske | Ford","Driver",19,
"Racing",2019,"Panini","Victory Lane","Dual Swatches","Ryan Newman","Oscar Mayer | Roush Fenway Racing | Ford","Driver",20,
"Racing",2019,"Panini","Victory Lane","Dual Swatches","Daniel Hemric","Bass Pro Shops | Richard Childress Racing | Chevrolet","Driver",22,
"Racing",2019,"Panini","Victory Lane","Dual Swatches","Kasey Kahne","LiftMaster | Hendrick Motorsports | Chevrolet","Driver",24,
"Racing",2019,"Panini","Victory Lane","Dual Swatches","Martin Truex Jr.","Bass Pro Shops | Joe Gibbs Racing | Toyota","Driver",25,
"Racing",2019,"Panini","Victory Lane","Dual Swatches Gold","Alex Bowman","Nationwide | Hendrick Motorsports | Chevrolet","Driver",1,99
"Racing",2019,"Panini","Victory Lane","Dual Swatches Gold","William Byron","AXALTA | Hendrick Motorsports | Chevrolet","Driver",2,99
"Racing",2019,"Panini","Victory Lane","Dual Swatches Gold","Austin Dillon","Dow Chemical | Richard Childress Racing | Chevrolet","Driver",3,99
"Racing",2019,"Panini","Victory Lane","Dual Swatches Gold","Brad Keselowski","Miller Lite | Team Penske | Ford","Driver",4,99
"Racing",2019,"Panini","Victory Lane","Dual Swatches Gold","Bubba Wallace","Aftershokz | Richard Petty Motorsports | Chevrolet","Driver",5,99
"Racing",2019,"Panini","Victory Lane","Dual Swatches Gold","Chase Elliott","NAPA Auto Parts | Hendrick Motorsports | Chevrolet","Driver",6,99
"Racing",2019,"Panini","Victory Lane","Dual Swatches Gold","Clint Bowyer","Rush Truck Centers | Stewart-Haas Racing| Ford","Driver",7,99
"Racing",2019,"Panini","Victory Lane","Dual Swatches Gold","Dale Earnhardt Jr","AXALTA | Hendrick Motorsports | Chevrolet","Driver",8,99
"Racing",2019,"Panini","Victory Lane","Dual Swatches Gold","Tony Stewart","Bass Pro Shops | Stewart-Haas Racing | Chevrolet","Driver",9,25
"Racing",2019,"Panini","Victory Lane","Dual Swatches Gold","Denny Hamlin","FedEx Express | Joe Gibbs Racing | Toyota","Driver",10,99
"Racing",2019,"Panini","Victory Lane","Dual Swatches Gold","Jimmie Johnson","Ally Financial | Hendrick Motorsports | Chevrolet","Driver",11,99
"Racing",2019,"Panini","Victory Lane","Dual Swatches Gold","Joey Logano","Shell-Pennzoil | Team Penske | Ford","Driver",12,99
"Racing",2019,"Panini","Victory Lane","Dual Swatches Gold","Ty Dillon","GEICO | Germain Racing | Chevrolet","Driver",13,99
"Racing",2019,"Panini","Victory Lane","Dual Swatches Gold","Kevin Harvick","Jimmy John's | Stewart-Haas Racing | Ford","Driver",14,99
"Racing",2019,"Panini","Victory Lane","Dual Swatches Gold","Kurt Busch","Monster Energy | Chip Ganassi Racing | Chevrolet","Driver",15,99
"Racing",2019,"Panini","Victory Lane","Dual Swatches Gold","Kyle Busch","M&M's | Joe Gibbs Racing | Toyota","Driver",16,99
"Racing",2019,"Panini","Victory Lane","Dual Swatches Gold","Kyle Larson","Credit One Bank | Chip Ganassi Racing | Chevrolet","Driver",17,99
"Racing",2019,"Panini","Victory Lane","Dual Swatches Gold","Richard Petty","STP | Petty Enterprises | Plymouth","Driver",18,99
"Racing",2019,"Panini","Victory Lane","Dual Swatches Gold","Ryan Blaney","Menards | Team Penske | Ford","Driver",19,99
"Racing",2019,"Panini","Victory Lane","Dual Swatches Gold","Ryan Newman","Oscar Mayer | Roush Fenway Racing | Ford","Driver",20,99
"Racing",2019,"Panini","Victory Lane","Dual Swatches Gold","Aric Almirola","Smithfield Foods | Stewart-Haas Racing | Ford","Driver",21,99
"Racing",2019,"Panini","Victory Lane","Dual Swatches Gold","Daniel Hemric","Bass Pro Shops | Richard Childress Racing | Chevrolet","Driver",22,99
"Racing",2019,"Panini","Victory Lane","Dual Swatches Gold","Erik Jones","Sport Clips | Joe Gibbs Racing | Toyota","Driver",23,99
"Racing",2019,"Panini","Victory Lane","Dual Swatches Gold","Kasey Kahne","LiftMaster | Hendrick Motorsports | Chevrolet","Driver",24,99
"Racing",2019,"Panini","Victory Lane","Dual Swatches Gold","Martin Truex Jr.","Bass Pro Shops | Joe Gibbs Racing | Toyota","Driver",25,99
"Racing",2019,"Panini","Victory Lane","Dual Swatches Laundry Tag","Alex Bowman","Nationwide | Hendrick Motorsports | Chevrolet","Driver",1,1
"Racing",2019,"Panini","Victory Lane","Dual Swatches Laundry Tag","William Byron","AXALTA | Hendrick Motorsports | Chevrolet","Driver",2,1
"Racing",2019,"Panini","Victory Lane","Dual Swatches Laundry Tag","Austin Dillon","Dow Chemical | Richard Childress Racing | Chevrolet","Driver",3,1
"Racing",2019,"Panini","Victory Lane","Dual Swatches Laundry Tag","Brad Keselowski","Miller Lite | Team Penske | Ford","Driver",4,1
"Racing",2019,"Panini","Victory Lane","Dual Swatches Laundry Tag","Bubba Wallace","Aftershokz | Richard Petty Motorsports | Chevrolet","Driver",5,1
"Racing",2019,"Panini","Victory Lane","Dual Swatches Laundry Tag","Chase Elliott","NAPA Auto Parts | Hendrick Motorsports | Chevrolet","Driver",6,1
"Racing",2019,"Panini","Victory Lane","Dual Swatches Laundry Tag","Clint Bowyer","Rush Truck Centers | Stewart-Haas Racing| Ford","Driver",7,1
"Racing",2019,"Panini","Victory Lane","Dual Swatches Laundry Tag","Dale Earnhardt Jr","AXALTA | Hendrick Motorsports | Chevrolet","Driver",8,1
"Racing",2019,"Panini","Victory Lane","Dual Swatches Laundry Tag","Tony Stewart","Bass Pro Shops | Stewart-Haas Racing | Chevrolet","Driver",9,1
"Racing",2019,"Panini","Victory Lane","Dual Swatches Laundry Tag","Denny Hamlin","FedEx Express | Joe Gibbs Racing | Toyota","Driver",10,1
"Racing",2019,"Panini","Victory Lane","Dual Swatches Laundry Tag","Jimmie Johnson","Ally Financial | Hendrick Motorsports | Chevrolet","Driver",11,1
"Racing",2019,"Panini","Victory Lane","Dual Swatches Laundry Tag","Joey Logano","Shell-Pennzoil | Team Penske | Ford","Driver",12,1
"Racing",2019,"Panini","Victory Lane","Dual Swatches Laundry Tag","Ty Dillon","GEICO | Germain Racing | Chevrolet","Driver",13,1
"Racing",2019,"Panini","Victory Lane","Dual Swatches Laundry Tag","Kevin Harvick","Jimmy John's | Stewart-Haas Racing | Ford","Driver",14,1
"Racing",2019,"Panini","Victory Lane","Dual Swatches Laundry Tag","Kurt Busch","Monster Energy | Chip Ganassi Racing | Chevrolet","Driver",15,1
"Racing",2019,"Panini","Victory Lane","Dual Swatches Laundry Tag","Kyle Busch","M&M's | Joe Gibbs Racing | Toyota","Driver",16,1
"Racing",2019,"Panini","Victory Lane","Dual Swatches Laundry Tag","Kyle Larson","Credit One Bank | Chip Ganassi Racing | Chevrolet","Driver",17,1
"Racing",2019,"Panini","Victory Lane","Dual Swatches Laundry Tag","Richard Petty","STP | Petty Enterprises | Plymouth","Driver",18,1
"Racing",2019,"Panini","Victory Lane","Dual Swatches Laundry Tag","Ryan Blaney","Menards | Team Penske | Ford","Driver",19,1
"Racing",2019,"Panini","Victory Lane","Dual Swatches Laundry Tag","Ryan Newman","Oscar Mayer | Roush Fenway Racing | Ford","Driver",20,1
"Racing",2019,"Panini","Victory Lane","Dual Swatches Laundry Tag","Aric Almirola","Smithfield Foods | Stewart-Haas Racing | Ford","Driver",21,1
"Racing",2019,"Panini","Victory Lane","Dual Swatches Laundry Tag","Daniel Hemric","Bass Pro Shops | Richard Childress Racing | Chevrolet","Driver",22,1
"Racing",2019,"Panini","Victory Lane","Dual Swatches Laundry Tag","Erik Jones","Sport Clips | Joe Gibbs Racing | Toyota","Driver",23,1
"Racing",2019,"Panini","Victory Lane","Dual Swatches Laundry Tag","Kasey Kahne","LiftMaster | Hendrick Motorsports | Chevrolet","Driver",24,1
"Racing",2019,"Panini","Victory Lane","Dual Swatches Platinum","Alex Bowman","Nationwide | Hendrick Motorsports | Chevrolet","Driver",1,1
"Racing",2019,"Panini","Victory Lane","Dual Swatches Platinum","William Byron","AXALTA | Hendrick Motorsports | Chevrolet","Driver",2,1
"Racing",2019,"Panini","Victory Lane","Dual Swatches Platinum","Austin Dillon","Dow Chemical | Richard Childress Racing | Chevrolet","Driver",3,1
"Racing",2019,"Panini","Victory Lane","Dual Swatches Platinum","Brad Keselowski","Miller Lite | Team Penske | Ford","Driver",4,1
"Racing",2019,"Panini","Victory Lane","Dual Swatches Platinum","Bubba Wallace","Aftershokz | Richard Petty Motorsports | Chevrolet","Driver",5,1
"Racing",2019,"Panini","Victory Lane","Dual Swatches Platinum","Chase Elliott","NAPA Auto Parts | Hendrick Motorsports | Chevrolet","Driver",6,1
"Racing",2019,"Panini","Victory Lane","Dual Swatches Platinum","Clint Bowyer","Rush Truck Centers | Stewart-Haas Racing| Ford","Driver",7,1
"Racing",2019,"Panini","Victory Lane","Dual Swatches Platinum","Dale Earnhardt Jr","AXALTA | Hendrick Motorsports | Chevrolet","Driver",8,1
"Racing",2019,"Panini","Victory Lane","Dual Swatches Platinum","Tony Stewart","Bass Pro Shops | Stewart-Haas Racing | Chevrolet","Driver",9,1
"Racing",2019,"Panini","Victory Lane","Dual Swatches Platinum","Denny Hamlin","FedEx Express | Joe Gibbs Racing | Toyota","Driver",10,1
"Racing",2019,"Panini","Victory Lane","Dual Swatches Platinum","Jimmie Johnson","Ally Financial | Hendrick Motorsports | Chevrolet","Driver",11,1
"Racing",2019,"Panini","Victory Lane","Dual Swatches Platinum","Joey Logano","Shell-Pennzoil | Team Penske | Ford","Driver",12,1
"Racing",2019,"Panini","Victory Lane","Dual Swatches Platinum","Ty Dillon","GEICO | Germain Racing | Chevrolet","Driver",13,1
"Racing",2019,"Panini","Victory Lane","Dual Swatches Platinum","Kevin Harvick","Jimmy John's | Stewart-Haas Racing | Ford","Driver",14,1
"Racing",2019,"Panini","Victory Lane","Dual Swatches Platinum","Kurt Busch","Monster Energy | Chip Ganassi Racing | Chevrolet","Driver",15,1
"Racing",2019,"Panini","Victory Lane","Dual Swatches Platinum","Kyle Busch","M&M's | Joe Gibbs Racing | Toyota","Driver",16,1
"Racing",2019,"Panini","Victory Lane","Dual Swatches Platinum","Kyle Larson","Credit One Bank | Chip Ganassi Racing | Chevrolet","Driver",17,1
"Racing",2019,"Panini","Victory Lane","Dual Swatches Platinum","Richard Petty","STP | Petty Enterprises | Plymouth","Driver",18,1
"Racing",2019,"Panini","Victory Lane","Dual Swatches Platinum","Ryan Blaney","Menards | Team Penske | Ford","Driver",19,1
"Racing",2019,"Panini","Victory Lane","Dual Swatches Platinum","Ryan Newman","Oscar Mayer | Roush Fenway Racing | Ford","Driver",20,1
"Racing",2019,"Panini","Victory Lane","Dual Swatches Platinum","Aric Almirola","Smithfield Foods | Stewart-Haas Racing | Ford","Driver",21,1
"Racing",2019,"Panini","Victory Lane","Dual Swatches Platinum","Daniel Hemric","Bass Pro Shops | Richard Childress Racing | Chevrolet","Driver",22,1
"Racing",2019,"Panini","Victory Lane","Dual Swatches Platinum","Erik Jones","Sport Clips | Joe Gibbs Racing | Toyota","Driver",23,1
"Racing",2019,"Panini","Victory Lane","Dual Swatches Platinum","Kasey Kahne","LiftMaster | Hendrick Motorsports | Chevrolet","Driver",24,1
"Racing",2019,"Panini","Victory Lane","Dual Swatches Platinum","Martin Truex Jr.","Bass Pro Shops | Joe Gibbs Racing | Toyota","Driver",25,1
"Racing",2019,"Panini","Victory Lane","Dual Swatches Red","Alex Bowman","Nationwide | Hendrick Motorsports | Chevrolet","Driver",1,25
"Racing",2019,"Panini","Victory Lane","Dual Swatches Red","William Byron","AXALTA | Hendrick Motorsports | Chevrolet","Driver",2,25
"Racing",2019,"Panini","Victory Lane","Dual Swatches Red","Austin Dillon","Dow Chemical | Richard Childress Racing | Chevrolet","Driver",3,25
"Racing",2019,"Panini","Victory Lane","Dual Swatches Red","Brad Keselowski","Miller Lite | Team Penske | Ford","Driver",4,25
"Racing",2019,"Panini","Victory Lane","Dual Swatches Red","Bubba Wallace","Aftershokz | Richard Petty Motorsports | Chevrolet","Driver",5,25
"Racing",2019,"Panini","Victory Lane","Dual Swatches Red","Chase Elliott","NAPA Auto Parts | Hendrick Motorsports | Chevrolet","Driver",6,25
"Racing",2019,"Panini","Victory Lane","Dual Swatches Red","Clint Bowyer","Rush Truck Centers | Stewart-Haas Racing| Ford","Driver",7,25
"Racing",2019,"Panini","Victory Lane","Dual Swatches Red","Dale Earnhardt Jr","AXALTA | Hendrick Motorsports | Chevrolet","Driver",8,25
"Racing",2019,"Panini","Victory Lane","Dual Swatches Red","Tony Stewart","Bass Pro Shops | Stewart-Haas Racing | Chevrolet","Driver",9,5
"Racing",2019,"Panini","Victory Lane","Dual Swatches Red","Denny Hamlin","FedEx Express | Joe Gibbs Racing | Toyota","Driver",10,25
"Racing",2019,"Panini","Victory Lane","Dual Swatches Red","Jimmie Johnson","Ally Financial | Hendrick Motorsports | Chevrolet","Driver",11,25
"Racing",2019,"Panini","Victory Lane","Dual Swatches Red","Joey Logano","Shell-Pennzoil | Team Penske | Ford","Driver",12,25
"Racing",2019,"Panini","Victory Lane","Dual Swatches Red","Ty Dillon","GEICO | Germain Racing | Chevrolet","Driver",13,25
"Racing",2019,"Panini","Victory Lane","Dual Swatches Red","Kevin Harvick","Jimmy John's | Stewart-Haas Racing | Ford","Driver",14,25
"Racing",2019,"Panini","Victory Lane","Dual Swatches Red","Kurt Busch","Monster Energy | Chip Ganassi Racing | Chevrolet","Driver",15,25
"Racing",2019,"Panini","Victory Lane","Dual Swatches Red","Kyle Busch","M&M's | Joe Gibbs Racing | Toyota","Driver",16,25
"Racing",2019,"Panini","Victory Lane","Dual Swatches Red","Kyle Larson","Credit One Bank | Chip Ganassi Racing | Chevrolet","Driver",17,25
"Racing",2019,"Panini","Victory Lane","Dual Swatches Red","Richard Petty","STP | Petty Enterprises | Plymouth","Driver",18,25
"Racing",2019,"Panini","Victory Lane","Dual Swatches Red","Ryan Blaney","Menards | Team Penske | Ford","Driver",19,25
"Racing",2019,"Panini","Victory Lane","Dual Swatches Red","Ryan Newman","Oscar Mayer | Roush Fenway Racing | Ford","Driver",20,25
"Racing",2019,"Panini","Victory Lane","Dual Swatches Red","Aric Almirola","Smithfield Foods | Stewart-Haas Racing | Ford","Driver",21,25
"Racing",2019,"Panini","Victory Lane","Dual Swatches Red","Daniel Hemric","Bass Pro Shops | Richard Childress Racing | Chevrolet","Driver",22,25
"Racing",2019,"Panini","Victory Lane","Dual Swatches Red","Erik Jones","Sport Clips | Joe Gibbs Racing | Toyota","Driver",23,25
"Racing",2019,"Panini","Victory Lane","Dual Swatches Red","Kasey Kahne","LiftMaster | Hendrick Motorsports | Chevrolet","Driver",24,25
"Racing",2019,"Panini","Victory Lane","Dual Swatches Red","Martin Truex Jr.","Bass Pro Shops | Joe Gibbs Racing | Toyota","Driver",25,25
"Racing",2019,"Panini","Victory Lane","Gold","Kurt Busch","Comsurv | Chip Ganassi Racing | Chevrolet","Driver",1,25
"Racing",2019,"Panini","Victory Lane","Gold","Brad Keselowski","Miller Lite | Team Penske | Ford","Driver",2,25
"Racing",2019,"Panini","Victory Lane","Gold","Austin Dillon","Dow Chemical | Richard Childress Racing | Chevrolet","Driver",3,25
"Racing",2019,"Panini","Victory Lane","Gold","Kevin Harvick","Jimmy John's | Stewart-Haas Racing | Ford","Driver",4,25
"Racing",2019,"Panini","Victory Lane","Gold","Ryan Newman","Oscar Mayer | Roush Fenway Racing | Ford","Driver",5,25
"Racing",2019,"Panini","Victory Lane","Gold","Daniel Hemric","Caterpillar | Richard Childress Racing | Chevrolet","Driver",6,25
"Racing",2019,"Panini","Victory Lane","Gold","Chase Elliott","NAPA Auto Parts | Hendrick Motorsports | Chevrolet","Driver",7,25
"Racing",2019,"Panini","Victory Lane","Gold","Aric Almirola","Smithfield Foods | Stewart-Haas Racing | Ford","Driver",8,25
"Racing",2019,"Panini","Victory Lane","Gold","Denny Hamlin","FedEx Express | Joe Gibbs Racing | Toyota","Driver",9,25
"Racing",2019,"Panini","Victory Lane","Gold","Ryan Blaney","Menards | Team Penske | Ford","Driver",10,25
"Racing",2019,"Panini","Victory Lane","Gold","Ty Dillon","GEICO | Germain Racing | Chevrolet","Driver",11,25
"Racing",2019,"Panini","Victory Lane","Gold","Clint Bowyer","Rush Truck Centers | Stewart-Haas Racing| Ford","Driver",12,25
"Racing",2019,"Panini","Victory Lane","Gold","Ross Chastain","Low T Center | Premium Motorsports | Chevrolet","Driver",13,25
"Racing",2019,"Panini","Victory Lane","Gold","Ricky Stenhouse Jr","Fastenal | Roush Fenway Racing | Ford","Driver",14,25
"Racing",2019,"Panini","Victory Lane","Gold","Kyle Busch","M&M's | Joe Gibbs Racing | Toyota","Driver",15,25
"Racing",2019,"Panini","Victory Lane","Gold","Martin Truex Jr.","Bass Pro Shops | Joe Gibbs Racing | Toyota","Driver",16,25
"Racing",2019,"Panini","Victory Lane","Gold","Erik Jones","DeWalt | Joe Gibbs Racing | Toyota","Driver",17,25
"Racing",2019,"Panini","Victory Lane","Gold","Paul Menard","Motorcraft | Wood Brothers Racing | Ford","Driver",18,25
"Racing",2019,"Panini","Victory Lane","Gold","Joey Logano","Shell-Pennzoil | Team Penske | Ford","Driver",19,25
"Racing",2019,"Panini","Victory Lane","Gold","William Byron","AXALTA | Hendrick Motorsports | Chevrolet","Driver",20,25
"Racing",2019,"Panini","Victory Lane","Gold","Corey LaJoie","Old Spice | Go Fas Racing | Ford","Driver",21,25
"Racing",2019,"Panini","Victory Lane","Gold","Michael McDowell","Love's Travel Stops | Front Row Motorsports | Ford","Driver",22,25
"Racing",2019,"Panini","Victory Lane","Gold","Matt Tifft","SpeedCo | Front Row Motorsports | Ford","Driver",23,25
"Racing",2019,"Panini","Victory Lane","Gold","Chris Buescher","Kleenex | JTG Daugherty Racing | Chevrolet","Driver",24,25
"Racing",2019,"Panini","Victory Lane","Gold","David Ragan","Select Blinds | Front Row Motorsports | Ford","Driver",25,25
"Racing",2019,"Panini","Victory Lane","Gold","Daniel Suarez","ARRIS | Stewart-Haas Racing | Ford","Driver",26,25
"Racing",2019,"Panini","Victory Lane","Gold","Kyle Larson","Credit One Bank | Chip Ganassi Racing | Chevrolet","Driver",27,25
"Racing",2019,"Panini","Victory Lane","Gold","Bubba Wallace","Aftershokz | Richard Petty Motorsports | Chevrolet","Driver",28,25
"Racing",2019,"Panini","Victory Lane","Gold","Ryan Preece","Kroger Click List | JTG Daugherty Racing | Chevrolet","Driver",29,25
"Racing",2019,"Panini","Victory Lane","Gold","Jimmie Johnson","Ally Financial | Hendrick Motorsports | Chevrolet","Driver",30,25
"Racing",2019,"Panini","Victory Lane","Gold","Alex Bowman","Nationwide | Hendrick Motorsports | Chevrolet","Driver",31,25
"Racing",2019,"Panini","Victory Lane","Gold","Matt DiBenedetto","Procore | Leavine Family Racing | Toyota","Driver",32,25
"Racing",2019,"Panini","Victory Lane","Gold","Tanner Berryhill","Obaika Racing | Toyota","Driver",33,25
"Racing",2019,"Panini","Victory Lane","Gold","Landon Cassill","StarCom | StarCom Racing | Chevrolet","Driver",34,25
"Racing",2019,"Panini","Victory Lane","Gold","Cole Custer","Jacob Companies | Stewart-Haas Racing | Ford","Driver",35,25
"Racing",2019,"Panini","Victory Lane","Gold","Noah Gragson","Switch | JR Motorsports | Chevrolet","Driver",36,25
"Racing",2019,"Panini","Victory Lane","Gold","Michael Annett","American Heart Association | JR Motorsports | Chevrolet","Driver",37,25
"Racing",2019,"Panini","Victory Lane","Gold","Justin Allgaier","Brandt | JR Motorsports | Chevrolet","Driver",38,25
"Racing",2019,"Panini","Victory Lane","Gold","Gray Gaulding","Pure | SS Green Light Racing | Chevrolet","Driver",39,25
"Racing",2019,"Panini","Victory Lane","Gold","Zane Smith","Switch | JR Motorsports | Chevrolet","Driver",40,25
"Racing",2019,"Panini","Victory Lane","Gold","Justin Haley","LeafFilter | Kaulig Racing | Chevrolet","Driver",41,25
"Racing",2019,"Panini","Victory Lane","Gold","Christopher Bell","Rheem | Joe Gibbs Racing | Toyota","Driver",42,25
"Racing",2019,"Panini","Victory Lane","Gold","John Hunter Nemechek","Fire Alarm Services | GMS Racing | Chevrolet","Driver",43,25
"Racing",2019,"Panini","Victory Lane","Gold","Chase Briscoe","Nutri Chomps | Stewart-Haas Racing | Ford","Driver",44,25
"Racing",2019,"Panini","Victory Lane","Gold","Richard Petty","STP | Petty Enterprises | Plymouth","Driver",45,25
"Racing",2019,"Panini","Victory Lane","Gold","Dale Earnhardt Jr","National Guard | Hendrick Motorsports | Chevrolet","Driver",46,25
"Racing",2019,"Panini","Victory Lane","Gold","Danica Patrick","GoDaddy.com | Premium Motorsports | Chevrolet","Driver",47,25
"Racing",2019,"Panini","Victory Lane","Gold","Mark Martin","Valvoline | Roush Racing | Ford","Driver",48,25
"Racing",2019,"Panini","Victory Lane","Gold","Terry Labonte","Kellogg's Corn Flakes | Hendrick Motorsports | Chevrolet","Driver",49,25
"Racing",2019,"Panini","Victory Lane","Gold","Darrell Waltrip","Mountain Dew | Junior Johnson | Buick","Driver",50,25
"Racing",2019,"Panini","Victory Lane","Horsepower Heroes","Jimmie Johnson","Ally Financial | Hendrick Motorsports | Chevrolet","Driver",1,
"Racing",2019,"Panini","Victory Lane","Horsepower Heroes","Kyle Busch","M&M's | Joe Gibbs Racing | Toyota","Driver",2,
"Racing",2019,"Panini","Victory Lane","Horsepower Heroes","Martin Truex Jr.","Bass Pro Shops | Joe Gibbs Racing | Toyota","Driver",3,
"Racing",2019,"Panini","Victory Lane","Horsepower Heroes","Joey Logano","Shell-Pennzoil | Team Penske | Ford","Driver",4,
"Racing",2019,"Panini","Victory Lane","Horsepower Heroes","William Byron","AXALTA | Hendrick Motorsports | Chevrolet","Driver",5,
"Racing",2019,"Panini","Victory Lane","Horsepower Heroes","Richard Petty","STP | Petty Enterprises | Plymouth","Driver",6,
"Racing",2019,"Panini","Victory Lane","Horsepower Heroes","Dale Earnhardt Jr","National Guard | Hendrick Motorsports | Chevrolet","Driver",7,
"Racing",2019,"Panini","Victory Lane","Horsepower Heroes","Denny Hamlin","FedEx Express | Joe Gibbs Racing | Toyota","Driver",8,
"Racing",2019,"Panini","Victory Lane","Horsepower Heroes","Brad Keselowski","Discount Tire | Team Penske | Ford","Driver",9,
"Racing",2019,"Panini","Victory Lane","Horsepower Heroes","Austin Dillon","Dow Chemical | Richard Childress Racing | Chevrolet","Driver",10,
"Racing",2019,"Panini","Victory Lane","Horsepower Heroes","Bubba Wallace","Aftershokz | Richard Petty Motorsports | Chevrolet","Driver",11,
"Racing",2019,"Panini","Victory Lane","Horsepower Heroes","Danica Patrick","GoDaddy.com | Premium Motorsports | Chevrolet","Driver",12,
"Racing",2019,"Panini","Victory Lane","Horsepower Heroes","Ryan Blaney","Menards | Team Penske | Ford","Driver",13,
"Racing",2019,"Panini","Victory Lane","Horsepower Heroes","Chase Elliott","NAPA Auto Parts | Hendrick Motorsports | Chevrolet","Driver",14,
"Racing",2019,"Panini","Victory Lane","Horsepower Heroes","Kevin Harvick","Jimmy John's | Stewart-Haas Racing | Ford","Driver",15,
"Racing",2019,"Panini","Victory Lane","Horsepower Heroes Black","Jimmie Johnson","Ally Financial | Hendrick Motorsports | Chevrolet","Driver",1,1
"Racing",2019,"Panini","Victory Lane","Horsepower Heroes Black","Kyle Busch","M&M's | Joe Gibbs Racing | Toyota","Driver",2,1
"Racing",2019,"Panini","Victory Lane","Horsepower Heroes Black","Martin Truex Jr.","Bass Pro Shops | Joe Gibbs Racing | Toyota","Driver",3,1
"Racing",2019,"Panini","Victory Lane","Horsepower Heroes Black","Joey Logano","Shell-Pennzoil | Team Penske | Ford","Driver",4,1
"Racing",2019,"Panini","Victory Lane","Horsepower Heroes Black","William Byron","AXALTA | Hendrick Motorsports | Chevrolet","Driver",5,1
"Racing",2019,"Panini","Victory Lane","Horsepower Heroes Black","Richard Petty","STP | Petty Enterprises | Plymouth","Driver",6,1
"Racing",2019,"Panini","Victory Lane","Horsepower Heroes Black","Dale Earnhardt Jr","National Guard | Hendrick Motorsports | Chevrolet","Driver",7,1
"Racing",2019,"Panini","Victory Lane","Horsepower Heroes Black","Denny Hamlin","FedEx Express | Joe Gibbs Racing | Toyota","Driver",8,1
"Racing",2019,"Panini","Victory Lane","Horsepower Heroes Black","Brad Keselowski","Discount Tire | Team Penske | Ford","Driver",9,1
"Racing",2019,"Panini","Victory Lane","Horsepower Heroes Black","Austin Dillon","Dow Chemical | Richard Childress Racing | Chevrolet","Driver",10,1
"Racing",2019,"Panini","Victory Lane","Horsepower Heroes Black","Bubba Wallace","Aftershokz | Richard Petty Motorsports | Chevrolet","Driver",11,1
"Racing",2019,"Panini","Victory Lane","Horsepower Heroes Black","Danica Patrick","GoDaddy.com | Premium Motorsports | Chevrolet","Driver",12,1
"Racing",2019,"Panini","Victory Lane","Horsepower Heroes Black","Ryan Blaney","Menards | Team Penske | Ford","Driver",13,1
"Racing",2019,"Panini","Victory Lane","Horsepower Heroes Black","Chase Elliott","NAPA Auto Parts | Hendrick Motorsports | Chevrolet","Driver",14,1
"Racing",2019,"Panini","Victory Lane","Horsepower Heroes Black","Kevin Harvick","Jimmy John's | Stewart-Haas Racing | Ford","Driver",15,1
"Racing",2019,"Panini","Victory Lane","Horsepower Heroes Blue","Jimmie Johnson","Ally Financial | Hendrick Motorsports | Chevrolet","Driver",1,99
"Racing",2019,"Panini","Victory Lane","Horsepower Heroes Blue","Kyle Busch","M&M's | Joe Gibbs Racing | Toyota","Driver",2,99
"Racing",2019,"Panini","Victory Lane","Horsepower Heroes Blue","Martin Truex Jr.","Bass Pro Shops | Joe Gibbs Racing | Toyota","Driver",3,99
"Racing",2019,"Panini","Victory Lane","Horsepower Heroes Blue","Joey Logano","Shell-Pennzoil | Team Penske | Ford","Driver",4,99
"Racing",2019,"Panini","Victory Lane","Horsepower Heroes Blue","William Byron","AXALTA | Hendrick Motorsports | Chevrolet","Driver",5,99
"Racing",2019,"Panini","Victory Lane","Horsepower Heroes Blue","Richard Petty","STP | Petty Enterprises | Plymouth","Driver",6,99
"Racing",2019,"Panini","Victory Lane","Horsepower Heroes Blue","Dale Earnhardt Jr","National Guard | Hendrick Motorsports | Chevrolet","Driver",7,99
"Racing",2019,"Panini","Victory Lane","Horsepower Heroes Blue","Denny Hamlin","FedEx Express | Joe Gibbs Racing | Toyota","Driver",8,99
"Racing",2019,"Panini","Victory Lane","Horsepower Heroes Blue","Brad Keselowski","Discount Tire | Team Penske | Ford","Driver",9,99
"Racing",2019,"Panini","Victory Lane","Horsepower Heroes Blue","Austin Dillon","Dow Chemical | Richard Childress Racing | Chevrolet","Driver",10,99
"Racing",2019,"Panini","Victory Lane","Horsepower Heroes Blue","Bubba Wallace","Aftershokz | Richard Petty Motorsports | Chevrolet","Driver",11,99
"Racing",2019,"Panini","Victory Lane","Horsepower Heroes Blue","Danica Patrick","GoDaddy.com | Premium Motorsports | Chevrolet","Driver",12,99
"Racing",2019,"Panini","Victory Lane","Horsepower Heroes Blue","Ryan Blaney","Menards | Team Penske | Ford","Driver",13,99
"Racing",2019,"Panini","Victory Lane","Horsepower Heroes Blue","Chase Elliott","NAPA Auto Parts | Hendrick Motorsports | Chevrolet","Driver",14,99
"Racing",2019,"Panini","Victory Lane","Horsepower Heroes Blue","Kevin Harvick","Jimmy John's | Stewart-Haas Racing | Ford","Driver",15,99
"Racing",2019,"Panini","Victory Lane","Horsepower Heroes Gold","Jimmie Johnson","Ally Financial | Hendrick Motorsports | Chevrolet","Driver",1,25
"Racing",2019,"Panini","Victory Lane","Horsepower Heroes Gold","Kyle Busch","M&M's | Joe Gibbs Racing | Toyota","Driver",2,25
"Racing",2019,"Panini","Victory Lane","Horsepower Heroes Gold","Martin Truex Jr.","Bass Pro Shops | Joe Gibbs Racing | Toyota","Driver",3,25
"Racing",2019,"Panini","Victory Lane","Horsepower Heroes Gold","Joey Logano","Shell-Pennzoil | Team Penske | Ford","Driver",4,25
"Racing",2019,"Panini","Victory Lane","Horsepower Heroes Gold","William Byron","AXALTA | Hendrick Motorsports | Chevrolet","Driver",5,25
"Racing",2019,"Panini","Victory Lane","Horsepower Heroes Gold","Richard Petty","STP | Petty Enterprises | Plymouth","Driver",6,25
"Racing",2019,"Panini","Victory Lane","Horsepower Heroes Gold","Dale Earnhardt Jr","National Guard | Hendrick Motorsports | Chevrolet","Driver",7,25
"Racing",2019,"Panini","Victory Lane","Horsepower Heroes Gold","Denny Hamlin","FedEx Express | Joe Gibbs Racing | Toyota","Driver",8,25
"Racing",2019,"Panini","Victory Lane","Horsepower Heroes Gold","Brad Keselowski","Discount Tire | Team Penske | Ford","Driver",9,25
"Racing",2019,"Panini","Victory Lane","Horsepower Heroes Gold","Austin Dillon","Dow Chemical | Richard Childress Racing | Chevrolet","Driver",10,25
"Racing",2019,"Panini","Victory Lane","Horsepower Heroes Gold","Bubba Wallace","Aftershokz | Richard Petty Motorsports | Chevrolet","Driver",11,25
"Racing",2019,"Panini","Victory Lane","Horsepower Heroes Gold","Danica Patrick","GoDaddy.com | Premium Motorsports | Chevrolet","Driver",12,25
"Racing",2019,"Panini","Victory Lane","Horsepower Heroes Gold","Ryan Blaney","Menards | Team Penske | Ford","Driver",13,25
"Racing",2019,"Panini","Victory Lane","Horsepower Heroes Gold","Chase Elliott","NAPA Auto Parts | Hendrick Motorsports | Chevrolet","Driver",14,25
"Racing",2019,"Panini","Victory Lane","Horsepower Heroes Gold","Kevin Harvick","Jimmy John's | Stewart-Haas Racing | Ford","Driver",15,25
"Racing",2019,"Panini","Victory Lane","Horsepower Heroes Green","Jimmie Johnson","Ally Financial | Hendrick Motorsports | Chevrolet","Driver",1,5
"Racing",2019,"Panini","Victory Lane","Horsepower Heroes Green","Kyle Busch","M&M's | Joe Gibbs Racing | Toyota","Driver",2,5
"Racing",2019,"Panini","Victory Lane","Horsepower Heroes Green","Martin Truex Jr.","Bass Pro Shops | Joe Gibbs Racing | Toyota","Driver",3,5
"Racing",2019,"Panini","Victory Lane","Horsepower Heroes Green","Joey Logano","Shell-Pennzoil | Team Penske | Ford","Driver",4,5
"Racing",2019,"Panini","Victory Lane","Horsepower Heroes Green","William Byron","AXALTA | Hendrick Motorsports | Chevrolet","Driver",5,5
"Racing",2019,"Panini","Victory Lane","Horsepower Heroes Green","Richard Petty","STP | Petty Enterprises | Plymouth","Driver",6,5
"Racing",2019,"Panini","Victory Lane","Horsepower Heroes Green","Dale Earnhardt Jr","National Guard | Hendrick Motorsports | Chevrolet","Driver",7,5
"Racing",2019,"Panini","Victory Lane","Horsepower Heroes Green","Denny Hamlin","FedEx Express | Joe Gibbs Racing | Toyota","Driver",8,5
"Racing",2019,"Panini","Victory Lane","Horsepower Heroes Green","Brad Keselowski","Discount Tire | Team Penske | Ford","Driver",9,5
"Racing",2019,"Panini","Victory Lane","Horsepower Heroes Green","Austin Dillon","Dow Chemical | Richard Childress Racing | Chevrolet","Driver",10,5
"Racing",2019,"Panini","Victory Lane","Horsepower Heroes Green","Bubba Wallace","Aftershokz | Richard Petty Motorsports | Chevrolet","Driver",11,5
"Racing",2019,"Panini","Victory Lane","Horsepower Heroes Green","Danica Patrick","GoDaddy.com | Premium Motorsports | Chevrolet","Driver",12,5
"Racing",2019,"Panini","Victory Lane","Horsepower Heroes Green","Ryan Blaney","Menards | Team Penske | Ford","Driver",13,5
"Racing",2019,"Panini","Victory Lane","Horsepower Heroes Green","Chase Elliott","NAPA Auto Parts | Hendrick Motorsports | Chevrolet","Driver",14,5
"Racing",2019,"Panini","Victory Lane","Horsepower Heroes Green","Kevin Harvick","Jimmy John's | Stewart-Haas Racing | Ford","Driver",15,5
"Racing",2019,"Panini","Victory Lane","Horsepower Heroes Printing Plates Black","Jimmie Johnson","Ally Financial | Hendrick Motorsports | Chevrolet","Driver",1,1
"Racing",2019,"Panini","Victory Lane","Horsepower Heroes Printing Plates Black","Kyle Busch","M&M's | Joe Gibbs Racing | Toyota","Driver",2,1
"Racing",2019,"Panini","Victory Lane","Horsepower Heroes Printing Plates Black","Martin Truex Jr.","Bass Pro Shops | Joe Gibbs Racing | Toyota","Driver",3,1
"Racing",2019,"Panini","Victory Lane","Horsepower Heroes Printing Plates Black","Joey Logano","Shell-Pennzoil | Team Penske | Ford","Driver",4,1
"Racing",2019,"Panini","Victory Lane","Horsepower Heroes Printing Plates Black","William Byron","AXALTA | Hendrick Motorsports | Chevrolet","Driver",5,1
"Racing",2019,"Panini","Victory Lane","Horsepower Heroes Printing Plates Black","Richard Petty","STP | Petty Enterprises | Plymouth","Driver",6,1
"Racing",2019,"Panini","Victory Lane","Horsepower Heroes Printing Plates Black","Dale Earnhardt Jr","National Guard | Hendrick Motorsports | Chevrolet","Driver",7,1
"Racing",2019,"Panini","Victory Lane","Horsepower Heroes Printing Plates Black","Denny Hamlin","FedEx Express | Joe Gibbs Racing | Toyota","Driver",8,1
"Racing",2019,"Panini","Victory Lane","Horsepower Heroes Printing Plates Black","Brad Keselowski","Discount Tire | Team Penske | Ford","Driver",9,1
"Racing",2019,"Panini","Victory Lane","Horsepower Heroes Printing Plates Black","Austin Dillon","Dow Chemical | Richard Childress Racing | Chevrolet","Driver",10,1
"Racing",2019,"Panini","Victory Lane","Horsepower Heroes Printing Plates Black","Bubba Wallace","Aftershokz | Richard Petty Motorsports | Chevrolet","Driver",11,1
"Racing",2019,"Panini","Victory Lane","Horsepower Heroes Printing Plates Black","Danica Patrick","GoDaddy.com | Premium Motorsports | Chevrolet","Driver",12,1
"Racing",2019,"Panini","Victory Lane","Horsepower Heroes Printing Plates Black","Ryan Blaney","Menards | Team Penske | Ford","Driver",13,1
"Racing",2019,"Panini","Victory Lane","Horsepower Heroes Printing Plates Black","Chase Elliott","NAPA Auto Parts | Hendrick Motorsports | Chevrolet","Driver",14,1
"Racing",2019,"Panini","Victory Lane","Horsepower Heroes Printing Plates Black","Kevin Harvick","Jimmy John's | Stewart-Haas Racing | Ford","Driver",15,1
"Racing",2019,"Panini","Victory Lane","Horsepower Heroes Printing Plates Cyan","Jimmie Johnson","Ally Financial | Hendrick Motorsports | Chevrolet","Driver",1,1
"Racing",2019,"Panini","Victory Lane","Horsepower Heroes Printing Plates Cyan","Kyle Busch","M&M's | Joe Gibbs Racing | Toyota","Driver",2,1
"Racing",2019,"Panini","Victory Lane","Horsepower Heroes Printing Plates Cyan","Martin Truex Jr.","Bass Pro Shops | Joe Gibbs Racing | Toyota","Driver",3,1
"Racing",2019,"Panini","Victory Lane","Horsepower Heroes Printing Plates Cyan","Joey Logano","Shell-Pennzoil | Team Penske | Ford","Driver",4,1
"Racing",2019,"Panini","Victory Lane","Horsepower Heroes Printing Plates Cyan","William Byron","AXALTA | Hendrick Motorsports | Chevrolet","Driver",5,1
"Racing",2019,"Panini","Victory Lane","Horsepower Heroes Printing Plates Cyan","Richard Petty","STP | Petty Enterprises | Plymouth","Driver",6,1
"Racing",2019,"Panini","Victory Lane","Horsepower Heroes Printing Plates Cyan","Dale Earnhardt Jr","National Guard | Hendrick Motorsports | Chevrolet","Driver",7,1
"Racing",2019,"Panini","Victory Lane","Horsepower Heroes Printing Plates Cyan","Denny Hamlin","FedEx Express | Joe Gibbs Racing | Toyota","Driver",8,1
"Racing",2019,"Panini","Victory Lane","Horsepower Heroes Printing Plates Cyan","Brad Keselowski","Discount Tire | Team Penske | Ford","Driver",9,1
"Racing",2019,"Panini","Victory Lane","Horsepower Heroes Printing Plates Cyan","Austin Dillon","Dow Chemical | Richard Childress Racing | Chevrolet","Driver",10,1
"Racing",2019,"Panini","Victory Lane","Horsepower Heroes Printing Plates Cyan","Bubba Wallace","Aftershokz | Richard Petty Motorsports | Chevrolet","Driver",11,1
"Racing",2019,"Panini","Victory Lane","Horsepower Heroes Printing Plates Cyan","Danica Patrick","GoDaddy.com | Premium Motorsports | Chevrolet","Driver",12,1
"Racing",2019,"Panini","Victory Lane","Horsepower Heroes Printing Plates Cyan","Ryan Blaney","Menards | Team Penske | Ford","Driver",13,1
"Racing",2019,"Panini","Victory Lane","Horsepower Heroes Printing Plates Cyan","Chase Elliott","NAPA Auto Parts | Hendrick Motorsports | Chevrolet","Driver",14,1
"Racing",2019,"Panini","Victory Lane","Horsepower Heroes Printing Plates Cyan","Kevin Harvick","Jimmy John's | Stewart-Haas Racing | Ford","Driver",15,1
"Racing",2019,"Panini","Victory Lane","Horsepower Heroes Printing Plates Magenta","Jimmie Johnson","Ally Financial | Hendrick Motorsports | Chevrolet","Driver",1,1
"Racing",2019,"Panini","Victory Lane","Horsepower Heroes Printing Plates Magenta","Kyle Busch","M&M's | Joe Gibbs Racing | Toyota","Driver",2,1
"Racing",2019,"Panini","Victory Lane","Horsepower Heroes Printing Plates Magenta","Martin Truex Jr.","Bass Pro Shops | Joe Gibbs Racing | Toyota","Driver",3,1
"Racing",2019,"Panini","Victory Lane","Horsepower Heroes Printing Plates Magenta","Joey Logano","Shell-Pennzoil | Team Penske | Ford","Driver",4,1
"Racing",2019,"Panini","Victory Lane","Horsepower Heroes Printing Plates Magenta","William Byron","AXALTA | Hendrick Motorsports | Chevrolet","Driver",5,1
"Racing",2019,"Panini","Victory Lane","Horsepower Heroes Printing Plates Magenta","Richard Petty","STP | Petty Enterprises | Plymouth","Driver",6,1
"Racing",2019,"Panini","Victory Lane","Horsepower Heroes Printing Plates Magenta","Dale Earnhardt Jr","National Guard | Hendrick Motorsports | Chevrolet","Driver",7,1
"Racing",2019,"Panini","Victory Lane","Horsepower Heroes Printing Plates Magenta","Denny Hamlin","FedEx Express | Joe Gibbs Racing | Toyota","Driver",8,1
"Racing",2019,"Panini","Victory Lane","Horsepower Heroes Printing Plates Magenta","Brad Keselowski","Discount Tire | Team Penske | Ford","Driver",9,1
"Racing",2019,"Panini","Victory Lane","Horsepower Heroes Printing Plates Magenta","Austin Dillon","Dow Chemical | Richard Childress Racing | Chevrolet","Driver",10,1
"Racing",2019,"Panini","Victory Lane","Horsepower Heroes Printing Plates Magenta","Bubba Wallace","Aftershokz | Richard Petty Motorsports | Chevrolet","Driver",11,1
"Racing",2019,"Panini","Victory Lane","Horsepower Heroes Printing Plates Magenta","Danica Patrick","GoDaddy.com | Premium Motorsports | Chevrolet","Driver",12,1
"Racing",2019,"Panini","Victory Lane","Horsepower Heroes Printing Plates Magenta","Ryan Blaney","Menards | Team Penske | Ford","Driver",13,1
"Racing",2019,"Panini","Victory Lane","Horsepower Heroes Printing Plates Magenta","Chase Elliott","NAPA Auto Parts | Hendrick Motorsports | Chevrolet","Driver",14,1
"Racing",2019,"Panini","Victory Lane","Horsepower Heroes Printing Plates Magenta","Kevin Harvick","Jimmy John's | Stewart-Haas Racing | Ford","Driver",15,1
"Racing",2019,"Panini","Victory Lane","Horsepower Heroes Printing Plates Yellow","Jimmie Johnson","Ally Financial | Hendrick Motorsports | Chevrolet","Driver",1,1
"Racing",2019,"Panini","Victory Lane","Horsepower Heroes Printing Plates Yellow","Kyle Busch","M&M's | Joe Gibbs Racing | Toyota","Driver",2,1
"Racing",2019,"Panini","Victory Lane","Horsepower Heroes Printing Plates Yellow","Martin Truex Jr.","Bass Pro Shops | Joe Gibbs Racing | Toyota","Driver",3,1
"Racing",2019,"Panini","Victory Lane","Horsepower Heroes Printing Plates Yellow","Joey Logano","Shell-Pennzoil | Team Penske | Ford","Driver",4,1
"Racing",2019,"Panini","Victory Lane","Horsepower Heroes Printing Plates Yellow","William Byron","AXALTA | Hendrick Motorsports | Chevrolet","Driver",5,1
"Racing",2019,"Panini","Victory Lane","Horsepower Heroes Printing Plates Yellow","Richard Petty","STP | Petty Enterprises | Plymouth","Driver",6,1
"Racing",2019,"Panini","Victory Lane","Horsepower Heroes Printing Plates Yellow","Dale Earnhardt Jr","National Guard | Hendrick Motorsports | Chevrolet","Driver",7,1
"Racing",2019,"Panini","Victory Lane","Horsepower Heroes Printing Plates Yellow","Denny Hamlin","FedEx Express | Joe Gibbs Racing | Toyota","Driver",8,1
"Racing",2019,"Panini","Victory Lane","Horsepower Heroes Printing Plates Yellow","Brad Keselowski","Discount Tire | Team Penske | Ford","Driver",9,1
"Racing",2019,"Panini","Victory Lane","Horsepower Heroes Printing Plates Yellow","Austin Dillon","Dow Chemical | Richard Childress Racing | Chevrolet","Driver",10,1
"Racing",2019,"Panini","Victory Lane","Horsepower Heroes Printing Plates Yellow","Bubba Wallace","Aftershokz | Richard Petty Motorsports | Chevrolet","Driver",11,1
"Racing",2019,"Panini","Victory Lane","Horsepower Heroes Printing Plates Yellow","Danica Patrick","GoDaddy.com | Premium Motorsports | Chevrolet","Driver",12,1
"Racing",2019,"Panini","Victory Lane","Horsepower Heroes Printing Plates Yellow","Ryan Blaney","Menards | Team Penske | Ford","Driver",13,1
"Racing",2019,"Panini","Victory Lane","Horsepower Heroes Printing Plates Yellow","Chase Elliott","NAPA Auto Parts | Hendrick Motorsports | Chevrolet","Driver",14,1
"Racing",2019,"Panini","Victory Lane","Horsepower Heroes Printing Plates Yellow","Kevin Harvick","Jimmy John's | Stewart-Haas Racing | Ford","Driver",15,1
"Racing",2019,"Panini","Victory Lane","Machines","Jimmie Johnson","Ally Financial | Hendrick Motorsports | Chevrolet","Driver",1,
"Racing",2019,"Panini","Victory Lane","Machines","Kevin Harvick","Jimmy John's | Stewart-Haas Racing | Ford","Driver",2,
"Racing",2019,"Panini","Victory Lane","Machines","Chase Elliott","NAPA Auto Parts | Hendrick Motorsports | Chevrolet","Driver",3,
"Racing",2019,"Panini","Victory Lane","Machines","Kyle Busch","M&M's | Joe Gibbs Racing | Toyota","Driver",4,
"Racing",2019,"Panini","Victory Lane","Machines","Martin Truex Jr.","Bass Pro Shops | Joe Gibbs Racing | Toyota","Driver",5,
"Racing",2019,"Panini","Victory Lane","Machines","Ryan Blaney","Menards | Team Penske | Ford","Driver",6,
"Racing",2019,"Panini","Victory Lane","Machines","Joey Logano","Shell-Pennzoil | Team Penske | Ford","Driver",7,
"Racing",2019,"Panini","Victory Lane","Machines","William Byron","AXALTA | Hendrick Motorsports | Chevrolet","Driver",8,
"Racing",2019,"Panini","Victory Lane","Machines","Bubba Wallace","U.S. Air Force | Richard Petty Motorsports | Chevrolet","Driver",9,
"Racing",2019,"Panini","Victory Lane","Machines","Denny Hamlin","FedEx Express | Joe Gibbs Racing | Toyota","Driver",10,
"Racing",2019,"Panini","Victory Lane","Machines","Brad Keselowski","Discount Tire | Team Penske | Ford","Driver",11,
"Racing",2019,"Panini","Victory Lane","Machines","Austin Dillon","Dow Chemical | Richard Childress Racing | Chevrolet","Driver",12,
"Racing",2019,"Panini","Victory Lane","Machines","Kyle Larson","Credit One Bank | Chip Ganassi Racing | Chevrolet","Driver",13,
"Racing",2019,"Panini","Victory Lane","Machines","Kurt Busch","Comsurv | Chip Ganassi Racing | Chevrolet","Driver",14,
"Racing",2019,"Panini","Victory Lane","Machines","Ty Dillon","GEICO | Germain Racing | Chevrolet","Driver",15,
"Racing",2019,"Panini","Victory Lane","Machines","Ryan Newman","Oscar Mayer | Roush Fenway Racing | Ford","Driver",16,
"Racing",2019,"Panini","Victory Lane","Machines","Clint Bowyer","Rush Truck Centers | Stewart-Haas Racing| Ford","Driver",17,
"Racing",2019,"Panini","Victory Lane","Machines","Alex Bowman","Nationwide | Hendrick Motorsports | Chevrolet","Driver",18,
"Racing",2019,"Panini","Victory Lane","Machines","Aric Almirola","Smithfield Foods | Stewart-Haas Racing | Ford","Driver",19,
"Racing",2019,"Panini","Victory Lane","Machines","Daniel Suarez","ARRIS | Stewart-Haas Racing | Ford","Driver",20,
"Racing",2019,"Panini","Victory Lane","Machines Black","Jimmie Johnson","Ally Financial | Hendrick Motorsports | Chevrolet","Driver",1,1
"Racing",2019,"Panini","Victory Lane","Machines Black","Kevin Harvick","Jimmy John's | Stewart-Haas Racing | Ford","Driver",2,1
"Racing",2019,"Panini","Victory Lane","Machines Black","Chase Elliott","NAPA Auto Parts | Hendrick Motorsports | Chevrolet","Driver",3,1
"Racing",2019,"Panini","Victory Lane","Machines Black","Kyle Busch","M&M's | Joe Gibbs Racing | Toyota","Driver",4,1
"Racing",2019,"Panini","Victory Lane","Machines Black","Martin Truex Jr.","Bass Pro Shops | Joe Gibbs Racing | Toyota","Driver",5,1
"Racing",2019,"Panini","Victory Lane","Machines Black","Ryan Blaney","Menards | Team Penske | Ford","Driver",6,1
"Racing",2019,"Panini","Victory Lane","Machines Black","Joey Logano","Shell-Pennzoil | Team Penske | Ford","Driver",7,1
"Racing",2019,"Panini","Victory Lane","Machines Black","William Byron","AXALTA | Hendrick Motorsports | Chevrolet","Driver",8,1
"Racing",2019,"Panini","Victory Lane","Machines Black","Bubba Wallace","U.S. Air Force | Richard Petty Motorsports | Chevrolet","Driver",9,1
"Racing",2019,"Panini","Victory Lane","Machines Black","Denny Hamlin","FedEx Express | Joe Gibbs Racing | Toyota","Driver",10,1
"Racing",2019,"Panini","Victory Lane","Machines Black","Brad Keselowski","Discount Tire | Team Penske | Ford","Driver",11,1
"Racing",2019,"Panini","Victory Lane","Machines Black","Austin Dillon","Dow Chemical | Richard Childress Racing | Chevrolet","Driver",12,1
"Racing",2019,"Panini","Victory Lane","Machines Black","Kyle Larson","Credit One Bank | Chip Ganassi Racing | Chevrolet","Driver",13,1
"Racing",2019,"Panini","Victory Lane","Machines Black","Kurt Busch","Comsurv | Chip Ganassi Racing | Chevrolet","Driver",14,1
"Racing",2019,"Panini","Victory Lane","Machines Black","Ty Dillon","GEICO | Germain Racing | Chevrolet","Driver",15,1
"Racing",2019,"Panini","Victory Lane","Machines Black","Ryan Newman","Oscar Mayer | Roush Fenway Racing | Ford","Driver",16,1
"Racing",2019,"Panini","Victory Lane","Machines Black","Clint Bowyer","Rush Truck Centers | Stewart-Haas Racing| Ford","Driver",17,1
"Racing",2019,"Panini","Victory Lane","Machines Black","Alex Bowman","Nationwide | Hendrick Motorsports | Chevrolet","Driver",18,1
"Racing",2019,"Panini","Victory Lane","Machines Black","Aric Almirola","Smithfield Foods | Stewart-Haas Racing | Ford","Driver",19,1
"Racing",2019,"Panini","Victory Lane","Machines Black","Daniel Suarez","ARRIS | Stewart-Haas Racing | Ford","Driver",20,1
"Racing",2019,"Panini","Victory Lane","Machines Blue","Jimmie Johnson","Ally Financial | Hendrick Motorsports | Chevrolet","Driver",1,99
"Racing",2019,"Panini","Victory Lane","Machines Blue","Kevin Harvick","Jimmy John's | Stewart-Haas Racing | Ford","Driver",2,99
"Racing",2019,"Panini","Victory Lane","Machines Blue","Chase Elliott","NAPA Auto Parts | Hendrick Motorsports | Chevrolet","Driver",3,99
"Racing",2019,"Panini","Victory Lane","Machines Blue","Kyle Busch","M&M's | Joe Gibbs Racing | Toyota","Driver",4,99
"Racing",2019,"Panini","Victory Lane","Machines Blue","Martin Truex Jr.","Bass Pro Shops | Joe Gibbs Racing | Toyota","Driver",5,99
"Racing",2019,"Panini","Victory Lane","Machines Blue","Ryan Blaney","Menards | Team Penske | Ford","Driver",6,99
"Racing",2019,"Panini","Victory Lane","Machines Blue","Joey Logano","Shell-Pennzoil | Team Penske | Ford","Driver",7,99
"Racing",2019,"Panini","Victory Lane","Machines Blue","William Byron","AXALTA | Hendrick Motorsports | Chevrolet","Driver",8,99
"Racing",2019,"Panini","Victory Lane","Machines Blue","Bubba Wallace","U.S. Air Force | Richard Petty Motorsports | Chevrolet","Driver",9,99
"Racing",2019,"Panini","Victory Lane","Machines Blue","Denny Hamlin","FedEx Express | Joe Gibbs Racing | Toyota","Driver",10,99
"Racing",2019,"Panini","Victory Lane","Machines Blue","Brad Keselowski","Discount Tire | Team Penske | Ford","Driver",11,99
"Racing",2019,"Panini","Victory Lane","Machines Blue","Austin Dillon","Dow Chemical | Richard Childress Racing | Chevrolet","Driver",12,99
"Racing",2019,"Panini","Victory Lane","Machines Blue","Kyle Larson","Credit One Bank | Chip Ganassi Racing | Chevrolet","Driver",13,99
"Racing",2019,"Panini","Victory Lane","Machines Blue","Kurt Busch","Comsurv | Chip Ganassi Racing | Chevrolet","Driver",14,99
"Racing",2019,"Panini","Victory Lane","Machines Blue","Ty Dillon","GEICO | Germain Racing | Chevrolet","Driver",15,99
"Racing",2019,"Panini","Victory Lane","Machines Blue","Ryan Newman","Oscar Mayer | Roush Fenway Racing | Ford","Driver",16,99
"Racing",2019,"Panini","Victory Lane","Machines Blue","Clint Bowyer","Rush Truck Centers | Stewart-Haas Racing| Ford","Driver",17,99
"Racing",2019,"Panini","Victory Lane","Machines Blue","Alex Bowman","Nationwide | Hendrick Motorsports | Chevrolet","Driver",18,99
"Racing",2019,"Panini","Victory Lane","Machines Blue","Aric Almirola","Smithfield Foods | Stewart-Haas Racing | Ford","Driver",19,99
"Racing",2019,"Panini","Victory Lane","Machines Blue","Daniel Suarez","ARRIS | Stewart-Haas Racing | Ford","Driver",20,99
"Racing",2019,"Panini","Victory Lane","Machines Gold","Jimmie Johnson","Ally Financial | Hendrick Motorsports | Chevrolet","Driver",1,25
"Racing",2019,"Panini","Victory Lane","Machines Gold","Kevin Harvick","Jimmy John's | Stewart-Haas Racing | Ford","Driver",2,25
"Racing",2019,"Panini","Victory Lane","Machines Gold","Chase Elliott","NAPA Auto Parts | Hendrick Motorsports | Chevrolet","Driver",3,25
"Racing",2019,"Panini","Victory Lane","Machines Gold","Kyle Busch","M&M's | Joe Gibbs Racing | Toyota","Driver",4,25
"Racing",2019,"Panini","Victory Lane","Machines Gold","Martin Truex Jr.","Bass Pro Shops | Joe Gibbs Racing | Toyota","Driver",5,25
"Racing",2019,"Panini","Victory Lane","Machines Gold","Ryan Blaney","Menards | Team Penske | Ford","Driver",6,25
"Racing",2019,"Panini","Victory Lane","Machines Gold","Joey Logano","Shell-Pennzoil | Team Penske | Ford","Driver",7,25
"Racing",2019,"Panini","Victory Lane","Machines Gold","William Byron","AXALTA | Hendrick Motorsports | Chevrolet","Driver",8,25
"Racing",2019,"Panini","Victory Lane","Machines Gold","Bubba Wallace","U.S. Air Force | Richard Petty Motorsports | Chevrolet","Driver",9,25
"Racing",2019,"Panini","Victory Lane","Machines Gold","Denny Hamlin","FedEx Express | Joe Gibbs Racing | Toyota","Driver",10,25
"Racing",2019,"Panini","Victory Lane","Machines Gold","Brad Keselowski","Discount Tire | Team Penske | Ford","Driver",11,25
"Racing",2019,"Panini","Victory Lane","Machines Gold","Austin Dillon","Dow Chemical | Richard Childress Racing | Chevrolet","Driver",12,25
"Racing",2019,"Panini","Victory Lane","Machines Gold","Kyle Larson","Credit One Bank | Chip Ganassi Racing | Chevrolet","Driver",13,25
"Racing",2019,"Panini","Victory Lane","Machines Gold","Kurt Busch","Comsurv | Chip Ganassi Racing | Chevrolet","Driver",14,25
"Racing",2019,"Panini","Victory Lane","Machines Gold","Ty Dillon","GEICO | Germain Racing | Chevrolet","Driver",15,25
"Racing",2019,"Panini","Victory Lane","Machines Gold","Ryan Newman","Oscar Mayer | Roush Fenway Racing | Ford","Driver",16,25
"Racing",2019,"Panini","Victory Lane","Machines Gold","Clint Bowyer","Rush Truck Centers | Stewart-Haas Racing| Ford","Driver",17,25
"Racing",2019,"Panini","Victory Lane","Machines Gold","Alex Bowman","Nationwide | Hendrick Motorsports | Chevrolet","Driver",18,25
"Racing",2019,"Panini","Victory Lane","Machines Gold","Aric Almirola","Smithfield Foods | Stewart-Haas Racing | Ford","Driver",19,25
"Racing",2019,"Panini","Victory Lane","Machines Gold","Daniel Suarez","ARRIS | Stewart-Haas Racing | Ford","Driver",20,25
"Racing",2019,"Panini","Victory Lane","Machines Green","Jimmie Johnson","Ally Financial | Hendrick Motorsports | Chevrolet","Driver",1,5
"Racing",2019,"Panini","Victory Lane","Machines Green","Kevin Harvick","Jimmy John's | Stewart-Haas Racing | Ford","Driver",2,5
"Racing",2019,"Panini","Victory Lane","Machines Green","Chase Elliott","NAPA Auto Parts | Hendrick Motorsports | Chevrolet","Driver",3,5
"Racing",2019,"Panini","Victory Lane","Machines Green","Kyle Busch","M&M's | Joe Gibbs Racing | Toyota","Driver",4,5
"Racing",2019,"Panini","Victory Lane","Machines Green","Martin Truex Jr.","Bass Pro Shops | Joe Gibbs Racing | Toyota","Driver",5,5
"Racing",2019,"Panini","Victory Lane","Machines Green","Ryan Blaney","Menards | Team Penske | Ford","Driver",6,5
"Racing",2019,"Panini","Victory Lane","Machines Green","Joey Logano","Shell-Pennzoil | Team Penske | Ford","Driver",7,5
"Racing",2019,"Panini","Victory Lane","Machines Green","William Byron","AXALTA | Hendrick Motorsports | Chevrolet","Driver",8,5
"Racing",2019,"Panini","Victory Lane","Machines Green","Bubba Wallace","U.S. Air Force | Richard Petty Motorsports | Chevrolet","Driver",9,5
"Racing",2019,"Panini","Victory Lane","Machines Green","Denny Hamlin","FedEx Express | Joe Gibbs Racing | Toyota","Driver",10,5
"Racing",2019,"Panini","Victory Lane","Machines Green","Brad Keselowski","Discount Tire | Team Penske | Ford","Driver",11,5
"Racing",2019,"Panini","Victory Lane","Machines Green","Austin Dillon","Dow Chemical | Richard Childress Racing | Chevrolet","Driver",12,5
"Racing",2019,"Panini","Victory Lane","Machines Green","Kyle Larson","Credit One Bank | Chip Ganassi Racing | Chevrolet","Driver",13,5
"Racing",2019,"Panini","Victory Lane","Machines Green","Kurt Busch","Comsurv | Chip Ganassi Racing | Chevrolet","Driver",14,5
"Racing",2019,"Panini","Victory Lane","Machines Green","Ty Dillon","GEICO | Germain Racing | Chevrolet","Driver",15,5
"Racing",2019,"Panini","Victory Lane","Machines Green","Ryan Newman","Oscar Mayer | Roush Fenway Racing | Ford","Driver",16,5
"Racing",2019,"Panini","Victory Lane","Machines Green","Clint Bowyer","Rush Truck Centers | Stewart-Haas Racing| Ford","Driver",17,5
"Racing",2019,"Panini","Victory Lane","Machines Green","Alex Bowman","Nationwide | Hendrick Motorsports | Chevrolet","Driver",18,5
"Racing",2019,"Panini","Victory Lane","Machines Green","Aric Almirola","Smithfield Foods | Stewart-Haas Racing | Ford","Driver",19,5
"Racing",2019,"Panini","Victory Lane","Machines Green","Daniel Suarez","ARRIS | Stewart-Haas Racing | Ford","Driver",20,5
"Racing",2019,"Panini","Victory Lane","Machines Printing Plates Black","Jimmie Johnson","Ally Financial | Hendrick Motorsports | Chevrolet","Driver",1,1
"Racing",2019,"Panini","Victory Lane","Machines Printing Plates Black","Kevin Harvick","Jimmy John's | Stewart-Haas Racing | Ford","Driver",2,1
"Racing",2019,"Panini","Victory Lane","Machines Printing Plates Black","Chase Elliott","NAPA Auto Parts | Hendrick Motorsports | Chevrolet","Driver",3,1
"Racing",2019,"Panini","Victory Lane","Machines Printing Plates Black","Kyle Busch","M&M's | Joe Gibbs Racing | Toyota","Driver",4,1
"Racing",2019,"Panini","Victory Lane","Machines Printing Plates Black","Martin Truex Jr.","Bass Pro Shops | Joe Gibbs Racing | Toyota","Driver",5,1
"Racing",2019,"Panini","Victory Lane","Machines Printing Plates Black","Ryan Blaney","Menards | Team Penske | Ford","Driver",6,1
"Racing",2019,"Panini","Victory Lane","Machines Printing Plates Black","Joey Logano","Shell-Pennzoil | Team Penske | Ford","Driver",7,1
"Racing",2019,"Panini","Victory Lane","Machines Printing Plates Black","William Byron","AXALTA | Hendrick Motorsports | Chevrolet","Driver",8,1
"Racing",2019,"Panini","Victory Lane","Machines Printing Plates Black","Bubba Wallace","U.S. Air Force | Richard Petty Motorsports | Chevrolet","Driver",9,1
"Racing",2019,"Panini","Victory Lane","Machines Printing Plates Black","Denny Hamlin","FedEx Express | Joe Gibbs Racing | Toyota","Driver",10,1
"Racing",2019,"Panini","Victory Lane","Machines Printing Plates Black","Brad Keselowski","Discount Tire | Team Penske | Ford","Driver",11,1
"Racing",2019,"Panini","Victory Lane","Machines Printing Plates Black","Austin Dillon","Dow Chemical | Richard Childress Racing | Chevrolet","Driver",12,1
"Racing",2019,"Panini","Victory Lane","Machines Printing Plates Black","Kyle Larson","Credit One Bank | Chip Ganassi Racing | Chevrolet","Driver",13,1
"Racing",2019,"Panini","Victory Lane","Machines Printing Plates Black","Kurt Busch","Comsurv | Chip Ganassi Racing | Chevrolet","Driver",14,1
"Racing",2019,"Panini","Victory Lane","Machines Printing Plates Black","Ty Dillon","GEICO | Germain Racing | Chevrolet","Driver",15,1
"Racing",2019,"Panini","Victory Lane","Machines Printing Plates Black","Ryan Newman","Oscar Mayer | Roush Fenway Racing | Ford","Driver",16,1
"Racing",2019,"Panini","Victory Lane","Machines Printing Plates Black","Clint Bowyer","Rush Truck Centers | Stewart-Haas Racing| Ford","Driver",17,1
"Racing",2019,"Panini","Victory Lane","Machines Printing Plates Black","Alex Bowman","Nationwide | Hendrick Motorsports | Chevrolet","Driver",18,1
"Racing",2019,"Panini","Victory Lane","Machines Printing Plates Black","Aric Almirola","Smithfield Foods | Stewart-Haas Racing | Ford","Driver",19,1
"Racing",2019,"Panini","Victory Lane","Machines Printing Plates Black","Daniel Suarez","ARRIS | Stewart-Haas Racing | Ford","Driver",20,1
"Racing",2019,"Panini","Victory Lane","Machines Printing Plates Cyan","Jimmie Johnson","Ally Financial | Hendrick Motorsports | Chevrolet","Driver",1,1
"Racing",2019,"Panini","Victory Lane","Machines Printing Plates Cyan","Kevin Harvick","Jimmy John's | Stewart-Haas Racing | Ford","Driver",2,1
"Racing",2019,"Panini","Victory Lane","Machines Printing Plates Cyan","Chase Elliott","NAPA Auto Parts | Hendrick Motorsports | Chevrolet","Driver",3,1
"Racing",2019,"Panini","Victory Lane","Machines Printing Plates Cyan","Kyle Busch","M&M's | Joe Gibbs Racing | Toyota","Driver",4,1
"Racing",2019,"Panini","Victory Lane","Machines Printing Plates Cyan","Martin Truex Jr.","Bass Pro Shops | Joe Gibbs Racing | Toyota","Driver",5,1
"Racing",2019,"Panini","Victory Lane","Machines Printing Plates Cyan","Ryan Blaney","Menards | Team Penske | Ford","Driver",6,1
"Racing",2019,"Panini","Victory Lane","Machines Printing Plates Cyan","Joey Logano","Shell-Pennzoil | Team Penske | Ford","Driver",7,1
"Racing",2019,"Panini","Victory Lane","Machines Printing Plates Cyan","William Byron","AXALTA | Hendrick Motorsports | Chevrolet","Driver",8,1
"Racing",2019,"Panini","Victory Lane","Machines Printing Plates Cyan","Bubba Wallace","U.S. Air Force | Richard Petty Motorsports | Chevrolet","Driver",9,1
"Racing",2019,"Panini","Victory Lane","Machines Printing Plates Cyan","Denny Hamlin","FedEx Express | Joe Gibbs Racing | Toyota","Driver",10,1
"Racing",2019,"Panini","Victory Lane","Machines Printing Plates Cyan","Brad Keselowski","Discount Tire | Team Penske | Ford","Driver",11,1
"Racing",2019,"Panini","Victory Lane","Machines Printing Plates Cyan","Austin Dillon","Dow Chemical | Richard Childress Racing | Chevrolet","Driver",12,1
"Racing",2019,"Panini","Victory Lane","Machines Printing Plates Cyan","Kyle Larson","Credit One Bank | Chip Ganassi Racing | Chevrolet","Driver",13,1
"Racing",2019,"Panini","Victory Lane","Machines Printing Plates Cyan","Kurt Busch","Comsurv | Chip Ganassi Racing | Chevrolet","Driver",14,1
"Racing",2019,"Panini","Victory Lane","Machines Printing Plates Cyan","Ty Dillon","GEICO | Germain Racing | Chevrolet","Driver",15,1
"Racing",2019,"Panini","Victory Lane","Machines Printing Plates Cyan","Ryan Newman","Oscar Mayer | Roush Fenway Racing | Ford","Driver",16,1
"Racing",2019,"Panini","Victory Lane","Machines Printing Plates Cyan","Clint Bowyer","Rush Truck Centers | Stewart-Haas Racing| Ford","Driver",17,1
"Racing",2019,"Panini","Victory Lane","Machines Printing Plates Cyan","Alex Bowman","Nationwide | Hendrick Motorsports | Chevrolet","Driver",18,1
"Racing",2019,"Panini","Victory Lane","Machines Printing Plates Cyan","Aric Almirola","Smithfield Foods | Stewart-Haas Racing | Ford","Driver",19,1
"Racing",2019,"Panini","Victory Lane","Machines Printing Plates Cyan","Daniel Suarez","ARRIS | Stewart-Haas Racing | Ford","Driver",20,1
"Racing",2019,"Panini","Victory Lane","Machines Printing Plates Magenta","Jimmie Johnson","Ally Financial | Hendrick Motorsports | Chevrolet","Driver",1,1
"Racing",2019,"Panini","Victory Lane","Machines Printing Plates Magenta","Kevin Harvick","Jimmy John's | Stewart-Haas Racing | Ford","Driver",2,1
"Racing",2019,"Panini","Victory Lane","Machines Printing Plates Magenta","Chase Elliott","NAPA Auto Parts | Hendrick Motorsports | Chevrolet","Driver",3,1
"Racing",2019,"Panini","Victory Lane","Machines Printing Plates Magenta","Kyle Busch","M&M's | Joe Gibbs Racing | Toyota","Driver",4,1
"Racing",2019,"Panini","Victory Lane","Machines Printing Plates Magenta","Martin Truex Jr.","Bass Pro Shops | Joe Gibbs Racing | Toyota","Driver",5,1
"Racing",2019,"Panini","Victory Lane","Machines Printing Plates Magenta","Ryan Blaney","Menards | Team Penske | Ford","Driver",6,1
"Racing",2019,"Panini","Victory Lane","Machines Printing Plates Magenta","Joey Logano","Shell-Pennzoil | Team Penske | Ford","Driver",7,1
"Racing",2019,"Panini","Victory Lane","Machines Printing Plates Magenta","William Byron","AXALTA | Hendrick Motorsports | Chevrolet","Driver",8,1
"Racing",2019,"Panini","Victory Lane","Machines Printing Plates Magenta","Bubba Wallace","U.S. Air Force | Richard Petty Motorsports | Chevrolet","Driver",9,1
"Racing",2019,"Panini","Victory Lane","Machines Printing Plates Magenta","Denny Hamlin","FedEx Express | Joe Gibbs Racing | Toyota","Driver",10,1
"Racing",2019,"Panini","Victory Lane","Machines Printing Plates Magenta","Brad Keselowski","Discount Tire | Team Penske | Ford","Driver",11,1
"Racing",2019,"Panini","Victory Lane","Machines Printing Plates Magenta","Austin Dillon","Dow Chemical | Richard Childress Racing | Chevrolet","Driver",12,1
"Racing",2019,"Panini","Victory Lane","Machines Printing Plates Magenta","Kyle Larson","Credit One Bank | Chip Ganassi Racing | Chevrolet","Driver",13,1
"Racing",2019,"Panini","Victory Lane","Machines Printing Plates Magenta","Kurt Busch","Comsurv | Chip Ganassi Racing | Chevrolet","Driver",14,1
"Racing",2019,"Panini","Victory Lane","Machines Printing Plates Magenta","Ty Dillon","GEICO | Germain Racing | Chevrolet","Driver",15,1
"Racing",2019,"Panini","Victory Lane","Machines Printing Plates Magenta","Ryan Newman","Oscar Mayer | Roush Fenway Racing | Ford","Driver",16,1
"Racing",2019,"Panini","Victory Lane","Machines Printing Plates Magenta","Clint Bowyer","Rush Truck Centers | Stewart-Haas Racing| Ford","Driver",17,1
"Racing",2019,"Panini","Victory Lane","Machines Printing Plates Magenta","Alex Bowman","Nationwide | Hendrick Motorsports | Chevrolet","Driver",18,1
"Racing",2019,"Panini","Victory Lane","Machines Printing Plates Magenta","Aric Almirola","Smithfield Foods | Stewart-Haas Racing | Ford","Driver",19,1
"Racing",2019,"Panini","Victory Lane","Machines Printing Plates Magenta","Daniel Suarez","ARRIS | Stewart-Haas Racing | Ford","Driver",20,1
"Racing",2019,"Panini","Victory Lane","Machines Printing Plates Yellow","Jimmie Johnson","Ally Financial | Hendrick Motorsports | Chevrolet","Driver",1,1
"Racing",2019,"Panini","Victory Lane","Machines Printing Plates Yellow","Kevin Harvick","Jimmy John's | Stewart-Haas Racing | Ford","Driver",2,1
"Racing",2019,"Panini","Victory Lane","Machines Printing Plates Yellow","Chase Elliott","NAPA Auto Parts | Hendrick Motorsports | Chevrolet","Driver",3,1
"Racing",2019,"Panini","Victory Lane","Machines Printing Plates Yellow","Kyle Busch","M&M's | Joe Gibbs Racing | Toyota","Driver",4,1
"Racing",2019,"Panini","Victory Lane","Machines Printing Plates Yellow","Martin Truex Jr.","Bass Pro Shops | Joe Gibbs Racing | Toyota","Driver",5,1
"Racing",2019,"Panini","Victory Lane","Machines Printing Plates Yellow","Ryan Blaney","Menards | Team Penske | Ford","Driver",6,1
"Racing",2019,"Panini","Victory Lane","Machines Printing Plates Yellow","Joey Logano","Shell-Pennzoil | Team Penske | Ford","Driver",7,1
"Racing",2019,"Panini","Victory Lane","Machines Printing Plates Yellow","William Byron","AXALTA | Hendrick Motorsports | Chevrolet","Driver",8,1
"Racing",2019,"Panini","Victory Lane","Machines Printing Plates Yellow","Bubba Wallace","U.S. Air Force | Richard Petty Motorsports | Chevrolet","Driver",9,1
"Racing",2019,"Panini","Victory Lane","Machines Printing Plates Yellow","Denny Hamlin","FedEx Express | Joe Gibbs Racing | Toyota","Driver",10,1
"Racing",2019,"Panini","Victory Lane","Machines Printing Plates Yellow","Brad Keselowski","Discount Tire | Team Penske | Ford","Driver",11,1
"Racing",2019,"Panini","Victory Lane","Machines Printing Plates Yellow","Austin Dillon","Dow Chemical | Richard Childress Racing | Chevrolet","Driver",12,1
"Racing",2019,"Panini","Victory Lane","Machines Printing Plates Yellow","Kyle Larson","Credit One Bank | Chip Ganassi Racing | Chevrolet","Driver",13,1
"Racing",2019,"Panini","Victory Lane","Machines Printing Plates Yellow","Kurt Busch","Comsurv | Chip Ganassi Racing | Chevrolet","Driver",14,1
"Racing",2019,"Panini","Victory Lane","Machines Printing Plates Yellow","Ty Dillon","GEICO | Germain Racing | Chevrolet","Driver",15,1
"Racing",2019,"Panini","Victory Lane","Machines Printing Plates Yellow","Ryan Newman","Oscar Mayer | Roush Fenway Racing | Ford","Driver",16,1
"Racing",2019,"Panini","Victory Lane","Machines Printing Plates Yellow","Clint Bowyer","Rush Truck Centers | Stewart-Haas Racing| Ford","Driver",17,1
"Racing",2019,"Panini","Victory Lane","Machines Printing Plates Yellow","Alex Bowman","Nationwide | Hendrick Motorsports | Chevrolet","Driver",18,1
"Racing",2019,"Panini","Victory Lane","Machines Printing Plates Yellow","Aric Almirola","Smithfield Foods | Stewart-Haas Racing | Ford","Driver",19,1
"Racing",2019,"Panini","Victory Lane","Machines Printing Plates Yellow","Daniel Suarez","ARRIS | Stewart-Haas Racing | Ford","Driver",20,1
"Racing",2019,"Panini","Victory Lane","Past Champions","Joey Logano","Shell-Pennzoil | Team Penske | Ford","Driver",61,
"Racing",2019,"Panini","Victory Lane","Past Champions","Martin Truex Jr.","Bass Pro Shops-TRACKER Boats | Furniture Row Racing | Toyota","Driver",62,
"Racing",2019,"Panini","Victory Lane","Past Champions","Jimmie Johnson","Lowe's | Hendrick Motorsports | Chevrolet","Driver",63,
"Racing",2019,"Panini","Victory Lane","Past Champions","Kyle Busch","M&M's | Joe Gibbs Racing | Toyota","Driver",64,
"Racing",2019,"Panini","Victory Lane","Past Champions","Kevin Harvick","Jimmy John's | Stewart-Haas Racing | Ford","Driver",65,
"Racing",2019,"Panini","Victory Lane","Past Champions","Brad Keselowski","Miller Lite | Team Penske | Ford","Driver",66,
"Racing",2019,"Panini","Victory Lane","Past Champions","Tony Stewart","Office Depot | Stewart-Haas Racing | Chevrolet","Driver",67,
"Racing",2019,"Panini","Victory Lane","Past Champions","Matt Kenseth","DeWalt | Joe Gibbs Racing | Toyota","Driver",68,
"Racing",2019,"Panini","Victory Lane","Past Champions","Bobby Labonte","Interstate Batteries | Joe Gibbs Racing | Pontiac","Driver",69,
"Racing",2019,"Panini","Victory Lane","Past Champions","Dale Jarrett","Quality Care | Robert Yates Racing | Ford","Driver",70,
"Racing",2019,"Panini","Victory Lane","Past Champions","Terry Labonte","Kellogg's Corn Flakes | Hendrick Motorsports | Chevrolet","Driver",71,
"Racing",2019,"Panini","Victory Lane","Past Champions","Rusty Wallace","Kodiak | Raymond Beadle | Pontiac","Driver",72,
"Racing",2019,"Panini","Victory Lane","Past Champions","Bill Elliott","Coors | Harry Melling | Ford","Driver",73,
"Racing",2019,"Panini","Victory Lane","Past Champions","Darrell Waltrip","Mountain Dew | Junior Johnson | Buick","Driver",74,
"Racing",2019,"Panini","Victory Lane","Past Champions","Richard Petty","STP | Petty Enterprises | Plymouth","Driver",75,
"Racing",2019,"Panini","Victory Lane","Past Champions Black","Joey Logano","Shell-Pennzoil | Team Penske | Ford","Driver",61,1
"Racing",2019,"Panini","Victory Lane","Past Champions Black","Martin Truex Jr.","Bass Pro Shops-TRACKER Boats | Furniture Row Racing | Toyota","Driver",62,1
"Racing",2019,"Panini","Victory Lane","Past Champions Black","Jimmie Johnson","Lowe's | Hendrick Motorsports | Chevrolet","Driver",63,1
"Racing",2019,"Panini","Victory Lane","Past Champions Black","Kyle Busch","M&M's | Joe Gibbs Racing | Toyota","Driver",64,1
"Racing",2019,"Panini","Victory Lane","Past Champions Black","Kevin Harvick","Jimmy John's | Stewart-Haas Racing | Ford","Driver",65,1
"Racing",2019,"Panini","Victory Lane","Past Champions Black","Brad Keselowski","Miller Lite | Team Penske | Ford","Driver",66,1
"Racing",2019,"Panini","Victory Lane","Past Champions Black","Tony Stewart","Office Depot | Stewart-Haas Racing | Chevrolet","Driver",67,1
"Racing",2019,"Panini","Victory Lane","Past Champions Black","Matt Kenseth","DeWalt | Joe Gibbs Racing | Toyota","Driver",68,1
"Racing",2019,"Panini","Victory Lane","Past Champions Black","Bobby Labonte","Interstate Batteries | Joe Gibbs Racing | Pontiac","Driver",69,1
"Racing",2019,"Panini","Victory Lane","Past Champions Black","Dale Jarrett","Quality Care | Robert Yates Racing | Ford","Driver",70,1
"Racing",2019,"Panini","Victory Lane","Past Champions Black","Terry Labonte","Kellogg's Corn Flakes | Hendrick Motorsports | Chevrolet","Driver",71,1
"Racing",2019,"Panini","Victory Lane","Past Champions Black","Rusty Wallace","Kodiak | Raymond Beadle | Pontiac","Driver",72,1
"Racing",2019,"Panini","Victory Lane","Past Champions Black","Bill Elliott","Coors | Harry Melling | Ford","Driver",73,1
"Racing",2019,"Panini","Victory Lane","Past Champions Black","Darrell Waltrip","Mountain Dew | Junior Johnson | Buick","Driver",74,1
"Racing",2019,"Panini","Victory Lane","Past Champions Black","Richard Petty","STP | Petty Enterprises | Plymouth","Driver",75,1
"Racing",2019,"Panini","Victory Lane","Past Champions Gold","Joey Logano","Shell-Pennzoil | Team Penske | Ford","Driver",61,25
"Racing",2019,"Panini","Victory Lane","Past Champions Gold","Martin Truex Jr.","Bass Pro Shops-TRACKER Boats | Furniture Row Racing | Toyota","Driver",62,25
"Racing",2019,"Panini","Victory Lane","Past Champions Gold","Jimmie Johnson","Lowe's | Hendrick Motorsports | Chevrolet","Driver",63,25
"Racing",2019,"Panini","Victory Lane","Past Champions Gold","Kyle Busch","M&M's | Joe Gibbs Racing | Toyota","Driver",64,25
"Racing",2019,"Panini","Victory Lane","Past Champions Gold","Kevin Harvick","Jimmy John's | Stewart-Haas Racing | Ford","Driver",65,25
"Racing",2019,"Panini","Victory Lane","Past Champions Gold","Brad Keselowski","Miller Lite | Team Penske | Ford","Driver",66,25
"Racing",2019,"Panini","Victory Lane","Past Champions Gold","Tony Stewart","Office Depot | Stewart-Haas Racing | Chevrolet","Driver",67,25
"Racing",2019,"Panini","Victory Lane","Past Champions Gold","Matt Kenseth","DeWalt | Joe Gibbs Racing | Toyota","Driver",68,25
"Racing",2019,"Panini","Victory Lane","Past Champions Gold","Bobby Labonte","Interstate Batteries | Joe Gibbs Racing | Pontiac","Driver",69,25
"Racing",2019,"Panini","Victory Lane","Past Champions Gold","Dale Jarrett","Quality Care | Robert Yates Racing | Ford","Driver",70,25
"Racing",2019,"Panini","Victory Lane","Past Champions Gold","Terry Labonte","Kellogg's Corn Flakes | Hendrick Motorsports | Chevrolet","Driver",71,25
"Racing",2019,"Panini","Victory Lane","Past Champions Gold","Rusty Wallace","Kodiak | Raymond Beadle | Pontiac","Driver",72,25
"Racing",2019,"Panini","Victory Lane","Past Champions Gold","Bill Elliott","Coors | Harry Melling | Ford","Driver",73,25
"Racing",2019,"Panini","Victory Lane","Past Champions Gold","Darrell Waltrip","Mountain Dew | Junior Johnson | Buick","Driver",74,25
"Racing",2019,"Panini","Victory Lane","Past Champions Gold","Richard Petty","STP | Petty Enterprises | Plymouth","Driver",75,25
"Racing",2019,"Panini","Victory Lane","Past Champions Printing Plates Black","Joey Logano","Shell-Pennzoil | Team Penske | Ford","Driver",61,1
"Racing",2019,"Panini","Victory Lane","Past Champions Printing Plates Black","Martin Truex Jr.","Bass Pro Shops-TRACKER Boats | Furniture Row Racing | Toyota","Driver",62,1
"Racing",2019,"Panini","Victory Lane","Past Champions Printing Plates Black","Jimmie Johnson","Lowe's | Hendrick Motorsports | Chevrolet","Driver",63,1
"Racing",2019,"Panini","Victory Lane","Past Champions Printing Plates Black","Kyle Busch","M&M's | Joe Gibbs Racing | Toyota","Driver",64,1
"Racing",2019,"Panini","Victory Lane","Past Champions Printing Plates Black","Kevin Harvick","Jimmy John's | Stewart-Haas Racing | Ford","Driver",65,1
"Racing",2019,"Panini","Victory Lane","Past Champions Printing Plates Black","Brad Keselowski","Miller Lite | Team Penske | Ford","Driver",66,1
"Racing",2019,"Panini","Victory Lane","Past Champions Printing Plates Black","Tony Stewart","Office Depot | Stewart-Haas Racing | Chevrolet","Driver",67,1
"Racing",2019,"Panini","Victory Lane","Past Champions Printing Plates Black","Matt Kenseth","DeWalt | Joe Gibbs Racing | Toyota","Driver",68,1
"Racing",2019,"Panini","Victory Lane","Past Champions Printing Plates Black","Bobby Labonte","Interstate Batteries | Joe Gibbs Racing | Pontiac","Driver",69,1
"Racing",2019,"Panini","Victory Lane","Past Champions Printing Plates Black","Dale Jarrett","Quality Care | Robert Yates Racing | Ford","Driver",70,1
"Racing",2019,"Panini","Victory Lane","Past Champions Printing Plates Black","Terry Labonte","Kellogg's Corn Flakes | Hendrick Motorsports | Chevrolet","Driver",71,1
"Racing",2019,"Panini","Victory Lane","Past Champions Printing Plates Black","Rusty Wallace","Kodiak | Raymond Beadle | Pontiac","Driver",72,1
"Racing",2019,"Panini","Victory Lane","Past Champions Printing Plates Black","Bill Elliott","Coors | Harry Melling | Ford","Driver",73,1
"Racing",2019,"Panini","Victory Lane","Past Champions Printing Plates Black","Darrell Waltrip","Mountain Dew | Junior Johnson | Buick","Driver",74,1
"Racing",2019,"Panini","Victory Lane","Past Champions Printing Plates Black","Richard Petty","STP | Petty Enterprises | Plymouth","Driver",75,1
"Racing",2019,"Panini","Victory Lane","Past Champions Printing Plates Cyan","Joey Logano","Shell-Pennzoil | Team Penske | Ford","Driver",61,1
"Racing",2019,"Panini","Victory Lane","Past Champions Printing Plates Cyan","Martin Truex Jr.","Bass Pro Shops-TRACKER Boats | Furniture Row Racing | Toyota","Driver",62,1
"Racing",2019,"Panini","Victory Lane","Past Champions Printing Plates Cyan","Jimmie Johnson","Lowe's | Hendrick Motorsports | Chevrolet","Driver",63,1
"Racing",2019,"Panini","Victory Lane","Past Champions Printing Plates Cyan","Kyle Busch","M&M's | Joe Gibbs Racing | Toyota","Driver",64,1
"Racing",2019,"Panini","Victory Lane","Past Champions Printing Plates Cyan","Kevin Harvick","Jimmy John's | Stewart-Haas Racing | Ford","Driver",65,1
"Racing",2019,"Panini","Victory Lane","Past Champions Printing Plates Cyan","Brad Keselowski","Miller Lite | Team Penske | Ford","Driver",66,1
"Racing",2019,"Panini","Victory Lane","Past Champions Printing Plates Cyan","Tony Stewart","Office Depot | Stewart-Haas Racing | Chevrolet","Driver",67,1
"Racing",2019,"Panini","Victory Lane","Past Champions Printing Plates Cyan","Matt Kenseth","DeWalt | Joe Gibbs Racing | Toyota","Driver",68,1
"Racing",2019,"Panini","Victory Lane","Past Champions Printing Plates Cyan","Bobby Labonte","Interstate Batteries | Joe Gibbs Racing | Pontiac","Driver",69,1
"Racing",2019,"Panini","Victory Lane","Past Champions Printing Plates Cyan","Dale Jarrett","Quality Care | Robert Yates Racing | Ford","Driver",70,1
"Racing",2019,"Panini","Victory Lane","Past Champions Printing Plates Cyan","Terry Labonte","Kellogg's Corn Flakes | Hendrick Motorsports | Chevrolet","Driver",71,1
"Racing",2019,"Panini","Victory Lane","Past Champions Printing Plates Cyan","Rusty Wallace","Kodiak | Raymond Beadle | Pontiac","Driver",72,1
"Racing",2019,"Panini","Victory Lane","Past Champions Printing Plates Cyan","Bill Elliott","Coors | Harry Melling | Ford","Driver",73,1
"Racing",2019,"Panini","Victory Lane","Past Champions Printing Plates Cyan","Darrell Waltrip","Mountain Dew | Junior Johnson | Buick","Driver",74,1
"Racing",2019,"Panini","Victory Lane","Past Champions Printing Plates Cyan","Richard Petty","STP | Petty Enterprises | Plymouth","Driver",75,1
"Racing",2019,"Panini","Victory Lane","Past Champions Printing Plates Magenta","Joey Logano","Shell-Pennzoil | Team Penske | Ford","Driver",61,1
"Racing",2019,"Panini","Victory Lane","Past Champions Printing Plates Magenta","Martin Truex Jr.","Bass Pro Shops-TRACKER Boats | Furniture Row Racing | Toyota","Driver",62,1
"Racing",2019,"Panini","Victory Lane","Past Champions Printing Plates Magenta","Jimmie Johnson","Lowe's | Hendrick Motorsports | Chevrolet","Driver",63,1
"Racing",2019,"Panini","Victory Lane","Past Champions Printing Plates Magenta","Kyle Busch","M&M's | Joe Gibbs Racing | Toyota","Driver",64,1
"Racing",2019,"Panini","Victory Lane","Past Champions Printing Plates Magenta","Kevin Harvick","Jimmy John's | Stewart-Haas Racing | Ford","Driver",65,1
"Racing",2019,"Panini","Victory Lane","Past Champions Printing Plates Magenta","Brad Keselowski","Miller Lite | Team Penske | Ford","Driver",66,1
"Racing",2019,"Panini","Victory Lane","Past Champions Printing Plates Magenta","Tony Stewart","Office Depot | Stewart-Haas Racing | Chevrolet","Driver",67,1
"Racing",2019,"Panini","Victory Lane","Past Champions Printing Plates Magenta","Matt Kenseth","DeWalt | Joe Gibbs Racing | Toyota","Driver",68,1
"Racing",2019,"Panini","Victory Lane","Past Champions Printing Plates Magenta","Bobby Labonte","Interstate Batteries | Joe Gibbs Racing | Pontiac","Driver",69,1
"Racing",2019,"Panini","Victory Lane","Past Champions Printing Plates Magenta","Dale Jarrett","Quality Care | Robert Yates Racing | Ford","Driver",70,1
"Racing",2019,"Panini","Victory Lane","Past Champions Printing Plates Magenta","Terry Labonte","Kellogg's Corn Flakes | Hendrick Motorsports | Chevrolet","Driver",71,1
"Racing",2019,"Panini","Victory Lane","Past Champions Printing Plates Magenta","Rusty Wallace","Kodiak | Raymond Beadle | Pontiac","Driver",72,1
"Racing",2019,"Panini","Victory Lane","Past Champions Printing Plates Magenta","Bill Elliott","Coors | Harry Melling | Ford","Driver",73,1
"Racing",2019,"Panini","Victory Lane","Past Champions Printing Plates Magenta","Darrell Waltrip","Mountain Dew | Junior Johnson | Buick","Driver",74,1
"Racing",2019,"Panini","Victory Lane","Past Champions Printing Plates Magenta","Richard Petty","STP | Petty Enterprises | Plymouth","Driver",75,1
"Racing",2019,"Panini","Victory Lane","Past Champions Printing Plates Yellow","Joey Logano","Shell-Pennzoil | Team Penske | Ford","Driver",61,1
"Racing",2019,"Panini","Victory Lane","Past Champions Printing Plates Yellow","Martin Truex Jr.","Bass Pro Shops-TRACKER Boats | Furniture Row Racing | Toyota","Driver",62,1
"Racing",2019,"Panini","Victory Lane","Past Champions Printing Plates Yellow","Jimmie Johnson","Lowe's | Hendrick Motorsports | Chevrolet","Driver",63,1
"Racing",2019,"Panini","Victory Lane","Past Champions Printing Plates Yellow","Kyle Busch","M&M's | Joe Gibbs Racing | Toyota","Driver",64,1
"Racing",2019,"Panini","Victory Lane","Past Champions Printing Plates Yellow","Kevin Harvick","Jimmy John's | Stewart-Haas Racing | Ford","Driver",65,1
"Racing",2019,"Panini","Victory Lane","Past Champions Printing Plates Yellow","Brad Keselowski","Miller Lite | Team Penske | Ford","Driver",66,1
"Racing",2019,"Panini","Victory Lane","Past Champions Printing Plates Yellow","Tony Stewart","Office Depot | Stewart-Haas Racing | Chevrolet","Driver",67,1
"Racing",2019,"Panini","Victory Lane","Past Champions Printing Plates Yellow","Matt Kenseth","DeWalt | Joe Gibbs Racing | Toyota","Driver",68,1
"Racing",2019,"Panini","Victory Lane","Past Champions Printing Plates Yellow","Bobby Labonte","Interstate Batteries | Joe Gibbs Racing | Pontiac","Driver",69,1
"Racing",2019,"Panini","Victory Lane","Past Champions Printing Plates Yellow","Dale Jarrett","Quality Care | Robert Yates Racing | Ford","Driver",70,1
"Racing",2019,"Panini","Victory Lane","Past Champions Printing Plates Yellow","Terry Labonte","Kellogg's Corn Flakes | Hendrick Motorsports | Chevrolet","Driver",71,1
"Racing",2019,"Panini","Victory Lane","Past Champions Printing Plates Yellow","Rusty Wallace","Kodiak | Raymond Beadle | Pontiac","Driver",72,1
"Racing",2019,"Panini","Victory Lane","Past Champions Printing Plates Yellow","Bill Elliott","Coors | Harry Melling | Ford","Driver",73,1
"Racing",2019,"Panini","Victory Lane","Past Champions Printing Plates Yellow","Darrell Waltrip","Mountain Dew | Junior Johnson | Buick","Driver",74,1
"Racing",2019,"Panini","Victory Lane","Past Champions Printing Plates Yellow","Richard Petty","STP | Petty Enterprises | Plymouth","Driver",75,1
"Racing",2019,"Panini","Victory Lane","Past Winners","Bobby Allison","Coca-Cola | Bobby Allison | Dodge","Driver",76,
"Racing",2019,"Panini","Victory Lane","Past Winners","Austin Dillon","Dow Chemical | Richard Childress Racing | Chevrolet","Driver",77,
"Racing",2019,"Panini","Victory Lane","Past Winners","Jimmie Johnson","Lowe's | Hendrick Motorsports | Chevrolet","Driver",78,
"Racing",2019,"Panini","Victory Lane","Past Winners","Richard Petty","STP | Petty Enterprises | Plymouth","Driver",79,
"Racing",2019,"Panini","Victory Lane","Past Winners","Chase Elliott","SunEnergy 1 | Hendrick Motorsports | Chevrolet","Driver",80,
"Racing",2019,"Panini","Victory Lane","Past Winners","Dale Earnhardt Jr","National Guard | Hendrick Motorsports | Chevrolet","Driver",81,
"Racing",2019,"Panini","Victory Lane","Past Winners","Erik Jones","Buyatoyota.com | Joe Gibbs Racing | Toyota","Driver",82,
"Racing",2019,"Panini","Victory Lane","Past Winners","Darrell Waltrip","Western Auto | Darrell Waltrip | Chevrolet","Driver",83,
"Racing",2019,"Panini","Victory Lane","Past Winners","Jimmie Johnson","Lowe's | Hendrick Motorsports | Chevrolet","Driver",84,
"Racing",2019,"Panini","Victory Lane","Past Winners","Kevin Harvick","Mobil 1 | Stewart-Haas Racing | Ford","Driver",85,
"Racing",2019,"Panini","Victory Lane","Past Winners","Ricky Stenhouse Jr","Fifth Third Bank | Roush Fenway Racing | Ford","Driver",86,
"Racing",2019,"Panini","Victory Lane","Past Winners","Austin Dillon","Dow Chemical | Richard Childress Racing | Chevrolet","Driver",87,
"Racing",2019,"Panini","Victory Lane","Past Winners","Ryan Newman","Caterpillar | Richard Childress Racing | Chevrolet","Driver",88,
"Racing",2019,"Panini","Victory Lane","Past Winners","Rusty Wallace","Miller Lite | Team Penske | Ford","Driver",89,
"Racing",2019,"Panini","Victory Lane","Past Winners","Richard Petty","STP | Petty Enterprises | Plymouth","Driver",90,
"Racing",2019,"Panini","Victory Lane","Past Winners","Dale Earnhardt Jr","Nationwide | Hendrick Motorsports | Chevrolet","Driver",91,
"Racing",2019,"Panini","Victory Lane","Past Winners","Ryan Blaney","Motorcraft | Wood Brothers Racing | Ford","Driver",92,
"Racing",2019,"Panini","Victory Lane","Past Winners","Kyle Larson","Target | Chip Ganassi Racing | Chevrolet","Driver",93,
"Racing",2019,"Panini","Victory Lane","Past Winners","Kasey Kahne","Farmers Insurance | Hendrick Motorsports | Chevrolet","Driver",94,
"Racing",2019,"Panini","Victory Lane","Past Winners","Richard Petty","STP | Petty Enterprises | Plymouth","Driver",95,
"Racing",2019,"Panini","Victory Lane","Past Winners","Tony Stewart","Code 3 Associates | Stewart-Haas Racing | Chevrolet","Driver",96,
"Racing",2019,"Panini","Victory Lane","Past Winners","Jimmie Johnson","Lowe's | Hendrick Motorsports | Chevrolet","Driver",97,
"Racing",2019,"Panini","Victory Lane","Past Winners","Kyle Busch","M&M's | Joe Gibbs Racing | Toyota","Driver",98,
"Racing",2019,"Panini","Victory Lane","Past Winners","Richard Petty","STP | Petty Enterprises | Plymouth","Driver",99,
"Racing",2019,"Panini","Victory Lane","Past Winners","Darrell Waltrip","Mountain Dew | Junior Johnson | Buick","Driver",100,
"Racing",2019,"Panini","Victory Lane","Past Winners Black","Bobby Allison","Coca-Cola | Bobby Allison | Dodge","Driver",76,1
"Racing",2019,"Panini","Victory Lane","Past Winners Black","Austin Dillon","Dow Chemical | Richard Childress Racing | Chevrolet","Driver",77,1
"Racing",2019,"Panini","Victory Lane","Past Winners Black","Jimmie Johnson","Lowe's | Hendrick Motorsports | Chevrolet","Driver",78,1
"Racing",2019,"Panini","Victory Lane","Past Winners Black","Richard Petty","STP | Petty Enterprises | Plymouth","Driver",79,1
"Racing",2019,"Panini","Victory Lane","Past Winners Black","Chase Elliott","SunEnergy 1 | Hendrick Motorsports | Chevrolet","Driver",80,1
"Racing",2019,"Panini","Victory Lane","Past Winners Black","Dale Earnhardt Jr","National Guard | Hendrick Motorsports | Chevrolet","Driver",81,1
"Racing",2019,"Panini","Victory Lane","Past Winners Black","Erik Jones","Buyatoyota.com | Joe Gibbs Racing | Toyota","Driver",82,1
"Racing",2019,"Panini","Victory Lane","Past Winners Black","Darrell Waltrip","Western Auto | Darrell Waltrip | Chevrolet","Driver",83,1
"Racing",2019,"Panini","Victory Lane","Past Winners Black","Jimmie Johnson","Lowe's | Hendrick Motorsports | Chevrolet","Driver",84,1
"Racing",2019,"Panini","Victory Lane","Past Winners Black","Kevin Harvick","Mobil 1 | Stewart-Haas Racing | Ford","Driver",85,1
"Racing",2019,"Panini","Victory Lane","Past Winners Black","Ricky Stenhouse Jr","Fifth Third Bank | Roush Fenway Racing | Ford","Driver",86,1
"Racing",2019,"Panini","Victory Lane","Past Winners Black","Austin Dillon","Dow Chemical | Richard Childress Racing | Chevrolet","Driver",87,1
"Racing",2019,"Panini","Victory Lane","Past Winners Black","Ryan Newman","Caterpillar | Richard Childress Racing | Chevrolet","Driver",88,1
"Racing",2019,"Panini","Victory Lane","Past Winners Black","Rusty Wallace","Miller Lite | Team Penske | Ford","Driver",89,1
"Racing",2019,"Panini","Victory Lane","Past Winners Black","Richard Petty","STP | Petty Enterprises | Plymouth","Driver",90,1
"Racing",2019,"Panini","Victory Lane","Past Winners Black","Dale Earnhardt Jr","Nationwide | Hendrick Motorsports | Chevrolet","Driver",91,1
"Racing",2019,"Panini","Victory Lane","Past Winners Black","Ryan Blaney","Motorcraft | Wood Brothers Racing | Ford","Driver",92,1
"Racing",2019,"Panini","Victory Lane","Past Winners Black","Kyle Larson","Target | Chip Ganassi Racing | Chevrolet","Driver",93,1
"Racing",2019,"Panini","Victory Lane","Past Winners Black","Kasey Kahne","Farmers Insurance | Hendrick Motorsports | Chevrolet","Driver",94,1
"Racing",2019,"Panini","Victory Lane","Past Winners Black","Richard Petty","STP | Petty Enterprises | Plymouth","Driver",95,1
"Racing",2019,"Panini","Victory Lane","Past Winners Black","Tony Stewart","Code 3 Associates | Stewart-Haas Racing | Chevrolet","Driver",96,1
"Racing",2019,"Panini","Victory Lane","Past Winners Black","Jimmie Johnson","Lowe's | Hendrick Motorsports | Chevrolet","Driver",97,1
"Racing",2019,"Panini","Victory Lane","Past Winners Black","Kyle Busch","M&M's | Joe Gibbs Racing | Toyota","Driver",98,1
"Racing",2019,"Panini","Victory Lane","Past Winners Black","Richard Petty","STP | Petty Enterprises | Plymouth","Driver",99,1
"Racing",2019,"Panini","Victory Lane","Past Winners Black","Darrell Waltrip","Mountain Dew | Junior Johnson | Buick","Driver",100,1
"Racing",2019,"Panini","Victory Lane","Past Winners Gold","Bobby Allison","Coca-Cola | Bobby Allison | Dodge","Driver",76,25
"Racing",2019,"Panini","Victory Lane","Past Winners Gold","Austin Dillon","Dow Chemical | Richard Childress Racing | Chevrolet","Driver",77,25
"Racing",2019,"Panini","Victory Lane","Past Winners Gold","Jimmie Johnson","Lowe's | Hendrick Motorsports | Chevrolet","Driver",78,25
"Racing",2019,"Panini","Victory Lane","Past Winners Gold","Richard Petty","STP | Petty Enterprises | Plymouth","Driver",79,25
"Racing",2019,"Panini","Victory Lane","Past Winners Gold","Chase Elliott","SunEnergy 1 | Hendrick Motorsports | Chevrolet","Driver",80,25
"Racing",2019,"Panini","Victory Lane","Past Winners Gold","Dale Earnhardt Jr","National Guard | Hendrick Motorsports | Chevrolet","Driver",81,25
"Racing",2019,"Panini","Victory Lane","Past Winners Gold","Erik Jones","Buyatoyota.com | Joe Gibbs Racing | Toyota","Driver",82,25
"Racing",2019,"Panini","Victory Lane","Past Winners Gold","Darrell Waltrip","Western Auto | Darrell Waltrip | Chevrolet","Driver",83,25
"Racing",2019,"Panini","Victory Lane","Past Winners Gold","Jimmie Johnson","Lowe's | Hendrick Motorsports | Chevrolet","Driver",84,25
"Racing",2019,"Panini","Victory Lane","Past Winners Gold","Kevin Harvick","Mobil 1 | Stewart-Haas Racing | Ford","Driver",85,25
"Racing",2019,"Panini","Victory Lane","Past Winners Gold","Ricky Stenhouse Jr","Fifth Third Bank | Roush Fenway Racing | Ford","Driver",86,25
"Racing",2019,"Panini","Victory Lane","Past Winners Gold","Austin Dillon","Dow Chemical | Richard Childress Racing | Chevrolet","Driver",87,25
"Racing",2019,"Panini","Victory Lane","Past Winners Gold","Ryan Newman","Caterpillar | Richard Childress Racing | Chevrolet","Driver",88,25
"Racing",2019,"Panini","Victory Lane","Past Winners Gold","Rusty Wallace","Miller Lite | Team Penske | Ford","Driver",89,25
"Racing",2019,"Panini","Victory Lane","Past Winners Gold","Richard Petty","STP | Petty Enterprises | Plymouth","Driver",90,25
"Racing",2019,"Panini","Victory Lane","Past Winners Gold","Dale Earnhardt Jr","Nationwide | Hendrick Motorsports | Chevrolet","Driver",91,25
"Racing",2019,"Panini","Victory Lane","Past Winners Gold","Ryan Blaney","Motorcraft | Wood Brothers Racing | Ford","Driver",92,25
"Racing",2019,"Panini","Victory Lane","Past Winners Gold","Kyle Larson","Target | Chip Ganassi Racing | Chevrolet","Driver",93,25
"Racing",2019,"Panini","Victory Lane","Past Winners Gold","Kasey Kahne","Farmers Insurance | Hendrick Motorsports | Chevrolet","Driver",94,25
"Racing",2019,"Panini","Victory Lane","Past Winners Gold","Richard Petty","STP | Petty Enterprises | Plymouth","Driver",95,25
"Racing",2019,"Panini","Victory Lane","Past Winners Gold","Tony Stewart","Code 3 Associates | Stewart-Haas Racing | Chevrolet","Driver",96,25
"Racing",2019,"Panini","Victory Lane","Past Winners Gold","Jimmie Johnson","Lowe's | Hendrick Motorsports | Chevrolet","Driver",97,25
"Racing",2019,"Panini","Victory Lane","Past Winners Gold","Kyle Busch","M&M's | Joe Gibbs Racing | Toyota","Driver",98,25
"Racing",2019,"Panini","Victory Lane","Past Winners Gold","Richard Petty","STP | Petty Enterprises | Plymouth","Driver",99,25
"Racing",2019,"Panini","Victory Lane","Past Winners Gold","Darrell Waltrip","Mountain Dew | Junior Johnson | Buick","Driver",100,25
"Racing",2019,"Panini","Victory Lane","Past Winners Printing Plates Black","Bobby Allison","Coca-Cola | Bobby Allison | Dodge","Driver",76,1
"Racing",2019,"Panini","Victory Lane","Past Winners Printing Plates Black","Austin Dillon","Dow Chemical | Richard Childress Racing | Chevrolet","Driver",77,1
"Racing",2019,"Panini","Victory Lane","Past Winners Printing Plates Black","Jimmie Johnson","Lowe's | Hendrick Motorsports | Chevrolet","Driver",78,1
"Racing",2019,"Panini","Victory Lane","Past Winners Printing Plates Black","Richard Petty","STP | Petty Enterprises | Plymouth","Driver",79,1
"Racing",2019,"Panini","Victory Lane","Past Winners Printing Plates Black","Chase Elliott","SunEnergy 1 | Hendrick Motorsports | Chevrolet","Driver",80,1
"Racing",2019,"Panini","Victory Lane","Past Winners Printing Plates Black","Dale Earnhardt Jr","National Guard | Hendrick Motorsports | Chevrolet","Driver",81,1
"Racing",2019,"Panini","Victory Lane","Past Winners Printing Plates Black","Erik Jones","Buyatoyota.com | Joe Gibbs Racing | Toyota","Driver",82,1
"Racing",2019,"Panini","Victory Lane","Past Winners Printing Plates Black","Darrell Waltrip","Western Auto | Darrell Waltrip | Chevrolet","Driver",83,1
"Racing",2019,"Panini","Victory Lane","Past Winners Printing Plates Black","Jimmie Johnson","Lowe's | Hendrick Motorsports | Chevrolet","Driver",84,1
"Racing",2019,"Panini","Victory Lane","Past Winners Printing Plates Black","Kevin Harvick","Mobil 1 | Stewart-Haas Racing | Ford","Driver",85,1
"Racing",2019,"Panini","Victory Lane","Past Winners Printing Plates Black","Ricky Stenhouse Jr","Fifth Third Bank | Roush Fenway Racing | Ford","Driver",86,1
"Racing",2019,"Panini","Victory Lane","Past Winners Printing Plates Black","Austin Dillon","Dow Chemical | Richard Childress Racing | Chevrolet","Driver",87,1
"Racing",2019,"Panini","Victory Lane","Past Winners Printing Plates Black","Ryan Newman","Caterpillar | Richard Childress Racing | Chevrolet","Driver",88,1
"Racing",2019,"Panini","Victory Lane","Past Winners Printing Plates Black","Rusty Wallace","Miller Lite | Team Penske | Ford","Driver",89,1
"Racing",2019,"Panini","Victory Lane","Past Winners Printing Plates Black","Richard Petty","STP | Petty Enterprises | Plymouth","Driver",90,1
"Racing",2019,"Panini","Victory Lane","Past Winners Printing Plates Black","Dale Earnhardt Jr","Nationwide | Hendrick Motorsports | Chevrolet","Driver",91,1
"Racing",2019,"Panini","Victory Lane","Past Winners Printing Plates Black","Ryan Blaney","Motorcraft | Wood Brothers Racing | Ford","Driver",92,1
"Racing",2019,"Panini","Victory Lane","Past Winners Printing Plates Black","Kyle Larson","Target | Chip Ganassi Racing | Chevrolet","Driver",93,1
"Racing",2019,"Panini","Victory Lane","Past Winners Printing Plates Black","Kasey Kahne","Farmers Insurance | Hendrick Motorsports | Chevrolet","Driver",94,1
"Racing",2019,"Panini","Victory Lane","Past Winners Printing Plates Black","Richard Petty","STP | Petty Enterprises | Plymouth","Driver",95,1
"Racing",2019,"Panini","Victory Lane","Past Winners Printing Plates Black","Tony Stewart","Code 3 Associates | Stewart-Haas Racing | Chevrolet","Driver",96,1
"Racing",2019,"Panini","Victory Lane","Past Winners Printing Plates Black","Jimmie Johnson","Lowe's | Hendrick Motorsports | Chevrolet","Driver",97,1
"Racing",2019,"Panini","Victory Lane","Past Winners Printing Plates Black","Kyle Busch","M&M's | Joe Gibbs Racing | Toyota","Driver",98,1
"Racing",2019,"Panini","Victory Lane","Past Winners Printing Plates Black","Richard Petty","STP | Petty Enterprises | Plymouth","Driver",99,1
"Racing",2019,"Panini","Victory Lane","Past Winners Printing Plates Black","Darrell Waltrip","Mountain Dew | Junior Johnson | Buick","Driver",100,1
"Racing",2019,"Panini","Victory Lane","Past Winners Printing Plates Cyan","Bobby Allison","Coca-Cola | Bobby Allison | Dodge","Driver",76,1
"Racing",2019,"Panini","Victory Lane","Past Winners Printing Plates Cyan","Austin Dillon","Dow Chemical | Richard Childress Racing | Chevrolet","Driver",77,1
"Racing",2019,"Panini","Victory Lane","Past Winners Printing Plates Cyan","Jimmie Johnson","Lowe's | Hendrick Motorsports | Chevrolet","Driver",78,1
"Racing",2019,"Panini","Victory Lane","Past Winners Printing Plates Cyan","Richard Petty","STP | Petty Enterprises | Plymouth","Driver",79,1
"Racing",2019,"Panini","Victory Lane","Past Winners Printing Plates Cyan","Chase Elliott","SunEnergy 1 | Hendrick Motorsports | Chevrolet","Driver",80,1
"Racing",2019,"Panini","Victory Lane","Past Winners Printing Plates Cyan","Dale Earnhardt Jr","National Guard | Hendrick Motorsports | Chevrolet","Driver",81,1
"Racing",2019,"Panini","Victory Lane","Past Winners Printing Plates Cyan","Erik Jones","Buyatoyota.com | Joe Gibbs Racing | Toyota","Driver",82,1
"Racing",2019,"Panini","Victory Lane","Past Winners Printing Plates Cyan","Darrell Waltrip","Western Auto | Darrell Waltrip | Chevrolet","Driver",83,1
"Racing",2019,"Panini","Victory Lane","Past Winners Printing Plates Cyan","Jimmie Johnson","Lowe's | Hendrick Motorsports | Chevrolet","Driver",84,1
"Racing",2019,"Panini","Victory Lane","Past Winners Printing Plates Cyan","Kevin Harvick","Mobil 1 | Stewart-Haas Racing | Ford","Driver",85,1
"Racing",2019,"Panini","Victory Lane","Past Winners Printing Plates Cyan","Ricky Stenhouse Jr","Fifth Third Bank | Roush Fenway Racing | Ford","Driver",86,1
"Racing",2019,"Panini","Victory Lane","Past Winners Printing Plates Cyan","Austin Dillon","Dow Chemical | Richard Childress Racing | Chevrolet","Driver",87,1
"Racing",2019,"Panini","Victory Lane","Past Winners Printing Plates Cyan","Ryan Newman","Caterpillar | Richard Childress Racing | Chevrolet","Driver",88,1
"Racing",2019,"Panini","Victory Lane","Past Winners Printing Plates Cyan","Rusty Wallace","Miller Lite | Team Penske | Ford","Driver",89,1
"Racing",2019,"Panini","Victory Lane","Past Winners Printing Plates Cyan","Richard Petty","STP | Petty Enterprises | Plymouth","Driver",90,1
"Racing",2019,"Panini","Victory Lane","Past Winners Printing Plates Cyan","Dale Earnhardt Jr","Nationwide | Hendrick Motorsports | Chevrolet","Driver",91,1
"Racing",2019,"Panini","Victory Lane","Past Winners Printing Plates Cyan","Ryan Blaney","Motorcraft | Wood Brothers Racing | Ford","Driver",92,1
"Racing",2019,"Panini","Victory Lane","Past Winners Printing Plates Cyan","Kyle Larson","Target | Chip Ganassi Racing | Chevrolet","Driver",93,1
"Racing",2019,"Panini","Victory Lane","Past Winners Printing Plates Cyan","Kasey Kahne","Farmers Insurance | Hendrick Motorsports | Chevrolet","Driver",94,1
"Racing",2019,"Panini","Victory Lane","Past Winners Printing Plates Cyan","Richard Petty","STP | Petty Enterprises | Plymouth","Driver",95,1
"Racing",2019,"Panini","Victory Lane","Past Winners Printing Plates Cyan","Tony Stewart","Code 3 Associates | Stewart-Haas Racing | Chevrolet","Driver",96,1
"Racing",2019,"Panini","Victory Lane","Past Winners Printing Plates Cyan","Jimmie Johnson","Lowe's | Hendrick Motorsports | Chevrolet","Driver",97,1
"Racing",2019,"Panini","Victory Lane","Past Winners Printing Plates Cyan","Kyle Busch","M&M's | Joe Gibbs Racing | Toyota","Driver",98,1
"Racing",2019,"Panini","Victory Lane","Past Winners Printing Plates Cyan","Richard Petty","STP | Petty Enterprises | Plymouth","Driver",99,1
"Racing",2019,"Panini","Victory Lane","Past Winners Printing Plates Cyan","Darrell Waltrip","Mountain Dew | Junior Johnson | Buick","Driver",100,1
"Racing",2019,"Panini","Victory Lane","Past Winners Printing Plates Magenta","Bobby Allison","Coca-Cola | Bobby Allison | Dodge","Driver",76,1
"Racing",2019,"Panini","Victory Lane","Past Winners Printing Plates Magenta","Austin Dillon","Dow Chemical | Richard Childress Racing | Chevrolet","Driver",77,1
"Racing",2019,"Panini","Victory Lane","Past Winners Printing Plates Magenta","Jimmie Johnson","Lowe's | Hendrick Motorsports | Chevrolet","Driver",78,1
"Racing",2019,"Panini","Victory Lane","Past Winners Printing Plates Magenta","Richard Petty","STP | Petty Enterprises | Plymouth","Driver",79,1
"Racing",2019,"Panini","Victory Lane","Past Winners Printing Plates Magenta","Chase Elliott","SunEnergy 1 | Hendrick Motorsports | Chevrolet","Driver",80,1
"Racing",2019,"Panini","Victory Lane","Past Winners Printing Plates Magenta","Dale Earnhardt Jr","National Guard | Hendrick Motorsports | Chevrolet","Driver",81,1
"Racing",2019,"Panini","Victory Lane","Past Winners Printing Plates Magenta","Erik Jones","Buyatoyota.com | Joe Gibbs Racing | Toyota","Driver",82,1
"Racing",2019,"Panini","Victory Lane","Past Winners Printing Plates Magenta","Darrell Waltrip","Western Auto | Darrell Waltrip | Chevrolet","Driver",83,1
"Racing",2019,"Panini","Victory Lane","Past Winners Printing Plates Magenta","Jimmie Johnson","Lowe's | Hendrick Motorsports | Chevrolet","Driver",84,1
"Racing",2019,"Panini","Victory Lane","Past Winners Printing Plates Magenta","Kevin Harvick","Mobil 1 | Stewart-Haas Racing | Ford","Driver",85,1
"Racing",2019,"Panini","Victory Lane","Past Winners Printing Plates Magenta","Ricky Stenhouse Jr","Fifth Third Bank | Roush Fenway Racing | Ford","Driver",86,1
"Racing",2019,"Panini","Victory Lane","Past Winners Printing Plates Magenta","Austin Dillon","Dow Chemical | Richard Childress Racing | Chevrolet","Driver",87,1
"Racing",2019,"Panini","Victory Lane","Past Winners Printing Plates Magenta","Ryan Newman","Caterpillar | Richard Childress Racing | Chevrolet","Driver",88,1
"Racing",2019,"Panini","Victory Lane","Past Winners Printing Plates Magenta","Rusty Wallace","Miller Lite | Team Penske | Ford","Driver",89,1
"Racing",2019,"Panini","Victory Lane","Past Winners Printing Plates Magenta","Richard Petty","STP | Petty Enterprises | Plymouth","Driver",90,1
"Racing",2019,"Panini","Victory Lane","Past Winners Printing Plates Magenta","Dale Earnhardt Jr","Nationwide | Hendrick Motorsports | Chevrolet","Driver",91,1
"Racing",2019,"Panini","Victory Lane","Past Winners Printing Plates Magenta","Ryan Blaney","Motorcraft | Wood Brothers Racing | Ford","Driver",92,1
"Racing",2019,"Panini","Victory Lane","Past Winners Printing Plates Magenta","Kyle Larson","Target | Chip Ganassi Racing | Chevrolet","Driver",93,1
"Racing",2019,"Panini","Victory Lane","Past Winners Printing Plates Magenta","Kasey Kahne","Farmers Insurance | Hendrick Motorsports | Chevrolet","Driver",94,1
"Racing",2019,"Panini","Victory Lane","Past Winners Printing Plates Magenta","Richard Petty","STP | Petty Enterprises | Plymouth","Driver",95,1
"Racing",2019,"Panini","Victory Lane","Past Winners Printing Plates Magenta","Tony Stewart","Code 3 Associates | Stewart-Haas Racing | Chevrolet","Driver",96,1
"Racing",2019,"Panini","Victory Lane","Past Winners Printing Plates Magenta","Jimmie Johnson","Lowe's | Hendrick Motorsports | Chevrolet","Driver",97,1
"Racing",2019,"Panini","Victory Lane","Past Winners Printing Plates Magenta","Kyle Busch","M&M's | Joe Gibbs Racing | Toyota","Driver",98,1
"Racing",2019,"Panini","Victory Lane","Past Winners Printing Plates Magenta","Richard Petty","STP | Petty Enterprises | Plymouth","Driver",99,1
"Racing",2019,"Panini","Victory Lane","Past Winners Printing Plates Magenta","Darrell Waltrip","Mountain Dew | Junior Johnson | Buick","Driver",100,1
"Racing",2019,"Panini","Victory Lane","Past Winners Printing Plates Yellow","Bobby Allison","Coca-Cola | Bobby Allison | Dodge","Driver",76,1
"Racing",2019,"Panini","Victory Lane","Past Winners Printing Plates Yellow","Austin Dillon","Dow Chemical | Richard Childress Racing | Chevrolet","Driver",77,1
"Racing",2019,"Panini","Victory Lane","Past Winners Printing Plates Yellow","Jimmie Johnson","Lowe's | Hendrick Motorsports | Chevrolet","Driver",78,1
"Racing",2019,"Panini","Victory Lane","Past Winners Printing Plates Yellow","Richard Petty","STP | Petty Enterprises | Plymouth","Driver",79,1
"Racing",2019,"Panini","Victory Lane","Past Winners Printing Plates Yellow","Chase Elliott","SunEnergy 1 | Hendrick Motorsports | Chevrolet","Driver",80,1
"Racing",2019,"Panini","Victory Lane","Past Winners Printing Plates Yellow","Dale Earnhardt Jr","National Guard | Hendrick Motorsports | Chevrolet","Driver",81,1
"Racing",2019,"Panini","Victory Lane","Past Winners Printing Plates Yellow","Erik Jones","Buyatoyota.com | Joe Gibbs Racing | Toyota","Driver",82,1
"Racing",2019,"Panini","Victory Lane","Past Winners Printing Plates Yellow","Darrell Waltrip","Western Auto | Darrell Waltrip | Chevrolet","Driver",83,1
"Racing",2019,"Panini","Victory Lane","Past Winners Printing Plates Yellow","Jimmie Johnson","Lowe's | Hendrick Motorsports | Chevrolet","Driver",84,1
"Racing",2019,"Panini","Victory Lane","Past Winners Printing Plates Yellow","Kevin Harvick","Mobil 1 | Stewart-Haas Racing | Ford","Driver",85,1
"Racing",2019,"Panini","Victory Lane","Past Winners Printing Plates Yellow","Ricky Stenhouse Jr","Fifth Third Bank | Roush Fenway Racing | Ford","Driver",86,1
"Racing",2019,"Panini","Victory Lane","Past Winners Printing Plates Yellow","Austin Dillon","Dow Chemical | Richard Childress Racing | Chevrolet","Driver",87,1
"Racing",2019,"Panini","Victory Lane","Past Winners Printing Plates Yellow","Ryan Newman","Caterpillar | Richard Childress Racing | Chevrolet","Driver",88,1
"Racing",2019,"Panini","Victory Lane","Past Winners Printing Plates Yellow","Rusty Wallace","Miller Lite | Team Penske | Ford","Driver",89,1
"Racing",2019,"Panini","Victory Lane","Past Winners Printing Plates Yellow","Richard Petty","STP | Petty Enterprises | Plymouth","Driver",90,1
"Racing",2019,"Panini","Victory Lane","Past Winners Printing Plates Yellow","Dale Earnhardt Jr","Nationwide | Hendrick Motorsports | Chevrolet","Driver",91,1
"Racing",2019,"Panini","Victory Lane","Past Winners Printing Plates Yellow","Ryan Blaney","Motorcraft | Wood Brothers Racing | Ford","Driver",92,1
"Racing",2019,"Panini","Victory Lane","Past Winners Printing Plates Yellow","Kyle Larson","Target | Chip Ganassi Racing | Chevrolet","Driver",93,1
"Racing",2019,"Panini","Victory Lane","Past Winners Printing Plates Yellow","Kasey Kahne","Farmers Insurance | Hendrick Motorsports | Chevrolet","Driver",94,1
"Racing",2019,"Panini","Victory Lane","Past Winners Printing Plates Yellow","Richard Petty","STP | Petty Enterprises | Plymouth","Driver",95,1
"Racing",2019,"Panini","Victory Lane","Past Winners Printing Plates Yellow","Tony Stewart","Code 3 Associates | Stewart-Haas Racing | Chevrolet","Driver",96,1
"Racing",2019,"Panini","Victory Lane","Past Winners Printing Plates Yellow","Jimmie Johnson","Lowe's | Hendrick Motorsports | Chevrolet","Driver",97,1
"Racing",2019,"Panini","Victory Lane","Past Winners Printing Plates Yellow","Kyle Busch","M&M's | Joe Gibbs Racing | Toyota","Driver",98,1
"Racing",2019,"Panini","Victory Lane","Past Winners Printing Plates Yellow","Richard Petty","STP | Petty Enterprises | Plymouth","Driver",99,1
"Racing",2019,"Panini","Victory Lane","Past Winners Printing Plates Yellow","Darrell Waltrip","Mountain Dew | Junior Johnson | Buick","Driver",100,1
"Racing",2019,"Panini","Victory Lane","Pedal to the Metal","Ryan Preece","Kroger Click List | JTG Daugherty Racing | Chevrolet","Driver",1,
"Racing",2019,"Panini","Victory Lane","Pedal to the Metal","Tanner Thorson","NASCAR NEXT","Driver",2,
"Racing",2019,"Panini","Victory Lane","Pedal to the Metal","Anthony Alfredo","NASCAR NEXT","Driver",3,
"Racing",2019,"Panini","Victory Lane","Pedal to the Metal","Gray Gaulding","Pure | SS Green Light Racing | Chevrolet","Driver",4,
"Racing",2019,"Panini","Victory Lane","Pedal to the Metal","Hailie Deegan","NASCAR NEXT","Driver",5,
"Racing",2019,"Panini","Victory Lane","Pedal to the Metal","Cole Custer","Haas Automation | Stewart-Haas Racing | Ford","Driver",6,
"Racing",2019,"Panini","Victory Lane","Pedal to the Metal","Daniel Hemric","Caterpillar | Richard Childress Racing | Chevrolet","Driver",7,
"Racing",2019,"Panini","Victory Lane","Pedal to the Metal","Tanner Berryhill","Obaika Racing | Toyota","Driver",8,
"Racing",2019,"Panini","Victory Lane","Pedal to the Metal","Landon Cassill","StarCom | StarCom Racing | Chevrolet","Driver",9,
"Racing",2019,"Panini","Victory Lane","Pedal to the Metal","Ryan Blaney","Menards | Team Penske | Ford","Driver",10,
"Racing",2019,"Panini","Victory Lane","Pedal to the Metal","Daniel Suarez","Haas Automation | Stewart-Haas Racing | Ford","Driver",11,
"Racing",2019,"Panini","Victory Lane","Pedal to the Metal","William Byron","AXALTA | Hendrick Motorsports | Chevrolet","Driver",12,
"Racing",2019,"Panini","Victory Lane","Pedal to the Metal","Chase Briscoe","Nutri Chomps | Stewart-Haas Racing | Ford","Driver",13,
"Racing",2019,"Panini","Victory Lane","Pedal to the Metal","Brad Keselowski","Discount Tire | Team Penske | Ford","Driver",14,
"Racing",2019,"Panini","Victory Lane","Pedal to the Metal","Paul Menard","Motorcraft | Wood Brothers Racing | Ford","Driver",15,
"Racing",2019,"Panini","Victory Lane","Pedal to the Metal","Bubba Wallace","Aftershokz | Richard Petty Motorsports | Chevrolet","Driver",16,
"Racing",2019,"Panini","Victory Lane","Pedal to the Metal","Kyle Larson","Credit One Bank | Chip Ganassi Racing | Chevrolet","Driver",17,
"Racing",2019,"Panini","Victory Lane","Pedal to the Metal","Derek Kraus","NASCAR NEXT","Driver",18,
"Racing",2019,"Panini","Victory Lane","Pedal to the Metal","Michael McDowell","Love's Travel Stops | Front Row Motorsports | Ford","Driver",19,
"Racing",2019,"Panini","Victory Lane","Pedal to the Metal","Justin Haley","LeafFilter | Kaulig Racing | Chevrolet","Driver",20,
"Racing",2019,"Panini","Victory Lane","Pedal to the Metal","Ryan Vargas","NASCAR NEXT","Driver",21,
"Racing",2019,"Panini","Victory Lane","Pedal to the Metal","Chase Elliott","NAPA Auto Parts | Hendrick Motorsports | Chevrolet","Driver",22,
"Racing",2019,"Panini","Victory Lane","Pedal to the Metal","Christopher Bell","Rheem | Joe Gibbs Racing | Toyota","Driver",23,
"Racing",2019,"Panini","Victory Lane","Pedal to the Metal","Chris Buescher","Kroger Click List | JTG Daugherty Racing | Chevrolet","Driver",24,
"Racing",2019,"Panini","Victory Lane","Pedal to the Metal","Aric Almirola","Smithfield Foods | Stewart-Haas Racing | Ford","Driver",25,
"Racing",2019,"Panini","Victory Lane","Pedal to the Metal","Matt Tifft","Tunity | Joe Gibbs Racing | Toyota","Driver",26,
"Racing",2019,"Panini","Victory Lane","Pedal to the Metal","Martin Truex Jr.","Bass Pro Shops | Joe Gibbs Racing | Toyota","Driver",27,
"Racing",2019,"Panini","Victory Lane","Pedal to the Metal","Zane Smith","Switch | JR Motorsports | Chevrolet","Driver",28,
"Racing",2019,"Panini","Victory Lane","Pedal to the Metal","Clint Bowyer","Rush Truck Centers | Stewart-Haas Racing| Ford","Driver",29,
"Racing",2019,"Panini","Victory Lane","Pedal to the Metal","Matt DiBenedetto","Procore | Leavine Family Racing | Toyota","Driver",30,
"Racing",2019,"Panini","Victory Lane","Pedal to the Metal","Denny Hamlin","FedEx Express | Joe Gibbs Racing | Toyota","Driver",31,
"Racing",2019,"Panini","Victory Lane","Pedal to the Metal","Alex Bowman","Nationwide | Hendrick Motorsports | Chevrolet","Driver",32,
"Racing",2019,"Panini","Victory Lane","Pedal to the Metal","Jimmie Johnson","Ally Financial | Hendrick Motorsports | Chevrolet","Driver",33,
"Racing",2019,"Panini","Victory Lane","Pedal to the Metal","Kurt Busch","Comsurv | Chip Ganassi Racing | Chevrolet","Driver",34,
"Racing",2019,"Panini","Victory Lane","Pedal to the Metal","Kyle Busch","M&M's | Joe Gibbs Racing | Toyota","Driver",35,
"Racing",2019,"Panini","Victory Lane","Pedal to the Metal","Ricky Stenhouse Jr","Fastenal | Roush Fenway Racing | Ford","Driver",36,
"Racing",2019,"Panini","Victory Lane","Pedal to the Metal","Ty Dillon","GEICO | Germain Racing | Chevrolet","Driver",37,
"Racing",2019,"Panini","Victory Lane","Pedal to the Metal","Ross Chastain","Nutrien | Kaulig Racing | Chevrolet","Driver",38,
"Racing",2019,"Panini","Victory Lane","Pedal to the Metal","Joey Logano","Shell-Pennzoil | Team Penske | Ford","Driver",39,
"Racing",2019,"Panini","Victory Lane","Pedal to the Metal","Michael Annett","Pilot Flying J | JR Motorsports | Chevrolet","Driver",40,
"Racing",2019,"Panini","Victory Lane","Pedal to the Metal","Kevin Harvick","Jimmy John's | Stewart-Haas Racing | Ford","Driver",41,
"Racing",2019,"Panini","Victory Lane","Pedal to the Metal","Erik Jones","DeWalt | Joe Gibbs Racing | Toyota","Driver",42,
"Racing",2019,"Panini","Victory Lane","Pedal to the Metal","David Ragan","Shriners Hospital for Children | Front Row Motorsports | Ford","Driver",43,
"Racing",2019,"Panini","Victory Lane","Pedal to the Metal","Harrison Burton","DEX Imaging-Konica Minolta | Kyle Busch Motorsports | Toyota","Driver",44,
"Racing",2019,"Panini","Victory Lane","Pedal to the Metal","Corey LaJoie","Schluter Systems | Go Fas Racing | Ford","Driver",45,
"Racing",2019,"Panini","Victory Lane","Pedal to the Metal","Noah Gragson","Switch | JR Motorsports | Chevrolet","Driver",46,
"Racing",2019,"Panini","Victory Lane","Pedal to the Metal","Ryan Newman","Oscar Mayer | Roush Fenway Racing | Ford","Driver",47,
"Racing",2019,"Panini","Victory Lane","Pedal to the Metal","Justin Allgaier","Brandt | JR Motorsports | Chevrolet","Driver",48,
"Racing",2019,"Panini","Victory Lane","Pedal to the Metal","Austin Dillon","Dow Chemical | Richard Childress Racing | Chevrolet","Driver",49,
"Racing",2019,"Panini","Victory Lane","Pedal to the Metal","John Hunter Nemechek","Fire Alarm Services | GMS Racing | Chevrolet","Driver",50,
"Racing",2019,"Panini","Victory Lane","Pedal to the Metal Black","Ryan Preece","Kroger Click List | JTG Daugherty Racing | Chevrolet","Driver",1,1
"Racing",2019,"Panini","Victory Lane","Pedal to the Metal Black","Tanner Thorson","NASCAR NEXT","Driver",2,1
"Racing",2019,"Panini","Victory Lane","Pedal to the Metal Black","Anthony Alfredo","NASCAR NEXT","Driver",3,1
"Racing",2019,"Panini","Victory Lane","Pedal to the Metal Black","Gray Gaulding","Pure | SS Green Light Racing | Chevrolet","Driver",4,1
"Racing",2019,"Panini","Victory Lane","Pedal to the Metal Black","Hailie Deegan","NASCAR NEXT","Driver",5,1
"Racing",2019,"Panini","Victory Lane","Pedal to the Metal Black","Cole Custer","Haas Automation | Stewart-Haas Racing | Ford","Driver",6,1
"Racing",2019,"Panini","Victory Lane","Pedal to the Metal Black","Daniel Hemric","Caterpillar | Richard Childress Racing | Chevrolet","Driver",7,1
"Racing",2019,"Panini","Victory Lane","Pedal to the Metal Black","Tanner Berryhill","Obaika Racing | Toyota","Driver",8,1
"Racing",2019,"Panini","Victory Lane","Pedal to the Metal Black","Landon Cassill","StarCom | StarCom Racing | Chevrolet","Driver",9,1
"Racing",2019,"Panini","Victory Lane","Pedal to the Metal Black","Ryan Blaney","Menards | Team Penske | Ford","Driver",10,1
"Racing",2019,"Panini","Victory Lane","Pedal to the Metal Black","Daniel Suarez","Haas Automation | Stewart-Haas Racing | Ford","Driver",11,1
"Racing",2019,"Panini","Victory Lane","Pedal to the Metal Black","William Byron","AXALTA | Hendrick Motorsports | Chevrolet","Driver",12,1
"Racing",2019,"Panini","Victory Lane","Pedal to the Metal Black","Chase Briscoe","Nutri Chomps | Stewart-Haas Racing | Ford","Driver",13,1
"Racing",2019,"Panini","Victory Lane","Pedal to the Metal Black","Brad Keselowski","Discount Tire | Team Penske | Ford","Driver",14,1
"Racing",2019,"Panini","Victory Lane","Pedal to the Metal Black","Paul Menard","Motorcraft | Wood Brothers Racing | Ford","Driver",15,1
"Racing",2019,"Panini","Victory Lane","Pedal to the Metal Black","Bubba Wallace","Aftershokz | Richard Petty Motorsports | Chevrolet","Driver",16,1
"Racing",2019,"Panini","Victory Lane","Pedal to the Metal Black","Kyle Larson","Credit One Bank | Chip Ganassi Racing | Chevrolet","Driver",17,1
"Racing",2019,"Panini","Victory Lane","Pedal to the Metal Black","Derek Kraus","NASCAR NEXT","Driver",18,1
"Racing",2019,"Panini","Victory Lane","Pedal to the Metal Black","Michael McDowell","Love's Travel Stops | Front Row Motorsports | Ford","Driver",19,1
"Racing",2019,"Panini","Victory Lane","Pedal to the Metal Black","Justin Haley","LeafFilter | Kaulig Racing | Chevrolet","Driver",20,1
"Racing",2019,"Panini","Victory Lane","Pedal to the Metal Black","Ryan Vargas","NASCAR NEXT","Driver",21,1
"Racing",2019,"Panini","Victory Lane","Pedal to the Metal Black","Chase Elliott","NAPA Auto Parts | Hendrick Motorsports | Chevrolet","Driver",22,1
"Racing",2019,"Panini","Victory Lane","Pedal to the Metal Black","Christopher Bell","Rheem | Joe Gibbs Racing | Toyota","Driver",23,1
"Racing",2019,"Panini","Victory Lane","Pedal to the Metal Black","Chris Buescher","Kroger Click List | JTG Daugherty Racing | Chevrolet","Driver",24,1
"Racing",2019,"Panini","Victory Lane","Pedal to the Metal Black","Aric Almirola","Smithfield Foods | Stewart-Haas Racing | Ford","Driver",25,1
"Racing",2019,"Panini","Victory Lane","Pedal to the Metal Black","Matt Tifft","Tunity | Joe Gibbs Racing | Toyota","Driver",26,1
"Racing",2019,"Panini","Victory Lane","Pedal to the Metal Black","Martin Truex Jr.","Bass Pro Shops | Joe Gibbs Racing | Toyota","Driver",27,1
"Racing",2019,"Panini","Victory Lane","Pedal to the Metal Black","Zane Smith","Switch | JR Motorsports | Chevrolet","Driver",28,1
"Racing",2019,"Panini","Victory Lane","Pedal to the Metal Black","Clint Bowyer","Rush Truck Centers | Stewart-Haas Racing| Ford","Driver",29,1
"Racing",2019,"Panini","Victory Lane","Pedal to the Metal Black","Matt DiBenedetto","Procore | Leavine Family Racing | Toyota","Driver",30,1
"Racing",2019,"Panini","Victory Lane","Pedal to the Metal Black","Denny Hamlin","FedEx Express | Joe Gibbs Racing | Toyota","Driver",31,1
"Racing",2019,"Panini","Victory Lane","Pedal to the Metal Black","Alex Bowman","Nationwide | Hendrick Motorsports | Chevrolet","Driver",32,1
"Racing",2019,"Panini","Victory Lane","Pedal to the Metal Black","Jimmie Johnson","Ally Financial | Hendrick Motorsports | Chevrolet","Driver",33,1
"Racing",2019,"Panini","Victory Lane","Pedal to the Metal Black","Kurt Busch","Comsurv | Chip Ganassi Racing | Chevrolet","Driver",34,1
"Racing",2019,"Panini","Victory Lane","Pedal to the Metal Black","Kyle Busch","M&M's | Joe Gibbs Racing | Toyota","Driver",35,1
"Racing",2019,"Panini","Victory Lane","Pedal to the Metal Black","Ricky Stenhouse Jr","Fastenal | Roush Fenway Racing | Ford","Driver",36,1
"Racing",2019,"Panini","Victory Lane","Pedal to the Metal Black","Ty Dillon","GEICO | Germain Racing | Chevrolet","Driver",37,1
"Racing",2019,"Panini","Victory Lane","Pedal to the Metal Black","Ross Chastain","Nutrien | Kaulig Racing | Chevrolet","Driver",38,1
"Racing",2019,"Panini","Victory Lane","Pedal to the Metal Black","Joey Logano","Shell-Pennzoil | Team Penske | Ford","Driver",39,1
"Racing",2019,"Panini","Victory Lane","Pedal to the Metal Black","Michael Annett","Pilot Flying J | JR Motorsports | Chevrolet","Driver",40,1
"Racing",2019,"Panini","Victory Lane","Pedal to the Metal Black","Kevin Harvick","Jimmy John's | Stewart-Haas Racing | Ford","Driver",41,1
"Racing",2019,"Panini","Victory Lane","Pedal to the Metal Black","Erik Jones","DeWalt | Joe Gibbs Racing | Toyota","Driver",42,1
"Racing",2019,"Panini","Victory Lane","Pedal to the Metal Black","David Ragan","Shriners Hospital for Children | Front Row Motorsports | Ford","Driver",43,1
"Racing",2019,"Panini","Victory Lane","Pedal to the Metal Black","Harrison Burton","DEX Imaging-Konica Minolta | Kyle Busch Motorsports | Toyota","Driver",44,1
"Racing",2019,"Panini","Victory Lane","Pedal to the Metal Black","Corey LaJoie","Schluter Systems | Go Fas Racing | Ford","Driver",45,1
"Racing",2019,"Panini","Victory Lane","Pedal to the Metal Black","Noah Gragson","Switch | JR Motorsports | Chevrolet","Driver",46,1
"Racing",2019,"Panini","Victory Lane","Pedal to the Metal Black","Ryan Newman","Oscar Mayer | Roush Fenway Racing | Ford","Driver",47,1
"Racing",2019,"Panini","Victory Lane","Pedal to the Metal Black","Justin Allgaier","Brandt | JR Motorsports | Chevrolet","Driver",48,1
"Racing",2019,"Panini","Victory Lane","Pedal to the Metal Black","Austin Dillon","Dow Chemical | Richard Childress Racing | Chevrolet","Driver",49,1
"Racing",2019,"Panini","Victory Lane","Pedal to the Metal Black","John Hunter Nemechek","Fire Alarm Services | GMS Racing | Chevrolet","Driver",50,1
"Racing",2019,"Panini","Victory Lane","Pedal to the Metal Cars","Ryan Blaney","Menards | Team Penske | Ford","Driver",51,
"Racing",2019,"Panini","Victory Lane","Pedal to the Metal Cars","William Byron","AXALTA | Hendrick Motorsports | Chevrolet","Driver",52,
"Racing",2019,"Panini","Victory Lane","Pedal to the Metal Cars","Brad Keselowski","Discount Tire | Team Penske | Ford","Driver",53,
"Racing",2019,"Panini","Victory Lane","Pedal to the Metal Cars","Kyle Larson","Credit One Bank | Chip Ganassi Racing | Chevrolet","Driver",54,
"Racing",2019,"Panini","Victory Lane","Pedal to the Metal Cars","Chase Elliott","NAPA Auto Parts | Hendrick Motorsports | Chevrolet","Driver",55,
"Racing",2019,"Panini","Victory Lane","Pedal to the Metal Cars","Aric Almirola","Smithfield Foods | Stewart-Haas Racing | Ford","Driver",56,
"Racing",2019,"Panini","Victory Lane","Pedal to the Metal Cars","Denny Hamlin","FedEx Express | Joe Gibbs Racing | Toyota","Driver",57,
"Racing",2019,"Panini","Victory Lane","Pedal to the Metal Cars","Alex Bowman","Nationwide | Hendrick Motorsports | Chevrolet","Driver",58,
"Racing",2019,"Panini","Victory Lane","Pedal to the Metal Cars","Kyle Busch","M&M's | Joe Gibbs Racing | Toyota","Driver",59,
"Racing",2019,"Panini","Victory Lane","Pedal to the Metal Cars","Ty Dillon","GEICO | Germain Racing | Chevrolet","Driver",60,
"Racing",2019,"Panini","Victory Lane","Pedal to the Metal Cars","Kevin Harvick","Jimmy John's | Stewart-Haas Racing | Ford","Driver",61,
"Racing",2019,"Panini","Victory Lane","Pedal to the Metal Cars","Erik Jones","DeWalt | Joe Gibbs Racing | Toyota","Driver",62,
"Racing",2019,"Panini","Victory Lane","Pedal to the Metal Cars","Austin Dillon","Dow Chemical | Richard Childress Racing | Chevrolet","Driver",63,
"Racing",2019,"Panini","Victory Lane","Pedal to the Metal Cars","Joey Logano","Shell-Pennzoil | Team Penske | Ford","Driver",64,
"Racing",2019,"Panini","Victory Lane","Pedal to the Metal Cars","Martin Truex Jr.","Bass Pro Shops | Joe Gibbs Racing | Toyota","Driver",65,
"Racing",2019,"Panini","Victory Lane","Pedal to the Metal Cars Black","Ryan Blaney","Menards | Team Penske | Ford","Driver",51,1
"Racing",2019,"Panini","Victory Lane","Pedal to the Metal Cars Black","William Byron","AXALTA | Hendrick Motorsports | Chevrolet","Driver",52,1
"Racing",2019,"Panini","Victory Lane","Pedal to the Metal Cars Black","Brad Keselowski","Discount Tire | Team Penske | Ford","Driver",53,1
"Racing",2019,"Panini","Victory Lane","Pedal to the Metal Cars Black","Kyle Larson","Credit One Bank | Chip Ganassi Racing | Chevrolet","Driver",54,1
"Racing",2019,"Panini","Victory Lane","Pedal to the Metal Cars Black","Chase Elliott","NAPA Auto Parts | Hendrick Motorsports | Chevrolet","Driver",55,1
"Racing",2019,"Panini","Victory Lane","Pedal to the Metal Cars Black","Aric Almirola","Smithfield Foods | Stewart-Haas Racing | Ford","Driver",56,1
"Racing",2019,"Panini","Victory Lane","Pedal to the Metal Cars Black","Denny Hamlin","FedEx Express | Joe Gibbs Racing | Toyota","Driver",57,1
"Racing",2019,"Panini","Victory Lane","Pedal to the Metal Cars Black","Alex Bowman","Nationwide | Hendrick Motorsports | Chevrolet","Driver",58,1
"Racing",2019,"Panini","Victory Lane","Pedal to the Metal Cars Black","Kyle Busch","M&M's | Joe Gibbs Racing | Toyota","Driver",59,1
"Racing",2019,"Panini","Victory Lane","Pedal to the Metal Cars Black","Ty Dillon","GEICO | Germain Racing | Chevrolet","Driver",60,1
"Racing",2019,"Panini","Victory Lane","Pedal to the Metal Cars Black","Kevin Harvick","Jimmy John's | Stewart-Haas Racing | Ford","Driver",61,1
"Racing",2019,"Panini","Victory Lane","Pedal to the Metal Cars Black","Erik Jones","DeWalt | Joe Gibbs Racing | Toyota","Driver",62,1
"Racing",2019,"Panini","Victory Lane","Pedal to the Metal Cars Black","Austin Dillon","Dow Chemical | Richard Childress Racing | Chevrolet","Driver",63,1
"Racing",2019,"Panini","Victory Lane","Pedal to the Metal Cars Black","Joey Logano","Shell-Pennzoil | Team Penske | Ford","Driver",64,1
"Racing",2019,"Panini","Victory Lane","Pedal to the Metal Cars Black","Martin Truex Jr.","Bass Pro Shops | Joe Gibbs Racing | Toyota","Driver",65,1
"Racing",2019,"Panini","Victory Lane","Pedal to the Metal Cars Gold","Ryan Blaney","Menards | Team Penske | Ford","Driver",51,25
"Racing",2019,"Panini","Victory Lane","Pedal to the Metal Cars Gold","William Byron","AXALTA | Hendrick Motorsports | Chevrolet","Driver",52,25
"Racing",2019,"Panini","Victory Lane","Pedal to the Metal Cars Gold","Brad Keselowski","Discount Tire | Team Penske | Ford","Driver",53,25
"Racing",2019,"Panini","Victory Lane","Pedal to the Metal Cars Gold","Kyle Larson","Credit One Bank | Chip Ganassi Racing | Chevrolet","Driver",54,25
"Racing",2019,"Panini","Victory Lane","Pedal to the Metal Cars Gold","Chase Elliott","NAPA Auto Parts | Hendrick Motorsports | Chevrolet","Driver",55,25
"Racing",2019,"Panini","Victory Lane","Pedal to the Metal Cars Gold","Aric Almirola","Smithfield Foods | Stewart-Haas Racing | Ford","Driver",56,25
"Racing",2019,"Panini","Victory Lane","Pedal to the Metal Cars Gold","Denny Hamlin","FedEx Express | Joe Gibbs Racing | Toyota","Driver",57,25
"Racing",2019,"Panini","Victory Lane","Pedal to the Metal Cars Gold","Alex Bowman","Nationwide | Hendrick Motorsports | Chevrolet","Driver",58,25
"Racing",2019,"Panini","Victory Lane","Pedal to the Metal Cars Gold","Kyle Busch","M&M's | Joe Gibbs Racing | Toyota","Driver",59,25
"Racing",2019,"Panini","Victory Lane","Pedal to the Metal Cars Gold","Ty Dillon","GEICO | Germain Racing | Chevrolet","Driver",60,25
"Racing",2019,"Panini","Victory Lane","Pedal to the Metal Cars Gold","Kevin Harvick","Jimmy John's | Stewart-Haas Racing | Ford","Driver",61,25
"Racing",2019,"Panini","Victory Lane","Pedal to the Metal Cars Gold","Erik Jones","DeWalt | Joe Gibbs Racing | Toyota","Driver",62,25
"Racing",2019,"Panini","Victory Lane","Pedal to the Metal Cars Gold","Austin Dillon","Dow Chemical | Richard Childress Racing | Chevrolet","Driver",63,25
"Racing",2019,"Panini","Victory Lane","Pedal to the Metal Cars Gold","Joey Logano","Shell-Pennzoil | Team Penske | Ford","Driver",64,25
"Racing",2019,"Panini","Victory Lane","Pedal to the Metal Cars Gold","Martin Truex Jr.","Bass Pro Shops | Joe Gibbs Racing | Toyota","Driver",65,25
"Racing",2019,"Panini","Victory Lane","Pedal to the Metal Cars Green","Ryan Blaney","Menards | Team Penske | Ford","Driver",51,5
"Racing",2019,"Panini","Victory Lane","Pedal to the Metal Cars Green","William Byron","AXALTA | Hendrick Motorsports | Chevrolet","Driver",52,5
"Racing",2019,"Panini","Victory Lane","Pedal to the Metal Cars Green","Brad Keselowski","Discount Tire | Team Penske | Ford","Driver",53,5
"Racing",2019,"Panini","Victory Lane","Pedal to the Metal Cars Green","Kyle Larson","Credit One Bank | Chip Ganassi Racing | Chevrolet","Driver",54,5
"Racing",2019,"Panini","Victory Lane","Pedal to the Metal Cars Green","Chase Elliott","NAPA Auto Parts | Hendrick Motorsports | Chevrolet","Driver",55,5
"Racing",2019,"Panini","Victory Lane","Pedal to the Metal Cars Green","Aric Almirola","Smithfield Foods | Stewart-Haas Racing | Ford","Driver",56,5
"Racing",2019,"Panini","Victory Lane","Pedal to the Metal Cars Green","Denny Hamlin","FedEx Express | Joe Gibbs Racing | Toyota","Driver",57,5
"Racing",2019,"Panini","Victory Lane","Pedal to the Metal Cars Green","Alex Bowman","Nationwide | Hendrick Motorsports | Chevrolet","Driver",58,5
"Racing",2019,"Panini","Victory Lane","Pedal to the Metal Cars Green","Kyle Busch","M&M's | Joe Gibbs Racing | Toyota","Driver",59,5
"Racing",2019,"Panini","Victory Lane","Pedal to the Metal Cars Green","Ty Dillon","GEICO | Germain Racing | Chevrolet","Driver",60,5
"Racing",2019,"Panini","Victory Lane","Pedal to the Metal Cars Green","Kevin Harvick","Jimmy John's | Stewart-Haas Racing | Ford","Driver",61,5
"Racing",2019,"Panini","Victory Lane","Pedal to the Metal Cars Green","Erik Jones","DeWalt | Joe Gibbs Racing | Toyota","Driver",62,5
"Racing",2019,"Panini","Victory Lane","Pedal to the Metal Cars Green","Austin Dillon","Dow Chemical | Richard Childress Racing | Chevrolet","Driver",63,5
"Racing",2019,"Panini","Victory Lane","Pedal to the Metal Cars Green","Joey Logano","Shell-Pennzoil | Team Penske | Ford","Driver",64,5
"Racing",2019,"Panini","Victory Lane","Pedal to the Metal Cars Green","Martin Truex Jr.","Bass Pro Shops | Joe Gibbs Racing | Toyota","Driver",65,5
"Racing",2019,"Panini","Victory Lane","Pedal to the Metal Cars Red","Ryan Blaney","Menards | Team Penske | Ford","Driver",51,3
"Racing",2019,"Panini","Victory Lane","Pedal to the Metal Cars Red","William Byron","AXALTA | Hendrick Motorsports | Chevrolet","Driver",52,3
"Racing",2019,"Panini","Victory Lane","Pedal to the Metal Cars Red","Brad Keselowski","Discount Tire | Team Penske | Ford","Driver",53,3
"Racing",2019,"Panini","Victory Lane","Pedal to the Metal Cars Red","Kyle Larson","Credit One Bank | Chip Ganassi Racing | Chevrolet","Driver",54,3
"Racing",2019,"Panini","Victory Lane","Pedal to the Metal Cars Red","Chase Elliott","NAPA Auto Parts | Hendrick Motorsports | Chevrolet","Driver",55,3
"Racing",2019,"Panini","Victory Lane","Pedal to the Metal Cars Red","Aric Almirola","Smithfield Foods | Stewart-Haas Racing | Ford","Driver",56,3
"Racing",2019,"Panini","Victory Lane","Pedal to the Metal Cars Red","Denny Hamlin","FedEx Express | Joe Gibbs Racing | Toyota","Driver",57,3
"Racing",2019,"Panini","Victory Lane","Pedal to the Metal Cars Red","Alex Bowman","Nationwide | Hendrick Motorsports | Chevrolet","Driver",58,3
"Racing",2019,"Panini","Victory Lane","Pedal to the Metal Cars Red","Kyle Busch","M&M's | Joe Gibbs Racing | Toyota","Driver",59,3
"Racing",2019,"Panini","Victory Lane","Pedal to the Metal Cars Red","Ty Dillon","GEICO | Germain Racing | Chevrolet","Driver",60,3
"Racing",2019,"Panini","Victory Lane","Pedal to the Metal Cars Red","Kevin Harvick","Jimmy John's | Stewart-Haas Racing | Ford","Driver",61,3
"Racing",2019,"Panini","Victory Lane","Pedal to the Metal Cars Red","Erik Jones","DeWalt | Joe Gibbs Racing | Toyota","Driver",62,3
"Racing",2019,"Panini","Victory Lane","Pedal to the Metal Cars Red","Austin Dillon","Dow Chemical | Richard Childress Racing | Chevrolet","Driver",63,3
"Racing",2019,"Panini","Victory Lane","Pedal to the Metal Cars Red","Joey Logano","Shell-Pennzoil | Team Penske | Ford","Driver",64,3
"Racing",2019,"Panini","Victory Lane","Pedal to the Metal Cars Red","Martin Truex Jr.","Bass Pro Shops | Joe Gibbs Racing | Toyota","Driver",65,3
"Racing",2019,"Panini","Victory Lane","Pedal to the Metal Champions","Joey Logano","Shell-Pennzoil | Team Penske | Ford","Driver",76,
"Racing",2019,"Panini","Victory Lane","Pedal to the Metal Champions","Martin Truex Jr.","Bass Pro Shops-TRACKER Boats | Furniture Row Racing | Toyota","Driver",77,
"Racing",2019,"Panini","Victory Lane","Pedal to the Metal Champions","Jimmie Johnson","Lowe's | Hendrick Motorsports | Chevrolet","Driver",78,
"Racing",2019,"Panini","Victory Lane","Pedal to the Metal Champions","Kyle Busch","M&M's | Joe Gibbs Racing | Toyota","Driver",79,
"Racing",2019,"Panini","Victory Lane","Pedal to the Metal Champions","Kevin Harvick","Jimmy John's | Stewart-Haas Racing | Ford","Driver",80,
"Racing",2019,"Panini","Victory Lane","Pedal to the Metal Champions","Jimmie Johnson","Lowe's | Hendrick Motorsports | Chevrolet","Driver",81,
"Racing",2019,"Panini","Victory Lane","Pedal to the Metal Champions","Brad Keselowski","Miller Lite | Team Penske | Ford","Driver",82,
"Racing",2019,"Panini","Victory Lane","Pedal to the Metal Champions","Tony Stewart","Office Depot | Stewart-Haas Racing | Chevrolet","Driver",83,
"Racing",2019,"Panini","Victory Lane","Pedal to the Metal Champions","Jimmie Johnson","Lowe's | Hendrick Motorsports | Chevrolet","Driver",84,
"Racing",2019,"Panini","Victory Lane","Pedal to the Metal Champions","Jimmie Johnson","Lowe's | Hendrick Motorsports | Chevrolet","Driver",85,
"Racing",2019,"Panini","Victory Lane","Pedal to the Metal Champions","Jimmie Johnson","Lowe's | Hendrick Motorsports | Chevrolet","Driver",86,
"Racing",2019,"Panini","Victory Lane","Pedal to the Metal Champions","Jimmie Johnson","Lowe's | Hendrick Motorsports | Chevrolet","Driver",87,
"Racing",2019,"Panini","Victory Lane","Pedal to the Metal Champions","Jimmie Johnson","Lowe's | Hendrick Motorsports | Chevrolet","Driver",88,
"Racing",2019,"Panini","Victory Lane","Pedal to the Metal Champions","Matt Kenseth","DeWalt | Joe Gibbs Racing | Toyota","Driver",89,
"Racing",2019,"Panini","Victory Lane","Pedal to the Metal Champions","Bobby Labonte","Interstate Batteries | Joe Gibbs Racing | Pontiac","Driver",90,
"Racing",2019,"Panini","Victory Lane","Pedal to the Metal Champions","Dale Jarrett","Quality Care | Robert Yates Racing | Ford","Driver",91,
"Racing",2019,"Panini","Victory Lane","Pedal to the Metal Champions","Terry Labonte","Kellogg's Corn Flakes | Hendrick Motorsports | Chevrolet","Driver",92,
"Racing",2019,"Panini","Victory Lane","Pedal to the Metal Champions","Rusty Wallace","Kodiak | Raymond Beadle | Pontiac","Driver",93,
"Racing",2019,"Panini","Victory Lane","Pedal to the Metal Champions","Bill Elliott","Coors | Harry Melling | Ford","Driver",94,
"Racing",2019,"Panini","Victory Lane","Pedal to the Metal Champions","Darrell Waltrip","Mountain Dew | Junior Johnson | Buick","Driver",95,
"Racing",2019,"Panini","Victory Lane","Pedal to the Metal Champions","Bobby Allison","Miller High Life | DiGard | Buick","Driver",96,
"Racing",2019,"Panini","Victory Lane","Pedal to the Metal Champions","Richard Petty","STP | Petty Enterprises | Plymouth","Driver",97,
"Racing",2019,"Panini","Victory Lane","Pedal to the Metal Champions","Richard Petty","STP | Petty Enterprises | Plymouth","Driver",98,
"Racing",2019,"Panini","Victory Lane","Pedal to the Metal Champions","Richard Petty","STP | Petty Enterprises | Plymouth","Driver",99,
"Racing",2019,"Panini","Victory Lane","Pedal to the Metal Champions","Richard Petty","STP | Petty Enterprises | Plymouth","Driver",100,
"Racing",2019,"Panini","Victory Lane","Pedal to the Metal Champions Black","Joey Logano","Shell-Pennzoil | Team Penske | Ford","Driver",76,1
"Racing",2019,"Panini","Victory Lane","Pedal to the Metal Champions Black","Martin Truex Jr.","Bass Pro Shops-TRACKER Boats | Furniture Row Racing | Toyota","Driver",77,1
"Racing",2019,"Panini","Victory Lane","Pedal to the Metal Champions Black","Jimmie Johnson","Lowe's | Hendrick Motorsports | Chevrolet","Driver",78,1
"Racing",2019,"Panini","Victory Lane","Pedal to the Metal Champions Black","Kyle Busch","M&M's | Joe Gibbs Racing | Toyota","Driver",79,1
"Racing",2019,"Panini","Victory Lane","Pedal to the Metal Champions Black","Kevin Harvick","Jimmy John's | Stewart-Haas Racing | Ford","Driver",80,1
"Racing",2019,"Panini","Victory Lane","Pedal to the Metal Champions Black","Jimmie Johnson","Lowe's | Hendrick Motorsports | Chevrolet","Driver",81,1
"Racing",2019,"Panini","Victory Lane","Pedal to the Metal Champions Black","Brad Keselowski","Miller Lite | Team Penske | Ford","Driver",82,1
"Racing",2019,"Panini","Victory Lane","Pedal to the Metal Champions Black","Tony Stewart","Office Depot | Stewart-Haas Racing | Chevrolet","Driver",83,1
"Racing",2019,"Panini","Victory Lane","Pedal to the Metal Champions Black","Jimmie Johnson","Lowe's | Hendrick Motorsports | Chevrolet","Driver",84,1
"Racing",2019,"Panini","Victory Lane","Pedal to the Metal Champions Black","Jimmie Johnson","Lowe's | Hendrick Motorsports | Chevrolet","Driver",85,1
"Racing",2019,"Panini","Victory Lane","Pedal to the Metal Champions Black","Jimmie Johnson","Lowe's | Hendrick Motorsports | Chevrolet","Driver",86,1
"Racing",2019,"Panini","Victory Lane","Pedal to the Metal Champions Black","Jimmie Johnson","Lowe's | Hendrick Motorsports | Chevrolet","Driver",87,1
"Racing",2019,"Panini","Victory Lane","Pedal to the Metal Champions Black","Jimmie Johnson","Lowe's | Hendrick Motorsports | Chevrolet","Driver",88,1
"Racing",2019,"Panini","Victory Lane","Pedal to the Metal Champions Black","Matt Kenseth","DeWalt | Joe Gibbs Racing | Toyota","Driver",89,1
"Racing",2019,"Panini","Victory Lane","Pedal to the Metal Champions Black","Bobby Labonte","Interstate Batteries | Joe Gibbs Racing | Pontiac","Driver",90,1
"Racing",2019,"Panini","Victory Lane","Pedal to the Metal Champions Black","Dale Jarrett","Quality Care | Robert Yates Racing | Ford","Driver",91,1
"Racing",2019,"Panini","Victory Lane","Pedal to the Metal Champions Black","Terry Labonte","Kellogg's Corn Flakes | Hendrick Motorsports | Chevrolet","Driver",92,1
"Racing",2019,"Panini","Victory Lane","Pedal to the Metal Champions Black","Rusty Wallace","Kodiak | Raymond Beadle | Pontiac","Driver",93,1
"Racing",2019,"Panini","Victory Lane","Pedal to the Metal Champions Black","Bill Elliott","Coors | Harry Melling | Ford","Driver",94,1
"Racing",2019,"Panini","Victory Lane","Pedal to the Metal Champions Black","Darrell Waltrip","Mountain Dew | Junior Johnson | Buick","Driver",95,1
"Racing",2019,"Panini","Victory Lane","Pedal to the Metal Champions Black","Bobby Allison","Miller High Life | DiGard | Buick","Driver",96,1
"Racing",2019,"Panini","Victory Lane","Pedal to the Metal Champions Black","Richard Petty","STP | Petty Enterprises | Plymouth","Driver",97,1
"Racing",2019,"Panini","Victory Lane","Pedal to the Metal Champions Black","Richard Petty","STP | Petty Enterprises | Plymouth","Driver",98,1
"Racing",2019,"Panini","Victory Lane","Pedal to the Metal Champions Black","Richard Petty","STP | Petty Enterprises | Plymouth","Driver",99,1
"Racing",2019,"Panini","Victory Lane","Pedal to the Metal Champions Black","Richard Petty","STP | Petty Enterprises | Plymouth","Driver",100,1
"Racing",2019,"Panini","Victory Lane","Pedal to the Metal Champions Gold","Joey Logano","Shell-Pennzoil | Team Penske | Ford","Driver",76,25
"Racing",2019,"Panini","Victory Lane","Pedal to the Metal Champions Gold","Martin Truex Jr.","Bass Pro Shops-TRACKER Boats | Furniture Row Racing | Toyota","Driver",77,25
"Racing",2019,"Panini","Victory Lane","Pedal to the Metal Champions Gold","Jimmie Johnson","Lowe's | Hendrick Motorsports | Chevrolet","Driver",78,25
"Racing",2019,"Panini","Victory Lane","Pedal to the Metal Champions Gold","Kyle Busch","M&M's | Joe Gibbs Racing | Toyota","Driver",79,25
"Racing",2019,"Panini","Victory Lane","Pedal to the Metal Champions Gold","Kevin Harvick","Jimmy John's | Stewart-Haas Racing | Ford","Driver",80,25
"Racing",2019,"Panini","Victory Lane","Pedal to the Metal Champions Gold","Jimmie Johnson","Lowe's | Hendrick Motorsports | Chevrolet","Driver",81,25
"Racing",2019,"Panini","Victory Lane","Pedal to the Metal Champions Gold","Brad Keselowski","Miller Lite | Team Penske | Ford","Driver",82,25
"Racing",2019,"Panini","Victory Lane","Pedal to the Metal Champions Gold","Tony Stewart","Office Depot | Stewart-Haas Racing | Chevrolet","Driver",83,25
"Racing",2019,"Panini","Victory Lane","Pedal to the Metal Champions Gold","Jimmie Johnson","Lowe's | Hendrick Motorsports | Chevrolet","Driver",84,25
"Racing",2019,"Panini","Victory Lane","Pedal to the Metal Champions Gold","Jimmie Johnson","Lowe's | Hendrick Motorsports | Chevrolet","Driver",85,25
"Racing",2019,"Panini","Victory Lane","Pedal to the Metal Champions Gold","Jimmie Johnson","Lowe's | Hendrick Motorsports | Chevrolet","Driver",86,25
"Racing",2019,"Panini","Victory Lane","Pedal to the Metal Champions Gold","Jimmie Johnson","Lowe's | Hendrick Motorsports | Chevrolet","Driver",87,25
"Racing",2019,"Panini","Victory Lane","Pedal to the Metal Champions Gold","Jimmie Johnson","Lowe's | Hendrick Motorsports | Chevrolet","Driver",88,25
"Racing",2019,"Panini","Victory Lane","Pedal to the Metal Champions Gold","Matt Kenseth","DeWalt | Joe Gibbs Racing | Toyota","Driver",89,25
"Racing",2019,"Panini","Victory Lane","Pedal to the Metal Champions Gold","Bobby Labonte","Interstate Batteries | Joe Gibbs Racing | Pontiac","Driver",90,25
"Racing",2019,"Panini","Victory Lane","Pedal to the Metal Champions Gold","Dale Jarrett","Quality Care | Robert Yates Racing | Ford","Driver",91,25
"Racing",2019,"Panini","Victory Lane","Pedal to the Metal Champions Gold","Terry Labonte","Kellogg's Corn Flakes | Hendrick Motorsports | Chevrolet","Driver",92,25
"Racing",2019,"Panini","Victory Lane","Pedal to the Metal Champions Gold","Rusty Wallace","Kodiak | Raymond Beadle | Pontiac","Driver",93,25
"Racing",2019,"Panini","Victory Lane","Pedal to the Metal Champions Gold","Bill Elliott","Coors | Harry Melling | Ford","Driver",94,25
"Racing",2019,"Panini","Victory Lane","Pedal to the Metal Champions Gold","Darrell Waltrip","Mountain Dew | Junior Johnson | Buick","Driver",95,25
"Racing",2019,"Panini","Victory Lane","Pedal to the Metal Champions Gold","Bobby Allison","Miller High Life | DiGard | Buick","Driver",96,25
"Racing",2019,"Panini","Victory Lane","Pedal to the Metal Champions Gold","Richard Petty","STP | Petty Enterprises | Plymouth","Driver",97,25
"Racing",2019,"Panini","Victory Lane","Pedal to the Metal Champions Gold","Richard Petty","STP | Petty Enterprises | Plymouth","Driver",98,25
"Racing",2019,"Panini","Victory Lane","Pedal to the Metal Champions Gold","Richard Petty","STP | Petty Enterprises | Plymouth","Driver",99,25
"Racing",2019,"Panini","Victory Lane","Pedal to the Metal Champions Gold","Richard Petty","STP | Petty Enterprises | Plymouth","Driver",100,25
"Racing",2019,"Panini","Victory Lane","Pedal to the Metal Champions Green","Joey Logano","Shell-Pennzoil | Team Penske | Ford","Driver",76,5
"Racing",2019,"Panini","Victory Lane","Pedal to the Metal Champions Green","Martin Truex Jr.","Bass Pro Shops-TRACKER Boats | Furniture Row Racing | Toyota","Driver",77,5
"Racing",2019,"Panini","Victory Lane","Pedal to the Metal Champions Green","Jimmie Johnson","Lowe's | Hendrick Motorsports | Chevrolet","Driver",78,5
"Racing",2019,"Panini","Victory Lane","Pedal to the Metal Champions Green","Kyle Busch","M&M's | Joe Gibbs Racing | Toyota","Driver",79,5
"Racing",2019,"Panini","Victory Lane","Pedal to the Metal Champions Green","Kevin Harvick","Jimmy John's | Stewart-Haas Racing | Ford","Driver",80,5
"Racing",2019,"Panini","Victory Lane","Pedal to the Metal Champions Green","Jimmie Johnson","Lowe's | Hendrick Motorsports | Chevrolet","Driver",81,5
"Racing",2019,"Panini","Victory Lane","Pedal to the Metal Champions Green","Brad Keselowski","Miller Lite | Team Penske | Ford","Driver",82,5
"Racing",2019,"Panini","Victory Lane","Pedal to the Metal Champions Green","Tony Stewart","Office Depot | Stewart-Haas Racing | Chevrolet","Driver",83,5
"Racing",2019,"Panini","Victory Lane","Pedal to the Metal Champions Green","Jimmie Johnson","Lowe's | Hendrick Motorsports | Chevrolet","Driver",84,5
"Racing",2019,"Panini","Victory Lane","Pedal to the Metal Champions Green","Jimmie Johnson","Lowe's | Hendrick Motorsports | Chevrolet","Driver",85,5
"Racing",2019,"Panini","Victory Lane","Pedal to the Metal Champions Green","Jimmie Johnson","Lowe's | Hendrick Motorsports | Chevrolet","Driver",86,5
"Racing",2019,"Panini","Victory Lane","Pedal to the Metal Champions Green","Jimmie Johnson","Lowe's | Hendrick Motorsports | Chevrolet","Driver",87,5
"Racing",2019,"Panini","Victory Lane","Pedal to the Metal Champions Green","Jimmie Johnson","Lowe's | Hendrick Motorsports | Chevrolet","Driver",88,5
"Racing",2019,"Panini","Victory Lane","Pedal to the Metal Champions Green","Matt Kenseth","DeWalt | Joe Gibbs Racing | Toyota","Driver",89,5
"Racing",2019,"Panini","Victory Lane","Pedal to the Metal Champions Green","Bobby Labonte","Interstate Batteries | Joe Gibbs Racing | Pontiac","Driver",90,5
"Racing",2019,"Panini","Victory Lane","Pedal to the Metal Champions Green","Dale Jarrett","Quality Care | Robert Yates Racing | Ford","Driver",91,5
"Racing",2019,"Panini","Victory Lane","Pedal to the Metal Champions Green","Terry Labonte","Kellogg's Corn Flakes | Hendrick Motorsports | Chevrolet","Driver",92,5
"Racing",2019,"Panini","Victory Lane","Pedal to the Metal Champions Green","Rusty Wallace","Kodiak | Raymond Beadle | Pontiac","Driver",93,5
"Racing",2019,"Panini","Victory Lane","Pedal to the Metal Champions Green","Bill Elliott","Coors | Harry Melling | Ford","Driver",94,5
"Racing",2019,"Panini","Victory Lane","Pedal to the Metal Champions Green","Darrell Waltrip","Mountain Dew | Junior Johnson | Buick","Driver",95,5
"Racing",2019,"Panini","Victory Lane","Pedal to the Metal Champions Green","Bobby Allison","Miller High Life | DiGard | Buick","Driver",96,5
"Racing",2019,"Panini","Victory Lane","Pedal to the Metal Champions Green","Richard Petty","STP | Petty Enterprises | Plymouth","Driver",97,5
"Racing",2019,"Panini","Victory Lane","Pedal to the Metal Champions Green","Richard Petty","STP | Petty Enterprises | Plymouth","Driver",98,5
"Racing",2019,"Panini","Victory Lane","Pedal to the Metal Champions Green","Richard Petty","STP | Petty Enterprises | Plymouth","Driver",99,5
"Racing",2019,"Panini","Victory Lane","Pedal to the Metal Champions Green","Richard Petty","STP | Petty Enterprises | Plymouth","Driver",100,5
"Racing",2019,"Panini","Victory Lane","Pedal to the Metal Champions Red","Joey Logano","Shell-Pennzoil | Team Penske | Ford","Driver",76,3
"Racing",2019,"Panini","Victory Lane","Pedal to the Metal Champions Red","Martin Truex Jr.","Bass Pro Shops-TRACKER Boats | Furniture Row Racing | Toyota","Driver",77,3
"Racing",2019,"Panini","Victory Lane","Pedal to the Metal Champions Red","Jimmie Johnson","Lowe's | Hendrick Motorsports | Chevrolet","Driver",78,3
"Racing",2019,"Panini","Victory Lane","Pedal to the Metal Champions Red","Kyle Busch","M&M's | Joe Gibbs Racing | Toyota","Driver",79,3
"Racing",2019,"Panini","Victory Lane","Pedal to the Metal Champions Red","Kevin Harvick","Jimmy John's | Stewart-Haas Racing | Ford","Driver",80,3
"Racing",2019,"Panini","Victory Lane","Pedal to the Metal Champions Red","Jimmie Johnson","Lowe's | Hendrick Motorsports | Chevrolet","Driver",81,3
"Racing",2019,"Panini","Victory Lane","Pedal to the Metal Champions Red","Brad Keselowski","Miller Lite | Team Penske | Ford","Driver",82,3
"Racing",2019,"Panini","Victory Lane","Pedal to the Metal Champions Red","Tony Stewart","Office Depot | Stewart-Haas Racing | Chevrolet","Driver",83,3
"Racing",2019,"Panini","Victory Lane","Pedal to the Metal Champions Red","Jimmie Johnson","Lowe's | Hendrick Motorsports | Chevrolet","Driver",84,3
"Racing",2019,"Panini","Victory Lane","Pedal to the Metal Champions Red","Jimmie Johnson","Lowe's | Hendrick Motorsports | Chevrolet","Driver",85,3
"Racing",2019,"Panini","Victory Lane","Pedal to the Metal Champions Red","Jimmie Johnson","Lowe's | Hendrick Motorsports | Chevrolet","Driver",86,3
"Racing",2019,"Panini","Victory Lane","Pedal to the Metal Champions Red","Jimmie Johnson","Lowe's | Hendrick Motorsports | Chevrolet","Driver",87,3
"Racing",2019,"Panini","Victory Lane","Pedal to the Metal Champions Red","Jimmie Johnson","Lowe's | Hendrick Motorsports | Chevrolet","Driver",88,3
"Racing",2019,"Panini","Victory Lane","Pedal to the Metal Champions Red","Matt Kenseth","DeWalt | Joe Gibbs Racing | Toyota","Driver",89,3
"Racing",2019,"Panini","Victory Lane","Pedal to the Metal Champions Red","Bobby Labonte","Interstate Batteries | Joe Gibbs Racing | Pontiac","Driver",90,3
"Racing",2019,"Panini","Victory Lane","Pedal to the Metal Champions Red","Dale Jarrett","Quality Care | Robert Yates Racing | Ford","Driver",91,3
"Racing",2019,"Panini","Victory Lane","Pedal to the Metal Champions Red","Terry Labonte","Kellogg's Corn Flakes | Hendrick Motorsports | Chevrolet","Driver",92,3
"Racing",2019,"Panini","Victory Lane","Pedal to the Metal Champions Red","Rusty Wallace","Kodiak | Raymond Beadle | Pontiac","Driver",93,3
"Racing",2019,"Panini","Victory Lane","Pedal to the Metal Champions Red","Bill Elliott","Coors | Harry Melling | Ford","Driver",94,3
"Racing",2019,"Panini","Victory Lane","Pedal to the Metal Champions Red","Darrell Waltrip","Mountain Dew | Junior Johnson | Buick","Driver",95,3
"Racing",2019,"Panini","Victory Lane","Pedal to the Metal Champions Red","Bobby Allison","Miller High Life | DiGard | Buick","Driver",96,3
"Racing",2019,"Panini","Victory Lane","Pedal to the Metal Champions Red","Richard Petty","STP | Petty Enterprises | Plymouth","Driver",97,3
"Racing",2019,"Panini","Victory Lane","Pedal to the Metal Champions Red","Richard Petty","STP | Petty Enterprises | Plymouth","Driver",98,3
"Racing",2019,"Panini","Victory Lane","Pedal to the Metal Champions Red","Richard Petty","STP | Petty Enterprises | Plymouth","Driver",99,3
"Racing",2019,"Panini","Victory Lane","Pedal to the Metal Champions Red","Richard Petty","STP | Petty Enterprises | Plymouth","Driver",100,3
"Racing",2019,"Panini","Victory Lane","Pedal to the Metal Gold","Ryan Preece","Kroger Click List | JTG Daugherty Racing | Chevrolet","Driver",1,25
"Racing",2019,"Panini","Victory Lane","Pedal to the Metal Gold","Tanner Thorson","NASCAR NEXT","Driver",2,25
"Racing",2019,"Panini","Victory Lane","Pedal to the Metal Gold","Anthony Alfredo","NASCAR NEXT","Driver",3,25
"Racing",2019,"Panini","Victory Lane","Pedal to the Metal Gold","Gray Gaulding","Pure | SS Green Light Racing | Chevrolet","Driver",4,25
"Racing",2019,"Panini","Victory Lane","Pedal to the Metal Gold","Hailie Deegan","NASCAR NEXT","Driver",5,25
"Racing",2019,"Panini","Victory Lane","Pedal to the Metal Gold","Cole Custer","Haas Automation | Stewart-Haas Racing | Ford","Driver",6,25
"Racing",2019,"Panini","Victory Lane","Pedal to the Metal Gold","Daniel Hemric","Caterpillar | Richard Childress Racing | Chevrolet","Driver",7,25
"Racing",2019,"Panini","Victory Lane","Pedal to the Metal Gold","Tanner Berryhill","Obaika Racing | Toyota","Driver",8,25
"Racing",2019,"Panini","Victory Lane","Pedal to the Metal Gold","Landon Cassill","StarCom | StarCom Racing | Chevrolet","Driver",9,25
"Racing",2019,"Panini","Victory Lane","Pedal to the Metal Gold","Ryan Blaney","Menards | Team Penske | Ford","Driver",10,25
"Racing",2019,"Panini","Victory Lane","Pedal to the Metal Gold","Daniel Suarez","Haas Automation | Stewart-Haas Racing | Ford","Driver",11,25
"Racing",2019,"Panini","Victory Lane","Pedal to the Metal Gold","William Byron","AXALTA | Hendrick Motorsports | Chevrolet","Driver",12,25
"Racing",2019,"Panini","Victory Lane","Pedal to the Metal Gold","Chase Briscoe","Nutri Chomps | Stewart-Haas Racing | Ford","Driver",13,25
"Racing",2019,"Panini","Victory Lane","Pedal to the Metal Gold","Brad Keselowski","Discount Tire | Team Penske | Ford","Driver",14,25
"Racing",2019,"Panini","Victory Lane","Pedal to the Metal Gold","Paul Menard","Motorcraft | Wood Brothers Racing | Ford","Driver",15,25
"Racing",2019,"Panini","Victory Lane","Pedal to the Metal Gold","Bubba Wallace","Aftershokz | Richard Petty Motorsports | Chevrolet","Driver",16,25
"Racing",2019,"Panini","Victory Lane","Pedal to the Metal Gold","Kyle Larson","Credit One Bank | Chip Ganassi Racing | Chevrolet","Driver",17,25
"Racing",2019,"Panini","Victory Lane","Pedal to the Metal Gold","Derek Kraus","NASCAR NEXT","Driver",18,25
"Racing",2019,"Panini","Victory Lane","Pedal to the Metal Gold","Michael McDowell","Love's Travel Stops | Front Row Motorsports | Ford","Driver",19,25
"Racing",2019,"Panini","Victory Lane","Pedal to the Metal Gold","Justin Haley","LeafFilter | Kaulig Racing | Chevrolet","Driver",20,25
"Racing",2019,"Panini","Victory Lane","Pedal to the Metal Gold","Ryan Vargas","NASCAR NEXT","Driver",21,25
"Racing",2019,"Panini","Victory Lane","Pedal to the Metal Gold","Chase Elliott","NAPA Auto Parts | Hendrick Motorsports | Chevrolet","Driver",22,25
"Racing",2019,"Panini","Victory Lane","Pedal to the Metal Gold","Christopher Bell","Rheem | Joe Gibbs Racing | Toyota","Driver",23,25
"Racing",2019,"Panini","Victory Lane","Pedal to the Metal Gold","Chris Buescher","Kroger Click List | JTG Daugherty Racing | Chevrolet","Driver",24,25
"Racing",2019,"Panini","Victory Lane","Pedal to the Metal Gold","Aric Almirola","Smithfield Foods | Stewart-Haas Racing | Ford","Driver",25,25
"Racing",2019,"Panini","Victory Lane","Pedal to the Metal Gold","Matt Tifft","Tunity | Joe Gibbs Racing | Toyota","Driver",26,25
"Racing",2019,"Panini","Victory Lane","Pedal to the Metal Gold","Martin Truex Jr.","Bass Pro Shops | Joe Gibbs Racing | Toyota","Driver",27,25
"Racing",2019,"Panini","Victory Lane","Pedal to the Metal Gold","Zane Smith","Switch | JR Motorsports | Chevrolet","Driver",28,25
"Racing",2019,"Panini","Victory Lane","Pedal to the Metal Gold","Clint Bowyer","Rush Truck Centers | Stewart-Haas Racing| Ford","Driver",29,25
"Racing",2019,"Panini","Victory Lane","Pedal to the Metal Gold","Matt DiBenedetto","Procore | Leavine Family Racing | Toyota","Driver",30,25
"Racing",2019,"Panini","Victory Lane","Pedal to the Metal Gold","Denny Hamlin","FedEx Express | Joe Gibbs Racing | Toyota","Driver",31,25
"Racing",2019,"Panini","Victory Lane","Pedal to the Metal Gold","Alex Bowman","Nationwide | Hendrick Motorsports | Chevrolet","Driver",32,25
"Racing",2019,"Panini","Victory Lane","Pedal to the Metal Gold","Jimmie Johnson","Ally Financial | Hendrick Motorsports | Chevrolet","Driver",33,25
"Racing",2019,"Panini","Victory Lane","Pedal to the Metal Gold","Kurt Busch","Comsurv | Chip Ganassi Racing | Chevrolet","Driver",34,25
"Racing",2019,"Panini","Victory Lane","Pedal to the Metal Gold","Kyle Busch","M&M's | Joe Gibbs Racing | Toyota","Driver",35,25
"Racing",2019,"Panini","Victory Lane","Pedal to the Metal Gold","Ricky Stenhouse Jr","Fastenal | Roush Fenway Racing | Ford","Driver",36,25
"Racing",2019,"Panini","Victory Lane","Pedal to the Metal Gold","Ty Dillon","GEICO | Germain Racing | Chevrolet","Driver",37,25
"Racing",2019,"Panini","Victory Lane","Pedal to the Metal Gold","Ross Chastain","Nutrien | Kaulig Racing | Chevrolet","Driver",38,25
"Racing",2019,"Panini","Victory Lane","Pedal to the Metal Gold","Joey Logano","Shell-Pennzoil | Team Penske | Ford","Driver",39,25
"Racing",2019,"Panini","Victory Lane","Pedal to the Metal Gold","Michael Annett","Pilot Flying J | JR Motorsports | Chevrolet","Driver",40,25
"Racing",2019,"Panini","Victory Lane","Pedal to the Metal Gold","Kevin Harvick","Jimmy John's | Stewart-Haas Racing | Ford","Driver",41,25
"Racing",2019,"Panini","Victory Lane","Pedal to the Metal Gold","Erik Jones","DeWalt | Joe Gibbs Racing | Toyota","Driver",42,25
"Racing",2019,"Panini","Victory Lane","Pedal to the Metal Gold","David Ragan","Shriners Hospital for Children | Front Row Motorsports | Ford","Driver",43,25
"Racing",2019,"Panini","Victory Lane","Pedal to the Metal Gold","Harrison Burton","DEX Imaging-Konica Minolta | Kyle Busch Motorsports | Toyota","Driver",44,25
"Racing",2019,"Panini","Victory Lane","Pedal to the Metal Gold","Corey LaJoie","Schluter Systems | Go Fas Racing | Ford","Driver",45,25
"Racing",2019,"Panini","Victory Lane","Pedal to the Metal Gold","Noah Gragson","Switch | JR Motorsports | Chevrolet","Driver",46,25
"Racing",2019,"Panini","Victory Lane","Pedal to the Metal Gold","Ryan Newman","Oscar Mayer | Roush Fenway Racing | Ford","Driver",47,25
"Racing",2019,"Panini","Victory Lane","Pedal to the Metal Gold","Justin Allgaier","Brandt | JR Motorsports | Chevrolet","Driver",48,25
"Racing",2019,"Panini","Victory Lane","Pedal to the Metal Gold","Austin Dillon","Dow Chemical | Richard Childress Racing | Chevrolet","Driver",49,25
"Racing",2019,"Panini","Victory Lane","Pedal to the Metal Gold","John Hunter Nemechek","Fire Alarm Services | GMS Racing | Chevrolet","Driver",50,25
"Racing",2019,"Panini","Victory Lane","Pedal to the Metal Green","Ryan Preece","Kroger Click List | JTG Daugherty Racing | Chevrolet","Driver",1,5
"Racing",2019,"Panini","Victory Lane","Pedal to the Metal Green","Tanner Thorson","NASCAR NEXT","Driver",2,5
"Racing",2019,"Panini","Victory Lane","Pedal to the Metal Green","Anthony Alfredo","NASCAR NEXT","Driver",3,5
"Racing",2019,"Panini","Victory Lane","Pedal to the Metal Green","Gray Gaulding","Pure | SS Green Light Racing | Chevrolet","Driver",4,5
"Racing",2019,"Panini","Victory Lane","Pedal to the Metal Green","Hailie Deegan","NASCAR NEXT","Driver",5,5
"Racing",2019,"Panini","Victory Lane","Pedal to the Metal Green","Cole Custer","Haas Automation | Stewart-Haas Racing | Ford","Driver",6,5
"Racing",2019,"Panini","Victory Lane","Pedal to the Metal Green","Daniel Hemric","Caterpillar | Richard Childress Racing | Chevrolet","Driver",7,5
"Racing",2019,"Panini","Victory Lane","Pedal to the Metal Green","Tanner Berryhill","Obaika Racing | Toyota","Driver",8,5
"Racing",2019,"Panini","Victory Lane","Pedal to the Metal Green","Landon Cassill","StarCom | StarCom Racing | Chevrolet","Driver",9,5
"Racing",2019,"Panini","Victory Lane","Pedal to the Metal Green","Ryan Blaney","Menards | Team Penske | Ford","Driver",10,5
"Racing",2019,"Panini","Victory Lane","Pedal to the Metal Green","Daniel Suarez","Haas Automation | Stewart-Haas Racing | Ford","Driver",11,5
"Racing",2019,"Panini","Victory Lane","Pedal to the Metal Green","William Byron","AXALTA | Hendrick Motorsports | Chevrolet","Driver",12,5
"Racing",2019,"Panini","Victory Lane","Pedal to the Metal Green","Chase Briscoe","Nutri Chomps | Stewart-Haas Racing | Ford","Driver",13,5
"Racing",2019,"Panini","Victory Lane","Pedal to the Metal Green","Brad Keselowski","Discount Tire | Team Penske | Ford","Driver",14,5
"Racing",2019,"Panini","Victory Lane","Pedal to the Metal Green","Paul Menard","Motorcraft | Wood Brothers Racing | Ford","Driver",15,5
"Racing",2019,"Panini","Victory Lane","Pedal to the Metal Green","Bubba Wallace","Aftershokz | Richard Petty Motorsports | Chevrolet","Driver",16,5
"Racing",2019,"Panini","Victory Lane","Pedal to the Metal Green","Kyle Larson","Credit One Bank | Chip Ganassi Racing | Chevrolet","Driver",17,5
"Racing",2019,"Panini","Victory Lane","Pedal to the Metal Green","Derek Kraus","NASCAR NEXT","Driver",18,5
"Racing",2019,"Panini","Victory Lane","Pedal to the Metal Green","Michael McDowell","Love's Travel Stops | Front Row Motorsports | Ford","Driver",19,5
"Racing",2019,"Panini","Victory Lane","Pedal to the Metal Green","Justin Haley","LeafFilter | Kaulig Racing | Chevrolet","Driver",20,5
"Racing",2019,"Panini","Victory Lane","Pedal to the Metal Green","Ryan Vargas","NASCAR NEXT","Driver",21,5
"Racing",2019,"Panini","Victory Lane","Pedal to the Metal Green","Chase Elliott","NAPA Auto Parts | Hendrick Motorsports | Chevrolet","Driver",22,5
"Racing",2019,"Panini","Victory Lane","Pedal to the Metal Green","Christopher Bell","Rheem | Joe Gibbs Racing | Toyota","Driver",23,5
"Racing",2019,"Panini","Victory Lane","Pedal to the Metal Green","Chris Buescher","Kroger Click List | JTG Daugherty Racing | Chevrolet","Driver",24,5
"Racing",2019,"Panini","Victory Lane","Pedal to the Metal Green","Aric Almirola","Smithfield Foods | Stewart-Haas Racing | Ford","Driver",25,5
"Racing",2019,"Panini","Victory Lane","Pedal to the Metal Green","Matt Tifft","Tunity | Joe Gibbs Racing | Toyota","Driver",26,5
"Racing",2019,"Panini","Victory Lane","Pedal to the Metal Green","Martin Truex Jr.","Bass Pro Shops | Joe Gibbs Racing | Toyota","Driver",27,5
"Racing",2019,"Panini","Victory Lane","Pedal to the Metal Green","Zane Smith","Switch | JR Motorsports | Chevrolet","Driver",28,5
"Racing",2019,"Panini","Victory Lane","Pedal to the Metal Green","Clint Bowyer","Rush Truck Centers | Stewart-Haas Racing| Ford","Driver",29,5
"Racing",2019,"Panini","Victory Lane","Pedal to the Metal Green","Matt DiBenedetto","Procore | Leavine Family Racing | Toyota","Driver",30,5
"Racing",2019,"Panini","Victory Lane","Pedal to the Metal Green","Denny Hamlin","FedEx Express | Joe Gibbs Racing | Toyota","Driver",31,5
"Racing",2019,"Panini","Victory Lane","Pedal to the Metal Green","Alex Bowman","Nationwide | Hendrick Motorsports | Chevrolet","Driver",32,5
"Racing",2019,"Panini","Victory Lane","Pedal to the Metal Green","Jimmie Johnson","Ally Financial | Hendrick Motorsports | Chevrolet","Driver",33,5
"Racing",2019,"Panini","Victory Lane","Pedal to the Metal Green","Kurt Busch","Comsurv | Chip Ganassi Racing | Chevrolet","Driver",34,5
"Racing",2019,"Panini","Victory Lane","Pedal to the Metal Green","Kyle Busch","M&M's | Joe Gibbs Racing | Toyota","Driver",35,5
"Racing",2019,"Panini","Victory Lane","Pedal to the Metal Green","Ricky Stenhouse Jr","Fastenal | Roush Fenway Racing | Ford","Driver",36,5
"Racing",2019,"Panini","Victory Lane","Pedal to the Metal Green","Ty Dillon","GEICO | Germain Racing | Chevrolet","Driver",37,5
"Racing",2019,"Panini","Victory Lane","Pedal to the Metal Green","Ross Chastain","Nutrien | Kaulig Racing | Chevrolet","Driver",38,5
"Racing",2019,"Panini","Victory Lane","Pedal to the Metal Green","Joey Logano","Shell-Pennzoil | Team Penske | Ford","Driver",39,5
"Racing",2019,"Panini","Victory Lane","Pedal to the Metal Green","Michael Annett","Pilot Flying J | JR Motorsports | Chevrolet","Driver",40,5
"Racing",2019,"Panini","Victory Lane","Pedal to the Metal Green","Kevin Harvick","Jimmy John's | Stewart-Haas Racing | Ford","Driver",41,5
"Racing",2019,"Panini","Victory Lane","Pedal to the Metal Green","Erik Jones","DeWalt | Joe Gibbs Racing | Toyota","Driver",42,5
"Racing",2019,"Panini","Victory Lane","Pedal to the Metal Green","David Ragan","Shriners Hospital for Children | Front Row Motorsports | Ford","Driver",43,5
"Racing",2019,"Panini","Victory Lane","Pedal to the Metal Green","Harrison Burton","DEX Imaging-Konica Minolta | Kyle Busch Motorsports | Toyota","Driver",44,5
"Racing",2019,"Panini","Victory Lane","Pedal to the Metal Green","Corey LaJoie","Schluter Systems | Go Fas Racing | Ford","Driver",45,5
"Racing",2019,"Panini","Victory Lane","Pedal to the Metal Green","Noah Gragson","Switch | JR Motorsports | Chevrolet","Driver",46,5
"Racing",2019,"Panini","Victory Lane","Pedal to the Metal Green","Ryan Newman","Oscar Mayer | Roush Fenway Racing | Ford","Driver",47,5
"Racing",2019,"Panini","Victory Lane","Pedal to the Metal Green","Justin Allgaier","Brandt | JR Motorsports | Chevrolet","Driver",48,5
"Racing",2019,"Panini","Victory Lane","Pedal to the Metal Green","Austin Dillon","Dow Chemical | Richard Childress Racing | Chevrolet","Driver",49,5
"Racing",2019,"Panini","Victory Lane","Pedal to the Metal Green","John Hunter Nemechek","Fire Alarm Services | GMS Racing | Chevrolet","Driver",50,5
"Racing",2019,"Panini","Victory Lane","Pedal to the Metal Legends","Richard Petty","STP | Petty Enterprises | Plymouth","Driver",66,
"Racing",2019,"Panini","Victory Lane","Pedal to the Metal Legends","Darrell Waltrip","Mountain Dew | Junior Johnson | Buick","Driver",67,
"Racing",2019,"Panini","Victory Lane","Pedal to the Metal Legends","Terry Labonte","Piedmont Airlines | Billy Hagan | Chevrolet","Driver",68,
"Racing",2019,"Panini","Victory Lane","Pedal to the Metal Legends","Bobby Allison","Miller High Life | DiGard | Buick","Driver",69,
"Racing",2019,"Panini","Victory Lane","Pedal to the Metal Legends","Bill Elliott","McDonald's | Bill Elliott | Ford","Driver",70,
"Racing",2019,"Panini","Victory Lane","Pedal to the Metal Legends","Harry Gant","Skoal | Hal Needham | Chevrolet","Driver",71,
"Racing",2019,"Panini","Victory Lane","Pedal to the Metal Legends","Tony Stewart","Mobil 1 | Stewart-Haas Racing | Chevrolet","Driver",72,
"Racing",2019,"Panini","Victory Lane","Pedal to the Metal Legends","Dale Jarrett","UPS | Robert Yates Racing | Ford","Driver",73,
"Racing",2019,"Panini","Victory Lane","Pedal to the Metal Legends","Mark Martin","Valvoline | Roush Racing | Ford","Driver",74,
"Racing",2019,"Panini","Victory Lane","Pedal to the Metal Legends","Rusty Wallace","Miller Lite | Team Penske | Ford","Driver",75,
"Racing",2019,"Panini","Victory Lane","Pedal to the Metal Legends Black","Richard Petty","STP | Petty Enterprises | Plymouth","Driver",66,1
"Racing",2019,"Panini","Victory Lane","Pedal to the Metal Legends Black","Darrell Waltrip","Mountain Dew | Junior Johnson | Buick","Driver",67,1
"Racing",2019,"Panini","Victory Lane","Pedal to the Metal Legends Black","Terry Labonte","Piedmont Airlines | Billy Hagan | Chevrolet","Driver",68,1
"Racing",2019,"Panini","Victory Lane","Pedal to the Metal Legends Black","Bobby Allison","Miller High Life | DiGard | Buick","Driver",69,1
"Racing",2019,"Panini","Victory Lane","Pedal to the Metal Legends Black","Bill Elliott","McDonald's | Bill Elliott | Ford","Driver",70,1
"Racing",2019,"Panini","Victory Lane","Pedal to the Metal Legends Black","Harry Gant","Skoal | Hal Needham | Chevrolet","Driver",71,1
"Racing",2019,"Panini","Victory Lane","Pedal to the Metal Legends Black","Tony Stewart","Mobil 1 | Stewart-Haas Racing | Chevrolet","Driver",72,1
"Racing",2019,"Panini","Victory Lane","Pedal to the Metal Legends Black","Dale Jarrett","UPS | Robert Yates Racing | Ford","Driver",73,1
"Racing",2019,"Panini","Victory Lane","Pedal to the Metal Legends Black","Mark Martin","Valvoline | Roush Racing | Ford","Driver",74,1
"Racing",2019,"Panini","Victory Lane","Pedal to the Metal Legends Black","Rusty Wallace","Miller Lite | Team Penske | Ford","Driver",75,1
"Racing",2019,"Panini","Victory Lane","Pedal to the Metal Legends Gold","Richard Petty","STP | Petty Enterprises | Plymouth","Driver",66,25
"Racing",2019,"Panini","Victory Lane","Pedal to the Metal Legends Gold","Darrell Waltrip","Mountain Dew | Junior Johnson | Buick","Driver",67,25
"Racing",2019,"Panini","Victory Lane","Pedal to the Metal Legends Gold","Terry Labonte","Piedmont Airlines | Billy Hagan | Chevrolet","Driver",68,25
"Racing",2019,"Panini","Victory Lane","Pedal to the Metal Legends Gold","Bobby Allison","Miller High Life | DiGard | Buick","Driver",69,25
"Racing",2019,"Panini","Victory Lane","Pedal to the Metal Legends Gold","Bill Elliott","McDonald's | Bill Elliott | Ford","Driver",70,25
"Racing",2019,"Panini","Victory Lane","Pedal to the Metal Legends Gold","Harry Gant","Skoal | Hal Needham | Chevrolet","Driver",71,25
"Racing",2019,"Panini","Victory Lane","Pedal to the Metal Legends Gold","Tony Stewart","Mobil 1 | Stewart-Haas Racing | Chevrolet","Driver",72,25
"Racing",2019,"Panini","Victory Lane","Pedal to the Metal Legends Gold","Dale Jarrett","UPS | Robert Yates Racing | Ford","Driver",73,25
"Racing",2019,"Panini","Victory Lane","Pedal to the Metal Legends Gold","Mark Martin","Valvoline | Roush Racing | Ford","Driver",74,25
"Racing",2019,"Panini","Victory Lane","Pedal to the Metal Legends Gold","Rusty Wallace","Miller Lite | Team Penske | Ford","Driver",75,25
"Racing",2019,"Panini","Victory Lane","Pedal to the Metal Legends Green","Richard Petty","STP | Petty Enterprises | Plymouth","Driver",66,5
"Racing",2019,"Panini","Victory Lane","Pedal to the Metal Legends Green","Darrell Waltrip","Mountain Dew | Junior Johnson | Buick","Driver",67,5
"Racing",2019,"Panini","Victory Lane","Pedal to the Metal Legends Green","Terry Labonte","Piedmont Airlines | Billy Hagan | Chevrolet","Driver",68,5
"Racing",2019,"Panini","Victory Lane","Pedal to the Metal Legends Green","Bobby Allison","Miller High Life | DiGard | Buick","Driver",69,5
"Racing",2019,"Panini","Victory Lane","Pedal to the Metal Legends Green","Bill Elliott","McDonald's | Bill Elliott | Ford","Driver",70,5
"Racing",2019,"Panini","Victory Lane","Pedal to the Metal Legends Green","Harry Gant","Skoal | Hal Needham | Chevrolet","Driver",71,5
"Racing",2019,"Panini","Victory Lane","Pedal to the Metal Legends Green","Tony Stewart","Mobil 1 | Stewart-Haas Racing | Chevrolet","Driver",72,5
"Racing",2019,"Panini","Victory Lane","Pedal to the Metal Legends Green","Dale Jarrett","UPS | Robert Yates Racing | Ford","Driver",73,5
"Racing",2019,"Panini","Victory Lane","Pedal to the Metal Legends Green","Mark Martin","Valvoline | Roush Racing | Ford","Driver",74,5
"Racing",2019,"Panini","Victory Lane","Pedal to the Metal Legends Green","Rusty Wallace","Miller Lite | Team Penske | Ford","Driver",75,5
"Racing",2019,"Panini","Victory Lane","Pedal to the Metal Legends Red","Richard Petty","STP | Petty Enterprises | Plymouth","Driver",66,3
"Racing",2019,"Panini","Victory Lane","Pedal to the Metal Legends Red","Darrell Waltrip","Mountain Dew | Junior Johnson | Buick","Driver",67,3
"Racing",2019,"Panini","Victory Lane","Pedal to the Metal Legends Red","Terry Labonte","Piedmont Airlines | Billy Hagan | Chevrolet","Driver",68,3
"Racing",2019,"Panini","Victory Lane","Pedal to the Metal Legends Red","Bobby Allison","Miller High Life | DiGard | Buick","Driver",69,3
"Racing",2019,"Panini","Victory Lane","Pedal to the Metal Legends Red","Bill Elliott","McDonald's | Bill Elliott | Ford","Driver",70,3
"Racing",2019,"Panini","Victory Lane","Pedal to the Metal Legends Red","Harry Gant","Skoal | Hal Needham | Chevrolet","Driver",71,3
"Racing",2019,"Panini","Victory Lane","Pedal to the Metal Legends Red","Tony Stewart","Mobil 1 | Stewart-Haas Racing | Chevrolet","Driver",72,3
"Racing",2019,"Panini","Victory Lane","Pedal to the Metal Legends Red","Dale Jarrett","UPS | Robert Yates Racing | Ford","Driver",73,3
"Racing",2019,"Panini","Victory Lane","Pedal to the Metal Legends Red","Mark Martin","Valvoline | Roush Racing | Ford","Driver",74,3
"Racing",2019,"Panini","Victory Lane","Pedal to the Metal Legends Red","Rusty Wallace","Miller Lite | Team Penske | Ford","Driver",75,3
"Racing",2019,"Panini","Victory Lane","Pedal to the Metal Red","Ryan Preece","Kroger Click List | JTG Daugherty Racing | Chevrolet","Driver",1,3
"Racing",2019,"Panini","Victory Lane","Pedal to the Metal Red","Tanner Thorson","NASCAR NEXT","Driver",2,3
"Racing",2019,"Panini","Victory Lane","Pedal to the Metal Red","Anthony Alfredo","NASCAR NEXT","Driver",3,3
"Racing",2019,"Panini","Victory Lane","Pedal to the Metal Red","Gray Gaulding","Pure | SS Green Light Racing | Chevrolet","Driver",4,3
"Racing",2019,"Panini","Victory Lane","Pedal to the Metal Red","Hailie Deegan","NASCAR NEXT","Driver",5,3
"Racing",2019,"Panini","Victory Lane","Pedal to the Metal Red","Cole Custer","Haas Automation | Stewart-Haas Racing | Ford","Driver",6,3
"Racing",2019,"Panini","Victory Lane","Pedal to the Metal Red","Daniel Hemric","Caterpillar | Richard Childress Racing | Chevrolet","Driver",7,3
"Racing",2019,"Panini","Victory Lane","Pedal to the Metal Red","Tanner Berryhill","Obaika Racing | Toyota","Driver",8,3
"Racing",2019,"Panini","Victory Lane","Pedal to the Metal Red","Landon Cassill","StarCom | StarCom Racing | Chevrolet","Driver",9,3
"Racing",2019,"Panini","Victory Lane","Pedal to the Metal Red","Ryan Blaney","Menards | Team Penske | Ford","Driver",10,3
"Racing",2019,"Panini","Victory Lane","Pedal to the Metal Red","Daniel Suarez","Haas Automation | Stewart-Haas Racing | Ford","Driver",11,3
"Racing",2019,"Panini","Victory Lane","Pedal to the Metal Red","William Byron","AXALTA | Hendrick Motorsports | Chevrolet","Driver",12,3
"Racing",2019,"Panini","Victory Lane","Pedal to the Metal Red","Chase Briscoe","Nutri Chomps | Stewart-Haas Racing | Ford","Driver",13,3
"Racing",2019,"Panini","Victory Lane","Pedal to the Metal Red","Brad Keselowski","Discount Tire | Team Penske | Ford","Driver",14,3
"Racing",2019,"Panini","Victory Lane","Pedal to the Metal Red","Paul Menard","Motorcraft | Wood Brothers Racing | Ford","Driver",15,3
"Racing",2019,"Panini","Victory Lane","Pedal to the Metal Red","Bubba Wallace","Aftershokz | Richard Petty Motorsports | Chevrolet","Driver",16,3
"Racing",2019,"Panini","Victory Lane","Pedal to the Metal Red","Kyle Larson","Credit One Bank | Chip Ganassi Racing | Chevrolet","Driver",17,3
"Racing",2019,"Panini","Victory Lane","Pedal to the Metal Red","Derek Kraus","NASCAR NEXT","Driver",18,3
"Racing",2019,"Panini","Victory Lane","Pedal to the Metal Red","Michael McDowell","Love's Travel Stops | Front Row Motorsports | Ford","Driver",19,3
"Racing",2019,"Panini","Victory Lane","Pedal to the Metal Red","Justin Haley","LeafFilter | Kaulig Racing | Chevrolet","Driver",20,3
"Racing",2019,"Panini","Victory Lane","Pedal to the Metal Red","Ryan Vargas","NASCAR NEXT","Driver",21,3
"Racing",2019,"Panini","Victory Lane","Pedal to the Metal Red","Chase Elliott","NAPA Auto Parts | Hendrick Motorsports | Chevrolet","Driver",22,3
"Racing",2019,"Panini","Victory Lane","Pedal to the Metal Red","Christopher Bell","Rheem | Joe Gibbs Racing | Toyota","Driver",23,3
"Racing",2019,"Panini","Victory Lane","Pedal to the Metal Red","Chris Buescher","Kroger Click List | JTG Daugherty Racing | Chevrolet","Driver",24,3
"Racing",2019,"Panini","Victory Lane","Pedal to the Metal Red","Aric Almirola","Smithfield Foods | Stewart-Haas Racing | Ford","Driver",25,3
"Racing",2019,"Panini","Victory Lane","Pedal to the Metal Red","Matt Tifft","Tunity | Joe Gibbs Racing | Toyota","Driver",26,3
"Racing",2019,"Panini","Victory Lane","Pedal to the Metal Red","Martin Truex Jr.","Bass Pro Shops | Joe Gibbs Racing | Toyota","Driver",27,3
"Racing",2019,"Panini","Victory Lane","Pedal to the Metal Red","Zane Smith","Switch | JR Motorsports | Chevrolet","Driver",28,3
"Racing",2019,"Panini","Victory Lane","Pedal to the Metal Red","Clint Bowyer","Rush Truck Centers | Stewart-Haas Racing| Ford","Driver",29,3
"Racing",2019,"Panini","Victory Lane","Pedal to the Metal Red","Matt DiBenedetto","Procore | Leavine Family Racing | Toyota","Driver",30,3
"Racing",2019,"Panini","Victory Lane","Pedal to the Metal Red","Denny Hamlin","FedEx Express | Joe Gibbs Racing | Toyota","Driver",31,3
"Racing",2019,"Panini","Victory Lane","Pedal to the Metal Red","Alex Bowman","Nationwide | Hendrick Motorsports | Chevrolet","Driver",32,3
"Racing",2019,"Panini","Victory Lane","Pedal to the Metal Red","Jimmie Johnson","Ally Financial | Hendrick Motorsports | Chevrolet","Driver",33,3
"Racing",2019,"Panini","Victory Lane","Pedal to the Metal Red","Kurt Busch","Comsurv | Chip Ganassi Racing | Chevrolet","Driver",34,3
"Racing",2019,"Panini","Victory Lane","Pedal to the Metal Red","Kyle Busch","M&M's | Joe Gibbs Racing | Toyota","Driver",35,3
"Racing",2019,"Panini","Victory Lane","Pedal to the Metal Red","Ricky Stenhouse Jr","Fastenal | Roush Fenway Racing | Ford","Driver",36,3
"Racing",2019,"Panini","Victory Lane","Pedal to the Metal Red","Ty Dillon","GEICO | Germain Racing | Chevrolet","Driver",37,3
"Racing",2019,"Panini","Victory Lane","Pedal to the Metal Red","Ross Chastain","Nutrien | Kaulig Racing | Chevrolet","Driver",38,3
"Racing",2019,"Panini","Victory Lane","Pedal to the Metal Red","Joey Logano","Shell-Pennzoil | Team Penske | Ford","Driver",39,3
"Racing",2019,"Panini","Victory Lane","Pedal to the Metal Red","Michael Annett","Pilot Flying J | JR Motorsports | Chevrolet","Driver",40,3
"Racing",2019,"Panini","Victory Lane","Pedal to the Metal Red","Kevin Harvick","Jimmy John's | Stewart-Haas Racing | Ford","Driver",41,3
"Racing",2019,"Panini","Victory Lane","Pedal to the Metal Red","Erik Jones","DeWalt | Joe Gibbs Racing | Toyota","Driver",42,3
"Racing",2019,"Panini","Victory Lane","Pedal to the Metal Red","David Ragan","Shriners Hospital for Children | Front Row Motorsports | Ford","Driver",43,3
"Racing",2019,"Panini","Victory Lane","Pedal to the Metal Red","Harrison Burton","DEX Imaging-Konica Minolta | Kyle Busch Motorsports | Toyota","Driver",44,3
"Racing",2019,"Panini","Victory Lane","Pedal to the Metal Red","Corey LaJoie","Schluter Systems | Go Fas Racing | Ford","Driver",45,3
"Racing",2019,"Panini","Victory Lane","Pedal to the Metal Red","Noah Gragson","Switch | JR Motorsports | Chevrolet","Driver",46,3
"Racing",2019,"Panini","Victory Lane","Pedal to the Metal Red","Ryan Newman","Oscar Mayer | Roush Fenway Racing | Ford","Driver",47,3
"Racing",2019,"Panini","Victory Lane","Pedal to the Metal Red","Justin Allgaier","Brandt | JR Motorsports | Chevrolet","Driver",48,3
"Racing",2019,"Panini","Victory Lane","Pedal to the Metal Red","Austin Dillon","Dow Chemical | Richard Childress Racing | Chevrolet","Driver",49,3
"Racing",2019,"Panini","Victory Lane","Pedal to the Metal Red","John Hunter Nemechek","Fire Alarm Services | GMS Racing | Chevrolet","Driver",50,3
"Racing",2019,"Panini","Victory Lane","Playoff Winners","Brad Keselowski","Autotrader.com | Team Penske | Ford","Driver",51,
"Racing",2019,"Panini","Victory Lane","Playoff Winners","Kyle Busch","M&M's | Joe Gibbs Racing | Toyota","Driver",52,
"Racing",2019,"Panini","Victory Lane","Playoff Winners","Ryan Blaney","Menards | Team Penske | Ford","Driver",53,
"Racing",2019,"Panini","Victory Lane","Playoff Winners","Chase Elliott","NAPA Auto Parts | Hendrick Motorsports | Chevrolet","Driver",54,
"Racing",2019,"Panini","Victory Lane","Playoff Winners","Aric Almirola","Smithfield Foods | Stewart-Haas Racing | Ford","Driver",55,
"Racing",2019,"Panini","Victory Lane","Playoff Winners","Chase Elliott","Mountain Dew | Hendrick Motorsports | Chevrolet","Driver",56,
"Racing",2019,"Panini","Victory Lane","Playoff Winners","Joey Logano","Shell-Pennzoil | Team Penske | Ford","Driver",57,
"Racing",2019,"Panini","Victory Lane","Playoff Winners","Kevin Harvick","Mobil 1 | Stewart-Haas Racing | Ford","Driver",58,
"Racing",2019,"Panini","Victory Lane","Playoff Winners","Kyle Busch","M&M's | Joe Gibbs Racing | Toyota","Driver",59,
"Racing",2019,"Panini","Victory Lane","Playoff Winners","Joey Logano","Shell-Pennzoil | Team Penske | Ford","Driver",60,
"Racing",2019,"Panini","Victory Lane","Playoff Winners Black","Brad Keselowski","Autotrader.com | Team Penske | Ford","Driver",51,1
"Racing",2019,"Panini","Victory Lane","Playoff Winners Black","Kyle Busch","M&M's | Joe Gibbs Racing | Toyota","Driver",52,1
"Racing",2019,"Panini","Victory Lane","Playoff Winners Black","Ryan Blaney","Menards | Team Penske | Ford","Driver",53,1
"Racing",2019,"Panini","Victory Lane","Playoff Winners Black","Chase Elliott","NAPA Auto Parts | Hendrick Motorsports | Chevrolet","Driver",54,1
"Racing",2019,"Panini","Victory Lane","Playoff Winners Black","Aric Almirola","Smithfield Foods | Stewart-Haas Racing | Ford","Driver",55,1
"Racing",2019,"Panini","Victory Lane","Playoff Winners Black","Chase Elliott","Mountain Dew | Hendrick Motorsports | Chevrolet","Driver",56,1
"Racing",2019,"Panini","Victory Lane","Playoff Winners Black","Joey Logano","Shell-Pennzoil | Team Penske | Ford","Driver",57,1
"Racing",2019,"Panini","Victory Lane","Playoff Winners Black","Kevin Harvick","Mobil 1 | Stewart-Haas Racing | Ford","Driver",58,1
"Racing",2019,"Panini","Victory Lane","Playoff Winners Black","Kyle Busch","M&M's | Joe Gibbs Racing | Toyota","Driver",59,1
"Racing",2019,"Panini","Victory Lane","Playoff Winners Black","Joey Logano","Shell-Pennzoil | Team Penske | Ford","Driver",60,1
"Racing",2019,"Panini","Victory Lane","Playoff Winners Gold","Brad Keselowski","Autotrader.com | Team Penske | Ford","Driver",51,25
"Racing",2019,"Panini","Victory Lane","Playoff Winners Gold","Kyle Busch","M&M's | Joe Gibbs Racing | Toyota","Driver",52,25
"Racing",2019,"Panini","Victory Lane","Playoff Winners Gold","Ryan Blaney","Menards | Team Penske | Ford","Driver",53,25
"Racing",2019,"Panini","Victory Lane","Playoff Winners Gold","Chase Elliott","NAPA Auto Parts | Hendrick Motorsports | Chevrolet","Driver",54,25
"Racing",2019,"Panini","Victory Lane","Playoff Winners Gold","Aric Almirola","Smithfield Foods | Stewart-Haas Racing | Ford","Driver",55,25
"Racing",2019,"Panini","Victory Lane","Playoff Winners Gold","Chase Elliott","Mountain Dew | Hendrick Motorsports | Chevrolet","Driver",56,25
"Racing",2019,"Panini","Victory Lane","Playoff Winners Gold","Joey Logano","Shell-Pennzoil | Team Penske | Ford","Driver",57,25
"Racing",2019,"Panini","Victory Lane","Playoff Winners Gold","Kevin Harvick","Mobil 1 | Stewart-Haas Racing | Ford","Driver",58,25
"Racing",2019,"Panini","Victory Lane","Playoff Winners Gold","Kyle Busch","M&M's | Joe Gibbs Racing | Toyota","Driver",59,25
"Racing",2019,"Panini","Victory Lane","Playoff Winners Gold","Joey Logano","Shell-Pennzoil | Team Penske | Ford","Driver",60,25
"Racing",2019,"Panini","Victory Lane","Playoff Winners Printing Plates Black","Brad Keselowski","Autotrader.com | Team Penske | Ford","Driver",51,1
"Racing",2019,"Panini","Victory Lane","Playoff Winners Printing Plates Black","Kyle Busch","M&M's | Joe Gibbs Racing | Toyota","Driver",52,1
"Racing",2019,"Panini","Victory Lane","Playoff Winners Printing Plates Black","Ryan Blaney","Menards | Team Penske | Ford","Driver",53,1
"Racing",2019,"Panini","Victory Lane","Playoff Winners Printing Plates Black","Chase Elliott","NAPA Auto Parts | Hendrick Motorsports | Chevrolet","Driver",54,1
"Racing",2019,"Panini","Victory Lane","Playoff Winners Printing Plates Black","Aric Almirola","Smithfield Foods | Stewart-Haas Racing | Ford","Driver",55,1
"Racing",2019,"Panini","Victory Lane","Playoff Winners Printing Plates Black","Chase Elliott","Mountain Dew | Hendrick Motorsports | Chevrolet","Driver",56,1
"Racing",2019,"Panini","Victory Lane","Playoff Winners Printing Plates Black","Joey Logano","Shell-Pennzoil | Team Penske | Ford","Driver",57,1
"Racing",2019,"Panini","Victory Lane","Playoff Winners Printing Plates Black","Kevin Harvick","Mobil 1 | Stewart-Haas Racing | Ford","Driver",58,1
"Racing",2019,"Panini","Victory Lane","Playoff Winners Printing Plates Black","Kyle Busch","M&M's | Joe Gibbs Racing | Toyota","Driver",59,1
"Racing",2019,"Panini","Victory Lane","Playoff Winners Printing Plates Black","Joey Logano","Shell-Pennzoil | Team Penske | Ford","Driver",60,1
"Racing",2019,"Panini","Victory Lane","Playoff Winners Printing Plates Cyan","Brad Keselowski","Autotrader.com | Team Penske | Ford","Driver",51,1
"Racing",2019,"Panini","Victory Lane","Playoff Winners Printing Plates Cyan","Kyle Busch","M&M's | Joe Gibbs Racing | Toyota","Driver",52,1
"Racing",2019,"Panini","Victory Lane","Playoff Winners Printing Plates Cyan","Ryan Blaney","Menards | Team Penske | Ford","Driver",53,1
"Racing",2019,"Panini","Victory Lane","Playoff Winners Printing Plates Cyan","Chase Elliott","NAPA Auto Parts | Hendrick Motorsports | Chevrolet","Driver",54,1
"Racing",2019,"Panini","Victory Lane","Playoff Winners Printing Plates Cyan","Aric Almirola","Smithfield Foods | Stewart-Haas Racing | Ford","Driver",55,1
"Racing",2019,"Panini","Victory Lane","Playoff Winners Printing Plates Cyan","Chase Elliott","Mountain Dew | Hendrick Motorsports | Chevrolet","Driver",56,1
"Racing",2019,"Panini","Victory Lane","Playoff Winners Printing Plates Cyan","Joey Logano","Shell-Pennzoil | Team Penske | Ford","Driver",57,1
"Racing",2019,"Panini","Victory Lane","Playoff Winners Printing Plates Cyan","Kevin Harvick","Mobil 1 | Stewart-Haas Racing | Ford","Driver",58,1
"Racing",2019,"Panini","Victory Lane","Playoff Winners Printing Plates Cyan","Kyle Busch","M&M's | Joe Gibbs Racing | Toyota","Driver",59,1
"Racing",2019,"Panini","Victory Lane","Playoff Winners Printing Plates Cyan","Joey Logano","Shell-Pennzoil | Team Penske | Ford","Driver",60,1
"Racing",2019,"Panini","Victory Lane","Playoff Winners Printing Plates Magenta","Brad Keselowski","Autotrader.com | Team Penske | Ford","Driver",51,1
"Racing",2019,"Panini","Victory Lane","Playoff Winners Printing Plates Magenta","Kyle Busch","M&M's | Joe Gibbs Racing | Toyota","Driver",52,1
"Racing",2019,"Panini","Victory Lane","Playoff Winners Printing Plates Magenta","Ryan Blaney","Menards | Team Penske | Ford","Driver",53,1
"Racing",2019,"Panini","Victory Lane","Playoff Winners Printing Plates Magenta","Chase Elliott","NAPA Auto Parts | Hendrick Motorsports | Chevrolet","Driver",54,1
"Racing",2019,"Panini","Victory Lane","Playoff Winners Printing Plates Magenta","Aric Almirola","Smithfield Foods | Stewart-Haas Racing | Ford","Driver",55,1
"Racing",2019,"Panini","Victory Lane","Playoff Winners Printing Plates Magenta","Chase Elliott","Mountain Dew | Hendrick Motorsports | Chevrolet","Driver",56,1
"Racing",2019,"Panini","Victory Lane","Playoff Winners Printing Plates Magenta","Joey Logano","Shell-Pennzoil | Team Penske | Ford","Driver",57,1
"Racing",2019,"Panini","Victory Lane","Playoff Winners Printing Plates Magenta","Kevin Harvick","Mobil 1 | Stewart-Haas Racing | Ford","Driver",58,1
"Racing",2019,"Panini","Victory Lane","Playoff Winners Printing Plates Magenta","Kyle Busch","M&M's | Joe Gibbs Racing | Toyota","Driver",59,1
"Racing",2019,"Panini","Victory Lane","Playoff Winners Printing Plates Magenta","Joey Logano","Shell-Pennzoil | Team Penske | Ford","Driver",60,1
"Racing",2019,"Panini","Victory Lane","Playoff Winners Printing Plates Yellow","Brad Keselowski","Autotrader.com | Team Penske | Ford","Driver",51,1
"Racing",2019,"Panini","Victory Lane","Playoff Winners Printing Plates Yellow","Kyle Busch","M&M's | Joe Gibbs Racing | Toyota","Driver",52,1
"Racing",2019,"Panini","Victory Lane","Playoff Winners Printing Plates Yellow","Ryan Blaney","Menards | Team Penske | Ford","Driver",53,1
"Racing",2019,"Panini","Victory Lane","Playoff Winners Printing Plates Yellow","Chase Elliott","NAPA Auto Parts | Hendrick Motorsports | Chevrolet","Driver",54,1
"Racing",2019,"Panini","Victory Lane","Playoff Winners Printing Plates Yellow","Aric Almirola","Smithfield Foods | Stewart-Haas Racing | Ford","Driver",55,1
"Racing",2019,"Panini","Victory Lane","Playoff Winners Printing Plates Yellow","Chase Elliott","Mountain Dew | Hendrick Motorsports | Chevrolet","Driver",56,1
"Racing",2019,"Panini","Victory Lane","Playoff Winners Printing Plates Yellow","Joey Logano","Shell-Pennzoil | Team Penske | Ford","Driver",57,1
"Racing",2019,"Panini","Victory Lane","Playoff Winners Printing Plates Yellow","Kevin Harvick","Mobil 1 | Stewart-Haas Racing | Ford","Driver",58,1
"Racing",2019,"Panini","Victory Lane","Playoff Winners Printing Plates Yellow","Kyle Busch","M&M's | Joe Gibbs Racing | Toyota","Driver",59,1
"Racing",2019,"Panini","Victory Lane","Playoff Winners Printing Plates Yellow","Joey Logano","Shell-Pennzoil | Team Penske | Ford","Driver",60,1
"Racing",2019,"Panini","Victory Lane","Printing Plates Black","Kurt Busch","Comsurv | Chip Ganassi Racing | Chevrolet","Driver",1,1
"Racing",2019,"Panini","Victory Lane","Printing Plates Black","Brad Keselowski","Miller Lite | Team Penske | Ford","Driver",2,1
"Racing",2019,"Panini","Victory Lane","Printing Plates Black","Austin Dillon","Dow Chemical | Richard Childress Racing | Chevrolet","Driver",3,1
"Racing",2019,"Panini","Victory Lane","Printing Plates Black","Kevin Harvick","Jimmy John's | Stewart-Haas Racing | Ford","Driver",4,1
"Racing",2019,"Panini","Victory Lane","Printing Plates Black","Ryan Newman","Oscar Mayer | Roush Fenway Racing | Ford","Driver",5,1
"Racing",2019,"Panini","Victory Lane","Printing Plates Black","Daniel Hemric","Caterpillar | Richard Childress Racing | Chevrolet","Driver",6,1
"Racing",2019,"Panini","Victory Lane","Printing Plates Black","Chase Elliott","NAPA Auto Parts | Hendrick Motorsports | Chevrolet","Driver",7,1
"Racing",2019,"Panini","Victory Lane","Printing Plates Black","Aric Almirola","Smithfield Foods | Stewart-Haas Racing | Ford","Driver",8,1
"Racing",2019,"Panini","Victory Lane","Printing Plates Black","Denny Hamlin","FedEx Express | Joe Gibbs Racing | Toyota","Driver",9,1
"Racing",2019,"Panini","Victory Lane","Printing Plates Black","Ryan Blaney","Menards | Team Penske | Ford","Driver",10,1
"Racing",2019,"Panini","Victory Lane","Printing Plates Black","Ty Dillon","GEICO | Germain Racing | Chevrolet","Driver",11,1
"Racing",2019,"Panini","Victory Lane","Printing Plates Black","Clint Bowyer","Rush Truck Centers | Stewart-Haas Racing| Ford","Driver",12,1
"Racing",2019,"Panini","Victory Lane","Printing Plates Black","Ross Chastain","Low T Center | Premium Motorsports | Chevrolet","Driver",13,1
"Racing",2019,"Panini","Victory Lane","Printing Plates Black","Ricky Stenhouse Jr","Fastenal | Roush Fenway Racing | Ford","Driver",14,1
"Racing",2019,"Panini","Victory Lane","Printing Plates Black","Kyle Busch","M&M's | Joe Gibbs Racing | Toyota","Driver",15,1
"Racing",2019,"Panini","Victory Lane","Printing Plates Black","Martin Truex Jr.","Bass Pro Shops | Joe Gibbs Racing | Toyota","Driver",16,1
"Racing",2019,"Panini","Victory Lane","Printing Plates Black","Erik Jones","DeWalt | Joe Gibbs Racing | Toyota","Driver",17,1
"Racing",2019,"Panini","Victory Lane","Printing Plates Black","Paul Menard","Motorcraft | Wood Brothers Racing | Ford","Driver",18,1
"Racing",2019,"Panini","Victory Lane","Printing Plates Black","Joey Logano","Shell-Pennzoil | Team Penske | Ford","Driver",19,1
"Racing",2019,"Panini","Victory Lane","Printing Plates Black","William Byron","AXALTA | Hendrick Motorsports | Chevrolet","Driver",20,1
"Racing",2019,"Panini","Victory Lane","Printing Plates Black","Corey LaJoie","Old Spice | Go Fas Racing | Ford","Driver",21,1
"Racing",2019,"Panini","Victory Lane","Printing Plates Black","Michael McDowell","Love's Travel Stops | Front Row Motorsports | Ford","Driver",22,1
"Racing",2019,"Panini","Victory Lane","Printing Plates Black","Matt Tifft","SpeedCo | Front Row Motorsports | Ford","Driver",23,1
"Racing",2019,"Panini","Victory Lane","Printing Plates Black","Chris Buescher","Kleenex | JTG Daugherty Racing | Chevrolet","Driver",24,1
"Racing",2019,"Panini","Victory Lane","Printing Plates Black","David Ragan","Select Blinds | Front Row Motorsports | Ford","Driver",25,1
"Racing",2019,"Panini","Victory Lane","Printing Plates Black","Daniel Suarez","ARRIS | Stewart-Haas Racing | Ford","Driver",26,1
"Racing",2019,"Panini","Victory Lane","Printing Plates Black","Kyle Larson","Credit One Bank | Chip Ganassi Racing | Chevrolet","Driver",27,1
"Racing",2019,"Panini","Victory Lane","Printing Plates Black","Bubba Wallace","Aftershokz | Richard Petty Motorsports | Chevrolet","Driver",28,1
"Racing",2019,"Panini","Victory Lane","Printing Plates Black","Ryan Preece","Kroger Click List | JTG Daugherty Racing | Chevrolet","Driver",29,1
"Racing",2019,"Panini","Victory Lane","Printing Plates Black","Jimmie Johnson","Ally Financial | Hendrick Motorsports | Chevrolet","Driver",30,1
"Racing",2019,"Panini","Victory Lane","Printing Plates Black","Alex Bowman","Nationwide | Hendrick Motorsports | Chevrolet","Driver",31,1
"Racing",2019,"Panini","Victory Lane","Printing Plates Black","Matt DiBenedetto","Procore | Leavine Family Racing | Toyota","Driver",32,1
"Racing",2019,"Panini","Victory Lane","Printing Plates Black","Tanner Berryhill","Obaika Racing | Toyota","Driver",33,1
"Racing",2019,"Panini","Victory Lane","Printing Plates Black","Landon Cassill","StarCom | StarCom Racing | Chevrolet","Driver",34,1
"Racing",2019,"Panini","Victory Lane","Printing Plates Black","Cole Custer","Jacob Companies | Stewart-Haas Racing | Ford","Driver",35,1
"Racing",2019,"Panini","Victory Lane","Printing Plates Black","Noah Gragson","Switch | JR Motorsports | Chevrolet","Driver",36,1
"Racing",2019,"Panini","Victory Lane","Printing Plates Black","Michael Annett","American Heart Association | JR Motorsports | Chevrolet","Driver",37,1
"Racing",2019,"Panini","Victory Lane","Printing Plates Black","Justin Allgaier","Brandt | JR Motorsports | Chevrolet","Driver",38,1
"Racing",2019,"Panini","Victory Lane","Printing Plates Black","Gray Gaulding","Pure | SS Green Light Racing | Chevrolet","Driver",39,1
"Racing",2019,"Panini","Victory Lane","Printing Plates Black","Zane Smith","Switch | JR Motorsports | Chevrolet","Driver",40,1
"Racing",2019,"Panini","Victory Lane","Printing Plates Black","Justin Haley","LeafFilter | Kaulig Racing | Chevrolet","Driver",41,1
"Racing",2019,"Panini","Victory Lane","Printing Plates Black","Christopher Bell","Rheem | Joe Gibbs Racing | Toyota","Driver",42,1
"Racing",2019,"Panini","Victory Lane","Printing Plates Black","John Hunter Nemechek","Fire Alarm Services | GMS Racing | Chevrolet","Driver",43,1
"Racing",2019,"Panini","Victory Lane","Printing Plates Black","Chase Briscoe","Nutri Chomps | Stewart-Haas Racing | Ford","Driver",44,1
"Racing",2019,"Panini","Victory Lane","Printing Plates Black","Richard Petty","STP | Petty Enterprises | Plymouth","Driver",45,1
"Racing",2019,"Panini","Victory Lane","Printing Plates Black","Dale Earnhardt Jr","National Guard | Hendrick Motorsports | Chevrolet","Driver",46,1
"Racing",2019,"Panini","Victory Lane","Printing Plates Black","Danica Patrick","GoDaddy.com | Premium Motorsports | Chevrolet","Driver",47,1
"Racing",2019,"Panini","Victory Lane","Printing Plates Black","Mark Martin","Valvoline | Roush Racing | Ford","Driver",48,1
"Racing",2019,"Panini","Victory Lane","Printing Plates Black","Terry Labonte","Kellogg's Corn Flakes | Hendrick Motorsports | Chevrolet","Driver",49,1
"Racing",2019,"Panini","Victory Lane","Printing Plates Black","Darrell Waltrip","Mountain Dew | Junior Johnson | Buick","Driver",50,1
"Racing",2019,"Panini","Victory Lane","Printing Plates Cyan","Kurt Busch","Comsurv | Chip Ganassi Racing | Chevrolet","Driver",1,1
"Racing",2019,"Panini","Victory Lane","Printing Plates Cyan","Brad Keselowski","Miller Lite | Team Penske | Ford","Driver",2,1
"Racing",2019,"Panini","Victory Lane","Printing Plates Cyan","Austin Dillon","Dow Chemical | Richard Childress Racing | Chevrolet","Driver",3,1
"Racing",2019,"Panini","Victory Lane","Printing Plates Cyan","Kevin Harvick","Jimmy John's | Stewart-Haas Racing | Ford","Driver",4,1
"Racing",2019,"Panini","Victory Lane","Printing Plates Cyan","Ryan Newman","Oscar Mayer | Roush Fenway Racing | Ford","Driver",5,1
"Racing",2019,"Panini","Victory Lane","Printing Plates Cyan","Daniel Hemric","Caterpillar | Richard Childress Racing | Chevrolet","Driver",6,1
"Racing",2019,"Panini","Victory Lane","Printing Plates Cyan","Chase Elliott","NAPA Auto Parts | Hendrick Motorsports | Chevrolet","Driver",7,1
"Racing",2019,"Panini","Victory Lane","Printing Plates Cyan","Aric Almirola","Smithfield Foods | Stewart-Haas Racing | Ford","Driver",8,1
"Racing",2019,"Panini","Victory Lane","Printing Plates Cyan","Denny Hamlin","FedEx Express | Joe Gibbs Racing | Toyota","Driver",9,1
"Racing",2019,"Panini","Victory Lane","Printing Plates Cyan","Ryan Blaney","Menards | Team Penske | Ford","Driver",10,1
"Racing",2019,"Panini","Victory Lane","Printing Plates Cyan","Ty Dillon","GEICO | Germain Racing | Chevrolet","Driver",11,1
"Racing",2019,"Panini","Victory Lane","Printing Plates Cyan","Clint Bowyer","Rush Truck Centers | Stewart-Haas Racing| Ford","Driver",12,1
"Racing",2019,"Panini","Victory Lane","Printing Plates Cyan","Ross Chastain","Low T Center | Premium Motorsports | Chevrolet","Driver",13,1
"Racing",2019,"Panini","Victory Lane","Printing Plates Cyan","Ricky Stenhouse Jr","Fastenal | Roush Fenway Racing | Ford","Driver",14,1
"Racing",2019,"Panini","Victory Lane","Printing Plates Cyan","Kyle Busch","M&M's | Joe Gibbs Racing | Toyota","Driver",15,1
"Racing",2019,"Panini","Victory Lane","Printing Plates Cyan","Martin Truex Jr.","Bass Pro Shops | Joe Gibbs Racing | Toyota","Driver",16,1
"Racing",2019,"Panini","Victory Lane","Printing Plates Cyan","Erik Jones","DeWalt | Joe Gibbs Racing | Toyota","Driver",17,1
"Racing",2019,"Panini","Victory Lane","Printing Plates Cyan","Paul Menard","Motorcraft | Wood Brothers Racing | Ford","Driver",18,1
"Racing",2019,"Panini","Victory Lane","Printing Plates Cyan","Joey Logano","Shell-Pennzoil | Team Penske | Ford","Driver",19,1
"Racing",2019,"Panini","Victory Lane","Printing Plates Cyan","William Byron","AXALTA | Hendrick Motorsports | Chevrolet","Driver",20,1
"Racing",2019,"Panini","Victory Lane","Printing Plates Cyan","Corey LaJoie","Old Spice | Go Fas Racing | Ford","Driver",21,1
"Racing",2019,"Panini","Victory Lane","Printing Plates Cyan","Michael McDowell","Love's Travel Stops | Front Row Motorsports | Ford","Driver",22,1
"Racing",2019,"Panini","Victory Lane","Printing Plates Cyan","Matt Tifft","SpeedCo | Front Row Motorsports | Ford","Driver",23,1
"Racing",2019,"Panini","Victory Lane","Printing Plates Cyan","Chris Buescher","Kleenex | JTG Daugherty Racing | Chevrolet","Driver",24,1
"Racing",2019,"Panini","Victory Lane","Printing Plates Cyan","David Ragan","Select Blinds | Front Row Motorsports | Ford","Driver",25,1
"Racing",2019,"Panini","Victory Lane","Printing Plates Cyan","Daniel Suarez","ARRIS | Stewart-Haas Racing | Ford","Driver",26,1
"Racing",2019,"Panini","Victory Lane","Printing Plates Cyan","Kyle Larson","Credit One Bank | Chip Ganassi Racing | Chevrolet","Driver",27,1
"Racing",2019,"Panini","Victory Lane","Printing Plates Cyan","Bubba Wallace","Aftershokz | Richard Petty Motorsports | Chevrolet","Driver",28,1
"Racing",2019,"Panini","Victory Lane","Printing Plates Cyan","Ryan Preece","Kroger Click List | JTG Daugherty Racing | Chevrolet","Driver",29,1
"Racing",2019,"Panini","Victory Lane","Printing Plates Cyan","Jimmie Johnson","Ally Financial | Hendrick Motorsports | Chevrolet","Driver",30,1
"Racing",2019,"Panini","Victory Lane","Printing Plates Cyan","Alex Bowman","Nationwide | Hendrick Motorsports | Chevrolet","Driver",31,1
"Racing",2019,"Panini","Victory Lane","Printing Plates Cyan","Matt DiBenedetto","Procore | Leavine Family Racing | Toyota","Driver",32,1
"Racing",2019,"Panini","Victory Lane","Printing Plates Cyan","Tanner Berryhill","Obaika Racing | Toyota","Driver",33,1
"Racing",2019,"Panini","Victory Lane","Printing Plates Cyan","Landon Cassill","StarCom | StarCom Racing | Chevrolet","Driver",34,1
"Racing",2019,"Panini","Victory Lane","Printing Plates Cyan","Cole Custer","Jacob Companies | Stewart-Haas Racing | Ford","Driver",35,1
"Racing",2019,"Panini","Victory Lane","Printing Plates Cyan","Noah Gragson","Switch | JR Motorsports | Chevrolet","Driver",36,1
"Racing",2019,"Panini","Victory Lane","Printing Plates Cyan","Michael Annett","American Heart Association | JR Motorsports | Chevrolet","Driver",37,1
"Racing",2019,"Panini","Victory Lane","Printing Plates Cyan","Justin Allgaier","Brandt | JR Motorsports | Chevrolet","Driver",38,1
"Racing",2019,"Panini","Victory Lane","Printing Plates Cyan","Gray Gaulding","Pure | SS Green Light Racing | Chevrolet","Driver",39,1
"Racing",2019,"Panini","Victory Lane","Printing Plates Cyan","Zane Smith","Switch | JR Motorsports | Chevrolet","Driver",40,1
"Racing",2019,"Panini","Victory Lane","Printing Plates Cyan","Justin Haley","LeafFilter | Kaulig Racing | Chevrolet","Driver",41,1
"Racing",2019,"Panini","Victory Lane","Printing Plates Cyan","Christopher Bell","Rheem | Joe Gibbs Racing | Toyota","Driver",42,1
"Racing",2019,"Panini","Victory Lane","Printing Plates Cyan","John Hunter Nemechek","Fire Alarm Services | GMS Racing | Chevrolet","Driver",43,1
"Racing",2019,"Panini","Victory Lane","Printing Plates Cyan","Chase Briscoe","Nutri Chomps | Stewart-Haas Racing | Ford","Driver",44,1
"Racing",2019,"Panini","Victory Lane","Printing Plates Cyan","Richard Petty","STP | Petty Enterprises | Plymouth","Driver",45,1
"Racing",2019,"Panini","Victory Lane","Printing Plates Cyan","Dale Earnhardt Jr","National Guard | Hendrick Motorsports | Chevrolet","Driver",46,1
"Racing",2019,"Panini","Victory Lane","Printing Plates Cyan","Danica Patrick","GoDaddy.com | Premium Motorsports | Chevrolet","Driver",47,1
"Racing",2019,"Panini","Victory Lane","Printing Plates Cyan","Mark Martin","Valvoline | Roush Racing | Ford","Driver",48,1
"Racing",2019,"Panini","Victory Lane","Printing Plates Cyan","Terry Labonte","Kellogg's Corn Flakes | Hendrick Motorsports | Chevrolet","Driver",49,1
"Racing",2019,"Panini","Victory Lane","Printing Plates Cyan","Darrell Waltrip","Mountain Dew | Junior Johnson | Buick","Driver",50,1
"Racing",2019,"Panini","Victory Lane","Printing Plates Magenta","Kurt Busch","Comsurv | Chip Ganassi Racing | Chevrolet","Driver",1,1
"Racing",2019,"Panini","Victory Lane","Printing Plates Magenta","Brad Keselowski","Miller Lite | Team Penske | Ford","Driver",2,1
"Racing",2019,"Panini","Victory Lane","Printing Plates Magenta","Austin Dillon","Dow Chemical | Richard Childress Racing | Chevrolet","Driver",3,1
"Racing",2019,"Panini","Victory Lane","Printing Plates Magenta","Kevin Harvick","Jimmy John's | Stewart-Haas Racing | Ford","Driver",4,1
"Racing",2019,"Panini","Victory Lane","Printing Plates Magenta","Ryan Newman","Oscar Mayer | Roush Fenway Racing | Ford","Driver",5,1
"Racing",2019,"Panini","Victory Lane","Printing Plates Magenta","Daniel Hemric","Caterpillar | Richard Childress Racing | Chevrolet","Driver",6,1
"Racing",2019,"Panini","Victory Lane","Printing Plates Magenta","Chase Elliott","NAPA Auto Parts | Hendrick Motorsports | Chevrolet","Driver",7,1
"Racing",2019,"Panini","Victory Lane","Printing Plates Magenta","Aric Almirola","Smithfield Foods | Stewart-Haas Racing | Ford","Driver",8,1
"Racing",2019,"Panini","Victory Lane","Printing Plates Magenta","Denny Hamlin","FedEx Express | Joe Gibbs Racing | Toyota","Driver",9,1
"Racing",2019,"Panini","Victory Lane","Printing Plates Magenta","Ryan Blaney","Menards | Team Penske | Ford","Driver",10,1
"Racing",2019,"Panini","Victory Lane","Printing Plates Magenta","Ty Dillon","GEICO | Germain Racing | Chevrolet","Driver",11,1
"Racing",2019,"Panini","Victory Lane","Printing Plates Magenta","Clint Bowyer","Rush Truck Centers | Stewart-Haas Racing| Ford","Driver",12,1
"Racing",2019,"Panini","Victory Lane","Printing Plates Magenta","Ross Chastain","Low T Center | Premium Motorsports | Chevrolet","Driver",13,1
"Racing",2019,"Panini","Victory Lane","Printing Plates Magenta","Ricky Stenhouse Jr","Fastenal | Roush Fenway Racing | Ford","Driver",14,1
"Racing",2019,"Panini","Victory Lane","Printing Plates Magenta","Kyle Busch","M&M's | Joe Gibbs Racing | Toyota","Driver",15,1
"Racing",2019,"Panini","Victory Lane","Printing Plates Magenta","Martin Truex Jr.","Bass Pro Shops | Joe Gibbs Racing | Toyota","Driver",16,1
"Racing",2019,"Panini","Victory Lane","Printing Plates Magenta","Erik Jones","DeWalt | Joe Gibbs Racing | Toyota","Driver",17,1
"Racing",2019,"Panini","Victory Lane","Printing Plates Magenta","Paul Menard","Motorcraft | Wood Brothers Racing | Ford","Driver",18,1
"Racing",2019,"Panini","Victory Lane","Printing Plates Magenta","Joey Logano","Shell-Pennzoil | Team Penske | Ford","Driver",19,1
"Racing",2019,"Panini","Victory Lane","Printing Plates Magenta","William Byron","AXALTA | Hendrick Motorsports | Chevrolet","Driver",20,1
"Racing",2019,"Panini","Victory Lane","Printing Plates Magenta","Corey LaJoie","Old Spice | Go Fas Racing | Ford","Driver",21,1
"Racing",2019,"Panini","Victory Lane","Printing Plates Magenta","Michael McDowell","Love's Travel Stops | Front Row Motorsports | Ford","Driver",22,1
"Racing",2019,"Panini","Victory Lane","Printing Plates Magenta","Matt Tifft","SpeedCo | Front Row Motorsports | Ford","Driver",23,1
"Racing",2019,"Panini","Victory Lane","Printing Plates Magenta","Chris Buescher","Kleenex | JTG Daugherty Racing | Chevrolet","Driver",24,1
"Racing",2019,"Panini","Victory Lane","Printing Plates Magenta","David Ragan","Select Blinds | Front Row Motorsports | Ford","Driver",25,1
"Racing",2019,"Panini","Victory Lane","Printing Plates Magenta","Daniel Suarez","ARRIS | Stewart-Haas Racing | Ford","Driver",26,1
"Racing",2019,"Panini","Victory Lane","Printing Plates Magenta","Kyle Larson","Credit One Bank | Chip Ganassi Racing | Chevrolet","Driver",27,1
"Racing",2019,"Panini","Victory Lane","Printing Plates Magenta","Bubba Wallace","Aftershokz | Richard Petty Motorsports | Chevrolet","Driver",28,1
"Racing",2019,"Panini","Victory Lane","Printing Plates Magenta","Ryan Preece","Kroger Click List | JTG Daugherty Racing | Chevrolet","Driver",29,1
"Racing",2019,"Panini","Victory Lane","Printing Plates Magenta","Jimmie Johnson","Ally Financial | Hendrick Motorsports | Chevrolet","Driver",30,1
"Racing",2019,"Panini","Victory Lane","Printing Plates Magenta","Alex Bowman","Nationwide | Hendrick Motorsports | Chevrolet","Driver",31,1
"Racing",2019,"Panini","Victory Lane","Printing Plates Magenta","Matt DiBenedetto","Procore | Leavine Family Racing | Toyota","Driver",32,1
"Racing",2019,"Panini","Victory Lane","Printing Plates Magenta","Tanner Berryhill","Obaika Racing | Toyota","Driver",33,1
"Racing",2019,"Panini","Victory Lane","Printing Plates Magenta","Landon Cassill","StarCom | StarCom Racing | Chevrolet","Driver",34,1
"Racing",2019,"Panini","Victory Lane","Printing Plates Magenta","Cole Custer","Jacob Companies | Stewart-Haas Racing | Ford","Driver",35,1
"Racing",2019,"Panini","Victory Lane","Printing Plates Magenta","Noah Gragson","Switch | JR Motorsports | Chevrolet","Driver",36,1
"Racing",2019,"Panini","Victory Lane","Printing Plates Magenta","Michael Annett","American Heart Association | JR Motorsports | Chevrolet","Driver",37,1
"Racing",2019,"Panini","Victory Lane","Printing Plates Magenta","Justin Allgaier","Brandt | JR Motorsports | Chevrolet","Driver",38,1
"Racing",2019,"Panini","Victory Lane","Printing Plates Magenta","Gray Gaulding","Pure | SS Green Light Racing | Chevrolet","Driver",39,1
"Racing",2019,"Panini","Victory Lane","Printing Plates Magenta","Zane Smith","Switch | JR Motorsports | Chevrolet","Driver",40,1
"Racing",2019,"Panini","Victory Lane","Printing Plates Magenta","Justin Haley","LeafFilter | Kaulig Racing | Chevrolet","Driver",41,1
"Racing",2019,"Panini","Victory Lane","Printing Plates Magenta","Christopher Bell","Rheem | Joe Gibbs Racing | Toyota","Driver",42,1
"Racing",2019,"Panini","Victory Lane","Printing Plates Magenta","John Hunter Nemechek","Fire Alarm Services | GMS Racing | Chevrolet","Driver",43,1
"Racing",2019,"Panini","Victory Lane","Printing Plates Magenta","Chase Briscoe","Nutri Chomps | Stewart-Haas Racing | Ford","Driver",44,1
"Racing",2019,"Panini","Victory Lane","Printing Plates Magenta","Richard Petty","STP | Petty Enterprises | Plymouth","Driver",45,1
"Racing",2019,"Panini","Victory Lane","Printing Plates Magenta","Dale Earnhardt Jr","National Guard | Hendrick Motorsports | Chevrolet","Driver",46,1
"Racing",2019,"Panini","Victory Lane","Printing Plates Magenta","Danica Patrick","GoDaddy.com | Premium Motorsports | Chevrolet","Driver",47,1
"Racing",2019,"Panini","Victory Lane","Printing Plates Magenta","Mark Martin","Valvoline | Roush Racing | Ford","Driver",48,1
"Racing",2019,"Panini","Victory Lane","Printing Plates Magenta","Terry Labonte","Kellogg's Corn Flakes | Hendrick Motorsports | Chevrolet","Driver",49,1
"Racing",2019,"Panini","Victory Lane","Printing Plates Magenta","Darrell Waltrip","Mountain Dew | Junior Johnson | Buick","Driver",50,1
"Racing",2019,"Panini","Victory Lane","Printing Plates Yellow","Kurt Busch","Comsurv | Chip Ganassi Racing | Chevrolet","Driver",1,1
"Racing",2019,"Panini","Victory Lane","Printing Plates Yellow","Brad Keselowski","Miller Lite | Team Penske | Ford","Driver",2,1
"Racing",2019,"Panini","Victory Lane","Printing Plates Yellow","Austin Dillon","Dow Chemical | Richard Childress Racing | Chevrolet","Driver",3,1
"Racing",2019,"Panini","Victory Lane","Printing Plates Yellow","Kevin Harvick","Jimmy John's | Stewart-Haas Racing | Ford","Driver",4,1
"Racing",2019,"Panini","Victory Lane","Printing Plates Yellow","Ryan Newman","Oscar Mayer | Roush Fenway Racing | Ford","Driver",5,1
"Racing",2019,"Panini","Victory Lane","Printing Plates Yellow","Daniel Hemric","Caterpillar | Richard Childress Racing | Chevrolet","Driver",6,1
"Racing",2019,"Panini","Victory Lane","Printing Plates Yellow","Chase Elliott","NAPA Auto Parts | Hendrick Motorsports | Chevrolet","Driver",7,1
"Racing",2019,"Panini","Victory Lane","Printing Plates Yellow","Aric Almirola","Smithfield Foods | Stewart-Haas Racing | Ford","Driver",8,1
"Racing",2019,"Panini","Victory Lane","Printing Plates Yellow","Denny Hamlin","FedEx Express | Joe Gibbs Racing | Toyota","Driver",9,1
"Racing",2019,"Panini","Victory Lane","Printing Plates Yellow","Ryan Blaney","Menards | Team Penske | Ford","Driver",10,1
"Racing",2019,"Panini","Victory Lane","Printing Plates Yellow","Ty Dillon","GEICO | Germain Racing | Chevrolet","Driver",11,1
"Racing",2019,"Panini","Victory Lane","Printing Plates Yellow","Clint Bowyer","Rush Truck Centers | Stewart-Haas Racing| Ford","Driver",12,1
"Racing",2019,"Panini","Victory Lane","Printing Plates Yellow","Ross Chastain","Low T Center | Premium Motorsports | Chevrolet","Driver",13,1
"Racing",2019,"Panini","Victory Lane","Printing Plates Yellow","Ricky Stenhouse Jr","Fastenal | Roush Fenway Racing | Ford","Driver",14,1
"Racing",2019,"Panini","Victory Lane","Printing Plates Yellow","Kyle Busch","M&M's | Joe Gibbs Racing | Toyota","Driver",15,1
"Racing",2019,"Panini","Victory Lane","Printing Plates Yellow","Martin Truex Jr.","Bass Pro Shops | Joe Gibbs Racing | Toyota","Driver",16,1
"Racing",2019,"Panini","Victory Lane","Printing Plates Yellow","Erik Jones","DeWalt | Joe Gibbs Racing | Toyota","Driver",17,1
"Racing",2019,"Panini","Victory Lane","Printing Plates Yellow","Paul Menard","Motorcraft | Wood Brothers Racing | Ford","Driver",18,1
"Racing",2019,"Panini","Victory Lane","Printing Plates Yellow","Joey Logano","Shell-Pennzoil | Team Penske | Ford","Driver",19,1
"Racing",2019,"Panini","Victory Lane","Printing Plates Yellow","William Byron","AXALTA | Hendrick Motorsports | Chevrolet","Driver",20,1
"Racing",2019,"Panini","Victory Lane","Printing Plates Yellow","Corey LaJoie","Old Spice | Go Fas Racing | Ford","Driver",21,1
"Racing",2019,"Panini","Victory Lane","Printing Plates Yellow","Michael McDowell","Love's Travel Stops | Front Row Motorsports | Ford","Driver",22,1
"Racing",2019,"Panini","Victory Lane","Printing Plates Yellow","Matt Tifft","SpeedCo | Front Row Motorsports | Ford","Driver",23,1
"Racing",2019,"Panini","Victory Lane","Printing Plates Yellow","Chris Buescher","Kleenex | JTG Daugherty Racing | Chevrolet","Driver",24,1
"Racing",2019,"Panini","Victory Lane","Printing Plates Yellow","David Ragan","Select Blinds | Front Row Motorsports | Ford","Driver",25,1
"Racing",2019,"Panini","Victory Lane","Printing Plates Yellow","Daniel Suarez","ARRIS | Stewart-Haas Racing | Ford","Driver",26,1
"Racing",2019,"Panini","Victory Lane","Printing Plates Yellow","Kyle Larson","Credit One Bank | Chip Ganassi Racing | Chevrolet","Driver",27,1
"Racing",2019,"Panini","Victory Lane","Printing Plates Yellow","Bubba Wallace","Aftershokz | Richard Petty Motorsports | Chevrolet","Driver",28,1
"Racing",2019,"Panini","Victory Lane","Printing Plates Yellow","Ryan Preece","Kroger Click List | JTG Daugherty Racing | Chevrolet","Driver",29,1
"Racing",2019,"Panini","Victory Lane","Printing Plates Yellow","Jimmie Johnson","Ally Financial | Hendrick Motorsports | Chevrolet","Driver",30,1
"Racing",2019,"Panini","Victory Lane","Printing Plates Yellow","Alex Bowman","Nationwide | Hendrick Motorsports | Chevrolet","Driver",31,1
"Racing",2019,"Panini","Victory Lane","Printing Plates Yellow","Matt DiBenedetto","Procore | Leavine Family Racing | Toyota","Driver",32,1
"Racing",2019,"Panini","Victory Lane","Printing Plates Yellow","Tanner Berryhill","Obaika Racing | Toyota","Driver",33,1
"Racing",2019,"Panini","Victory Lane","Printing Plates Yellow","Landon Cassill","StarCom | StarCom Racing | Chevrolet","Driver",34,1
"Racing",2019,"Panini","Victory Lane","Printing Plates Yellow","Cole Custer","Jacob Companies | Stewart-Haas Racing | Ford","Driver",35,1
"Racing",2019,"Panini","Victory Lane","Printing Plates Yellow","Noah Gragson","Switch | JR Motorsports | Chevrolet","Driver",36,1
"Racing",2019,"Panini","Victory Lane","Printing Plates Yellow","Michael Annett","American Heart Association | JR Motorsports | Chevrolet","Driver",37,1
"Racing",2019,"Panini","Victory Lane","Printing Plates Yellow","Justin Allgaier","Brandt | JR Motorsports | Chevrolet","Driver",38,1
"Racing",2019,"Panini","Victory Lane","Printing Plates Yellow","Gray Gaulding","Pure | SS Green Light Racing | Chevrolet","Driver",39,1
"Racing",2019,"Panini","Victory Lane","Printing Plates Yellow","Zane Smith","Switch | JR Motorsports | Chevrolet","Driver",40,1
"Racing",2019,"Panini","Victory Lane","Printing Plates Yellow","Justin Haley","LeafFilter | Kaulig Racing | Chevrolet","Driver",41,1
"Racing",2019,"Panini","Victory Lane","Printing Plates Yellow","Christopher Bell","Rheem | Joe Gibbs Racing | Toyota","Driver",42,1
"Racing",2019,"Panini","Victory Lane","Printing Plates Yellow","John Hunter Nemechek","Fire Alarm Services | GMS Racing | Chevrolet","Driver",43,1
"Racing",2019,"Panini","Victory Lane","Printing Plates Yellow","Chase Briscoe","Nutri Chomps | Stewart-Haas Racing | Ford","Driver",44,1
"Racing",2019,"Panini","Victory Lane","Printing Plates Yellow","Richard Petty","STP | Petty Enterprises | Plymouth","Driver",45,1
"Racing",2019,"Panini","Victory Lane","Printing Plates Yellow","Dale Earnhardt Jr","National Guard | Hendrick Motorsports | Chevrolet","Driver",46,1
"Racing",2019,"Panini","Victory Lane","Printing Plates Yellow","Danica Patrick","GoDaddy.com | Premium Motorsports | Chevrolet","Driver",47,1
"Racing",2019,"Panini","Victory Lane","Printing Plates Yellow","Mark Martin","Valvoline | Roush Racing | Ford","Driver",48,1
"Racing",2019,"Panini","Victory Lane","Printing Plates Yellow","Terry Labonte","Kellogg's Corn Flakes | Hendrick Motorsports | Chevrolet","Driver",49,1
"Racing",2019,"Panini","Victory Lane","Printing Plates Yellow","Darrell Waltrip","Mountain Dew | Junior Johnson | Buick","Driver",50,1
"Racing",2019,"Panini","Victory Lane","Quad Swatches","Dale Earnhardt Jr","Mountain Dew | Hendrick Motorsports | Chevrolet","Driver",1,
"Racing",2019,"Panini","Victory Lane","Quad Swatches","Jimmie Johnson","Ally Financial | Hendrick Motorsports | Chevrolet","Driver",2,
"Racing",2019,"Panini","Victory Lane","Quad Swatches","Kevin Harvick","Jimmy John's | Stewart-Haas Racing | Ford","Driver",3,
"Racing",2019,"Panini","Victory Lane","Quad Swatches","Kyle Busch","M&M's | Joe Gibbs Racing | Toyota","Driver",4,
"Racing",2019,"Panini","Victory Lane","Quad Swatches","Joey Logano","Shell-Pennzoil | Team Penske | Ford","Driver",5,
"Racing",2019,"Panini","Victory Lane","Quad Swatches","Martin Truex Jr.","Bass Pro Shops | Joe Gibbs Racing | Toyota","Driver",6,
"Racing",2019,"Panini","Victory Lane","Quad Swatches","Chase Elliott","NAPA Auto Parts | Hendrick Motorsports | Chevrolet","Driver",7,
"Racing",2019,"Panini","Victory Lane","Quad Swatches","Ryan Blaney","Menards | Team Penske | Ford","Driver",8,
"Racing",2019,"Panini","Victory Lane","Quad Swatches","Bubba Wallace","Aftershokz | Richard Petty Motorsports | Chevrolet","Driver",10,
"Racing",2019,"Panini","Victory Lane","Quad Swatches Gold","Dale Earnhardt Jr","Mountain Dew | Hendrick Motorsports | Chevrolet","Driver",1,99
"Racing",2019,"Panini","Victory Lane","Quad Swatches Gold","Jimmie Johnson","Ally Financial | Hendrick Motorsports | Chevrolet","Driver",2,99
"Racing",2019,"Panini","Victory Lane","Quad Swatches Gold","Kevin Harvick","Jimmy John's | Stewart-Haas Racing | Ford","Driver",3,99
"Racing",2019,"Panini","Victory Lane","Quad Swatches Gold","Kyle Busch","M&M's | Joe Gibbs Racing | Toyota","Driver",4,99
"Racing",2019,"Panini","Victory Lane","Quad Swatches Gold","Joey Logano","Shell-Pennzoil | Team Penske | Ford","Driver",5,99
"Racing",2019,"Panini","Victory Lane","Quad Swatches Gold","Martin Truex Jr.","Bass Pro Shops | Joe Gibbs Racing | Toyota","Driver",6,99
"Racing",2019,"Panini","Victory Lane","Quad Swatches Gold","Chase Elliott","NAPA Auto Parts | Hendrick Motorsports | Chevrolet","Driver",7,99
"Racing",2019,"Panini","Victory Lane","Quad Swatches Gold","Ryan Blaney","Menards | Team Penske | Ford","Driver",8,99
"Racing",2019,"Panini","Victory Lane","Quad Swatches Gold","Tony Stewart","Mobil 1 | Stewart-Haas Racing | Chevrolet","Driver",9,25
"Racing",2019,"Panini","Victory Lane","Quad Swatches Gold","Bubba Wallace","Aftershokz | Richard Petty Motorsports | Chevrolet","Driver",10,99
"Racing",2019,"Panini","Victory Lane","Quad Swatches Laundry Tag","Dale Earnhardt Jr","Mountain Dew | Hendrick Motorsports | Chevrolet","Driver",1,1
"Racing",2019,"Panini","Victory Lane","Quad Swatches Laundry Tag","Jimmie Johnson","Ally Financial | Hendrick Motorsports | Chevrolet","Driver",2,1
"Racing",2019,"Panini","Victory Lane","Quad Swatches Laundry Tag","Kevin Harvick","Jimmy John's | Stewart-Haas Racing | Ford","Driver",3,1
"Racing",2019,"Panini","Victory Lane","Quad Swatches Laundry Tag","Kyle Busch","M&M's | Joe Gibbs Racing | Toyota","Driver",4,1
"Racing",2019,"Panini","Victory Lane","Quad Swatches Laundry Tag","Joey Logano","Shell-Pennzoil | Team Penske | Ford","Driver",5,1
"Racing",2019,"Panini","Victory Lane","Quad Swatches Laundry Tag","Martin Truex Jr.","Bass Pro Shops | Joe Gibbs Racing | Toyota","Driver",6,1
"Racing",2019,"Panini","Victory Lane","Quad Swatches Laundry Tag","Chase Elliott","NAPA Auto Parts | Hendrick Motorsports | Chevrolet","Driver",7,1
"Racing",2019,"Panini","Victory Lane","Quad Swatches Laundry Tag","Ryan Blaney","Menards | Team Penske | Ford","Driver",8,1
"Racing",2019,"Panini","Victory Lane","Quad Swatches Laundry Tag","Tony Stewart","Mobil 1 | Stewart-Haas Racing | Chevrolet","Driver",9,1
"Racing",2019,"Panini","Victory Lane","Quad Swatches Laundry Tag","Bubba Wallace","Aftershokz | Richard Petty Motorsports | Chevrolet","Driver",10,1
"Racing",2019,"Panini","Victory Lane","Quad Swatches Platinum","Dale Earnhardt Jr","Mountain Dew | Hendrick Motorsports | Chevrolet","Driver",1,1
"Racing",2019,"Panini","Victory Lane","Quad Swatches Platinum","Jimmie Johnson","Ally Financial | Hendrick Motorsports | Chevrolet","Driver",2,1
"Racing",2019,"Panini","Victory Lane","Quad Swatches Platinum","Kevin Harvick","Jimmy John's | Stewart-Haas Racing | Ford","Driver",3,1
"Racing",2019,"Panini","Victory Lane","Quad Swatches Platinum","Kyle Busch","M&M's | Joe Gibbs Racing | Toyota","Driver",4,1
"Racing",2019,"Panini","Victory Lane","Quad Swatches Platinum","Joey Logano","Shell-Pennzoil | Team Penske | Ford","Driver",5,1
"Racing",2019,"Panini","Victory Lane","Quad Swatches Platinum","Martin Truex Jr.","Bass Pro Shops | Joe Gibbs Racing | Toyota","Driver",6,1
"Racing",2019,"Panini","Victory Lane","Quad Swatches Platinum","Chase Elliott","NAPA Auto Parts | Hendrick Motorsports | Chevrolet","Driver",7,1
"Racing",2019,"Panini","Victory Lane","Quad Swatches Platinum","Ryan Blaney","Menards | Team Penske | Ford","Driver",8,1
"Racing",2019,"Panini","Victory Lane","Quad Swatches Platinum","Tony Stewart","Mobil 1 | Stewart-Haas Racing | Chevrolet","Driver",9,1
"Racing",2019,"Panini","Victory Lane","Quad Swatches Platinum","Bubba Wallace","Aftershokz | Richard Petty Motorsports | Chevrolet","Driver",10,1
"Racing",2019,"Panini","Victory Lane","Quad Swatches Red","Dale Earnhardt Jr","Mountain Dew | Hendrick Motorsports | Chevrolet","Driver",1,25
"Racing",2019,"Panini","Victory Lane","Quad Swatches Red","Jimmie Johnson","Ally Financial | Hendrick Motorsports | Chevrolet","Driver",2,25
"Racing",2019,"Panini","Victory Lane","Quad Swatches Red","Kevin Harvick","Jimmy John's | Stewart-Haas Racing | Ford","Driver",3,25
"Racing",2019,"Panini","Victory Lane","Quad Swatches Red","Kyle Busch","M&M's | Joe Gibbs Racing | Toyota","Driver",4,25
"Racing",2019,"Panini","Victory Lane","Quad Swatches Red","Joey Logano","Shell-Pennzoil | Team Penske | Ford","Driver",5,25
"Racing",2019,"Panini","Victory Lane","Quad Swatches Red","Martin Truex Jr.","Bass Pro Shops | Joe Gibbs Racing | Toyota","Driver",6,25
"Racing",2019,"Panini","Victory Lane","Quad Swatches Red","Chase Elliott","NAPA Auto Parts | Hendrick Motorsports | Chevrolet","Driver",7,25
"Racing",2019,"Panini","Victory Lane","Quad Swatches Red","Ryan Blaney","Menards | Team Penske | Ford","Driver",8,25
"Racing",2019,"Panini","Victory Lane","Quad Swatches Red","Tony Stewart","Mobil 1 | Stewart-Haas Racing | Chevrolet","Driver",9,10
"Racing",2019,"Panini","Victory Lane","Quad Swatches Red","Bubba Wallace","Aftershokz | Richard Petty Motorsports | Chevrolet","Driver",10,25
"Racing",2019,"Panini","Victory Lane","Signature Swatches","Aric Almirola","Smithfield Foods | Stewart-Haas Racing | Ford","Driver",1,
"Racing",2019,"Panini","Victory Lane","Signature Swatches","Bubba Wallace","Aftershokz | Richard Petty Motorsports | Chevrolet","Driver",3,
"Racing",2019,"Panini","Victory Lane","Signature Swatches","Carl Edwards","Scotts | Roush Fenway Racing | Ford","Driver",4,
"Racing",2019,"Panini","Victory Lane","Signature Swatches","Danica Patrick","GoDaddy.com | Premium Motorsports | Chevrolet","Driver",5,
"Racing",2019,"Panini","Victory Lane","Signature Swatches","Derrike Cope","Stoke Racing | Fred Stoke | Ford","Driver",6,
"Racing",2019,"Panini","Victory Lane","Signature Swatches","Hailie Deegan","NASCAR NEXT","Driver",8,
"Racing",2019,"Panini","Victory Lane","Signature Swatches","Matt Tifft","Tunity | Front Row Motorsports | Ford","Driver",9,
"Racing",2019,"Panini","Victory Lane","Signature Swatches","Joe Nemechek","U.S. Army | Ginn Racing | Chevrolet","Driver",10,
"Racing",2019,"Panini","Victory Lane","Signature Swatches","Joey Logano","Shell-Pennzoil | Team Penske | Ford","Driver",11,
"Racing",2019,"Panini","Victory Lane","Signature Swatches","Kaz Grala","NETTTS | JGL Racing | Ford","Driver",12,
"Racing",2019,"Panini","Victory Lane","Signature Swatches","Landon Cassill","StarCom | StarCom Racing | Chevrolet","Driver",13,
"Racing",2019,"Panini","Victory Lane","Signature Swatches","Martin Truex Jr.","Bass Pro Shops | Joe Gibbs Racing | Toyota","Driver",14,
"Racing",2019,"Panini","Victory Lane","Signature Swatches","Matt DiBenedetto","Procore | Leavine Family Racing | Toyota","Driver",15,
"Racing",2019,"Panini","Victory Lane","Signature Swatches","Paul Menard","Motorcraft | Wood Brothers Racing | Ford","Driver",16,
"Racing",2019,"Panini","Victory Lane","Signature Swatches","Richard Petty","STP | Petty Enterprises | Plymouth","Driver",17,
"Racing",2019,"Panini","Victory Lane","Signature Swatches","Ricky Stenhouse Jr","Fastenal | Roush Fenway Racing | Ford","Driver",18,
"Racing",2019,"Panini","Victory Lane","Signature Swatches","Ross Chastain","Nutrien | Kaulig Racing | Chevrolet","Driver",19,
"Racing",2019,"Panini","Victory Lane","Signature Swatches","Terry Labonte","Kellogg's Corn Flakes | Hendrick Motorsports | Chevrolet","Driver",20,
"Racing",2019,"Panini","Victory Lane","Signature Swatches","William Byron","AXALTA | Hendrick Motorsports | Chevrolet","Driver",21,
"Racing",2019,"Panini","Victory Lane","Signature Swatches","Ryan Newman","Oscar Mayer | Roush Fenway Racing | Ford","Driver",22,
"Racing",2019,"Panini","Victory Lane","Signature Swatches","Ryan Preece","Kroger Click List | JTG Daugherty Racing | Chevrolet","Driver",23,
"Racing",2019,"Panini","Victory Lane","Signature Swatches","Tony Stewart","Mobil 1 | Stewart-Haas Racing | Chevrolet","Driver",24,
"Racing",2019,"Panini","Victory Lane","Signature Swatches","Ty Dillon","GEICO | Germain Racing | Chevrolet","Driver",25,
"Racing",2019,"Panini","Victory Lane","Signature Swatches Gold","Aric Almirola","Smithfield Foods | Stewart-Haas Racing | Ford","Driver",1,49
"Racing",2019,"Panini","Victory Lane","Signature Swatches Gold","Bobby Labonte","Interstate Batteries | Joe Gibbs Racing | Pontiac","Driver",2,99
"Racing",2019,"Panini","Victory Lane","Signature Swatches Gold","Bubba Wallace","Aftershokz | Richard Petty Motorsports | Chevrolet","Driver",3,99
"Racing",2019,"Panini","Victory Lane","Signature Swatches Gold","Carl Edwards","Scotts | Roush Fenway Racing | Ford","Driver",4,25
"Racing",2019,"Panini","Victory Lane","Signature Swatches Gold","Danica Patrick","GoDaddy.com | Premium Motorsports | Chevrolet","Driver",5,99
"Racing",2019,"Panini","Victory Lane","Signature Swatches Gold","Derrike Cope","Stoke Racing | Fred Stoke | Ford","Driver",6,99
"Racing",2019,"Panini","Victory Lane","Signature Swatches Gold","Hailie Deegan","NASCAR NEXT","Driver",8,99
"Racing",2019,"Panini","Victory Lane","Signature Swatches Gold","Matt Tifft","Tunity | Front Row Motorsports | Ford","Driver",9,99
"Racing",2019,"Panini","Victory Lane","Signature Swatches Gold","Joe Nemechek","U.S. Army | Ginn Racing | Chevrolet","Driver",10,99
"Racing",2019,"Panini","Victory Lane","Signature Swatches Gold","Joey Logano","Shell-Pennzoil | Team Penske | Ford","Driver",11,99
"Racing",2019,"Panini","Victory Lane","Signature Swatches Gold","Kaz Grala","NETTTS | JGL Racing | Ford","Driver",12,99
"Racing",2019,"Panini","Victory Lane","Signature Swatches Gold","Landon Cassill","StarCom | StarCom Racing | Chevrolet","Driver",13,99
"Racing",2019,"Panini","Victory Lane","Signature Swatches Gold","Martin Truex Jr.","Bass Pro Shops | Joe Gibbs Racing | Toyota","Driver",14,99
"Racing",2019,"Panini","Victory Lane","Signature Swatches Gold","Matt DiBenedetto","Procore | Leavine Family Racing | Toyota","Driver",15,99
"Racing",2019,"Panini","Victory Lane","Signature Swatches Gold","Paul Menard","Motorcraft | Wood Brothers Racing | Ford","Driver",16,99
"Racing",2019,"Panini","Victory Lane","Signature Swatches Gold","Richard Petty","STP | Petty Enterprises | Plymouth","Driver",17,25
"Racing",2019,"Panini","Victory Lane","Signature Swatches Gold","Ricky Stenhouse Jr","Fastenal | Roush Fenway Racing | Ford","Driver",18,49
"Racing",2019,"Panini","Victory Lane","Signature Swatches Gold","Ross Chastain","Nutrien | Kaulig Racing | Chevrolet","Driver",19,99
"Racing",2019,"Panini","Victory Lane","Signature Swatches Gold","Terry Labonte","Kellogg's Corn Flakes | Hendrick Motorsports | Chevrolet","Driver",20,49
"Racing",2019,"Panini","Victory Lane","Signature Swatches Gold","William Byron","AXALTA | Hendrick Motorsports | Chevrolet","Driver",21,99
"Racing",2019,"Panini","Victory Lane","Signature Swatches Gold","Ryan Newman","Oscar Mayer | Roush Fenway Racing | Ford","Driver",22,99
"Racing",2019,"Panini","Victory Lane","Signature Swatches Gold","Ryan Preece","Kroger Click List | JTG Daugherty Racing | Chevrolet","Driver",23,99
"Racing",2019,"Panini","Victory Lane","Signature Swatches Gold","Tony Stewart","Mobil 1 | Stewart-Haas Racing | Chevrolet","Driver",24,25
"Racing",2019,"Panini","Victory Lane","Signature Swatches Gold","Ty Dillon","GEICO | Germain Racing | Chevrolet","Driver",25,99
"Racing",2019,"Panini","Victory Lane","Signature Swatches Laundry Tag","Aric Almirola","Smithfield Foods | Stewart-Haas Racing | Ford","Driver",1,1
"Racing",2019,"Panini","Victory Lane","Signature Swatches Laundry Tag","Bobby Labonte","Interstate Batteries | Joe Gibbs Racing | Pontiac","Driver",2,1
"Racing",2019,"Panini","Victory Lane","Signature Swatches Laundry Tag","Bubba Wallace","Aftershokz | Richard Petty Motorsports | Chevrolet","Driver",3,1
"Racing",2019,"Panini","Victory Lane","Signature Swatches Laundry Tag","Carl Edwards","Scotts | Roush Fenway Racing | Ford","Driver",4,1
"Racing",2019,"Panini","Victory Lane","Signature Swatches Laundry Tag","Danica Patrick","GoDaddy.com | Premium Motorsports | Chevrolet","Driver",5,1
"Racing",2019,"Panini","Victory Lane","Signature Swatches Laundry Tag","Hailie Deegan","NASCAR NEXT","Driver",8,1
"Racing",2019,"Panini","Victory Lane","Signature Swatches Laundry Tag","Matt Tifft","Tunity | Front Row Motorsports | Ford","Driver",9,1
"Racing",2019,"Panini","Victory Lane","Signature Swatches Laundry Tag","Joe Nemechek","U.S. Army | Ginn Racing | Chevrolet","Driver",10,1
"Racing",2019,"Panini","Victory Lane","Signature Swatches Laundry Tag","Kaz Grala","NETTTS | JGL Racing | Ford","Driver",12,1
"Racing",2019,"Panini","Victory Lane","Signature Swatches Laundry Tag","Landon Cassill","StarCom | StarCom Racing | Chevrolet","Driver",13,1
"Racing",2019,"Panini","Victory Lane","Signature Swatches Laundry Tag","Martin Truex Jr.","Bass Pro Shops | Joe Gibbs Racing | Toyota","Driver",14,1
"Racing",2019,"Panini","Victory Lane","Signature Swatches Laundry Tag","Matt DiBenedetto","Procore | Leavine Family Racing | Toyota","Driver",15,1
"Racing",2019,"Panini","Victory Lane","Signature Swatches Laundry Tag","Paul Menard","Motorcraft | Wood Brothers Racing | Ford","Driver",16,1
"Racing",2019,"Panini","Victory Lane","Signature Swatches Laundry Tag","Richard Petty","STP | Petty Enterprises | Plymouth","Driver",17,1
"Racing",2019,"Panini","Victory Lane","Signature Swatches Laundry Tag","Ricky Stenhouse Jr","Fastenal | Roush Fenway Racing | Ford","Driver",18,1
"Racing",2019,"Panini","Victory Lane","Signature Swatches Laundry Tag","Ross Chastain","Nutrien | Kaulig Racing | Chevrolet","Driver",19,1
"Racing",2019,"Panini","Victory Lane","Signature Swatches Laundry Tag","Terry Labonte","Kellogg's Corn Flakes | Hendrick Motorsports | Chevrolet","Driver",20,1
"Racing",2019,"Panini","Victory Lane","Signature Swatches Laundry Tag","William Byron","AXALTA | Hendrick Motorsports | Chevrolet","Driver",21,1
"Racing",2019,"Panini","Victory Lane","Signature Swatches Laundry Tag","Ryan Newman","Oscar Mayer | Roush Fenway Racing | Ford","Driver",22,1
"Racing",2019,"Panini","Victory Lane","Signature Swatches Laundry Tag","Ryan Preece","Kroger Click List | JTG Daugherty Racing | Chevrolet","Driver",23,1
"Racing",2019,"Panini","Victory Lane","Signature Swatches Laundry Tag","Tony Stewart","Mobil 1 | Stewart-Haas Racing | Chevrolet","Driver",24,1
"Racing",2019,"Panini","Victory Lane","Signature Swatches Laundry Tag","Ty Dillon","GEICO | Germain Racing | Chevrolet","Driver",25,1
"Racing",2019,"Panini","Victory Lane","Signature Swatches Platinum","Aric Almirola","Smithfield Foods | Stewart-Haas Racing | Ford","Driver",1,1
"Racing",2019,"Panini","Victory Lane","Signature Swatches Platinum","Bobby Labonte","Interstate Batteries | Joe Gibbs Racing | Pontiac","Driver",2,1
"Racing",2019,"Panini","Victory Lane","Signature Swatches Platinum","Bubba Wallace","Aftershokz | Richard Petty Motorsports | Chevrolet","Driver",3,1
"Racing",2019,"Panini","Victory Lane","Signature Swatches Platinum","Carl Edwards","Scotts | Roush Fenway Racing | Ford","Driver",4,1
"Racing",2019,"Panini","Victory Lane","Signature Swatches Platinum","Danica Patrick","GoDaddy.com | Premium Motorsports | Chevrolet","Driver",5,1
"Racing",2019,"Panini","Victory Lane","Signature Swatches Platinum","Derrike Cope","Stoke Racing | Fred Stoke | Ford","Driver",6,1
"Racing",2019,"Panini","Victory Lane","Signature Swatches Platinum","Hailie Deegan","NASCAR NEXT","Driver",8,1
"Racing",2019,"Panini","Victory Lane","Signature Swatches Platinum","Matt Tifft","Tunity | Front Row Motorsports | Ford","Driver",9,1
"Racing",2019,"Panini","Victory Lane","Signature Swatches Platinum","Joe Nemechek","U.S. Army | Ginn Racing | Chevrolet","Driver",10,1
"Racing",2019,"Panini","Victory Lane","Signature Swatches Platinum","Joey Logano","Shell-Pennzoil | Team Penske | Ford","Driver",11,1
"Racing",2019,"Panini","Victory Lane","Signature Swatches Platinum","Kaz Grala","NETTTS | JGL Racing | Ford","Driver",12,1
"Racing",2019,"Panini","Victory Lane","Signature Swatches Platinum","Landon Cassill","StarCom | StarCom Racing | Chevrolet","Driver",13,1
"Racing",2019,"Panini","Victory Lane","Signature Swatches Platinum","Martin Truex Jr.","Bass Pro Shops | Joe Gibbs Racing | Toyota","Driver",14,1
"Racing",2019,"Panini","Victory Lane","Signature Swatches Platinum","Matt DiBenedetto","Procore | Leavine Family Racing | Toyota","Driver",15,1
"Racing",2019,"Panini","Victory Lane","Signature Swatches Platinum","Paul Menard","Motorcraft | Wood Brothers Racing | Ford","Driver",16,1
"Racing",2019,"Panini","Victory Lane","Signature Swatches Platinum","Richard Petty","STP | Petty Enterprises | Plymouth","Driver",17,1
"Racing",2019,"Panini","Victory Lane","Signature Swatches Platinum","Ricky Stenhouse Jr","Fastenal | Roush Fenway Racing | Ford","Driver",18,1
"Racing",2019,"Panini","Victory Lane","Signature Swatches Platinum","Ross Chastain","Nutrien | Kaulig Racing | Chevrolet","Driver",19,1
"Racing",2019,"Panini","Victory Lane","Signature Swatches Platinum","Terry Labonte","Kellogg's Corn Flakes | Hendrick Motorsports | Chevrolet","Driver",20,1
"Racing",2019,"Panini","Victory Lane","Signature Swatches Platinum","William Byron","AXALTA | Hendrick Motorsports | Chevrolet","Driver",21,1
"Racing",2019,"Panini","Victory Lane","Signature Swatches Platinum","Ryan Newman","Oscar Mayer | Roush Fenway Racing | Ford","Driver",22,1
"Racing",2019,"Panini","Victory Lane","Signature Swatches Platinum","Ryan Preece","Kroger Click List | JTG Daugherty Racing | Chevrolet","Driver",23,1
"Racing",2019,"Panini","Victory Lane","Signature Swatches Platinum","Tony Stewart","Mobil 1 | Stewart-Haas Racing | Chevrolet","Driver",24,1
"Racing",2019,"Panini","Victory Lane","Signature Swatches Platinum","Ty Dillon","GEICO | Germain Racing | Chevrolet","Driver",25,1
"Racing",2019,"Panini","Victory Lane","Signature Swatches Red","Aric Almirola","Smithfield Foods | Stewart-Haas Racing | Ford","Driver",1,25
"Racing",2019,"Panini","Victory Lane","Signature Swatches Red","Bobby Labonte","Interstate Batteries | Joe Gibbs Racing | Pontiac","Driver",2,25
"Racing",2019,"Panini","Victory Lane","Signature Swatches Red","Bubba Wallace","Aftershokz | Richard Petty Motorsports | Chevrolet","Driver",3,25
"Racing",2019,"Panini","Victory Lane","Signature Swatches Red","Carl Edwards","Scotts | Roush Fenway Racing | Ford","Driver",4,10
"Racing",2019,"Panini","Victory Lane","Signature Swatches Red","Danica Patrick","GoDaddy.com | Premium Motorsports | Chevrolet","Driver",5,25
"Racing",2019,"Panini","Victory Lane","Signature Swatches Red","Derrike Cope","Stoke Racing | Fred Stoke | Ford","Driver",6,25
"Racing",2019,"Panini","Victory Lane","Signature Swatches Red","Hailie Deegan","NASCAR NEXT","Driver",8,25
"Racing",2019,"Panini","Victory Lane","Signature Swatches Red","Matt Tifft","Tunity | Front Row Motorsports | Ford","Driver",9,25
"Racing",2019,"Panini","Victory Lane","Signature Swatches Red","Joe Nemechek","U.S. Army | Ginn Racing | Chevrolet","Driver",10,25
"Racing",2019,"Panini","Victory Lane","Signature Swatches Red","Joey Logano","Shell-Pennzoil | Team Penske | Ford","Driver",11,25
"Racing",2019,"Panini","Victory Lane","Signature Swatches Red","Kaz Grala","NETTTS | JGL Racing | Ford","Driver",12,25
"Racing",2019,"Panini","Victory Lane","Signature Swatches Red","Landon Cassill","StarCom | StarCom Racing | Chevrolet","Driver",13,25
"Racing",2019,"Panini","Victory Lane","Signature Swatches Red","Martin Truex Jr.","Bass Pro Shops | Joe Gibbs Racing | Toyota","Driver",14,25
"Racing",2019,"Panini","Victory Lane","Signature Swatches Red","Matt DiBenedetto","Procore | Leavine Family Racing | Toyota","Driver",15,25
"Racing",2019,"Panini","Victory Lane","Signature Swatches Red","Paul Menard","Motorcraft | Wood Brothers Racing | Ford","Driver",16,25
"Racing",2019,"Panini","Victory Lane","Signature Swatches Red","Richard Petty","STP | Petty Enterprises | Plymouth","Driver",17,10
"Racing",2019,"Panini","Victory Lane","Signature Swatches Red","Ricky Stenhouse Jr","Fastenal | Roush Fenway Racing | Ford","Driver",18,25
"Racing",2019,"Panini","Victory Lane","Signature Swatches Red","Ross Chastain","Nutrien | Kaulig Racing | Chevrolet","Driver",19,25
"Racing",2019,"Panini","Victory Lane","Signature Swatches Red","Terry Labonte","Kellogg's Corn Flakes | Hendrick Motorsports | Chevrolet","Driver",20,25
"Racing",2019,"Panini","Victory Lane","Signature Swatches Red","William Byron","AXALTA | Hendrick Motorsports | Chevrolet","Driver",21,25
"Racing",2019,"Panini","Victory Lane","Signature Swatches Red","Ryan Newman","Oscar Mayer | Roush Fenway Racing | Ford","Driver",22,25
"Racing",2019,"Panini","Victory Lane","Signature Swatches Red","Ryan Preece","Kroger Click List | JTG Daugherty Racing | Chevrolet","Driver",23,25
"Racing",2019,"Panini","Victory Lane","Signature Swatches Red","Tony Stewart","Mobil 1 | Stewart-Haas Racing | Chevrolet","Driver",24,10
"Racing",2019,"Panini","Victory Lane","Signature Swatches Red","Ty Dillon","GEICO | Germain Racing | Chevrolet","Driver",25,25
"Racing",2019,"Panini","Victory Lane","Starting Grid","Austin Dillon","Dow Chemical | Richard Childress Racing | Chevrolet","Driver",1,
"Racing",2019,"Panini","Victory Lane","Starting Grid","Ricky Stenhouse Jr","Fastenal | Roush Fenway Racing | Ford","Driver",2,
"Racing",2019,"Panini","Victory Lane","Starting Grid","Jimmie Johnson","Ally Financial | Hendrick Motorsports | Chevrolet","Driver",3,
"Racing",2019,"Panini","Victory Lane","Starting Grid","Kevin Harvick","Jimmy John's | Stewart-Haas Racing | Ford","Driver",4,
"Racing",2019,"Panini","Victory Lane","Starting Grid","Ty Dillon","GEICO | Germain Racing | Chevrolet","Driver",5,
"Racing",2019,"Panini","Victory Lane","Starting Grid","Tanner Berryhill","Obaika Racing | Toyota","Driver",6,
"Racing",2019,"Panini","Victory Lane","Starting Grid","Matt Tifft","Tunity | Front Row Motorsports | Ford","Driver",7,
"Racing",2019,"Panini","Victory Lane","Starting Grid","Kyle Busch","M&M's | Joe Gibbs Racing | Toyota","Driver",8,
"Racing",2019,"Panini","Victory Lane","Starting Grid","Bubba Wallace","Aftershokz | Richard Petty Motorsports | Chevrolet","Driver",9,
"Racing",2019,"Panini","Victory Lane","Starting Grid","William Byron","AXALTA | Hendrick Motorsports | Chevrolet","Driver",10,
"Racing",2019,"Panini","Victory Lane","Starting Grid","Martin Truex Jr.","Bass Pro Shops | Joe Gibbs Racing | Toyota","Driver",11,
"Racing",2019,"Panini","Victory Lane","Starting Grid","Joey Logano","Shell-Pennzoil | Team Penske | Ford","Driver",12,
"Racing",2019,"Panini","Victory Lane","Starting Grid","Aric Almirola","Smithfield Foods | Stewart-Haas Racing | Ford","Driver",13,
"Racing",2019,"Panini","Victory Lane","Starting Grid","Ryan Preece","Kroger Click List | JTG Daugherty Racing | Chevrolet","Driver",14,
"Racing",2019,"Panini","Victory Lane","Starting Grid","Clint Bowyer","Rush Truck Centers | Stewart-Haas Racing| Ford","Driver",15,
"Racing",2019,"Panini","Victory Lane","Starting Grid","Kyle Larson","Credit One Bank | Chip Ganassi Racing | Chevrolet","Driver",16,
"Racing",2019,"Panini","Victory Lane","Starting Grid","Kurt Busch","Comsurv | Chip Ganassi Racing | Chevrolet","Driver",17,
"Racing",2019,"Panini","Victory Lane","Starting Grid","Alex Bowman","Nationwide | Hendrick Motorsports | Chevrolet","Driver",18,
"Racing",2019,"Panini","Victory Lane","Starting Grid","Chase Elliott","NAPA Auto Parts | Hendrick Motorsports | Chevrolet","Driver",19,
"Racing",2019,"Panini","Victory Lane","Starting Grid","Daniel Suarez","Haas Automation | Stewart-Haas Racing | Ford","Driver",20,
"Racing",2019,"Panini","Victory Lane","Starting Grid","Ryan Blaney","Menards | Team Penske | Ford","Driver",21,
"Racing",2019,"Panini","Victory Lane","Starting Grid","Denny Hamlin","FedEx Express | Joe Gibbs Racing | Toyota","Driver",22,
"Racing",2019,"Panini","Victory Lane","Starting Grid","Brad Keselowski","Discount Tire | Team Penske | Ford","Driver",23,
"Racing",2019,"Panini","Victory Lane","Starting Grid","Daniel Hemric","Bass Pro Shops | Richard Childress Racing | Chevrolet","Driver",24,
"Racing",2019,"Panini","Victory Lane","Starting Grid","Ryan Newman","Oscar Mayer | Roush Fenway Racing | Ford","Driver",25,
"Racing",2019,"Panini","Victory Lane","Starting Grid Black","Austin Dillon","Dow Chemical | Richard Childress Racing | Chevrolet","Driver",1,1
"Racing",2019,"Panini","Victory Lane","Starting Grid Black","Ricky Stenhouse Jr","Fastenal | Roush Fenway Racing | Ford","Driver",2,1
"Racing",2019,"Panini","Victory Lane","Starting Grid Black","Jimmie Johnson","Ally Financial | Hendrick Motorsports | Chevrolet","Driver",3,1
"Racing",2019,"Panini","Victory Lane","Starting Grid Black","Kevin Harvick","Jimmy John's | Stewart-Haas Racing | Ford","Driver",4,1
"Racing",2019,"Panini","Victory Lane","Starting Grid Black","Ty Dillon","GEICO | Germain Racing | Chevrolet","Driver",5,1
"Racing",2019,"Panini","Victory Lane","Starting Grid Black","Tanner Berryhill","Obaika Racing | Toyota","Driver",6,1
"Racing",2019,"Panini","Victory Lane","Starting Grid Black","Matt Tifft","Tunity | Front Row Motorsports | Ford","Driver",7,1
"Racing",2019,"Panini","Victory Lane","Starting Grid Black","Kyle Busch","M&M's | Joe Gibbs Racing | Toyota","Driver",8,1
"Racing",2019,"Panini","Victory Lane","Starting Grid Black","Bubba Wallace","Aftershokz | Richard Petty Motorsports | Chevrolet","Driver",9,1
"Racing",2019,"Panini","Victory Lane","Starting Grid Black","William Byron","AXALTA | Hendrick Motorsports | Chevrolet","Driver",10,1
"Racing",2019,"Panini","Victory Lane","Starting Grid Black","Martin Truex Jr.","Bass Pro Shops | Joe Gibbs Racing | Toyota","Driver",11,1
"Racing",2019,"Panini","Victory Lane","Starting Grid Black","Joey Logano","Shell-Pennzoil | Team Penske | Ford","Driver",12,1
"Racing",2019,"Panini","Victory Lane","Starting Grid Black","Aric Almirola","Smithfield Foods | Stewart-Haas Racing | Ford","Driver",13,1
"Racing",2019,"Panini","Victory Lane","Starting Grid Black","Ryan Preece","Kroger Click List | JTG Daugherty Racing | Chevrolet","Driver",14,1
"Racing",2019,"Panini","Victory Lane","Starting Grid Black","Clint Bowyer","Rush Truck Centers | Stewart-Haas Racing| Ford","Driver",15,1
"Racing",2019,"Panini","Victory Lane","Starting Grid Black","Kyle Larson","Credit One Bank | Chip Ganassi Racing | Chevrolet","Driver",16,1
"Racing",2019,"Panini","Victory Lane","Starting Grid Black","Kurt Busch","Comsurv | Chip Ganassi Racing | Chevrolet","Driver",17,1
"Racing",2019,"Panini","Victory Lane","Starting Grid Black","Alex Bowman","Nationwide | Hendrick Motorsports | Chevrolet","Driver",18,1
"Racing",2019,"Panini","Victory Lane","Starting Grid Black","Chase Elliott","NAPA Auto Parts | Hendrick Motorsports | Chevrolet","Driver",19,1
"Racing",2019,"Panini","Victory Lane","Starting Grid Black","Daniel Suarez","Haas Automation | Stewart-Haas Racing | Ford","Driver",20,1
"Racing",2019,"Panini","Victory Lane","Starting Grid Black","Ryan Blaney","Menards | Team Penske | Ford","Driver",21,1
"Racing",2019,"Panini","Victory Lane","Starting Grid Black","Denny Hamlin","FedEx Express | Joe Gibbs Racing | Toyota","Driver",22,1
"Racing",2019,"Panini","Victory Lane","Starting Grid Black","Brad Keselowski","Discount Tire | Team Penske | Ford","Driver",23,1
"Racing",2019,"Panini","Victory Lane","Starting Grid Black","Daniel Hemric","Bass Pro Shops | Richard Childress Racing | Chevrolet","Driver",24,1
"Racing",2019,"Panini","Victory Lane","Starting Grid Black","Ryan Newman","Oscar Mayer | Roush Fenway Racing | Ford","Driver",25,1
"Racing",2019,"Panini","Victory Lane","Starting Grid Blue","Austin Dillon","Dow Chemical | Richard Childress Racing | Chevrolet","Driver",1,99
"Racing",2019,"Panini","Victory Lane","Starting Grid Blue","Ricky Stenhouse Jr","Fastenal | Roush Fenway Racing | Ford","Driver",2,99
"Racing",2019,"Panini","Victory Lane","Starting Grid Blue","Jimmie Johnson","Ally Financial | Hendrick Motorsports | Chevrolet","Driver",3,99
"Racing",2019,"Panini","Victory Lane","Starting Grid Blue","Kevin Harvick","Jimmy John's | Stewart-Haas Racing | Ford","Driver",4,99
"Racing",2019,"Panini","Victory Lane","Starting Grid Blue","Ty Dillon","GEICO | Germain Racing | Chevrolet","Driver",5,99
"Racing",2019,"Panini","Victory Lane","Starting Grid Blue","Tanner Berryhill","Obaika Racing | Toyota","Driver",6,99
"Racing",2019,"Panini","Victory Lane","Starting Grid Blue","Matt Tifft","Tunity | Front Row Motorsports | Ford","Driver",7,99
"Racing",2019,"Panini","Victory Lane","Starting Grid Blue","Kyle Busch","M&M's | Joe Gibbs Racing | Toyota","Driver",8,99
"Racing",2019,"Panini","Victory Lane","Starting Grid Blue","Bubba Wallace","Aftershokz | Richard Petty Motorsports | Chevrolet","Driver",9,99
"Racing",2019,"Panini","Victory Lane","Starting Grid Blue","William Byron","AXALTA | Hendrick Motorsports | Chevrolet","Driver",10,99
"Racing",2019,"Panini","Victory Lane","Starting Grid Blue","Martin Truex Jr.","Bass Pro Shops | Joe Gibbs Racing | Toyota","Driver",11,99
"Racing",2019,"Panini","Victory Lane","Starting Grid Blue","Joey Logano","Shell-Pennzoil | Team Penske | Ford","Driver",12,99
"Racing",2019,"Panini","Victory Lane","Starting Grid Blue","Aric Almirola","Smithfield Foods | Stewart-Haas Racing | Ford","Driver",13,99
"Racing",2019,"Panini","Victory Lane","Starting Grid Blue","Ryan Preece","Kroger Click List | JTG Daugherty Racing | Chevrolet","Driver",14,99
"Racing",2019,"Panini","Victory Lane","Starting Grid Blue","Clint Bowyer","Rush Truck Centers | Stewart-Haas Racing| Ford","Driver",15,99
"Racing",2019,"Panini","Victory Lane","Starting Grid Blue","Kyle Larson","Credit One Bank | Chip Ganassi Racing | Chevrolet","Driver",16,99
"Racing",2019,"Panini","Victory Lane","Starting Grid Blue","Kurt Busch","Comsurv | Chip Ganassi Racing | Chevrolet","Driver",17,99
"Racing",2019,"Panini","Victory Lane","Starting Grid Blue","Alex Bowman","Nationwide | Hendrick Motorsports | Chevrolet","Driver",18,99
"Racing",2019,"Panini","Victory Lane","Starting Grid Blue","Chase Elliott","NAPA Auto Parts | Hendrick Motorsports | Chevrolet","Driver",19,99
"Racing",2019,"Panini","Victory Lane","Starting Grid Blue","Daniel Suarez","Haas Automation | Stewart-Haas Racing | Ford","Driver",20,99
"Racing",2019,"Panini","Victory Lane","Starting Grid Blue","Ryan Blaney","Menards | Team Penske | Ford","Driver",21,99
"Racing",2019,"Panini","Victory Lane","Starting Grid Blue","Denny Hamlin","FedEx Express | Joe Gibbs Racing | Toyota","Driver",22,99
"Racing",2019,"Panini","Victory Lane","Starting Grid Blue","Brad Keselowski","Discount Tire | Team Penske | Ford","Driver",23,99
"Racing",2019,"Panini","Victory Lane","Starting Grid Blue","Daniel Hemric","Bass Pro Shops | Richard Childress Racing | Chevrolet","Driver",24,99
"Racing",2019,"Panini","Victory Lane","Starting Grid Blue","Ryan Newman","Oscar Mayer | Roush Fenway Racing | Ford","Driver",25,99
"Racing",2019,"Panini","Victory Lane","Starting Grid Gold","Austin Dillon","Dow Chemical | Richard Childress Racing | Chevrolet","Driver",1,25
"Racing",2019,"Panini","Victory Lane","Starting Grid Gold","Ricky Stenhouse Jr","Fastenal | Roush Fenway Racing | Ford","Driver",2,25
"Racing",2019,"Panini","Victory Lane","Starting Grid Gold","Jimmie Johnson","Ally Financial | Hendrick Motorsports | Chevrolet","Driver",3,25
"Racing",2019,"Panini","Victory Lane","Starting Grid Gold","Kevin Harvick","Jimmy John's | Stewart-Haas Racing | Ford","Driver",4,25
"Racing",2019,"Panini","Victory Lane","Starting Grid Gold","Ty Dillon","GEICO | Germain Racing | Chevrolet","Driver",5,25
"Racing",2019,"Panini","Victory Lane","Starting Grid Gold","Tanner Berryhill","Obaika Racing | Toyota","Driver",6,25
"Racing",2019,"Panini","Victory Lane","Starting Grid Gold","Matt Tifft","Tunity | Front Row Motorsports | Ford","Driver",7,25
"Racing",2019,"Panini","Victory Lane","Starting Grid Gold","Kyle Busch","M&M's | Joe Gibbs Racing | Toyota","Driver",8,25
"Racing",2019,"Panini","Victory Lane","Starting Grid Gold","Bubba Wallace","Aftershokz | Richard Petty Motorsports | Chevrolet","Driver",9,25
"Racing",2019,"Panini","Victory Lane","Starting Grid Gold","William Byron","AXALTA | Hendrick Motorsports | Chevrolet","Driver",10,25
"Racing",2019,"Panini","Victory Lane","Starting Grid Gold","Martin Truex Jr.","Bass Pro Shops | Joe Gibbs Racing | Toyota","Driver",11,25
"Racing",2019,"Panini","Victory Lane","Starting Grid Gold","Joey Logano","Shell-Pennzoil | Team Penske | Ford","Driver",12,25
"Racing",2019,"Panini","Victory Lane","Starting Grid Gold","Aric Almirola","Smithfield Foods | Stewart-Haas Racing | Ford","Driver",13,25
"Racing",2019,"Panini","Victory Lane","Starting Grid Gold","Ryan Preece","Kroger Click List | JTG Daugherty Racing | Chevrolet","Driver",14,25
"Racing",2019,"Panini","Victory Lane","Starting Grid Gold","Clint Bowyer","Rush Truck Centers | Stewart-Haas Racing| Ford","Driver",15,25
"Racing",2019,"Panini","Victory Lane","Starting Grid Gold","Kyle Larson","Credit One Bank | Chip Ganassi Racing | Chevrolet","Driver",16,25
"Racing",2019,"Panini","Victory Lane","Starting Grid Gold","Kurt Busch","Comsurv | Chip Ganassi Racing | Chevrolet","Driver",17,25
"Racing",2019,"Panini","Victory Lane","Starting Grid Gold","Alex Bowman","Nationwide | Hendrick Motorsports | Chevrolet","Driver",18,25
"Racing",2019,"Panini","Victory Lane","Starting Grid Gold","Chase Elliott","NAPA Auto Parts | Hendrick Motorsports | Chevrolet","Driver",19,25
"Racing",2019,"Panini","Victory Lane","Starting Grid Gold","Daniel Suarez","Haas Automation | Stewart-Haas Racing | Ford","Driver",20,25
"Racing",2019,"Panini","Victory Lane","Starting Grid Gold","Ryan Blaney","Menards | Team Penske | Ford","Driver",21,25
"Racing",2019,"Panini","Victory Lane","Starting Grid Gold","Denny Hamlin","FedEx Express | Joe Gibbs Racing | Toyota","Driver",22,25
"Racing",2019,"Panini","Victory Lane","Starting Grid Gold","Brad Keselowski","Discount Tire | Team Penske | Ford","Driver",23,25
"Racing",2019,"Panini","Victory Lane","Starting Grid Gold","Daniel Hemric","Bass Pro Shops | Richard Childress Racing | Chevrolet","Driver",24,25
"Racing",2019,"Panini","Victory Lane","Starting Grid Gold","Ryan Newman","Oscar Mayer | Roush Fenway Racing | Ford","Driver",25,25
"Racing",2019,"Panini","Victory Lane","Starting Grid Green","Austin Dillon","Dow Chemical | Richard Childress Racing | Chevrolet","Driver",1,5
"Racing",2019,"Panini","Victory Lane","Starting Grid Green","Ricky Stenhouse Jr","Fastenal | Roush Fenway Racing | Ford","Driver",2,5
"Racing",2019,"Panini","Victory Lane","Starting Grid Green","Jimmie Johnson","Ally Financial | Hendrick Motorsports | Chevrolet","Driver",3,5
"Racing",2019,"Panini","Victory Lane","Starting Grid Green","Kevin Harvick","Jimmy John's | Stewart-Haas Racing | Ford","Driver",4,5
"Racing",2019,"Panini","Victory Lane","Starting Grid Green","Ty Dillon","GEICO | Germain Racing | Chevrolet","Driver",5,5
"Racing",2019,"Panini","Victory Lane","Starting Grid Green","Tanner Berryhill","Obaika Racing | Toyota","Driver",6,5
"Racing",2019,"Panini","Victory Lane","Starting Grid Green","Matt Tifft","Tunity | Front Row Motorsports | Ford","Driver",7,5
"Racing",2019,"Panini","Victory Lane","Starting Grid Green","Kyle Busch","M&M's | Joe Gibbs Racing | Toyota","Driver",8,5
"Racing",2019,"Panini","Victory Lane","Starting Grid Green","Bubba Wallace","Aftershokz | Richard Petty Motorsports | Chevrolet","Driver",9,5
"Racing",2019,"Panini","Victory Lane","Starting Grid Green","William Byron","AXALTA | Hendrick Motorsports | Chevrolet","Driver",10,5
"Racing",2019,"Panini","Victory Lane","Starting Grid Green","Martin Truex Jr.","Bass Pro Shops | Joe Gibbs Racing | Toyota","Driver",11,5
"Racing",2019,"Panini","Victory Lane","Starting Grid Green","Joey Logano","Shell-Pennzoil | Team Penske | Ford","Driver",12,5
"Racing",2019,"Panini","Victory Lane","Starting Grid Green","Aric Almirola","Smithfield Foods | Stewart-Haas Racing | Ford","Driver",13,5
"Racing",2019,"Panini","Victory Lane","Starting Grid Green","Ryan Preece","Kroger Click List | JTG Daugherty Racing | Chevrolet","Driver",14,5
"Racing",2019,"Panini","Victory Lane","Starting Grid Green","Clint Bowyer","Rush Truck Centers | Stewart-Haas Racing| Ford","Driver",15,5
"Racing",2019,"Panini","Victory Lane","Starting Grid Green","Kyle Larson","Credit One Bank | Chip Ganassi Racing | Chevrolet","Driver",16,5
"Racing",2019,"Panini","Victory Lane","Starting Grid Green","Kurt Busch","Comsurv | Chip Ganassi Racing | Chevrolet","Driver",17,5
"Racing",2019,"Panini","Victory Lane","Starting Grid Green","Alex Bowman","Nationwide | Hendrick Motorsports | Chevrolet","Driver",18,5
"Racing",2019,"Panini","Victory Lane","Starting Grid Green","Chase Elliott","NAPA Auto Parts | Hendrick Motorsports | Chevrolet","Driver",19,5
"Racing",2019,"Panini","Victory Lane","Starting Grid Green","Daniel Suarez","Haas Automation | Stewart-Haas Racing | Ford","Driver",20,5
"Racing",2019,"Panini","Victory Lane","Starting Grid Green","Ryan Blaney","Menards | Team Penske | Ford","Driver",21,5
"Racing",2019,"Panini","Victory Lane","Starting Grid Green","Denny Hamlin","FedEx Express | Joe Gibbs Racing | Toyota","Driver",22,5
"Racing",2019,"Panini","Victory Lane","Starting Grid Green","Brad Keselowski","Discount Tire | Team Penske | Ford","Driver",23,5
"Racing",2019,"Panini","Victory Lane","Starting Grid Green","Daniel Hemric","Bass Pro Shops | Richard Childress Racing | Chevrolet","Driver",24,5
"Racing",2019,"Panini","Victory Lane","Starting Grid Green","Ryan Newman","Oscar Mayer | Roush Fenway Racing | Ford","Driver",25,5
"Racing",2019,"Panini","Victory Lane","Starting Grid Printing Plates Black","Austin Dillon","Dow Chemical | Richard Childress Racing | Chevrolet","Driver",1,1
"Racing",2019,"Panini","Victory Lane","Starting Grid Printing Plates Black","Ricky Stenhouse Jr","Fastenal | Roush Fenway Racing | Ford","Driver",2,1
"Racing",2019,"Panini","Victory Lane","Starting Grid Printing Plates Black","Jimmie Johnson","Ally Financial | Hendrick Motorsports | Chevrolet","Driver",3,1
"Racing",2019,"Panini","Victory Lane","Starting Grid Printing Plates Black","Kevin Harvick","Jimmy John's | Stewart-Haas Racing | Ford","Driver",4,1
"Racing",2019,"Panini","Victory Lane","Starting Grid Printing Plates Black","Ty Dillon","GEICO | Germain Racing | Chevrolet","Driver",5,1
"Racing",2019,"Panini","Victory Lane","Starting Grid Printing Plates Black","Tanner Berryhill","Obaika Racing | Toyota","Driver",6,1
"Racing",2019,"Panini","Victory Lane","Starting Grid Printing Plates Black","Matt Tifft","Tunity | Front Row Motorsports | Ford","Driver",7,1
"Racing",2019,"Panini","Victory Lane","Starting Grid Printing Plates Black","Kyle Busch","M&M's | Joe Gibbs Racing | Toyota","Driver",8,1
"Racing",2019,"Panini","Victory Lane","Starting Grid Printing Plates Black","Bubba Wallace","Aftershokz | Richard Petty Motorsports | Chevrolet","Driver",9,1
"Racing",2019,"Panini","Victory Lane","Starting Grid Printing Plates Black","William Byron","AXALTA | Hendrick Motorsports | Chevrolet","Driver",10,1
"Racing",2019,"Panini","Victory Lane","Starting Grid Printing Plates Black","Martin Truex Jr.","Bass Pro Shops | Joe Gibbs Racing | Toyota","Driver",11,1
"Racing",2019,"Panini","Victory Lane","Starting Grid Printing Plates Black","Joey Logano","Shell-Pennzoil | Team Penske | Ford","Driver",12,1
"Racing",2019,"Panini","Victory Lane","Starting Grid Printing Plates Black","Aric Almirola","Smithfield Foods | Stewart-Haas Racing | Ford","Driver",13,1
"Racing",2019,"Panini","Victory Lane","Starting Grid Printing Plates Black","Ryan Preece","Kroger Click List | JTG Daugherty Racing | Chevrolet","Driver",14,1
"Racing",2019,"Panini","Victory Lane","Starting Grid Printing Plates Black","Clint Bowyer","Rush Truck Centers | Stewart-Haas Racing| Ford","Driver",15,1
"Racing",2019,"Panini","Victory Lane","Starting Grid Printing Plates Black","Kyle Larson","Credit One Bank | Chip Ganassi Racing | Chevrolet","Driver",16,1
"Racing",2019,"Panini","Victory Lane","Starting Grid Printing Plates Black","Kurt Busch","Comsurv | Chip Ganassi Racing | Chevrolet","Driver",17,1
"Racing",2019,"Panini","Victory Lane","Starting Grid Printing Plates Black","Alex Bowman","Nationwide | Hendrick Motorsports | Chevrolet","Driver",18,1
"Racing",2019,"Panini","Victory Lane","Starting Grid Printing Plates Black","Chase Elliott","NAPA Auto Parts | Hendrick Motorsports | Chevrolet","Driver",19,1
"Racing",2019,"Panini","Victory Lane","Starting Grid Printing Plates Black","Daniel Suarez","Haas Automation | Stewart-Haas Racing | Ford","Driver",20,1
"Racing",2019,"Panini","Victory Lane","Starting Grid Printing Plates Black","Ryan Blaney","Menards | Team Penske | Ford","Driver",21,1
"Racing",2019,"Panini","Victory Lane","Starting Grid Printing Plates Black","Denny Hamlin","FedEx Express | Joe Gibbs Racing | Toyota","Driver",22,1
"Racing",2019,"Panini","Victory Lane","Starting Grid Printing Plates Black","Brad Keselowski","Discount Tire | Team Penske | Ford","Driver",23,1
"Racing",2019,"Panini","Victory Lane","Starting Grid Printing Plates Black","Daniel Hemric","Bass Pro Shops | Richard Childress Racing | Chevrolet","Driver",24,1
"Racing",2019,"Panini","Victory Lane","Starting Grid Printing Plates Black","Ryan Newman","Oscar Mayer | Roush Fenway Racing | Ford","Driver",25,1
"Racing",2019,"Panini","Victory Lane","Starting Grid Printing Plates Cyan","Austin Dillon","Dow Chemical | Richard Childress Racing | Chevrolet","Driver",1,1
"Racing",2019,"Panini","Victory Lane","Starting Grid Printing Plates Cyan","Ricky Stenhouse Jr","Fastenal | Roush Fenway Racing | Ford","Driver",2,1
"Racing",2019,"Panini","Victory Lane","Starting Grid Printing Plates Cyan","Jimmie Johnson","Ally Financial | Hendrick Motorsports | Chevrolet","Driver",3,1
"Racing",2019,"Panini","Victory Lane","Starting Grid Printing Plates Cyan","Kevin Harvick","Jimmy John's | Stewart-Haas Racing | Ford","Driver",4,1
"Racing",2019,"Panini","Victory Lane","Starting Grid Printing Plates Cyan","Ty Dillon","GEICO | Germain Racing | Chevrolet","Driver",5,1
"Racing",2019,"Panini","Victory Lane","Starting Grid Printing Plates Cyan","Tanner Berryhill","Obaika Racing | Toyota","Driver",6,1
"Racing",2019,"Panini","Victory Lane","Starting Grid Printing Plates Cyan","Matt Tifft","Tunity | Front Row Motorsports | Ford","Driver",7,1
"Racing",2019,"Panini","Victory Lane","Starting Grid Printing Plates Cyan","Kyle Busch","M&M's | Joe Gibbs Racing | Toyota","Driver",8,1
"Racing",2019,"Panini","Victory Lane","Starting Grid Printing Plates Cyan","Bubba Wallace","Aftershokz | Richard Petty Motorsports | Chevrolet","Driver",9,1
"Racing",2019,"Panini","Victory Lane","Starting Grid Printing Plates Cyan","William Byron","AXALTA | Hendrick Motorsports | Chevrolet","Driver",10,1
"Racing",2019,"Panini","Victory Lane","Starting Grid Printing Plates Cyan","Martin Truex Jr.","Bass Pro Shops | Joe Gibbs Racing | Toyota","Driver",11,1
"Racing",2019,"Panini","Victory Lane","Starting Grid Printing Plates Cyan","Joey Logano","Shell-Pennzoil | Team Penske | Ford","Driver",12,1
"Racing",2019,"Panini","Victory Lane","Starting Grid Printing Plates Cyan","Aric Almirola","Smithfield Foods | Stewart-Haas Racing | Ford","Driver",13,1
"Racing",2019,"Panini","Victory Lane","Starting Grid Printing Plates Cyan","Ryan Preece","Kroger Click List | JTG Daugherty Racing | Chevrolet","Driver",14,1
"Racing",2019,"Panini","Victory Lane","Starting Grid Printing Plates Cyan","Clint Bowyer","Rush Truck Centers | Stewart-Haas Racing| Ford","Driver",15,1
"Racing",2019,"Panini","Victory Lane","Starting Grid Printing Plates Cyan","Kyle Larson","Credit One Bank | Chip Ganassi Racing | Chevrolet","Driver",16,1
"Racing",2019,"Panini","Victory Lane","Starting Grid Printing Plates Cyan","Kurt Busch","Comsurv | Chip Ganassi Racing | Chevrolet","Driver",17,1
"Racing",2019,"Panini","Victory Lane","Starting Grid Printing Plates Cyan","Alex Bowman","Nationwide | Hendrick Motorsports | Chevrolet","Driver",18,1
"Racing",2019,"Panini","Victory Lane","Starting Grid Printing Plates Cyan","Chase Elliott","NAPA Auto Parts | Hendrick Motorsports | Chevrolet","Driver",19,1
"Racing",2019,"Panini","Victory Lane","Starting Grid Printing Plates Cyan","Daniel Suarez","Haas Automation | Stewart-Haas Racing | Ford","Driver",20,1
"Racing",2019,"Panini","Victory Lane","Starting Grid Printing Plates Cyan","Ryan Blaney","Menards | Team Penske | Ford","Driver",21,1
"Racing",2019,"Panini","Victory Lane","Starting Grid Printing Plates Cyan","Denny Hamlin","FedEx Express | Joe Gibbs Racing | Toyota","Driver",22,1
"Racing",2019,"Panini","Victory Lane","Starting Grid Printing Plates Cyan","Brad Keselowski","Discount Tire | Team Penske | Ford","Driver",23,1
"Racing",2019,"Panini","Victory Lane","Starting Grid Printing Plates Cyan","Daniel Hemric","Bass Pro Shops | Richard Childress Racing | Chevrolet","Driver",24,1
"Racing",2019,"Panini","Victory Lane","Starting Grid Printing Plates Cyan","Ryan Newman","Oscar Mayer | Roush Fenway Racing | Ford","Driver",25,1
"Racing",2019,"Panini","Victory Lane","Starting Grid Printing Plates Magenta","Austin Dillon","Dow Chemical | Richard Childress Racing | Chevrolet","Driver",1,1
"Racing",2019,"Panini","Victory Lane","Starting Grid Printing Plates Magenta","Ricky Stenhouse Jr","Fastenal | Roush Fenway Racing | Ford","Driver",2,1
"Racing",2019,"Panini","Victory Lane","Starting Grid Printing Plates Magenta","Jimmie Johnson","Ally Financial | Hendrick Motorsports | Chevrolet","Driver",3,1
"Racing",2019,"Panini","Victory Lane","Starting Grid Printing Plates Magenta","Kevin Harvick","Jimmy John's | Stewart-Haas Racing | Ford","Driver",4,1
"Racing",2019,"Panini","Victory Lane","Starting Grid Printing Plates Magenta","Ty Dillon","GEICO | Germain Racing | Chevrolet","Driver",5,1
"Racing",2019,"Panini","Victory Lane","Starting Grid Printing Plates Magenta","Tanner Berryhill","Obaika Racing | Toyota","Driver",6,1
"Racing",2019,"Panini","Victory Lane","Starting Grid Printing Plates Magenta","Matt Tifft","Tunity | Front Row Motorsports | Ford","Driver",7,1
"Racing",2019,"Panini","Victory Lane","Starting Grid Printing Plates Magenta","Kyle Busch","M&M's | Joe Gibbs Racing | Toyota","Driver",8,1
"Racing",2019,"Panini","Victory Lane","Starting Grid Printing Plates Magenta","Bubba Wallace","Aftershokz | Richard Petty Motorsports | Chevrolet","Driver",9,1
"Racing",2019,"Panini","Victory Lane","Starting Grid Printing Plates Magenta","William Byron","AXALTA | Hendrick Motorsports | Chevrolet","Driver",10,1
"Racing",2019,"Panini","Victory Lane","Starting Grid Printing Plates Magenta","Martin Truex Jr.","Bass Pro Shops | Joe Gibbs Racing | Toyota","Driver",11,1
"Racing",2019,"Panini","Victory Lane","Starting Grid Printing Plates Magenta","Joey Logano","Shell-Pennzoil | Team Penske | Ford","Driver",12,1
"Racing",2019,"Panini","Victory Lane","Starting Grid Printing Plates Magenta","Aric Almirola","Smithfield Foods | Stewart-Haas Racing | Ford","Driver",13,1
"Racing",2019,"Panini","Victory Lane","Starting Grid Printing Plates Magenta","Ryan Preece","Kroger Click List | JTG Daugherty Racing | Chevrolet","Driver",14,1
"Racing",2019,"Panini","Victory Lane","Starting Grid Printing Plates Magenta","Clint Bowyer","Rush Truck Centers | Stewart-Haas Racing| Ford","Driver",15,1
"Racing",2019,"Panini","Victory Lane","Starting Grid Printing Plates Magenta","Kyle Larson","Credit One Bank | Chip Ganassi Racing | Chevrolet","Driver",16,1
"Racing",2019,"Panini","Victory Lane","Starting Grid Printing Plates Magenta","Kurt Busch","Comsurv | Chip Ganassi Racing | Chevrolet","Driver",17,1
"Racing",2019,"Panini","Victory Lane","Starting Grid Printing Plates Magenta","Alex Bowman","Nationwide | Hendrick Motorsports | Chevrolet","Driver",18,1
"Racing",2019,"Panini","Victory Lane","Starting Grid Printing Plates Magenta","Chase Elliott","NAPA Auto Parts | Hendrick Motorsports | Chevrolet","Driver",19,1
"Racing",2019,"Panini","Victory Lane","Starting Grid Printing Plates Magenta","Daniel Suarez","Haas Automation | Stewart-Haas Racing | Ford","Driver",20,1
"Racing",2019,"Panini","Victory Lane","Starting Grid Printing Plates Magenta","Ryan Blaney","Menards | Team Penske | Ford","Driver",21,1
"Racing",2019,"Panini","Victory Lane","Starting Grid Printing Plates Magenta","Denny Hamlin","FedEx Express | Joe Gibbs Racing | Toyota","Driver",22,1
"Racing",2019,"Panini","Victory Lane","Starting Grid Printing Plates Magenta","Brad Keselowski","Discount Tire | Team Penske | Ford","Driver",23,1
"Racing",2019,"Panini","Victory Lane","Starting Grid Printing Plates Magenta","Daniel Hemric","Bass Pro Shops | Richard Childress Racing | Chevrolet","Driver",24,1
"Racing",2019,"Panini","Victory Lane","Starting Grid Printing Plates Magenta","Ryan Newman","Oscar Mayer | Roush Fenway Racing | Ford","Driver",25,1
"Racing",2019,"Panini","Victory Lane","Starting Grid Printing Plates Yellow","Austin Dillon","Dow Chemical | Richard Childress Racing | Chevrolet","Driver",1,1
"Racing",2019,"Panini","Victory Lane","Starting Grid Printing Plates Yellow","Ricky Stenhouse Jr","Fastenal | Roush Fenway Racing | Ford","Driver",2,1
"Racing",2019,"Panini","Victory Lane","Starting Grid Printing Plates Yellow","Jimmie Johnson","Ally Financial | Hendrick Motorsports | Chevrolet","Driver",3,1
"Racing",2019,"Panini","Victory Lane","Starting Grid Printing Plates Yellow","Kevin Harvick","Jimmy John's | Stewart-Haas Racing | Ford","Driver",4,1
"Racing",2019,"Panini","Victory Lane","Starting Grid Printing Plates Yellow","Ty Dillon","GEICO | Germain Racing | Chevrolet","Driver",5,1
"Racing",2019,"Panini","Victory Lane","Starting Grid Printing Plates Yellow","Tanner Berryhill","Obaika Racing | Toyota","Driver",6,1
"Racing",2019,"Panini","Victory Lane","Starting Grid Printing Plates Yellow","Matt Tifft","Tunity | Front Row Motorsports | Ford","Driver",7,1
"Racing",2019,"Panini","Victory Lane","Starting Grid Printing Plates Yellow","Kyle Busch","M&M's | Joe Gibbs Racing | Toyota","Driver",8,1
"Racing",2019,"Panini","Victory Lane","Starting Grid Printing Plates Yellow","Bubba Wallace","Aftershokz | Richard Petty Motorsports | Chevrolet","Driver",9,1
"Racing",2019,"Panini","Victory Lane","Starting Grid Printing Plates Yellow","William Byron","AXALTA | Hendrick Motorsports | Chevrolet","Driver",10,1
"Racing",2019,"Panini","Victory Lane","Starting Grid Printing Plates Yellow","Martin Truex Jr.","Bass Pro Shops | Joe Gibbs Racing | Toyota","Driver",11,1
"Racing",2019,"Panini","Victory Lane","Starting Grid Printing Plates Yellow","Joey Logano","Shell-Pennzoil | Team Penske | Ford","Driver",12,1
"Racing",2019,"Panini","Victory Lane","Starting Grid Printing Plates Yellow","Aric Almirola","Smithfield Foods | Stewart-Haas Racing | Ford","Driver",13,1
"Racing",2019,"Panini","Victory Lane","Starting Grid Printing Plates Yellow","Ryan Preece","Kroger Click List | JTG Daugherty Racing | Chevrolet","Driver",14,1
"Racing",2019,"Panini","Victory Lane","Starting Grid Printing Plates Yellow","Clint Bowyer","Rush Truck Centers | Stewart-Haas Racing| Ford","Driver",15,1
"Racing",2019,"Panini","Victory Lane","Starting Grid Printing Plates Yellow","Kyle Larson","Credit One Bank | Chip Ganassi Racing | Chevrolet","Driver",16,1
"Racing",2019,"Panini","Victory Lane","Starting Grid Printing Plates Yellow","Kurt Busch","Comsurv | Chip Ganassi Racing | Chevrolet","Driver",17,1
"Racing",2019,"Panini","Victory Lane","Starting Grid Printing Plates Yellow","Alex Bowman","Nationwide | Hendrick Motorsports | Chevrolet","Driver",18,1
"Racing",2019,"Panini","Victory Lane","Starting Grid Printing Plates Yellow","Chase Elliott","NAPA Auto Parts | Hendrick Motorsports | Chevrolet","Driver",19,1
"Racing",2019,"Panini","Victory Lane","Starting Grid Printing Plates Yellow","Daniel Suarez","Haas Automation | Stewart-Haas Racing | Ford","Driver",20,1
"Racing",2019,"Panini","Victory Lane","Starting Grid Printing Plates Yellow","Ryan Blaney","Menards | Team Penske | Ford","Driver",21,1
"Racing",2019,"Panini","Victory Lane","Starting Grid Printing Plates Yellow","Denny Hamlin","FedEx Express | Joe Gibbs Racing | Toyota","Driver",22,1
"Racing",2019,"Panini","Victory Lane","Starting Grid Printing Plates Yellow","Brad Keselowski","Discount Tire | Team Penske | Ford","Driver",23,1
"Racing",2019,"Panini","Victory Lane","Starting Grid Printing Plates Yellow","Daniel Hemric","Bass Pro Shops | Richard Childress Racing | Chevrolet","Driver",24,1
"Racing",2019,"Panini","Victory Lane","Starting Grid Printing Plates Yellow","Ryan Newman","Oscar Mayer | Roush Fenway Racing | Ford","Driver",25,1
"Racing",2019,"Panini","Victory Lane","Top 10","Joey Logano","Shell-Pennzoil | Team Penske | Ford","Driver",1,
"Racing",2019,"Panini","Victory Lane","Top 10","Martin Truex Jr.","Bass Pro Shops | Joe Gibbs Racing | Toyota","Driver",2,
"Racing",2019,"Panini","Victory Lane","Top 10","Kevin Harvick","Jimmy John's | Stewart-Haas Racing | Ford","Driver",3,
"Racing",2019,"Panini","Victory Lane","Top 10","Kyle Busch","M&M's | Joe Gibbs Racing | Toyota","Driver",4,
"Racing",2019,"Panini","Victory Lane","Top 10","Aric Almirola","Smithfield Foods | Stewart-Haas Racing | Ford","Driver",5,
"Racing",2019,"Panini","Victory Lane","Top 10","Chase Elliott","NAPA Auto Parts | Hendrick Motorsports | Chevrolet","Driver",6,
"Racing",2019,"Panini","Victory Lane","Top 10","Denny Hamlin","FedEx Express | Joe Gibbs Racing | Toyota","Driver",7,
"Racing",2019,"Panini","Victory Lane","Top 10","Brad Keselowski","Discount Tire | Team Penske | Ford","Driver",8,
"Racing",2019,"Panini","Victory Lane","Top 10","Kyle Larson","Credit One Bank | Chip Ganassi Racing | Chevrolet","Driver",9,
"Racing",2019,"Panini","Victory Lane","Top 10","Ryan Blaney","Menards | Team Penske | Ford","Driver",10,
"Racing",2019,"Panini","Victory Lane","Top 10 Black","Joey Logano","Shell-Pennzoil | Team Penske | Ford","Driver",1,1
"Racing",2019,"Panini","Victory Lane","Top 10 Black","Martin Truex Jr.","Bass Pro Shops | Joe Gibbs Racing | Toyota","Driver",2,1
"Racing",2019,"Panini","Victory Lane","Top 10 Black","Kevin Harvick","Jimmy John's | Stewart-Haas Racing | Ford","Driver",3,1
"Racing",2019,"Panini","Victory Lane","Top 10 Black","Kyle Busch","M&M's | Joe Gibbs Racing | Toyota","Driver",4,1
"Racing",2019,"Panini","Victory Lane","Top 10 Black","Aric Almirola","Smithfield Foods | Stewart-Haas Racing | Ford","Driver",5,1
"Racing",2019,"Panini","Victory Lane","Top 10 Black","Chase Elliott","NAPA Auto Parts | Hendrick Motorsports | Chevrolet","Driver",6,1
"Racing",2019,"Panini","Victory Lane","Top 10 Black","Denny Hamlin","FedEx Express | Joe Gibbs Racing | Toyota","Driver",7,1
"Racing",2019,"Panini","Victory Lane","Top 10 Black","Brad Keselowski","Discount Tire | Team Penske | Ford","Driver",8,1
"Racing",2019,"Panini","Victory Lane","Top 10 Black","Kyle Larson","Credit One Bank | Chip Ganassi Racing | Chevrolet","Driver",9,1
"Racing",2019,"Panini","Victory Lane","Top 10 Black","Ryan Blaney","Menards | Team Penske | Ford","Driver",10,1
"Racing",2019,"Panini","Victory Lane","Top 10 Blue","Joey Logano","Shell-Pennzoil | Team Penske | Ford","Driver",1,99
"Racing",2019,"Panini","Victory Lane","Top 10 Blue","Martin Truex Jr.","Bass Pro Shops | Joe Gibbs Racing | Toyota","Driver",2,99
"Racing",2019,"Panini","Victory Lane","Top 10 Blue","Kevin Harvick","Jimmy John's | Stewart-Haas Racing | Ford","Driver",3,99
"Racing",2019,"Panini","Victory Lane","Top 10 Blue","Kyle Busch","M&M's | Joe Gibbs Racing | Toyota","Driver",4,99
"Racing",2019,"Panini","Victory Lane","Top 10 Blue","Aric Almirola","Smithfield Foods | Stewart-Haas Racing | Ford","Driver",5,99
"Racing",2019,"Panini","Victory Lane","Top 10 Blue","Chase Elliott","NAPA Auto Parts | Hendrick Motorsports | Chevrolet","Driver",6,99
"Racing",2019,"Panini","Victory Lane","Top 10 Blue","Denny Hamlin","FedEx Express | Joe Gibbs Racing | Toyota","Driver",7,99
"Racing",2019,"Panini","Victory Lane","Top 10 Blue","Brad Keselowski","Discount Tire | Team Penske | Ford","Driver",8,99
"Racing",2019,"Panini","Victory Lane","Top 10 Blue","Kyle Larson","Credit One Bank | Chip Ganassi Racing | Chevrolet","Driver",9,99
"Racing",2019,"Panini","Victory Lane","Top 10 Blue","Ryan Blaney","Menards | Team Penske | Ford","Driver",10,99
"Racing",2019,"Panini","Victory Lane","Top 10 Gold","Joey Logano","Shell-Pennzoil | Team Penske | Ford","Driver",1,25
"Racing",2019,"Panini","Victory Lane","Top 10 Gold","Martin Truex Jr.","Bass Pro Shops | Joe Gibbs Racing | Toyota","Driver",2,25
"Racing",2019,"Panini","Victory Lane","Top 10 Gold","Kevin Harvick","Jimmy John's | Stewart-Haas Racing | Ford","Driver",3,25
"Racing",2019,"Panini","Victory Lane","Top 10 Gold","Kyle Busch","M&M's | Joe Gibbs Racing | Toyota","Driver",4,25
"Racing",2019,"Panini","Victory Lane","Top 10 Gold","Aric Almirola","Smithfield Foods | Stewart-Haas Racing | Ford","Driver",5,25
"Racing",2019,"Panini","Victory Lane","Top 10 Gold","Chase Elliott","NAPA Auto Parts | Hendrick Motorsports | Chevrolet","Driver",6,25
"Racing",2019,"Panini","Victory Lane","Top 10 Gold","Denny Hamlin","FedEx Express | Joe Gibbs Racing | Toyota","Driver",7,25
"Racing",2019,"Panini","Victory Lane","Top 10 Gold","Brad Keselowski","Discount Tire | Team Penske | Ford","Driver",8,25
"Racing",2019,"Panini","Victory Lane","Top 10 Gold","Kyle Larson","Credit One Bank | Chip Ganassi Racing | Chevrolet","Driver",9,25
"Racing",2019,"Panini","Victory Lane","Top 10 Gold","Ryan Blaney","Menards | Team Penske | Ford","Driver",10,25
"Racing",2019,"Panini","Victory Lane","Top 10 Green","Joey Logano","Shell-Pennzoil | Team Penske | Ford","Driver",1,5
"Racing",2019,"Panini","Victory Lane","Top 10 Green","Martin Truex Jr.","Bass Pro Shops | Joe Gibbs Racing | Toyota","Driver",2,5
"Racing",2019,"Panini","Victory Lane","Top 10 Green","Kevin Harvick","Jimmy John's | Stewart-Haas Racing | Ford","Driver",3,5
"Racing",2019,"Panini","Victory Lane","Top 10 Green","Kyle Busch","M&M's | Joe Gibbs Racing | Toyota","Driver",4,5
"Racing",2019,"Panini","Victory Lane","Top 10 Green","Aric Almirola","Smithfield Foods | Stewart-Haas Racing | Ford","Driver",5,5
"Racing",2019,"Panini","Victory Lane","Top 10 Green","Chase Elliott","NAPA Auto Parts | Hendrick Motorsports | Chevrolet","Driver",6,5
"Racing",2019,"Panini","Victory Lane","Top 10 Green","Denny Hamlin","FedEx Express | Joe Gibbs Racing | Toyota","Driver",7,5
"Racing",2019,"Panini","Victory Lane","Top 10 Green","Brad Keselowski","Discount Tire | Team Penske | Ford","Driver",8,5
"Racing",2019,"Panini","Victory Lane","Top 10 Green","Kyle Larson","Credit One Bank | Chip Ganassi Racing | Chevrolet","Driver",9,5
"Racing",2019,"Panini","Victory Lane","Top 10 Green","Ryan Blaney","Menards | Team Penske | Ford","Driver",10,5
"Racing",2019,"Panini","Victory Lane","Top 10 Printing Plates Black","Joey Logano","Shell-Pennzoil | Team Penske | Ford","Driver",1,1
"Racing",2019,"Panini","Victory Lane","Top 10 Printing Plates Black","Martin Truex Jr.","Bass Pro Shops | Joe Gibbs Racing | Toyota","Driver",2,1
"Racing",2019,"Panini","Victory Lane","Top 10 Printing Plates Black","Kevin Harvick","Jimmy John's | Stewart-Haas Racing | Ford","Driver",3,1
"Racing",2019,"Panini","Victory Lane","Top 10 Printing Plates Black","Kyle Busch","M&M's | Joe Gibbs Racing | Toyota","Driver",4,1
"Racing",2019,"Panini","Victory Lane","Top 10 Printing Plates Black","Aric Almirola","Smithfield Foods | Stewart-Haas Racing | Ford","Driver",5,1
"Racing",2019,"Panini","Victory Lane","Top 10 Printing Plates Black","Chase Elliott","NAPA Auto Parts | Hendrick Motorsports | Chevrolet","Driver",6,1
"Racing",2019,"Panini","Victory Lane","Top 10 Printing Plates Black","Denny Hamlin","FedEx Express | Joe Gibbs Racing | Toyota","Driver",7,1
"Racing",2019,"Panini","Victory Lane","Top 10 Printing Plates Black","Brad Keselowski","Discount Tire | Team Penske | Ford","Driver",8,1
"Racing",2019,"Panini","Victory Lane","Top 10 Printing Plates Black","Kyle Larson","Credit One Bank | Chip Ganassi Racing | Chevrolet","Driver",9,1
"Racing",2019,"Panini","Victory Lane","Top 10 Printing Plates Black","Ryan Blaney","Menards | Team Penske | Ford","Driver",10,1
"Racing",2019,"Panini","Victory Lane","Top 10 Printing Plates Cyan","Joey Logano","Shell-Pennzoil | Team Penske | Ford","Driver",1,1
"Racing",2019,"Panini","Victory Lane","Top 10 Printing Plates Cyan","Martin Truex Jr.","Bass Pro Shops | Joe Gibbs Racing | Toyota","Driver",2,1
"Racing",2019,"Panini","Victory Lane","Top 10 Printing Plates Cyan","Kevin Harvick","Jimmy John's | Stewart-Haas Racing | Ford","Driver",3,1
"Racing",2019,"Panini","Victory Lane","Top 10 Printing Plates Cyan","Kyle Busch","M&M's | Joe Gibbs Racing | Toyota","Driver",4,1
"Racing",2019,"Panini","Victory Lane","Top 10 Printing Plates Cyan","Aric Almirola","Smithfield Foods | Stewart-Haas Racing | Ford","Driver",5,1
"Racing",2019,"Panini","Victory Lane","Top 10 Printing Plates Cyan","Chase Elliott","NAPA Auto Parts | Hendrick Motorsports | Chevrolet","Driver",6,1
"Racing",2019,"Panini","Victory Lane","Top 10 Printing Plates Cyan","Denny Hamlin","FedEx Express | Joe Gibbs Racing | Toyota","Driver",7,1
"Racing",2019,"Panini","Victory Lane","Top 10 Printing Plates Cyan","Brad Keselowski","Discount Tire | Team Penske | Ford","Driver",8,1
"Racing",2019,"Panini","Victory Lane","Top 10 Printing Plates Cyan","Kyle Larson","Credit One Bank | Chip Ganassi Racing | Chevrolet","Driver",9,1
"Racing",2019,"Panini","Victory Lane","Top 10 Printing Plates Cyan","Ryan Blaney","Menards | Team Penske | Ford","Driver",10,1
"Racing",2019,"Panini","Victory Lane","Top 10 Printing Plates Magenta","Joey Logano","Shell-Pennzoil | Team Penske | Ford","Driver",1,1
"Racing",2019,"Panini","Victory Lane","Top 10 Printing Plates Magenta","Martin Truex Jr.","Bass Pro Shops | Joe Gibbs Racing | Toyota","Driver",2,1
"Racing",2019,"Panini","Victory Lane","Top 10 Printing Plates Magenta","Kevin Harvick","Jimmy John's | Stewart-Haas Racing | Ford","Driver",3,1
"Racing",2019,"Panini","Victory Lane","Top 10 Printing Plates Magenta","Kyle Busch","M&M's | Joe Gibbs Racing | Toyota","Driver",4,1
"Racing",2019,"Panini","Victory Lane","Top 10 Printing Plates Magenta","Aric Almirola","Smithfield Foods | Stewart-Haas Racing | Ford","Driver",5,1
"Racing",2019,"Panini","Victory Lane","Top 10 Printing Plates Magenta","Chase Elliott","NAPA Auto Parts | Hendrick Motorsports | Chevrolet","Driver",6,1
"Racing",2019,"Panini","Victory Lane","Top 10 Printing Plates Magenta","Denny Hamlin","FedEx Express | Joe Gibbs Racing | Toyota","Driver",7,1
"Racing",2019,"Panini","Victory Lane","Top 10 Printing Plates Magenta","Brad Keselowski","Discount Tire | Team Penske | Ford","Driver",8,1
"Racing",2019,"Panini","Victory Lane","Top 10 Printing Plates Magenta","Kyle Larson","Credit One Bank | Chip Ganassi Racing | Chevrolet","Driver",9,1
"Racing",2019,"Panini","Victory Lane","Top 10 Printing Plates Magenta","Ryan Blaney","Menards | Team Penske | Ford","Driver",10,1
"Racing",2019,"Panini","Victory Lane","Top 10 Printing Plates Yellow","Joey Logano","Shell-Pennzoil | Team Penske | Ford","Driver",1,1
"Racing",2019,"Panini","Victory Lane","Top 10 Printing Plates Yellow","Martin Truex Jr.","Bass Pro Shops | Joe Gibbs Racing | Toyota","Driver",2,1
"Racing",2019,"Panini","Victory Lane","Top 10 Printing Plates Yellow","Kevin Harvick","Jimmy John's | Stewart-Haas Racing | Ford","Driver",3,1
"Racing",2019,"Panini","Victory Lane","Top 10 Printing Plates Yellow","Kyle Busch","M&M's | Joe Gibbs Racing | Toyota","Driver",4,1
"Racing",2019,"Panini","Victory Lane","Top 10 Printing Plates Yellow","Aric Almirola","Smithfield Foods | Stewart-Haas Racing | Ford","Driver",5,1
"Racing",2019,"Panini","Victory Lane","Top 10 Printing Plates Yellow","Chase Elliott","NAPA Auto Parts | Hendrick Motorsports | Chevrolet","Driver",6,1
"Racing",2019,"Panini","Victory Lane","Top 10 Printing Plates Yellow","Denny Hamlin","FedEx Express | Joe Gibbs Racing | Toyota","Driver",7,1
"Racing",2019,"Panini","Victory Lane","Top 10 Printing Plates Yellow","Brad Keselowski","Discount Tire | Team Penske | Ford","Driver",8,1
"Racing",2019,"Panini","Victory Lane","Top 10 Printing Plates Yellow","Kyle Larson","Credit One Bank | Chip Ganassi Racing | Chevrolet","Driver",9,1
"Racing",2019,"Panini","Victory Lane","Top 10 Printing Plates Yellow","Ryan Blaney","Menards | Team Penske | Ford","Driver",10,1
"Racing",2019,"Panini","Victory Lane","Track Stars","Jimmie Johnson","Ally Financial | Hendrick Motorsports | Chevrolet","Driver",1,
"Racing",2019,"Panini","Victory Lane","Track Stars","Kevin Harvick","Jimmy John's | Stewart-Haas Racing | Ford","Driver",2,
"Racing",2019,"Panini","Victory Lane","Track Stars","Chase Elliott","NAPA Auto Parts | Hendrick Motorsports | Chevrolet","Driver",3,
"Racing",2019,"Panini","Victory Lane","Track Stars","Kyle Busch","M&M's | Joe Gibbs Racing | Toyota","Driver",4,
"Racing",2019,"Panini","Victory Lane","Track Stars","Martin Truex Jr.","Bass Pro Shops | Joe Gibbs Racing | Toyota","Driver",5,
"Racing",2019,"Panini","Victory Lane","Track Stars","Ryan Blaney","Menards | Team Penske | Ford","Driver",6,
"Racing",2019,"Panini","Victory Lane","Track Stars","Joey Logano","Shell-Pennzoil | Team Penske | Ford","Driver",7,
"Racing",2019,"Panini","Victory Lane","Track Stars","William Byron","AXALTA | Hendrick Motorsports | Chevrolet","Driver",8,
"Racing",2019,"Panini","Victory Lane","Track Stars","Bubba Wallace","Aftershokz | Richard Petty Motorsports | Chevrolet","Driver",9,
"Racing",2019,"Panini","Victory Lane","Track Stars","Dale Earnhardt Jr","National Guard | Hendrick Motorsports | Chevrolet","Driver",10,
"Racing",2019,"Panini","Victory Lane","Track Stars","Danica Patrick","GoDaddy.com | Premium Motorsports | Chevrolet","Driver",11,
"Racing",2019,"Panini","Victory Lane","Track Stars","Denny Hamlin","FedEx Express | Joe Gibbs Racing | Toyota","Driver",12,
"Racing",2019,"Panini","Victory Lane","Track Stars","Brad Keselowski","Miller Lite | Team Penske | Ford","Driver",13,
"Racing",2019,"Panini","Victory Lane","Track Stars","Austin Dillon","Dow Chemical | Richard Childress Racing | Chevrolet","Driver",14,
"Racing",2019,"Panini","Victory Lane","Track Stars","Kyle Larson","Credit One Bank | Chip Ganassi Racing | Chevrolet","Driver",15,
"Racing",2019,"Panini","Victory Lane","Track Stars Black","Jimmie Johnson","Ally Financial | Hendrick Motorsports | Chevrolet","Driver",1,1
"Racing",2019,"Panini","Victory Lane","Track Stars Black","Kevin Harvick","Jimmy John's | Stewart-Haas Racing | Ford","Driver",2,1
"Racing",2019,"Panini","Victory Lane","Track Stars Black","Chase Elliott","NAPA Auto Parts | Hendrick Motorsports | Chevrolet","Driver",3,1
"Racing",2019,"Panini","Victory Lane","Track Stars Black","Kyle Busch","M&M's | Joe Gibbs Racing | Toyota","Driver",4,1
"Racing",2019,"Panini","Victory Lane","Track Stars Black","Martin Truex Jr.","Bass Pro Shops | Joe Gibbs Racing | Toyota","Driver",5,1
"Racing",2019,"Panini","Victory Lane","Track Stars Black","Ryan Blaney","Menards | Team Penske | Ford","Driver",6,1
"Racing",2019,"Panini","Victory Lane","Track Stars Black","Joey Logano","Shell-Pennzoil | Team Penske | Ford","Driver",7,1
"Racing",2019,"Panini","Victory Lane","Track Stars Black","William Byron","AXALTA | Hendrick Motorsports | Chevrolet","Driver",8,1
"Racing",2019,"Panini","Victory Lane","Track Stars Black","Bubba Wallace","Aftershokz | Richard Petty Motorsports | Chevrolet","Driver",9,1
"Racing",2019,"Panini","Victory Lane","Track Stars Black","Dale Earnhardt Jr","National Guard | Hendrick Motorsports | Chevrolet","Driver",10,1
"Racing",2019,"Panini","Victory Lane","Track Stars Black","Danica Patrick","GoDaddy.com | Premium Motorsports | Chevrolet","Driver",11,1
"Racing",2019,"Panini","Victory Lane","Track Stars Black","Denny Hamlin","FedEx Express | Joe Gibbs Racing | Toyota","Driver",12,1
"Racing",2019,"Panini","Victory Lane","Track Stars Black","Brad Keselowski","Miller Lite | Team Penske | Ford","Driver",13,1
"Racing",2019,"Panini","Victory Lane","Track Stars Black","Austin Dillon","Dow Chemical | Richard Childress Racing | Chevrolet","Driver",14,1
"Racing",2019,"Panini","Victory Lane","Track Stars Black","Kyle Larson","Credit One Bank | Chip Ganassi Racing | Chevrolet","Driver",15,1
"Racing",2019,"Panini","Victory Lane","Track Stars Blue","Jimmie Johnson","Ally Financial | Hendrick Motorsports | Chevrolet","Driver",1,99
"Racing",2019,"Panini","Victory Lane","Track Stars Blue","Kevin Harvick","Jimmy John's | Stewart-Haas Racing | Ford","Driver",2,99
"Racing",2019,"Panini","Victory Lane","Track Stars Blue","Chase Elliott","NAPA Auto Parts | Hendrick Motorsports | Chevrolet","Driver",3,99
"Racing",2019,"Panini","Victory Lane","Track Stars Blue","Kyle Busch","M&M's | Joe Gibbs Racing | Toyota","Driver",4,99
"Racing",2019,"Panini","Victory Lane","Track Stars Blue","Martin Truex Jr.","Bass Pro Shops | Joe Gibbs Racing | Toyota","Driver",5,99
"Racing",2019,"Panini","Victory Lane","Track Stars Blue","Ryan Blaney","Menards | Team Penske | Ford","Driver",6,99
"Racing",2019,"Panini","Victory Lane","Track Stars Blue","Joey Logano","Shell-Pennzoil | Team Penske | Ford","Driver",7,99
"Racing",2019,"Panini","Victory Lane","Track Stars Blue","William Byron","AXALTA | Hendrick Motorsports | Chevrolet","Driver",8,99
"Racing",2019,"Panini","Victory Lane","Track Stars Blue","Bubba Wallace","Aftershokz | Richard Petty Motorsports | Chevrolet","Driver",9,99
"Racing",2019,"Panini","Victory Lane","Track Stars Blue","Dale Earnhardt Jr","National Guard | Hendrick Motorsports | Chevrolet","Driver",10,99
"Racing",2019,"Panini","Victory Lane","Track Stars Blue","Danica Patrick","GoDaddy.com | Premium Motorsports | Chevrolet","Driver",11,99
"Racing",2019,"Panini","Victory Lane","Track Stars Blue","Denny Hamlin","FedEx Express | Joe Gibbs Racing | Toyota","Driver",12,99
"Racing",2019,"Panini","Victory Lane","Track Stars Blue","Brad Keselowski","Miller Lite | Team Penske | Ford","Driver",13,99
"Racing",2019,"Panini","Victory Lane","Track Stars Blue","Austin Dillon","Dow Chemical | Richard Childress Racing | Chevrolet","Driver",14,99
"Racing",2019,"Panini","Victory Lane","Track Stars Blue","Kyle Larson","Credit One Bank | Chip Ganassi Racing | Chevrolet","Driver",15,99
"Racing",2019,"Panini","Victory Lane","Track Stars Gold","Jimmie Johnson","Ally Financial | Hendrick Motorsports | Chevrolet","Driver",1,25
"Racing",2019,"Panini","Victory Lane","Track Stars Gold","Kevin Harvick","Jimmy John's | Stewart-Haas Racing | Ford","Driver",2,25
"Racing",2019,"Panini","Victory Lane","Track Stars Gold","Chase Elliott","NAPA Auto Parts | Hendrick Motorsports | Chevrolet","Driver",3,25
"Racing",2019,"Panini","Victory Lane","Track Stars Gold","Kyle Busch","M&M's | Joe Gibbs Racing | Toyota","Driver",4,25
"Racing",2019,"Panini","Victory Lane","Track Stars Gold","Martin Truex Jr.","Bass Pro Shops | Joe Gibbs Racing | Toyota","Driver",5,25
"Racing",2019,"Panini","Victory Lane","Track Stars Gold","Ryan Blaney","Menards | Team Penske | Ford","Driver",6,25
"Racing",2019,"Panini","Victory Lane","Track Stars Gold","Joey Logano","Shell-Pennzoil | Team Penske | Ford","Driver",7,25
"Racing",2019,"Panini","Victory Lane","Track Stars Gold","William Byron","AXALTA | Hendrick Motorsports | Chevrolet","Driver",8,25
"Racing",2019,"Panini","Victory Lane","Track Stars Gold","Bubba Wallace","Aftershokz | Richard Petty Motorsports | Chevrolet","Driver",9,25
"Racing",2019,"Panini","Victory Lane","Track Stars Gold","Dale Earnhardt Jr","National Guard | Hendrick Motorsports | Chevrolet","Driver",10,25
"Racing",2019,"Panini","Victory Lane","Track Stars Gold","Danica Patrick","GoDaddy.com | Premium Motorsports | Chevrolet","Driver",11,25
"Racing",2019,"Panini","Victory Lane","Track Stars Gold","Denny Hamlin","FedEx Express | Joe Gibbs Racing | Toyota","Driver",12,25
"Racing",2019,"Panini","Victory Lane","Track Stars Gold","Brad Keselowski","Miller Lite | Team Penske | Ford","Driver",13,25
"Racing",2019,"Panini","Victory Lane","Track Stars Gold","Austin Dillon","Dow Chemical | Richard Childress Racing | Chevrolet","Driver",14,25
"Racing",2019,"Panini","Victory Lane","Track Stars Gold","Kyle Larson","Credit One Bank | Chip Ganassi Racing | Chevrolet","Driver",15,25
"Racing",2019,"Panini","Victory Lane","Track Stars Green","Jimmie Johnson","Ally Financial | Hendrick Motorsports | Chevrolet","Driver",1,5
"Racing",2019,"Panini","Victory Lane","Track Stars Green","Kevin Harvick","Jimmy John's | Stewart-Haas Racing | Ford","Driver",2,5
"Racing",2019,"Panini","Victory Lane","Track Stars Green","Chase Elliott","NAPA Auto Parts | Hendrick Motorsports | Chevrolet","Driver",3,5
"Racing",2019,"Panini","Victory Lane","Track Stars Green","Kyle Busch","M&M's | Joe Gibbs Racing | Toyota","Driver",4,5
"Racing",2019,"Panini","Victory Lane","Track Stars Green","Martin Truex Jr.","Bass Pro Shops | Joe Gibbs Racing | Toyota","Driver",5,5
"Racing",2019,"Panini","Victory Lane","Track Stars Green","Ryan Blaney","Menards | Team Penske | Ford","Driver",6,5
"Racing",2019,"Panini","Victory Lane","Track Stars Green","Joey Logano","Shell-Pennzoil | Team Penske | Ford","Driver",7,5
"Racing",2019,"Panini","Victory Lane","Track Stars Green","William Byron","AXALTA | Hendrick Motorsports | Chevrolet","Driver",8,5
"Racing",2019,"Panini","Victory Lane","Track Stars Green","Bubba Wallace","Aftershokz | Richard Petty Motorsports | Chevrolet","Driver",9,5
"Racing",2019,"Panini","Victory Lane","Track Stars Green","Dale Earnhardt Jr","National Guard | Hendrick Motorsports | Chevrolet","Driver",10,5
"Racing",2019,"Panini","Victory Lane","Track Stars Green","Danica Patrick","GoDaddy.com | Premium Motorsports | Chevrolet","Driver",11,5
"Racing",2019,"Panini","Victory Lane","Track Stars Green","Denny Hamlin","FedEx Express | Joe Gibbs Racing | Toyota","Driver",12,5
"Racing",2019,"Panini","Victory Lane","Track Stars Green","Brad Keselowski","Miller Lite | Team Penske | Ford","Driver",13,5
"Racing",2019,"Panini","Victory Lane","Track Stars Green","Austin Dillon","Dow Chemical | Richard Childress Racing | Chevrolet","Driver",14,5
"Racing",2019,"Panini","Victory Lane","Track Stars Green","Kyle Larson","Credit One Bank | Chip Ganassi Racing | Chevrolet","Driver",15,5
"Racing",2019,"Panini","Victory Lane","Track Stars Printing Plates Black","Jimmie Johnson","Ally Financial | Hendrick Motorsports | Chevrolet","Driver",1,1
"Racing",2019,"Panini","Victory Lane","Track Stars Printing Plates Black","Kevin Harvick","Jimmy John's | Stewart-Haas Racing | Ford","Driver",2,1
"Racing",2019,"Panini","Victory Lane","Track Stars Printing Plates Black","Chase Elliott","NAPA Auto Parts | Hendrick Motorsports | Chevrolet","Driver",3,1
"Racing",2019,"Panini","Victory Lane","Track Stars Printing Plates Black","Kyle Busch","M&M's | Joe Gibbs Racing | Toyota","Driver",4,1
"Racing",2019,"Panini","Victory Lane","Track Stars Printing Plates Black","Martin Truex Jr.","Bass Pro Shops | Joe Gibbs Racing | Toyota","Driver",5,1
"Racing",2019,"Panini","Victory Lane","Track Stars Printing Plates Black","Ryan Blaney","Menards | Team Penske | Ford","Driver",6,1
"Racing",2019,"Panini","Victory Lane","Track Stars Printing Plates Black","Joey Logano","Shell-Pennzoil | Team Penske | Ford","Driver",7,1
"Racing",2019,"Panini","Victory Lane","Track Stars Printing Plates Black","William Byron","AXALTA | Hendrick Motorsports | Chevrolet","Driver",8,1
"Racing",2019,"Panini","Victory Lane","Track Stars Printing Plates Black","Bubba Wallace","Aftershokz | Richard Petty Motorsports | Chevrolet","Driver",9,1
"Racing",2019,"Panini","Victory Lane","Track Stars Printing Plates Black","Dale Earnhardt Jr","National Guard | Hendrick Motorsports | Chevrolet","Driver",10,1
"Racing",2019,"Panini","Victory Lane","Track Stars Printing Plates Black","Danica Patrick","GoDaddy.com | Premium Motorsports | Chevrolet","Driver",11,1
"Racing",2019,"Panini","Victory Lane","Track Stars Printing Plates Black","Denny Hamlin","FedEx Express | Joe Gibbs Racing | Toyota","Driver",12,1
"Racing",2019,"Panini","Victory Lane","Track Stars Printing Plates Black","Brad Keselowski","Miller Lite | Team Penske | Ford","Driver",13,1
"Racing",2019,"Panini","Victory Lane","Track Stars Printing Plates Black","Austin Dillon","Dow Chemical | Richard Childress Racing | Chevrolet","Driver",14,1
"Racing",2019,"Panini","Victory Lane","Track Stars Printing Plates Black","Kyle Larson","Credit One Bank | Chip Ganassi Racing | Chevrolet","Driver",15,1
"Racing",2019,"Panini","Victory Lane","Track Stars Printing Plates Cyan","Jimmie Johnson","Ally Financial | Hendrick Motorsports | Chevrolet","Driver",1,1
"Racing",2019,"Panini","Victory Lane","Track Stars Printing Plates Cyan","Kevin Harvick","Jimmy John's | Stewart-Haas Racing | Ford","Driver",2,1
"Racing",2019,"Panini","Victory Lane","Track Stars Printing Plates Cyan","Chase Elliott","NAPA Auto Parts | Hendrick Motorsports | Chevrolet","Driver",3,1
"Racing",2019,"Panini","Victory Lane","Track Stars Printing Plates Cyan","Kyle Busch","M&M's | Joe Gibbs Racing | Toyota","Driver",4,1
"Racing",2019,"Panini","Victory Lane","Track Stars Printing Plates Cyan","Martin Truex Jr.","Bass Pro Shops | Joe Gibbs Racing | Toyota","Driver",5,1
"Racing",2019,"Panini","Victory Lane","Track Stars Printing Plates Cyan","Ryan Blaney","Menards | Team Penske | Ford","Driver",6,1
"Racing",2019,"Panini","Victory Lane","Track Stars Printing Plates Cyan","Joey Logano","Shell-Pennzoil | Team Penske | Ford","Driver",7,1
"Racing",2019,"Panini","Victory Lane","Track Stars Printing Plates Cyan","William Byron","AXALTA | Hendrick Motorsports | Chevrolet","Driver",8,1
"Racing",2019,"Panini","Victory Lane","Track Stars Printing Plates Cyan","Bubba Wallace","Aftershokz | Richard Petty Motorsports | Chevrolet","Driver",9,1
"Racing",2019,"Panini","Victory Lane","Track Stars Printing Plates Cyan","Dale Earnhardt Jr","National Guard | Hendrick Motorsports | Chevrolet","Driver",10,1
"Racing",2019,"Panini","Victory Lane","Track Stars Printing Plates Cyan","Danica Patrick","GoDaddy.com | Premium Motorsports | Chevrolet","Driver",11,1
"Racing",2019,"Panini","Victory Lane","Track Stars Printing Plates Cyan","Denny Hamlin","FedEx Express | Joe Gibbs Racing | Toyota","Driver",12,1
"Racing",2019,"Panini","Victory Lane","Track Stars Printing Plates Cyan","Brad Keselowski","Miller Lite | Team Penske | Ford","Driver",13,1
"Racing",2019,"Panini","Victory Lane","Track Stars Printing Plates Cyan","Austin Dillon","Dow Chemical | Richard Childress Racing | Chevrolet","Driver",14,1
"Racing",2019,"Panini","Victory Lane","Track Stars Printing Plates Cyan","Kyle Larson","Credit One Bank | Chip Ganassi Racing | Chevrolet","Driver",15,1
"Racing",2019,"Panini","Victory Lane","Track Stars Printing Plates Magenta","Jimmie Johnson","Ally Financial | Hendrick Motorsports | Chevrolet","Driver",1,1
"Racing",2019,"Panini","Victory Lane","Track Stars Printing Plates Magenta","Kevin Harvick","Jimmy John's | Stewart-Haas Racing | Ford","Driver",2,1
"Racing",2019,"Panini","Victory Lane","Track Stars Printing Plates Magenta","Chase Elliott","NAPA Auto Parts | Hendrick Motorsports | Chevrolet","Driver",3,1
"Racing",2019,"Panini","Victory Lane","Track Stars Printing Plates Magenta","Kyle Busch","M&M's | Joe Gibbs Racing | Toyota","Driver",4,1
"Racing",2019,"Panini","Victory Lane","Track Stars Printing Plates Magenta","Martin Truex Jr.","Bass Pro Shops | Joe Gibbs Racing | Toyota","Driver",5,1
"Racing",2019,"Panini","Victory Lane","Track Stars Printing Plates Magenta","Ryan Blaney","Menards | Team Penske | Ford","Driver",6,1
"Racing",2019,"Panini","Victory Lane","Track Stars Printing Plates Magenta","Joey Logano","Shell-Pennzoil | Team Penske | Ford","Driver",7,1
"Racing",2019,"Panini","Victory Lane","Track Stars Printing Plates Magenta","William Byron","AXALTA | Hendrick Motorsports | Chevrolet","Driver",8,1
"Racing",2019,"Panini","Victory Lane","Track Stars Printing Plates Magenta","Bubba Wallace","Aftershokz | Richard Petty Motorsports | Chevrolet","Driver",9,1
"Racing",2019,"Panini","Victory Lane","Track Stars Printing Plates Magenta","Dale Earnhardt Jr","National Guard | Hendrick Motorsports | Chevrolet","Driver",10,1
"Racing",2019,"Panini","Victory Lane","Track Stars Printing Plates Magenta","Danica Patrick","GoDaddy.com | Premium Motorsports | Chevrolet","Driver",11,1
"Racing",2019,"Panini","Victory Lane","Track Stars Printing Plates Magenta","Denny Hamlin","FedEx Express | Joe Gibbs Racing | Toyota","Driver",12,1
"Racing",2019,"Panini","Victory Lane","Track Stars Printing Plates Magenta","Brad Keselowski","Miller Lite | Team Penske | Ford","Driver",13,1
"Racing",2019,"Panini","Victory Lane","Track Stars Printing Plates Magenta","Austin Dillon","Dow Chemical | Richard Childress Racing | Chevrolet","Driver",14,1
"Racing",2019,"Panini","Victory Lane","Track Stars Printing Plates Magenta","Kyle Larson","Credit One Bank | Chip Ganassi Racing | Chevrolet","Driver",15,1
"Racing",2019,"Panini","Victory Lane","Track Stars Printing Plates Yellow","Jimmie Johnson","Ally Financial | Hendrick Motorsports | Chevrolet","Driver",1,1
"Racing",2019,"Panini","Victory Lane","Track Stars Printing Plates Yellow","Kevin Harvick","Jimmy John's | Stewart-Haas Racing | Ford","Driver",2,1
"Racing",2019,"Panini","Victory Lane","Track Stars Printing Plates Yellow","Chase Elliott","NAPA Auto Parts | Hendrick Motorsports | Chevrolet","Driver",3,1
"Racing",2019,"Panini","Victory Lane","Track Stars Printing Plates Yellow","Kyle Busch","M&M's | Joe Gibbs Racing | Toyota","Driver",4,1
"Racing",2019,"Panini","Victory Lane","Track Stars Printing Plates Yellow","Martin Truex Jr.","Bass Pro Shops | Joe Gibbs Racing | Toyota","Driver",5,1
"Racing",2019,"Panini","Victory Lane","Track Stars Printing Plates Yellow","Ryan Blaney","Menards | Team Penske | Ford","Driver",6,1
"Racing",2019,"Panini","Victory Lane","Track Stars Printing Plates Yellow","Joey Logano","Shell-Pennzoil | Team Penske | Ford","Driver",7,1
"Racing",2019,"Panini","Victory Lane","Track Stars Printing Plates Yellow","William Byron","AXALTA | Hendrick Motorsports | Chevrolet","Driver",8,1
"Racing",2019,"Panini","Victory Lane","Track Stars Printing Plates Yellow","Bubba Wallace","Aftershokz | Richard Petty Motorsports | Chevrolet","Driver",9,1
"Racing",2019,"Panini","Victory Lane","Track Stars Printing Plates Yellow","Dale Earnhardt Jr","National Guard | Hendrick Motorsports | Chevrolet","Driver",10,1
"Racing",2019,"Panini","Victory Lane","Track Stars Printing Plates Yellow","Danica Patrick","GoDaddy.com | Premium Motorsports | Chevrolet","Driver",11,1
"Racing",2019,"Panini","Victory Lane","Track Stars Printing Plates Yellow","Denny Hamlin","FedEx Express | Joe Gibbs Racing | Toyota","Driver",12,1
"Racing",2019,"Panini","Victory Lane","Track Stars Printing Plates Yellow","Brad Keselowski","Miller Lite | Team Penske | Ford","Driver",13,1
"Racing",2019,"Panini","Victory Lane","Track Stars Printing Plates Yellow","Austin Dillon","Dow Chemical | Richard Childress Racing | Chevrolet","Driver",14,1
"Racing",2019,"Panini","Victory Lane","Track Stars Printing Plates Yellow","Kyle Larson","Credit One Bank | Chip Ganassi Racing | Chevrolet","Driver",15,1
"Racing",2019,"Panini","Victory Lane","Triple Swatch Signatures","Austin Dillon","Dow Chemical | Richard Childress Racing | Chevrolet","Driver",1,
"Racing",2019,"Panini","Victory Lane","Triple Swatch Signatures","Chase Elliott","NAPA Auto Parts | Hendrick Motorsports | Chevrolet","Driver",2,
"Racing",2019,"Panini","Victory Lane","Triple Swatch Signatures","Chris Buescher","Kroger Click List | JTG Daugherty Racing | Chevrolet","Driver",3,
"Racing",2019,"Panini","Victory Lane","Triple Swatch Signatures","Clint Bowyer","Rush Truck Centers | Stewart-Haas Racing| Ford","Driver",4,
"Racing",2019,"Panini","Victory Lane","Triple Swatch Signatures","Daniel Suarez","Haas Automation | Stewart-Haas Racing | Ford","Driver",5,
"Racing",2019,"Panini","Victory Lane","Triple Swatch Signatures","David Ragan","Shriners Hospital for Children | Front Row Motorsports | Ford","Driver",6,
"Racing",2019,"Panini","Victory Lane","Triple Swatch Signatures","Erik Jones","DeWalt | Joe Gibbs Racing | Toyota","Driver",7,
"Racing",2019,"Panini","Victory Lane","Triple Swatch Signatures","Justin Allgaier","Brandt | JR Motorsports | Chevrolet","Driver",8,
"Racing",2019,"Panini","Victory Lane","Triple Swatch Signatures","Kasey Kahne","LiftMaster | Hendrick Motorsports | Chevrolet","Driver",9,
"Racing",2019,"Panini","Victory Lane","Triple Swatch Signatures","Kyle Busch","M&M's | Joe Gibbs Racing | Toyota","Driver",10,
"Racing",2019,"Panini","Victory Lane","Triple Swatch Signatures Gold","Austin Dillon","Dow Chemical | Richard Childress Racing | Chevrolet","Driver",1,99
"Racing",2019,"Panini","Victory Lane","Triple Swatch Signatures Gold","Chase Elliott","NAPA Auto Parts | Hendrick Motorsports | Chevrolet","Driver",2,75
"Racing",2019,"Panini","Victory Lane","Triple Swatch Signatures Gold","Chris Buescher","Kroger Click List | JTG Daugherty Racing | Chevrolet","Driver",3,99
"Racing",2019,"Panini","Victory Lane","Triple Swatch Signatures Gold","Clint Bowyer","Rush Truck Centers | Stewart-Haas Racing| Ford","Driver",4,99
"Racing",2019,"Panini","Victory Lane","Triple Swatch Signatures Gold","Daniel Suarez","Haas Automation | Stewart-Haas Racing | Ford","Driver",5,99
"Racing",2019,"Panini","Victory Lane","Triple Swatch Signatures Gold","David Ragan","Shriners Hospital for Children | Front Row Motorsports | Ford","Driver",6,40
"Racing",2019,"Panini","Victory Lane","Triple Swatch Signatures Gold","Erik Jones","DeWalt | Joe Gibbs Racing | Toyota","Driver",7,99
"Racing",2019,"Panini","Victory Lane","Triple Swatch Signatures Gold","Justin Allgaier","Brandt | JR Motorsports | Chevrolet","Driver",8,99
"Racing",2019,"Panini","Victory Lane","Triple Swatch Signatures Gold","Kasey Kahne","LiftMaster | Hendrick Motorsports | Chevrolet","Driver",9,99
"Racing",2019,"Panini","Victory Lane","Triple Swatch Signatures Gold","Kyle Busch","M&M's | Joe Gibbs Racing | Toyota","Driver",10,99
"Racing",2019,"Panini","Victory Lane","Triple Swatch Signatures Laundry Tag","Austin Dillon","Dow Chemical | Richard Childress Racing | Chevrolet","Driver",1,1
"Racing",2019,"Panini","Victory Lane","Triple Swatch Signatures Laundry Tag","Chase Elliott","NAPA Auto Parts | Hendrick Motorsports | Chevrolet","Driver",2,1
"Racing",2019,"Panini","Victory Lane","Triple Swatch Signatures Laundry Tag","Chris Buescher","Kroger Click List | JTG Daugherty Racing | Chevrolet","Driver",3,1
"Racing",2019,"Panini","Victory Lane","Triple Swatch Signatures Laundry Tag","Clint Bowyer","Rush Truck Centers | Stewart-Haas Racing| Ford","Driver",4,1
"Racing",2019,"Panini","Victory Lane","Triple Swatch Signatures Laundry Tag","Daniel Suarez","Haas Automation | Stewart-Haas Racing | Ford","Driver",5,1
"Racing",2019,"Panini","Victory Lane","Triple Swatch Signatures Laundry Tag","David Ragan","Shriners Hospital for Children | Front Row Motorsports | Ford","Driver",6,1
"Racing",2019,"Panini","Victory Lane","Triple Swatch Signatures Laundry Tag","Erik Jones","DeWalt | Joe Gibbs Racing | Toyota","Driver",7,1
"Racing",2019,"Panini","Victory Lane","Triple Swatch Signatures Laundry Tag","Justin Allgaier","Brandt | JR Motorsports | Chevrolet","Driver",8,1
"Racing",2019,"Panini","Victory Lane","Triple Swatch Signatures Laundry Tag","Kasey Kahne","LiftMaster | Hendrick Motorsports | Chevrolet","Driver",9,1
"Racing",2019,"Panini","Victory Lane","Triple Swatch Signatures Laundry Tag","Kyle Busch","M&M's | Joe Gibbs Racing | Toyota","Driver",10,1
"Racing",2019,"Panini","Victory Lane","Triple Swatch Signatures Platinum","Austin Dillon","Dow Chemical | Richard Childress Racing | Chevrolet","Driver",1,1
"Racing",2019,"Panini","Victory Lane","Triple Swatch Signatures Platinum","Chase Elliott","NAPA Auto Parts | Hendrick Motorsports | Chevrolet","Driver",2,1
"Racing",2019,"Panini","Victory Lane","Triple Swatch Signatures Platinum","Chris Buescher","Kroger Click List | JTG Daugherty Racing | Chevrolet","Driver",3,1
"Racing",2019,"Panini","Victory Lane","Triple Swatch Signatures Platinum","Clint Bowyer","Rush Truck Centers | Stewart-Haas Racing| Ford","Driver",4,1
"Racing",2019,"Panini","Victory Lane","Triple Swatch Signatures Platinum","Daniel Suarez","Haas Automation | Stewart-Haas Racing | Ford","Driver",5,1
"Racing",2019,"Panini","Victory Lane","Triple Swatch Signatures Platinum","David Ragan","Shriners Hospital for Children | Front Row Motorsports | Ford","Driver",6,1
"Racing",2019,"Panini","Victory Lane","Triple Swatch Signatures Platinum","Erik Jones","DeWalt | Joe Gibbs Racing | Toyota","Driver",7,1
"Racing",2019,"Panini","Victory Lane","Triple Swatch Signatures Platinum","Justin Allgaier","Brandt | JR Motorsports | Chevrolet","Driver",8,1
"Racing",2019,"Panini","Victory Lane","Triple Swatch Signatures Platinum","Kasey Kahne","LiftMaster | Hendrick Motorsports | Chevrolet","Driver",9,1
"Racing",2019,"Panini","Victory Lane","Triple Swatch Signatures Platinum","Kyle Busch","M&M's | Joe Gibbs Racing | Toyota","Driver",10,1
"Racing",2019,"Panini","Victory Lane","Triple Swatch Signatures Red","Austin Dillon","Dow Chemical | Richard Childress Racing | Chevrolet","Driver",1,25
"Racing",2019,"Panini","Victory Lane","Triple Swatch Signatures Red","Chase Elliott","NAPA Auto Parts | Hendrick Motorsports | Chevrolet","Driver",2,25
"Racing",2019,"Panini","Victory Lane","Triple Swatch Signatures Red","Chris Buescher","Kroger Click List | JTG Daugherty Racing | Chevrolet","Driver",3,25
"Racing",2019,"Panini","Victory Lane","Triple Swatch Signatures Red","Clint Bowyer","Rush Truck Centers | Stewart-Haas Racing| Ford","Driver",4,25
"Racing",2019,"Panini","Victory Lane","Triple Swatch Signatures Red","Daniel Suarez","Haas Automation | Stewart-Haas Racing | Ford","Driver",5,25
"Racing",2019,"Panini","Victory Lane","Triple Swatch Signatures Red","David Ragan","Shriners Hospital for Children | Front Row Motorsports | Ford","Driver",6,25
"Racing",2019,"Panini","Victory Lane","Triple Swatch Signatures Red","Erik Jones","DeWalt | Joe Gibbs Racing | Toyota","Driver",7,25
"Racing",2019,"Panini","Victory Lane","Triple Swatch Signatures Red","Justin Allgaier","Brandt | JR Motorsports | Chevrolet","Driver",8,25
"Racing",2019,"Panini","Victory Lane","Triple Swatch Signatures Red","Kasey Kahne","LiftMaster | Hendrick Motorsports | Chevrolet","Driver",9,25
"Racing",2019,"Panini","Victory Lane","Triple Swatch Signatures Red","Kyle Busch","M&M's | Joe Gibbs Racing | Toyota","Driver",10,25
"Racing",2019,"Panini","Victory Lane","Triple Swatches","Austin Dillon","Dow Chemical | Richard Childress Racing | Chevrolet","Driver",1,
"Racing",2019,"Panini","Victory Lane","Triple Swatches","Chris Buescher","Kroger Click List | JTG Daugherty Racing | Chevrolet","Driver",2,
"Racing",2019,"Panini","Victory Lane","Triple Swatches","Christopher Bell","Rheem | Joe Gibbs Racing | Toyota","Driver",3,
"Racing",2019,"Panini","Victory Lane","Triple Swatches","Clint Bowyer","Rush Truck Centers | Stewart-Haas Racing| Ford","Driver",4,
"Racing",2019,"Panini","Victory Lane","Triple Swatches","Daniel Suarez","Haas Automation | Stewart-Haas Racing | Ford","Driver",5,
"Racing",2019,"Panini","Victory Lane","Triple Swatches","Jamie McMurray","Cessna | Chip Ganassi Racing | Chevrolet","Driver",6,
"Racing",2019,"Panini","Victory Lane","Triple Swatches","Kyle Busch","M&M's | Joe Gibbs Racing | Toyota","Driver",7,
"Racing",2019,"Panini","Victory Lane","Triple Swatches","Matt Tifft","Tunity | Front Row Motorsports | Ford","Driver",8,
"Racing",2019,"Panini","Victory Lane","Triple Swatches","Michael McDowell","Love's Travel Stops | Front Row Motorsports | Ford","Driver",9,
"Racing",2019,"Panini","Victory Lane","Triple Swatches","Ty Dillon","GEICO | Germain Racing | Chevrolet","Driver",10,
"Racing",2019,"Panini","Victory Lane","Triple Swatches","Ryan Newman","Oscar Mayer | Roush Fenway Racing | Ford","Driver",11,
"Racing",2019,"Panini","Victory Lane","Triple Swatches","Paul Menard","Motorcraft | Wood Brothers Racing | Ford","Driver",12,
"Racing",2019,"Panini","Victory Lane","Triple Swatches","Kurt Busch","Monster Energy | Chip Ganassi Racing | Chevrolet","Driver",13,
"Racing",2019,"Panini","Victory Lane","Triple Swatches","John Hunter Nemechek","Fire Alarm Services | GMS Racing | Chevrolet","Driver",14,
"Racing",2019,"Panini","Victory Lane","Triple Swatches","David Ragan","Select Blinds | Front Row Motorsports | Ford","Driver",15,
"Racing",2019,"Panini","Victory Lane","Triple Swatches Gold","Austin Dillon","Dow Chemical | Richard Childress Racing | Chevrolet","Driver",1,99
"Racing",2019,"Panini","Victory Lane","Triple Swatches Gold","Chris Buescher","Kroger Click List | JTG Daugherty Racing | Chevrolet","Driver",2,99
"Racing",2019,"Panini","Victory Lane","Triple Swatches Gold","Christopher Bell","Rheem | Joe Gibbs Racing | Toyota","Driver",3,99
"Racing",2019,"Panini","Victory Lane","Triple Swatches Gold","Clint Bowyer","Rush Truck Centers | Stewart-Haas Racing| Ford","Driver",4,99
"Racing",2019,"Panini","Victory Lane","Triple Swatches Gold","Daniel Suarez","Haas Automation | Stewart-Haas Racing | Ford","Driver",5,99
"Racing",2019,"Panini","Victory Lane","Triple Swatches Gold","Jamie McMurray","Cessna | Chip Ganassi Racing | Chevrolet","Driver",6,99
"Racing",2019,"Panini","Victory Lane","Triple Swatches Gold","Kyle Busch","M&M's | Joe Gibbs Racing | Toyota","Driver",7,99
"Racing",2019,"Panini","Victory Lane","Triple Swatches Gold","Matt Tifft","Tunity | Front Row Motorsports | Ford","Driver",8,99
"Racing",2019,"Panini","Victory Lane","Triple Swatches Gold","Michael McDowell","Love's Travel Stops | Front Row Motorsports | Ford","Driver",9,99
"Racing",2019,"Panini","Victory Lane","Triple Swatches Gold","Ty Dillon","GEICO | Germain Racing | Chevrolet","Driver",10,99
"Racing",2019,"Panini","Victory Lane","Triple Swatches Gold","Ryan Newman","Oscar Mayer | Roush Fenway Racing | Ford","Driver",11,99
"Racing",2019,"Panini","Victory Lane","Triple Swatches Gold","Paul Menard","Motorcraft | Wood Brothers Racing | Ford","Driver",12,99
"Racing",2019,"Panini","Victory Lane","Triple Swatches Gold","Kurt Busch","Monster Energy | Chip Ganassi Racing | Chevrolet","Driver",13,99
"Racing",2019,"Panini","Victory Lane","Triple Swatches Gold","John Hunter Nemechek","Fire Alarm Services | GMS Racing | Chevrolet","Driver",14,99
"Racing",2019,"Panini","Victory Lane","Triple Swatches Gold","David Ragan","Select Blinds | Front Row Motorsports | Ford","Driver",15,99
"Racing",2019,"Panini","Victory Lane","Triple Swatches Laundry Tag","Austin Dillon","Dow Chemical | Richard Childress Racing | Chevrolet","Driver",1,1
"Racing",2019,"Panini","Victory Lane","Triple Swatches Laundry Tag","Chris Buescher","Kroger Click List | JTG Daugherty Racing | Chevrolet","Driver",2,1
"Racing",2019,"Panini","Victory Lane","Triple Swatches Laundry Tag","Christopher Bell","Rheem | Joe Gibbs Racing | Toyota","Driver",3,1
"Racing",2019,"Panini","Victory Lane","Triple Swatches Laundry Tag","Clint Bowyer","Rush Truck Centers | Stewart-Haas Racing| Ford","Driver",4,1
"Racing",2019,"Panini","Victory Lane","Triple Swatches Laundry Tag","Daniel Suarez","Haas Automation | Stewart-Haas Racing | Ford","Driver",5,1
"Racing",2019,"Panini","Victory Lane","Triple Swatches Laundry Tag","Jamie McMurray","Cessna | Chip Ganassi Racing | Chevrolet","Driver",6,1
"Racing",2019,"Panini","Victory Lane","Triple Swatches Laundry Tag","Kyle Busch","M&M's | Joe Gibbs Racing | Toyota","Driver",7,1
"Racing",2019,"Panini","Victory Lane","Triple Swatches Laundry Tag","Matt Tifft","Tunity | Front Row Motorsports | Ford","Driver",8,1
"Racing",2019,"Panini","Victory Lane","Triple Swatches Laundry Tag","Michael McDowell","Love's Travel Stops | Front Row Motorsports | Ford","Driver",9,1
"Racing",2019,"Panini","Victory Lane","Triple Swatches Laundry Tag","Ty Dillon","GEICO | Germain Racing | Chevrolet","Driver",10,1
"Racing",2019,"Panini","Victory Lane","Triple Swatches Laundry Tag","Ryan Newman","Oscar Mayer | Roush Fenway Racing | Ford","Driver",11,1
"Racing",2019,"Panini","Victory Lane","Triple Swatches Laundry Tag","Paul Menard","Motorcraft | Wood Brothers Racing | Ford","Driver",12,1
"Racing",2019,"Panini","Victory Lane","Triple Swatches Laundry Tag","Kurt Busch","Monster Energy | Chip Ganassi Racing | Chevrolet","Driver",13,1
"Racing",2019,"Panini","Victory Lane","Triple Swatches Laundry Tag","John Hunter Nemechek","Fire Alarm Services | GMS Racing | Chevrolet","Driver",14,1
"Racing",2019,"Panini","Victory Lane","Triple Swatches Laundry Tag","David Ragan","Select Blinds | Front Row Motorsports | Ford","Driver",15,1
"Racing",2019,"Panini","Victory Lane","Triple Swatches Platinum","Austin Dillon","Dow Chemical | Richard Childress Racing | Chevrolet","Driver",1,1
"Racing",2019,"Panini","Victory Lane","Triple Swatches Platinum","Chris Buescher","Kroger Click List | JTG Daugherty Racing | Chevrolet","Driver",2,1
"Racing",2019,"Panini","Victory Lane","Triple Swatches Platinum","Christopher Bell","Rheem | Joe Gibbs Racing | Toyota","Driver",3,1
"Racing",2019,"Panini","Victory Lane","Triple Swatches Platinum","Clint Bowyer","Rush Truck Centers | Stewart-Haas Racing| Ford","Driver",4,1
"Racing",2019,"Panini","Victory Lane","Triple Swatches Platinum","Daniel Suarez","Haas Automation | Stewart-Haas Racing | Ford","Driver",5,1
"Racing",2019,"Panini","Victory Lane","Triple Swatches Platinum","Jamie McMurray","Cessna | Chip Ganassi Racing | Chevrolet","Driver",6,1
"Racing",2019,"Panini","Victory Lane","Triple Swatches Platinum","Kyle Busch","M&M's | Joe Gibbs Racing | Toyota","Driver",7,1
"Racing",2019,"Panini","Victory Lane","Triple Swatches Platinum","Matt Tifft","Tunity | Front Row Motorsports | Ford","Driver",8,1
"Racing",2019,"Panini","Victory Lane","Triple Swatches Platinum","Michael McDowell","Love's Travel Stops | Front Row Motorsports | Ford","Driver",9,1
"Racing",2019,"Panini","Victory Lane","Triple Swatches Platinum","Ty Dillon","GEICO | Germain Racing | Chevrolet","Driver",10,1
"Racing",2019,"Panini","Victory Lane","Triple Swatches Platinum","Ryan Newman","Oscar Mayer | Roush Fenway Racing | Ford","Driver",11,1
"Racing",2019,"Panini","Victory Lane","Triple Swatches Platinum","Paul Menard","Motorcraft | Wood Brothers Racing | Ford","Driver",12,1
"Racing",2019,"Panini","Victory Lane","Triple Swatches Platinum","Kurt Busch","Monster Energy | Chip Ganassi Racing | Chevrolet","Driver",13,1
"Racing",2019,"Panini","Victory Lane","Triple Swatches Platinum","John Hunter Nemechek","Fire Alarm Services | GMS Racing | Chevrolet","Driver",14,1
"Racing",2019,"Panini","Victory Lane","Triple Swatches Platinum","David Ragan","Select Blinds | Front Row Motorsports | Ford","Driver",15,1
"Racing",2019,"Panini","Victory Lane","Triple Swatches Red","Austin Dillon","Dow Chemical | Richard Childress Racing | Chevrolet","Driver",1,25
"Racing",2019,"Panini","Victory Lane","Triple Swatches Red","Chris Buescher","Kroger Click List | JTG Daugherty Racing | Chevrolet","Driver",2,25
"Racing",2019,"Panini","Victory Lane","Triple Swatches Red","Christopher Bell","Rheem | Joe Gibbs Racing | Toyota","Driver",3,25
"Racing",2019,"Panini","Victory Lane","Triple Swatches Red","Clint Bowyer","Rush Truck Centers | Stewart-Haas Racing| Ford","Driver",4,25
"Racing",2019,"Panini","Victory Lane","Triple Swatches Red","Daniel Suarez","Haas Automation | Stewart-Haas Racing | Ford","Driver",5,25
"Racing",2019,"Panini","Victory Lane","Triple Swatches Red","Jamie McMurray","Cessna | Chip Ganassi Racing | Chevrolet","Driver",6,25
"Racing",2019,"Panini","Victory Lane","Triple Swatches Red","Kyle Busch","M&M's | Joe Gibbs Racing | Toyota","Driver",7,25
"Racing",2019,"Panini","Victory Lane","Triple Swatches Red","Matt Tifft","Tunity | Front Row Motorsports | Ford","Driver",8,25
"Racing",2019,"Panini","Victory Lane","Triple Swatches Red","Michael McDowell","Love's Travel Stops | Front Row Motorsports | Ford","Driver",9,25
"Racing",2019,"Panini","Victory Lane","Triple Swatches Red","Ty Dillon","GEICO | Germain Racing | Chevrolet","Driver",10,25
"Racing",2019,"Panini","Victory Lane","Triple Swatches Red","Ryan Newman","Oscar Mayer | Roush Fenway Racing | Ford","Driver",11,25
"Racing",2019,"Panini","Victory Lane","Triple Swatches Red","Paul Menard","Motorcraft | Wood Brothers Racing | Ford","Driver",12,25
"Racing",2019,"Panini","Victory Lane","Triple Swatches Red","Kurt Busch","Monster Energy | Chip Ganassi Racing | Chevrolet","Driver",13,25
"Racing",2019,"Panini","Victory Lane","Triple Swatches Red","John Hunter Nemechek","Fire Alarm Services | GMS Racing | Chevrolet","Driver",14,25
"Racing",2019,"Panini","Victory Lane","Triple Swatches Red","David Ragan","Select Blinds | Front Row Motorsports | Ford","Driver",15,25