"SPORT","YEAR","BRAND","PROGRAM","CARD SET","ATHLETE","TEAM","POSITION","CARD NUMBER","SEQUENCE"
"Racing",2021,"Panini","Prizm","Apex","Jeff Gordon","DuPont | Hendrick Motorsports | Chevrolet","Driver",1,
"Racing",2021,"Panini","Prizm","Apex","Dale Earnhardt Jr","National Guard | Hendrick Motorsports | Chevrolet","Driver",2,
"Racing",2021,"Panini","Prizm","Apex","Jimmie Johnson","Lowe's | Hendrick Motorsports | Chevrolet","Driver",3,
"Racing",2021,"Panini","Prizm","Apex","Chase Elliott","NAPA Auto Parts | Hendrick Motorsports | Chevrolet","Driver",4,
"Racing",2021,"Panini","Prizm","Apex","Austin Dillon","Bass Pro Shops | Richard Childress Racing | Chevrolet","Driver",5,
"Racing",2021,"Panini","Prizm","Apex","Kyle Busch","M&M's | Joe Gibbs Racing | Toyota","Driver",6,
"Racing",2021,"Panini","Prizm","Apex","Denny Hamlin","FedEx Express | Joe Gibbs Racing | Toyota","Driver",7,
"Racing",2021,"Panini","Prizm","Apex","Joey Logano","Shell-Pennzoil | Team Penske | Ford","Driver",8,
"Racing",2021,"Panini","Prizm","Apex","Natalie Decker","Red Street Records | Our Motorsports | Chevrolet","Driver",9,
"Racing",2021,"Panini","Prizm","Apex","Brad Keselowski","Discount Tire | Team Penske | Ford","Driver",10,
"Racing",2021,"Panini","Prizm","Apex","Alex Bowman","Ally Financial | Hendrick Motorsports | Chevrolet","Driver",11,
"Racing",2021,"Panini","Prizm","Apex","Bubba Wallace","McDonald's | 23XI Racing | Toyota","Driver",12,
"Racing",2021,"Panini","Prizm","Apex","Daniel Suarez","Camping World | Trackhouse Racing | Chevrolet","Driver",13,
"Racing",2021,"Panini","Prizm","Apex","Ryan Blaney","Pennzoil | Team Penske | Ford","Driver",14,
"Racing",2021,"Panini","Prizm","Apex","Kyle Larson","Hendrickcars.com | Hendrick Motorsports | Chevrolet","Driver",15,
"Racing",2021,"Panini","Prizm","Apex Black Prizm","Jeff Gordon","DuPont | Hendrick Motorsports | Chevrolet","Driver",1,1
"Racing",2021,"Panini","Prizm","Apex Black Prizm","Dale Earnhardt Jr","National Guard | Hendrick Motorsports | Chevrolet","Driver",2,1
"Racing",2021,"Panini","Prizm","Apex Black Prizm","Jimmie Johnson","Lowe's | Hendrick Motorsports | Chevrolet","Driver",3,1
"Racing",2021,"Panini","Prizm","Apex Black Prizm","Chase Elliott","NAPA Auto Parts | Hendrick Motorsports | Chevrolet","Driver",4,1
"Racing",2021,"Panini","Prizm","Apex Black Prizm","Austin Dillon","Bass Pro Shops | Richard Childress Racing | Chevrolet","Driver",5,1
"Racing",2021,"Panini","Prizm","Apex Black Prizm","Kyle Busch","M&M's | Joe Gibbs Racing | Toyota","Driver",6,1
"Racing",2021,"Panini","Prizm","Apex Black Prizm","Denny Hamlin","FedEx Express | Joe Gibbs Racing | Toyota","Driver",7,1
"Racing",2021,"Panini","Prizm","Apex Black Prizm","Joey Logano","Shell-Pennzoil | Team Penske | Ford","Driver",8,1
"Racing",2021,"Panini","Prizm","Apex Black Prizm","Natalie Decker","Red Street Records | Our Motorsports | Chevrolet","Driver",9,1
"Racing",2021,"Panini","Prizm","Apex Black Prizm","Brad Keselowski","Discount Tire | Team Penske | Ford","Driver",10,1
"Racing",2021,"Panini","Prizm","Apex Black Prizm","Alex Bowman","Ally Financial | Hendrick Motorsports | Chevrolet","Driver",11,1
"Racing",2021,"Panini","Prizm","Apex Black Prizm","Bubba Wallace","McDonald's | 23XI Racing | Toyota","Driver",12,1
"Racing",2021,"Panini","Prizm","Apex Black Prizm","Daniel Suarez","Camping World | Trackhouse Racing | Chevrolet","Driver",13,1
"Racing",2021,"Panini","Prizm","Apex Black Prizm","Ryan Blaney","Pennzoil | Team Penske | Ford","Driver",14,1
"Racing",2021,"Panini","Prizm","Apex Black Prizm","Kyle Larson","Hendrickcars.com | Hendrick Motorsports | Chevrolet","Driver",15,1
"Racing",2021,"Panini","Prizm","Apex Gold Prizm","Jeff Gordon","DuPont | Hendrick Motorsports | Chevrolet","Driver",1,10
"Racing",2021,"Panini","Prizm","Apex Gold Prizm","Dale Earnhardt Jr","National Guard | Hendrick Motorsports | Chevrolet","Driver",2,10
"Racing",2021,"Panini","Prizm","Apex Gold Prizm","Jimmie Johnson","Lowe's | Hendrick Motorsports | Chevrolet","Driver",3,10
"Racing",2021,"Panini","Prizm","Apex Gold Prizm","Chase Elliott","NAPA Auto Parts | Hendrick Motorsports | Chevrolet","Driver",4,10
"Racing",2021,"Panini","Prizm","Apex Gold Prizm","Austin Dillon","Bass Pro Shops | Richard Childress Racing | Chevrolet","Driver",5,10
"Racing",2021,"Panini","Prizm","Apex Gold Prizm","Kyle Busch","M&M's | Joe Gibbs Racing | Toyota","Driver",6,10
"Racing",2021,"Panini","Prizm","Apex Gold Prizm","Denny Hamlin","FedEx Express | Joe Gibbs Racing | Toyota","Driver",7,10
"Racing",2021,"Panini","Prizm","Apex Gold Prizm","Joey Logano","Shell-Pennzoil | Team Penske | Ford","Driver",8,10
"Racing",2021,"Panini","Prizm","Apex Gold Prizm","Natalie Decker","Red Street Records | Our Motorsports | Chevrolet","Driver",9,10
"Racing",2021,"Panini","Prizm","Apex Gold Prizm","Brad Keselowski","Discount Tire | Team Penske | Ford","Driver",10,10
"Racing",2021,"Panini","Prizm","Apex Gold Prizm","Alex Bowman","Ally Financial | Hendrick Motorsports | Chevrolet","Driver",11,10
"Racing",2021,"Panini","Prizm","Apex Gold Prizm","Bubba Wallace","McDonald's | 23XI Racing | Toyota","Driver",12,10
"Racing",2021,"Panini","Prizm","Apex Gold Prizm","Daniel Suarez","Camping World | Trackhouse Racing | Chevrolet","Driver",13,10
"Racing",2021,"Panini","Prizm","Apex Gold Prizm","Ryan Blaney","Pennzoil | Team Penske | Ford","Driver",14,10
"Racing",2021,"Panini","Prizm","Apex Gold Prizm","Kyle Larson","Hendrickcars.com | Hendrick Motorsports | Chevrolet","Driver",15,10
"Racing",2021,"Panini","Prizm","Apex Gold Vinyl","Jeff Gordon","DuPont | Hendrick Motorsports | Chevrolet","Driver",1,1
"Racing",2021,"Panini","Prizm","Apex Gold Vinyl","Dale Earnhardt Jr","National Guard | Hendrick Motorsports | Chevrolet","Driver",2,1
"Racing",2021,"Panini","Prizm","Apex Gold Vinyl","Jimmie Johnson","Lowe's | Hendrick Motorsports | Chevrolet","Driver",3,1
"Racing",2021,"Panini","Prizm","Apex Gold Vinyl","Chase Elliott","NAPA Auto Parts | Hendrick Motorsports | Chevrolet","Driver",4,1
"Racing",2021,"Panini","Prizm","Apex Gold Vinyl","Austin Dillon","Bass Pro Shops | Richard Childress Racing | Chevrolet","Driver",5,1
"Racing",2021,"Panini","Prizm","Apex Gold Vinyl","Kyle Busch","M&M's | Joe Gibbs Racing | Toyota","Driver",6,1
"Racing",2021,"Panini","Prizm","Apex Gold Vinyl","Denny Hamlin","FedEx Express | Joe Gibbs Racing | Toyota","Driver",7,1
"Racing",2021,"Panini","Prizm","Apex Gold Vinyl","Joey Logano","Shell-Pennzoil | Team Penske | Ford","Driver",8,1
"Racing",2021,"Panini","Prizm","Apex Gold Vinyl","Natalie Decker","Red Street Records | Our Motorsports | Chevrolet","Driver",9,1
"Racing",2021,"Panini","Prizm","Apex Gold Vinyl","Brad Keselowski","Discount Tire | Team Penske | Ford","Driver",10,1
"Racing",2021,"Panini","Prizm","Apex Gold Vinyl","Alex Bowman","Ally Financial | Hendrick Motorsports | Chevrolet","Driver",11,1
"Racing",2021,"Panini","Prizm","Apex Gold Vinyl","Bubba Wallace","McDonald's | 23XI Racing | Toyota","Driver",12,1
"Racing",2021,"Panini","Prizm","Apex Gold Vinyl","Daniel Suarez","Camping World | Trackhouse Racing | Chevrolet","Driver",13,1
"Racing",2021,"Panini","Prizm","Apex Gold Vinyl","Ryan Blaney","Pennzoil | Team Penske | Ford","Driver",14,1
"Racing",2021,"Panini","Prizm","Apex Gold Vinyl","Kyle Larson","Hendrickcars.com | Hendrick Motorsports | Chevrolet","Driver",15,1
"Racing",2021,"Panini","Prizm","Apex Prizm","Jeff Gordon","DuPont | Hendrick Motorsports | Chevrolet","Driver",1,
"Racing",2021,"Panini","Prizm","Apex Prizm","Dale Earnhardt Jr","National Guard | Hendrick Motorsports | Chevrolet","Driver",2,
"Racing",2021,"Panini","Prizm","Apex Prizm","Jimmie Johnson","Lowe's | Hendrick Motorsports | Chevrolet","Driver",3,
"Racing",2021,"Panini","Prizm","Apex Prizm","Chase Elliott","NAPA Auto Parts | Hendrick Motorsports | Chevrolet","Driver",4,
"Racing",2021,"Panini","Prizm","Apex Prizm","Austin Dillon","Bass Pro Shops | Richard Childress Racing | Chevrolet","Driver",5,
"Racing",2021,"Panini","Prizm","Apex Prizm","Kyle Busch","M&M's | Joe Gibbs Racing | Toyota","Driver",6,
"Racing",2021,"Panini","Prizm","Apex Prizm","Denny Hamlin","FedEx Express | Joe Gibbs Racing | Toyota","Driver",7,
"Racing",2021,"Panini","Prizm","Apex Prizm","Joey Logano","Shell-Pennzoil | Team Penske | Ford","Driver",8,
"Racing",2021,"Panini","Prizm","Apex Prizm","Natalie Decker","Red Street Records | Our Motorsports | Chevrolet","Driver",9,
"Racing",2021,"Panini","Prizm","Apex Prizm","Brad Keselowski","Discount Tire | Team Penske | Ford","Driver",10,
"Racing",2021,"Panini","Prizm","Apex Prizm","Alex Bowman","Ally Financial | Hendrick Motorsports | Chevrolet","Driver",11,
"Racing",2021,"Panini","Prizm","Apex Prizm","Bubba Wallace","McDonald's | 23XI Racing | Toyota","Driver",12,
"Racing",2021,"Panini","Prizm","Apex Prizm","Daniel Suarez","Camping World | Trackhouse Racing | Chevrolet","Driver",13,
"Racing",2021,"Panini","Prizm","Apex Prizm","Ryan Blaney","Pennzoil | Team Penske | Ford","Driver",14,
"Racing",2021,"Panini","Prizm","Apex Prizm","Kyle Larson","Hendrickcars.com | Hendrick Motorsports | Chevrolet","Driver",15,
"Racing",2021,"Panini","Prizm","Base","Tyler Reddick","Caterpillar | Richard Childress Racing | Chevrolet","Driver",1,
"Racing",2021,"Panini","Prizm","Base","Martin Truex Jr.","Bass Pro Shops | Joe Gibbs Racing | Toyota","Driver",2,
"Racing",2021,"Panini","Prizm","Base","Kyle Weatherman","Wolfpack Racing | Mike Harmon Racing | Chevrolet","Driver",3,
"Racing",2021,"Panini","Prizm","Base","Kyle Larson","Hendrickcars.com | Hendrick Motorsports | Chevrolet","Driver",4,
"Racing",2021,"Panini","Prizm","Base","Alex Bowman","Ally Financial | Hendrick Motorsports | Chevrolet","Driver",5,
"Racing",2021,"Panini","Prizm","Base","Bayley Currey ","Belmont Classic Cars | Rick Ware Racing | Chevrolet","Driver",6,
"Racing",2021,"Panini","Prizm","Base","Chase Elliott","NAPA Auto Parts | Hendrick Motorsports | Chevrolet","Driver",7,
"Racing",2021,"Panini","Prizm","Base","Christopher Bell","Rheem | Joe Gibbs Racing | Toyota","Driver",8,
"Racing",2021,"Panini","Prizm","Base","Raphael Lessard","Canac | GMS Racing | Chevrolet","Driver",9,
"Racing",2021,"Panini","Prizm","Base","Alex Labbe","Prolon | DGM Racing | Chevrolet","Driver",10,
"Racing",2021,"Panini","Prizm","Base","Kyle Busch","M&M's | Joe Gibbs Racing | Toyota","Driver",11,
"Racing",2021,"Panini","Prizm","Base","Drew Dollar","JBL | Kyle Busch Motorsports | Toyota","Driver",12,
"Racing",2021,"Panini","Prizm","Base","Brandon Jones","Menards | Joe Gibbs Racing | Toyota","Driver",13,
"Racing",2021,"Panini","Prizm","Base","Myatt Snider","TaxSlayer | Richard Childress Racing | Chevrolet","Driver",14,
"Racing",2021,"Panini","Prizm","Base","Denny Hamlin","FedEx Express | Joe Gibbs Racing | Toyota","Driver",15,
"Racing",2021,"Panini","Prizm","Base","Ryan Repko","Craftsman | Venturini Motorsports | Toyota","Driver",16,
"Racing",2021,"Panini","Prizm","Base","Anthony Alfredo","Dude Wipes | Front Row Motorsports | Ford","Driver",17,
"Racing",2021,"Panini","Prizm","Base","Brittney Zamora","Rackley Roofing | Toyota","Driver",18,
"Racing",2021,"Panini","Prizm","Base","Daniel Suarez","Camping World | Trackhouse Racing | Chevrolet","Driver",19,
"Racing",2021,"Panini","Prizm","Base","Josh Berry","Tire Pros | JR Motorsports | Chevrolet","Driver",20,
"Racing",2021,"Panini","Prizm","Base","Daniel Hemric","Poppy Bank | Joe Gibbs Racing | Toyota","Driver",21,
"Racing",2021,"Panini","Prizm","Base","Corey LaJoie","Schluter Systems | Spire Motorsports | Chevrolet","Driver",22,
"Racing",2021,"Panini","Prizm","Base","Josh Williams","Alloy Employer Services | DGM Racing | Chevrolet","Driver",23,
"Racing",2021,"Panini","Prizm","Base","Taylor Gray","Ford Performance | DGR-Crosley | Ford","Driver",24,
"Racing",2021,"Panini","Prizm","Base","Austin Dillon","Bass Pro Shops | Richard Childress Racing | Chevrolet","Driver",25,
"Racing",2021,"Panini","Prizm","Base","Kurt Busch","Monster Energy | Chip Ganassi Racing | Chevrolet","Driver",26,
"Racing",2021,"Panini","Prizm","Base","Chase Briscoe","Ford Performance | Stewart-Haas Racing | Ford","Driver",27,
"Racing",2021,"Panini","Prizm","Base","Ryan Newman","Oscar Mayer | Roush Fenway Racing | Ford","Driver",28,
"Racing",2021,"Panini","Prizm","Base","Kaz Grala","Hyper Ice | Kaulig Racing | Chevrolet","Driver",29,
"Racing",2021,"Panini","Prizm","Base","Chandler Smith","Safelite Auto Glass | Kyle Busch Motorsports | Toyota","Driver",30,
"Racing",2021,"Panini","Prizm","Base","Matt DiBenedetto","Motorcraft | Wood Brothers Racing | Ford","Driver",31,
"Racing",2021,"Panini","Prizm","Base","Sam Mayer","JR Motorsports | JR Motorsports | Chevrolet","Driver",32,
"Racing",2021,"Panini","Prizm","Base","Ryan Blaney","Menards | Team Penske | Ford","Driver",33,
"Racing",2021,"Panini","Prizm","Base","Brad Keselowski","Money Lion | Team Penske | Ford","Driver",34,
"Racing",2021,"Panini","Prizm","Base","Hailie Deegan","Monster Energy","Driver",35,
"Racing",2021,"Panini","Prizm","Base","Kevin Harvick","Mobil 1 | Stewart-Haas Racing | Ford","Driver",36,
"Racing",2021,"Panini","Prizm","Base","Chris Buescher","Fastenal | Roush Fenway Racing | Ford","Driver",37,
"Racing",2021,"Panini","Prizm","Base","Joey Logano","Shell-Pennzoil | Team Penske | Ford","Driver",38,
"Racing",2021,"Panini","Prizm","Base","Ross Chastain","Clover | Chip Ganassi Racing | Chevrolet","Driver",39,
"Racing",2021,"Panini","Prizm","Base","Tommy Joe Martins","Gilreath Farms Red Angus | Tommy Joe Martins | Chevrolet","Driver",40,
"Racing",2021,"Panini","Prizm","Base","Kody Vanderwal","Advanced Dairy Services | Jimmy Means Racing | Chevrolet","Driver",41,
"Racing",2021,"Panini","Prizm","Base","Erik Jones","U.S. Air Force | Richard Petty Motorsports | Chevrolet","Driver",42,
"Racing",2021,"Panini","Prizm","Base","Ricky Stenhouse Jr","Kroger | JTG Daugherty Racing | Chevrolet","Driver",43,
"Racing",2021,"Panini","Prizm","Base","Austin Cindric","CarShop | Team Penske | Ford","Driver",44,
"Racing",2021,"Panini","Prizm","Base","Jesse Love","NAPA Power Premium Plus | Bill McAnally Racing | Toyota","Driver",45,
"Racing",2021,"Panini","Prizm","Base","Noah Gragson","Bass Pro Shops | JR Motorsports | Chevrolet","Driver",46,
"Racing",2021,"Panini","Prizm","Base","Aric Almirola","Smithfield Foods | Stewart-Haas Racing | Ford","Driver",47,
"Racing",2021,"Panini","Prizm","Base","Justin Allgaier","Brandt | JR Motorsports | Chevrolet","Driver",48,
"Racing",2021,"Panini","Prizm","Base","Cole Custer","Haas Automation | Stewart-Haas Racing | Ford","Driver",49,
"Racing",2021,"Panini","Prizm","Base","Harrison Burton","DEX Imaging | Joe Gibbs Racing | Toyota","Driver",50,
"Racing",2021,"Panini","Prizm","Base","Ryan Vargas","MaintenX | JD Motorsports | Chevrolet","Driver",51,
"Racing",2021,"Panini","Prizm","Base","Bubba Wallace","DoorDash | 23XI Racing | Toyota","Driver",52,
"Racing",2021,"Panini","Prizm","Base","John Hunter Nemechek","Fire Alarm Services | NEMCO Motorsports | Ford","Driver",53,
"Racing",2021,"Panini","Prizm","Base","William Byron","AXALTA | Hendrick Motorsports | Chevrolet","Driver",54,
"Racing",2021,"Panini","Prizm","Base","Michael Annett","Pilot Flying J | JR Motorsports | Chevrolet","Driver",55,
"Racing",2021,"Panini","Prizm","Base","Sheldon Creed","Chevy Accessories | GMS Racing | Chevrolet","Driver",56,
"Racing",2021,"Panini","Prizm","Base","Michael McDowell","FR8 Auctions | Front Row Motorsports | Ford","Driver",57,
"Racing",2021,"Panini","Prizm","Base","Mason Massey","Marty Massey Towing & Recovery | B.J. McLeod Motorsports | Toyota","Driver",58,
"Racing",2021,"Panini","Prizm","Base","Ty Gibbs","Interstate Batteries | Joe Gibbs Racing | Toyota","Driver",59,
"Racing",2021,"Panini","Prizm","Base","Natalie Decker","Red Street Records | Our Motorsports | Chevrolet","Driver",60,
"Racing",2021,"Panini","Prizm","Black Finite Prizm","Tyler Reddick","Caterpillar | Richard Childress Racing | Chevrolet","Driver",1,1
"Racing",2021,"Panini","Prizm","Black Finite Prizm","Martin Truex Jr.","Bass Pro Shops | Joe Gibbs Racing | Toyota","Driver",2,1
"Racing",2021,"Panini","Prizm","Black Finite Prizm","Kyle Weatherman","Wolfpack Racing | Mike Harmon Racing | Chevrolet","Driver",3,1
"Racing",2021,"Panini","Prizm","Black Finite Prizm","Kyle Larson","Hendrickcars.com | Hendrick Motorsports | Chevrolet","Driver",4,1
"Racing",2021,"Panini","Prizm","Black Finite Prizm","Alex Bowman","Ally Financial | Hendrick Motorsports | Chevrolet","Driver",5,1
"Racing",2021,"Panini","Prizm","Black Finite Prizm","Bayley Currey ","Belmont Classic Cars | Rick Ware Racing | Chevrolet","Driver",6,1
"Racing",2021,"Panini","Prizm","Black Finite Prizm","Chase Elliott","NAPA Auto Parts | Hendrick Motorsports | Chevrolet","Driver",7,1
"Racing",2021,"Panini","Prizm","Black Finite Prizm","Christopher Bell","Rheem | Joe Gibbs Racing | Toyota","Driver",8,1
"Racing",2021,"Panini","Prizm","Black Finite Prizm","Raphael Lessard","Canac | GMS Racing | Chevrolet","Driver",9,1
"Racing",2021,"Panini","Prizm","Black Finite Prizm","Alex Labbe","Prolon | DGM Racing | Chevrolet","Driver",10,1
"Racing",2021,"Panini","Prizm","Black Finite Prizm","Kyle Busch","M&M's | Joe Gibbs Racing | Toyota","Driver",11,1
"Racing",2021,"Panini","Prizm","Black Finite Prizm","Drew Dollar","JBL | Kyle Busch Motorsports | Toyota","Driver",12,1
"Racing",2021,"Panini","Prizm","Black Finite Prizm","Brandon Jones","Menards | Joe Gibbs Racing | Toyota","Driver",13,1
"Racing",2021,"Panini","Prizm","Black Finite Prizm","Myatt Snider","TaxSlayer | Richard Childress Racing | Chevrolet","Driver",14,1
"Racing",2021,"Panini","Prizm","Black Finite Prizm","Denny Hamlin","FedEx Express | Joe Gibbs Racing | Toyota","Driver",15,1
"Racing",2021,"Panini","Prizm","Black Finite Prizm","Ryan Repko","Craftsman | Venturini Motorsports | Toyota","Driver",16,1
"Racing",2021,"Panini","Prizm","Black Finite Prizm","Anthony Alfredo","Dude Wipes | Front Row Motorsports | Ford","Driver",17,1
"Racing",2021,"Panini","Prizm","Black Finite Prizm","Brittney Zamora","Rackley Roofing | Toyota","Driver",18,1
"Racing",2021,"Panini","Prizm","Black Finite Prizm","Daniel Suarez","Camping World | Trackhouse Racing | Chevrolet","Driver",19,1
"Racing",2021,"Panini","Prizm","Black Finite Prizm","Josh Berry","Tire Pros | JR Motorsports | Chevrolet","Driver",20,1
"Racing",2021,"Panini","Prizm","Black Finite Prizm","Daniel Hemric","Poppy Bank | Joe Gibbs Racing | Toyota","Driver",21,1
"Racing",2021,"Panini","Prizm","Black Finite Prizm","Corey LaJoie","Schluter Systems | Spire Motorsports | Chevrolet","Driver",22,1
"Racing",2021,"Panini","Prizm","Black Finite Prizm","Josh Williams","Alloy Employer Services | DGM Racing | Chevrolet","Driver",23,1
"Racing",2021,"Panini","Prizm","Black Finite Prizm","Taylor Gray","Ford Performance | DGR-Crosley | Ford","Driver",24,1
"Racing",2021,"Panini","Prizm","Black Finite Prizm","Austin Dillon","Bass Pro Shops | Richard Childress Racing | Chevrolet","Driver",25,1
"Racing",2021,"Panini","Prizm","Black Finite Prizm","Kurt Busch","Monster Energy | Chip Ganassi Racing | Chevrolet","Driver",26,1
"Racing",2021,"Panini","Prizm","Black Finite Prizm","Chase Briscoe","Ford Performance | Stewart-Haas Racing | Ford","Driver",27,1
"Racing",2021,"Panini","Prizm","Black Finite Prizm","Ryan Newman","Oscar Mayer | Roush Fenway Racing | Ford","Driver",28,1
"Racing",2021,"Panini","Prizm","Black Finite Prizm","Kaz Grala","Hyper Ice | Kaulig Racing | Chevrolet","Driver",29,1
"Racing",2021,"Panini","Prizm","Black Finite Prizm","Chandler Smith","Safelite Auto Glass | Kyle Busch Motorsports | Toyota","Driver",30,1
"Racing",2021,"Panini","Prizm","Black Finite Prizm","Matt DiBenedetto","Motorcraft | Wood Brothers Racing | Ford","Driver",31,1
"Racing",2021,"Panini","Prizm","Black Finite Prizm","Sam Mayer","JR Motorsports | JR Motorsports | Chevrolet","Driver",32,1
"Racing",2021,"Panini","Prizm","Black Finite Prizm","Ryan Blaney","Menards | Team Penske | Ford","Driver",33,1
"Racing",2021,"Panini","Prizm","Black Finite Prizm","Brad Keselowski","Money Lion | Team Penske | Ford","Driver",34,1
"Racing",2021,"Panini","Prizm","Black Finite Prizm","Hailie Deegan","Monster Energy","Driver",35,1
"Racing",2021,"Panini","Prizm","Black Finite Prizm","Kevin Harvick","Mobil 1 | Stewart-Haas Racing | Ford","Driver",36,1
"Racing",2021,"Panini","Prizm","Black Finite Prizm","Chris Buescher","Fastenal | Roush Fenway Racing | Ford","Driver",37,1
"Racing",2021,"Panini","Prizm","Black Finite Prizm","Joey Logano","Shell-Pennzoil | Team Penske | Ford","Driver",38,1
"Racing",2021,"Panini","Prizm","Black Finite Prizm","Ross Chastain","Clover | Chip Ganassi Racing | Chevrolet","Driver",39,1
"Racing",2021,"Panini","Prizm","Black Finite Prizm","Tommy Joe Martins","Gilreath Farms Red Angus | Tommy Joe Martins | Chevrolet","Driver",40,1
"Racing",2021,"Panini","Prizm","Black Finite Prizm","Kody Vanderwal","Advanced Dairy Services | Jimmy Means Racing | Chevrolet","Driver",41,1
"Racing",2021,"Panini","Prizm","Black Finite Prizm","Erik Jones","U.S. Air Force | Richard Petty Motorsports | Chevrolet","Driver",42,1
"Racing",2021,"Panini","Prizm","Black Finite Prizm","Ricky Stenhouse Jr","Kroger | JTG Daugherty Racing | Chevrolet","Driver",43,1
"Racing",2021,"Panini","Prizm","Black Finite Prizm","Austin Cindric","CarShop | Team Penske | Ford","Driver",44,1
"Racing",2021,"Panini","Prizm","Black Finite Prizm","Jesse Love","NAPA Power Premium Plus | Bill McAnally Racing | Toyota","Driver",45,1
"Racing",2021,"Panini","Prizm","Black Finite Prizm","Noah Gragson","Bass Pro Shops | JR Motorsports | Chevrolet","Driver",46,1
"Racing",2021,"Panini","Prizm","Black Finite Prizm","Aric Almirola","Smithfield Foods | Stewart-Haas Racing | Ford","Driver",47,1
"Racing",2021,"Panini","Prizm","Black Finite Prizm","Justin Allgaier","Brandt | JR Motorsports | Chevrolet","Driver",48,1
"Racing",2021,"Panini","Prizm","Black Finite Prizm","Cole Custer","Haas Automation | Stewart-Haas Racing | Ford","Driver",49,1
"Racing",2021,"Panini","Prizm","Black Finite Prizm","Harrison Burton","DEX Imaging | Joe Gibbs Racing | Toyota","Driver",50,1
"Racing",2021,"Panini","Prizm","Black Finite Prizm","Ryan Vargas","MaintenX | JD Motorsports | Chevrolet","Driver",51,1
"Racing",2021,"Panini","Prizm","Black Finite Prizm","Bubba Wallace","DoorDash | 23XI Racing | Toyota","Driver",52,1
"Racing",2021,"Panini","Prizm","Black Finite Prizm","John Hunter Nemechek","Fire Alarm Services | NEMCO Motorsports | Ford","Driver",53,1
"Racing",2021,"Panini","Prizm","Black Finite Prizm","William Byron","AXALTA | Hendrick Motorsports | Chevrolet","Driver",54,1
"Racing",2021,"Panini","Prizm","Black Finite Prizm","Michael Annett","Pilot Flying J | JR Motorsports | Chevrolet","Driver",55,1
"Racing",2021,"Panini","Prizm","Black Finite Prizm","Sheldon Creed","Chevy Accessories | GMS Racing | Chevrolet","Driver",56,1
"Racing",2021,"Panini","Prizm","Black Finite Prizm","Michael McDowell","FR8 Auctions | Front Row Motorsports | Ford","Driver",57,1
"Racing",2021,"Panini","Prizm","Black Finite Prizm","Mason Massey","Marty Massey Towing & Recovery | B.J. McLeod Motorsports | Toyota","Driver",58,1
"Racing",2021,"Panini","Prizm","Black Finite Prizm","Ty Gibbs","Interstate Batteries | Joe Gibbs Racing | Toyota","Driver",59,1
"Racing",2021,"Panini","Prizm","Black Finite Prizm","Natalie Decker","Red Street Records | Our Motorsports | Chevrolet","Driver",60,1
"Racing",2021,"Panini","Prizm","Blue Prizm","Tyler Reddick","Caterpillar | Richard Childress Racing | Chevrolet","Driver",1,
"Racing",2021,"Panini","Prizm","Blue Prizm","Martin Truex Jr.","Bass Pro Shops | Joe Gibbs Racing | Toyota","Driver",2,
"Racing",2021,"Panini","Prizm","Blue Prizm","Kyle Weatherman","Wolfpack Racing | Mike Harmon Racing | Chevrolet","Driver",3,
"Racing",2021,"Panini","Prizm","Blue Prizm","Kyle Larson","Hendrickcars.com | Hendrick Motorsports | Chevrolet","Driver",4,
"Racing",2021,"Panini","Prizm","Blue Prizm","Alex Bowman","Ally Financial | Hendrick Motorsports | Chevrolet","Driver",5,
"Racing",2021,"Panini","Prizm","Blue Prizm","Bayley Currey ","Belmont Classic Cars | Rick Ware Racing | Chevrolet","Driver",6,
"Racing",2021,"Panini","Prizm","Blue Prizm","Chase Elliott","NAPA Auto Parts | Hendrick Motorsports | Chevrolet","Driver",7,
"Racing",2021,"Panini","Prizm","Blue Prizm","Christopher Bell","Rheem | Joe Gibbs Racing | Toyota","Driver",8,
"Racing",2021,"Panini","Prizm","Blue Prizm","Raphael Lessard","Canac | GMS Racing | Chevrolet","Driver",9,
"Racing",2021,"Panini","Prizm","Blue Prizm","Alex Labbe","Prolon | DGM Racing | Chevrolet","Driver",10,
"Racing",2021,"Panini","Prizm","Blue Prizm","Kyle Busch","M&M's | Joe Gibbs Racing | Toyota","Driver",11,
"Racing",2021,"Panini","Prizm","Blue Prizm","Drew Dollar","JBL | Kyle Busch Motorsports | Toyota","Driver",12,
"Racing",2021,"Panini","Prizm","Blue Prizm","Brandon Jones","Menards | Joe Gibbs Racing | Toyota","Driver",13,
"Racing",2021,"Panini","Prizm","Blue Prizm","Myatt Snider","TaxSlayer | Richard Childress Racing | Chevrolet","Driver",14,
"Racing",2021,"Panini","Prizm","Blue Prizm","Denny Hamlin","FedEx Express | Joe Gibbs Racing | Toyota","Driver",15,
"Racing",2021,"Panini","Prizm","Blue Prizm","Ryan Repko","Craftsman | Venturini Motorsports | Toyota","Driver",16,
"Racing",2021,"Panini","Prizm","Blue Prizm","Anthony Alfredo","Dude Wipes | Front Row Motorsports | Ford","Driver",17,
"Racing",2021,"Panini","Prizm","Blue Prizm","Brittney Zamora","Rackley Roofing | Toyota","Driver",18,
"Racing",2021,"Panini","Prizm","Blue Prizm","Daniel Suarez","Camping World | Trackhouse Racing | Chevrolet","Driver",19,
"Racing",2021,"Panini","Prizm","Blue Prizm","Josh Berry","Tire Pros | JR Motorsports | Chevrolet","Driver",20,
"Racing",2021,"Panini","Prizm","Blue Prizm","Daniel Hemric","Poppy Bank | Joe Gibbs Racing | Toyota","Driver",21,
"Racing",2021,"Panini","Prizm","Blue Prizm","Corey LaJoie","Schluter Systems | Spire Motorsports | Chevrolet","Driver",22,
"Racing",2021,"Panini","Prizm","Blue Prizm","Josh Williams","Alloy Employer Services | DGM Racing | Chevrolet","Driver",23,
"Racing",2021,"Panini","Prizm","Blue Prizm","Taylor Gray","Ford Performance | DGR-Crosley | Ford","Driver",24,
"Racing",2021,"Panini","Prizm","Blue Prizm","Austin Dillon","Bass Pro Shops | Richard Childress Racing | Chevrolet","Driver",25,
"Racing",2021,"Panini","Prizm","Blue Prizm","Kurt Busch","Monster Energy | Chip Ganassi Racing | Chevrolet","Driver",26,
"Racing",2021,"Panini","Prizm","Blue Prizm","Chase Briscoe","Ford Performance | Stewart-Haas Racing | Ford","Driver",27,
"Racing",2021,"Panini","Prizm","Blue Prizm","Ryan Newman","Oscar Mayer | Roush Fenway Racing | Ford","Driver",28,
"Racing",2021,"Panini","Prizm","Blue Prizm","Kaz Grala","Hyper Ice | Kaulig Racing | Chevrolet","Driver",29,
"Racing",2021,"Panini","Prizm","Blue Prizm","Chandler Smith","Safelite Auto Glass | Kyle Busch Motorsports | Toyota","Driver",30,
"Racing",2021,"Panini","Prizm","Blue Prizm","Matt DiBenedetto","Motorcraft | Wood Brothers Racing | Ford","Driver",31,
"Racing",2021,"Panini","Prizm","Blue Prizm","Sam Mayer","JR Motorsports | JR Motorsports | Chevrolet","Driver",32,
"Racing",2021,"Panini","Prizm","Blue Prizm","Ryan Blaney","Menards | Team Penske | Ford","Driver",33,
"Racing",2021,"Panini","Prizm","Blue Prizm","Brad Keselowski","Money Lion | Team Penske | Ford","Driver",34,
"Racing",2021,"Panini","Prizm","Blue Prizm","Hailie Deegan","Monster Energy","Driver",35,
"Racing",2021,"Panini","Prizm","Blue Prizm","Kevin Harvick","Mobil 1 | Stewart-Haas Racing | Ford","Driver",36,
"Racing",2021,"Panini","Prizm","Blue Prizm","Chris Buescher","Fastenal | Roush Fenway Racing | Ford","Driver",37,
"Racing",2021,"Panini","Prizm","Blue Prizm","Joey Logano","Shell-Pennzoil | Team Penske | Ford","Driver",38,
"Racing",2021,"Panini","Prizm","Blue Prizm","Ross Chastain","Clover | Chip Ganassi Racing | Chevrolet","Driver",39,
"Racing",2021,"Panini","Prizm","Blue Prizm","Tommy Joe Martins","Gilreath Farms Red Angus | Tommy Joe Martins | Chevrolet","Driver",40,
"Racing",2021,"Panini","Prizm","Blue Prizm","Kody Vanderwal","Advanced Dairy Services | Jimmy Means Racing | Chevrolet","Driver",41,
"Racing",2021,"Panini","Prizm","Blue Prizm","Erik Jones","U.S. Air Force | Richard Petty Motorsports | Chevrolet","Driver",42,
"Racing",2021,"Panini","Prizm","Blue Prizm","Ricky Stenhouse Jr","Kroger | JTG Daugherty Racing | Chevrolet","Driver",43,
"Racing",2021,"Panini","Prizm","Blue Prizm","Austin Cindric","CarShop | Team Penske | Ford","Driver",44,
"Racing",2021,"Panini","Prizm","Blue Prizm","Jesse Love","NAPA Power Premium Plus | Bill McAnally Racing | Toyota","Driver",45,
"Racing",2021,"Panini","Prizm","Blue Prizm","Noah Gragson","Bass Pro Shops | JR Motorsports | Chevrolet","Driver",46,
"Racing",2021,"Panini","Prizm","Blue Prizm","Aric Almirola","Smithfield Foods | Stewart-Haas Racing | Ford","Driver",47,
"Racing",2021,"Panini","Prizm","Blue Prizm","Justin Allgaier","Brandt | JR Motorsports | Chevrolet","Driver",48,
"Racing",2021,"Panini","Prizm","Blue Prizm","Cole Custer","Haas Automation | Stewart-Haas Racing | Ford","Driver",49,
"Racing",2021,"Panini","Prizm","Blue Prizm","Harrison Burton","DEX Imaging | Joe Gibbs Racing | Toyota","Driver",50,
"Racing",2021,"Panini","Prizm","Blue Prizm","Ryan Vargas","MaintenX | JD Motorsports | Chevrolet","Driver",51,
"Racing",2021,"Panini","Prizm","Blue Prizm","Bubba Wallace","DoorDash | 23XI Racing | Toyota","Driver",52,
"Racing",2021,"Panini","Prizm","Blue Prizm","John Hunter Nemechek","Fire Alarm Services | NEMCO Motorsports | Ford","Driver",53,
"Racing",2021,"Panini","Prizm","Blue Prizm","William Byron","AXALTA | Hendrick Motorsports | Chevrolet","Driver",54,
"Racing",2021,"Panini","Prizm","Blue Prizm","Michael Annett","Pilot Flying J | JR Motorsports | Chevrolet","Driver",55,
"Racing",2021,"Panini","Prizm","Blue Prizm","Sheldon Creed","Chevy Accessories | GMS Racing | Chevrolet","Driver",56,
"Racing",2021,"Panini","Prizm","Blue Prizm","Michael McDowell","FR8 Auctions | Front Row Motorsports | Ford","Driver",57,
"Racing",2021,"Panini","Prizm","Blue Prizm","Mason Massey","Marty Massey Towing & Recovery | B.J. McLeod Motorsports | Toyota","Driver",58,
"Racing",2021,"Panini","Prizm","Blue Prizm","Ty Gibbs","Interstate Batteries | Joe Gibbs Racing | Toyota","Driver",59,
"Racing",2021,"Panini","Prizm","Blue Prizm","Natalie Decker","Red Street Records | Our Motorsports | Chevrolet","Driver",60,
"Racing",2021,"Panini","Prizm","Burnouts","Tony Stewart","Mobil 1 | Stewart-Haas Racing | Chevrolet","Driver",1,
"Racing",2021,"Panini","Prizm","Burnouts","Kevin Harvick","Mobil 1 | Stewart-Haas Racing | Ford","Driver",2,
"Racing",2021,"Panini","Prizm","Burnouts","Kyle Busch","M&M's | Joe Gibbs Racing | Toyota","Driver",3,
"Racing",2021,"Panini","Prizm","Burnouts","Joey Logano","Shell-Pennzoil | Team Penske | Ford","Driver",4,
"Racing",2021,"Panini","Prizm","Burnouts","Michael McDowell","Love's Travel Stops | Front Row Motorsports | Ford","Driver",5,
"Racing",2021,"Panini","Prizm","Burnouts","Brad Keselowski","Money Lion | Team Penske | Ford","Driver",6,
"Racing",2021,"Panini","Prizm","Burnouts","Chase Elliott","NAPA Auto Parts | Hendrick Motorsports | Chevrolet","Driver",7,
"Racing",2021,"Panini","Prizm","Burnouts","Martin Truex Jr.","Bass Pro Shops | Joe Gibbs Racing | Toyota","Driver",8,
"Racing",2021,"Panini","Prizm","Burnouts","Jeff Gordon","DuPont | Hendrick Motorsports | Chevrolet","Driver",9,
"Racing",2021,"Panini","Prizm","Burnouts","Dale Earnhardt Jr","National Guard | Hendrick Motorsports | Chevrolet","Driver",10,
"Racing",2021,"Panini","Prizm","Burnouts Black Prizm","Tony Stewart","Mobil 1 | Stewart-Haas Racing | Chevrolet","Driver",1,1
"Racing",2021,"Panini","Prizm","Burnouts Black Prizm","Kevin Harvick","Mobil 1 | Stewart-Haas Racing | Ford","Driver",2,1
"Racing",2021,"Panini","Prizm","Burnouts Black Prizm","Kyle Busch","M&M's | Joe Gibbs Racing | Toyota","Driver",3,1
"Racing",2021,"Panini","Prizm","Burnouts Black Prizm","Joey Logano","Shell-Pennzoil | Team Penske | Ford","Driver",4,1
"Racing",2021,"Panini","Prizm","Burnouts Black Prizm","Michael McDowell","Love's Travel Stops | Front Row Motorsports | Ford","Driver",5,1
"Racing",2021,"Panini","Prizm","Burnouts Black Prizm","Brad Keselowski","Money Lion | Team Penske | Ford","Driver",6,1
"Racing",2021,"Panini","Prizm","Burnouts Black Prizm","Chase Elliott","NAPA Auto Parts | Hendrick Motorsports | Chevrolet","Driver",7,1
"Racing",2021,"Panini","Prizm","Burnouts Black Prizm","Martin Truex Jr.","Bass Pro Shops | Joe Gibbs Racing | Toyota","Driver",8,1
"Racing",2021,"Panini","Prizm","Burnouts Black Prizm","Jeff Gordon","DuPont | Hendrick Motorsports | Chevrolet","Driver",9,1
"Racing",2021,"Panini","Prizm","Burnouts Black Prizm","Dale Earnhardt Jr","National Guard | Hendrick Motorsports | Chevrolet","Driver",10,1
"Racing",2021,"Panini","Prizm","Burnouts Gold Prizm","Tony Stewart","Mobil 1 | Stewart-Haas Racing | Chevrolet","Driver",1,10
"Racing",2021,"Panini","Prizm","Burnouts Gold Prizm","Kevin Harvick","Mobil 1 | Stewart-Haas Racing | Ford","Driver",2,10
"Racing",2021,"Panini","Prizm","Burnouts Gold Prizm","Kyle Busch","M&M's | Joe Gibbs Racing | Toyota","Driver",3,10
"Racing",2021,"Panini","Prizm","Burnouts Gold Prizm","Joey Logano","Shell-Pennzoil | Team Penske | Ford","Driver",4,10
"Racing",2021,"Panini","Prizm","Burnouts Gold Prizm","Michael McDowell","Love's Travel Stops | Front Row Motorsports | Ford","Driver",5,10
"Racing",2021,"Panini","Prizm","Burnouts Gold Prizm","Brad Keselowski","Money Lion | Team Penske | Ford","Driver",6,10
"Racing",2021,"Panini","Prizm","Burnouts Gold Prizm","Chase Elliott","NAPA Auto Parts | Hendrick Motorsports | Chevrolet","Driver",7,10
"Racing",2021,"Panini","Prizm","Burnouts Gold Prizm","Martin Truex Jr.","Bass Pro Shops | Joe Gibbs Racing | Toyota","Driver",8,10
"Racing",2021,"Panini","Prizm","Burnouts Gold Prizm","Jeff Gordon","DuPont | Hendrick Motorsports | Chevrolet","Driver",9,10
"Racing",2021,"Panini","Prizm","Burnouts Gold Prizm","Dale Earnhardt Jr","National Guard | Hendrick Motorsports | Chevrolet","Driver",10,10
"Racing",2021,"Panini","Prizm","Burnouts Gold Vinyl","Tony Stewart","Mobil 1 | Stewart-Haas Racing | Chevrolet","Driver",1,1
"Racing",2021,"Panini","Prizm","Burnouts Gold Vinyl","Kevin Harvick","Mobil 1 | Stewart-Haas Racing | Ford","Driver",2,1
"Racing",2021,"Panini","Prizm","Burnouts Gold Vinyl","Kyle Busch","M&M's | Joe Gibbs Racing | Toyota","Driver",3,1
"Racing",2021,"Panini","Prizm","Burnouts Gold Vinyl","Joey Logano","Shell-Pennzoil | Team Penske | Ford","Driver",4,1
"Racing",2021,"Panini","Prizm","Burnouts Gold Vinyl","Michael McDowell","Love's Travel Stops | Front Row Motorsports | Ford","Driver",5,1
"Racing",2021,"Panini","Prizm","Burnouts Gold Vinyl","Brad Keselowski","Money Lion | Team Penske | Ford","Driver",6,1
"Racing",2021,"Panini","Prizm","Burnouts Gold Vinyl","Chase Elliott","NAPA Auto Parts | Hendrick Motorsports | Chevrolet","Driver",7,1
"Racing",2021,"Panini","Prizm","Burnouts Gold Vinyl","Martin Truex Jr.","Bass Pro Shops | Joe Gibbs Racing | Toyota","Driver",8,1
"Racing",2021,"Panini","Prizm","Burnouts Gold Vinyl","Jeff Gordon","DuPont | Hendrick Motorsports | Chevrolet","Driver",9,1
"Racing",2021,"Panini","Prizm","Burnouts Gold Vinyl","Dale Earnhardt Jr","National Guard | Hendrick Motorsports | Chevrolet","Driver",10,1
"Racing",2021,"Panini","Prizm","Burnouts Prizm","Tony Stewart","Mobil 1 | Stewart-Haas Racing | Chevrolet","Driver",1,
"Racing",2021,"Panini","Prizm","Burnouts Prizm","Kevin Harvick","Mobil 1 | Stewart-Haas Racing | Ford","Driver",2,
"Racing",2021,"Panini","Prizm","Burnouts Prizm","Kyle Busch","M&M's | Joe Gibbs Racing | Toyota","Driver",3,
"Racing",2021,"Panini","Prizm","Burnouts Prizm","Joey Logano","Shell-Pennzoil | Team Penske | Ford","Driver",4,
"Racing",2021,"Panini","Prizm","Burnouts Prizm","Michael McDowell","Love's Travel Stops | Front Row Motorsports | Ford","Driver",5,
"Racing",2021,"Panini","Prizm","Burnouts Prizm","Brad Keselowski","Money Lion | Team Penske | Ford","Driver",6,
"Racing",2021,"Panini","Prizm","Burnouts Prizm","Chase Elliott","NAPA Auto Parts | Hendrick Motorsports | Chevrolet","Driver",7,
"Racing",2021,"Panini","Prizm","Burnouts Prizm","Martin Truex Jr.","Bass Pro Shops | Joe Gibbs Racing | Toyota","Driver",8,
"Racing",2021,"Panini","Prizm","Burnouts Prizm","Jeff Gordon","DuPont | Hendrick Motorsports | Chevrolet","Driver",9,
"Racing",2021,"Panini","Prizm","Burnouts Prizm","Dale Earnhardt Jr","National Guard | Hendrick Motorsports | Chevrolet","Driver",10,
"Racing",2021,"Panini","Prizm","Carolina Blue Cracked Ice","Tyler Reddick","Caterpillar | Richard Childress Racing | Chevrolet","Driver",1,25
"Racing",2021,"Panini","Prizm","Carolina Blue Cracked Ice","Martin Truex Jr.","Bass Pro Shops | Joe Gibbs Racing | Toyota","Driver",2,25
"Racing",2021,"Panini","Prizm","Carolina Blue Cracked Ice","Kyle Weatherman","Wolfpack Racing | Mike Harmon Racing | Chevrolet","Driver",3,25
"Racing",2021,"Panini","Prizm","Carolina Blue Cracked Ice","Kyle Larson","Hendrickcars.com | Hendrick Motorsports | Chevrolet","Driver",4,25
"Racing",2021,"Panini","Prizm","Carolina Blue Cracked Ice","Alex Bowman","Ally Financial | Hendrick Motorsports | Chevrolet","Driver",5,25
"Racing",2021,"Panini","Prizm","Carolina Blue Cracked Ice","Bayley Currey ","Belmont Classic Cars | Rick Ware Racing | Chevrolet","Driver",6,25
"Racing",2021,"Panini","Prizm","Carolina Blue Cracked Ice","Chase Elliott","NAPA Auto Parts | Hendrick Motorsports | Chevrolet","Driver",7,25
"Racing",2021,"Panini","Prizm","Carolina Blue Cracked Ice","Christopher Bell","Rheem | Joe Gibbs Racing | Toyota","Driver",8,25
"Racing",2021,"Panini","Prizm","Carolina Blue Cracked Ice","Raphael Lessard","Canac | GMS Racing | Chevrolet","Driver",9,25
"Racing",2021,"Panini","Prizm","Carolina Blue Cracked Ice","Alex Labbe","Prolon | DGM Racing | Chevrolet","Driver",10,25
"Racing",2021,"Panini","Prizm","Carolina Blue Cracked Ice","Kyle Busch","M&M's | Joe Gibbs Racing | Toyota","Driver",11,25
"Racing",2021,"Panini","Prizm","Carolina Blue Cracked Ice","Drew Dollar","JBL | Kyle Busch Motorsports | Toyota","Driver",12,25
"Racing",2021,"Panini","Prizm","Carolina Blue Cracked Ice","Brandon Jones","Menards | Joe Gibbs Racing | Toyota","Driver",13,25
"Racing",2021,"Panini","Prizm","Carolina Blue Cracked Ice","Myatt Snider","TaxSlayer | Richard Childress Racing | Chevrolet","Driver",14,25
"Racing",2021,"Panini","Prizm","Carolina Blue Cracked Ice","Denny Hamlin","FedEx Express | Joe Gibbs Racing | Toyota","Driver",15,25
"Racing",2021,"Panini","Prizm","Carolina Blue Cracked Ice","Ryan Repko","Craftsman | Venturini Motorsports | Toyota","Driver",16,25
"Racing",2021,"Panini","Prizm","Carolina Blue Cracked Ice","Anthony Alfredo","Dude Wipes | Front Row Motorsports | Ford","Driver",17,25
"Racing",2021,"Panini","Prizm","Carolina Blue Cracked Ice","Brittney Zamora","Rackley Roofing | Toyota","Driver",18,25
"Racing",2021,"Panini","Prizm","Carolina Blue Cracked Ice","Daniel Suarez","Camping World | Trackhouse Racing | Chevrolet","Driver",19,25
"Racing",2021,"Panini","Prizm","Carolina Blue Cracked Ice","Josh Berry","Tire Pros | JR Motorsports | Chevrolet","Driver",20,25
"Racing",2021,"Panini","Prizm","Carolina Blue Cracked Ice","Daniel Hemric","Poppy Bank | Joe Gibbs Racing | Toyota","Driver",21,25
"Racing",2021,"Panini","Prizm","Carolina Blue Cracked Ice","Corey LaJoie","Schluter Systems | Spire Motorsports | Chevrolet","Driver",22,25
"Racing",2021,"Panini","Prizm","Carolina Blue Cracked Ice","Josh Williams","Alloy Employer Services | DGM Racing | Chevrolet","Driver",23,25
"Racing",2021,"Panini","Prizm","Carolina Blue Cracked Ice","Taylor Gray","Ford Performance | DGR-Crosley | Ford","Driver",24,25
"Racing",2021,"Panini","Prizm","Carolina Blue Cracked Ice","Austin Dillon","Bass Pro Shops | Richard Childress Racing | Chevrolet","Driver",25,25
"Racing",2021,"Panini","Prizm","Carolina Blue Cracked Ice","Kurt Busch","Monster Energy | Chip Ganassi Racing | Chevrolet","Driver",26,25
"Racing",2021,"Panini","Prizm","Carolina Blue Cracked Ice","Chase Briscoe","Ford Performance | Stewart-Haas Racing | Ford","Driver",27,25
"Racing",2021,"Panini","Prizm","Carolina Blue Cracked Ice","Ryan Newman","Oscar Mayer | Roush Fenway Racing | Ford","Driver",28,25
"Racing",2021,"Panini","Prizm","Carolina Blue Cracked Ice","Kaz Grala","Hyper Ice | Kaulig Racing | Chevrolet","Driver",29,25
"Racing",2021,"Panini","Prizm","Carolina Blue Cracked Ice","Chandler Smith","Safelite Auto Glass | Kyle Busch Motorsports | Toyota","Driver",30,25
"Racing",2021,"Panini","Prizm","Carolina Blue Cracked Ice","Matt DiBenedetto","Motorcraft | Wood Brothers Racing | Ford","Driver",31,25
"Racing",2021,"Panini","Prizm","Carolina Blue Cracked Ice","Sam Mayer","JR Motorsports | JR Motorsports | Chevrolet","Driver",32,25
"Racing",2021,"Panini","Prizm","Carolina Blue Cracked Ice","Ryan Blaney","Menards | Team Penske | Ford","Driver",33,25
"Racing",2021,"Panini","Prizm","Carolina Blue Cracked Ice","Brad Keselowski","Money Lion | Team Penske | Ford","Driver",34,25
"Racing",2021,"Panini","Prizm","Carolina Blue Cracked Ice","Hailie Deegan","Monster Energy","Driver",35,25
"Racing",2021,"Panini","Prizm","Carolina Blue Cracked Ice","Kevin Harvick","Mobil 1 | Stewart-Haas Racing | Ford","Driver",36,25
"Racing",2021,"Panini","Prizm","Carolina Blue Cracked Ice","Chris Buescher","Fastenal | Roush Fenway Racing | Ford","Driver",37,25
"Racing",2021,"Panini","Prizm","Carolina Blue Cracked Ice","Joey Logano","Shell-Pennzoil | Team Penske | Ford","Driver",38,25
"Racing",2021,"Panini","Prizm","Carolina Blue Cracked Ice","Ross Chastain","Clover | Chip Ganassi Racing | Chevrolet","Driver",39,25
"Racing",2021,"Panini","Prizm","Carolina Blue Cracked Ice","Tommy Joe Martins","Gilreath Farms Red Angus | Tommy Joe Martins | Chevrolet","Driver",40,25
"Racing",2021,"Panini","Prizm","Carolina Blue Cracked Ice","Kody Vanderwal","Advanced Dairy Services | Jimmy Means Racing | Chevrolet","Driver",41,25
"Racing",2021,"Panini","Prizm","Carolina Blue Cracked Ice","Erik Jones","U.S. Air Force | Richard Petty Motorsports | Chevrolet","Driver",42,25
"Racing",2021,"Panini","Prizm","Carolina Blue Cracked Ice","Ricky Stenhouse Jr","Kroger | JTG Daugherty Racing | Chevrolet","Driver",43,25
"Racing",2021,"Panini","Prizm","Carolina Blue Cracked Ice","Austin Cindric","CarShop | Team Penske | Ford","Driver",44,25
"Racing",2021,"Panini","Prizm","Carolina Blue Cracked Ice","Jesse Love","NAPA Power Premium Plus | Bill McAnally Racing | Toyota","Driver",45,25
"Racing",2021,"Panini","Prizm","Carolina Blue Cracked Ice","Noah Gragson","Bass Pro Shops | JR Motorsports | Chevrolet","Driver",46,25
"Racing",2021,"Panini","Prizm","Carolina Blue Cracked Ice","Aric Almirola","Smithfield Foods | Stewart-Haas Racing | Ford","Driver",47,25
"Racing",2021,"Panini","Prizm","Carolina Blue Cracked Ice","Justin Allgaier","Brandt | JR Motorsports | Chevrolet","Driver",48,25
"Racing",2021,"Panini","Prizm","Carolina Blue Cracked Ice","Cole Custer","Haas Automation | Stewart-Haas Racing | Ford","Driver",49,25
"Racing",2021,"Panini","Prizm","Carolina Blue Cracked Ice","Harrison Burton","DEX Imaging | Joe Gibbs Racing | Toyota","Driver",50,25
"Racing",2021,"Panini","Prizm","Carolina Blue Cracked Ice","Ryan Vargas","MaintenX | JD Motorsports | Chevrolet","Driver",51,25
"Racing",2021,"Panini","Prizm","Carolina Blue Cracked Ice","Bubba Wallace","DoorDash | 23XI Racing | Toyota","Driver",52,25
"Racing",2021,"Panini","Prizm","Carolina Blue Cracked Ice","John Hunter Nemechek","Fire Alarm Services | NEMCO Motorsports | Ford","Driver",53,25
"Racing",2021,"Panini","Prizm","Carolina Blue Cracked Ice","William Byron","AXALTA | Hendrick Motorsports | Chevrolet","Driver",54,25
"Racing",2021,"Panini","Prizm","Carolina Blue Cracked Ice","Michael Annett","Pilot Flying J | JR Motorsports | Chevrolet","Driver",55,25
"Racing",2021,"Panini","Prizm","Carolina Blue Cracked Ice","Sheldon Creed","Chevy Accessories | GMS Racing | Chevrolet","Driver",56,25
"Racing",2021,"Panini","Prizm","Carolina Blue Cracked Ice","Michael McDowell","FR8 Auctions | Front Row Motorsports | Ford","Driver",57,25
"Racing",2021,"Panini","Prizm","Carolina Blue Cracked Ice","Mason Massey","Marty Massey Towing & Recovery | B.J. McLeod Motorsports | Toyota","Driver",58,25
"Racing",2021,"Panini","Prizm","Carolina Blue Cracked Ice","Ty Gibbs","Interstate Batteries | Joe Gibbs Racing | Toyota","Driver",59,25
"Racing",2021,"Panini","Prizm","Carolina Blue Cracked Ice","Natalie Decker","Red Street Records | Our Motorsports | Chevrolet","Driver",60,25
"Racing",2021,"Panini","Prizm","Carolina Blue Scope","Tyler Reddick","Caterpillar | Richard Childress Racing | Chevrolet","Driver",1,99
"Racing",2021,"Panini","Prizm","Carolina Blue Scope","Martin Truex Jr.","Bass Pro Shops | Joe Gibbs Racing | Toyota","Driver",2,99
"Racing",2021,"Panini","Prizm","Carolina Blue Scope","Kyle Weatherman","Wolfpack Racing | Mike Harmon Racing | Chevrolet","Driver",3,99
"Racing",2021,"Panini","Prizm","Carolina Blue Scope","Kyle Larson","Hendrickcars.com | Hendrick Motorsports | Chevrolet","Driver",4,99
"Racing",2021,"Panini","Prizm","Carolina Blue Scope","Alex Bowman","Ally Financial | Hendrick Motorsports | Chevrolet","Driver",5,99
"Racing",2021,"Panini","Prizm","Carolina Blue Scope","Bayley Currey ","Belmont Classic Cars | Rick Ware Racing | Chevrolet","Driver",6,99
"Racing",2021,"Panini","Prizm","Carolina Blue Scope","Chase Elliott","NAPA Auto Parts | Hendrick Motorsports | Chevrolet","Driver",7,99
"Racing",2021,"Panini","Prizm","Carolina Blue Scope","Christopher Bell","Rheem | Joe Gibbs Racing | Toyota","Driver",8,99
"Racing",2021,"Panini","Prizm","Carolina Blue Scope","Raphael Lessard","Canac | GMS Racing | Chevrolet","Driver",9,99
"Racing",2021,"Panini","Prizm","Carolina Blue Scope","Alex Labbe","Prolon | DGM Racing | Chevrolet","Driver",10,99
"Racing",2021,"Panini","Prizm","Carolina Blue Scope","Kyle Busch","M&M's | Joe Gibbs Racing | Toyota","Driver",11,99
"Racing",2021,"Panini","Prizm","Carolina Blue Scope","Drew Dollar","JBL | Kyle Busch Motorsports | Toyota","Driver",12,99
"Racing",2021,"Panini","Prizm","Carolina Blue Scope","Brandon Jones","Menards | Joe Gibbs Racing | Toyota","Driver",13,99
"Racing",2021,"Panini","Prizm","Carolina Blue Scope","Myatt Snider","TaxSlayer | Richard Childress Racing | Chevrolet","Driver",14,99
"Racing",2021,"Panini","Prizm","Carolina Blue Scope","Denny Hamlin","FedEx Express | Joe Gibbs Racing | Toyota","Driver",15,99
"Racing",2021,"Panini","Prizm","Carolina Blue Scope","Ryan Repko","Craftsman | Venturini Motorsports | Toyota","Driver",16,99
"Racing",2021,"Panini","Prizm","Carolina Blue Scope","Anthony Alfredo","Dude Wipes | Front Row Motorsports | Ford","Driver",17,99
"Racing",2021,"Panini","Prizm","Carolina Blue Scope","Brittney Zamora","Rackley Roofing | Toyota","Driver",18,99
"Racing",2021,"Panini","Prizm","Carolina Blue Scope","Daniel Suarez","Camping World | Trackhouse Racing | Chevrolet","Driver",19,99
"Racing",2021,"Panini","Prizm","Carolina Blue Scope","Josh Berry","Tire Pros | JR Motorsports | Chevrolet","Driver",20,99
"Racing",2021,"Panini","Prizm","Carolina Blue Scope","Daniel Hemric","Poppy Bank | Joe Gibbs Racing | Toyota","Driver",21,99
"Racing",2021,"Panini","Prizm","Carolina Blue Scope","Corey LaJoie","Schluter Systems | Spire Motorsports | Chevrolet","Driver",22,99
"Racing",2021,"Panini","Prizm","Carolina Blue Scope","Josh Williams","Alloy Employer Services | DGM Racing | Chevrolet","Driver",23,99
"Racing",2021,"Panini","Prizm","Carolina Blue Scope","Taylor Gray","Ford Performance | DGR-Crosley | Ford","Driver",24,99
"Racing",2021,"Panini","Prizm","Carolina Blue Scope","Austin Dillon","Bass Pro Shops | Richard Childress Racing | Chevrolet","Driver",25,99
"Racing",2021,"Panini","Prizm","Carolina Blue Scope","Kurt Busch","Monster Energy | Chip Ganassi Racing | Chevrolet","Driver",26,99
"Racing",2021,"Panini","Prizm","Carolina Blue Scope","Chase Briscoe","Ford Performance | Stewart-Haas Racing | Ford","Driver",27,99
"Racing",2021,"Panini","Prizm","Carolina Blue Scope","Ryan Newman","Oscar Mayer | Roush Fenway Racing | Ford","Driver",28,99
"Racing",2021,"Panini","Prizm","Carolina Blue Scope","Kaz Grala","Hyper Ice | Kaulig Racing | Chevrolet","Driver",29,99
"Racing",2021,"Panini","Prizm","Carolina Blue Scope","Chandler Smith","Safelite Auto Glass | Kyle Busch Motorsports | Toyota","Driver",30,99
"Racing",2021,"Panini","Prizm","Carolina Blue Scope","Matt DiBenedetto","Motorcraft | Wood Brothers Racing | Ford","Driver",31,99
"Racing",2021,"Panini","Prizm","Carolina Blue Scope","Sam Mayer","JR Motorsports | JR Motorsports | Chevrolet","Driver",32,99
"Racing",2021,"Panini","Prizm","Carolina Blue Scope","Ryan Blaney","Menards | Team Penske | Ford","Driver",33,99
"Racing",2021,"Panini","Prizm","Carolina Blue Scope","Brad Keselowski","Money Lion | Team Penske | Ford","Driver",34,99
"Racing",2021,"Panini","Prizm","Carolina Blue Scope","Hailie Deegan","Monster Energy","Driver",35,99
"Racing",2021,"Panini","Prizm","Carolina Blue Scope","Kevin Harvick","Mobil 1 | Stewart-Haas Racing | Ford","Driver",36,99
"Racing",2021,"Panini","Prizm","Carolina Blue Scope","Chris Buescher","Fastenal | Roush Fenway Racing | Ford","Driver",37,99
"Racing",2021,"Panini","Prizm","Carolina Blue Scope","Joey Logano","Shell-Pennzoil | Team Penske | Ford","Driver",38,99
"Racing",2021,"Panini","Prizm","Carolina Blue Scope","Ross Chastain","Clover | Chip Ganassi Racing | Chevrolet","Driver",39,99
"Racing",2021,"Panini","Prizm","Carolina Blue Scope","Tommy Joe Martins","Gilreath Farms Red Angus | Tommy Joe Martins | Chevrolet","Driver",40,99
"Racing",2021,"Panini","Prizm","Carolina Blue Scope","Kody Vanderwal","Advanced Dairy Services | Jimmy Means Racing | Chevrolet","Driver",41,99
"Racing",2021,"Panini","Prizm","Carolina Blue Scope","Erik Jones","U.S. Air Force | Richard Petty Motorsports | Chevrolet","Driver",42,99
"Racing",2021,"Panini","Prizm","Carolina Blue Scope","Ricky Stenhouse Jr","Kroger | JTG Daugherty Racing | Chevrolet","Driver",43,99
"Racing",2021,"Panini","Prizm","Carolina Blue Scope","Austin Cindric","CarShop | Team Penske | Ford","Driver",44,99
"Racing",2021,"Panini","Prizm","Carolina Blue Scope","Jesse Love","NAPA Power Premium Plus | Bill McAnally Racing | Toyota","Driver",45,99
"Racing",2021,"Panini","Prizm","Carolina Blue Scope","Noah Gragson","Bass Pro Shops | JR Motorsports | Chevrolet","Driver",46,99
"Racing",2021,"Panini","Prizm","Carolina Blue Scope","Aric Almirola","Smithfield Foods | Stewart-Haas Racing | Ford","Driver",47,99
"Racing",2021,"Panini","Prizm","Carolina Blue Scope","Justin Allgaier","Brandt | JR Motorsports | Chevrolet","Driver",48,99
"Racing",2021,"Panini","Prizm","Carolina Blue Scope","Cole Custer","Haas Automation | Stewart-Haas Racing | Ford","Driver",49,99
"Racing",2021,"Panini","Prizm","Carolina Blue Scope","Harrison Burton","DEX Imaging | Joe Gibbs Racing | Toyota","Driver",50,99
"Racing",2021,"Panini","Prizm","Carolina Blue Scope","Ryan Vargas","MaintenX | JD Motorsports | Chevrolet","Driver",51,99
"Racing",2021,"Panini","Prizm","Carolina Blue Scope","Bubba Wallace","DoorDash | 23XI Racing | Toyota","Driver",52,99
"Racing",2021,"Panini","Prizm","Carolina Blue Scope","John Hunter Nemechek","Fire Alarm Services | NEMCO Motorsports | Ford","Driver",53,99
"Racing",2021,"Panini","Prizm","Carolina Blue Scope","William Byron","AXALTA | Hendrick Motorsports | Chevrolet","Driver",54,99
"Racing",2021,"Panini","Prizm","Carolina Blue Scope","Michael Annett","Pilot Flying J | JR Motorsports | Chevrolet","Driver",55,99
"Racing",2021,"Panini","Prizm","Carolina Blue Scope","Sheldon Creed","Chevy Accessories | GMS Racing | Chevrolet","Driver",56,99
"Racing",2021,"Panini","Prizm","Carolina Blue Scope","Michael McDowell","FR8 Auctions | Front Row Motorsports | Ford","Driver",57,99
"Racing",2021,"Panini","Prizm","Carolina Blue Scope","Mason Massey","Marty Massey Towing & Recovery | B.J. McLeod Motorsports | Toyota","Driver",58,99
"Racing",2021,"Panini","Prizm","Carolina Blue Scope","Ty Gibbs","Interstate Batteries | Joe Gibbs Racing | Toyota","Driver",59,99
"Racing",2021,"Panini","Prizm","Carolina Blue Scope","Natalie Decker","Red Street Records | Our Motorsports | Chevrolet","Driver",60,99
"Racing",2021,"Panini","Prizm","Checkered Flag","Jeff Gordon","DuPont | Hendrick Motorsports | Chevrolet","Driver",1,
"Racing",2021,"Panini","Prizm","Checkered Flag","Dale Earnhardt Jr","Nationwide | Hendrick Motorsports | Chevrolet","Driver",2,
"Racing",2021,"Panini","Prizm","Checkered Flag","Jimmie Johnson","Lowe's | Hendrick Motorsports | Chevrolet","Driver",3,
"Racing",2021,"Panini","Prizm","Checkered Flag","Chase Elliott","NAPA Auto Parts | Hendrick Motorsports | Chevrolet","Driver",4,
"Racing",2021,"Panini","Prizm","Checkered Flag","Kevin Harvick","Jimmy John's | Stewart-Haas Racing | Ford","Driver",5,
"Racing",2021,"Panini","Prizm","Checkered Flag","Richard Petty","STP | Petty Enterprises | Plymouth","Driver",6,
"Racing",2021,"Panini","Prizm","Checkered Flag","Tony Stewart","Bass Pro Shops | Stewart-Haas Racing | Chevrolet","Driver",7,
"Racing",2021,"Panini","Prizm","Checkered Flag","Hailie Deegan","Monster Energy","Driver",8,
"Racing",2021,"Panini","Prizm","Checkered Flag","Kyle Busch","M&M's | Joe Gibbs Racing | Toyota","Driver",9,
"Racing",2021,"Panini","Prizm","Checkered Flag","Joey Logano","Shell-Pennzoil | Team Penske | Ford","Driver",10,
"Racing",2021,"Panini","Prizm","Color Blast","Jeff Gordon","DuPont | Hendrick Motorsports | Chevrolet","Driver",1,
"Racing",2021,"Panini","Prizm","Color Blast","Natalie Decker","N29 Capital Partners | Niece Motorsports | Chevrolet","Driver",2,
"Racing",2021,"Panini","Prizm","Color Blast","Hailie Deegan","Monster Energy | DGR-Crosley | Ford","Driver",3,
"Racing",2021,"Panini","Prizm","Color Blast","Dale Earnhardt Jr","Mountain Dew | Hendrick Motorsports | Chevrolet","Driver",4,
"Racing",2021,"Panini","Prizm","Color Blast","Richard Petty","STP | Petty Enterprises | Plymouth","Driver",5,
"Racing",2021,"Panini","Prizm","Disco","Tyler Reddick","Caterpillar | Richard Childress Racing | Chevrolet","Driver",1,75
"Racing",2021,"Panini","Prizm","Disco","Martin Truex Jr.","Bass Pro Shops | Joe Gibbs Racing | Toyota","Driver",2,75
"Racing",2021,"Panini","Prizm","Disco","Kyle Weatherman","Wolfpack Racing | Mike Harmon Racing | Chevrolet","Driver",3,75
"Racing",2021,"Panini","Prizm","Disco","Kyle Larson","Hendrickcars.com | Hendrick Motorsports | Chevrolet","Driver",4,75
"Racing",2021,"Panini","Prizm","Disco","Alex Bowman","Ally Financial | Hendrick Motorsports | Chevrolet","Driver",5,75
"Racing",2021,"Panini","Prizm","Disco","Bayley Currey ","Belmont Classic Cars | Rick Ware Racing | Chevrolet","Driver",6,75
"Racing",2021,"Panini","Prizm","Disco","Chase Elliott","NAPA Auto Parts | Hendrick Motorsports | Chevrolet","Driver",7,75
"Racing",2021,"Panini","Prizm","Disco","Christopher Bell","Rheem | Joe Gibbs Racing | Toyota","Driver",8,75
"Racing",2021,"Panini","Prizm","Disco","Raphael Lessard","Canac | GMS Racing | Chevrolet","Driver",9,75
"Racing",2021,"Panini","Prizm","Disco","Alex Labbe","Prolon | DGM Racing | Chevrolet","Driver",10,75
"Racing",2021,"Panini","Prizm","Disco","Kyle Busch","M&M's | Joe Gibbs Racing | Toyota","Driver",11,75
"Racing",2021,"Panini","Prizm","Disco","Drew Dollar","JBL | Kyle Busch Motorsports | Toyota","Driver",12,75
"Racing",2021,"Panini","Prizm","Disco","Brandon Jones","Menards | Joe Gibbs Racing | Toyota","Driver",13,75
"Racing",2021,"Panini","Prizm","Disco","Myatt Snider","TaxSlayer | Richard Childress Racing | Chevrolet","Driver",14,75
"Racing",2021,"Panini","Prizm","Disco","Denny Hamlin","FedEx Express | Joe Gibbs Racing | Toyota","Driver",15,75
"Racing",2021,"Panini","Prizm","Disco","Ryan Repko","Craftsman | Venturini Motorsports | Toyota","Driver",16,75
"Racing",2021,"Panini","Prizm","Disco","Anthony Alfredo","Dude Wipes | Front Row Motorsports | Ford","Driver",17,75
"Racing",2021,"Panini","Prizm","Disco","Brittney Zamora","Rackley Roofing | Toyota","Driver",18,75
"Racing",2021,"Panini","Prizm","Disco","Daniel Suarez","Camping World | Trackhouse Racing | Chevrolet","Driver",19,75
"Racing",2021,"Panini","Prizm","Disco","Josh Berry","Tire Pros | JR Motorsports | Chevrolet","Driver",20,75
"Racing",2021,"Panini","Prizm","Disco","Daniel Hemric","Poppy Bank | Joe Gibbs Racing | Toyota","Driver",21,75
"Racing",2021,"Panini","Prizm","Disco","Corey LaJoie","Schluter Systems | Spire Motorsports | Chevrolet","Driver",22,75
"Racing",2021,"Panini","Prizm","Disco","Josh Williams","Alloy Employer Services | DGM Racing | Chevrolet","Driver",23,75
"Racing",2021,"Panini","Prizm","Disco","Taylor Gray","Ford Performance | DGR-Crosley | Ford","Driver",24,75
"Racing",2021,"Panini","Prizm","Disco","Austin Dillon","Bass Pro Shops | Richard Childress Racing | Chevrolet","Driver",25,75
"Racing",2021,"Panini","Prizm","Disco","Kurt Busch","Monster Energy | Chip Ganassi Racing | Chevrolet","Driver",26,75
"Racing",2021,"Panini","Prizm","Disco","Chase Briscoe","Ford Performance | Stewart-Haas Racing | Ford","Driver",27,75
"Racing",2021,"Panini","Prizm","Disco","Ryan Newman","Oscar Mayer | Roush Fenway Racing | Ford","Driver",28,75
"Racing",2021,"Panini","Prizm","Disco","Kaz Grala","Hyper Ice | Kaulig Racing | Chevrolet","Driver",29,75
"Racing",2021,"Panini","Prizm","Disco","Chandler Smith","Safelite Auto Glass | Kyle Busch Motorsports | Toyota","Driver",30,75
"Racing",2021,"Panini","Prizm","Disco","Matt DiBenedetto","Motorcraft | Wood Brothers Racing | Ford","Driver",31,75
"Racing",2021,"Panini","Prizm","Disco","Sam Mayer","JR Motorsports | JR Motorsports | Chevrolet","Driver",32,75
"Racing",2021,"Panini","Prizm","Disco","Ryan Blaney","Menards | Team Penske | Ford","Driver",33,75
"Racing",2021,"Panini","Prizm","Disco","Brad Keselowski","Money Lion | Team Penske | Ford","Driver",34,75
"Racing",2021,"Panini","Prizm","Disco","Hailie Deegan","Monster Energy","Driver",35,75
"Racing",2021,"Panini","Prizm","Disco","Kevin Harvick","Mobil 1 | Stewart-Haas Racing | Ford","Driver",36,75
"Racing",2021,"Panini","Prizm","Disco","Chris Buescher","Fastenal | Roush Fenway Racing | Ford","Driver",37,75
"Racing",2021,"Panini","Prizm","Disco","Joey Logano","Shell-Pennzoil | Team Penske | Ford","Driver",38,75
"Racing",2021,"Panini","Prizm","Disco","Ross Chastain","Clover | Chip Ganassi Racing | Chevrolet","Driver",39,75
"Racing",2021,"Panini","Prizm","Disco","Tommy Joe Martins","Gilreath Farms Red Angus | Tommy Joe Martins | Chevrolet","Driver",40,75
"Racing",2021,"Panini","Prizm","Disco","Kody Vanderwal","Advanced Dairy Services | Jimmy Means Racing | Chevrolet","Driver",41,75
"Racing",2021,"Panini","Prizm","Disco","Erik Jones","U.S. Air Force | Richard Petty Motorsports | Chevrolet","Driver",42,75
"Racing",2021,"Panini","Prizm","Disco","Ricky Stenhouse Jr","Kroger | JTG Daugherty Racing | Chevrolet","Driver",43,75
"Racing",2021,"Panini","Prizm","Disco","Austin Cindric","CarShop | Team Penske | Ford","Driver",44,75
"Racing",2021,"Panini","Prizm","Disco","Jesse Love","NAPA Power Premium Plus | Bill McAnally Racing | Toyota","Driver",45,75
"Racing",2021,"Panini","Prizm","Disco","Noah Gragson","Bass Pro Shops | JR Motorsports | Chevrolet","Driver",46,75
"Racing",2021,"Panini","Prizm","Disco","Aric Almirola","Smithfield Foods | Stewart-Haas Racing | Ford","Driver",47,75
"Racing",2021,"Panini","Prizm","Disco","Justin Allgaier","Brandt | JR Motorsports | Chevrolet","Driver",48,75
"Racing",2021,"Panini","Prizm","Disco","Cole Custer","Haas Automation | Stewart-Haas Racing | Ford","Driver",49,75
"Racing",2021,"Panini","Prizm","Disco","Harrison Burton","DEX Imaging | Joe Gibbs Racing | Toyota","Driver",50,75
"Racing",2021,"Panini","Prizm","Disco","Ryan Vargas","MaintenX | JD Motorsports | Chevrolet","Driver",51,75
"Racing",2021,"Panini","Prizm","Disco","Bubba Wallace","DoorDash | 23XI Racing | Toyota","Driver",52,75
"Racing",2021,"Panini","Prizm","Disco","John Hunter Nemechek","Fire Alarm Services | NEMCO Motorsports | Ford","Driver",53,75
"Racing",2021,"Panini","Prizm","Disco","William Byron","AXALTA | Hendrick Motorsports | Chevrolet","Driver",54,75
"Racing",2021,"Panini","Prizm","Disco","Michael Annett","Pilot Flying J | JR Motorsports | Chevrolet","Driver",55,75
"Racing",2021,"Panini","Prizm","Disco","Sheldon Creed","Chevy Accessories | GMS Racing | Chevrolet","Driver",56,75
"Racing",2021,"Panini","Prizm","Disco","Michael McDowell","FR8 Auctions | Front Row Motorsports | Ford","Driver",57,75
"Racing",2021,"Panini","Prizm","Disco","Mason Massey","Marty Massey Towing & Recovery | B.J. McLeod Motorsports | Toyota","Driver",58,75
"Racing",2021,"Panini","Prizm","Disco","Ty Gibbs","Interstate Batteries | Joe Gibbs Racing | Toyota","Driver",59,75
"Racing",2021,"Panini","Prizm","Disco","Natalie Decker","Red Street Records | Our Motorsports | Chevrolet","Driver",60,75
"Racing",2021,"Panini","Prizm","Endorsements Black Prizm","Dale Earnhardt Jr","National Guard | Hendrick Motorsports | Chevrolet","Driver",1,1
"Racing",2021,"Panini","Prizm","Endorsements Black Prizm","Richard Petty","STP | Petty Enterprises | Plymouth","Driver",2,1
"Racing",2021,"Panini","Prizm","Endorsements Black Prizm","Tony Stewart","Mobil 1 | Stewart-Haas Racing | Chevrolet","Driver",3,1
"Racing",2021,"Panini","Prizm","Endorsements Black Prizm","Brad Keselowski","Discount Tire | Team Penske | Ford","Driver",4,1
"Racing",2021,"Panini","Prizm","Endorsements Black Prizm","Brittney Zamora","Rackley Roofing | Toyota","Driver",5,1
"Racing",2021,"Panini","Prizm","Endorsements Black Prizm","Carl Edwards","Aflac | Roush Fenway Racing | Ford","Driver",6,1
"Racing",2021,"Panini","Prizm","Endorsements Black Prizm","Chris Buescher","Fastenal | Roush Fenway Racing | Ford","Driver",7,1
"Racing",2021,"Panini","Prizm","Endorsements Black Prizm","Christopher Bell","Rheem | Joe Gibbs Racing | Toyota","Driver",8,1
"Racing",2021,"Panini","Prizm","Endorsements Black Prizm","Corey LaJoie","Schluter Systems | Spire Motorsports | Chevrolet","Driver",10,1
"Racing",2021,"Panini","Prizm","Endorsements Black Prizm","Danica Patrick","GoDaddy.com | Premium Motorsports | Chevrolet","Driver",11,1
"Racing",2021,"Panini","Prizm","Endorsements Black Prizm","Michael McDowell","Love's Travel Stops | Front Row Motorsports | Ford","Driver",12,1
"Racing",2021,"Panini","Prizm","Endorsements Black Prizm","Sheldon Creed","Chevy Accessories | GMS Racing | Chevrolet","Driver",13,1
"Racing",2021,"Panini","Prizm","Endorsements Black Prizm","Tyler Reddick","Caterpillar | Richard Childress Racing | Chevrolet","Driver",15,1
"Racing",2021,"Panini","Prizm","Endorsements Black Prizm","Harrison Burton","DEX Imaging | Joe Gibbs Racing | Toyota","Driver",16,1
"Racing",2021,"Panini","Prizm","Endorsements Black Prizm","Erik Jones","U.S. Air Force | Richard Petty Motorsports | Chevrolet","Driver",17,1
"Racing",2021,"Panini","Prizm","Endorsements Black Prizm","Brennan Poole","Spartan Go | Premium Motorsports | Chevrolet","Driver",18,1
"Racing",2021,"Panini","Prizm","Endorsements Black Prizm","Jeremy Clements","All South Electric | Jeremy Clements Racing | Chevrolet","Driver",19,1
"Racing",2021,"Panini","Prizm","Endorsements Black Prizm","Joey Gase","Page Construction | Rick Ware Racing | Chevrolet","Driver",20,1
"Racing",2021,"Panini","Prizm","Endorsements Carolina Blue Scope","Dale Earnhardt Jr","National Guard | Hendrick Motorsports | Chevrolet","Driver",1,30
"Racing",2021,"Panini","Prizm","Endorsements Carolina Blue Scope","Richard Petty","STP | Petty Enterprises | Plymouth","Driver",2,75
"Racing",2021,"Panini","Prizm","Endorsements Carolina Blue Scope","Tony Stewart","Mobil 1 | Stewart-Haas Racing | Chevrolet","Driver",3,25
"Racing",2021,"Panini","Prizm","Endorsements Carolina Blue Scope","Brad Keselowski","Discount Tire | Team Penske | Ford","Driver",4,30
"Racing",2021,"Panini","Prizm","Endorsements Carolina Blue Scope","Brittney Zamora","Rackley Roofing | Toyota","Driver",5,75
"Racing",2021,"Panini","Prizm","Endorsements Carolina Blue Scope","Carl Edwards","Aflac | Roush Fenway Racing | Ford","Driver",6,30
"Racing",2021,"Panini","Prizm","Endorsements Carolina Blue Scope","Chris Buescher","Fastenal | Roush Fenway Racing | Ford","Driver",7,30
"Racing",2021,"Panini","Prizm","Endorsements Carolina Blue Scope","Christopher Bell","Rheem | Joe Gibbs Racing | Toyota","Driver",8,30
"Racing",2021,"Panini","Prizm","Endorsements Carolina Blue Scope","Corey LaJoie","Schluter Systems | Spire Motorsports | Chevrolet","Driver",10,75
"Racing",2021,"Panini","Prizm","Endorsements Carolina Blue Scope","Danica Patrick","GoDaddy.com | Premium Motorsports | Chevrolet","Driver",11,30
"Racing",2021,"Panini","Prizm","Endorsements Carolina Blue Scope","Michael McDowell","Love's Travel Stops | Front Row Motorsports | Ford","Driver",12,30
"Racing",2021,"Panini","Prizm","Endorsements Carolina Blue Scope","Sheldon Creed","Chevy Accessories | GMS Racing | Chevrolet","Driver",13,75
"Racing",2021,"Panini","Prizm","Endorsements Carolina Blue Scope","Tyler Reddick","Caterpillar | Richard Childress Racing | Chevrolet","Driver",15,75
"Racing",2021,"Panini","Prizm","Endorsements Carolina Blue Scope","Harrison Burton","DEX Imaging | Joe Gibbs Racing | Toyota","Driver",16,75
"Racing",2021,"Panini","Prizm","Endorsements Carolina Blue Scope","Erik Jones","U.S. Air Force | Richard Petty Motorsports | Chevrolet","Driver",17,5
"Racing",2021,"Panini","Prizm","Endorsements Carolina Blue Scope","Brennan Poole","Spartan Go | Premium Motorsports | Chevrolet","Driver",18,75
"Racing",2021,"Panini","Prizm","Endorsements Carolina Blue Scope","Jeremy Clements","All South Electric | Jeremy Clements Racing | Chevrolet","Driver",19,75
"Racing",2021,"Panini","Prizm","Endorsements Carolina Blue Scope","Joey Gase","Page Construction | Rick Ware Racing | Chevrolet","Driver",20,75
"Racing",2021,"Panini","Prizm","Endorsements Gold Prizm","Dale Earnhardt Jr","National Guard | Hendrick Motorsports | Chevrolet","Driver",1,10
"Racing",2021,"Panini","Prizm","Endorsements Gold Prizm","Richard Petty","STP | Petty Enterprises | Plymouth","Driver",2,10
"Racing",2021,"Panini","Prizm","Endorsements Gold Prizm","Tony Stewart","Mobil 1 | Stewart-Haas Racing | Chevrolet","Driver",3,10
"Racing",2021,"Panini","Prizm","Endorsements Gold Prizm","Brad Keselowski","Discount Tire | Team Penske | Ford","Driver",4,10
"Racing",2021,"Panini","Prizm","Endorsements Gold Prizm","Brittney Zamora","Rackley Roofing | Toyota","Driver",5,10
"Racing",2021,"Panini","Prizm","Endorsements Gold Prizm","Carl Edwards","Aflac | Roush Fenway Racing | Ford","Driver",6,10
"Racing",2021,"Panini","Prizm","Endorsements Gold Prizm","Chris Buescher","Fastenal | Roush Fenway Racing | Ford","Driver",7,10
"Racing",2021,"Panini","Prizm","Endorsements Gold Prizm","Christopher Bell","Rheem | Joe Gibbs Racing | Toyota","Driver",8,10
"Racing",2021,"Panini","Prizm","Endorsements Gold Prizm","Corey LaJoie","Schluter Systems | Spire Motorsports | Chevrolet","Driver",10,10
"Racing",2021,"Panini","Prizm","Endorsements Gold Prizm","Danica Patrick","GoDaddy.com | Premium Motorsports | Chevrolet","Driver",11,10
"Racing",2021,"Panini","Prizm","Endorsements Gold Prizm","Michael McDowell","Love's Travel Stops | Front Row Motorsports | Ford","Driver",12,10
"Racing",2021,"Panini","Prizm","Endorsements Gold Prizm","Sheldon Creed","Chevy Accessories | GMS Racing | Chevrolet","Driver",13,10
"Racing",2021,"Panini","Prizm","Endorsements Gold Prizm","Tyler Reddick","Caterpillar | Richard Childress Racing | Chevrolet","Driver",15,10
"Racing",2021,"Panini","Prizm","Endorsements Gold Prizm","Harrison Burton","DEX Imaging | Joe Gibbs Racing | Toyota","Driver",16,10
"Racing",2021,"Panini","Prizm","Endorsements Gold Prizm","Erik Jones","U.S. Air Force | Richard Petty Motorsports | Chevrolet","Driver",17,10
"Racing",2021,"Panini","Prizm","Endorsements Gold Prizm","Brennan Poole","Spartan Go | Premium Motorsports | Chevrolet","Driver",18,10
"Racing",2021,"Panini","Prizm","Endorsements Gold Prizm","Jeremy Clements","All South Electric | Jeremy Clements Racing | Chevrolet","Driver",19,10
"Racing",2021,"Panini","Prizm","Endorsements Gold Prizm","Joey Gase","Page Construction | Rick Ware Racing | Chevrolet","Driver",20,10
"Racing",2021,"Panini","Prizm","Endorsements Gold Vinyl","Dale Earnhardt Jr","National Guard | Hendrick Motorsports | Chevrolet","Driver",1,1
"Racing",2021,"Panini","Prizm","Endorsements Gold Vinyl","Richard Petty","STP | Petty Enterprises | Plymouth","Driver",2,1
"Racing",2021,"Panini","Prizm","Endorsements Gold Vinyl","Tony Stewart","Mobil 1 | Stewart-Haas Racing | Chevrolet","Driver",3,1
"Racing",2021,"Panini","Prizm","Endorsements Gold Vinyl","Brad Keselowski","Discount Tire | Team Penske | Ford","Driver",4,1
"Racing",2021,"Panini","Prizm","Endorsements Gold Vinyl","Brittney Zamora","Rackley Roofing | Toyota","Driver",5,1
"Racing",2021,"Panini","Prizm","Endorsements Gold Vinyl","Carl Edwards","Aflac | Roush Fenway Racing | Ford","Driver",6,1
"Racing",2021,"Panini","Prizm","Endorsements Gold Vinyl","Chris Buescher","Fastenal | Roush Fenway Racing | Ford","Driver",7,1
"Racing",2021,"Panini","Prizm","Endorsements Gold Vinyl","Christopher Bell","Rheem | Joe Gibbs Racing | Toyota","Driver",8,1
"Racing",2021,"Panini","Prizm","Endorsements Gold Vinyl","Corey LaJoie","Schluter Systems | Spire Motorsports | Chevrolet","Driver",10,1
"Racing",2021,"Panini","Prizm","Endorsements Gold Vinyl","Danica Patrick","GoDaddy.com | Premium Motorsports | Chevrolet","Driver",11,1
"Racing",2021,"Panini","Prizm","Endorsements Gold Vinyl","Michael McDowell","Love's Travel Stops | Front Row Motorsports | Ford","Driver",12,1
"Racing",2021,"Panini","Prizm","Endorsements Gold Vinyl","Sheldon Creed","Chevy Accessories | GMS Racing | Chevrolet","Driver",13,1
"Racing",2021,"Panini","Prizm","Endorsements Gold Vinyl","Tyler Reddick","Caterpillar | Richard Childress Racing | Chevrolet","Driver",15,1
"Racing",2021,"Panini","Prizm","Endorsements Gold Vinyl","Harrison Burton","DEX Imaging | Joe Gibbs Racing | Toyota","Driver",16,1
"Racing",2021,"Panini","Prizm","Endorsements Gold Vinyl","Erik Jones","U.S. Air Force | Richard Petty Motorsports | Chevrolet","Driver",17,1
"Racing",2021,"Panini","Prizm","Endorsements Gold Vinyl","Brennan Poole","Spartan Go | Premium Motorsports | Chevrolet","Driver",18,1
"Racing",2021,"Panini","Prizm","Endorsements Gold Vinyl","Jeremy Clements","All South Electric | Jeremy Clements Racing | Chevrolet","Driver",19,1
"Racing",2021,"Panini","Prizm","Endorsements Gold Vinyl","Joey Gase","Page Construction | Rick Ware Racing | Chevrolet","Driver",20,1
"Racing",2021,"Panini","Prizm","Endorsements Hyper Prizm Blue and Carolina Blue","Dale Earnhardt Jr","National Guard | Hendrick Motorsports | Chevrolet","Driver",1,8
"Racing",2021,"Panini","Prizm","Endorsements Hyper Prizm Blue and Carolina Blue","Richard Petty","STP | Petty Enterprises | Plymouth","Driver",2,10
"Racing",2021,"Panini","Prizm","Endorsements Hyper Prizm Blue and Carolina Blue","Tony Stewart","Mobil 1 | Stewart-Haas Racing | Chevrolet","Driver",3,10
"Racing",2021,"Panini","Prizm","Endorsements Hyper Prizm Blue and Carolina Blue","Brad Keselowski","Discount Tire | Team Penske | Ford","Driver",4,10
"Racing",2021,"Panini","Prizm","Endorsements Hyper Prizm Blue and Carolina Blue","Brittney Zamora","Rackley Roofing | Toyota","Driver",5,25
"Racing",2021,"Panini","Prizm","Endorsements Hyper Prizm Blue and Carolina Blue","Carl Edwards","Aflac | Roush Fenway Racing | Ford","Driver",6,25
"Racing",2021,"Panini","Prizm","Endorsements Hyper Prizm Blue and Carolina Blue","Chris Buescher","Fastenal | Roush Fenway Racing | Ford","Driver",7,5
"Racing",2021,"Panini","Prizm","Endorsements Hyper Prizm Blue and Carolina Blue","Christopher Bell","Rheem | Joe Gibbs Racing | Toyota","Driver",8,10
"Racing",2021,"Panini","Prizm","Endorsements Hyper Prizm Blue and Carolina Blue","Corey LaJoie","Schluter Systems | Spire Motorsports | Chevrolet","Driver",10,50
"Racing",2021,"Panini","Prizm","Endorsements Hyper Prizm Blue and Carolina Blue","Danica Patrick","GoDaddy.com | Premium Motorsports | Chevrolet","Driver",11,10
"Racing",2021,"Panini","Prizm","Endorsements Hyper Prizm Blue and Carolina Blue","Michael McDowell","Love's Travel Stops | Front Row Motorsports | Ford","Driver",12,15
"Racing",2021,"Panini","Prizm","Endorsements Hyper Prizm Blue and Carolina Blue","Sheldon Creed","Chevy Accessories | GMS Racing | Chevrolet","Driver",13,25
"Racing",2021,"Panini","Prizm","Endorsements Hyper Prizm Blue and Carolina Blue","Tyler Reddick","Caterpillar | Richard Childress Racing | Chevrolet","Driver",15,25
"Racing",2021,"Panini","Prizm","Endorsements Hyper Prizm Blue and Carolina Blue","Harrison Burton","DEX Imaging | Joe Gibbs Racing | Toyota","Driver",16,10
"Racing",2021,"Panini","Prizm","Endorsements Hyper Prizm Blue and Carolina Blue","Erik Jones","U.S. Air Force | Richard Petty Motorsports | Chevrolet","Driver",17,5
"Racing",2021,"Panini","Prizm","Endorsements Hyper Prizm Blue and Carolina Blue","Brennan Poole","Spartan Go | Premium Motorsports | Chevrolet","Driver",18,50
"Racing",2021,"Panini","Prizm","Endorsements Hyper Prizm Blue and Carolina Blue","Jeremy Clements","All South Electric | Jeremy Clements Racing | Chevrolet","Driver",19,10
"Racing",2021,"Panini","Prizm","Endorsements Hyper Prizm Blue and Carolina Blue","Joey Gase","Page Construction | Rick Ware Racing | Chevrolet","Driver",20,50
"Racing",2021,"Panini","Prizm","Endorsements Hyper Prizm Green and Yellow","Dale Earnhardt Jr","National Guard | Hendrick Motorsports | Chevrolet","Driver",1,8
"Racing",2021,"Panini","Prizm","Endorsements Hyper Prizm Green and Yellow","Richard Petty","STP | Petty Enterprises | Plymouth","Driver",2,10
"Racing",2021,"Panini","Prizm","Endorsements Hyper Prizm Green and Yellow","Tony Stewart","Mobil 1 | Stewart-Haas Racing | Chevrolet","Driver",3,10
"Racing",2021,"Panini","Prizm","Endorsements Hyper Prizm Green and Yellow","Brad Keselowski","Discount Tire | Team Penske | Ford","Driver",4,10
"Racing",2021,"Panini","Prizm","Endorsements Hyper Prizm Green and Yellow","Brittney Zamora","Rackley Roofing | Toyota","Driver",5,25
"Racing",2021,"Panini","Prizm","Endorsements Hyper Prizm Green and Yellow","Carl Edwards","Aflac | Roush Fenway Racing | Ford","Driver",6,25
"Racing",2021,"Panini","Prizm","Endorsements Hyper Prizm Green and Yellow","Chris Buescher","Fastenal | Roush Fenway Racing | Ford","Driver",7,5
"Racing",2021,"Panini","Prizm","Endorsements Hyper Prizm Green and Yellow","Christopher Bell","Rheem | Joe Gibbs Racing | Toyota","Driver",8,10
"Racing",2021,"Panini","Prizm","Endorsements Hyper Prizm Green and Yellow","Corey LaJoie","Schluter Systems | Spire Motorsports | Chevrolet","Driver",10,50
"Racing",2021,"Panini","Prizm","Endorsements Hyper Prizm Green and Yellow","Danica Patrick","GoDaddy.com | Premium Motorsports | Chevrolet","Driver",11,10
"Racing",2021,"Panini","Prizm","Endorsements Hyper Prizm Green and Yellow","Michael McDowell","Love's Travel Stops | Front Row Motorsports | Ford","Driver",12,15
"Racing",2021,"Panini","Prizm","Endorsements Hyper Prizm Green and Yellow","Sheldon Creed","Chevy Accessories | GMS Racing | Chevrolet","Driver",13,25
"Racing",2021,"Panini","Prizm","Endorsements Hyper Prizm Green and Yellow","Tyler Reddick","Caterpillar | Richard Childress Racing | Chevrolet","Driver",15,25
"Racing",2021,"Panini","Prizm","Endorsements Hyper Prizm Green and Yellow","Harrison Burton","DEX Imaging | Joe Gibbs Racing | Toyota","Driver",16,10
"Racing",2021,"Panini","Prizm","Endorsements Hyper Prizm Green and Yellow","Erik Jones","U.S. Air Force | Richard Petty Motorsports | Chevrolet","Driver",17,5
"Racing",2021,"Panini","Prizm","Endorsements Hyper Prizm Green and Yellow","Brennan Poole","Spartan Go | Premium Motorsports | Chevrolet","Driver",18,50
"Racing",2021,"Panini","Prizm","Endorsements Hyper Prizm Green and Yellow","Jeremy Clements","All South Electric | Jeremy Clements Racing | Chevrolet","Driver",19,10
"Racing",2021,"Panini","Prizm","Endorsements Hyper Prizm Green and Yellow","Joey Gase","Page Construction | Rick Ware Racing | Chevrolet","Driver",20,50
"Racing",2021,"Panini","Prizm","Endorsements Hyper Prizm Red and Blue","Dale Earnhardt Jr","National Guard | Hendrick Motorsports | Chevrolet","Driver",1,8
"Racing",2021,"Panini","Prizm","Endorsements Hyper Prizm Red and Blue","Richard Petty","STP | Petty Enterprises | Plymouth","Driver",2,10
"Racing",2021,"Panini","Prizm","Endorsements Hyper Prizm Red and Blue","Tony Stewart","Mobil 1 | Stewart-Haas Racing | Chevrolet","Driver",3,10
"Racing",2021,"Panini","Prizm","Endorsements Hyper Prizm Red and Blue","Brad Keselowski","Discount Tire | Team Penske | Ford","Driver",4,10
"Racing",2021,"Panini","Prizm","Endorsements Hyper Prizm Red and Blue","Brittney Zamora","Rackley Roofing | Toyota","Driver",5,25
"Racing",2021,"Panini","Prizm","Endorsements Hyper Prizm Red and Blue","Carl Edwards","Aflac | Roush Fenway Racing | Ford","Driver",6,25
"Racing",2021,"Panini","Prizm","Endorsements Hyper Prizm Red and Blue","Chris Buescher","Fastenal | Roush Fenway Racing | Ford","Driver",7,5
"Racing",2021,"Panini","Prizm","Endorsements Hyper Prizm Red and Blue","Christopher Bell","Rheem | Joe Gibbs Racing | Toyota","Driver",8,10
"Racing",2021,"Panini","Prizm","Endorsements Hyper Prizm Red and Blue","Corey LaJoie","Schluter Systems | Spire Motorsports | Chevrolet","Driver",10,50
"Racing",2021,"Panini","Prizm","Endorsements Hyper Prizm Red and Blue","Danica Patrick","GoDaddy.com | Premium Motorsports | Chevrolet","Driver",11,10
"Racing",2021,"Panini","Prizm","Endorsements Hyper Prizm Red and Blue","Michael McDowell","Love's Travel Stops | Front Row Motorsports | Ford","Driver",12,25
"Racing",2021,"Panini","Prizm","Endorsements Hyper Prizm Red and Blue","Sheldon Creed","Chevy Accessories | GMS Racing | Chevrolet","Driver",13,25
"Racing",2021,"Panini","Prizm","Endorsements Hyper Prizm Red and Blue","Tyler Reddick","Caterpillar | Richard Childress Racing | Chevrolet","Driver",15,25
"Racing",2021,"Panini","Prizm","Endorsements Hyper Prizm Red and Blue","Harrison Burton","DEX Imaging | Joe Gibbs Racing | Toyota","Driver",16,10
"Racing",2021,"Panini","Prizm","Endorsements Hyper Prizm Red and Blue","Erik Jones","U.S. Air Force | Richard Petty Motorsports | Chevrolet","Driver",17,5
"Racing",2021,"Panini","Prizm","Endorsements Hyper Prizm Red and Blue","Brennan Poole","Spartan Go | Premium Motorsports | Chevrolet","Driver",18,50
"Racing",2021,"Panini","Prizm","Endorsements Hyper Prizm Red and Blue","Jeremy Clements","All South Electric | Jeremy Clements Racing | Chevrolet","Driver",19,10
"Racing",2021,"Panini","Prizm","Endorsements Hyper Prizm Red and Blue","Joey Gase","Page Construction | Rick Ware Racing | Chevrolet","Driver",20,50
"Racing",2021,"Panini","Prizm","Endorsements Pink Prizm","Dale Earnhardt Jr","National Guard | Hendrick Motorsports | Chevrolet","Driver",1,25
"Racing",2021,"Panini","Prizm","Endorsements Pink Prizm","Richard Petty","STP | Petty Enterprises | Plymouth","Driver",2,50
"Racing",2021,"Panini","Prizm","Endorsements Pink Prizm","Tony Stewart","Mobil 1 | Stewart-Haas Racing | Chevrolet","Driver",3,25
"Racing",2021,"Panini","Prizm","Endorsements Pink Prizm","Brad Keselowski","Discount Tire | Team Penske | Ford","Driver",4,25
"Racing",2021,"Panini","Prizm","Endorsements Pink Prizm","Brittney Zamora","Rackley Roofing | Toyota","Driver",5,50
"Racing",2021,"Panini","Prizm","Endorsements Pink Prizm","Carl Edwards","Aflac | Roush Fenway Racing | Ford","Driver",6,25
"Racing",2021,"Panini","Prizm","Endorsements Pink Prizm","Chris Buescher","Fastenal | Roush Fenway Racing | Ford","Driver",7,25
"Racing",2021,"Panini","Prizm","Endorsements Pink Prizm","Christopher Bell","Rheem | Joe Gibbs Racing | Toyota","Driver",8,25
"Racing",2021,"Panini","Prizm","Endorsements Pink Prizm","Corey LaJoie","Schluter Systems | Spire Motorsports | Chevrolet","Driver",10,50
"Racing",2021,"Panini","Prizm","Endorsements Pink Prizm","Danica Patrick","GoDaddy.com | Premium Motorsports | Chevrolet","Driver",11,25
"Racing",2021,"Panini","Prizm","Endorsements Pink Prizm","Michael McDowell","Love's Travel Stops | Front Row Motorsports | Ford","Driver",12,25
"Racing",2021,"Panini","Prizm","Endorsements Pink Prizm","Sheldon Creed","Chevy Accessories | GMS Racing | Chevrolet","Driver",13,50
"Racing",2021,"Panini","Prizm","Endorsements Pink Prizm","Tyler Reddick","Caterpillar | Richard Childress Racing | Chevrolet","Driver",15,50
"Racing",2021,"Panini","Prizm","Endorsements Pink Prizm","Harrison Burton","DEX Imaging | Joe Gibbs Racing | Toyota","Driver",16,50
"Racing",2021,"Panini","Prizm","Endorsements Pink Prizm","Erik Jones","U.S. Air Force | Richard Petty Motorsports | Chevrolet","Driver",17,5
"Racing",2021,"Panini","Prizm","Endorsements Pink Prizm","Brennan Poole","Spartan Go | Premium Motorsports | Chevrolet","Driver",18,50
"Racing",2021,"Panini","Prizm","Endorsements Pink Prizm","Jeremy Clements","All South Electric | Jeremy Clements Racing | Chevrolet","Driver",19,50
"Racing",2021,"Panini","Prizm","Endorsements Pink Prizm","Joey Gase","Page Construction | Rick Ware Racing | Chevrolet","Driver",20,50
"Racing",2021,"Panini","Prizm","Endorsements Prizm","Dale Earnhardt Jr","National Guard | Hendrick Motorsports | Chevrolet","Driver",1,
"Racing",2021,"Panini","Prizm","Endorsements Prizm","Richard Petty","STP | Petty Enterprises | Plymouth","Driver",2,
"Racing",2021,"Panini","Prizm","Endorsements Prizm","Tony Stewart","Mobil 1 | Stewart-Haas Racing | Chevrolet","Driver",3,
"Racing",2021,"Panini","Prizm","Endorsements Prizm","Brad Keselowski","Discount Tire | Team Penske | Ford","Driver",4,
"Racing",2021,"Panini","Prizm","Endorsements Prizm","Brittney Zamora","Rackley Roofing | Toyota","Driver",5,
"Racing",2021,"Panini","Prizm","Endorsements Prizm","Carl Edwards","Aflac | Roush Fenway Racing | Ford","Driver",6,
"Racing",2021,"Panini","Prizm","Endorsements Prizm","Chris Buescher","Fastenal | Roush Fenway Racing | Ford","Driver",7,
"Racing",2021,"Panini","Prizm","Endorsements Prizm","Christopher Bell","Rheem | Joe Gibbs Racing | Toyota","Driver",8,
"Racing",2021,"Panini","Prizm","Endorsements Prizm","Corey LaJoie","Schluter Systems | Spire Motorsports | Chevrolet","Driver",10,
"Racing",2021,"Panini","Prizm","Endorsements Prizm","Danica Patrick","GoDaddy.com | Premium Motorsports | Chevrolet","Driver",11,
"Racing",2021,"Panini","Prizm","Endorsements Prizm","Michael McDowell","Love's Travel Stops | Front Row Motorsports | Ford","Driver",12,
"Racing",2021,"Panini","Prizm","Endorsements Prizm","Sheldon Creed","Chevy Accessories | GMS Racing | Chevrolet","Driver",13,
"Racing",2021,"Panini","Prizm","Endorsements Prizm","Tyler Reddick","Caterpillar | Richard Childress Racing | Chevrolet","Driver",15,
"Racing",2021,"Panini","Prizm","Endorsements Prizm","Harrison Burton","DEX Imaging | Joe Gibbs Racing | Toyota","Driver",16,
"Racing",2021,"Panini","Prizm","Endorsements Prizm","Erik Jones","U.S. Air Force | Richard Petty Motorsports | Chevrolet","Driver",17,
"Racing",2021,"Panini","Prizm","Endorsements Prizm","Brennan Poole","Spartan Go | Premium Motorsports | Chevrolet","Driver",18,
"Racing",2021,"Panini","Prizm","Endorsements Prizm","Jeremy Clements","All South Electric | Jeremy Clements Racing | Chevrolet","Driver",19,
"Racing",2021,"Panini","Prizm","Endorsements Prizm","Joey Gase","Page Construction | Rick Ware Racing | Chevrolet","Driver",20,
"Racing",2021,"Panini","Prizm","Endorsements Purple Velocity","Dale Earnhardt Jr","National Guard | Hendrick Motorsports | Chevrolet","Driver",1,35
"Racing",2021,"Panini","Prizm","Endorsements Purple Velocity","Richard Petty","STP | Petty Enterprises | Plymouth","Driver",2,99
"Racing",2021,"Panini","Prizm","Endorsements Purple Velocity","Tony Stewart","Mobil 1 | Stewart-Haas Racing | Chevrolet","Driver",3,25
"Racing",2021,"Panini","Prizm","Endorsements Purple Velocity","Brad Keselowski","Discount Tire | Team Penske | Ford","Driver",4,35
"Racing",2021,"Panini","Prizm","Endorsements Purple Velocity","Brittney Zamora","Rackley Roofing | Toyota","Driver",5,99
"Racing",2021,"Panini","Prizm","Endorsements Purple Velocity","Carl Edwards","Aflac | Roush Fenway Racing | Ford","Driver",6,35
"Racing",2021,"Panini","Prizm","Endorsements Purple Velocity","Chris Buescher","Fastenal | Roush Fenway Racing | Ford","Driver",7,35
"Racing",2021,"Panini","Prizm","Endorsements Purple Velocity","Christopher Bell","Rheem | Joe Gibbs Racing | Toyota","Driver",8,35
"Racing",2021,"Panini","Prizm","Endorsements Purple Velocity","Corey LaJoie","Schluter Systems | Spire Motorsports | Chevrolet","Driver",10,99
"Racing",2021,"Panini","Prizm","Endorsements Purple Velocity","Danica Patrick","GoDaddy.com | Premium Motorsports | Chevrolet","Driver",11,35
"Racing",2021,"Panini","Prizm","Endorsements Purple Velocity","Michael McDowell","Love's Travel Stops | Front Row Motorsports | Ford","Driver",12,50
"Racing",2021,"Panini","Prizm","Endorsements Purple Velocity","Sheldon Creed","Chevy Accessories | GMS Racing | Chevrolet","Driver",13,99
"Racing",2021,"Panini","Prizm","Endorsements Purple Velocity","Tyler Reddick","Caterpillar | Richard Childress Racing | Chevrolet","Driver",15,99
"Racing",2021,"Panini","Prizm","Endorsements Purple Velocity","Harrison Burton","DEX Imaging | Joe Gibbs Racing | Toyota","Driver",16,99
"Racing",2021,"Panini","Prizm","Endorsements Purple Velocity","Erik Jones","U.S. Air Force | Richard Petty Motorsports | Chevrolet","Driver",17,5
"Racing",2021,"Panini","Prizm","Endorsements Purple Velocity","Brennan Poole","Spartan Go | Premium Motorsports | Chevrolet","Driver",18,99
"Racing",2021,"Panini","Prizm","Endorsements Purple Velocity","Jeremy Clements","All South Electric | Jeremy Clements Racing | Chevrolet","Driver",19,99
"Racing",2021,"Panini","Prizm","Endorsements Purple Velocity","Joey Gase","Page Construction | Rick Ware Racing | Chevrolet","Driver",20,99
"Racing",2021,"Panini","Prizm","Endorsements Rainbow Prizm","Dale Earnhardt Jr","National Guard | Hendrick Motorsports | Chevrolet","Driver",1,24
"Racing",2021,"Panini","Prizm","Endorsements Rainbow Prizm","Richard Petty","STP | Petty Enterprises | Plymouth","Driver",2,24
"Racing",2021,"Panini","Prizm","Endorsements Rainbow Prizm","Tony Stewart","Mobil 1 | Stewart-Haas Racing | Chevrolet","Driver",3,24
"Racing",2021,"Panini","Prizm","Endorsements Rainbow Prizm","Brad Keselowski","Discount Tire | Team Penske | Ford","Driver",4,24
"Racing",2021,"Panini","Prizm","Endorsements Rainbow Prizm","Brittney Zamora","Rackley Roofing | Toyota","Driver",5,24
"Racing",2021,"Panini","Prizm","Endorsements Rainbow Prizm","Carl Edwards","Aflac | Roush Fenway Racing | Ford","Driver",6,24
"Racing",2021,"Panini","Prizm","Endorsements Rainbow Prizm","Chris Buescher","Fastenal | Roush Fenway Racing | Ford","Driver",7,24
"Racing",2021,"Panini","Prizm","Endorsements Rainbow Prizm","Christopher Bell","Rheem | Joe Gibbs Racing | Toyota","Driver",8,24
"Racing",2021,"Panini","Prizm","Endorsements Rainbow Prizm","Danica Patrick","GoDaddy.com | Premium Motorsports | Chevrolet","Driver",11,24
"Racing",2021,"Panini","Prizm","Endorsements Rainbow Prizm","Michael McDowell","Love's Travel Stops | Front Row Motorsports | Ford","Driver",12,24
"Racing",2021,"Panini","Prizm","Endorsements Rainbow Prizm","Sheldon Creed","Chevy Accessories | GMS Racing | Chevrolet","Driver",13,24
"Racing",2021,"Panini","Prizm","Endorsements Rainbow Prizm","Tyler Reddick","Caterpillar | Richard Childress Racing | Chevrolet","Driver",15,24
"Racing",2021,"Panini","Prizm","Endorsements Rainbow Prizm","Harrison Burton","DEX Imaging | Joe Gibbs Racing | Toyota","Driver",16,24
"Racing",2021,"Panini","Prizm","Endorsements Rainbow Prizm","Erik Jones","U.S. Air Force | Richard Petty Motorsports | Chevrolet","Driver",17,5
"Racing",2021,"Panini","Prizm","Endorsements Rainbow Prizm","Brennan Poole","Spartan Go | Premium Motorsports | Chevrolet","Driver",18,24
"Racing",2021,"Panini","Prizm","Endorsements Rainbow Prizm","Jeremy Clements","All South Electric | Jeremy Clements Racing | Chevrolet","Driver",19,24
"Racing",2021,"Panini","Prizm","Endorsements Rainbow Prizm","Joey Gase","Page Construction | Rick Ware Racing | Chevrolet","Driver",20,24
"Racing",2021,"Panini","Prizm","Endorsements Reactive Blue","Dale Earnhardt Jr","National Guard | Hendrick Motorsports | Chevrolet","Driver",1,43
"Racing",2021,"Panini","Prizm","Endorsements Reactive Blue","Richard Petty","STP | Petty Enterprises | Plymouth","Driver",2,25
"Racing",2021,"Panini","Prizm","Endorsements Reactive Blue","Tony Stewart","Mobil 1 | Stewart-Haas Racing | Chevrolet","Driver",3,25
"Racing",2021,"Panini","Prizm","Endorsements Reactive Blue","Brad Keselowski","Discount Tire | Team Penske | Ford","Driver",4,25
"Racing",2021,"Panini","Prizm","Endorsements Reactive Blue","Brittney Zamora","Rackley Roofing | Toyota","Driver",5,99
"Racing",2021,"Panini","Prizm","Endorsements Reactive Blue","Carl Edwards","Aflac | Roush Fenway Racing | Ford","Driver",6,50
"Racing",2021,"Panini","Prizm","Endorsements Reactive Blue","Chris Buescher","Fastenal | Roush Fenway Racing | Ford","Driver",7,19
"Racing",2021,"Panini","Prizm","Endorsements Reactive Blue","Christopher Bell","Rheem | Joe Gibbs Racing | Toyota","Driver",8,25
"Racing",2021,"Panini","Prizm","Endorsements Reactive Blue","Corey LaJoie","Schluter Systems | Spire Motorsports | Chevrolet","Driver",10,99
"Racing",2021,"Panini","Prizm","Endorsements Reactive Blue","Danica Patrick","GoDaddy.com | Premium Motorsports | Chevrolet","Driver",11,50
"Racing",2021,"Panini","Prizm","Endorsements Reactive Blue","Michael McDowell","Love's Travel Stops | Front Row Motorsports | Ford","Driver",12,50
"Racing",2021,"Panini","Prizm","Endorsements Reactive Blue","Sheldon Creed","Chevy Accessories | GMS Racing | Chevrolet","Driver",13,50
"Racing",2021,"Panini","Prizm","Endorsements Reactive Blue","Tyler Reddick","Caterpillar | Richard Childress Racing | Chevrolet","Driver",15,50
"Racing",2021,"Panini","Prizm","Endorsements Reactive Blue","Harrison Burton","DEX Imaging | Joe Gibbs Racing | Toyota","Driver",16,80
"Racing",2021,"Panini","Prizm","Endorsements Reactive Blue","Erik Jones","U.S. Air Force | Richard Petty Motorsports | Chevrolet","Driver",17,5
"Racing",2021,"Panini","Prizm","Endorsements Reactive Blue","Brennan Poole","Spartan Go | Premium Motorsports | Chevrolet","Driver",18,99
"Racing",2021,"Panini","Prizm","Endorsements Reactive Blue","Jeremy Clements","All South Electric | Jeremy Clements Racing | Chevrolet","Driver",19,50
"Racing",2021,"Panini","Prizm","Endorsements Reactive Blue","Joey Gase","Page Construction | Rick Ware Racing | Chevrolet","Driver",20,99
"Racing",2021,"Panini","Prizm","Endorsements White Prizm","Dale Earnhardt Jr","National Guard | Hendrick Motorsports | Chevrolet","Driver",1,5
"Racing",2021,"Panini","Prizm","Endorsements White Prizm","Richard Petty","STP | Petty Enterprises | Plymouth","Driver",2,5
"Racing",2021,"Panini","Prizm","Endorsements White Prizm","Tony Stewart","Mobil 1 | Stewart-Haas Racing | Chevrolet","Driver",3,5
"Racing",2021,"Panini","Prizm","Endorsements White Prizm","Brad Keselowski","Discount Tire | Team Penske | Ford","Driver",4,5
"Racing",2021,"Panini","Prizm","Endorsements White Prizm","Brittney Zamora","Rackley Roofing | Toyota","Driver",5,5
"Racing",2021,"Panini","Prizm","Endorsements White Prizm","Carl Edwards","Aflac | Roush Fenway Racing | Ford","Driver",6,5
"Racing",2021,"Panini","Prizm","Endorsements White Prizm","Chris Buescher","Fastenal | Roush Fenway Racing | Ford","Driver",7,5
"Racing",2021,"Panini","Prizm","Endorsements White Prizm","Christopher Bell","Rheem | Joe Gibbs Racing | Toyota","Driver",8,5
"Racing",2021,"Panini","Prizm","Endorsements White Prizm","Corey LaJoie","Schluter Systems | Spire Motorsports | Chevrolet","Driver",10,5
"Racing",2021,"Panini","Prizm","Endorsements White Prizm","Danica Patrick","GoDaddy.com | Premium Motorsports | Chevrolet","Driver",11,5
"Racing",2021,"Panini","Prizm","Endorsements White Prizm","Michael McDowell","Love's Travel Stops | Front Row Motorsports | Ford","Driver",12,5
"Racing",2021,"Panini","Prizm","Endorsements White Prizm","Sheldon Creed","Chevy Accessories | GMS Racing | Chevrolet","Driver",13,5
"Racing",2021,"Panini","Prizm","Endorsements White Prizm","Tyler Reddick","Caterpillar | Richard Childress Racing | Chevrolet","Driver",15,5
"Racing",2021,"Panini","Prizm","Endorsements White Prizm","Harrison Burton","DEX Imaging | Joe Gibbs Racing | Toyota","Driver",16,5
"Racing",2021,"Panini","Prizm","Endorsements White Prizm","Erik Jones","U.S. Air Force | Richard Petty Motorsports | Chevrolet","Driver",17,5
"Racing",2021,"Panini","Prizm","Endorsements White Prizm","Brennan Poole","Spartan Go | Premium Motorsports | Chevrolet","Driver",18,5
"Racing",2021,"Panini","Prizm","Endorsements White Prizm","Jeremy Clements","All South Electric | Jeremy Clements Racing | Chevrolet","Driver",19,5
"Racing",2021,"Panini","Prizm","Endorsements White Prizm","Joey Gase","Page Construction | Rick Ware Racing | Chevrolet","Driver",20,5
"Racing",2021,"Panini","Prizm","Flashbacks","Jimmie Johnson/Jimmie Johnson","Ally Financial | Hendrick Motorsports | Chevrolet/Lowe's | Hendrick Motorsports | Chevrolet","Driver/Driver",71,
"Racing",2021,"Panini","Prizm","Flashbacks","Kasey Kahne/Kasey Kahne","Mountain Dew | Hendrick Motorsports | Chevrolet/Procore | Leavine Family Racing | Chevrolet","Driver/Driver",72,
"Racing",2021,"Panini","Prizm","Flashbacks","Bobby Labonte/Bobby Labonte","Interstate Batteries | Joe Gibbs Racing | Pontiac/Interstate Batteries | Joe Gibbs Racing | Pontiac","Driver/Driver",73,
"Racing",2021,"Panini","Prizm","Flashbacks","Bill Elliott/Bill Elliott","Coors | Harry Melling | Ford/McDonald's | Bill Elliott | Ford","Driver/Driver",74,
"Racing",2021,"Panini","Prizm","Flashbacks","Carl Edwards/Carl Edwards","ARRIS | Joe Gibbs Racing | Toyota/Scotts | Roush Fenway Racing | Ford","Driver/Driver",75,
"Racing",2021,"Panini","Prizm","Flashbacks","Jeff Gordon/Jeff Gordon","AXALTA | Hendrick Motorsports | Chevrolet/DuPont | Hendrick Motorsports | Chevrolet","Driver/Driver",76,
"Racing",2021,"Panini","Prizm","Flashbacks","Richard Petty/Richard Petty","STP | Petty Enterprises | Plymouth/STP | Petty Enterprises | Plymouth","Driver/Driver",77,
"Racing",2021,"Panini","Prizm","Flashbacks","Clint Bowyer/Clint Bowyer","Rush Truck Centers | Stewart-Haas Racing| Ford/5-Hour Energy | HScott Motorsports | Chevrolet","Driver/Driver",78,
"Racing",2021,"Panini","Prizm","Flashbacks","Danica Patrick/Danica Patrick","GoDaddy.com | Premium Motorsports | Chevrolet/GoDaddy.com | Premium Motorsports | Chevrolet","Driver/Driver",79,
"Racing",2021,"Panini","Prizm","Flashbacks","Tony Stewart/Tony Stewart","Office Depot | Stewart-Haas Racing | Chevrolet/Bass Pro Shops | Stewart-Haas Racing | Chevrolet","Driver/Driver",80,
"Racing",2021,"Panini","Prizm","Flashbacks Black Finite Prizm","Jimmie Johnson/Jimmie Johnson","Ally Financial | Hendrick Motorsports | Chevrolet/Lowe's | Hendrick Motorsports | Chevrolet","Driver/Driver",71,1
"Racing",2021,"Panini","Prizm","Flashbacks Black Finite Prizm","Kasey Kahne/Kasey Kahne","Mountain Dew | Hendrick Motorsports | Chevrolet/Procore | Leavine Family Racing | Chevrolet","Driver/Driver",72,1
"Racing",2021,"Panini","Prizm","Flashbacks Black Finite Prizm","Bobby Labonte/Bobby Labonte","Interstate Batteries | Joe Gibbs Racing | Pontiac/Interstate Batteries | Joe Gibbs Racing | Pontiac","Driver/Driver",73,1
"Racing",2021,"Panini","Prizm","Flashbacks Black Finite Prizm","Bill Elliott/Bill Elliott","Coors | Harry Melling | Ford/McDonald's | Bill Elliott | Ford","Driver/Driver",74,1
"Racing",2021,"Panini","Prizm","Flashbacks Black Finite Prizm","Carl Edwards/Carl Edwards","Scotts | Roush Fenway Racing | Ford/ARRIS | Joe Gibbs Racing | Toyota","Driver/Driver",75,1
"Racing",2021,"Panini","Prizm","Flashbacks Black Finite Prizm","Jeff Gordon/Jeff Gordon","DuPont | Hendrick Motorsports | Chevrolet/AXALTA | Hendrick Motorsports | Chevrolet","Driver/Driver",76,1
"Racing",2021,"Panini","Prizm","Flashbacks Black Finite Prizm","Richard Petty/Richard Petty","STP | Petty Enterprises | Plymouth/STP | Petty Enterprises | Plymouth","Driver/Driver",77,1
"Racing",2021,"Panini","Prizm","Flashbacks Black Finite Prizm","Clint Bowyer/Clint Bowyer","Rush Truck Centers | Stewart-Haas Racing| Ford/5-Hour Energy | HScott Motorsports | Chevrolet","Driver/Driver",78,1
"Racing",2021,"Panini","Prizm","Flashbacks Black Finite Prizm","Danica Patrick/Danica Patrick","GoDaddy.com | Premium Motorsports | Chevrolet/GoDaddy.com | Premium Motorsports | Chevrolet","Driver/Driver",79,1
"Racing",2021,"Panini","Prizm","Flashbacks Black Finite Prizm","Tony Stewart/Tony Stewart","Bass Pro Shops | Stewart-Haas Racing | Chevrolet/Office Depot | Stewart-Haas Racing | Chevrolet","Driver/Driver",80,1
"Racing",2021,"Panini","Prizm","Flashbacks Blue Prizm","Jimmie Johnson/Jimmie Johnson","Lowe's | Hendrick Motorsports | Chevrolet/Ally Financial | Hendrick Motorsports | Chevrolet","Driver/Driver",71,
"Racing",2021,"Panini","Prizm","Flashbacks Blue Prizm","Kasey Kahne/Kasey Kahne","Mountain Dew | Hendrick Motorsports | Chevrolet/Procore | Leavine Family Racing | Chevrolet","Driver/Driver",72,
"Racing",2021,"Panini","Prizm","Flashbacks Blue Prizm","Bobby Labonte/Bobby Labonte","Interstate Batteries | Joe Gibbs Racing | Pontiac/Interstate Batteries | Joe Gibbs Racing | Pontiac","Driver/Driver",73,
"Racing",2021,"Panini","Prizm","Flashbacks Blue Prizm","Bill Elliott/Bill Elliott","Coors | Harry Melling | Ford/McDonald's | Bill Elliott | Ford","Driver/Driver",74,
"Racing",2021,"Panini","Prizm","Flashbacks Blue Prizm","Carl Edwards/Carl Edwards","ARRIS | Joe Gibbs Racing | Toyota/Scotts | Roush Fenway Racing | Ford","Driver/Driver",75,
"Racing",2021,"Panini","Prizm","Flashbacks Blue Prizm","Jeff Gordon/Jeff Gordon","DuPont | Hendrick Motorsports | Chevrolet/AXALTA | Hendrick Motorsports | Chevrolet","Driver/Driver",76,
"Racing",2021,"Panini","Prizm","Flashbacks Blue Prizm","Richard Petty/Richard Petty","STP | Petty Enterprises | Plymouth/STP | Petty Enterprises | Plymouth","Driver/Driver",77,
"Racing",2021,"Panini","Prizm","Flashbacks Blue Prizm","Clint Bowyer/Clint Bowyer","5-Hour Energy | HScott Motorsports | Chevrolet/Rush Truck Centers | Stewart-Haas Racing| Ford","Driver/Driver",78,
"Racing",2021,"Panini","Prizm","Flashbacks Blue Prizm","Danica Patrick/Danica Patrick","GoDaddy.com | Premium Motorsports | Chevrolet/GoDaddy.com | Premium Motorsports | Chevrolet","Driver/Driver",79,
"Racing",2021,"Panini","Prizm","Flashbacks Blue Prizm","Tony Stewart/Tony Stewart","Bass Pro Shops | Stewart-Haas Racing | Chevrolet/Office Depot | Stewart-Haas Racing | Chevrolet","Driver/Driver",80,
"Racing",2021,"Panini","Prizm","Flashbacks Carolina Blue Cracked Ice","Jimmie Johnson/Jimmie Johnson","Ally Financial | Hendrick Motorsports | Chevrolet/Lowe's | Hendrick Motorsports | Chevrolet","Driver/Driver",71,25
"Racing",2021,"Panini","Prizm","Flashbacks Carolina Blue Cracked Ice","Kasey Kahne/Kasey Kahne","Mountain Dew | Hendrick Motorsports | Chevrolet/Procore | Leavine Family Racing | Chevrolet","Driver/Driver",72,25
"Racing",2021,"Panini","Prizm","Flashbacks Carolina Blue Cracked Ice","Bobby Labonte/Bobby Labonte","Interstate Batteries | Joe Gibbs Racing | Pontiac/Interstate Batteries | Joe Gibbs Racing | Pontiac","Driver/Driver",73,25
"Racing",2021,"Panini","Prizm","Flashbacks Carolina Blue Cracked Ice","Bill Elliott/Bill Elliott","McDonald's | Bill Elliott | Ford/Coors | Harry Melling | Ford","Driver/Driver",74,25
"Racing",2021,"Panini","Prizm","Flashbacks Carolina Blue Cracked Ice","Carl Edwards/Carl Edwards","Scotts | Roush Fenway Racing | Ford/ARRIS | Joe Gibbs Racing | Toyota","Driver/Driver",75,25
"Racing",2021,"Panini","Prizm","Flashbacks Carolina Blue Cracked Ice","Jeff Gordon/Jeff Gordon","AXALTA | Hendrick Motorsports | Chevrolet/DuPont | Hendrick Motorsports | Chevrolet","Driver/Driver",76,25
"Racing",2021,"Panini","Prizm","Flashbacks Carolina Blue Cracked Ice","Richard Petty/Richard Petty","STP | Petty Enterprises | Plymouth/STP | Petty Enterprises | Plymouth","Driver/Driver",77,25
"Racing",2021,"Panini","Prizm","Flashbacks Carolina Blue Cracked Ice","Clint Bowyer/Clint Bowyer","5-Hour Energy | HScott Motorsports | Chevrolet/Rush Truck Centers | Stewart-Haas Racing| Ford","Driver/Driver",78,25
"Racing",2021,"Panini","Prizm","Flashbacks Carolina Blue Cracked Ice","Danica Patrick/Danica Patrick","GoDaddy.com | Premium Motorsports | Chevrolet/GoDaddy.com | Premium Motorsports | Chevrolet","Driver/Driver",79,25
"Racing",2021,"Panini","Prizm","Flashbacks Carolina Blue Cracked Ice","Tony Stewart/Tony Stewart","Bass Pro Shops | Stewart-Haas Racing | Chevrolet/Office Depot | Stewart-Haas Racing | Chevrolet","Driver/Driver",80,25
"Racing",2021,"Panini","Prizm","Flashbacks Carolina Blue Scope","Jimmie Johnson/Jimmie Johnson","Lowe's | Hendrick Motorsports | Chevrolet/Ally Financial | Hendrick Motorsports | Chevrolet","Driver/Driver",71,99
"Racing",2021,"Panini","Prizm","Flashbacks Carolina Blue Scope","Kasey Kahne/Kasey Kahne","Mountain Dew | Hendrick Motorsports | Chevrolet/Procore | Leavine Family Racing | Chevrolet","Driver/Driver",72,99
"Racing",2021,"Panini","Prizm","Flashbacks Carolina Blue Scope","Bobby Labonte/Bobby Labonte","Interstate Batteries | Joe Gibbs Racing | Pontiac/Interstate Batteries | Joe Gibbs Racing | Pontiac","Driver/Driver",73,99
"Racing",2021,"Panini","Prizm","Flashbacks Carolina Blue Scope","Bill Elliott/Bill Elliott","McDonald's | Bill Elliott | Ford/Coors | Harry Melling | Ford","Driver/Driver",74,99
"Racing",2021,"Panini","Prizm","Flashbacks Carolina Blue Scope","Carl Edwards/Carl Edwards","Scotts | Roush Fenway Racing | Ford/ARRIS | Joe Gibbs Racing | Toyota","Driver/Driver",75,99
"Racing",2021,"Panini","Prizm","Flashbacks Carolina Blue Scope","Jeff Gordon/Jeff Gordon","AXALTA | Hendrick Motorsports | Chevrolet/DuPont | Hendrick Motorsports | Chevrolet","Driver/Driver",76,99
"Racing",2021,"Panini","Prizm","Flashbacks Carolina Blue Scope","Richard Petty/Richard Petty","STP | Petty Enterprises | Plymouth/STP | Petty Enterprises | Plymouth","Driver/Driver",77,99
"Racing",2021,"Panini","Prizm","Flashbacks Carolina Blue Scope","Clint Bowyer/Clint Bowyer","5-Hour Energy | HScott Motorsports | Chevrolet/Rush Truck Centers | Stewart-Haas Racing| Ford","Driver/Driver",78,99
"Racing",2021,"Panini","Prizm","Flashbacks Carolina Blue Scope","Danica Patrick/Danica Patrick","GoDaddy.com | Premium Motorsports | Chevrolet/GoDaddy.com | Premium Motorsports | Chevrolet","Driver/Driver",79,99
"Racing",2021,"Panini","Prizm","Flashbacks Carolina Blue Scope","Tony Stewart/Tony Stewart","Bass Pro Shops | Stewart-Haas Racing | Chevrolet/Office Depot | Stewart-Haas Racing | Chevrolet","Driver/Driver",80,99
"Racing",2021,"Panini","Prizm","Flashbacks Disco","Jimmie Johnson/Jimmie Johnson","Lowe's | Hendrick Motorsports | Chevrolet/Ally Financial | Hendrick Motorsports | Chevrolet","Driver/Driver",71,75
"Racing",2021,"Panini","Prizm","Flashbacks Disco","Kasey Kahne/Kasey Kahne","Procore | Leavine Family Racing | Chevrolet/Mountain Dew | Hendrick Motorsports | Chevrolet","Driver/Driver",72,75
"Racing",2021,"Panini","Prizm","Flashbacks Disco","Bobby Labonte/Bobby Labonte","Interstate Batteries | Joe Gibbs Racing | Pontiac/Interstate Batteries | Joe Gibbs Racing | Pontiac","Driver/Driver",73,75
"Racing",2021,"Panini","Prizm","Flashbacks Disco","Bill Elliott/Bill Elliott","McDonald's | Bill Elliott | Ford/Coors | Harry Melling | Ford","Driver/Driver",74,75
"Racing",2021,"Panini","Prizm","Flashbacks Disco","Carl Edwards/Carl Edwards","Scotts | Roush Fenway Racing | Ford/ARRIS | Joe Gibbs Racing | Toyota","Driver/Driver",75,75
"Racing",2021,"Panini","Prizm","Flashbacks Disco","Jeff Gordon/Jeff Gordon","DuPont | Hendrick Motorsports | Chevrolet/AXALTA | Hendrick Motorsports | Chevrolet","Driver/Driver",76,75
"Racing",2021,"Panini","Prizm","Flashbacks Disco","Richard Petty/Richard Petty","STP | Petty Enterprises | Plymouth/STP | Petty Enterprises | Plymouth","Driver/Driver",77,75
"Racing",2021,"Panini","Prizm","Flashbacks Disco","Clint Bowyer/Clint Bowyer","5-Hour Energy | HScott Motorsports | Chevrolet/Rush Truck Centers | Stewart-Haas Racing| Ford","Driver/Driver",78,75
"Racing",2021,"Panini","Prizm","Flashbacks Disco","Danica Patrick/Danica Patrick","GoDaddy.com | Premium Motorsports | Chevrolet/GoDaddy.com | Premium Motorsports | Chevrolet","Driver/Driver",79,75
"Racing",2021,"Panini","Prizm","Flashbacks Disco","Tony Stewart/Tony Stewart","Office Depot | Stewart-Haas Racing | Chevrolet/Bass Pro Shops | Stewart-Haas Racing | Chevrolet","Driver/Driver",80,75
"Racing",2021,"Panini","Prizm","Flashbacks Gold Prizm","Jimmie Johnson/Jimmie Johnson","Lowe's | Hendrick Motorsports | Chevrolet/Ally Financial | Hendrick Motorsports | Chevrolet","Driver/Driver",71,10
"Racing",2021,"Panini","Prizm","Flashbacks Gold Prizm","Kasey Kahne/Kasey Kahne","Procore | Leavine Family Racing | Chevrolet/Mountain Dew | Hendrick Motorsports | Chevrolet","Driver/Driver",72,10
"Racing",2021,"Panini","Prizm","Flashbacks Gold Prizm","Bobby Labonte/Bobby Labonte","Interstate Batteries | Joe Gibbs Racing | Pontiac/Interstate Batteries | Joe Gibbs Racing | Pontiac","Driver/Driver",73,10
"Racing",2021,"Panini","Prizm","Flashbacks Gold Prizm","Bill Elliott/Bill Elliott","McDonald's | Bill Elliott | Ford/Coors | Harry Melling | Ford","Driver/Driver",74,10
"Racing",2021,"Panini","Prizm","Flashbacks Gold Prizm","Carl Edwards/Carl Edwards","ARRIS | Joe Gibbs Racing | Toyota/Scotts | Roush Fenway Racing | Ford","Driver/Driver",75,10
"Racing",2021,"Panini","Prizm","Flashbacks Gold Prizm","Jeff Gordon/Jeff Gordon","DuPont | Hendrick Motorsports | Chevrolet/AXALTA | Hendrick Motorsports | Chevrolet","Driver/Driver",76,10
"Racing",2021,"Panini","Prizm","Flashbacks Gold Prizm","Richard Petty/Richard Petty","STP | Petty Enterprises | Plymouth/STP | Petty Enterprises | Plymouth","Driver/Driver",77,10
"Racing",2021,"Panini","Prizm","Flashbacks Gold Prizm","Clint Bowyer/Clint Bowyer","Rush Truck Centers | Stewart-Haas Racing| Ford/5-Hour Energy | HScott Motorsports | Chevrolet","Driver/Driver",78,10
"Racing",2021,"Panini","Prizm","Flashbacks Gold Prizm","Danica Patrick/Danica Patrick","GoDaddy.com | Premium Motorsports | Chevrolet/GoDaddy.com | Premium Motorsports | Chevrolet","Driver/Driver",79,10
"Racing",2021,"Panini","Prizm","Flashbacks Gold Prizm","Tony Stewart/Tony Stewart","Office Depot | Stewart-Haas Racing | Chevrolet/Bass Pro Shops | Stewart-Haas Racing | Chevrolet","Driver/Driver",80,10
"Racing",2021,"Panini","Prizm","Flashbacks Gold Vinyl","Jimmie Johnson/Jimmie Johnson","Lowe's | Hendrick Motorsports | Chevrolet/Ally Financial | Hendrick Motorsports | Chevrolet","Driver/Driver",71,1
"Racing",2021,"Panini","Prizm","Flashbacks Gold Vinyl","Kasey Kahne/Kasey Kahne","Mountain Dew | Hendrick Motorsports | Chevrolet/Procore | Leavine Family Racing | Chevrolet","Driver/Driver",72,1
"Racing",2021,"Panini","Prizm","Flashbacks Gold Vinyl","Bobby Labonte/Bobby Labonte","Interstate Batteries | Joe Gibbs Racing | Pontiac/Interstate Batteries | Joe Gibbs Racing | Pontiac","Driver/Driver",73,1
"Racing",2021,"Panini","Prizm","Flashbacks Gold Vinyl","Bill Elliott/Bill Elliott","Coors | Harry Melling | Ford/McDonald's | Bill Elliott | Ford","Driver/Driver",74,1
"Racing",2021,"Panini","Prizm","Flashbacks Gold Vinyl","Carl Edwards/Carl Edwards","Scotts | Roush Fenway Racing | Ford/ARRIS | Joe Gibbs Racing | Toyota","Driver/Driver",75,1
"Racing",2021,"Panini","Prizm","Flashbacks Gold Vinyl","Jeff Gordon/Jeff Gordon","AXALTA | Hendrick Motorsports | Chevrolet/DuPont | Hendrick Motorsports | Chevrolet","Driver/Driver",76,1
"Racing",2021,"Panini","Prizm","Flashbacks Gold Vinyl","Richard Petty/Richard Petty","STP | Petty Enterprises | Plymouth/STP | Petty Enterprises | Plymouth","Driver/Driver",77,1
"Racing",2021,"Panini","Prizm","Flashbacks Gold Vinyl","Clint Bowyer/Clint Bowyer","5-Hour Energy | HScott Motorsports | Chevrolet/Rush Truck Centers | Stewart-Haas Racing| Ford","Driver/Driver",78,1
"Racing",2021,"Panini","Prizm","Flashbacks Gold Vinyl","Danica Patrick/Danica Patrick","GoDaddy.com | Premium Motorsports | Chevrolet/GoDaddy.com | Premium Motorsports | Chevrolet","Driver/Driver",79,1
"Racing",2021,"Panini","Prizm","Flashbacks Gold Vinyl","Tony Stewart/Tony Stewart","Office Depot | Stewart-Haas Racing | Chevrolet/Bass Pro Shops | Stewart-Haas Racing | Chevrolet","Driver/Driver",80,1
"Racing",2021,"Panini","Prizm","Flashbacks Gold Vinyl Signatures","Jimmie Johnson/Jimmie Johnson","Ally Financial | Hendrick Motorsports | Chevrolet/Lowe's | Hendrick Motorsports | Chevrolet","Driver/Driver",71,1
"Racing",2021,"Panini","Prizm","Flashbacks Gold Vinyl Signatures","Kasey Kahne/Kasey Kahne","Procore | Leavine Family Racing | Chevrolet/Mountain Dew | Hendrick Motorsports | Chevrolet","Driver/Driver",72,1
"Racing",2021,"Panini","Prizm","Flashbacks Gold Vinyl Signatures","Bobby Labonte/Bobby Labonte","Interstate Batteries | Joe Gibbs Racing | Pontiac/Interstate Batteries | Joe Gibbs Racing | Pontiac","Driver/Driver",73,1
"Racing",2021,"Panini","Prizm","Flashbacks Gold Vinyl Signatures","Bill Elliott/Bill Elliott","McDonald's | Bill Elliott | Ford/Coors | Harry Melling | Ford","Driver/Driver",74,1
"Racing",2021,"Panini","Prizm","Flashbacks Gold Vinyl Signatures","Carl Edwards/Carl Edwards","Scotts | Roush Fenway Racing | Ford/ARRIS | Joe Gibbs Racing | Toyota","Driver/Driver",75,1
"Racing",2021,"Panini","Prizm","Flashbacks Gold Vinyl Signatures","Jeff Gordon/Jeff Gordon","DuPont | Hendrick Motorsports | Chevrolet/AXALTA | Hendrick Motorsports | Chevrolet","Driver/Driver",76,1
"Racing",2021,"Panini","Prizm","Flashbacks Gold Vinyl Signatures","Richard Petty/Richard Petty","STP | Petty Enterprises | Plymouth/STP | Petty Enterprises | Plymouth","Driver/Driver",77,1
"Racing",2021,"Panini","Prizm","Flashbacks Gold Vinyl Signatures","Clint Bowyer/Clint Bowyer","5-Hour Energy | HScott Motorsports | Chevrolet/Rush Truck Centers | Stewart-Haas Racing| Ford","Driver/Driver",78,1
"Racing",2021,"Panini","Prizm","Flashbacks Gold Vinyl Signatures","Danica Patrick/Danica Patrick","GoDaddy.com | Premium Motorsports | Chevrolet/GoDaddy.com | Premium Motorsports | Chevrolet","Driver/Driver",79,1
"Racing",2021,"Panini","Prizm","Flashbacks Gold Vinyl Signatures","Tony Stewart/Tony Stewart","Office Depot | Stewart-Haas Racing | Chevrolet/Bass Pro Shops | Stewart-Haas Racing | Chevrolet","Driver/Driver",80,1
"Racing",2021,"Panini","Prizm","Flashbacks Hyper Prizm Blue and Carolina Blue","Jimmie Johnson/Jimmie Johnson","Ally Financial | Hendrick Motorsports | Chevrolet/Lowe's | Hendrick Motorsports | Chevrolet","Driver/Driver",71,
"Racing",2021,"Panini","Prizm","Flashbacks Hyper Prizm Blue and Carolina Blue","Kasey Kahne/Kasey Kahne","Mountain Dew | Hendrick Motorsports | Chevrolet/Procore | Leavine Family Racing | Chevrolet","Driver/Driver",72,
"Racing",2021,"Panini","Prizm","Flashbacks Hyper Prizm Blue and Carolina Blue","Bobby Labonte/Bobby Labonte","Interstate Batteries | Joe Gibbs Racing | Pontiac/Interstate Batteries | Joe Gibbs Racing | Pontiac","Driver/Driver",73,
"Racing",2021,"Panini","Prizm","Flashbacks Hyper Prizm Blue and Carolina Blue","Bill Elliott/Bill Elliott","Coors | Harry Melling | Ford/McDonald's | Bill Elliott | Ford","Driver/Driver",74,
"Racing",2021,"Panini","Prizm","Flashbacks Hyper Prizm Blue and Carolina Blue","Carl Edwards/Carl Edwards","ARRIS | Joe Gibbs Racing | Toyota/Scotts | Roush Fenway Racing | Ford","Driver/Driver",75,
"Racing",2021,"Panini","Prizm","Flashbacks Hyper Prizm Blue and Carolina Blue","Jeff Gordon/Jeff Gordon","DuPont | Hendrick Motorsports | Chevrolet/AXALTA | Hendrick Motorsports | Chevrolet","Driver/Driver",76,
"Racing",2021,"Panini","Prizm","Flashbacks Hyper Prizm Blue and Carolina Blue","Richard Petty/Richard Petty","STP | Petty Enterprises | Plymouth/STP | Petty Enterprises | Plymouth","Driver/Driver",77,
"Racing",2021,"Panini","Prizm","Flashbacks Hyper Prizm Blue and Carolina Blue","Clint Bowyer/Clint Bowyer","Rush Truck Centers | Stewart-Haas Racing| Ford/5-Hour Energy | HScott Motorsports | Chevrolet","Driver/Driver",78,
"Racing",2021,"Panini","Prizm","Flashbacks Hyper Prizm Blue and Carolina Blue","Danica Patrick/Danica Patrick","GoDaddy.com | Premium Motorsports | Chevrolet/GoDaddy.com | Premium Motorsports | Chevrolet","Driver/Driver",79,
"Racing",2021,"Panini","Prizm","Flashbacks Hyper Prizm Blue and Carolina Blue","Tony Stewart/Tony Stewart","Bass Pro Shops | Stewart-Haas Racing | Chevrolet/Office Depot | Stewart-Haas Racing | Chevrolet","Driver/Driver",80,
"Racing",2021,"Panini","Prizm","Flashbacks Hyper Prizm Green and Yellow","Jimmie Johnson/Jimmie Johnson","Lowe's | Hendrick Motorsports | Chevrolet/Ally Financial | Hendrick Motorsports | Chevrolet","Driver/Driver",71,
"Racing",2021,"Panini","Prizm","Flashbacks Hyper Prizm Green and Yellow","Kasey Kahne/Kasey Kahne","Mountain Dew | Hendrick Motorsports | Chevrolet/Procore | Leavine Family Racing | Chevrolet","Driver/Driver",72,
"Racing",2021,"Panini","Prizm","Flashbacks Hyper Prizm Green and Yellow","Bobby Labonte/Bobby Labonte","Interstate Batteries | Joe Gibbs Racing | Pontiac/Interstate Batteries | Joe Gibbs Racing | Pontiac","Driver/Driver",73,
"Racing",2021,"Panini","Prizm","Flashbacks Hyper Prizm Green and Yellow","Bill Elliott/Bill Elliott","McDonald's | Bill Elliott | Ford/Coors | Harry Melling | Ford","Driver/Driver",74,
"Racing",2021,"Panini","Prizm","Flashbacks Hyper Prizm Green and Yellow","Carl Edwards/Carl Edwards","Scotts | Roush Fenway Racing | Ford/ARRIS | Joe Gibbs Racing | Toyota","Driver/Driver",75,
"Racing",2021,"Panini","Prizm","Flashbacks Hyper Prizm Green and Yellow","Jeff Gordon/Jeff Gordon","AXALTA | Hendrick Motorsports | Chevrolet/DuPont | Hendrick Motorsports | Chevrolet","Driver/Driver",76,
"Racing",2021,"Panini","Prizm","Flashbacks Hyper Prizm Green and Yellow","Richard Petty/Richard Petty","STP | Petty Enterprises | Plymouth/STP | Petty Enterprises | Plymouth","Driver/Driver",77,
"Racing",2021,"Panini","Prizm","Flashbacks Hyper Prizm Green and Yellow","Clint Bowyer/Clint Bowyer","5-Hour Energy | HScott Motorsports | Chevrolet/Rush Truck Centers | Stewart-Haas Racing| Ford","Driver/Driver",78,
"Racing",2021,"Panini","Prizm","Flashbacks Hyper Prizm Green and Yellow","Danica Patrick/Danica Patrick","GoDaddy.com | Premium Motorsports | Chevrolet/GoDaddy.com | Premium Motorsports | Chevrolet","Driver/Driver",79,
"Racing",2021,"Panini","Prizm","Flashbacks Hyper Prizm Green and Yellow","Tony Stewart/Tony Stewart","Bass Pro Shops | Stewart-Haas Racing | Chevrolet/Office Depot | Stewart-Haas Racing | Chevrolet","Driver/Driver",80,
"Racing",2021,"Panini","Prizm","Flashbacks Hyper Prizm Red and Blue","Jimmie Johnson/Jimmie Johnson","Lowe's | Hendrick Motorsports | Chevrolet/Ally Financial | Hendrick Motorsports | Chevrolet","Driver/Driver",71,
"Racing",2021,"Panini","Prizm","Flashbacks Hyper Prizm Red and Blue","Kasey Kahne/Kasey Kahne","Procore | Leavine Family Racing | Chevrolet/Mountain Dew | Hendrick Motorsports | Chevrolet","Driver/Driver",72,
"Racing",2021,"Panini","Prizm","Flashbacks Hyper Prizm Red and Blue","Bobby Labonte/Bobby Labonte","Interstate Batteries | Joe Gibbs Racing | Pontiac/Interstate Batteries | Joe Gibbs Racing | Pontiac","Driver/Driver",73,
"Racing",2021,"Panini","Prizm","Flashbacks Hyper Prizm Red and Blue","Bill Elliott/Bill Elliott","McDonald's | Bill Elliott | Ford/Coors | Harry Melling | Ford","Driver/Driver",74,
"Racing",2021,"Panini","Prizm","Flashbacks Hyper Prizm Red and Blue","Carl Edwards/Carl Edwards","ARRIS | Joe Gibbs Racing | Toyota/Scotts | Roush Fenway Racing | Ford","Driver/Driver",75,
"Racing",2021,"Panini","Prizm","Flashbacks Hyper Prizm Red and Blue","Jeff Gordon/Jeff Gordon","AXALTA | Hendrick Motorsports | Chevrolet/DuPont | Hendrick Motorsports | Chevrolet","Driver/Driver",76,
"Racing",2021,"Panini","Prizm","Flashbacks Hyper Prizm Red and Blue","Richard Petty/Richard Petty","STP | Petty Enterprises | Plymouth/STP | Petty Enterprises | Plymouth","Driver/Driver",77,
"Racing",2021,"Panini","Prizm","Flashbacks Hyper Prizm Red and Blue","Clint Bowyer/Clint Bowyer","5-Hour Energy | HScott Motorsports | Chevrolet/Rush Truck Centers | Stewart-Haas Racing| Ford","Driver/Driver",78,
"Racing",2021,"Panini","Prizm","Flashbacks Hyper Prizm Red and Blue","Danica Patrick/Danica Patrick","GoDaddy.com | Premium Motorsports | Chevrolet/GoDaddy.com | Premium Motorsports | Chevrolet","Driver/Driver",79,
"Racing",2021,"Panini","Prizm","Flashbacks Hyper Prizm Red and Blue","Tony Stewart/Tony Stewart","Bass Pro Shops | Stewart-Haas Racing | Chevrolet/Office Depot | Stewart-Haas Racing | Chevrolet","Driver/Driver",80,
"Racing",2021,"Panini","Prizm","Flashbacks Pink Prizm","Jimmie Johnson/Jimmie Johnson","Lowe's | Hendrick Motorsports | Chevrolet/Ally Financial | Hendrick Motorsports | Chevrolet","Driver/Driver",71,50
"Racing",2021,"Panini","Prizm","Flashbacks Pink Prizm","Kasey Kahne/Kasey Kahne","Procore | Leavine Family Racing | Chevrolet/Mountain Dew | Hendrick Motorsports | Chevrolet","Driver/Driver",72,50
"Racing",2021,"Panini","Prizm","Flashbacks Pink Prizm","Bobby Labonte/Bobby Labonte","Interstate Batteries | Joe Gibbs Racing | Pontiac/Interstate Batteries | Joe Gibbs Racing | Pontiac","Driver/Driver",73,50
"Racing",2021,"Panini","Prizm","Flashbacks Pink Prizm","Bill Elliott/Bill Elliott","McDonald's | Bill Elliott | Ford/Coors | Harry Melling | Ford","Driver/Driver",74,50
"Racing",2021,"Panini","Prizm","Flashbacks Pink Prizm","Carl Edwards/Carl Edwards","Scotts | Roush Fenway Racing | Ford/ARRIS | Joe Gibbs Racing | Toyota","Driver/Driver",75,50
"Racing",2021,"Panini","Prizm","Flashbacks Pink Prizm","Jeff Gordon/Jeff Gordon","DuPont | Hendrick Motorsports | Chevrolet/AXALTA | Hendrick Motorsports | Chevrolet","Driver/Driver",76,50
"Racing",2021,"Panini","Prizm","Flashbacks Pink Prizm","Richard Petty/Richard Petty","STP | Petty Enterprises | Plymouth/STP | Petty Enterprises | Plymouth","Driver/Driver",77,50
"Racing",2021,"Panini","Prizm","Flashbacks Pink Prizm","Clint Bowyer/Clint Bowyer","5-Hour Energy | HScott Motorsports | Chevrolet/Rush Truck Centers | Stewart-Haas Racing| Ford","Driver/Driver",78,50
"Racing",2021,"Panini","Prizm","Flashbacks Pink Prizm","Danica Patrick/Danica Patrick","GoDaddy.com | Premium Motorsports | Chevrolet/GoDaddy.com | Premium Motorsports | Chevrolet","Driver/Driver",79,50
"Racing",2021,"Panini","Prizm","Flashbacks Pink Prizm","Tony Stewart/Tony Stewart","Office Depot | Stewart-Haas Racing | Chevrolet/Bass Pro Shops | Stewart-Haas Racing | Chevrolet","Driver/Driver",80,50
"Racing",2021,"Panini","Prizm","Flashbacks Purple Velocity","Jimmie Johnson/Jimmie Johnson","Ally Financial | Hendrick Motorsports | Chevrolet/Lowe's | Hendrick Motorsports | Chevrolet","Driver/Driver",71,199
"Racing",2021,"Panini","Prizm","Flashbacks Purple Velocity","Kasey Kahne/Kasey Kahne","Procore | Leavine Family Racing | Chevrolet/Mountain Dew | Hendrick Motorsports | Chevrolet","Driver/Driver",72,199
"Racing",2021,"Panini","Prizm","Flashbacks Purple Velocity","Bobby Labonte/Bobby Labonte","Interstate Batteries | Joe Gibbs Racing | Pontiac/Interstate Batteries | Joe Gibbs Racing | Pontiac","Driver/Driver",73,199
"Racing",2021,"Panini","Prizm","Flashbacks Purple Velocity","Bill Elliott/Bill Elliott","Coors | Harry Melling | Ford/McDonald's | Bill Elliott | Ford","Driver/Driver",74,199
"Racing",2021,"Panini","Prizm","Flashbacks Purple Velocity","Carl Edwards/Carl Edwards","Scotts | Roush Fenway Racing | Ford/ARRIS | Joe Gibbs Racing | Toyota","Driver/Driver",75,199
"Racing",2021,"Panini","Prizm","Flashbacks Purple Velocity","Jeff Gordon/Jeff Gordon","DuPont | Hendrick Motorsports | Chevrolet/AXALTA | Hendrick Motorsports | Chevrolet","Driver/Driver",76,199
"Racing",2021,"Panini","Prizm","Flashbacks Purple Velocity","Richard Petty/Richard Petty","STP | Petty Enterprises | Plymouth/STP | Petty Enterprises | Plymouth","Driver/Driver",77,199
"Racing",2021,"Panini","Prizm","Flashbacks Purple Velocity","Clint Bowyer/Clint Bowyer","Rush Truck Centers | Stewart-Haas Racing| Ford/5-Hour Energy | HScott Motorsports | Chevrolet","Driver/Driver",78,199
"Racing",2021,"Panini","Prizm","Flashbacks Purple Velocity","Danica Patrick/Danica Patrick","GoDaddy.com | Premium Motorsports | Chevrolet/GoDaddy.com | Premium Motorsports | Chevrolet","Driver/Driver",79,199
"Racing",2021,"Panini","Prizm","Flashbacks Purple Velocity","Tony Stewart/Tony Stewart","Office Depot | Stewart-Haas Racing | Chevrolet/Bass Pro Shops | Stewart-Haas Racing | Chevrolet","Driver/Driver",80,199
"Racing",2021,"Panini","Prizm","Flashbacks Rainbow Prizm","Jimmie Johnson/Jimmie Johnson","Lowe's | Hendrick Motorsports | Chevrolet/Ally Financial | Hendrick Motorsports | Chevrolet","Driver/Driver",71,24
"Racing",2021,"Panini","Prizm","Flashbacks Rainbow Prizm","Kasey Kahne/Kasey Kahne","Procore | Leavine Family Racing | Chevrolet/Mountain Dew | Hendrick Motorsports | Chevrolet","Driver/Driver",72,24
"Racing",2021,"Panini","Prizm","Flashbacks Rainbow Prizm","Bobby Labonte/Bobby Labonte","Interstate Batteries | Joe Gibbs Racing | Pontiac/Interstate Batteries | Joe Gibbs Racing | Pontiac","Driver/Driver",73,24
"Racing",2021,"Panini","Prizm","Flashbacks Rainbow Prizm","Bill Elliott/Bill Elliott","McDonald's | Bill Elliott | Ford/Coors | Harry Melling | Ford","Driver/Driver",74,24
"Racing",2021,"Panini","Prizm","Flashbacks Rainbow Prizm","Carl Edwards/Carl Edwards","Scotts | Roush Fenway Racing | Ford/ARRIS | Joe Gibbs Racing | Toyota","Driver/Driver",75,24
"Racing",2021,"Panini","Prizm","Flashbacks Rainbow Prizm","Jeff Gordon/Jeff Gordon","DuPont | Hendrick Motorsports | Chevrolet/AXALTA | Hendrick Motorsports | Chevrolet","Driver/Driver",76,24
"Racing",2021,"Panini","Prizm","Flashbacks Rainbow Prizm","Richard Petty/Richard Petty","STP | Petty Enterprises | Plymouth/STP | Petty Enterprises | Plymouth","Driver/Driver",77,24
"Racing",2021,"Panini","Prizm","Flashbacks Rainbow Prizm","Clint Bowyer/Clint Bowyer","Rush Truck Centers | Stewart-Haas Racing| Ford/5-Hour Energy | HScott Motorsports | Chevrolet","Driver/Driver",78,24
"Racing",2021,"Panini","Prizm","Flashbacks Rainbow Prizm","Danica Patrick/Danica Patrick","GoDaddy.com | Premium Motorsports | Chevrolet/GoDaddy.com | Premium Motorsports | Chevrolet","Driver/Driver",79,24
"Racing",2021,"Panini","Prizm","Flashbacks Rainbow Prizm","Tony Stewart/Tony Stewart","Office Depot | Stewart-Haas Racing | Chevrolet/Bass Pro Shops | Stewart-Haas Racing | Chevrolet","Driver/Driver",80,24
"Racing",2021,"Panini","Prizm","Flashbacks Reactive Green","Jimmie Johnson/Jimmie Johnson","Lowe's | Hendrick Motorsports | Chevrolet/Ally Financial | Hendrick Motorsports | Chevrolet","Driver/Driver",71,
"Racing",2021,"Panini","Prizm","Flashbacks Reactive Green","Kasey Kahne/Kasey Kahne","Mountain Dew | Hendrick Motorsports | Chevrolet/Procore | Leavine Family Racing | Chevrolet","Driver/Driver",72,
"Racing",2021,"Panini","Prizm","Flashbacks Reactive Green","Bobby Labonte/Bobby Labonte","Interstate Batteries | Joe Gibbs Racing | Pontiac/Interstate Batteries | Joe Gibbs Racing | Pontiac","Driver/Driver",73,
"Racing",2021,"Panini","Prizm","Flashbacks Reactive Green","Bill Elliott/Bill Elliott","McDonald's | Bill Elliott | Ford/Coors | Harry Melling | Ford","Driver/Driver",74,
"Racing",2021,"Panini","Prizm","Flashbacks Reactive Green","Carl Edwards/Carl Edwards","Scotts | Roush Fenway Racing | Ford/ARRIS | Joe Gibbs Racing | Toyota","Driver/Driver",75,
"Racing",2021,"Panini","Prizm","Flashbacks Reactive Green","Jeff Gordon/Jeff Gordon","AXALTA | Hendrick Motorsports | Chevrolet/DuPont | Hendrick Motorsports | Chevrolet","Driver/Driver",76,
"Racing",2021,"Panini","Prizm","Flashbacks Reactive Green","Richard Petty/Richard Petty","STP | Petty Enterprises | Plymouth/STP | Petty Enterprises | Plymouth","Driver/Driver",77,
"Racing",2021,"Panini","Prizm","Flashbacks Reactive Green","Clint Bowyer/Clint Bowyer","5-Hour Energy | HScott Motorsports | Chevrolet/Rush Truck Centers | Stewart-Haas Racing| Ford","Driver/Driver",78,
"Racing",2021,"Panini","Prizm","Flashbacks Reactive Green","Danica Patrick/Danica Patrick","GoDaddy.com | Premium Motorsports | Chevrolet/GoDaddy.com | Premium Motorsports | Chevrolet","Driver/Driver",79,
"Racing",2021,"Panini","Prizm","Flashbacks Reactive Green","Tony Stewart/Tony Stewart","Bass Pro Shops | Stewart-Haas Racing | Chevrolet/Office Depot | Stewart-Haas Racing | Chevrolet","Driver/Driver",80,
"Racing",2021,"Panini","Prizm","Flashbacks Reactive Orange","Jimmie Johnson/Jimmie Johnson","Lowe's | Hendrick Motorsports | Chevrolet/Ally Financial | Hendrick Motorsports | Chevrolet","Driver/Driver",71,
"Racing",2021,"Panini","Prizm","Flashbacks Reactive Orange","Kasey Kahne/Kasey Kahne","Mountain Dew | Hendrick Motorsports | Chevrolet/Procore | Leavine Family Racing | Chevrolet","Driver/Driver",72,
"Racing",2021,"Panini","Prizm","Flashbacks Reactive Orange","Bobby Labonte/Bobby Labonte","Interstate Batteries | Joe Gibbs Racing | Pontiac/Interstate Batteries | Joe Gibbs Racing | Pontiac","Driver/Driver",73,
"Racing",2021,"Panini","Prizm","Flashbacks Reactive Orange","Bill Elliott/Bill Elliott","McDonald's | Bill Elliott | Ford/Coors | Harry Melling | Ford","Driver/Driver",74,
"Racing",2021,"Panini","Prizm","Flashbacks Reactive Orange","Carl Edwards/Carl Edwards","Scotts | Roush Fenway Racing | Ford/ARRIS | Joe Gibbs Racing | Toyota","Driver/Driver",75,
"Racing",2021,"Panini","Prizm","Flashbacks Reactive Orange","Jeff Gordon/Jeff Gordon","AXALTA | Hendrick Motorsports | Chevrolet/DuPont | Hendrick Motorsports | Chevrolet","Driver/Driver",76,
"Racing",2021,"Panini","Prizm","Flashbacks Reactive Orange","Richard Petty/Richard Petty","STP | Petty Enterprises | Plymouth/STP | Petty Enterprises | Plymouth","Driver/Driver",77,
"Racing",2021,"Panini","Prizm","Flashbacks Reactive Orange","Clint Bowyer/Clint Bowyer","5-Hour Energy | HScott Motorsports | Chevrolet/Rush Truck Centers | Stewart-Haas Racing| Ford","Driver/Driver",78,
"Racing",2021,"Panini","Prizm","Flashbacks Reactive Orange","Danica Patrick/Danica Patrick","GoDaddy.com | Premium Motorsports | Chevrolet/GoDaddy.com | Premium Motorsports | Chevrolet","Driver/Driver",79,
"Racing",2021,"Panini","Prizm","Flashbacks Reactive Orange","Tony Stewart/Tony Stewart","Bass Pro Shops | Stewart-Haas Racing | Chevrolet/Office Depot | Stewart-Haas Racing | Chevrolet","Driver/Driver",80,
"Racing",2021,"Panini","Prizm","Flashbacks Red Prizm","Jimmie Johnson/Jimmie Johnson","Ally Financial | Hendrick Motorsports | Chevrolet/Lowe's | Hendrick Motorsports | Chevrolet","Driver/Driver",71,
"Racing",2021,"Panini","Prizm","Flashbacks Red Prizm","Kasey Kahne/Kasey Kahne","Procore | Leavine Family Racing | Chevrolet/Mountain Dew | Hendrick Motorsports | Chevrolet","Driver/Driver",72,
"Racing",2021,"Panini","Prizm","Flashbacks Red Prizm","Bobby Labonte/Bobby Labonte","Interstate Batteries | Joe Gibbs Racing | Pontiac/Interstate Batteries | Joe Gibbs Racing | Pontiac","Driver/Driver",73,
"Racing",2021,"Panini","Prizm","Flashbacks Red Prizm","Bill Elliott/Bill Elliott","McDonald's | Bill Elliott | Ford/Coors | Harry Melling | Ford","Driver/Driver",74,
"Racing",2021,"Panini","Prizm","Flashbacks Red Prizm","Carl Edwards/Carl Edwards","Scotts | Roush Fenway Racing | Ford/ARRIS | Joe Gibbs Racing | Toyota","Driver/Driver",75,
"Racing",2021,"Panini","Prizm","Flashbacks Red Prizm","Jeff Gordon/Jeff Gordon","AXALTA | Hendrick Motorsports | Chevrolet/DuPont | Hendrick Motorsports | Chevrolet","Driver/Driver",76,
"Racing",2021,"Panini","Prizm","Flashbacks Red Prizm","Richard Petty/Richard Petty","STP | Petty Enterprises | Plymouth/STP | Petty Enterprises | Plymouth","Driver/Driver",77,
"Racing",2021,"Panini","Prizm","Flashbacks Red Prizm","Clint Bowyer/Clint Bowyer","5-Hour Energy | HScott Motorsports | Chevrolet/Rush Truck Centers | Stewart-Haas Racing| Ford","Driver/Driver",78,
"Racing",2021,"Panini","Prizm","Flashbacks Red Prizm","Danica Patrick/Danica Patrick","GoDaddy.com | Premium Motorsports | Chevrolet/GoDaddy.com | Premium Motorsports | Chevrolet","Driver/Driver",79,
"Racing",2021,"Panini","Prizm","Flashbacks Red Prizm","Tony Stewart/Tony Stewart","Office Depot | Stewart-Haas Racing | Chevrolet/Bass Pro Shops | Stewart-Haas Racing | Chevrolet","Driver/Driver",80,
"Racing",2021,"Panini","Prizm","Flashbacks Silver Prizm","Jimmie Johnson/Jimmie Johnson","Lowe's | Hendrick Motorsports | Chevrolet/Ally Financial | Hendrick Motorsports | Chevrolet","Driver/Driver",71,
"Racing",2021,"Panini","Prizm","Flashbacks Silver Prizm","Kasey Kahne/Kasey Kahne","Procore | Leavine Family Racing | Chevrolet/Mountain Dew | Hendrick Motorsports | Chevrolet","Driver/Driver",72,
"Racing",2021,"Panini","Prizm","Flashbacks Silver Prizm","Bobby Labonte/Bobby Labonte","Interstate Batteries | Joe Gibbs Racing | Pontiac/Interstate Batteries | Joe Gibbs Racing | Pontiac","Driver/Driver",73,
"Racing",2021,"Panini","Prizm","Flashbacks Silver Prizm","Bill Elliott/Bill Elliott","McDonald's | Bill Elliott | Ford/Coors | Harry Melling | Ford","Driver/Driver",74,
"Racing",2021,"Panini","Prizm","Flashbacks Silver Prizm","Carl Edwards/Carl Edwards","Scotts | Roush Fenway Racing | Ford/ARRIS | Joe Gibbs Racing | Toyota","Driver/Driver",75,
"Racing",2021,"Panini","Prizm","Flashbacks Silver Prizm","Jeff Gordon/Jeff Gordon","AXALTA | Hendrick Motorsports | Chevrolet/DuPont | Hendrick Motorsports | Chevrolet","Driver/Driver",76,
"Racing",2021,"Panini","Prizm","Flashbacks Silver Prizm","Richard Petty/Richard Petty","STP | Petty Enterprises | Plymouth/STP | Petty Enterprises | Plymouth","Driver/Driver",77,
"Racing",2021,"Panini","Prizm","Flashbacks Silver Prizm","Clint Bowyer/Clint Bowyer","5-Hour Energy | HScott Motorsports | Chevrolet/Rush Truck Centers | Stewart-Haas Racing| Ford","Driver/Driver",78,
"Racing",2021,"Panini","Prizm","Flashbacks Silver Prizm","Danica Patrick/Danica Patrick","GoDaddy.com | Premium Motorsports | Chevrolet/GoDaddy.com | Premium Motorsports | Chevrolet","Driver/Driver",79,
"Racing",2021,"Panini","Prizm","Flashbacks Silver Prizm","Tony Stewart/Tony Stewart","Bass Pro Shops | Stewart-Haas Racing | Chevrolet/Office Depot | Stewart-Haas Racing | Chevrolet","Driver/Driver",80,
"Racing",2021,"Panini","Prizm","Flashbacks Silver Prizm Signatures","Jimmie Johnson/Jimmie Johnson","Lowe's | Hendrick Motorsports | Chevrolet/Ally Financial | Hendrick Motorsports | Chevrolet","Driver/Driver",71,
"Racing",2021,"Panini","Prizm","Flashbacks Silver Prizm Signatures","Kasey Kahne/Kasey Kahne","Mountain Dew | Hendrick Motorsports | Chevrolet/Procore | Leavine Family Racing | Chevrolet","Driver/Driver",72,
"Racing",2021,"Panini","Prizm","Flashbacks Silver Prizm Signatures","Bobby Labonte/Bobby Labonte","Interstate Batteries | Joe Gibbs Racing | Pontiac/Interstate Batteries | Joe Gibbs Racing | Pontiac","Driver/Driver",73,
"Racing",2021,"Panini","Prizm","Flashbacks Silver Prizm Signatures","Bill Elliott/Bill Elliott","McDonald's | Bill Elliott | Ford/Coors | Harry Melling | Ford","Driver/Driver",74,
"Racing",2021,"Panini","Prizm","Flashbacks Silver Prizm Signatures","Carl Edwards/Carl Edwards","Scotts | Roush Fenway Racing | Ford/ARRIS | Joe Gibbs Racing | Toyota","Driver/Driver",75,
"Racing",2021,"Panini","Prizm","Flashbacks Silver Prizm Signatures","Jeff Gordon/Jeff Gordon","AXALTA | Hendrick Motorsports | Chevrolet/DuPont | Hendrick Motorsports | Chevrolet","Driver/Driver",76,
"Racing",2021,"Panini","Prizm","Flashbacks Silver Prizm Signatures","Richard Petty/Richard Petty","STP | Petty Enterprises | Plymouth/STP | Petty Enterprises | Plymouth","Driver/Driver",77,
"Racing",2021,"Panini","Prizm","Flashbacks Silver Prizm Signatures","Clint Bowyer/Clint Bowyer","5-Hour Energy | HScott Motorsports | Chevrolet/Rush Truck Centers | Stewart-Haas Racing| Ford","Driver/Driver",78,
"Racing",2021,"Panini","Prizm","Flashbacks Silver Prizm Signatures","Danica Patrick/Danica Patrick","GoDaddy.com | Premium Motorsports | Chevrolet/GoDaddy.com | Premium Motorsports | Chevrolet","Driver/Driver",79,
"Racing",2021,"Panini","Prizm","Flashbacks Silver Prizm Signatures","Tony Stewart/Tony Stewart","Bass Pro Shops | Stewart-Haas Racing | Chevrolet/Office Depot | Stewart-Haas Racing | Chevrolet","Driver/Driver",80,
"Racing",2021,"Panini","Prizm","Flashbacks White Prizm","Jimmie Johnson/Jimmie Johnson","Lowe's | Hendrick Motorsports | Chevrolet/Ally Financial | Hendrick Motorsports | Chevrolet","Driver/Driver",71,5
"Racing",2021,"Panini","Prizm","Flashbacks White Prizm","Kasey Kahne/Kasey Kahne","Mountain Dew | Hendrick Motorsports | Chevrolet/Procore | Leavine Family Racing | Chevrolet","Driver/Driver",72,5
"Racing",2021,"Panini","Prizm","Flashbacks White Prizm","Bobby Labonte/Bobby Labonte","Interstate Batteries | Joe Gibbs Racing | Pontiac/Interstate Batteries | Joe Gibbs Racing | Pontiac","Driver/Driver",73,5
"Racing",2021,"Panini","Prizm","Flashbacks White Prizm","Bill Elliott/Bill Elliott","McDonald's | Bill Elliott | Ford/Coors | Harry Melling | Ford","Driver/Driver",74,5
"Racing",2021,"Panini","Prizm","Flashbacks White Prizm","Carl Edwards/Carl Edwards","ARRIS | Joe Gibbs Racing | Toyota/Scotts | Roush Fenway Racing | Ford","Driver/Driver",75,5
"Racing",2021,"Panini","Prizm","Flashbacks White Prizm","Jeff Gordon/Jeff Gordon","DuPont | Hendrick Motorsports | Chevrolet/AXALTA | Hendrick Motorsports | Chevrolet","Driver/Driver",76,5
"Racing",2021,"Panini","Prizm","Flashbacks White Prizm","Richard Petty/Richard Petty","STP | Petty Enterprises | Plymouth/STP | Petty Enterprises | Plymouth","Driver/Driver",77,5
"Racing",2021,"Panini","Prizm","Flashbacks White Prizm","Clint Bowyer/Clint Bowyer","Rush Truck Centers | Stewart-Haas Racing| Ford/5-Hour Energy | HScott Motorsports | Chevrolet","Driver/Driver",78,5
"Racing",2021,"Panini","Prizm","Flashbacks White Prizm","Danica Patrick/Danica Patrick","GoDaddy.com | Premium Motorsports | Chevrolet/GoDaddy.com | Premium Motorsports | Chevrolet","Driver/Driver",79,5
"Racing",2021,"Panini","Prizm","Flashbacks White Prizm","Tony Stewart/Tony Stewart","Office Depot | Stewart-Haas Racing | Chevrolet/Bass Pro Shops | Stewart-Haas Racing | Chevrolet","Driver/Driver",80,5
"Racing",2021,"Panini","Prizm","Flashbacks Zebra","Jimmie Johnson/Jimmie Johnson","Ally Financial | Hendrick Motorsports | Chevrolet/Lowe's | Hendrick Motorsports | Chevrolet","Driver/Driver",71,
"Racing",2021,"Panini","Prizm","Flashbacks Zebra","Kasey Kahne/Kasey Kahne","Mountain Dew | Hendrick Motorsports | Chevrolet/Procore | Leavine Family Racing | Chevrolet","Driver/Driver",72,
"Racing",2021,"Panini","Prizm","Flashbacks Zebra","Bobby Labonte/Bobby Labonte","Interstate Batteries | Joe Gibbs Racing | Pontiac/Interstate Batteries | Joe Gibbs Racing | Pontiac","Driver/Driver",73,
"Racing",2021,"Panini","Prizm","Flashbacks Zebra","Bill Elliott/Bill Elliott","Coors | Harry Melling | Ford/McDonald's | Bill Elliott | Ford","Driver/Driver",74,
"Racing",2021,"Panini","Prizm","Flashbacks Zebra","Carl Edwards/Carl Edwards","ARRIS | Joe Gibbs Racing | Toyota/Scotts | Roush Fenway Racing | Ford","Driver/Driver",75,
"Racing",2021,"Panini","Prizm","Flashbacks Zebra","Jeff Gordon/Jeff Gordon","DuPont | Hendrick Motorsports | Chevrolet/AXALTA | Hendrick Motorsports | Chevrolet","Driver/Driver",76,
"Racing",2021,"Panini","Prizm","Flashbacks Zebra","Richard Petty/Richard Petty","STP | Petty Enterprises | Plymouth/STP | Petty Enterprises | Plymouth","Driver/Driver",77,
"Racing",2021,"Panini","Prizm","Flashbacks Zebra","Clint Bowyer/Clint Bowyer","5-Hour Energy | HScott Motorsports | Chevrolet/Rush Truck Centers | Stewart-Haas Racing| Ford","Driver/Driver",78,
"Racing",2021,"Panini","Prizm","Flashbacks Zebra","Danica Patrick/Danica Patrick","GoDaddy.com | Premium Motorsports | Chevrolet/GoDaddy.com | Premium Motorsports | Chevrolet","Driver/Driver",79,
"Racing",2021,"Panini","Prizm","Flashbacks Zebra","Tony Stewart/Tony Stewart","Bass Pro Shops | Stewart-Haas Racing | Chevrolet/Office Depot | Stewart-Haas Racing | Chevrolet","Driver/Driver",80,
"Racing",2021,"Panini","Prizm","Gold Prizm","Tyler Reddick","Caterpillar | Richard Childress Racing | Chevrolet","Driver",1,10
"Racing",2021,"Panini","Prizm","Gold Prizm","Martin Truex Jr.","Bass Pro Shops | Joe Gibbs Racing | Toyota","Driver",2,10
"Racing",2021,"Panini","Prizm","Gold Prizm","Kyle Weatherman","Wolfpack Racing | Mike Harmon Racing | Chevrolet","Driver",3,10
"Racing",2021,"Panini","Prizm","Gold Prizm","Kyle Larson","Hendrickcars.com | Hendrick Motorsports | Chevrolet","Driver",4,10
"Racing",2021,"Panini","Prizm","Gold Prizm","Alex Bowman","Ally Financial | Hendrick Motorsports | Chevrolet","Driver",5,10
"Racing",2021,"Panini","Prizm","Gold Prizm","Bayley Currey ","Belmont Classic Cars | Rick Ware Racing | Chevrolet","Driver",6,10
"Racing",2021,"Panini","Prizm","Gold Prizm","Chase Elliott","NAPA Auto Parts | Hendrick Motorsports | Chevrolet","Driver",7,10
"Racing",2021,"Panini","Prizm","Gold Prizm","Christopher Bell","Rheem | Joe Gibbs Racing | Toyota","Driver",8,10
"Racing",2021,"Panini","Prizm","Gold Prizm","Raphael Lessard","Canac | GMS Racing | Chevrolet","Driver",9,10
"Racing",2021,"Panini","Prizm","Gold Prizm","Alex Labbe","Prolon | DGM Racing | Chevrolet","Driver",10,10
"Racing",2021,"Panini","Prizm","Gold Prizm","Kyle Busch","M&M's | Joe Gibbs Racing | Toyota","Driver",11,10
"Racing",2021,"Panini","Prizm","Gold Prizm","Drew Dollar","JBL | Kyle Busch Motorsports | Toyota","Driver",12,10
"Racing",2021,"Panini","Prizm","Gold Prizm","Brandon Jones","Menards | Joe Gibbs Racing | Toyota","Driver",13,10
"Racing",2021,"Panini","Prizm","Gold Prizm","Myatt Snider","TaxSlayer | Richard Childress Racing | Chevrolet","Driver",14,10
"Racing",2021,"Panini","Prizm","Gold Prizm","Denny Hamlin","FedEx Express | Joe Gibbs Racing | Toyota","Driver",15,10
"Racing",2021,"Panini","Prizm","Gold Prizm","Ryan Repko","Craftsman | Venturini Motorsports | Toyota","Driver",16,10
"Racing",2021,"Panini","Prizm","Gold Prizm","Anthony Alfredo","Dude Wipes | Front Row Motorsports | Ford","Driver",17,10
"Racing",2021,"Panini","Prizm","Gold Prizm","Brittney Zamora","Rackley Roofing | Toyota","Driver",18,10
"Racing",2021,"Panini","Prizm","Gold Prizm","Daniel Suarez","Camping World | Trackhouse Racing | Chevrolet","Driver",19,10
"Racing",2021,"Panini","Prizm","Gold Prizm","Josh Berry","Tire Pros | JR Motorsports | Chevrolet","Driver",20,10
"Racing",2021,"Panini","Prizm","Gold Prizm","Daniel Hemric","Poppy Bank | Joe Gibbs Racing | Toyota","Driver",21,10
"Racing",2021,"Panini","Prizm","Gold Prizm","Corey LaJoie","Schluter Systems | Spire Motorsports | Chevrolet","Driver",22,10
"Racing",2021,"Panini","Prizm","Gold Prizm","Josh Williams","Alloy Employer Services | DGM Racing | Chevrolet","Driver",23,10
"Racing",2021,"Panini","Prizm","Gold Prizm","Taylor Gray","Ford Performance | DGR-Crosley | Ford","Driver",24,10
"Racing",2021,"Panini","Prizm","Gold Prizm","Austin Dillon","Bass Pro Shops | Richard Childress Racing | Chevrolet","Driver",25,10
"Racing",2021,"Panini","Prizm","Gold Prizm","Kurt Busch","Monster Energy | Chip Ganassi Racing | Chevrolet","Driver",26,10
"Racing",2021,"Panini","Prizm","Gold Prizm","Chase Briscoe","Ford Performance | Stewart-Haas Racing | Ford","Driver",27,10
"Racing",2021,"Panini","Prizm","Gold Prizm","Ryan Newman","Oscar Mayer | Roush Fenway Racing | Ford","Driver",28,10
"Racing",2021,"Panini","Prizm","Gold Prizm","Kaz Grala","Hyper Ice | Kaulig Racing | Chevrolet","Driver",29,10
"Racing",2021,"Panini","Prizm","Gold Prizm","Chandler Smith","Safelite Auto Glass | Kyle Busch Motorsports | Toyota","Driver",30,10
"Racing",2021,"Panini","Prizm","Gold Prizm","Matt DiBenedetto","Motorcraft | Wood Brothers Racing | Ford","Driver",31,10
"Racing",2021,"Panini","Prizm","Gold Prizm","Sam Mayer","JR Motorsports | JR Motorsports | Chevrolet","Driver",32,10
"Racing",2021,"Panini","Prizm","Gold Prizm","Ryan Blaney","Menards | Team Penske | Ford","Driver",33,10
"Racing",2021,"Panini","Prizm","Gold Prizm","Brad Keselowski","Money Lion | Team Penske | Ford","Driver",34,10
"Racing",2021,"Panini","Prizm","Gold Prizm","Hailie Deegan","Monster Energy","Driver",35,10
"Racing",2021,"Panini","Prizm","Gold Prizm","Kevin Harvick","Mobil 1 | Stewart-Haas Racing | Ford","Driver",36,10
"Racing",2021,"Panini","Prizm","Gold Prizm","Chris Buescher","Fastenal | Roush Fenway Racing | Ford","Driver",37,10
"Racing",2021,"Panini","Prizm","Gold Prizm","Joey Logano","Shell-Pennzoil | Team Penske | Ford","Driver",38,10
"Racing",2021,"Panini","Prizm","Gold Prizm","Ross Chastain","Clover | Chip Ganassi Racing | Chevrolet","Driver",39,10
"Racing",2021,"Panini","Prizm","Gold Prizm","Tommy Joe Martins","Gilreath Farms Red Angus | Tommy Joe Martins | Chevrolet","Driver",40,10
"Racing",2021,"Panini","Prizm","Gold Prizm","Kody Vanderwal","Advanced Dairy Services | Jimmy Means Racing | Chevrolet","Driver",41,10
"Racing",2021,"Panini","Prizm","Gold Prizm","Erik Jones","U.S. Air Force | Richard Petty Motorsports | Chevrolet","Driver",42,10
"Racing",2021,"Panini","Prizm","Gold Prizm","Ricky Stenhouse Jr","Kroger | JTG Daugherty Racing | Chevrolet","Driver",43,10
"Racing",2021,"Panini","Prizm","Gold Prizm","Austin Cindric","CarShop | Team Penske | Ford","Driver",44,10
"Racing",2021,"Panini","Prizm","Gold Prizm","Jesse Love","NAPA Power Premium Plus | Bill McAnally Racing | Toyota","Driver",45,10
"Racing",2021,"Panini","Prizm","Gold Prizm","Noah Gragson","Bass Pro Shops | JR Motorsports | Chevrolet","Driver",46,10
"Racing",2021,"Panini","Prizm","Gold Prizm","Aric Almirola","Smithfield Foods | Stewart-Haas Racing | Ford","Driver",47,10
"Racing",2021,"Panini","Prizm","Gold Prizm","Justin Allgaier","Brandt | JR Motorsports | Chevrolet","Driver",48,10
"Racing",2021,"Panini","Prizm","Gold Prizm","Cole Custer","Haas Automation | Stewart-Haas Racing | Ford","Driver",49,10
"Racing",2021,"Panini","Prizm","Gold Prizm","Harrison Burton","DEX Imaging | Joe Gibbs Racing | Toyota","Driver",50,10
"Racing",2021,"Panini","Prizm","Gold Prizm","Ryan Vargas","MaintenX | JD Motorsports | Chevrolet","Driver",51,10
"Racing",2021,"Panini","Prizm","Gold Prizm","Bubba Wallace","DoorDash | 23XI Racing | Toyota","Driver",52,10
"Racing",2021,"Panini","Prizm","Gold Prizm","John Hunter Nemechek","Fire Alarm Services | NEMCO Motorsports | Ford","Driver",53,10
"Racing",2021,"Panini","Prizm","Gold Prizm","William Byron","AXALTA | Hendrick Motorsports | Chevrolet","Driver",54,10
"Racing",2021,"Panini","Prizm","Gold Prizm","Michael Annett","Pilot Flying J | JR Motorsports | Chevrolet","Driver",55,10
"Racing",2021,"Panini","Prizm","Gold Prizm","Sheldon Creed","Chevy Accessories | GMS Racing | Chevrolet","Driver",56,10
"Racing",2021,"Panini","Prizm","Gold Prizm","Michael McDowell","FR8 Auctions | Front Row Motorsports | Ford","Driver",57,10
"Racing",2021,"Panini","Prizm","Gold Prizm","Mason Massey","Marty Massey Towing & Recovery | B.J. McLeod Motorsports | Toyota","Driver",58,10
"Racing",2021,"Panini","Prizm","Gold Prizm","Ty Gibbs","Interstate Batteries | Joe Gibbs Racing | Toyota","Driver",59,10
"Racing",2021,"Panini","Prizm","Gold Prizm","Natalie Decker","Red Street Records | Our Motorsports | Chevrolet","Driver",60,10
"Racing",2021,"Panini","Prizm","Gold Vinyl","Tyler Reddick","Caterpillar | Richard Childress Racing | Chevrolet","Driver",1,1
"Racing",2021,"Panini","Prizm","Gold Vinyl","Martin Truex Jr.","Bass Pro Shops | Joe Gibbs Racing | Toyota","Driver",2,1
"Racing",2021,"Panini","Prizm","Gold Vinyl","Kyle Weatherman","Wolfpack Racing | Mike Harmon Racing | Chevrolet","Driver",3,1
"Racing",2021,"Panini","Prizm","Gold Vinyl","Kyle Larson","Hendrickcars.com | Hendrick Motorsports | Chevrolet","Driver",4,1
"Racing",2021,"Panini","Prizm","Gold Vinyl","Alex Bowman","Ally Financial | Hendrick Motorsports | Chevrolet","Driver",5,1
"Racing",2021,"Panini","Prizm","Gold Vinyl","Bayley Currey ","Belmont Classic Cars | Rick Ware Racing | Chevrolet","Driver",6,1
"Racing",2021,"Panini","Prizm","Gold Vinyl","Chase Elliott","NAPA Auto Parts | Hendrick Motorsports | Chevrolet","Driver",7,1
"Racing",2021,"Panini","Prizm","Gold Vinyl","Christopher Bell","Rheem | Joe Gibbs Racing | Toyota","Driver",8,1
"Racing",2021,"Panini","Prizm","Gold Vinyl","Raphael Lessard","Canac | GMS Racing | Chevrolet","Driver",9,1
"Racing",2021,"Panini","Prizm","Gold Vinyl","Alex Labbe","Prolon | DGM Racing | Chevrolet","Driver",10,1
"Racing",2021,"Panini","Prizm","Gold Vinyl","Kyle Busch","M&M's | Joe Gibbs Racing | Toyota","Driver",11,1
"Racing",2021,"Panini","Prizm","Gold Vinyl","Drew Dollar","JBL | Kyle Busch Motorsports | Toyota","Driver",12,1
"Racing",2021,"Panini","Prizm","Gold Vinyl","Brandon Jones","Menards | Joe Gibbs Racing | Toyota","Driver",13,1
"Racing",2021,"Panini","Prizm","Gold Vinyl","Myatt Snider","TaxSlayer | Richard Childress Racing | Chevrolet","Driver",14,1
"Racing",2021,"Panini","Prizm","Gold Vinyl","Denny Hamlin","FedEx Express | Joe Gibbs Racing | Toyota","Driver",15,1
"Racing",2021,"Panini","Prizm","Gold Vinyl","Ryan Repko","Craftsman | Venturini Motorsports | Toyota","Driver",16,1
"Racing",2021,"Panini","Prizm","Gold Vinyl","Anthony Alfredo","Dude Wipes | Front Row Motorsports | Ford","Driver",17,1
"Racing",2021,"Panini","Prizm","Gold Vinyl","Brittney Zamora","Rackley Roofing | Toyota","Driver",18,1
"Racing",2021,"Panini","Prizm","Gold Vinyl","Daniel Suarez","Camping World | Trackhouse Racing | Chevrolet","Driver",19,1
"Racing",2021,"Panini","Prizm","Gold Vinyl","Josh Berry","Tire Pros | JR Motorsports | Chevrolet","Driver",20,1
"Racing",2021,"Panini","Prizm","Gold Vinyl","Daniel Hemric","Poppy Bank | Joe Gibbs Racing | Toyota","Driver",21,1
"Racing",2021,"Panini","Prizm","Gold Vinyl","Corey LaJoie","Schluter Systems | Spire Motorsports | Chevrolet","Driver",22,1
"Racing",2021,"Panini","Prizm","Gold Vinyl","Josh Williams","Alloy Employer Services | DGM Racing | Chevrolet","Driver",23,1
"Racing",2021,"Panini","Prizm","Gold Vinyl","Taylor Gray","Ford Performance | DGR-Crosley | Ford","Driver",24,1
"Racing",2021,"Panini","Prizm","Gold Vinyl","Austin Dillon","Bass Pro Shops | Richard Childress Racing | Chevrolet","Driver",25,1
"Racing",2021,"Panini","Prizm","Gold Vinyl","Kurt Busch","Monster Energy | Chip Ganassi Racing | Chevrolet","Driver",26,1
"Racing",2021,"Panini","Prizm","Gold Vinyl","Chase Briscoe","Ford Performance | Stewart-Haas Racing | Ford","Driver",27,1
"Racing",2021,"Panini","Prizm","Gold Vinyl","Ryan Newman","Oscar Mayer | Roush Fenway Racing | Ford","Driver",28,1
"Racing",2021,"Panini","Prizm","Gold Vinyl","Kaz Grala","Hyper Ice | Kaulig Racing | Chevrolet","Driver",29,1
"Racing",2021,"Panini","Prizm","Gold Vinyl","Chandler Smith","Safelite Auto Glass | Kyle Busch Motorsports | Toyota","Driver",30,1
"Racing",2021,"Panini","Prizm","Gold Vinyl","Matt DiBenedetto","Motorcraft | Wood Brothers Racing | Ford","Driver",31,1
"Racing",2021,"Panini","Prizm","Gold Vinyl","Sam Mayer","JR Motorsports | JR Motorsports | Chevrolet","Driver",32,1
"Racing",2021,"Panini","Prizm","Gold Vinyl","Ryan Blaney","Menards | Team Penske | Ford","Driver",33,1
"Racing",2021,"Panini","Prizm","Gold Vinyl","Brad Keselowski","Money Lion | Team Penske | Ford","Driver",34,1
"Racing",2021,"Panini","Prizm","Gold Vinyl","Hailie Deegan","Monster Energy","Driver",35,1
"Racing",2021,"Panini","Prizm","Gold Vinyl","Kevin Harvick","Mobil 1 | Stewart-Haas Racing | Ford","Driver",36,1
"Racing",2021,"Panini","Prizm","Gold Vinyl","Chris Buescher","Fastenal | Roush Fenway Racing | Ford","Driver",37,1
"Racing",2021,"Panini","Prizm","Gold Vinyl","Joey Logano","Shell-Pennzoil | Team Penske | Ford","Driver",38,1
"Racing",2021,"Panini","Prizm","Gold Vinyl","Ross Chastain","Clover | Chip Ganassi Racing | Chevrolet","Driver",39,1
"Racing",2021,"Panini","Prizm","Gold Vinyl","Tommy Joe Martins","Gilreath Farms Red Angus | Tommy Joe Martins | Chevrolet","Driver",40,1
"Racing",2021,"Panini","Prizm","Gold Vinyl","Kody Vanderwal","Advanced Dairy Services | Jimmy Means Racing | Chevrolet","Driver",41,1
"Racing",2021,"Panini","Prizm","Gold Vinyl","Erik Jones","U.S. Air Force | Richard Petty Motorsports | Chevrolet","Driver",42,1
"Racing",2021,"Panini","Prizm","Gold Vinyl","Ricky Stenhouse Jr","Kroger | JTG Daugherty Racing | Chevrolet","Driver",43,1
"Racing",2021,"Panini","Prizm","Gold Vinyl","Austin Cindric","CarShop | Team Penske | Ford","Driver",44,1
"Racing",2021,"Panini","Prizm","Gold Vinyl","Jesse Love","NAPA Power Premium Plus | Bill McAnally Racing | Toyota","Driver",45,1
"Racing",2021,"Panini","Prizm","Gold Vinyl","Noah Gragson","Bass Pro Shops | JR Motorsports | Chevrolet","Driver",46,1
"Racing",2021,"Panini","Prizm","Gold Vinyl","Aric Almirola","Smithfield Foods | Stewart-Haas Racing | Ford","Driver",47,1
"Racing",2021,"Panini","Prizm","Gold Vinyl","Justin Allgaier","Brandt | JR Motorsports | Chevrolet","Driver",48,1
"Racing",2021,"Panini","Prizm","Gold Vinyl","Cole Custer","Haas Automation | Stewart-Haas Racing | Ford","Driver",49,1
"Racing",2021,"Panini","Prizm","Gold Vinyl","Harrison Burton","DEX Imaging | Joe Gibbs Racing | Toyota","Driver",50,1
"Racing",2021,"Panini","Prizm","Gold Vinyl","Ryan Vargas","MaintenX | JD Motorsports | Chevrolet","Driver",51,1
"Racing",2021,"Panini","Prizm","Gold Vinyl","Bubba Wallace","DoorDash | 23XI Racing | Toyota","Driver",52,1
"Racing",2021,"Panini","Prizm","Gold Vinyl","John Hunter Nemechek","Fire Alarm Services | NEMCO Motorsports | Ford","Driver",53,1
"Racing",2021,"Panini","Prizm","Gold Vinyl","William Byron","AXALTA | Hendrick Motorsports | Chevrolet","Driver",54,1
"Racing",2021,"Panini","Prizm","Gold Vinyl","Michael Annett","Pilot Flying J | JR Motorsports | Chevrolet","Driver",55,1
"Racing",2021,"Panini","Prizm","Gold Vinyl","Sheldon Creed","Chevy Accessories | GMS Racing | Chevrolet","Driver",56,1
"Racing",2021,"Panini","Prizm","Gold Vinyl","Michael McDowell","FR8 Auctions | Front Row Motorsports | Ford","Driver",57,1
"Racing",2021,"Panini","Prizm","Gold Vinyl","Mason Massey","Marty Massey Towing & Recovery | B.J. McLeod Motorsports | Toyota","Driver",58,1
"Racing",2021,"Panini","Prizm","Gold Vinyl","Ty Gibbs","Interstate Batteries | Joe Gibbs Racing | Toyota","Driver",59,1
"Racing",2021,"Panini","Prizm","Gold Vinyl","Natalie Decker","Red Street Records | Our Motorsports | Chevrolet","Driver",60,1
"Racing",2021,"Panini","Prizm","Gold Vinyl Signatures","Tyler Reddick","Caterpillar | Richard Childress Racing | Chevrolet","Driver",1,1
"Racing",2021,"Panini","Prizm","Gold Vinyl Signatures","Martin Truex Jr.","Bass Pro Shops | Joe Gibbs Racing | Toyota","Driver",2,1
"Racing",2021,"Panini","Prizm","Gold Vinyl Signatures","Kyle Weatherman","Wolfpack Racing | Mike Harmon Racing | Chevrolet","Driver",3,1
"Racing",2021,"Panini","Prizm","Gold Vinyl Signatures","Kyle Larson","Hendrickcars.com | Hendrick Motorsports | Chevrolet","Driver",4,1
"Racing",2021,"Panini","Prizm","Gold Vinyl Signatures","Alex Bowman","Ally Financial | Hendrick Motorsports | Chevrolet","Driver",5,1
"Racing",2021,"Panini","Prizm","Gold Vinyl Signatures","Bayley Currey ","Belmont Classic Cars | Rick Ware Racing | Chevrolet","Driver",6,1
"Racing",2021,"Panini","Prizm","Gold Vinyl Signatures","Chase Elliott","NAPA Auto Parts | Hendrick Motorsports | Chevrolet","Driver",7,1
"Racing",2021,"Panini","Prizm","Gold Vinyl Signatures","Christopher Bell","Rheem | Joe Gibbs Racing | Toyota","Driver",8,1
"Racing",2021,"Panini","Prizm","Gold Vinyl Signatures","Raphael Lessard","Canac | GMS Racing | Chevrolet","Driver",9,1
"Racing",2021,"Panini","Prizm","Gold Vinyl Signatures","Alex Labbe","Prolon | DGM Racing | Chevrolet","Driver",10,1
"Racing",2021,"Panini","Prizm","Gold Vinyl Signatures","Kyle Busch","M&M's | Joe Gibbs Racing | Toyota","Driver",11,1
"Racing",2021,"Panini","Prizm","Gold Vinyl Signatures","Drew Dollar","JBL | Kyle Busch Motorsports | Toyota","Driver",12,1
"Racing",2021,"Panini","Prizm","Gold Vinyl Signatures","Brandon Jones","Menards | Joe Gibbs Racing | Toyota","Driver",13,1
"Racing",2021,"Panini","Prizm","Gold Vinyl Signatures","Myatt Snider","TaxSlayer | Richard Childress Racing | Chevrolet","Driver",14,1
"Racing",2021,"Panini","Prizm","Gold Vinyl Signatures","Denny Hamlin","FedEx Express | Joe Gibbs Racing | Toyota","Driver",15,1
"Racing",2021,"Panini","Prizm","Gold Vinyl Signatures","Ryan Repko","Craftsman | Venturini Motorsports | Toyota","Driver",16,1
"Racing",2021,"Panini","Prizm","Gold Vinyl Signatures","Anthony Alfredo","Dude Wipes | Front Row Motorsports | Ford","Driver",17,1
"Racing",2021,"Panini","Prizm","Gold Vinyl Signatures","Brittney Zamora","Rackley Roofing | Toyota","Driver",18,1
"Racing",2021,"Panini","Prizm","Gold Vinyl Signatures","Daniel Suarez","Camping World | Trackhouse Racing | Chevrolet","Driver",19,1
"Racing",2021,"Panini","Prizm","Gold Vinyl Signatures","Josh Berry","Tire Pros | JR Motorsports | Chevrolet","Driver",20,1
"Racing",2021,"Panini","Prizm","Gold Vinyl Signatures","Daniel Hemric","Poppy Bank | Joe Gibbs Racing | Toyota","Driver",21,1
"Racing",2021,"Panini","Prizm","Gold Vinyl Signatures","Corey LaJoie","Schluter Systems | Spire Motorsports | Chevrolet","Driver",22,1
"Racing",2021,"Panini","Prizm","Gold Vinyl Signatures","Josh Williams","Alloy Employer Services | DGM Racing | Chevrolet","Driver",23,1
"Racing",2021,"Panini","Prizm","Gold Vinyl Signatures","Taylor Gray","Ford Performance | DGR-Crosley | Ford","Driver",24,1
"Racing",2021,"Panini","Prizm","Gold Vinyl Signatures","Austin Dillon","Bass Pro Shops | Richard Childress Racing | Chevrolet","Driver",25,1
"Racing",2021,"Panini","Prizm","Gold Vinyl Signatures","Kurt Busch","Monster Energy | Chip Ganassi Racing | Chevrolet","Driver",26,1
"Racing",2021,"Panini","Prizm","Gold Vinyl Signatures","Ryan Newman","Oscar Mayer | Roush Fenway Racing | Ford","Driver",28,1
"Racing",2021,"Panini","Prizm","Gold Vinyl Signatures","Kaz Grala","Hyper Ice | Kaulig Racing | Chevrolet","Driver",29,1
"Racing",2021,"Panini","Prizm","Gold Vinyl Signatures","Matt DiBenedetto","Motorcraft | Wood Brothers Racing | Ford","Driver",31,1
"Racing",2021,"Panini","Prizm","Gold Vinyl Signatures","Sam Mayer","JR Motorsports | JR Motorsports | Chevrolet","Driver",32,1
"Racing",2021,"Panini","Prizm","Gold Vinyl Signatures","Ryan Blaney","Menards | Team Penske | Ford","Driver",33,1
"Racing",2021,"Panini","Prizm","Gold Vinyl Signatures","Brad Keselowski","Money Lion | Team Penske | Ford","Driver",34,1
"Racing",2021,"Panini","Prizm","Gold Vinyl Signatures","Hailie Deegan","Monster Energy","Driver",35,1
"Racing",2021,"Panini","Prizm","Gold Vinyl Signatures","Kevin Harvick","Mobil 1 | Stewart-Haas Racing | Ford","Driver",36,1
"Racing",2021,"Panini","Prizm","Gold Vinyl Signatures","Chris Buescher","Fastenal | Roush Fenway Racing | Ford","Driver",37,1
"Racing",2021,"Panini","Prizm","Gold Vinyl Signatures","Joey Logano","Shell-Pennzoil | Team Penske | Ford","Driver",38,1
"Racing",2021,"Panini","Prizm","Gold Vinyl Signatures","Ross Chastain","Clover | Chip Ganassi Racing | Chevrolet","Driver",39,1
"Racing",2021,"Panini","Prizm","Gold Vinyl Signatures","Tommy Joe Martins","Gilreath Farms Red Angus | Tommy Joe Martins | Chevrolet","Driver",40,1
"Racing",2021,"Panini","Prizm","Gold Vinyl Signatures","Kody Vanderwal","Advanced Dairy Services | Jimmy Means Racing | Chevrolet","Driver",41,1
"Racing",2021,"Panini","Prizm","Gold Vinyl Signatures","Erik Jones","U.S. Air Force | Richard Petty Motorsports | Chevrolet","Driver",42,1
"Racing",2021,"Panini","Prizm","Gold Vinyl Signatures","Ricky Stenhouse Jr","Kroger | JTG Daugherty Racing | Chevrolet","Driver",43,1
"Racing",2021,"Panini","Prizm","Gold Vinyl Signatures","Austin Cindric","CarShop | Team Penske | Ford","Driver",44,1
"Racing",2021,"Panini","Prizm","Gold Vinyl Signatures","Jesse Love","NAPA Power Premium Plus | Bill McAnally Racing | Toyota","Driver",45,1
"Racing",2021,"Panini","Prizm","Gold Vinyl Signatures","Noah Gragson","Bass Pro Shops | JR Motorsports | Chevrolet","Driver",46,1
"Racing",2021,"Panini","Prizm","Gold Vinyl Signatures","Aric Almirola","Smithfield Foods | Stewart-Haas Racing | Ford","Driver",47,1
"Racing",2021,"Panini","Prizm","Gold Vinyl Signatures","Justin Allgaier","Brandt | JR Motorsports | Chevrolet","Driver",48,1
"Racing",2021,"Panini","Prizm","Gold Vinyl Signatures","Cole Custer","Haas Automation | Stewart-Haas Racing | Ford","Driver",49,1
"Racing",2021,"Panini","Prizm","Gold Vinyl Signatures","Harrison Burton","DEX Imaging | Joe Gibbs Racing | Toyota","Driver",50,1
"Racing",2021,"Panini","Prizm","Gold Vinyl Signatures","Ryan Vargas","MaintenX | JD Motorsports | Chevrolet","Driver",51,1
"Racing",2021,"Panini","Prizm","Gold Vinyl Signatures","Bubba Wallace","DoorDash | 23XI Racing | Toyota","Driver",52,1
"Racing",2021,"Panini","Prizm","Gold Vinyl Signatures","John Hunter Nemechek","Fire Alarm Services | NEMCO Motorsports | Ford","Driver",53,1
"Racing",2021,"Panini","Prizm","Gold Vinyl Signatures","William Byron","AXALTA | Hendrick Motorsports | Chevrolet","Driver",54,1
"Racing",2021,"Panini","Prizm","Gold Vinyl Signatures","Michael Annett","Pilot Flying J | JR Motorsports | Chevrolet","Driver",55,1
"Racing",2021,"Panini","Prizm","Gold Vinyl Signatures","Sheldon Creed","Chevy Accessories | GMS Racing | Chevrolet","Driver",56,1
"Racing",2021,"Panini","Prizm","Gold Vinyl Signatures","Michael McDowell","FR8 Auctions | Front Row Motorsports | Ford","Driver",57,1
"Racing",2021,"Panini","Prizm","Gold Vinyl Signatures","Mason Massey","Marty Massey Towing & Recovery | B.J. McLeod Motorsports | Toyota","Driver",58,1
"Racing",2021,"Panini","Prizm","Gold Vinyl Signatures","Ty Gibbs","Interstate Batteries | Joe Gibbs Racing | Toyota","Driver",59,1
"Racing",2021,"Panini","Prizm","Gold Vinyl Signatures","Natalie Decker","Red Street Records | Our Motorsports | Chevrolet","Driver",60,1
"Racing",2021,"Panini","Prizm","Heroes","Kurt Busch","Monster Energy | Chip Ganassi Racing | Chevrolet","Driver",1,
"Racing",2021,"Panini","Prizm","Heroes","Brad Keselowski","Discount Tire | Team Penske | Ford","Driver",2,
"Racing",2021,"Panini","Prizm","Heroes","Austin Dillon","Bass Pro Shops | Richard Childress Racing | Chevrolet","Driver",3,
"Racing",2021,"Panini","Prizm","Heroes","Alex Bowman","Ally Financial | Hendrick Motorsports | Chevrolet","Driver",4,
"Racing",2021,"Panini","Prizm","Heroes","Ryan Newman","Kohler Generators | Rousch Fenway Racing | Ford","Driver",5,
"Racing",2021,"Panini","Prizm","Heroes","Tyler Reddick","Lenovo | Richard Childress Racing | Chevrolet","Driver",6,
"Racing",2021,"Panini","Prizm","Heroes","Chase Elliott","NAPA Auto Parts | Hendrick Motorsports | Chevrolet","Driver",7,
"Racing",2021,"Panini","Prizm","Heroes","Aric Almirola","Smithfield Foods | Stewart-Haas Racing | Ford","Driver",8,
"Racing",2021,"Panini","Prizm","Heroes","Denny Hamlin","FedEx Express | Joe Gibbs Racing | Toyota","Driver",9,
"Racing",2021,"Panini","Prizm","Heroes","Ryan Blaney","Menards | Team Penske | Ford","Driver",10,
"Racing",2021,"Panini","Prizm","Heroes","Chase Briscoe","High Point | Stewart-Haas Racing | Ford","Driver",11,
"Racing",2021,"Panini","Prizm","Heroes","Chris Buescher","Fastenal | Roush Fenway Racing | Ford","Driver",12,
"Racing",2021,"Panini","Prizm","Heroes","Kyle Busch","M&M's | Joe Gibbs Racing | Toyota","Driver",13,
"Racing",2021,"Panini","Prizm","Heroes","Martin Truex Jr.","Bass Pro Shops | Joe Gibbs Racing | Toyota","Driver",14,
"Racing",2021,"Panini","Prizm","Heroes","Christopher Bell","DeWalt | Joe Gibbs Racing | Toyota","Driver",15,
"Racing",2021,"Panini","Prizm","Heroes","Joey Logano","Shell-Pennzoil | Team Penske | Ford","Driver",16,
"Racing",2021,"Panini","Prizm","Heroes","Bubba Wallace","DoorDash | 23XI Racing | Toyota","Driver",17,
"Racing",2021,"Panini","Prizm","Heroes","William Byron","AXALTA | Hendrick Motorsports | Chevrolet","Driver",18,
"Racing",2021,"Panini","Prizm","Heroes","Anthony Alfredo","SpeedyCash.com | Front Row Motorsports | Ford","Driver",19,
"Racing",2021,"Panini","Prizm","Heroes","Cole Custer","Haas Automation | Stewart-Haas Racing | Ford","Driver",20,
"Racing",2021,"Panini","Prizm","Heroes Black Prizm","Kurt Busch","Monster Energy | Chip Ganassi Racing | Chevrolet","Driver",1,1
"Racing",2021,"Panini","Prizm","Heroes Black Prizm","Brad Keselowski","Discount Tire | Team Penske | Ford","Driver",2,1
"Racing",2021,"Panini","Prizm","Heroes Black Prizm","Austin Dillon","Bass Pro Shops | Richard Childress Racing | Chevrolet","Driver",3,1
"Racing",2021,"Panini","Prizm","Heroes Black Prizm","Alex Bowman","Ally Financial | Hendrick Motorsports | Chevrolet","Driver",4,1
"Racing",2021,"Panini","Prizm","Heroes Black Prizm","Ryan Newman","Kohler Generators | Rousch Fenway Racing | Ford","Driver",5,1
"Racing",2021,"Panini","Prizm","Heroes Black Prizm","Tyler Reddick","Lenovo | Richard Childress Racing | Chevrolet","Driver",6,1
"Racing",2021,"Panini","Prizm","Heroes Black Prizm","Chase Elliott","NAPA Auto Parts | Hendrick Motorsports | Chevrolet","Driver",7,1
"Racing",2021,"Panini","Prizm","Heroes Black Prizm","Aric Almirola","Smithfield Foods | Stewart-Haas Racing | Ford","Driver",8,1
"Racing",2021,"Panini","Prizm","Heroes Black Prizm","Denny Hamlin","FedEx Express | Joe Gibbs Racing | Toyota","Driver",9,1
"Racing",2021,"Panini","Prizm","Heroes Black Prizm","Ryan Blaney","Menards | Team Penske | Ford","Driver",10,1
"Racing",2021,"Panini","Prizm","Heroes Black Prizm","Chase Briscoe","High Point | Stewart-Haas Racing | Ford","Driver",11,1
"Racing",2021,"Panini","Prizm","Heroes Black Prizm","Chris Buescher","Fastenal | Roush Fenway Racing | Ford","Driver",12,1
"Racing",2021,"Panini","Prizm","Heroes Black Prizm","Kyle Busch","M&M's | Joe Gibbs Racing | Toyota","Driver",13,1
"Racing",2021,"Panini","Prizm","Heroes Black Prizm","Martin Truex Jr.","Bass Pro Shops | Joe Gibbs Racing | Toyota","Driver",14,1
"Racing",2021,"Panini","Prizm","Heroes Black Prizm","Christopher Bell","DeWalt | Joe Gibbs Racing | Toyota","Driver",15,1
"Racing",2021,"Panini","Prizm","Heroes Black Prizm","Joey Logano","Shell-Pennzoil | Team Penske | Ford","Driver",16,1
"Racing",2021,"Panini","Prizm","Heroes Black Prizm","Bubba Wallace","DoorDash | 23XI Racing | Toyota","Driver",17,1
"Racing",2021,"Panini","Prizm","Heroes Black Prizm","William Byron","AXALTA | Hendrick Motorsports | Chevrolet","Driver",18,1
"Racing",2021,"Panini","Prizm","Heroes Black Prizm","Anthony Alfredo","SpeedyCash.com | Front Row Motorsports | Ford","Driver",19,1
"Racing",2021,"Panini","Prizm","Heroes Black Prizm","Cole Custer","Haas Automation | Stewart-Haas Racing | Ford","Driver",20,1
"Racing",2021,"Panini","Prizm","Heroes Gold Prizm","Kurt Busch","Monster Energy | Chip Ganassi Racing | Chevrolet","Driver",1,10
"Racing",2021,"Panini","Prizm","Heroes Gold Prizm","Brad Keselowski","Discount Tire | Team Penske | Ford","Driver",2,10
"Racing",2021,"Panini","Prizm","Heroes Gold Prizm","Austin Dillon","Bass Pro Shops | Richard Childress Racing | Chevrolet","Driver",3,10
"Racing",2021,"Panini","Prizm","Heroes Gold Prizm","Alex Bowman","Ally Financial | Hendrick Motorsports | Chevrolet","Driver",4,10
"Racing",2021,"Panini","Prizm","Heroes Gold Prizm","Ryan Newman","Kohler Generators | Rousch Fenway Racing | Ford","Driver",5,10
"Racing",2021,"Panini","Prizm","Heroes Gold Prizm","Tyler Reddick","Lenovo | Richard Childress Racing | Chevrolet","Driver",6,10
"Racing",2021,"Panini","Prizm","Heroes Gold Prizm","Chase Elliott","NAPA Auto Parts | Hendrick Motorsports | Chevrolet","Driver",7,10
"Racing",2021,"Panini","Prizm","Heroes Gold Prizm","Aric Almirola","Smithfield Foods | Stewart-Haas Racing | Ford","Driver",8,10
"Racing",2021,"Panini","Prizm","Heroes Gold Prizm","Denny Hamlin","FedEx Express | Joe Gibbs Racing | Toyota","Driver",9,10
"Racing",2021,"Panini","Prizm","Heroes Gold Prizm","Ryan Blaney","Menards | Team Penske | Ford","Driver",10,10
"Racing",2021,"Panini","Prizm","Heroes Gold Prizm","Chase Briscoe","High Point | Stewart-Haas Racing | Ford","Driver",11,10
"Racing",2021,"Panini","Prizm","Heroes Gold Prizm","Chris Buescher","Fastenal | Roush Fenway Racing | Ford","Driver",12,10
"Racing",2021,"Panini","Prizm","Heroes Gold Prizm","Kyle Busch","M&M's | Joe Gibbs Racing | Toyota","Driver",13,10
"Racing",2021,"Panini","Prizm","Heroes Gold Prizm","Martin Truex Jr.","Bass Pro Shops | Joe Gibbs Racing | Toyota","Driver",14,10
"Racing",2021,"Panini","Prizm","Heroes Gold Prizm","Christopher Bell","DeWalt | Joe Gibbs Racing | Toyota","Driver",15,10
"Racing",2021,"Panini","Prizm","Heroes Gold Prizm","Joey Logano","Shell-Pennzoil | Team Penske | Ford","Driver",16,10
"Racing",2021,"Panini","Prizm","Heroes Gold Prizm","Bubba Wallace","DoorDash | 23XI Racing | Toyota","Driver",17,10
"Racing",2021,"Panini","Prizm","Heroes Gold Prizm","William Byron","AXALTA | Hendrick Motorsports | Chevrolet","Driver",18,10
"Racing",2021,"Panini","Prizm","Heroes Gold Prizm","Anthony Alfredo","SpeedyCash.com | Front Row Motorsports | Ford","Driver",19,10
"Racing",2021,"Panini","Prizm","Heroes Gold Prizm","Cole Custer","Haas Automation | Stewart-Haas Racing | Ford","Driver",20,10
"Racing",2021,"Panini","Prizm","Heroes Gold Vinyl","Kurt Busch","Monster Energy | Chip Ganassi Racing | Chevrolet","Driver",1,1
"Racing",2021,"Panini","Prizm","Heroes Gold Vinyl","Brad Keselowski","Discount Tire | Team Penske | Ford","Driver",2,1
"Racing",2021,"Panini","Prizm","Heroes Gold Vinyl","Austin Dillon","Bass Pro Shops | Richard Childress Racing | Chevrolet","Driver",3,1
"Racing",2021,"Panini","Prizm","Heroes Gold Vinyl","Alex Bowman","Ally Financial | Hendrick Motorsports | Chevrolet","Driver",4,1
"Racing",2021,"Panini","Prizm","Heroes Gold Vinyl","Ryan Newman","Kohler Generators | Rousch Fenway Racing | Ford","Driver",5,1
"Racing",2021,"Panini","Prizm","Heroes Gold Vinyl","Tyler Reddick","Lenovo | Richard Childress Racing | Chevrolet","Driver",6,1
"Racing",2021,"Panini","Prizm","Heroes Gold Vinyl","Chase Elliott","NAPA Auto Parts | Hendrick Motorsports | Chevrolet","Driver",7,1
"Racing",2021,"Panini","Prizm","Heroes Gold Vinyl","Aric Almirola","Smithfield Foods | Stewart-Haas Racing | Ford","Driver",8,1
"Racing",2021,"Panini","Prizm","Heroes Gold Vinyl","Denny Hamlin","FedEx Express | Joe Gibbs Racing | Toyota","Driver",9,1
"Racing",2021,"Panini","Prizm","Heroes Gold Vinyl","Ryan Blaney","Menards | Team Penske | Ford","Driver",10,1
"Racing",2021,"Panini","Prizm","Heroes Gold Vinyl","Chase Briscoe","High Point | Stewart-Haas Racing | Ford","Driver",11,1
"Racing",2021,"Panini","Prizm","Heroes Gold Vinyl","Chris Buescher","Fastenal | Roush Fenway Racing | Ford","Driver",12,1
"Racing",2021,"Panini","Prizm","Heroes Gold Vinyl","Kyle Busch","M&M's | Joe Gibbs Racing | Toyota","Driver",13,1
"Racing",2021,"Panini","Prizm","Heroes Gold Vinyl","Martin Truex Jr.","Bass Pro Shops | Joe Gibbs Racing | Toyota","Driver",14,1
"Racing",2021,"Panini","Prizm","Heroes Gold Vinyl","Christopher Bell","DeWalt | Joe Gibbs Racing | Toyota","Driver",15,1
"Racing",2021,"Panini","Prizm","Heroes Gold Vinyl","Joey Logano","Shell-Pennzoil | Team Penske | Ford","Driver",16,1
"Racing",2021,"Panini","Prizm","Heroes Gold Vinyl","Bubba Wallace","DoorDash | 23XI Racing | Toyota","Driver",17,1
"Racing",2021,"Panini","Prizm","Heroes Gold Vinyl","William Byron","AXALTA | Hendrick Motorsports | Chevrolet","Driver",18,1
"Racing",2021,"Panini","Prizm","Heroes Gold Vinyl","Anthony Alfredo","SpeedyCash.com | Front Row Motorsports | Ford","Driver",19,1
"Racing",2021,"Panini","Prizm","Heroes Gold Vinyl","Cole Custer","Haas Automation | Stewart-Haas Racing | Ford","Driver",20,1
"Racing",2021,"Panini","Prizm","Heroes Prizm","Kurt Busch","Monster Energy | Chip Ganassi Racing | Chevrolet","Driver",1,
"Racing",2021,"Panini","Prizm","Heroes Prizm","Brad Keselowski","Discount Tire | Team Penske | Ford","Driver",2,
"Racing",2021,"Panini","Prizm","Heroes Prizm","Austin Dillon","Bass Pro Shops | Richard Childress Racing | Chevrolet","Driver",3,
"Racing",2021,"Panini","Prizm","Heroes Prizm","Alex Bowman","Ally Financial | Hendrick Motorsports | Chevrolet","Driver",4,
"Racing",2021,"Panini","Prizm","Heroes Prizm","Ryan Newman","Kohler Generators | Rousch Fenway Racing | Ford","Driver",5,
"Racing",2021,"Panini","Prizm","Heroes Prizm","Tyler Reddick","Lenovo | Richard Childress Racing | Chevrolet","Driver",6,
"Racing",2021,"Panini","Prizm","Heroes Prizm","Chase Elliott","NAPA Auto Parts | Hendrick Motorsports | Chevrolet","Driver",7,
"Racing",2021,"Panini","Prizm","Heroes Prizm","Aric Almirola","Smithfield Foods | Stewart-Haas Racing | Ford","Driver",8,
"Racing",2021,"Panini","Prizm","Heroes Prizm","Denny Hamlin","FedEx Express | Joe Gibbs Racing | Toyota","Driver",9,
"Racing",2021,"Panini","Prizm","Heroes Prizm","Ryan Blaney","Menards | Team Penske | Ford","Driver",10,
"Racing",2021,"Panini","Prizm","Heroes Prizm","Chase Briscoe","High Point | Stewart-Haas Racing | Ford","Driver",11,
"Racing",2021,"Panini","Prizm","Heroes Prizm","Chris Buescher","Fastenal | Roush Fenway Racing | Ford","Driver",12,
"Racing",2021,"Panini","Prizm","Heroes Prizm","Kyle Busch","M&M's | Joe Gibbs Racing | Toyota","Driver",13,
"Racing",2021,"Panini","Prizm","Heroes Prizm","Martin Truex Jr.","Bass Pro Shops | Joe Gibbs Racing | Toyota","Driver",14,
"Racing",2021,"Panini","Prizm","Heroes Prizm","Christopher Bell","DeWalt | Joe Gibbs Racing | Toyota","Driver",15,
"Racing",2021,"Panini","Prizm","Heroes Prizm","Joey Logano","Shell-Pennzoil | Team Penske | Ford","Driver",16,
"Racing",2021,"Panini","Prizm","Heroes Prizm","Bubba Wallace","DoorDash | 23XI Racing | Toyota","Driver",17,
"Racing",2021,"Panini","Prizm","Heroes Prizm","William Byron","AXALTA | Hendrick Motorsports | Chevrolet","Driver",18,
"Racing",2021,"Panini","Prizm","Heroes Prizm","Anthony Alfredo","SpeedyCash.com | Front Row Motorsports | Ford","Driver",19,
"Racing",2021,"Panini","Prizm","Heroes Prizm","Cole Custer","Haas Automation | Stewart-Haas Racing | Ford","Driver",20,
"Racing",2021,"Panini","Prizm","Hyper Prizm Blue and Carolina Blue","Tyler Reddick","Caterpillar | Richard Childress Racing | Chevrolet","Driver",1,
"Racing",2021,"Panini","Prizm","Hyper Prizm Blue and Carolina Blue","Martin Truex Jr.","Bass Pro Shops | Joe Gibbs Racing | Toyota","Driver",2,
"Racing",2021,"Panini","Prizm","Hyper Prizm Blue and Carolina Blue","Kyle Weatherman","Wolfpack Racing | Mike Harmon Racing | Chevrolet","Driver",3,
"Racing",2021,"Panini","Prizm","Hyper Prizm Blue and Carolina Blue","Kyle Larson","Hendrickcars.com | Hendrick Motorsports | Chevrolet","Driver",4,
"Racing",2021,"Panini","Prizm","Hyper Prizm Blue and Carolina Blue","Alex Bowman","Ally Financial | Hendrick Motorsports | Chevrolet","Driver",5,
"Racing",2021,"Panini","Prizm","Hyper Prizm Blue and Carolina Blue","Bayley Currey ","Belmont Classic Cars | Rick Ware Racing | Chevrolet","Driver",6,
"Racing",2021,"Panini","Prizm","Hyper Prizm Blue and Carolina Blue","Chase Elliott","NAPA Auto Parts | Hendrick Motorsports | Chevrolet","Driver",7,
"Racing",2021,"Panini","Prizm","Hyper Prizm Blue and Carolina Blue","Christopher Bell","Rheem | Joe Gibbs Racing | Toyota","Driver",8,
"Racing",2021,"Panini","Prizm","Hyper Prizm Blue and Carolina Blue","Raphael Lessard","Canac | GMS Racing | Chevrolet","Driver",9,
"Racing",2021,"Panini","Prizm","Hyper Prizm Blue and Carolina Blue","Alex Labbe","Prolon | DGM Racing | Chevrolet","Driver",10,
"Racing",2021,"Panini","Prizm","Hyper Prizm Blue and Carolina Blue","Kyle Busch","M&M's | Joe Gibbs Racing | Toyota","Driver",11,
"Racing",2021,"Panini","Prizm","Hyper Prizm Blue and Carolina Blue","Drew Dollar","JBL | Kyle Busch Motorsports | Toyota","Driver",12,
"Racing",2021,"Panini","Prizm","Hyper Prizm Blue and Carolina Blue","Brandon Jones","Menards | Joe Gibbs Racing | Toyota","Driver",13,
"Racing",2021,"Panini","Prizm","Hyper Prizm Blue and Carolina Blue","Myatt Snider","TaxSlayer | Richard Childress Racing | Chevrolet","Driver",14,
"Racing",2021,"Panini","Prizm","Hyper Prizm Blue and Carolina Blue","Denny Hamlin","FedEx Express | Joe Gibbs Racing | Toyota","Driver",15,
"Racing",2021,"Panini","Prizm","Hyper Prizm Blue and Carolina Blue","Ryan Repko","Craftsman | Venturini Motorsports | Toyota","Driver",16,
"Racing",2021,"Panini","Prizm","Hyper Prizm Blue and Carolina Blue","Anthony Alfredo","Dude Wipes | Front Row Motorsports | Ford","Driver",17,
"Racing",2021,"Panini","Prizm","Hyper Prizm Blue and Carolina Blue","Brittney Zamora","Rackley Roofing | Toyota","Driver",18,
"Racing",2021,"Panini","Prizm","Hyper Prizm Blue and Carolina Blue","Daniel Suarez","Camping World | Trackhouse Racing | Chevrolet","Driver",19,
"Racing",2021,"Panini","Prizm","Hyper Prizm Blue and Carolina Blue","Josh Berry","Tire Pros | JR Motorsports | Chevrolet","Driver",20,
"Racing",2021,"Panini","Prizm","Hyper Prizm Blue and Carolina Blue","Daniel Hemric","Poppy Bank | Joe Gibbs Racing | Toyota","Driver",21,
"Racing",2021,"Panini","Prizm","Hyper Prizm Blue and Carolina Blue","Corey LaJoie","Schluter Systems | Spire Motorsports | Chevrolet","Driver",22,
"Racing",2021,"Panini","Prizm","Hyper Prizm Blue and Carolina Blue","Josh Williams","Alloy Employer Services | DGM Racing | Chevrolet","Driver",23,
"Racing",2021,"Panini","Prizm","Hyper Prizm Blue and Carolina Blue","Taylor Gray","Ford Performance | DGR-Crosley | Ford","Driver",24,
"Racing",2021,"Panini","Prizm","Hyper Prizm Blue and Carolina Blue","Austin Dillon","Bass Pro Shops | Richard Childress Racing | Chevrolet","Driver",25,
"Racing",2021,"Panini","Prizm","Hyper Prizm Blue and Carolina Blue","Kurt Busch","Monster Energy | Chip Ganassi Racing | Chevrolet","Driver",26,
"Racing",2021,"Panini","Prizm","Hyper Prizm Blue and Carolina Blue","Chase Briscoe","Ford Performance | Stewart-Haas Racing | Ford","Driver",27,
"Racing",2021,"Panini","Prizm","Hyper Prizm Blue and Carolina Blue","Ryan Newman","Oscar Mayer | Roush Fenway Racing | Ford","Driver",28,
"Racing",2021,"Panini","Prizm","Hyper Prizm Blue and Carolina Blue","Kaz Grala","Hyper Ice | Kaulig Racing | Chevrolet","Driver",29,
"Racing",2021,"Panini","Prizm","Hyper Prizm Blue and Carolina Blue","Chandler Smith","Safelite Auto Glass | Kyle Busch Motorsports | Toyota","Driver",30,
"Racing",2021,"Panini","Prizm","Hyper Prizm Blue and Carolina Blue","Matt DiBenedetto","Motorcraft | Wood Brothers Racing | Ford","Driver",31,
"Racing",2021,"Panini","Prizm","Hyper Prizm Blue and Carolina Blue","Sam Mayer","JR Motorsports | JR Motorsports | Chevrolet","Driver",32,
"Racing",2021,"Panini","Prizm","Hyper Prizm Blue and Carolina Blue","Ryan Blaney","Menards | Team Penske | Ford","Driver",33,
"Racing",2021,"Panini","Prizm","Hyper Prizm Blue and Carolina Blue","Brad Keselowski","Money Lion | Team Penske | Ford","Driver",34,
"Racing",2021,"Panini","Prizm","Hyper Prizm Blue and Carolina Blue","Hailie Deegan","Monster Energy","Driver",35,
"Racing",2021,"Panini","Prizm","Hyper Prizm Blue and Carolina Blue","Kevin Harvick","Mobil 1 | Stewart-Haas Racing | Ford","Driver",36,
"Racing",2021,"Panini","Prizm","Hyper Prizm Blue and Carolina Blue","Chris Buescher","Fastenal | Roush Fenway Racing | Ford","Driver",37,
"Racing",2021,"Panini","Prizm","Hyper Prizm Blue and Carolina Blue","Joey Logano","Shell-Pennzoil | Team Penske | Ford","Driver",38,
"Racing",2021,"Panini","Prizm","Hyper Prizm Blue and Carolina Blue","Ross Chastain","Clover | Chip Ganassi Racing | Chevrolet","Driver",39,
"Racing",2021,"Panini","Prizm","Hyper Prizm Blue and Carolina Blue","Tommy Joe Martins","Gilreath Farms Red Angus | Tommy Joe Martins | Chevrolet","Driver",40,
"Racing",2021,"Panini","Prizm","Hyper Prizm Blue and Carolina Blue","Kody Vanderwal","Advanced Dairy Services | Jimmy Means Racing | Chevrolet","Driver",41,
"Racing",2021,"Panini","Prizm","Hyper Prizm Blue and Carolina Blue","Erik Jones","U.S. Air Force | Richard Petty Motorsports | Chevrolet","Driver",42,
"Racing",2021,"Panini","Prizm","Hyper Prizm Blue and Carolina Blue","Ricky Stenhouse Jr","Kroger | JTG Daugherty Racing | Chevrolet","Driver",43,
"Racing",2021,"Panini","Prizm","Hyper Prizm Blue and Carolina Blue","Austin Cindric","CarShop | Team Penske | Ford","Driver",44,
"Racing",2021,"Panini","Prizm","Hyper Prizm Blue and Carolina Blue","Jesse Love","NAPA Power Premium Plus | Bill McAnally Racing | Toyota","Driver",45,
"Racing",2021,"Panini","Prizm","Hyper Prizm Blue and Carolina Blue","Noah Gragson","Bass Pro Shops | JR Motorsports | Chevrolet","Driver",46,
"Racing",2021,"Panini","Prizm","Hyper Prizm Blue and Carolina Blue","Aric Almirola","Smithfield Foods | Stewart-Haas Racing | Ford","Driver",47,
"Racing",2021,"Panini","Prizm","Hyper Prizm Blue and Carolina Blue","Justin Allgaier","Brandt | JR Motorsports | Chevrolet","Driver",48,
"Racing",2021,"Panini","Prizm","Hyper Prizm Blue and Carolina Blue","Cole Custer","Haas Automation | Stewart-Haas Racing | Ford","Driver",49,
"Racing",2021,"Panini","Prizm","Hyper Prizm Blue and Carolina Blue","Harrison Burton","DEX Imaging | Joe Gibbs Racing | Toyota","Driver",50,
"Racing",2021,"Panini","Prizm","Hyper Prizm Blue and Carolina Blue","Ryan Vargas","MaintenX | JD Motorsports | Chevrolet","Driver",51,
"Racing",2021,"Panini","Prizm","Hyper Prizm Blue and Carolina Blue","Bubba Wallace","DoorDash | 23XI Racing | Toyota","Driver",52,
"Racing",2021,"Panini","Prizm","Hyper Prizm Blue and Carolina Blue","John Hunter Nemechek","Fire Alarm Services | NEMCO Motorsports | Ford","Driver",53,
"Racing",2021,"Panini","Prizm","Hyper Prizm Blue and Carolina Blue","William Byron","AXALTA | Hendrick Motorsports | Chevrolet","Driver",54,
"Racing",2021,"Panini","Prizm","Hyper Prizm Blue and Carolina Blue","Michael Annett","Pilot Flying J | JR Motorsports | Chevrolet","Driver",55,
"Racing",2021,"Panini","Prizm","Hyper Prizm Blue and Carolina Blue","Sheldon Creed","Chevy Accessories | GMS Racing | Chevrolet","Driver",56,
"Racing",2021,"Panini","Prizm","Hyper Prizm Blue and Carolina Blue","Michael McDowell","FR8 Auctions | Front Row Motorsports | Ford","Driver",57,
"Racing",2021,"Panini","Prizm","Hyper Prizm Blue and Carolina Blue","Mason Massey","Marty Massey Towing & Recovery | B.J. McLeod Motorsports | Toyota","Driver",58,
"Racing",2021,"Panini","Prizm","Hyper Prizm Blue and Carolina Blue","Ty Gibbs","Interstate Batteries | Joe Gibbs Racing | Toyota","Driver",59,
"Racing",2021,"Panini","Prizm","Hyper Prizm Blue and Carolina Blue","Natalie Decker","Red Street Records | Our Motorsports | Chevrolet","Driver",60,
"Racing",2021,"Panini","Prizm","Hyper Prizm Green and Yellow","Tyler Reddick","Caterpillar | Richard Childress Racing | Chevrolet","Driver",1,
"Racing",2021,"Panini","Prizm","Hyper Prizm Green and Yellow","Martin Truex Jr.","Bass Pro Shops | Joe Gibbs Racing | Toyota","Driver",2,
"Racing",2021,"Panini","Prizm","Hyper Prizm Green and Yellow","Kyle Weatherman","Wolfpack Racing | Mike Harmon Racing | Chevrolet","Driver",3,
"Racing",2021,"Panini","Prizm","Hyper Prizm Green and Yellow","Kyle Larson","Hendrickcars.com | Hendrick Motorsports | Chevrolet","Driver",4,
"Racing",2021,"Panini","Prizm","Hyper Prizm Green and Yellow","Alex Bowman","Ally Financial | Hendrick Motorsports | Chevrolet","Driver",5,
"Racing",2021,"Panini","Prizm","Hyper Prizm Green and Yellow","Bayley Currey ","Belmont Classic Cars | Rick Ware Racing | Chevrolet","Driver",6,
"Racing",2021,"Panini","Prizm","Hyper Prizm Green and Yellow","Chase Elliott","NAPA Auto Parts | Hendrick Motorsports | Chevrolet","Driver",7,
"Racing",2021,"Panini","Prizm","Hyper Prizm Green and Yellow","Christopher Bell","Rheem | Joe Gibbs Racing | Toyota","Driver",8,
"Racing",2021,"Panini","Prizm","Hyper Prizm Green and Yellow","Raphael Lessard","Canac | GMS Racing | Chevrolet","Driver",9,
"Racing",2021,"Panini","Prizm","Hyper Prizm Green and Yellow","Alex Labbe","Prolon | DGM Racing | Chevrolet","Driver",10,
"Racing",2021,"Panini","Prizm","Hyper Prizm Green and Yellow","Kyle Busch","M&M's | Joe Gibbs Racing | Toyota","Driver",11,
"Racing",2021,"Panini","Prizm","Hyper Prizm Green and Yellow","Drew Dollar","JBL | Kyle Busch Motorsports | Toyota","Driver",12,
"Racing",2021,"Panini","Prizm","Hyper Prizm Green and Yellow","Brandon Jones","Menards | Joe Gibbs Racing | Toyota","Driver",13,
"Racing",2021,"Panini","Prizm","Hyper Prizm Green and Yellow","Myatt Snider","TaxSlayer | Richard Childress Racing | Chevrolet","Driver",14,
"Racing",2021,"Panini","Prizm","Hyper Prizm Green and Yellow","Denny Hamlin","FedEx Express | Joe Gibbs Racing | Toyota","Driver",15,
"Racing",2021,"Panini","Prizm","Hyper Prizm Green and Yellow","Ryan Repko","Craftsman | Venturini Motorsports | Toyota","Driver",16,
"Racing",2021,"Panini","Prizm","Hyper Prizm Green and Yellow","Anthony Alfredo","Dude Wipes | Front Row Motorsports | Ford","Driver",17,
"Racing",2021,"Panini","Prizm","Hyper Prizm Green and Yellow","Brittney Zamora","Rackley Roofing | Toyota","Driver",18,
"Racing",2021,"Panini","Prizm","Hyper Prizm Green and Yellow","Daniel Suarez","Camping World | Trackhouse Racing | Chevrolet","Driver",19,
"Racing",2021,"Panini","Prizm","Hyper Prizm Green and Yellow","Josh Berry","Tire Pros | JR Motorsports | Chevrolet","Driver",20,
"Racing",2021,"Panini","Prizm","Hyper Prizm Green and Yellow","Daniel Hemric","Poppy Bank | Joe Gibbs Racing | Toyota","Driver",21,
"Racing",2021,"Panini","Prizm","Hyper Prizm Green and Yellow","Corey LaJoie","Schluter Systems | Spire Motorsports | Chevrolet","Driver",22,
"Racing",2021,"Panini","Prizm","Hyper Prizm Green and Yellow","Josh Williams","Alloy Employer Services | DGM Racing | Chevrolet","Driver",23,
"Racing",2021,"Panini","Prizm","Hyper Prizm Green and Yellow","Taylor Gray","Ford Performance | DGR-Crosley | Ford","Driver",24,
"Racing",2021,"Panini","Prizm","Hyper Prizm Green and Yellow","Austin Dillon","Bass Pro Shops | Richard Childress Racing | Chevrolet","Driver",25,
"Racing",2021,"Panini","Prizm","Hyper Prizm Green and Yellow","Kurt Busch","Monster Energy | Chip Ganassi Racing | Chevrolet","Driver",26,
"Racing",2021,"Panini","Prizm","Hyper Prizm Green and Yellow","Chase Briscoe","Ford Performance | Stewart-Haas Racing | Ford","Driver",27,
"Racing",2021,"Panini","Prizm","Hyper Prizm Green and Yellow","Ryan Newman","Oscar Mayer | Roush Fenway Racing | Ford","Driver",28,
"Racing",2021,"Panini","Prizm","Hyper Prizm Green and Yellow","Kaz Grala","Hyper Ice | Kaulig Racing | Chevrolet","Driver",29,
"Racing",2021,"Panini","Prizm","Hyper Prizm Green and Yellow","Chandler Smith","Safelite Auto Glass | Kyle Busch Motorsports | Toyota","Driver",30,
"Racing",2021,"Panini","Prizm","Hyper Prizm Green and Yellow","Matt DiBenedetto","Motorcraft | Wood Brothers Racing | Ford","Driver",31,
"Racing",2021,"Panini","Prizm","Hyper Prizm Green and Yellow","Sam Mayer","JR Motorsports | JR Motorsports | Chevrolet","Driver",32,
"Racing",2021,"Panini","Prizm","Hyper Prizm Green and Yellow","Ryan Blaney","Menards | Team Penske | Ford","Driver",33,
"Racing",2021,"Panini","Prizm","Hyper Prizm Green and Yellow","Brad Keselowski","Money Lion | Team Penske | Ford","Driver",34,
"Racing",2021,"Panini","Prizm","Hyper Prizm Green and Yellow","Hailie Deegan","Monster Energy","Driver",35,
"Racing",2021,"Panini","Prizm","Hyper Prizm Green and Yellow","Kevin Harvick","Mobil 1 | Stewart-Haas Racing | Ford","Driver",36,
"Racing",2021,"Panini","Prizm","Hyper Prizm Green and Yellow","Chris Buescher","Fastenal | Roush Fenway Racing | Ford","Driver",37,
"Racing",2021,"Panini","Prizm","Hyper Prizm Green and Yellow","Joey Logano","Shell-Pennzoil | Team Penske | Ford","Driver",38,
"Racing",2021,"Panini","Prizm","Hyper Prizm Green and Yellow","Ross Chastain","Clover | Chip Ganassi Racing | Chevrolet","Driver",39,
"Racing",2021,"Panini","Prizm","Hyper Prizm Green and Yellow","Tommy Joe Martins","Gilreath Farms Red Angus | Tommy Joe Martins | Chevrolet","Driver",40,
"Racing",2021,"Panini","Prizm","Hyper Prizm Green and Yellow","Kody Vanderwal","Advanced Dairy Services | Jimmy Means Racing | Chevrolet","Driver",41,
"Racing",2021,"Panini","Prizm","Hyper Prizm Green and Yellow","Erik Jones","U.S. Air Force | Richard Petty Motorsports | Chevrolet","Driver",42,
"Racing",2021,"Panini","Prizm","Hyper Prizm Green and Yellow","Ricky Stenhouse Jr","Kroger | JTG Daugherty Racing | Chevrolet","Driver",43,
"Racing",2021,"Panini","Prizm","Hyper Prizm Green and Yellow","Austin Cindric","CarShop | Team Penske | Ford","Driver",44,
"Racing",2021,"Panini","Prizm","Hyper Prizm Green and Yellow","Jesse Love","NAPA Power Premium Plus | Bill McAnally Racing | Toyota","Driver",45,
"Racing",2021,"Panini","Prizm","Hyper Prizm Green and Yellow","Noah Gragson","Bass Pro Shops | JR Motorsports | Chevrolet","Driver",46,
"Racing",2021,"Panini","Prizm","Hyper Prizm Green and Yellow","Aric Almirola","Smithfield Foods | Stewart-Haas Racing | Ford","Driver",47,
"Racing",2021,"Panini","Prizm","Hyper Prizm Green and Yellow","Justin Allgaier","Brandt | JR Motorsports | Chevrolet","Driver",48,
"Racing",2021,"Panini","Prizm","Hyper Prizm Green and Yellow","Cole Custer","Haas Automation | Stewart-Haas Racing | Ford","Driver",49,
"Racing",2021,"Panini","Prizm","Hyper Prizm Green and Yellow","Harrison Burton","DEX Imaging | Joe Gibbs Racing | Toyota","Driver",50,
"Racing",2021,"Panini","Prizm","Hyper Prizm Green and Yellow","Ryan Vargas","MaintenX | JD Motorsports | Chevrolet","Driver",51,
"Racing",2021,"Panini","Prizm","Hyper Prizm Green and Yellow","Bubba Wallace","DoorDash | 23XI Racing | Toyota","Driver",52,
"Racing",2021,"Panini","Prizm","Hyper Prizm Green and Yellow","John Hunter Nemechek","Fire Alarm Services | NEMCO Motorsports | Ford","Driver",53,
"Racing",2021,"Panini","Prizm","Hyper Prizm Green and Yellow","William Byron","AXALTA | Hendrick Motorsports | Chevrolet","Driver",54,
"Racing",2021,"Panini","Prizm","Hyper Prizm Green and Yellow","Michael Annett","Pilot Flying J | JR Motorsports | Chevrolet","Driver",55,
"Racing",2021,"Panini","Prizm","Hyper Prizm Green and Yellow","Sheldon Creed","Chevy Accessories | GMS Racing | Chevrolet","Driver",56,
"Racing",2021,"Panini","Prizm","Hyper Prizm Green and Yellow","Michael McDowell","FR8 Auctions | Front Row Motorsports | Ford","Driver",57,
"Racing",2021,"Panini","Prizm","Hyper Prizm Green and Yellow","Mason Massey","Marty Massey Towing & Recovery | B.J. McLeod Motorsports | Toyota","Driver",58,
"Racing",2021,"Panini","Prizm","Hyper Prizm Green and Yellow","Ty Gibbs","Interstate Batteries | Joe Gibbs Racing | Toyota","Driver",59,
"Racing",2021,"Panini","Prizm","Hyper Prizm Green and Yellow","Natalie Decker","Red Street Records | Our Motorsports | Chevrolet","Driver",60,
"Racing",2021,"Panini","Prizm","Hyper Prizm Red and Blue","Tyler Reddick","Caterpillar | Richard Childress Racing | Chevrolet","Driver",1,
"Racing",2021,"Panini","Prizm","Hyper Prizm Red and Blue","Martin Truex Jr.","Bass Pro Shops | Joe Gibbs Racing | Toyota","Driver",2,
"Racing",2021,"Panini","Prizm","Hyper Prizm Red and Blue","Kyle Weatherman","Wolfpack Racing | Mike Harmon Racing | Chevrolet","Driver",3,
"Racing",2021,"Panini","Prizm","Hyper Prizm Red and Blue","Kyle Larson","Hendrickcars.com | Hendrick Motorsports | Chevrolet","Driver",4,
"Racing",2021,"Panini","Prizm","Hyper Prizm Red and Blue","Alex Bowman","Ally Financial | Hendrick Motorsports | Chevrolet","Driver",5,
"Racing",2021,"Panini","Prizm","Hyper Prizm Red and Blue","Bayley Currey ","Belmont Classic Cars | Rick Ware Racing | Chevrolet","Driver",6,
"Racing",2021,"Panini","Prizm","Hyper Prizm Red and Blue","Chase Elliott","NAPA Auto Parts | Hendrick Motorsports | Chevrolet","Driver",7,
"Racing",2021,"Panini","Prizm","Hyper Prizm Red and Blue","Christopher Bell","Rheem | Joe Gibbs Racing | Toyota","Driver",8,
"Racing",2021,"Panini","Prizm","Hyper Prizm Red and Blue","Raphael Lessard","Canac | GMS Racing | Chevrolet","Driver",9,
"Racing",2021,"Panini","Prizm","Hyper Prizm Red and Blue","Alex Labbe","Prolon | DGM Racing | Chevrolet","Driver",10,
"Racing",2021,"Panini","Prizm","Hyper Prizm Red and Blue","Kyle Busch","M&M's | Joe Gibbs Racing | Toyota","Driver",11,
"Racing",2021,"Panini","Prizm","Hyper Prizm Red and Blue","Drew Dollar","JBL | Kyle Busch Motorsports | Toyota","Driver",12,
"Racing",2021,"Panini","Prizm","Hyper Prizm Red and Blue","Brandon Jones","Menards | Joe Gibbs Racing | Toyota","Driver",13,
"Racing",2021,"Panini","Prizm","Hyper Prizm Red and Blue","Myatt Snider","TaxSlayer | Richard Childress Racing | Chevrolet","Driver",14,
"Racing",2021,"Panini","Prizm","Hyper Prizm Red and Blue","Denny Hamlin","FedEx Express | Joe Gibbs Racing | Toyota","Driver",15,
"Racing",2021,"Panini","Prizm","Hyper Prizm Red and Blue","Ryan Repko","Craftsman | Venturini Motorsports | Toyota","Driver",16,
"Racing",2021,"Panini","Prizm","Hyper Prizm Red and Blue","Anthony Alfredo","Dude Wipes | Front Row Motorsports | Ford","Driver",17,
"Racing",2021,"Panini","Prizm","Hyper Prizm Red and Blue","Brittney Zamora","Rackley Roofing | Toyota","Driver",18,
"Racing",2021,"Panini","Prizm","Hyper Prizm Red and Blue","Daniel Suarez","Camping World | Trackhouse Racing | Chevrolet","Driver",19,
"Racing",2021,"Panini","Prizm","Hyper Prizm Red and Blue","Josh Berry","Tire Pros | JR Motorsports | Chevrolet","Driver",20,
"Racing",2021,"Panini","Prizm","Hyper Prizm Red and Blue","Daniel Hemric","Poppy Bank | Joe Gibbs Racing | Toyota","Driver",21,
"Racing",2021,"Panini","Prizm","Hyper Prizm Red and Blue","Corey LaJoie","Schluter Systems | Spire Motorsports | Chevrolet","Driver",22,
"Racing",2021,"Panini","Prizm","Hyper Prizm Red and Blue","Josh Williams","Alloy Employer Services | DGM Racing | Chevrolet","Driver",23,
"Racing",2021,"Panini","Prizm","Hyper Prizm Red and Blue","Taylor Gray","Ford Performance | DGR-Crosley | Ford","Driver",24,
"Racing",2021,"Panini","Prizm","Hyper Prizm Red and Blue","Austin Dillon","Bass Pro Shops | Richard Childress Racing | Chevrolet","Driver",25,
"Racing",2021,"Panini","Prizm","Hyper Prizm Red and Blue","Kurt Busch","Monster Energy | Chip Ganassi Racing | Chevrolet","Driver",26,
"Racing",2021,"Panini","Prizm","Hyper Prizm Red and Blue","Chase Briscoe","Ford Performance | Stewart-Haas Racing | Ford","Driver",27,
"Racing",2021,"Panini","Prizm","Hyper Prizm Red and Blue","Ryan Newman","Oscar Mayer | Roush Fenway Racing | Ford","Driver",28,
"Racing",2021,"Panini","Prizm","Hyper Prizm Red and Blue","Kaz Grala","Hyper Ice | Kaulig Racing | Chevrolet","Driver",29,
"Racing",2021,"Panini","Prizm","Hyper Prizm Red and Blue","Chandler Smith","Safelite Auto Glass | Kyle Busch Motorsports | Toyota","Driver",30,
"Racing",2021,"Panini","Prizm","Hyper Prizm Red and Blue","Matt DiBenedetto","Motorcraft | Wood Brothers Racing | Ford","Driver",31,
"Racing",2021,"Panini","Prizm","Hyper Prizm Red and Blue","Sam Mayer","JR Motorsports | JR Motorsports | Chevrolet","Driver",32,
"Racing",2021,"Panini","Prizm","Hyper Prizm Red and Blue","Ryan Blaney","Menards | Team Penske | Ford","Driver",33,
"Racing",2021,"Panini","Prizm","Hyper Prizm Red and Blue","Brad Keselowski","Money Lion | Team Penske | Ford","Driver",34,
"Racing",2021,"Panini","Prizm","Hyper Prizm Red and Blue","Hailie Deegan","Monster Energy","Driver",35,
"Racing",2021,"Panini","Prizm","Hyper Prizm Red and Blue","Kevin Harvick","Mobil 1 | Stewart-Haas Racing | Ford","Driver",36,
"Racing",2021,"Panini","Prizm","Hyper Prizm Red and Blue","Chris Buescher","Fastenal | Roush Fenway Racing | Ford","Driver",37,
"Racing",2021,"Panini","Prizm","Hyper Prizm Red and Blue","Joey Logano","Shell-Pennzoil | Team Penske | Ford","Driver",38,
"Racing",2021,"Panini","Prizm","Hyper Prizm Red and Blue","Ross Chastain","Clover | Chip Ganassi Racing | Chevrolet","Driver",39,
"Racing",2021,"Panini","Prizm","Hyper Prizm Red and Blue","Tommy Joe Martins","Gilreath Farms Red Angus | Tommy Joe Martins | Chevrolet","Driver",40,
"Racing",2021,"Panini","Prizm","Hyper Prizm Red and Blue","Kody Vanderwal","Advanced Dairy Services | Jimmy Means Racing | Chevrolet","Driver",41,
"Racing",2021,"Panini","Prizm","Hyper Prizm Red and Blue","Erik Jones","U.S. Air Force | Richard Petty Motorsports | Chevrolet","Driver",42,
"Racing",2021,"Panini","Prizm","Hyper Prizm Red and Blue","Ricky Stenhouse Jr","Kroger | JTG Daugherty Racing | Chevrolet","Driver",43,
"Racing",2021,"Panini","Prizm","Hyper Prizm Red and Blue","Austin Cindric","CarShop | Team Penske | Ford","Driver",44,
"Racing",2021,"Panini","Prizm","Hyper Prizm Red and Blue","Jesse Love","NAPA Power Premium Plus | Bill McAnally Racing | Toyota","Driver",45,
"Racing",2021,"Panini","Prizm","Hyper Prizm Red and Blue","Noah Gragson","Bass Pro Shops | JR Motorsports | Chevrolet","Driver",46,
"Racing",2021,"Panini","Prizm","Hyper Prizm Red and Blue","Aric Almirola","Smithfield Foods | Stewart-Haas Racing | Ford","Driver",47,
"Racing",2021,"Panini","Prizm","Hyper Prizm Red and Blue","Justin Allgaier","Brandt | JR Motorsports | Chevrolet","Driver",48,
"Racing",2021,"Panini","Prizm","Hyper Prizm Red and Blue","Cole Custer","Haas Automation | Stewart-Haas Racing | Ford","Driver",49,
"Racing",2021,"Panini","Prizm","Hyper Prizm Red and Blue","Harrison Burton","DEX Imaging | Joe Gibbs Racing | Toyota","Driver",50,
"Racing",2021,"Panini","Prizm","Hyper Prizm Red and Blue","Ryan Vargas","MaintenX | JD Motorsports | Chevrolet","Driver",51,
"Racing",2021,"Panini","Prizm","Hyper Prizm Red and Blue","Bubba Wallace","DoorDash | 23XI Racing | Toyota","Driver",52,
"Racing",2021,"Panini","Prizm","Hyper Prizm Red and Blue","John Hunter Nemechek","Fire Alarm Services | NEMCO Motorsports | Ford","Driver",53,
"Racing",2021,"Panini","Prizm","Hyper Prizm Red and Blue","William Byron","AXALTA | Hendrick Motorsports | Chevrolet","Driver",54,
"Racing",2021,"Panini","Prizm","Hyper Prizm Red and Blue","Michael Annett","Pilot Flying J | JR Motorsports | Chevrolet","Driver",55,
"Racing",2021,"Panini","Prizm","Hyper Prizm Red and Blue","Sheldon Creed","Chevy Accessories | GMS Racing | Chevrolet","Driver",56,
"Racing",2021,"Panini","Prizm","Hyper Prizm Red and Blue","Michael McDowell","FR8 Auctions | Front Row Motorsports | Ford","Driver",57,
"Racing",2021,"Panini","Prizm","Hyper Prizm Red and Blue","Mason Massey","Marty Massey Towing & Recovery | B.J. McLeod Motorsports | Toyota","Driver",58,
"Racing",2021,"Panini","Prizm","Hyper Prizm Red and Blue","Ty Gibbs","Interstate Batteries | Joe Gibbs Racing | Toyota","Driver",59,
"Racing",2021,"Panini","Prizm","Hyper Prizm Red and Blue","Natalie Decker","Red Street Records | Our Motorsports | Chevrolet","Driver",60,
"Racing",2021,"Panini","Prizm","Illumination","Kurt Busch","Monster Energy | Chip Ganassi Racing | Chevrolet","Driver",1,
"Racing",2021,"Panini","Prizm","Illumination","Joey Logano","Shell-Pennzoil | Team Penske | Ford","Driver",2,
"Racing",2021,"Panini","Prizm","Illumination","Austin Dillon","Bass Pro Shops | Richard Childress Racing | Chevrolet","Driver",3,
"Racing",2021,"Panini","Prizm","Illumination","Kyle Larson","NationsGuard | Hendrick Motorsports | Chevrolet","Driver",4,
"Racing",2021,"Panini","Prizm","Illumination","Ryan Newman","Oscar Mayer | Roush Fenway Racing | Ford","Driver",5,
"Racing",2021,"Panini","Prizm","Illumination","Chase Elliott","NAPA Auto Parts | Hendrick Motorsports | Chevrolet","Driver",6,
"Racing",2021,"Panini","Prizm","Illumination","Martin Truex Jr.","Bass Pro Shops | Joe Gibbs Racing | Toyota","Driver",7,
"Racing",2021,"Panini","Prizm","Illumination","Christopher Bell","Rheem | Joe Gibbs Racing | Toyota","Driver",8,
"Racing",2021,"Panini","Prizm","Illumination","Bubba Wallace","DoorDash | 23XI Racing | Toyota","Driver",9,
"Racing",2021,"Panini","Prizm","Illumination","William Byron","AXALTA | Hendrick Motorsports | Chevrolet","Driver",10,
"Racing",2021,"Panini","Prizm","Illumination","Aric Almirola","Smithfield Foods | Stewart-Haas Racing | Ford","Driver",11,
"Racing",2021,"Panini","Prizm","Illumination","Daniel Suarez","Camping World | Trackhouse Racing | Chevrolet","Driver",12,
"Racing",2021,"Panini","Prizm","Illumination","Dale Earnhardt Jr","Mountain Dew | Hendrick Motorsports | Chevrolet","Driver",13,
"Racing",2021,"Panini","Prizm","Illumination","Tony Stewart","Bass Pro Shops | Stewart-Haas Racing | Chevrolet","Driver",14,
"Racing",2021,"Panini","Prizm","Illumination","Richard Petty","STP | Petty Enterprises | Plymouth","Driver",15,
"Racing",2021,"Panini","Prizm","Illumination Black Prizm","Kurt Busch","Monster Energy | Chip Ganassi Racing | Chevrolet","Driver",1,1
"Racing",2021,"Panini","Prizm","Illumination Black Prizm","Joey Logano","Shell-Pennzoil | Team Penske | Ford","Driver",2,1
"Racing",2021,"Panini","Prizm","Illumination Black Prizm","Austin Dillon","Bass Pro Shops | Richard Childress Racing | Chevrolet","Driver",3,1
"Racing",2021,"Panini","Prizm","Illumination Black Prizm","Kyle Larson","NationsGuard | Hendrick Motorsports | Chevrolet","Driver",4,1
"Racing",2021,"Panini","Prizm","Illumination Black Prizm","Ryan Newman","Oscar Mayer | Roush Fenway Racing | Ford","Driver",5,1
"Racing",2021,"Panini","Prizm","Illumination Black Prizm","Chase Elliott","NAPA Auto Parts | Hendrick Motorsports | Chevrolet","Driver",6,1
"Racing",2021,"Panini","Prizm","Illumination Black Prizm","Martin Truex Jr.","Bass Pro Shops | Joe Gibbs Racing | Toyota","Driver",7,1
"Racing",2021,"Panini","Prizm","Illumination Black Prizm","Christopher Bell","Rheem | Joe Gibbs Racing | Toyota","Driver",8,1
"Racing",2021,"Panini","Prizm","Illumination Black Prizm","Bubba Wallace","DoorDash | 23XI Racing | Toyota","Driver",9,1
"Racing",2021,"Panini","Prizm","Illumination Black Prizm","William Byron","AXALTA | Hendrick Motorsports | Chevrolet","Driver",10,1
"Racing",2021,"Panini","Prizm","Illumination Black Prizm","Aric Almirola","Smithfield Foods | Stewart-Haas Racing | Ford","Driver",11,1
"Racing",2021,"Panini","Prizm","Illumination Black Prizm","Daniel Suarez","Camping World | Trackhouse Racing | Chevrolet","Driver",12,1
"Racing",2021,"Panini","Prizm","Illumination Black Prizm","Dale Earnhardt Jr","Mountain Dew | Hendrick Motorsports | Chevrolet","Driver",13,1
"Racing",2021,"Panini","Prizm","Illumination Black Prizm","Tony Stewart","Bass Pro Shops | Stewart-Haas Racing | Chevrolet","Driver",14,1
"Racing",2021,"Panini","Prizm","Illumination Black Prizm","Richard Petty","STP | Petty Enterprises | Plymouth","Driver",15,1
"Racing",2021,"Panini","Prizm","Illumination Gold Prizm","Kurt Busch","Monster Energy | Chip Ganassi Racing | Chevrolet","Driver",1,10
"Racing",2021,"Panini","Prizm","Illumination Gold Prizm","Joey Logano","Shell-Pennzoil | Team Penske | Ford","Driver",2,10
"Racing",2021,"Panini","Prizm","Illumination Gold Prizm","Austin Dillon","Bass Pro Shops | Richard Childress Racing | Chevrolet","Driver",3,10
"Racing",2021,"Panini","Prizm","Illumination Gold Prizm","Kyle Larson","NationsGuard | Hendrick Motorsports | Chevrolet","Driver",4,10
"Racing",2021,"Panini","Prizm","Illumination Gold Prizm","Ryan Newman","Oscar Mayer | Roush Fenway Racing | Ford","Driver",5,10
"Racing",2021,"Panini","Prizm","Illumination Gold Prizm","Chase Elliott","NAPA Auto Parts | Hendrick Motorsports | Chevrolet","Driver",6,10
"Racing",2021,"Panini","Prizm","Illumination Gold Prizm","Martin Truex Jr.","Bass Pro Shops | Joe Gibbs Racing | Toyota","Driver",7,10
"Racing",2021,"Panini","Prizm","Illumination Gold Prizm","Christopher Bell","Rheem | Joe Gibbs Racing | Toyota","Driver",8,10
"Racing",2021,"Panini","Prizm","Illumination Gold Prizm","Bubba Wallace","DoorDash | 23XI Racing | Toyota","Driver",9,10
"Racing",2021,"Panini","Prizm","Illumination Gold Prizm","William Byron","AXALTA | Hendrick Motorsports | Chevrolet","Driver",10,10
"Racing",2021,"Panini","Prizm","Illumination Gold Prizm","Aric Almirola","Smithfield Foods | Stewart-Haas Racing | Ford","Driver",11,10
"Racing",2021,"Panini","Prizm","Illumination Gold Prizm","Daniel Suarez","Camping World | Trackhouse Racing | Chevrolet","Driver",12,10
"Racing",2021,"Panini","Prizm","Illumination Gold Prizm","Dale Earnhardt Jr","Mountain Dew | Hendrick Motorsports | Chevrolet","Driver",13,10
"Racing",2021,"Panini","Prizm","Illumination Gold Prizm","Tony Stewart","Bass Pro Shops | Stewart-Haas Racing | Chevrolet","Driver",14,10
"Racing",2021,"Panini","Prizm","Illumination Gold Prizm","Richard Petty","STP | Petty Enterprises | Plymouth","Driver",15,10
"Racing",2021,"Panini","Prizm","Illumination Gold Vinyl","Kurt Busch","Monster Energy | Chip Ganassi Racing | Chevrolet","Driver",1,1
"Racing",2021,"Panini","Prizm","Illumination Gold Vinyl","Joey Logano","Shell-Pennzoil | Team Penske | Ford","Driver",2,1
"Racing",2021,"Panini","Prizm","Illumination Gold Vinyl","Austin Dillon","Bass Pro Shops | Richard Childress Racing | Chevrolet","Driver",3,1
"Racing",2021,"Panini","Prizm","Illumination Gold Vinyl","Kyle Larson","NationsGuard | Hendrick Motorsports | Chevrolet","Driver",4,1
"Racing",2021,"Panini","Prizm","Illumination Gold Vinyl","Ryan Newman","Oscar Mayer | Roush Fenway Racing | Ford","Driver",5,1
"Racing",2021,"Panini","Prizm","Illumination Gold Vinyl","Chase Elliott","NAPA Auto Parts | Hendrick Motorsports | Chevrolet","Driver",6,1
"Racing",2021,"Panini","Prizm","Illumination Gold Vinyl","Martin Truex Jr.","Bass Pro Shops | Joe Gibbs Racing | Toyota","Driver",7,1
"Racing",2021,"Panini","Prizm","Illumination Gold Vinyl","Christopher Bell","Rheem | Joe Gibbs Racing | Toyota","Driver",8,1
"Racing",2021,"Panini","Prizm","Illumination Gold Vinyl","Bubba Wallace","DoorDash | 23XI Racing | Toyota","Driver",9,1
"Racing",2021,"Panini","Prizm","Illumination Gold Vinyl","William Byron","AXALTA | Hendrick Motorsports | Chevrolet","Driver",10,1
"Racing",2021,"Panini","Prizm","Illumination Gold Vinyl","Aric Almirola","Smithfield Foods | Stewart-Haas Racing | Ford","Driver",11,1
"Racing",2021,"Panini","Prizm","Illumination Gold Vinyl","Daniel Suarez","Camping World | Trackhouse Racing | Chevrolet","Driver",12,1
"Racing",2021,"Panini","Prizm","Illumination Gold Vinyl","Dale Earnhardt Jr","Mountain Dew | Hendrick Motorsports | Chevrolet","Driver",13,1
"Racing",2021,"Panini","Prizm","Illumination Gold Vinyl","Tony Stewart","Bass Pro Shops | Stewart-Haas Racing | Chevrolet","Driver",14,1
"Racing",2021,"Panini","Prizm","Illumination Gold Vinyl","Richard Petty","STP | Petty Enterprises | Plymouth","Driver",15,1
"Racing",2021,"Panini","Prizm","Illumination Prizm","Kurt Busch","Monster Energy | Chip Ganassi Racing | Chevrolet","Driver",1,
"Racing",2021,"Panini","Prizm","Illumination Prizm","Joey Logano","Shell-Pennzoil | Team Penske | Ford","Driver",2,
"Racing",2021,"Panini","Prizm","Illumination Prizm","Austin Dillon","Bass Pro Shops | Richard Childress Racing | Chevrolet","Driver",3,
"Racing",2021,"Panini","Prizm","Illumination Prizm","Kyle Larson","NationsGuard | Hendrick Motorsports | Chevrolet","Driver",4,
"Racing",2021,"Panini","Prizm","Illumination Prizm","Ryan Newman","Oscar Mayer | Roush Fenway Racing | Ford","Driver",5,
"Racing",2021,"Panini","Prizm","Illumination Prizm","Chase Elliott","NAPA Auto Parts | Hendrick Motorsports | Chevrolet","Driver",6,
"Racing",2021,"Panini","Prizm","Illumination Prizm","Martin Truex Jr.","Bass Pro Shops | Joe Gibbs Racing | Toyota","Driver",7,
"Racing",2021,"Panini","Prizm","Illumination Prizm","Christopher Bell","Rheem | Joe Gibbs Racing | Toyota","Driver",8,
"Racing",2021,"Panini","Prizm","Illumination Prizm","Bubba Wallace","DoorDash | 23XI Racing | Toyota","Driver",9,
"Racing",2021,"Panini","Prizm","Illumination Prizm","William Byron","AXALTA | Hendrick Motorsports | Chevrolet","Driver",10,
"Racing",2021,"Panini","Prizm","Illumination Prizm","Aric Almirola","Smithfield Foods | Stewart-Haas Racing | Ford","Driver",11,
"Racing",2021,"Panini","Prizm","Illumination Prizm","Daniel Suarez","Camping World | Trackhouse Racing | Chevrolet","Driver",12,
"Racing",2021,"Panini","Prizm","Illumination Prizm","Dale Earnhardt Jr","Mountain Dew | Hendrick Motorsports | Chevrolet","Driver",13,
"Racing",2021,"Panini","Prizm","Illumination Prizm","Tony Stewart","Bass Pro Shops | Stewart-Haas Racing | Chevrolet","Driver",14,
"Racing",2021,"Panini","Prizm","Illumination Prizm","Richard Petty","STP | Petty Enterprises | Plymouth","Driver",15,
"Racing",2021,"Panini","Prizm","Laser Show","Bubba Wallace","DoorDash | 23XI Racing | Toyota","Driver",1,
"Racing",2021,"Panini","Prizm","Laser Show","Danica Patrick","GoDaddy.com | Premium Motorsports | Chevrolet","Driver",2,
"Racing",2021,"Panini","Prizm","Laser Show","Kyle Busch","M&M's | Joe Gibbs Racing | Toyota","Driver",3,
"Racing",2021,"Panini","Prizm","Laser Show","Hailie Deegan","Monster Energy","Driver",4,
"Racing",2021,"Panini","Prizm","Laser Show","Richard Petty","STP | Petty Enterprises | Plymouth","Driver",5,
"Racing",2021,"Panini","Prizm","Laser Show","Martin Truex Jr.","Bass Pro Shops | Joe Gibbs Racing | Toyota","Driver",6,
"Racing",2021,"Panini","Prizm","Laser Show","Joey Logano","Shell-Pennzoil | Team Penske | Ford","Driver",7,
"Racing",2021,"Panini","Prizm","Laser Show","Tony Stewart","Mobil 1 | Stewart-Haas Racing | Chevrolet","Driver",8,
"Racing",2021,"Panini","Prizm","Laser Show","Jimmie Johnson","Ally Financial | Hendrick Motorsports | Chevrolet","Driver",9,
"Racing",2021,"Panini","Prizm","Laser Show","Natalie Decker","Red Street Records | Our Motorsports | Chevrolet","Driver",10,
"Racing",2021,"Panini","Prizm","Laser Show","Dale Earnhardt Jr","Mountain Dew | Hendrick Motorsports | Chevrolet","Driver",11,
"Racing",2021,"Panini","Prizm","Laser Show","Jeff Gordon","AXALTA | Hendrick Motorsports | Chevrolet","Driver",12,
"Racing",2021,"Panini","Prizm","Laser Show","Brad Keselowski","Discount Tire | Team Penske | Ford","Driver",13,
"Racing",2021,"Panini","Prizm","Laser Show","Kevin Harvick","Jimmy John's | Stewart-Haas Racing | Ford","Driver",14,
"Racing",2021,"Panini","Prizm","Laser Show","Chase Elliott","NAPA Auto Parts | Hendrick Motorsports | Chevrolet","Driver",15,
"Racing",2021,"Panini","Prizm","Lava Flow","Hailie Deegan","Monster Energy | DGR-Crosley | Ford","Driver",1,
"Racing",2021,"Panini","Prizm","Lava Flow","Kevin Harvick","Hunt Brothers Pizza | Stewart-Haas Racing | Ford","Driver",2,
"Racing",2021,"Panini","Prizm","Lava Flow","Chase Elliott","NAPA Auto Parts | Hendrick Motorsports | Chevrolet","Driver",3,
"Racing",2021,"Panini","Prizm","Lava Flow","Jimmie Johnson","Lowe's | Hendrick Motorsports | Chevrolet","Driver",4,
"Racing",2021,"Panini","Prizm","Lava Flow","Tony Stewart","Bass Pro Shops | Stewart-Haas Racing | Chevrolet","Driver",5,
"Racing",2021,"Panini","Prizm","Legends","Dale Earnhardt Jr","National Guard | Hendrick Motorsports | Chevrolet","Driver",81,
"Racing",2021,"Panini","Prizm","Legends","Richard Petty","STP | Petty Enterprises | Plymouth","Driver",82,
"Racing",2021,"Panini","Prizm","Legends","Jimmie Johnson","Lowe's | Hendrick Motorsports | Chevrolet","Driver",83,
"Racing",2021,"Panini","Prizm","Legends","Tony Stewart","Office Depot | Stewart-Haas Racing | Chevrolet","Driver",84,
"Racing",2021,"Panini","Prizm","Legends","Jeff Gordon","DuPont | Hendrick Motorsports | Chevrolet","Driver",85,
"Racing",2021,"Panini","Prizm","Legends","Carl Edwards","Subway | Joe Gibbs Racing | Toyota","Driver",86,
"Racing",2021,"Panini","Prizm","Legends","Mark Martin","Pfizer | Roush Racing | Ford","Driver",87,
"Racing",2021,"Panini","Prizm","Legends","Terry Labonte","Kellogg's Corn Flakes | Hendrick Motorsports | Chevrolet","Driver",88,
"Racing",2021,"Panini","Prizm","Legends","Rusty Wallace","Miller Genuine Draft | Team Penske | Pontiac","Driver",89,
"Racing",2021,"Panini","Prizm","Legends","Danica Patrick","GoDaddy.com | Premium Motorsports | Chevrolet","Driver",90,
"Racing",2021,"Panini","Prizm","Legends Black Finite Prizm","Dale Earnhardt Jr","National Guard | Hendrick Motorsports | Chevrolet","Driver",81,1
"Racing",2021,"Panini","Prizm","Legends Black Finite Prizm","Richard Petty","STP | Petty Enterprises | Plymouth","Driver",82,1
"Racing",2021,"Panini","Prizm","Legends Black Finite Prizm","Jimmie Johnson","Lowe's | Hendrick Motorsports | Chevrolet","Driver",83,1
"Racing",2021,"Panini","Prizm","Legends Black Finite Prizm","Tony Stewart","Office Depot | Stewart-Haas Racing | Chevrolet","Driver",84,1
"Racing",2021,"Panini","Prizm","Legends Black Finite Prizm","Jeff Gordon","DuPont | Hendrick Motorsports | Chevrolet","Driver",85,1
"Racing",2021,"Panini","Prizm","Legends Black Finite Prizm","Carl Edwards","Subway | Joe Gibbs Racing | Toyota","Driver",86,1
"Racing",2021,"Panini","Prizm","Legends Black Finite Prizm","Mark Martin","Pfizer | Roush Racing | Ford","Driver",87,1
"Racing",2021,"Panini","Prizm","Legends Black Finite Prizm","Terry Labonte","Kellogg's Corn Flakes | Hendrick Motorsports | Chevrolet","Driver",88,1
"Racing",2021,"Panini","Prizm","Legends Black Finite Prizm","Rusty Wallace","Miller Genuine Draft | Team Penske | Pontiac","Driver",89,1
"Racing",2021,"Panini","Prizm","Legends Black Finite Prizm","Danica Patrick","GoDaddy.com | Premium Motorsports | Chevrolet","Driver",90,1
"Racing",2021,"Panini","Prizm","Legends Blue Prizm","Dale Earnhardt Jr","National Guard | Hendrick Motorsports | Chevrolet","Driver",81,
"Racing",2021,"Panini","Prizm","Legends Blue Prizm","Richard Petty","STP | Petty Enterprises | Plymouth","Driver",82,
"Racing",2021,"Panini","Prizm","Legends Blue Prizm","Jimmie Johnson","Lowe's | Hendrick Motorsports | Chevrolet","Driver",83,
"Racing",2021,"Panini","Prizm","Legends Blue Prizm","Tony Stewart","Office Depot | Stewart-Haas Racing | Chevrolet","Driver",84,
"Racing",2021,"Panini","Prizm","Legends Blue Prizm","Jeff Gordon","DuPont | Hendrick Motorsports | Chevrolet","Driver",85,
"Racing",2021,"Panini","Prizm","Legends Blue Prizm","Carl Edwards","Subway | Joe Gibbs Racing | Toyota","Driver",86,
"Racing",2021,"Panini","Prizm","Legends Blue Prizm","Mark Martin","Pfizer | Roush Racing | Ford","Driver",87,
"Racing",2021,"Panini","Prizm","Legends Blue Prizm","Terry Labonte","Kellogg's Corn Flakes | Hendrick Motorsports | Chevrolet","Driver",88,
"Racing",2021,"Panini","Prizm","Legends Blue Prizm","Rusty Wallace","Miller Genuine Draft | Team Penske | Pontiac","Driver",89,
"Racing",2021,"Panini","Prizm","Legends Blue Prizm","Danica Patrick","GoDaddy.com | Premium Motorsports | Chevrolet","Driver",90,
"Racing",2021,"Panini","Prizm","Legends Carolina Blue Cracked Ice","Dale Earnhardt Jr","National Guard | Hendrick Motorsports | Chevrolet","Driver",81,25
"Racing",2021,"Panini","Prizm","Legends Carolina Blue Cracked Ice","Richard Petty","STP | Petty Enterprises | Plymouth","Driver",82,25
"Racing",2021,"Panini","Prizm","Legends Carolina Blue Cracked Ice","Jimmie Johnson","Lowe's | Hendrick Motorsports | Chevrolet","Driver",83,25
"Racing",2021,"Panini","Prizm","Legends Carolina Blue Cracked Ice","Tony Stewart","Office Depot | Stewart-Haas Racing | Chevrolet","Driver",84,25
"Racing",2021,"Panini","Prizm","Legends Carolina Blue Cracked Ice","Jeff Gordon","DuPont | Hendrick Motorsports | Chevrolet","Driver",85,25
"Racing",2021,"Panini","Prizm","Legends Carolina Blue Cracked Ice","Carl Edwards","Subway | Joe Gibbs Racing | Toyota","Driver",86,25
"Racing",2021,"Panini","Prizm","Legends Carolina Blue Cracked Ice","Mark Martin","Pfizer | Roush Racing | Ford","Driver",87,25
"Racing",2021,"Panini","Prizm","Legends Carolina Blue Cracked Ice","Terry Labonte","Kellogg's Corn Flakes | Hendrick Motorsports | Chevrolet","Driver",88,25
"Racing",2021,"Panini","Prizm","Legends Carolina Blue Cracked Ice","Rusty Wallace","Miller Genuine Draft | Team Penske | Pontiac","Driver",89,25
"Racing",2021,"Panini","Prizm","Legends Carolina Blue Cracked Ice","Danica Patrick","GoDaddy.com | Premium Motorsports | Chevrolet","Driver",90,25
"Racing",2021,"Panini","Prizm","Legends Carolina Blue Scope","Dale Earnhardt Jr","National Guard | Hendrick Motorsports | Chevrolet","Driver",81,99
"Racing",2021,"Panini","Prizm","Legends Carolina Blue Scope","Richard Petty","STP | Petty Enterprises | Plymouth","Driver",82,99
"Racing",2021,"Panini","Prizm","Legends Carolina Blue Scope","Jimmie Johnson","Lowe's | Hendrick Motorsports | Chevrolet","Driver",83,99
"Racing",2021,"Panini","Prizm","Legends Carolina Blue Scope","Tony Stewart","Office Depot | Stewart-Haas Racing | Chevrolet","Driver",84,99
"Racing",2021,"Panini","Prizm","Legends Carolina Blue Scope","Jeff Gordon","DuPont | Hendrick Motorsports | Chevrolet","Driver",85,99
"Racing",2021,"Panini","Prizm","Legends Carolina Blue Scope","Carl Edwards","Subway | Joe Gibbs Racing | Toyota","Driver",86,99
"Racing",2021,"Panini","Prizm","Legends Carolina Blue Scope","Mark Martin","Pfizer | Roush Racing | Ford","Driver",87,99
"Racing",2021,"Panini","Prizm","Legends Carolina Blue Scope","Terry Labonte","Kellogg's Corn Flakes | Hendrick Motorsports | Chevrolet","Driver",88,99
"Racing",2021,"Panini","Prizm","Legends Carolina Blue Scope","Rusty Wallace","Miller Genuine Draft | Team Penske | Pontiac","Driver",89,99
"Racing",2021,"Panini","Prizm","Legends Carolina Blue Scope","Danica Patrick","GoDaddy.com | Premium Motorsports | Chevrolet","Driver",90,99
"Racing",2021,"Panini","Prizm","Legends Disco","Dale Earnhardt Jr","National Guard | Hendrick Motorsports | Chevrolet","Driver",81,75
"Racing",2021,"Panini","Prizm","Legends Disco","Richard Petty","STP | Petty Enterprises | Plymouth","Driver",82,75
"Racing",2021,"Panini","Prizm","Legends Disco","Jimmie Johnson","Lowe's | Hendrick Motorsports | Chevrolet","Driver",83,75
"Racing",2021,"Panini","Prizm","Legends Disco","Tony Stewart","Office Depot | Stewart-Haas Racing | Chevrolet","Driver",84,75
"Racing",2021,"Panini","Prizm","Legends Disco","Jeff Gordon","DuPont | Hendrick Motorsports | Chevrolet","Driver",85,75
"Racing",2021,"Panini","Prizm","Legends Disco","Carl Edwards","Subway | Joe Gibbs Racing | Toyota","Driver",86,75
"Racing",2021,"Panini","Prizm","Legends Disco","Mark Martin","Pfizer | Roush Racing | Ford","Driver",87,75
"Racing",2021,"Panini","Prizm","Legends Disco","Terry Labonte","Kellogg's Corn Flakes | Hendrick Motorsports | Chevrolet","Driver",88,75
"Racing",2021,"Panini","Prizm","Legends Disco","Rusty Wallace","Miller Genuine Draft | Team Penske | Pontiac","Driver",89,75
"Racing",2021,"Panini","Prizm","Legends Disco","Danica Patrick","GoDaddy.com | Premium Motorsports | Chevrolet","Driver",90,75
"Racing",2021,"Panini","Prizm","Legends Gold Prizm","Dale Earnhardt Jr","National Guard | Hendrick Motorsports | Chevrolet","Driver",81,10
"Racing",2021,"Panini","Prizm","Legends Gold Prizm","Richard Petty","STP | Petty Enterprises | Plymouth","Driver",82,10
"Racing",2021,"Panini","Prizm","Legends Gold Prizm","Jimmie Johnson","Lowe's | Hendrick Motorsports | Chevrolet","Driver",83,10
"Racing",2021,"Panini","Prizm","Legends Gold Prizm","Tony Stewart","Office Depot | Stewart-Haas Racing | Chevrolet","Driver",84,10
"Racing",2021,"Panini","Prizm","Legends Gold Prizm","Jeff Gordon","DuPont | Hendrick Motorsports | Chevrolet","Driver",85,10
"Racing",2021,"Panini","Prizm","Legends Gold Prizm","Carl Edwards","Subway | Joe Gibbs Racing | Toyota","Driver",86,10
"Racing",2021,"Panini","Prizm","Legends Gold Prizm","Mark Martin","Pfizer | Roush Racing | Ford","Driver",87,10
"Racing",2021,"Panini","Prizm","Legends Gold Prizm","Terry Labonte","Kellogg's Corn Flakes | Hendrick Motorsports | Chevrolet","Driver",88,10
"Racing",2021,"Panini","Prizm","Legends Gold Prizm","Rusty Wallace","Miller Genuine Draft | Team Penske | Pontiac","Driver",89,10
"Racing",2021,"Panini","Prizm","Legends Gold Prizm","Danica Patrick","GoDaddy.com | Premium Motorsports | Chevrolet","Driver",90,10
"Racing",2021,"Panini","Prizm","Legends Gold Vinyl","Dale Earnhardt Jr","National Guard | Hendrick Motorsports | Chevrolet","Driver",81,1
"Racing",2021,"Panini","Prizm","Legends Gold Vinyl","Richard Petty","STP | Petty Enterprises | Plymouth","Driver",82,1
"Racing",2021,"Panini","Prizm","Legends Gold Vinyl","Jimmie Johnson","Lowe's | Hendrick Motorsports | Chevrolet","Driver",83,1
"Racing",2021,"Panini","Prizm","Legends Gold Vinyl","Tony Stewart","Office Depot | Stewart-Haas Racing | Chevrolet","Driver",84,1
"Racing",2021,"Panini","Prizm","Legends Gold Vinyl","Jeff Gordon","DuPont | Hendrick Motorsports | Chevrolet","Driver",85,1
"Racing",2021,"Panini","Prizm","Legends Gold Vinyl","Carl Edwards","Subway | Joe Gibbs Racing | Toyota","Driver",86,1
"Racing",2021,"Panini","Prizm","Legends Gold Vinyl","Mark Martin","Pfizer | Roush Racing | Ford","Driver",87,1
"Racing",2021,"Panini","Prizm","Legends Gold Vinyl","Terry Labonte","Kellogg's Corn Flakes | Hendrick Motorsports | Chevrolet","Driver",88,1
"Racing",2021,"Panini","Prizm","Legends Gold Vinyl","Rusty Wallace","Miller Genuine Draft | Team Penske | Pontiac","Driver",89,1
"Racing",2021,"Panini","Prizm","Legends Gold Vinyl","Danica Patrick","GoDaddy.com | Premium Motorsports | Chevrolet","Driver",90,1
"Racing",2021,"Panini","Prizm","Legends Gold Vinyl Signatures","Dale Earnhardt Jr","National Guard | Hendrick Motorsports | Chevrolet","Driver",81,1
"Racing",2021,"Panini","Prizm","Legends Gold Vinyl Signatures","Richard Petty","STP | Petty Enterprises | Plymouth","Driver",82,1
"Racing",2021,"Panini","Prizm","Legends Gold Vinyl Signatures","Jimmie Johnson","Lowe's | Hendrick Motorsports | Chevrolet","Driver",83,1
"Racing",2021,"Panini","Prizm","Legends Gold Vinyl Signatures","Tony Stewart","Office Depot | Stewart-Haas Racing | Chevrolet","Driver",84,1
"Racing",2021,"Panini","Prizm","Legends Gold Vinyl Signatures","Jeff Gordon","DuPont | Hendrick Motorsports | Chevrolet","Driver",85,1
"Racing",2021,"Panini","Prizm","Legends Gold Vinyl Signatures","Carl Edwards","Subway | Joe Gibbs Racing | Toyota","Driver",86,1
"Racing",2021,"Panini","Prizm","Legends Gold Vinyl Signatures","Mark Martin","Pfizer | Roush Racing | Ford","Driver",87,1
"Racing",2021,"Panini","Prizm","Legends Gold Vinyl Signatures","Terry Labonte","Kellogg's Corn Flakes | Hendrick Motorsports | Chevrolet","Driver",88,1
"Racing",2021,"Panini","Prizm","Legends Gold Vinyl Signatures","Rusty Wallace","Miller Genuine Draft | Team Penske | Pontiac","Driver",89,1
"Racing",2021,"Panini","Prizm","Legends Gold Vinyl Signatures","Danica Patrick","GoDaddy.com | Premium Motorsports | Chevrolet","Driver",90,1
"Racing",2021,"Panini","Prizm","Legends Hyper Prizm Blue and Carolina Blue","Dale Earnhardt Jr","National Guard | Hendrick Motorsports | Chevrolet","Driver",81,
"Racing",2021,"Panini","Prizm","Legends Hyper Prizm Blue and Carolina Blue","Richard Petty","STP | Petty Enterprises | Plymouth","Driver",82,
"Racing",2021,"Panini","Prizm","Legends Hyper Prizm Blue and Carolina Blue","Jimmie Johnson","Lowe's | Hendrick Motorsports | Chevrolet","Driver",83,
"Racing",2021,"Panini","Prizm","Legends Hyper Prizm Blue and Carolina Blue","Tony Stewart","Office Depot | Stewart-Haas Racing | Chevrolet","Driver",84,
"Racing",2021,"Panini","Prizm","Legends Hyper Prizm Blue and Carolina Blue","Jeff Gordon","DuPont | Hendrick Motorsports | Chevrolet","Driver",85,
"Racing",2021,"Panini","Prizm","Legends Hyper Prizm Blue and Carolina Blue","Carl Edwards","Subway | Joe Gibbs Racing | Toyota","Driver",86,
"Racing",2021,"Panini","Prizm","Legends Hyper Prizm Blue and Carolina Blue","Mark Martin","Pfizer | Roush Racing | Ford","Driver",87,
"Racing",2021,"Panini","Prizm","Legends Hyper Prizm Blue and Carolina Blue","Terry Labonte","Kellogg's Corn Flakes | Hendrick Motorsports | Chevrolet","Driver",88,
"Racing",2021,"Panini","Prizm","Legends Hyper Prizm Blue and Carolina Blue","Rusty Wallace","Miller Genuine Draft | Team Penske | Pontiac","Driver",89,
"Racing",2021,"Panini","Prizm","Legends Hyper Prizm Blue and Carolina Blue","Danica Patrick","GoDaddy.com | Premium Motorsports | Chevrolet","Driver",90,
"Racing",2021,"Panini","Prizm","Legends Hyper Prizm Green and Yellow","Dale Earnhardt Jr","National Guard | Hendrick Motorsports | Chevrolet","Driver",81,
"Racing",2021,"Panini","Prizm","Legends Hyper Prizm Green and Yellow","Richard Petty","STP | Petty Enterprises | Plymouth","Driver",82,
"Racing",2021,"Panini","Prizm","Legends Hyper Prizm Green and Yellow","Jimmie Johnson","Lowe's | Hendrick Motorsports | Chevrolet","Driver",83,
"Racing",2021,"Panini","Prizm","Legends Hyper Prizm Green and Yellow","Tony Stewart","Office Depot | Stewart-Haas Racing | Chevrolet","Driver",84,
"Racing",2021,"Panini","Prizm","Legends Hyper Prizm Green and Yellow","Jeff Gordon","DuPont | Hendrick Motorsports | Chevrolet","Driver",85,
"Racing",2021,"Panini","Prizm","Legends Hyper Prizm Green and Yellow","Carl Edwards","Subway | Joe Gibbs Racing | Toyota","Driver",86,
"Racing",2021,"Panini","Prizm","Legends Hyper Prizm Green and Yellow","Mark Martin","Pfizer | Roush Racing | Ford","Driver",87,
"Racing",2021,"Panini","Prizm","Legends Hyper Prizm Green and Yellow","Terry Labonte","Kellogg's Corn Flakes | Hendrick Motorsports | Chevrolet","Driver",88,
"Racing",2021,"Panini","Prizm","Legends Hyper Prizm Green and Yellow","Rusty Wallace","Miller Genuine Draft | Team Penske | Pontiac","Driver",89,
"Racing",2021,"Panini","Prizm","Legends Hyper Prizm Green and Yellow","Danica Patrick","GoDaddy.com | Premium Motorsports | Chevrolet","Driver",90,
"Racing",2021,"Panini","Prizm","Legends Hyper Prizm Red and Blue","Dale Earnhardt Jr","National Guard | Hendrick Motorsports | Chevrolet","Driver",81,
"Racing",2021,"Panini","Prizm","Legends Hyper Prizm Red and Blue","Richard Petty","STP | Petty Enterprises | Plymouth","Driver",82,
"Racing",2021,"Panini","Prizm","Legends Hyper Prizm Red and Blue","Jimmie Johnson","Lowe's | Hendrick Motorsports | Chevrolet","Driver",83,
"Racing",2021,"Panini","Prizm","Legends Hyper Prizm Red and Blue","Tony Stewart","Office Depot | Stewart-Haas Racing | Chevrolet","Driver",84,
"Racing",2021,"Panini","Prizm","Legends Hyper Prizm Red and Blue","Jeff Gordon","DuPont | Hendrick Motorsports | Chevrolet","Driver",85,
"Racing",2021,"Panini","Prizm","Legends Hyper Prizm Red and Blue","Carl Edwards","Subway | Joe Gibbs Racing | Toyota","Driver",86,
"Racing",2021,"Panini","Prizm","Legends Hyper Prizm Red and Blue","Mark Martin","Pfizer | Roush Racing | Ford","Driver",87,
"Racing",2021,"Panini","Prizm","Legends Hyper Prizm Red and Blue","Terry Labonte","Kellogg's Corn Flakes | Hendrick Motorsports | Chevrolet","Driver",88,
"Racing",2021,"Panini","Prizm","Legends Hyper Prizm Red and Blue","Rusty Wallace","Miller Genuine Draft | Team Penske | Pontiac","Driver",89,
"Racing",2021,"Panini","Prizm","Legends Hyper Prizm Red and Blue","Danica Patrick","GoDaddy.com | Premium Motorsports | Chevrolet","Driver",90,
"Racing",2021,"Panini","Prizm","Legends Pink Prizm","Dale Earnhardt Jr","National Guard | Hendrick Motorsports | Chevrolet","Driver",81,50
"Racing",2021,"Panini","Prizm","Legends Pink Prizm","Richard Petty","STP | Petty Enterprises | Plymouth","Driver",82,50
"Racing",2021,"Panini","Prizm","Legends Pink Prizm","Jimmie Johnson","Lowe's | Hendrick Motorsports | Chevrolet","Driver",83,50
"Racing",2021,"Panini","Prizm","Legends Pink Prizm","Tony Stewart","Office Depot | Stewart-Haas Racing | Chevrolet","Driver",84,50
"Racing",2021,"Panini","Prizm","Legends Pink Prizm","Jeff Gordon","DuPont | Hendrick Motorsports | Chevrolet","Driver",85,50
"Racing",2021,"Panini","Prizm","Legends Pink Prizm","Carl Edwards","Subway | Joe Gibbs Racing | Toyota","Driver",86,50
"Racing",2021,"Panini","Prizm","Legends Pink Prizm","Mark Martin","Pfizer | Roush Racing | Ford","Driver",87,50
"Racing",2021,"Panini","Prizm","Legends Pink Prizm","Terry Labonte","Kellogg's Corn Flakes | Hendrick Motorsports | Chevrolet","Driver",88,50
"Racing",2021,"Panini","Prizm","Legends Pink Prizm","Rusty Wallace","Miller Genuine Draft | Team Penske | Pontiac","Driver",89,50
"Racing",2021,"Panini","Prizm","Legends Pink Prizm","Danica Patrick","GoDaddy.com | Premium Motorsports | Chevrolet","Driver",90,50
"Racing",2021,"Panini","Prizm","Legends Purple Velocity","Dale Earnhardt Jr","National Guard | Hendrick Motorsports | Chevrolet","Driver",81,199
"Racing",2021,"Panini","Prizm","Legends Purple Velocity","Richard Petty","STP | Petty Enterprises | Plymouth","Driver",82,199
"Racing",2021,"Panini","Prizm","Legends Purple Velocity","Jimmie Johnson","Lowe's | Hendrick Motorsports | Chevrolet","Driver",83,199
"Racing",2021,"Panini","Prizm","Legends Purple Velocity","Tony Stewart","Office Depot | Stewart-Haas Racing | Chevrolet","Driver",84,199
"Racing",2021,"Panini","Prizm","Legends Purple Velocity","Jeff Gordon","DuPont | Hendrick Motorsports | Chevrolet","Driver",85,199
"Racing",2021,"Panini","Prizm","Legends Purple Velocity","Carl Edwards","Subway | Joe Gibbs Racing | Toyota","Driver",86,199
"Racing",2021,"Panini","Prizm","Legends Purple Velocity","Mark Martin","Pfizer | Roush Racing | Ford","Driver",87,199
"Racing",2021,"Panini","Prizm","Legends Purple Velocity","Terry Labonte","Kellogg's Corn Flakes | Hendrick Motorsports | Chevrolet","Driver",88,199
"Racing",2021,"Panini","Prizm","Legends Purple Velocity","Rusty Wallace","Miller Genuine Draft | Team Penske | Pontiac","Driver",89,199
"Racing",2021,"Panini","Prizm","Legends Purple Velocity","Danica Patrick","GoDaddy.com | Premium Motorsports | Chevrolet","Driver",90,199
"Racing",2021,"Panini","Prizm","Legends Rainbow Prizm","Dale Earnhardt Jr","National Guard | Hendrick Motorsports | Chevrolet","Driver",81,24
"Racing",2021,"Panini","Prizm","Legends Rainbow Prizm","Richard Petty","STP | Petty Enterprises | Plymouth","Driver",82,24
"Racing",2021,"Panini","Prizm","Legends Rainbow Prizm","Jimmie Johnson","Lowe's | Hendrick Motorsports | Chevrolet","Driver",83,24
"Racing",2021,"Panini","Prizm","Legends Rainbow Prizm","Tony Stewart","Office Depot | Stewart-Haas Racing | Chevrolet","Driver",84,24
"Racing",2021,"Panini","Prizm","Legends Rainbow Prizm","Jeff Gordon","DuPont | Hendrick Motorsports | Chevrolet","Driver",85,24
"Racing",2021,"Panini","Prizm","Legends Rainbow Prizm","Carl Edwards","Subway | Joe Gibbs Racing | Toyota","Driver",86,24
"Racing",2021,"Panini","Prizm","Legends Rainbow Prizm","Mark Martin","Pfizer | Roush Racing | Ford","Driver",87,24
"Racing",2021,"Panini","Prizm","Legends Rainbow Prizm","Terry Labonte","Kellogg's Corn Flakes | Hendrick Motorsports | Chevrolet","Driver",88,24
"Racing",2021,"Panini","Prizm","Legends Rainbow Prizm","Rusty Wallace","Miller Genuine Draft | Team Penske | Pontiac","Driver",89,24
"Racing",2021,"Panini","Prizm","Legends Rainbow Prizm","Danica Patrick","GoDaddy.com | Premium Motorsports | Chevrolet","Driver",90,24
"Racing",2021,"Panini","Prizm","Legends Reactive Green","Dale Earnhardt Jr","National Guard | Hendrick Motorsports | Chevrolet","Driver",81,
"Racing",2021,"Panini","Prizm","Legends Reactive Green","Richard Petty","STP | Petty Enterprises | Plymouth","Driver",82,
"Racing",2021,"Panini","Prizm","Legends Reactive Green","Jimmie Johnson","Lowe's | Hendrick Motorsports | Chevrolet","Driver",83,
"Racing",2021,"Panini","Prizm","Legends Reactive Green","Tony Stewart","Office Depot | Stewart-Haas Racing | Chevrolet","Driver",84,
"Racing",2021,"Panini","Prizm","Legends Reactive Green","Jeff Gordon","DuPont | Hendrick Motorsports | Chevrolet","Driver",85,
"Racing",2021,"Panini","Prizm","Legends Reactive Green","Carl Edwards","Subway | Joe Gibbs Racing | Toyota","Driver",86,
"Racing",2021,"Panini","Prizm","Legends Reactive Green","Mark Martin","Pfizer | Roush Racing | Ford","Driver",87,
"Racing",2021,"Panini","Prizm","Legends Reactive Green","Terry Labonte","Kellogg's Corn Flakes | Hendrick Motorsports | Chevrolet","Driver",88,
"Racing",2021,"Panini","Prizm","Legends Reactive Green","Rusty Wallace","Miller Genuine Draft | Team Penske | Pontiac","Driver",89,
"Racing",2021,"Panini","Prizm","Legends Reactive Green","Danica Patrick","GoDaddy.com | Premium Motorsports | Chevrolet","Driver",90,
"Racing",2021,"Panini","Prizm","Legends Reactive Orange","Dale Earnhardt Jr","National Guard | Hendrick Motorsports | Chevrolet","Driver",81,
"Racing",2021,"Panini","Prizm","Legends Reactive Orange","Richard Petty","STP | Petty Enterprises | Plymouth","Driver",82,
"Racing",2021,"Panini","Prizm","Legends Reactive Orange","Jimmie Johnson","Lowe's | Hendrick Motorsports | Chevrolet","Driver",83,
"Racing",2021,"Panini","Prizm","Legends Reactive Orange","Tony Stewart","Office Depot | Stewart-Haas Racing | Chevrolet","Driver",84,
"Racing",2021,"Panini","Prizm","Legends Reactive Orange","Jeff Gordon","DuPont | Hendrick Motorsports | Chevrolet","Driver",85,
"Racing",2021,"Panini","Prizm","Legends Reactive Orange","Carl Edwards","Subway | Joe Gibbs Racing | Toyota","Driver",86,
"Racing",2021,"Panini","Prizm","Legends Reactive Orange","Mark Martin","Pfizer | Roush Racing | Ford","Driver",87,
"Racing",2021,"Panini","Prizm","Legends Reactive Orange","Terry Labonte","Kellogg's Corn Flakes | Hendrick Motorsports | Chevrolet","Driver",88,
"Racing",2021,"Panini","Prizm","Legends Reactive Orange","Rusty Wallace","Miller Genuine Draft | Team Penske | Pontiac","Driver",89,
"Racing",2021,"Panini","Prizm","Legends Reactive Orange","Danica Patrick","GoDaddy.com | Premium Motorsports | Chevrolet","Driver",90,
"Racing",2021,"Panini","Prizm","Legends Red Prizm","Dale Earnhardt Jr","National Guard | Hendrick Motorsports | Chevrolet","Driver",81,
"Racing",2021,"Panini","Prizm","Legends Red Prizm","Richard Petty","STP | Petty Enterprises | Plymouth","Driver",82,
"Racing",2021,"Panini","Prizm","Legends Red Prizm","Jimmie Johnson","Lowe's | Hendrick Motorsports | Chevrolet","Driver",83,
"Racing",2021,"Panini","Prizm","Legends Red Prizm","Tony Stewart","Office Depot | Stewart-Haas Racing | Chevrolet","Driver",84,
"Racing",2021,"Panini","Prizm","Legends Red Prizm","Jeff Gordon","DuPont | Hendrick Motorsports | Chevrolet","Driver",85,
"Racing",2021,"Panini","Prizm","Legends Red Prizm","Carl Edwards","Subway | Joe Gibbs Racing | Toyota","Driver",86,
"Racing",2021,"Panini","Prizm","Legends Red Prizm","Mark Martin","Pfizer | Roush Racing | Ford","Driver",87,
"Racing",2021,"Panini","Prizm","Legends Red Prizm","Terry Labonte","Kellogg's Corn Flakes | Hendrick Motorsports | Chevrolet","Driver",88,
"Racing",2021,"Panini","Prizm","Legends Red Prizm","Rusty Wallace","Miller Genuine Draft | Team Penske | Pontiac","Driver",89,
"Racing",2021,"Panini","Prizm","Legends Red Prizm","Danica Patrick","GoDaddy.com | Premium Motorsports | Chevrolet","Driver",90,
"Racing",2021,"Panini","Prizm","Legends Silver Prizm","Dale Earnhardt Jr","National Guard | Hendrick Motorsports | Chevrolet","Driver",81,
"Racing",2021,"Panini","Prizm","Legends Silver Prizm","Richard Petty","STP | Petty Enterprises | Plymouth","Driver",82,
"Racing",2021,"Panini","Prizm","Legends Silver Prizm","Jimmie Johnson","Lowe's | Hendrick Motorsports | Chevrolet","Driver",83,
"Racing",2021,"Panini","Prizm","Legends Silver Prizm","Tony Stewart","Office Depot | Stewart-Haas Racing | Chevrolet","Driver",84,
"Racing",2021,"Panini","Prizm","Legends Silver Prizm","Jeff Gordon","DuPont | Hendrick Motorsports | Chevrolet","Driver",85,
"Racing",2021,"Panini","Prizm","Legends Silver Prizm","Carl Edwards","Subway | Joe Gibbs Racing | Toyota","Driver",86,
"Racing",2021,"Panini","Prizm","Legends Silver Prizm","Mark Martin","Pfizer | Roush Racing | Ford","Driver",87,
"Racing",2021,"Panini","Prizm","Legends Silver Prizm","Terry Labonte","Kellogg's Corn Flakes | Hendrick Motorsports | Chevrolet","Driver",88,
"Racing",2021,"Panini","Prizm","Legends Silver Prizm","Rusty Wallace","Miller Genuine Draft | Team Penske | Pontiac","Driver",89,
"Racing",2021,"Panini","Prizm","Legends Silver Prizm","Danica Patrick","GoDaddy.com | Premium Motorsports | Chevrolet","Driver",90,
"Racing",2021,"Panini","Prizm","Legends Silver Prizm Signatures","Dale Earnhardt Jr","National Guard | Hendrick Motorsports | Chevrolet","Driver",81,
"Racing",2021,"Panini","Prizm","Legends Silver Prizm Signatures","Richard Petty","STP | Petty Enterprises | Plymouth","Driver",82,
"Racing",2021,"Panini","Prizm","Legends Silver Prizm Signatures","Jimmie Johnson","Lowe's | Hendrick Motorsports | Chevrolet","Driver",83,
"Racing",2021,"Panini","Prizm","Legends Silver Prizm Signatures","Tony Stewart","Office Depot | Stewart-Haas Racing | Chevrolet","Driver",84,
"Racing",2021,"Panini","Prizm","Legends Silver Prizm Signatures","Jeff Gordon","DuPont | Hendrick Motorsports | Chevrolet","Driver",85,
"Racing",2021,"Panini","Prizm","Legends Silver Prizm Signatures","Carl Edwards","Subway | Joe Gibbs Racing | Toyota","Driver",86,
"Racing",2021,"Panini","Prizm","Legends Silver Prizm Signatures","Mark Martin","Pfizer | Roush Racing | Ford","Driver",87,
"Racing",2021,"Panini","Prizm","Legends Silver Prizm Signatures","Terry Labonte","Kellogg's Corn Flakes | Hendrick Motorsports | Chevrolet","Driver",88,
"Racing",2021,"Panini","Prizm","Legends Silver Prizm Signatures","Rusty Wallace","Miller Genuine Draft | Team Penske | Pontiac","Driver",89,
"Racing",2021,"Panini","Prizm","Legends Silver Prizm Signatures","Danica Patrick","GoDaddy.com | Premium Motorsports | Chevrolet","Driver",90,
"Racing",2021,"Panini","Prizm","Legends White Prizm","Dale Earnhardt Jr","National Guard | Hendrick Motorsports | Chevrolet","Driver",81,5
"Racing",2021,"Panini","Prizm","Legends White Prizm","Richard Petty","STP | Petty Enterprises | Plymouth","Driver",82,5
"Racing",2021,"Panini","Prizm","Legends White Prizm","Jimmie Johnson","Lowe's | Hendrick Motorsports | Chevrolet","Driver",83,5
"Racing",2021,"Panini","Prizm","Legends White Prizm","Tony Stewart","Office Depot | Stewart-Haas Racing | Chevrolet","Driver",84,5
"Racing",2021,"Panini","Prizm","Legends White Prizm","Jeff Gordon","DuPont | Hendrick Motorsports | Chevrolet","Driver",85,5
"Racing",2021,"Panini","Prizm","Legends White Prizm","Carl Edwards","Subway | Joe Gibbs Racing | Toyota","Driver",86,5
"Racing",2021,"Panini","Prizm","Legends White Prizm","Mark Martin","Pfizer | Roush Racing | Ford","Driver",87,5
"Racing",2021,"Panini","Prizm","Legends White Prizm","Terry Labonte","Kellogg's Corn Flakes | Hendrick Motorsports | Chevrolet","Driver",88,5
"Racing",2021,"Panini","Prizm","Legends White Prizm","Rusty Wallace","Miller Genuine Draft | Team Penske | Pontiac","Driver",89,5
"Racing",2021,"Panini","Prizm","Legends White Prizm","Danica Patrick","GoDaddy.com | Premium Motorsports | Chevrolet","Driver",90,5
"Racing",2021,"Panini","Prizm","Legends Zebra","Dale Earnhardt Jr","National Guard | Hendrick Motorsports | Chevrolet","Driver",81,
"Racing",2021,"Panini","Prizm","Legends Zebra","Richard Petty","STP | Petty Enterprises | Plymouth","Driver",82,
"Racing",2021,"Panini","Prizm","Legends Zebra","Jimmie Johnson","Lowe's | Hendrick Motorsports | Chevrolet","Driver",83,
"Racing",2021,"Panini","Prizm","Legends Zebra","Tony Stewart","Office Depot | Stewart-Haas Racing | Chevrolet","Driver",84,
"Racing",2021,"Panini","Prizm","Legends Zebra","Jeff Gordon","DuPont | Hendrick Motorsports | Chevrolet","Driver",85,
"Racing",2021,"Panini","Prizm","Legends Zebra","Carl Edwards","Subway | Joe Gibbs Racing | Toyota","Driver",86,
"Racing",2021,"Panini","Prizm","Legends Zebra","Mark Martin","Pfizer | Roush Racing | Ford","Driver",87,
"Racing",2021,"Panini","Prizm","Legends Zebra","Terry Labonte","Kellogg's Corn Flakes | Hendrick Motorsports | Chevrolet","Driver",88,
"Racing",2021,"Panini","Prizm","Legends Zebra","Rusty Wallace","Miller Genuine Draft | Team Penske | Pontiac","Driver",89,
"Racing",2021,"Panini","Prizm","Legends Zebra","Danica Patrick","GoDaddy.com | Premium Motorsports | Chevrolet","Driver",90,
"Racing",2021,"Panini","Prizm","Liberty","Jimmie Johnson","Kobalt Tools | Hendrick Motorsports | Chevrolet","Driver",1,
"Racing",2021,"Panini","Prizm","Liberty","William Byron","AXALTA | Hendrick Motorsports | Chevrolet","Driver",2,
"Racing",2021,"Panini","Prizm","Liberty","Kyle Busch","M&M's | Joe Gibbs Racing | Toyota","Driver",3,
"Racing",2021,"Panini","Prizm","Liberty","Danica Patrick","GoDaddy.com | Premium Motorsports | Chevrolet","Driver",4,
"Racing",2021,"Panini","Prizm","Liberty","Hailie Deegan","Monster Energy","Driver",5,
"Racing",2021,"Panini","Prizm","Liberty","Kevin Harvick","Mobil 1 | Stewart-Haas Racing | Ford","Driver",6,
"Racing",2021,"Panini","Prizm","Liberty","Denny Hamlin","FedEx Express | Joe Gibbs Racing | Toyota","Driver",7,
"Racing",2021,"Panini","Prizm","Liberty","Martin Truex Jr.","Bass Pro Shops | Joe Gibbs Racing | Toyota","Driver",8,
"Racing",2021,"Panini","Prizm","Liberty","Ryan Blaney","Menards | Team Penske | Ford","Driver",9,
"Racing",2021,"Panini","Prizm","Liberty","Joey Logano","Shell-Pennzoil | Team Penske | Ford","Driver",10,
"Racing",2021,"Panini","Prizm","Liberty","Tony Stewart","Bass Pro Shops | Stewart-Haas Racing | Chevrolet","Driver",11,
"Racing",2021,"Panini","Prizm","Liberty","Alex Bowman","Ally Financial | Hendrick Motorsports | Chevrolet","Driver",12,
"Racing",2021,"Panini","Prizm","Liberty","Dale Earnhardt Jr","National Guard | Hendrick Motorsports | Chevrolet","Driver",13,
"Racing",2021,"Panini","Prizm","Liberty","Chase Elliott","NAPA Auto Parts | Hendrick Motorsports | Chevrolet","Driver",14,
"Racing",2021,"Panini","Prizm","Liberty","Richard Petty","STP | Petty Enterprises | Plymouth","Driver",15,
"Racing",2021,"Panini","Prizm","Liberty","Brad Keselowski","Discount Tire | Team Penske | Ford","Driver",16,
"Racing",2021,"Panini","Prizm","Liberty","Austin Dillon","Bass Pro Shops | Richard Childress Racing | Chevrolet","Driver",17,
"Racing",2021,"Panini","Prizm","Liberty","Bubba Wallace","DoorDash | 23XI Racing | Toyota","Driver",18,
"Racing",2021,"Panini","Prizm","Liberty","Jeff Gordon","DuPont | Hendrick Motorsports | Chevrolet","Driver",19,
"Racing",2021,"Panini","Prizm","Liberty","Erik Jones","U.S. Air Force | Richard Petty Motorsports | Chevrolet","Driver",20,
"Racing",2021,"Panini","Prizm","National Pride","Jeff Gordon","DuPont | Hendrick Motorsports | Chevrolet","Driver",1,
"Racing",2021,"Panini","Prizm","National Pride","Dale Earnhardt Jr","National Guard | Hendrick Motorsports | Chevrolet","Driver",2,
"Racing",2021,"Panini","Prizm","National Pride","Brad Keselowski","Discount Tire | Team Penske | Ford","Driver",3,
"Racing",2021,"Panini","Prizm","National Pride","Kyle Larson","Hendrickcars.com | Hendrick Motorsports | Chevrolet","Driver",4,
"Racing",2021,"Panini","Prizm","National Pride","Denny Hamlin","FedEx Express | Joe Gibbs Racing | Toyota","Driver",5,
"Racing",2021,"Panini","Prizm","National Pride","Kyle Busch","M&M's | Joe Gibbs Racing | Toyota","Driver",6,
"Racing",2021,"Panini","Prizm","National Pride","Martin Truex Jr.","Bass Pro Shops | Joe Gibbs Racing | Toyota","Driver",7,
"Racing",2021,"Panini","Prizm","National Pride","Richard Petty","STP | Petty Enterprises | Plymouth","Driver",8,
"Racing",2021,"Panini","Prizm","National Pride","Erik Jones","U.S. Air Force | Richard Petty Motorsports | Chevrolet","Driver",9,
"Racing",2021,"Panini","Prizm","National Pride","Hailie Deegan","Monster Energy","Driver",10,
"Racing",2021,"Panini","Prizm","National Pride","Brittney Zamora","Rackley Roofing | Toyota","Driver",11,
"Racing",2021,"Panini","Prizm","National Pride","Natalie Decker","Red Street Records | Our Motorsports | Chevrolet","Driver",12,
"Racing",2021,"Panini","Prizm","National Pride","Danica Patrick","GoDaddy.com | Premium Motorsports | Chevrolet","Driver",13,
"Racing",2021,"Panini","Prizm","National Pride","Matt Kenseth","DeWalt | Joe Gibbs Racing | Toyota","Driver",14,
"Racing",2021,"Panini","Prizm","National Pride","Austin Dillon","Bass Pro Shops | Richard Childress Racing | Chevrolet","Driver",15,
"Racing",2021,"Panini","Prizm","National Pride Black Prizm","Jeff Gordon","DuPont | Hendrick Motorsports | Chevrolet","Driver",1,1
"Racing",2021,"Panini","Prizm","National Pride Black Prizm","Dale Earnhardt Jr","National Guard | Hendrick Motorsports | Chevrolet","Driver",2,1
"Racing",2021,"Panini","Prizm","National Pride Black Prizm","Brad Keselowski","Discount Tire | Team Penske | Ford","Driver",3,1
"Racing",2021,"Panini","Prizm","National Pride Black Prizm","Kyle Larson","Hendrickcars.com | Hendrick Motorsports | Chevrolet","Driver",4,1
"Racing",2021,"Panini","Prizm","National Pride Black Prizm","Denny Hamlin","FedEx Express | Joe Gibbs Racing | Toyota","Driver",5,1
"Racing",2021,"Panini","Prizm","National Pride Black Prizm","Kyle Busch","M&M's | Joe Gibbs Racing | Toyota","Driver",6,1
"Racing",2021,"Panini","Prizm","National Pride Black Prizm","Martin Truex Jr.","Bass Pro Shops | Joe Gibbs Racing | Toyota","Driver",7,1
"Racing",2021,"Panini","Prizm","National Pride Black Prizm","Richard Petty","STP | Petty Enterprises | Plymouth","Driver",8,1
"Racing",2021,"Panini","Prizm","National Pride Black Prizm","Erik Jones","U.S. Air Force | Richard Petty Motorsports | Chevrolet","Driver",9,1
"Racing",2021,"Panini","Prizm","National Pride Black Prizm","Hailie Deegan","Monster Energy","Driver",10,1
"Racing",2021,"Panini","Prizm","National Pride Black Prizm","Brittney Zamora","Rackley Roofing | Toyota","Driver",11,1
"Racing",2021,"Panini","Prizm","National Pride Black Prizm","Natalie Decker","Red Street Records | Our Motorsports | Chevrolet","Driver",12,1
"Racing",2021,"Panini","Prizm","National Pride Black Prizm","Danica Patrick","GoDaddy.com | Premium Motorsports | Chevrolet","Driver",13,1
"Racing",2021,"Panini","Prizm","National Pride Black Prizm","Matt Kenseth","DeWalt | Joe Gibbs Racing | Toyota","Driver",14,1
"Racing",2021,"Panini","Prizm","National Pride Black Prizm","Austin Dillon","Bass Pro Shops | Richard Childress Racing | Chevrolet","Driver",15,1
"Racing",2021,"Panini","Prizm","National Pride Gold Prizm","Jeff Gordon","DuPont | Hendrick Motorsports | Chevrolet","Driver",1,10
"Racing",2021,"Panini","Prizm","National Pride Gold Prizm","Dale Earnhardt Jr","National Guard | Hendrick Motorsports | Chevrolet","Driver",2,10
"Racing",2021,"Panini","Prizm","National Pride Gold Prizm","Brad Keselowski","Discount Tire | Team Penske | Ford","Driver",3,10
"Racing",2021,"Panini","Prizm","National Pride Gold Prizm","Kyle Larson","Hendrickcars.com | Hendrick Motorsports | Chevrolet","Driver",4,10
"Racing",2021,"Panini","Prizm","National Pride Gold Prizm","Denny Hamlin","FedEx Express | Joe Gibbs Racing | Toyota","Driver",5,10
"Racing",2021,"Panini","Prizm","National Pride Gold Prizm","Kyle Busch","M&M's | Joe Gibbs Racing | Toyota","Driver",6,10
"Racing",2021,"Panini","Prizm","National Pride Gold Prizm","Martin Truex Jr.","Bass Pro Shops | Joe Gibbs Racing | Toyota","Driver",7,10
"Racing",2021,"Panini","Prizm","National Pride Gold Prizm","Richard Petty","STP | Petty Enterprises | Plymouth","Driver",8,10
"Racing",2021,"Panini","Prizm","National Pride Gold Prizm","Erik Jones","U.S. Air Force | Richard Petty Motorsports | Chevrolet","Driver",9,10
"Racing",2021,"Panini","Prizm","National Pride Gold Prizm","Hailie Deegan","Monster Energy","Driver",10,10
"Racing",2021,"Panini","Prizm","National Pride Gold Prizm","Brittney Zamora","Rackley Roofing | Toyota","Driver",11,10
"Racing",2021,"Panini","Prizm","National Pride Gold Prizm","Natalie Decker","Red Street Records | Our Motorsports | Chevrolet","Driver",12,10
"Racing",2021,"Panini","Prizm","National Pride Gold Prizm","Danica Patrick","GoDaddy.com | Premium Motorsports | Chevrolet","Driver",13,10
"Racing",2021,"Panini","Prizm","National Pride Gold Prizm","Matt Kenseth","DeWalt | Joe Gibbs Racing | Toyota","Driver",14,10
"Racing",2021,"Panini","Prizm","National Pride Gold Prizm","Austin Dillon","Bass Pro Shops | Richard Childress Racing | Chevrolet","Driver",15,10
"Racing",2021,"Panini","Prizm","National Pride Gold Vinyl","Jeff Gordon","DuPont | Hendrick Motorsports | Chevrolet","Driver",1,1
"Racing",2021,"Panini","Prizm","National Pride Gold Vinyl","Dale Earnhardt Jr","National Guard | Hendrick Motorsports | Chevrolet","Driver",2,1
"Racing",2021,"Panini","Prizm","National Pride Gold Vinyl","Brad Keselowski","Discount Tire | Team Penske | Ford","Driver",3,1
"Racing",2021,"Panini","Prizm","National Pride Gold Vinyl","Kyle Larson","Hendrickcars.com | Hendrick Motorsports | Chevrolet","Driver",4,1
"Racing",2021,"Panini","Prizm","National Pride Gold Vinyl","Denny Hamlin","FedEx Express | Joe Gibbs Racing | Toyota","Driver",5,1
"Racing",2021,"Panini","Prizm","National Pride Gold Vinyl","Kyle Busch","M&M's | Joe Gibbs Racing | Toyota","Driver",6,1
"Racing",2021,"Panini","Prizm","National Pride Gold Vinyl","Martin Truex Jr.","Bass Pro Shops | Joe Gibbs Racing | Toyota","Driver",7,1
"Racing",2021,"Panini","Prizm","National Pride Gold Vinyl","Richard Petty","STP | Petty Enterprises | Plymouth","Driver",8,1
"Racing",2021,"Panini","Prizm","National Pride Gold Vinyl","Erik Jones","U.S. Air Force | Richard Petty Motorsports | Chevrolet","Driver",9,1
"Racing",2021,"Panini","Prizm","National Pride Gold Vinyl","Hailie Deegan","Monster Energy","Driver",10,1
"Racing",2021,"Panini","Prizm","National Pride Gold Vinyl","Brittney Zamora","Rackley Roofing | Toyota","Driver",11,1
"Racing",2021,"Panini","Prizm","National Pride Gold Vinyl","Natalie Decker","Red Street Records | Our Motorsports | Chevrolet","Driver",12,1
"Racing",2021,"Panini","Prizm","National Pride Gold Vinyl","Danica Patrick","GoDaddy.com | Premium Motorsports | Chevrolet","Driver",13,1
"Racing",2021,"Panini","Prizm","National Pride Gold Vinyl","Matt Kenseth","DeWalt | Joe Gibbs Racing | Toyota","Driver",14,1
"Racing",2021,"Panini","Prizm","National Pride Gold Vinyl","Austin Dillon","Bass Pro Shops | Richard Childress Racing | Chevrolet","Driver",15,1
"Racing",2021,"Panini","Prizm","National Pride Prizm","Jeff Gordon","DuPont | Hendrick Motorsports | Chevrolet","Driver",1,
"Racing",2021,"Panini","Prizm","National Pride Prizm","Dale Earnhardt Jr","National Guard | Hendrick Motorsports | Chevrolet","Driver",2,
"Racing",2021,"Panini","Prizm","National Pride Prizm","Brad Keselowski","Discount Tire | Team Penske | Ford","Driver",3,
"Racing",2021,"Panini","Prizm","National Pride Prizm","Kyle Larson","Hendrickcars.com | Hendrick Motorsports | Chevrolet","Driver",4,
"Racing",2021,"Panini","Prizm","National Pride Prizm","Denny Hamlin","FedEx Express | Joe Gibbs Racing | Toyota","Driver",5,
"Racing",2021,"Panini","Prizm","National Pride Prizm","Kyle Busch","M&M's | Joe Gibbs Racing | Toyota","Driver",6,
"Racing",2021,"Panini","Prizm","National Pride Prizm","Martin Truex Jr.","Bass Pro Shops | Joe Gibbs Racing | Toyota","Driver",7,
"Racing",2021,"Panini","Prizm","National Pride Prizm","Richard Petty","STP | Petty Enterprises | Plymouth","Driver",8,
"Racing",2021,"Panini","Prizm","National Pride Prizm","Erik Jones","U.S. Air Force | Richard Petty Motorsports | Chevrolet","Driver",9,
"Racing",2021,"Panini","Prizm","National Pride Prizm","Hailie Deegan","Monster Energy","Driver",10,
"Racing",2021,"Panini","Prizm","National Pride Prizm","Brittney Zamora","Rackley Roofing | Toyota","Driver",11,
"Racing",2021,"Panini","Prizm","National Pride Prizm","Natalie Decker","Red Street Records | Our Motorsports | Chevrolet","Driver",12,
"Racing",2021,"Panini","Prizm","National Pride Prizm","Danica Patrick","GoDaddy.com | Premium Motorsports | Chevrolet","Driver",13,
"Racing",2021,"Panini","Prizm","National Pride Prizm","Matt Kenseth","DeWalt | Joe Gibbs Racing | Toyota","Driver",14,
"Racing",2021,"Panini","Prizm","National Pride Prizm","Austin Dillon","Bass Pro Shops | Richard Childress Racing | Chevrolet","Driver",15,
"Racing",2021,"Panini","Prizm","Patented Penmanship Black Prizm","Jeff Gordon","DuPont | Hendrick Motorsports | Chevrolet","Driver",1,1
"Racing",2021,"Panini","Prizm","Patented Penmanship Black Prizm","Jimmie Johnson","Lowe's | Hendrick Motorsports | Chevrolet","Driver",2,1
"Racing",2021,"Panini","Prizm","Patented Penmanship Black Prizm","Alex Bowman","Ally Financial | Hendrick Motorsports | Chevrolet","Driver",3,1
"Racing",2021,"Panini","Prizm","Patented Penmanship Black Prizm","Aric Almirola","Smithfield Foods | Stewart-Haas Racing | Ford","Driver",4,1
"Racing",2021,"Panini","Prizm","Patented Penmanship Black Prizm","Clint Bowyer","Rush Truck Centers | Stewart-Haas Racing| Ford","Driver",5,1
"Racing",2021,"Panini","Prizm","Patented Penmanship Black Prizm","Brandon Jones","Toyota Service Centers | Joe Gibbs Racing | Toyota","Driver",6,1
"Racing",2021,"Panini","Prizm","Patented Penmanship Black Prizm","Matt DiBenedetto","Motorcraft | Wood Brothers Racing | Ford","Driver",7,1
"Racing",2021,"Panini","Prizm","Patented Penmanship Black Prizm","Michael Annett","Pilot Flying J | JR Motorsports | Chevrolet","Driver",8,1
"Racing",2021,"Panini","Prizm","Patented Penmanship Black Prizm","John Hunter Nemechek","Mobil 1 | Kyle Busch Motorsports | Toyota","Driver",9,1
"Racing",2021,"Panini","Prizm","Patented Penmanship Black Prizm","Derek Kraus","Hunter Nation | Bill McEnally Racing | Toyota","Driver",10,1
"Racing",2021,"Panini","Prizm","Patented Penmanship Black Prizm","Ross Chastain","Clover | Chip Ganassi Racing | Chevrolet","Driver",11,1
"Racing",2021,"Panini","Prizm","Patented Penmanship Black Prizm","Garrett Smithley","Trophy Tractor | Rick Ware Racing | Chevrolet","Driver",12,1
"Racing",2021,"Panini","Prizm","Patented Penmanship Black Prizm","Justin Allgaier","Brandt | JR Motorsports | Chevrolet","Driver",13,1
"Racing",2021,"Panini","Prizm","Patented Penmanship Black Prizm","Jesse Little","Shriners Hospital for Children | B.J. McLeod Motorsports | Chevrolet","Driver",14,1
"Racing",2021,"Panini","Prizm","Patented Penmanship Black Prizm","Kaz Grala","Hyper Ice | Kaulig Racing | Chevrolet","Driver",15,1
"Racing",2021,"Panini","Prizm","Patented Penmanship Carolina Blue Scope","Jeff Gordon","DuPont | Hendrick Motorsports | Chevrolet","Driver",1,30
"Racing",2021,"Panini","Prizm","Patented Penmanship Carolina Blue Scope","Jimmie Johnson","Lowe's | Hendrick Motorsports | Chevrolet","Driver",2,30
"Racing",2021,"Panini","Prizm","Patented Penmanship Carolina Blue Scope","Alex Bowman","Ally Financial | Hendrick Motorsports | Chevrolet","Driver",3,35
"Racing",2021,"Panini","Prizm","Patented Penmanship Carolina Blue Scope","Aric Almirola","Smithfield Foods | Stewart-Haas Racing | Ford","Driver",4,30
"Racing",2021,"Panini","Prizm","Patented Penmanship Carolina Blue Scope","Clint Bowyer","Rush Truck Centers | Stewart-Haas Racing| Ford","Driver",5,75
"Racing",2021,"Panini","Prizm","Patented Penmanship Carolina Blue Scope","Brandon Jones","Toyota Service Centers | Joe Gibbs Racing | Toyota","Driver",6,30
"Racing",2021,"Panini","Prizm","Patented Penmanship Carolina Blue Scope","Matt DiBenedetto","Motorcraft | Wood Brothers Racing | Ford","Driver",7,30
"Racing",2021,"Panini","Prizm","Patented Penmanship Carolina Blue Scope","Michael Annett","Pilot Flying J | JR Motorsports | Chevrolet","Driver",8,30
"Racing",2021,"Panini","Prizm","Patented Penmanship Carolina Blue Scope","John Hunter Nemechek","Mobil 1 | Kyle Busch Motorsports | Toyota","Driver",9,30
"Racing",2021,"Panini","Prizm","Patented Penmanship Carolina Blue Scope","Derek Kraus","Hunter Nation | Bill McEnally Racing | Toyota","Driver",10,75
"Racing",2021,"Panini","Prizm","Patented Penmanship Carolina Blue Scope","Garrett Smithley","Trophy Tractor | Rick Ware Racing | Chevrolet","Driver",12,75
"Racing",2021,"Panini","Prizm","Patented Penmanship Carolina Blue Scope","Justin Allgaier","Brandt | JR Motorsports | Chevrolet","Driver",13,30
"Racing",2021,"Panini","Prizm","Patented Penmanship Carolina Blue Scope","Jesse Little","Shriners Hospital for Children | B.J. McLeod Motorsports | Chevrolet","Driver",14,75
"Racing",2021,"Panini","Prizm","Patented Penmanship Carolina Blue Scope","Kaz Grala","Hyper Ice | Kaulig Racing | Chevrolet","Driver",15,60
"Racing",2021,"Panini","Prizm","Patented Penmanship Gold Prizm","Jeff Gordon","DuPont | Hendrick Motorsports | Chevrolet","Driver",1,10
"Racing",2021,"Panini","Prizm","Patented Penmanship Gold Prizm","Jimmie Johnson","Lowe's | Hendrick Motorsports | Chevrolet","Driver",2,10
"Racing",2021,"Panini","Prizm","Patented Penmanship Gold Prizm","Alex Bowman","Ally Financial | Hendrick Motorsports | Chevrolet","Driver",3,10
"Racing",2021,"Panini","Prizm","Patented Penmanship Gold Prizm","Aric Almirola","Smithfield Foods | Stewart-Haas Racing | Ford","Driver",4,10
"Racing",2021,"Panini","Prizm","Patented Penmanship Gold Prizm","Clint Bowyer","Rush Truck Centers | Stewart-Haas Racing| Ford","Driver",5,10
"Racing",2021,"Panini","Prizm","Patented Penmanship Gold Prizm","Brandon Jones","Toyota Service Centers | Joe Gibbs Racing | Toyota","Driver",6,10
"Racing",2021,"Panini","Prizm","Patented Penmanship Gold Prizm","Matt DiBenedetto","Motorcraft | Wood Brothers Racing | Ford","Driver",7,10
"Racing",2021,"Panini","Prizm","Patented Penmanship Gold Prizm","Michael Annett","Pilot Flying J | JR Motorsports | Chevrolet","Driver",8,10
"Racing",2021,"Panini","Prizm","Patented Penmanship Gold Prizm","John Hunter Nemechek","Mobil 1 | Kyle Busch Motorsports | Toyota","Driver",9,10
"Racing",2021,"Panini","Prizm","Patented Penmanship Gold Prizm","Derek Kraus","Hunter Nation | Bill McEnally Racing | Toyota","Driver",10,10
"Racing",2021,"Panini","Prizm","Patented Penmanship Gold Prizm","Ross Chastain","Clover | Chip Ganassi Racing | Chevrolet","Driver",11,10
"Racing",2021,"Panini","Prizm","Patented Penmanship Gold Prizm","Garrett Smithley","Trophy Tractor | Rick Ware Racing | Chevrolet","Driver",12,10
"Racing",2021,"Panini","Prizm","Patented Penmanship Gold Prizm","Justin Allgaier","Brandt | JR Motorsports | Chevrolet","Driver",13,10
"Racing",2021,"Panini","Prizm","Patented Penmanship Gold Prizm","Jesse Little","Shriners Hospital for Children | B.J. McLeod Motorsports | Chevrolet","Driver",14,10
"Racing",2021,"Panini","Prizm","Patented Penmanship Gold Prizm","Kaz Grala","Hyper Ice | Kaulig Racing | Chevrolet","Driver",15,10
"Racing",2021,"Panini","Prizm","Patented Penmanship Gold Vinyl","Jeff Gordon","DuPont | Hendrick Motorsports | Chevrolet","Driver",1,1
"Racing",2021,"Panini","Prizm","Patented Penmanship Gold Vinyl","Jimmie Johnson","Lowe's | Hendrick Motorsports | Chevrolet","Driver",2,1
"Racing",2021,"Panini","Prizm","Patented Penmanship Gold Vinyl","Alex Bowman","Ally Financial | Hendrick Motorsports | Chevrolet","Driver",3,1
"Racing",2021,"Panini","Prizm","Patented Penmanship Gold Vinyl","Aric Almirola","Smithfield Foods | Stewart-Haas Racing | Ford","Driver",4,1
"Racing",2021,"Panini","Prizm","Patented Penmanship Gold Vinyl","Clint Bowyer","Rush Truck Centers | Stewart-Haas Racing| Ford","Driver",5,1
"Racing",2021,"Panini","Prizm","Patented Penmanship Gold Vinyl","Brandon Jones","Toyota Service Centers | Joe Gibbs Racing | Toyota","Driver",6,1
"Racing",2021,"Panini","Prizm","Patented Penmanship Gold Vinyl","Matt DiBenedetto","Motorcraft | Wood Brothers Racing | Ford","Driver",7,1
"Racing",2021,"Panini","Prizm","Patented Penmanship Gold Vinyl","Michael Annett","Pilot Flying J | JR Motorsports | Chevrolet","Driver",8,1
"Racing",2021,"Panini","Prizm","Patented Penmanship Gold Vinyl","John Hunter Nemechek","Mobil 1 | Kyle Busch Motorsports | Toyota","Driver",9,1
"Racing",2021,"Panini","Prizm","Patented Penmanship Gold Vinyl","Derek Kraus","Hunter Nation | Bill McEnally Racing | Toyota","Driver",10,1
"Racing",2021,"Panini","Prizm","Patented Penmanship Gold Vinyl","Ross Chastain","Clover | Chip Ganassi Racing | Chevrolet","Driver",11,1
"Racing",2021,"Panini","Prizm","Patented Penmanship Gold Vinyl","Garrett Smithley","Trophy Tractor | Rick Ware Racing | Chevrolet","Driver",12,1
"Racing",2021,"Panini","Prizm","Patented Penmanship Gold Vinyl","Justin Allgaier","Brandt | JR Motorsports | Chevrolet","Driver",13,1
"Racing",2021,"Panini","Prizm","Patented Penmanship Gold Vinyl","Jesse Little","Shriners Hospital for Children | B.J. McLeod Motorsports | Chevrolet","Driver",14,1
"Racing",2021,"Panini","Prizm","Patented Penmanship Gold Vinyl","Kaz Grala","Hyper Ice | Kaulig Racing | Chevrolet","Driver",15,1
"Racing",2021,"Panini","Prizm","Patented Penmanship Hyper Prizm Blue and Carolina Blue","Jeff Gordon","DuPont | Hendrick Motorsports | Chevrolet","Driver",1,10
"Racing",2021,"Panini","Prizm","Patented Penmanship Hyper Prizm Blue and Carolina Blue","Jimmie Johnson","Lowe's | Hendrick Motorsports | Chevrolet","Driver",2,10
"Racing",2021,"Panini","Prizm","Patented Penmanship Hyper Prizm Blue and Carolina Blue","Alex Bowman","Ally Financial | Hendrick Motorsports | Chevrolet","Driver",3,25
"Racing",2021,"Panini","Prizm","Patented Penmanship Hyper Prizm Blue and Carolina Blue","Aric Almirola","Smithfield Foods | Stewart-Haas Racing | Ford","Driver",4,25
"Racing",2021,"Panini","Prizm","Patented Penmanship Hyper Prizm Blue and Carolina Blue","Clint Bowyer","Rush Truck Centers | Stewart-Haas Racing| Ford","Driver",5,50
"Racing",2021,"Panini","Prizm","Patented Penmanship Hyper Prizm Blue and Carolina Blue","Brandon Jones","Toyota Service Centers | Joe Gibbs Racing | Toyota","Driver",6,10
"Racing",2021,"Panini","Prizm","Patented Penmanship Hyper Prizm Blue and Carolina Blue","Matt DiBenedetto","Motorcraft | Wood Brothers Racing | Ford","Driver",7,5
"Racing",2021,"Panini","Prizm","Patented Penmanship Hyper Prizm Blue and Carolina Blue","Michael Annett","Pilot Flying J | JR Motorsports | Chevrolet","Driver",8,15
"Racing",2021,"Panini","Prizm","Patented Penmanship Hyper Prizm Blue and Carolina Blue","John Hunter Nemechek","Mobil 1 | Kyle Busch Motorsports | Toyota","Driver",9,25
"Racing",2021,"Panini","Prizm","Patented Penmanship Hyper Prizm Blue and Carolina Blue","Derek Kraus","Hunter Nation | Bill McEnally Racing | Toyota","Driver",10,25
"Racing",2021,"Panini","Prizm","Patented Penmanship Hyper Prizm Blue and Carolina Blue","Ross Chastain","Clover | Chip Ganassi Racing | Chevrolet","Driver",11,5
"Racing",2021,"Panini","Prizm","Patented Penmanship Hyper Prizm Blue and Carolina Blue","Garrett Smithley","Trophy Tractor | Rick Ware Racing | Chevrolet","Driver",12,50
"Racing",2021,"Panini","Prizm","Patented Penmanship Hyper Prizm Blue and Carolina Blue","Justin Allgaier","Brandt | JR Motorsports | Chevrolet","Driver",13,25
"Racing",2021,"Panini","Prizm","Patented Penmanship Hyper Prizm Blue and Carolina Blue","Jesse Little","Shriners Hospital for Children | B.J. McLeod Motorsports | Chevrolet","Driver",14,10
"Racing",2021,"Panini","Prizm","Patented Penmanship Hyper Prizm Blue and Carolina Blue","Kaz Grala","Hyper Ice | Kaulig Racing | Chevrolet","Driver",15,10
"Racing",2021,"Panini","Prizm","Patented Penmanship Hyper Prizm Green and Yellow","Jeff Gordon","DuPont | Hendrick Motorsports | Chevrolet","Driver",1,10
"Racing",2021,"Panini","Prizm","Patented Penmanship Hyper Prizm Green and Yellow","Jimmie Johnson","Lowe's | Hendrick Motorsports | Chevrolet","Driver",2,10
"Racing",2021,"Panini","Prizm","Patented Penmanship Hyper Prizm Green and Yellow","Alex Bowman","Ally Financial | Hendrick Motorsports | Chevrolet","Driver",3,25
"Racing",2021,"Panini","Prizm","Patented Penmanship Hyper Prizm Green and Yellow","Aric Almirola","Smithfield Foods | Stewart-Haas Racing | Ford","Driver",4,10
"Racing",2021,"Panini","Prizm","Patented Penmanship Hyper Prizm Green and Yellow","Clint Bowyer","Rush Truck Centers | Stewart-Haas Racing| Ford","Driver",5,50
"Racing",2021,"Panini","Prizm","Patented Penmanship Hyper Prizm Green and Yellow","Brandon Jones","Toyota Service Centers | Joe Gibbs Racing | Toyota","Driver",6,10
"Racing",2021,"Panini","Prizm","Patented Penmanship Hyper Prizm Green and Yellow","Matt DiBenedetto","Motorcraft | Wood Brothers Racing | Ford","Driver",7,5
"Racing",2021,"Panini","Prizm","Patented Penmanship Hyper Prizm Green and Yellow","Michael Annett","Pilot Flying J | JR Motorsports | Chevrolet","Driver",8,15
"Racing",2021,"Panini","Prizm","Patented Penmanship Hyper Prizm Green and Yellow","John Hunter Nemechek","Mobil 1 | Kyle Busch Motorsports | Toyota","Driver",9,25
"Racing",2021,"Panini","Prizm","Patented Penmanship Hyper Prizm Green and Yellow","Derek Kraus","Hunter Nation | Bill McEnally Racing | Toyota","Driver",10,25
"Racing",2021,"Panini","Prizm","Patented Penmanship Hyper Prizm Green and Yellow","Ross Chastain","Clover | Chip Ganassi Racing | Chevrolet","Driver",11,5
"Racing",2021,"Panini","Prizm","Patented Penmanship Hyper Prizm Green and Yellow","Garrett Smithley","Trophy Tractor | Rick Ware Racing | Chevrolet","Driver",12,50
"Racing",2021,"Panini","Prizm","Patented Penmanship Hyper Prizm Green and Yellow","Justin Allgaier","Brandt | JR Motorsports | Chevrolet","Driver",13,25
"Racing",2021,"Panini","Prizm","Patented Penmanship Hyper Prizm Green and Yellow","Jesse Little","Shriners Hospital for Children | B.J. McLeod Motorsports | Chevrolet","Driver",14,10
"Racing",2021,"Panini","Prizm","Patented Penmanship Hyper Prizm Green and Yellow","Kaz Grala","Hyper Ice | Kaulig Racing | Chevrolet","Driver",15,10
"Racing",2021,"Panini","Prizm","Patented Penmanship Hyper Prizm Red and Blue","Jeff Gordon","DuPont | Hendrick Motorsports | Chevrolet","Driver",1,10
"Racing",2021,"Panini","Prizm","Patented Penmanship Hyper Prizm Red and Blue","Jimmie Johnson","Lowe's | Hendrick Motorsports | Chevrolet","Driver",2,10
"Racing",2021,"Panini","Prizm","Patented Penmanship Hyper Prizm Red and Blue","Alex Bowman","Ally Financial | Hendrick Motorsports | Chevrolet","Driver",3,25
"Racing",2021,"Panini","Prizm","Patented Penmanship Hyper Prizm Red and Blue","Aric Almirola","Smithfield Foods | Stewart-Haas Racing | Ford","Driver",4,10
"Racing",2021,"Panini","Prizm","Patented Penmanship Hyper Prizm Red and Blue","Clint Bowyer","Rush Truck Centers | Stewart-Haas Racing| Ford","Driver",5,50
"Racing",2021,"Panini","Prizm","Patented Penmanship Hyper Prizm Red and Blue","Brandon Jones","Toyota Service Centers | Joe Gibbs Racing | Toyota","Driver",6,10
"Racing",2021,"Panini","Prizm","Patented Penmanship Hyper Prizm Red and Blue","Matt DiBenedetto","Motorcraft | Wood Brothers Racing | Ford","Driver",7,5
"Racing",2021,"Panini","Prizm","Patented Penmanship Hyper Prizm Red and Blue","Michael Annett","Pilot Flying J | JR Motorsports | Chevrolet","Driver",8,15
"Racing",2021,"Panini","Prizm","Patented Penmanship Hyper Prizm Red and Blue","John Hunter Nemechek","Mobil 1 | Kyle Busch Motorsports | Toyota","Driver",9,25
"Racing",2021,"Panini","Prizm","Patented Penmanship Hyper Prizm Red and Blue","Derek Kraus","Hunter Nation | Bill McEnally Racing | Toyota","Driver",10,25
"Racing",2021,"Panini","Prizm","Patented Penmanship Hyper Prizm Red and Blue","Ross Chastain","Clover | Chip Ganassi Racing | Chevrolet","Driver",11,5
"Racing",2021,"Panini","Prizm","Patented Penmanship Hyper Prizm Red and Blue","Garrett Smithley","Trophy Tractor | Rick Ware Racing | Chevrolet","Driver",12,50
"Racing",2021,"Panini","Prizm","Patented Penmanship Hyper Prizm Red and Blue","Justin Allgaier","Brandt | JR Motorsports | Chevrolet","Driver",13,25
"Racing",2021,"Panini","Prizm","Patented Penmanship Hyper Prizm Red and Blue","Jesse Little","Shriners Hospital for Children | B.J. McLeod Motorsports | Chevrolet","Driver",14,10
"Racing",2021,"Panini","Prizm","Patented Penmanship Hyper Prizm Red and Blue","Kaz Grala","Hyper Ice | Kaulig Racing | Chevrolet","Driver",15,10
"Racing",2021,"Panini","Prizm","Patented Penmanship Pink Prizm","Jeff Gordon","DuPont | Hendrick Motorsports | Chevrolet","Driver",1,25
"Racing",2021,"Panini","Prizm","Patented Penmanship Pink Prizm","Jimmie Johnson","Lowe's | Hendrick Motorsports | Chevrolet","Driver",2,25
"Racing",2021,"Panini","Prizm","Patented Penmanship Pink Prizm","Alex Bowman","Ally Financial | Hendrick Motorsports | Chevrolet","Driver",3,25
"Racing",2021,"Panini","Prizm","Patented Penmanship Pink Prizm","Aric Almirola","Smithfield Foods | Stewart-Haas Racing | Ford","Driver",4,25
"Racing",2021,"Panini","Prizm","Patented Penmanship Pink Prizm","Clint Bowyer","Rush Truck Centers | Stewart-Haas Racing| Ford","Driver",5,50
"Racing",2021,"Panini","Prizm","Patented Penmanship Pink Prizm","Brandon Jones","Toyota Service Centers | Joe Gibbs Racing | Toyota","Driver",6,25
"Racing",2021,"Panini","Prizm","Patented Penmanship Pink Prizm","Matt DiBenedetto","Motorcraft | Wood Brothers Racing | Ford","Driver",7,25
"Racing",2021,"Panini","Prizm","Patented Penmanship Pink Prizm","Michael Annett","Pilot Flying J | JR Motorsports | Chevrolet","Driver",8,25
"Racing",2021,"Panini","Prizm","Patented Penmanship Pink Prizm","John Hunter Nemechek","Mobil 1 | Kyle Busch Motorsports | Toyota","Driver",9,25
"Racing",2021,"Panini","Prizm","Patented Penmanship Pink Prizm","Derek Kraus","Hunter Nation | Bill McEnally Racing | Toyota","Driver",10,50
"Racing",2021,"Panini","Prizm","Patented Penmanship Pink Prizm","Garrett Smithley","Trophy Tractor | Rick Ware Racing | Chevrolet","Driver",12,50
"Racing",2021,"Panini","Prizm","Patented Penmanship Pink Prizm","Justin Allgaier","Brandt | JR Motorsports | Chevrolet","Driver",13,25
"Racing",2021,"Panini","Prizm","Patented Penmanship Pink Prizm","Jesse Little","Shriners Hospital for Children | B.J. McLeod Motorsports | Chevrolet","Driver",14,50
"Racing",2021,"Panini","Prizm","Patented Penmanship Pink Prizm","Kaz Grala","Hyper Ice | Kaulig Racing | Chevrolet","Driver",15,50
"Racing",2021,"Panini","Prizm","Patented Penmanship Prizm","Jeff Gordon","DuPont | Hendrick Motorsports | Chevrolet","Driver",1,
"Racing",2021,"Panini","Prizm","Patented Penmanship Prizm","Jimmie Johnson","Lowe's | Hendrick Motorsports | Chevrolet","Driver",2,
"Racing",2021,"Panini","Prizm","Patented Penmanship Prizm","Alex Bowman","Ally Financial | Hendrick Motorsports | Chevrolet","Driver",3,
"Racing",2021,"Panini","Prizm","Patented Penmanship Prizm","Aric Almirola","Smithfield Foods | Stewart-Haas Racing | Ford","Driver",4,
"Racing",2021,"Panini","Prizm","Patented Penmanship Prizm","Clint Bowyer","Rush Truck Centers | Stewart-Haas Racing| Ford","Driver",5,
"Racing",2021,"Panini","Prizm","Patented Penmanship Prizm","Brandon Jones","Toyota Service Centers | Joe Gibbs Racing | Toyota","Driver",6,
"Racing",2021,"Panini","Prizm","Patented Penmanship Prizm","Matt DiBenedetto","Motorcraft | Wood Brothers Racing | Ford","Driver",7,
"Racing",2021,"Panini","Prizm","Patented Penmanship Prizm","Michael Annett","Pilot Flying J | JR Motorsports | Chevrolet","Driver",8,
"Racing",2021,"Panini","Prizm","Patented Penmanship Prizm","John Hunter Nemechek","Mobil 1 | Kyle Busch Motorsports | Toyota","Driver",9,
"Racing",2021,"Panini","Prizm","Patented Penmanship Prizm","Derek Kraus","Hunter Nation | Bill McEnally Racing | Toyota","Driver",10,
"Racing",2021,"Panini","Prizm","Patented Penmanship Prizm","Garrett Smithley","Trophy Tractor | Rick Ware Racing | Chevrolet","Driver",12,
"Racing",2021,"Panini","Prizm","Patented Penmanship Prizm","Justin Allgaier","Brandt | JR Motorsports | Chevrolet","Driver",13,
"Racing",2021,"Panini","Prizm","Patented Penmanship Prizm","Jesse Little","Shriners Hospital for Children | B.J. McLeod Motorsports | Chevrolet","Driver",14,
"Racing",2021,"Panini","Prizm","Patented Penmanship Prizm","Kaz Grala","Hyper Ice | Kaulig Racing | Chevrolet","Driver",15,
"Racing",2021,"Panini","Prizm","Patented Penmanship Purple Velocity","Jeff Gordon","DuPont | Hendrick Motorsports | Chevrolet","Driver",1,35
"Racing",2021,"Panini","Prizm","Patented Penmanship Purple Velocity","Jimmie Johnson","Lowe's | Hendrick Motorsports | Chevrolet","Driver",2,35
"Racing",2021,"Panini","Prizm","Patented Penmanship Purple Velocity","Alex Bowman","Ally Financial | Hendrick Motorsports | Chevrolet","Driver",3,60
"Racing",2021,"Panini","Prizm","Patented Penmanship Purple Velocity","Aric Almirola","Smithfield Foods | Stewart-Haas Racing | Ford","Driver",4,35
"Racing",2021,"Panini","Prizm","Patented Penmanship Purple Velocity","Clint Bowyer","Rush Truck Centers | Stewart-Haas Racing| Ford","Driver",5,99
"Racing",2021,"Panini","Prizm","Patented Penmanship Purple Velocity","Brandon Jones","Toyota Service Centers | Joe Gibbs Racing | Toyota","Driver",6,35
"Racing",2021,"Panini","Prizm","Patented Penmanship Purple Velocity","Matt DiBenedetto","Motorcraft | Wood Brothers Racing | Ford","Driver",7,35
"Racing",2021,"Panini","Prizm","Patented Penmanship Purple Velocity","Michael Annett","Pilot Flying J | JR Motorsports | Chevrolet","Driver",8,35
"Racing",2021,"Panini","Prizm","Patented Penmanship Purple Velocity","John Hunter Nemechek","Mobil 1 | Kyle Busch Motorsports | Toyota","Driver",9,35
"Racing",2021,"Panini","Prizm","Patented Penmanship Purple Velocity","Derek Kraus","Hunter Nation | Bill McEnally Racing | Toyota","Driver",10,99
"Racing",2021,"Panini","Prizm","Patented Penmanship Purple Velocity","Garrett Smithley","Trophy Tractor | Rick Ware Racing | Chevrolet","Driver",12,99
"Racing",2021,"Panini","Prizm","Patented Penmanship Purple Velocity","Justin Allgaier","Brandt | JR Motorsports | Chevrolet","Driver",13,35
"Racing",2021,"Panini","Prizm","Patented Penmanship Purple Velocity","Jesse Little","Shriners Hospital for Children | B.J. McLeod Motorsports | Chevrolet","Driver",14,99
"Racing",2021,"Panini","Prizm","Patented Penmanship Purple Velocity","Kaz Grala","Hyper Ice | Kaulig Racing | Chevrolet","Driver",15,75
"Racing",2021,"Panini","Prizm","Patented Penmanship Rainbow Prizm","Jeff Gordon","DuPont | Hendrick Motorsports | Chevrolet","Driver",1,24
"Racing",2021,"Panini","Prizm","Patented Penmanship Rainbow Prizm","Jimmie Johnson","Lowe's | Hendrick Motorsports | Chevrolet","Driver",2,24
"Racing",2021,"Panini","Prizm","Patented Penmanship Rainbow Prizm","Alex Bowman","Ally Financial | Hendrick Motorsports | Chevrolet","Driver",3,24
"Racing",2021,"Panini","Prizm","Patented Penmanship Rainbow Prizm","Aric Almirola","Smithfield Foods | Stewart-Haas Racing | Ford","Driver",4,24
"Racing",2021,"Panini","Prizm","Patented Penmanship Rainbow Prizm","Clint Bowyer","Rush Truck Centers | Stewart-Haas Racing| Ford","Driver",5,24
"Racing",2021,"Panini","Prizm","Patented Penmanship Rainbow Prizm","Brandon Jones","Toyota Service Centers | Joe Gibbs Racing | Toyota","Driver",6,24
"Racing",2021,"Panini","Prizm","Patented Penmanship Rainbow Prizm","Matt DiBenedetto","Motorcraft | Wood Brothers Racing | Ford","Driver",7,24
"Racing",2021,"Panini","Prizm","Patented Penmanship Rainbow Prizm","Michael Annett","Pilot Flying J | JR Motorsports | Chevrolet","Driver",8,24
"Racing",2021,"Panini","Prizm","Patented Penmanship Rainbow Prizm","John Hunter Nemechek","Mobil 1 | Kyle Busch Motorsports | Toyota","Driver",9,24
"Racing",2021,"Panini","Prizm","Patented Penmanship Rainbow Prizm","Derek Kraus","Hunter Nation | Bill McEnally Racing | Toyota","Driver",10,24
"Racing",2021,"Panini","Prizm","Patented Penmanship Rainbow Prizm","Garrett Smithley","Trophy Tractor | Rick Ware Racing | Chevrolet","Driver",12,24
"Racing",2021,"Panini","Prizm","Patented Penmanship Rainbow Prizm","Justin Allgaier","Brandt | JR Motorsports | Chevrolet","Driver",13,24
"Racing",2021,"Panini","Prizm","Patented Penmanship Rainbow Prizm","Jesse Little","Shriners Hospital for Children | B.J. McLeod Motorsports | Chevrolet","Driver",14,24
"Racing",2021,"Panini","Prizm","Patented Penmanship Rainbow Prizm","Kaz Grala","Hyper Ice | Kaulig Racing | Chevrolet","Driver",15,24
"Racing",2021,"Panini","Prizm","Patented Penmanship Reactive Blue","Jeff Gordon","DuPont | Hendrick Motorsports | Chevrolet","Driver",1,25
"Racing",2021,"Panini","Prizm","Patented Penmanship Reactive Blue","Jimmie Johnson","Lowe's | Hendrick Motorsports | Chevrolet","Driver",2,28
"Racing",2021,"Panini","Prizm","Patented Penmanship Reactive Blue","Alex Bowman","Ally Financial | Hendrick Motorsports | Chevrolet","Driver",3,25
"Racing",2021,"Panini","Prizm","Patented Penmanship Reactive Blue","Aric Almirola","Smithfield Foods | Stewart-Haas Racing | Ford","Driver",4,25
"Racing",2021,"Panini","Prizm","Patented Penmanship Reactive Blue","Clint Bowyer","Rush Truck Centers | Stewart-Haas Racing| Ford","Driver",5,99
"Racing",2021,"Panini","Prizm","Patented Penmanship Reactive Blue","Brandon Jones","Toyota Service Centers | Joe Gibbs Racing | Toyota","Driver",6,25
"Racing",2021,"Panini","Prizm","Patented Penmanship Reactive Blue","Matt DiBenedetto","Motorcraft | Wood Brothers Racing | Ford","Driver",7,10
"Racing",2021,"Panini","Prizm","Patented Penmanship Reactive Blue","Michael Annett","Pilot Flying J | JR Motorsports | Chevrolet","Driver",8,25
"Racing",2021,"Panini","Prizm","Patented Penmanship Reactive Blue","John Hunter Nemechek","Mobil 1 | Kyle Busch Motorsports | Toyota","Driver",9,25
"Racing",2021,"Panini","Prizm","Patented Penmanship Reactive Blue","Derek Kraus","Hunter Nation | Bill McEnally Racing | Toyota","Driver",10,50
"Racing",2021,"Panini","Prizm","Patented Penmanship Reactive Blue","Ross Chastain","Clover | Chip Ganassi Racing | Chevrolet","Driver",11,10
"Racing",2021,"Panini","Prizm","Patented Penmanship Reactive Blue","Garrett Smithley","Trophy Tractor | Rick Ware Racing | Chevrolet","Driver",12,99
"Racing",2021,"Panini","Prizm","Patented Penmanship Reactive Blue","Justin Allgaier","Brandt | JR Motorsports | Chevrolet","Driver",13,50
"Racing",2021,"Panini","Prizm","Patented Penmanship Reactive Blue","Jesse Little","Shriners Hospital for Children | B.J. McLeod Motorsports | Chevrolet","Driver",14,50
"Racing",2021,"Panini","Prizm","Patented Penmanship Reactive Blue","Kaz Grala","Hyper Ice | Kaulig Racing | Chevrolet","Driver",15,25
"Racing",2021,"Panini","Prizm","Patented Penmanship White Prizm","Jeff Gordon","DuPont | Hendrick Motorsports | Chevrolet","Driver",1,5
"Racing",2021,"Panini","Prizm","Patented Penmanship White Prizm","Jimmie Johnson","Lowe's | Hendrick Motorsports | Chevrolet","Driver",2,5
"Racing",2021,"Panini","Prizm","Patented Penmanship White Prizm","Alex Bowman","Ally Financial | Hendrick Motorsports | Chevrolet","Driver",3,5
"Racing",2021,"Panini","Prizm","Patented Penmanship White Prizm","Aric Almirola","Smithfield Foods | Stewart-Haas Racing | Ford","Driver",4,5
"Racing",2021,"Panini","Prizm","Patented Penmanship White Prizm","Clint Bowyer","Rush Truck Centers | Stewart-Haas Racing| Ford","Driver",5,5
"Racing",2021,"Panini","Prizm","Patented Penmanship White Prizm","Brandon Jones","Toyota Service Centers | Joe Gibbs Racing | Toyota","Driver",6,5
"Racing",2021,"Panini","Prizm","Patented Penmanship White Prizm","Matt DiBenedetto","Motorcraft | Wood Brothers Racing | Ford","Driver",7,5
"Racing",2021,"Panini","Prizm","Patented Penmanship White Prizm","Michael Annett","Pilot Flying J | JR Motorsports | Chevrolet","Driver",8,5
"Racing",2021,"Panini","Prizm","Patented Penmanship White Prizm","John Hunter Nemechek","Mobil 1 | Kyle Busch Motorsports | Toyota","Driver",9,5
"Racing",2021,"Panini","Prizm","Patented Penmanship White Prizm","Derek Kraus","Hunter Nation | Bill McEnally Racing | Toyota","Driver",10,5
"Racing",2021,"Panini","Prizm","Patented Penmanship White Prizm","Ross Chastain","Clover | Chip Ganassi Racing | Chevrolet","Driver",11,5
"Racing",2021,"Panini","Prizm","Patented Penmanship White Prizm","Garrett Smithley","Trophy Tractor | Rick Ware Racing | Chevrolet","Driver",12,5
"Racing",2021,"Panini","Prizm","Patented Penmanship White Prizm","Justin Allgaier","Brandt | JR Motorsports | Chevrolet","Driver",13,5
"Racing",2021,"Panini","Prizm","Patented Penmanship White Prizm","Jesse Little","Shriners Hospital for Children | B.J. McLeod Motorsports | Chevrolet","Driver",14,5
"Racing",2021,"Panini","Prizm","Patented Penmanship White Prizm","Kaz Grala","Hyper Ice | Kaulig Racing | Chevrolet","Driver",15,5
"Racing",2021,"Panini","Prizm","Pink Prizm","Tyler Reddick","Caterpillar | Richard Childress Racing | Chevrolet","Driver",1,50
"Racing",2021,"Panini","Prizm","Pink Prizm","Martin Truex Jr.","Bass Pro Shops | Joe Gibbs Racing | Toyota","Driver",2,50
"Racing",2021,"Panini","Prizm","Pink Prizm","Kyle Weatherman","Wolfpack Racing | Mike Harmon Racing | Chevrolet","Driver",3,50
"Racing",2021,"Panini","Prizm","Pink Prizm","Kyle Larson","Hendrickcars.com | Hendrick Motorsports | Chevrolet","Driver",4,50
"Racing",2021,"Panini","Prizm","Pink Prizm","Alex Bowman","Ally Financial | Hendrick Motorsports | Chevrolet","Driver",5,50
"Racing",2021,"Panini","Prizm","Pink Prizm","Bayley Currey ","Belmont Classic Cars | Rick Ware Racing | Chevrolet","Driver",6,50
"Racing",2021,"Panini","Prizm","Pink Prizm","Chase Elliott","NAPA Auto Parts | Hendrick Motorsports | Chevrolet","Driver",7,50
"Racing",2021,"Panini","Prizm","Pink Prizm","Christopher Bell","Rheem | Joe Gibbs Racing | Toyota","Driver",8,50
"Racing",2021,"Panini","Prizm","Pink Prizm","Raphael Lessard","Canac | GMS Racing | Chevrolet","Driver",9,50
"Racing",2021,"Panini","Prizm","Pink Prizm","Alex Labbe","Prolon | DGM Racing | Chevrolet","Driver",10,50
"Racing",2021,"Panini","Prizm","Pink Prizm","Kyle Busch","M&M's | Joe Gibbs Racing | Toyota","Driver",11,50
"Racing",2021,"Panini","Prizm","Pink Prizm","Drew Dollar","JBL | Kyle Busch Motorsports | Toyota","Driver",12,50
"Racing",2021,"Panini","Prizm","Pink Prizm","Brandon Jones","Menards | Joe Gibbs Racing | Toyota","Driver",13,50
"Racing",2021,"Panini","Prizm","Pink Prizm","Myatt Snider","TaxSlayer | Richard Childress Racing | Chevrolet","Driver",14,50
"Racing",2021,"Panini","Prizm","Pink Prizm","Denny Hamlin","FedEx Express | Joe Gibbs Racing | Toyota","Driver",15,50
"Racing",2021,"Panini","Prizm","Pink Prizm","Ryan Repko","Craftsman | Venturini Motorsports | Toyota","Driver",16,50
"Racing",2021,"Panini","Prizm","Pink Prizm","Anthony Alfredo","Dude Wipes | Front Row Motorsports | Ford","Driver",17,50
"Racing",2021,"Panini","Prizm","Pink Prizm","Brittney Zamora","Rackley Roofing | Toyota","Driver",18,50
"Racing",2021,"Panini","Prizm","Pink Prizm","Daniel Suarez","Camping World | Trackhouse Racing | Chevrolet","Driver",19,50
"Racing",2021,"Panini","Prizm","Pink Prizm","Josh Berry","Tire Pros | JR Motorsports | Chevrolet","Driver",20,50
"Racing",2021,"Panini","Prizm","Pink Prizm","Daniel Hemric","Poppy Bank | Joe Gibbs Racing | Toyota","Driver",21,50
"Racing",2021,"Panini","Prizm","Pink Prizm","Corey LaJoie","Schluter Systems | Spire Motorsports | Chevrolet","Driver",22,50
"Racing",2021,"Panini","Prizm","Pink Prizm","Josh Williams","Alloy Employer Services | DGM Racing | Chevrolet","Driver",23,50
"Racing",2021,"Panini","Prizm","Pink Prizm","Taylor Gray","Ford Performance | DGR-Crosley | Ford","Driver",24,50
"Racing",2021,"Panini","Prizm","Pink Prizm","Austin Dillon","Bass Pro Shops | Richard Childress Racing | Chevrolet","Driver",25,50
"Racing",2021,"Panini","Prizm","Pink Prizm","Kurt Busch","Monster Energy | Chip Ganassi Racing | Chevrolet","Driver",26,50
"Racing",2021,"Panini","Prizm","Pink Prizm","Chase Briscoe","Ford Performance | Stewart-Haas Racing | Ford","Driver",27,50
"Racing",2021,"Panini","Prizm","Pink Prizm","Ryan Newman","Oscar Mayer | Roush Fenway Racing | Ford","Driver",28,50
"Racing",2021,"Panini","Prizm","Pink Prizm","Kaz Grala","Hyper Ice | Kaulig Racing | Chevrolet","Driver",29,50
"Racing",2021,"Panini","Prizm","Pink Prizm","Chandler Smith","Safelite Auto Glass | Kyle Busch Motorsports | Toyota","Driver",30,50
"Racing",2021,"Panini","Prizm","Pink Prizm","Matt DiBenedetto","Motorcraft | Wood Brothers Racing | Ford","Driver",31,50
"Racing",2021,"Panini","Prizm","Pink Prizm","Sam Mayer","JR Motorsports | JR Motorsports | Chevrolet","Driver",32,50
"Racing",2021,"Panini","Prizm","Pink Prizm","Ryan Blaney","Menards | Team Penske | Ford","Driver",33,50
"Racing",2021,"Panini","Prizm","Pink Prizm","Brad Keselowski","Money Lion | Team Penske | Ford","Driver",34,50
"Racing",2021,"Panini","Prizm","Pink Prizm","Hailie Deegan","Monster Energy","Driver",35,50
"Racing",2021,"Panini","Prizm","Pink Prizm","Kevin Harvick","Mobil 1 | Stewart-Haas Racing | Ford","Driver",36,50
"Racing",2021,"Panini","Prizm","Pink Prizm","Chris Buescher","Fastenal | Roush Fenway Racing | Ford","Driver",37,50
"Racing",2021,"Panini","Prizm","Pink Prizm","Joey Logano","Shell-Pennzoil | Team Penske | Ford","Driver",38,50
"Racing",2021,"Panini","Prizm","Pink Prizm","Ross Chastain","Clover | Chip Ganassi Racing | Chevrolet","Driver",39,50
"Racing",2021,"Panini","Prizm","Pink Prizm","Tommy Joe Martins","Gilreath Farms Red Angus | Tommy Joe Martins | Chevrolet","Driver",40,50
"Racing",2021,"Panini","Prizm","Pink Prizm","Kody Vanderwal","Advanced Dairy Services | Jimmy Means Racing | Chevrolet","Driver",41,50
"Racing",2021,"Panini","Prizm","Pink Prizm","Erik Jones","U.S. Air Force | Richard Petty Motorsports | Chevrolet","Driver",42,50
"Racing",2021,"Panini","Prizm","Pink Prizm","Ricky Stenhouse Jr","Kroger | JTG Daugherty Racing | Chevrolet","Driver",43,50
"Racing",2021,"Panini","Prizm","Pink Prizm","Austin Cindric","CarShop | Team Penske | Ford","Driver",44,50
"Racing",2021,"Panini","Prizm","Pink Prizm","Jesse Love","NAPA Power Premium Plus | Bill McAnally Racing | Toyota","Driver",45,50
"Racing",2021,"Panini","Prizm","Pink Prizm","Noah Gragson","Bass Pro Shops | JR Motorsports | Chevrolet","Driver",46,50
"Racing",2021,"Panini","Prizm","Pink Prizm","Aric Almirola","Smithfield Foods | Stewart-Haas Racing | Ford","Driver",47,50
"Racing",2021,"Panini","Prizm","Pink Prizm","Justin Allgaier","Brandt | JR Motorsports | Chevrolet","Driver",48,50
"Racing",2021,"Panini","Prizm","Pink Prizm","Cole Custer","Haas Automation | Stewart-Haas Racing | Ford","Driver",49,50
"Racing",2021,"Panini","Prizm","Pink Prizm","Harrison Burton","DEX Imaging | Joe Gibbs Racing | Toyota","Driver",50,50
"Racing",2021,"Panini","Prizm","Pink Prizm","Ryan Vargas","MaintenX | JD Motorsports | Chevrolet","Driver",51,50
"Racing",2021,"Panini","Prizm","Pink Prizm","Bubba Wallace","DoorDash | 23XI Racing | Toyota","Driver",52,50
"Racing",2021,"Panini","Prizm","Pink Prizm","John Hunter Nemechek","Fire Alarm Services | NEMCO Motorsports | Ford","Driver",53,50
"Racing",2021,"Panini","Prizm","Pink Prizm","William Byron","AXALTA | Hendrick Motorsports | Chevrolet","Driver",54,50
"Racing",2021,"Panini","Prizm","Pink Prizm","Michael Annett","Pilot Flying J | JR Motorsports | Chevrolet","Driver",55,50
"Racing",2021,"Panini","Prizm","Pink Prizm","Sheldon Creed","Chevy Accessories | GMS Racing | Chevrolet","Driver",56,50
"Racing",2021,"Panini","Prizm","Pink Prizm","Michael McDowell","FR8 Auctions | Front Row Motorsports | Ford","Driver",57,50
"Racing",2021,"Panini","Prizm","Pink Prizm","Mason Massey","Marty Massey Towing & Recovery | B.J. McLeod Motorsports | Toyota","Driver",58,50
"Racing",2021,"Panini","Prizm","Pink Prizm","Ty Gibbs","Interstate Batteries | Joe Gibbs Racing | Toyota","Driver",59,50
"Racing",2021,"Panini","Prizm","Pink Prizm","Natalie Decker","Red Street Records | Our Motorsports | Chevrolet","Driver",60,50
"Racing",2021,"Panini","Prizm","Purple Velocity","Tyler Reddick","Caterpillar | Richard Childress Racing | Chevrolet","Driver",1,199
"Racing",2021,"Panini","Prizm","Purple Velocity","Martin Truex Jr.","Bass Pro Shops | Joe Gibbs Racing | Toyota","Driver",2,199
"Racing",2021,"Panini","Prizm","Purple Velocity","Kyle Weatherman","Wolfpack Racing | Mike Harmon Racing | Chevrolet","Driver",3,199
"Racing",2021,"Panini","Prizm","Purple Velocity","Kyle Larson","Hendrickcars.com | Hendrick Motorsports | Chevrolet","Driver",4,199
"Racing",2021,"Panini","Prizm","Purple Velocity","Alex Bowman","Ally Financial | Hendrick Motorsports | Chevrolet","Driver",5,199
"Racing",2021,"Panini","Prizm","Purple Velocity","Bayley Currey ","Belmont Classic Cars | Rick Ware Racing | Chevrolet","Driver",6,199
"Racing",2021,"Panini","Prizm","Purple Velocity","Chase Elliott","NAPA Auto Parts | Hendrick Motorsports | Chevrolet","Driver",7,199
"Racing",2021,"Panini","Prizm","Purple Velocity","Christopher Bell","Rheem | Joe Gibbs Racing | Toyota","Driver",8,199
"Racing",2021,"Panini","Prizm","Purple Velocity","Raphael Lessard","Canac | GMS Racing | Chevrolet","Driver",9,199
"Racing",2021,"Panini","Prizm","Purple Velocity","Alex Labbe","Prolon | DGM Racing | Chevrolet","Driver",10,199
"Racing",2021,"Panini","Prizm","Purple Velocity","Kyle Busch","M&M's | Joe Gibbs Racing | Toyota","Driver",11,199
"Racing",2021,"Panini","Prizm","Purple Velocity","Drew Dollar","JBL | Kyle Busch Motorsports | Toyota","Driver",12,199
"Racing",2021,"Panini","Prizm","Purple Velocity","Brandon Jones","Menards | Joe Gibbs Racing | Toyota","Driver",13,199
"Racing",2021,"Panini","Prizm","Purple Velocity","Myatt Snider","TaxSlayer | Richard Childress Racing | Chevrolet","Driver",14,199
"Racing",2021,"Panini","Prizm","Purple Velocity","Denny Hamlin","FedEx Express | Joe Gibbs Racing | Toyota","Driver",15,199
"Racing",2021,"Panini","Prizm","Purple Velocity","Ryan Repko","Craftsman | Venturini Motorsports | Toyota","Driver",16,199
"Racing",2021,"Panini","Prizm","Purple Velocity","Anthony Alfredo","Dude Wipes | Front Row Motorsports | Ford","Driver",17,199
"Racing",2021,"Panini","Prizm","Purple Velocity","Brittney Zamora","Rackley Roofing | Toyota","Driver",18,199
"Racing",2021,"Panini","Prizm","Purple Velocity","Daniel Suarez","Camping World | Trackhouse Racing | Chevrolet","Driver",19,199
"Racing",2021,"Panini","Prizm","Purple Velocity","Josh Berry","Tire Pros | JR Motorsports | Chevrolet","Driver",20,199
"Racing",2021,"Panini","Prizm","Purple Velocity","Daniel Hemric","Poppy Bank | Joe Gibbs Racing | Toyota","Driver",21,199
"Racing",2021,"Panini","Prizm","Purple Velocity","Corey LaJoie","Schluter Systems | Spire Motorsports | Chevrolet","Driver",22,199
"Racing",2021,"Panini","Prizm","Purple Velocity","Josh Williams","Alloy Employer Services | DGM Racing | Chevrolet","Driver",23,199
"Racing",2021,"Panini","Prizm","Purple Velocity","Taylor Gray","Ford Performance | DGR-Crosley | Ford","Driver",24,199
"Racing",2021,"Panini","Prizm","Purple Velocity","Austin Dillon","Bass Pro Shops | Richard Childress Racing | Chevrolet","Driver",25,199
"Racing",2021,"Panini","Prizm","Purple Velocity","Kurt Busch","Monster Energy | Chip Ganassi Racing | Chevrolet","Driver",26,199
"Racing",2021,"Panini","Prizm","Purple Velocity","Chase Briscoe","Ford Performance | Stewart-Haas Racing | Ford","Driver",27,199
"Racing",2021,"Panini","Prizm","Purple Velocity","Ryan Newman","Oscar Mayer | Roush Fenway Racing | Ford","Driver",28,199
"Racing",2021,"Panini","Prizm","Purple Velocity","Kaz Grala","Hyper Ice | Kaulig Racing | Chevrolet","Driver",29,199
"Racing",2021,"Panini","Prizm","Purple Velocity","Chandler Smith","Safelite Auto Glass | Kyle Busch Motorsports | Toyota","Driver",30,199
"Racing",2021,"Panini","Prizm","Purple Velocity","Matt DiBenedetto","Motorcraft | Wood Brothers Racing | Ford","Driver",31,199
"Racing",2021,"Panini","Prizm","Purple Velocity","Sam Mayer","JR Motorsports | JR Motorsports | Chevrolet","Driver",32,199
"Racing",2021,"Panini","Prizm","Purple Velocity","Ryan Blaney","Menards | Team Penske | Ford","Driver",33,199
"Racing",2021,"Panini","Prizm","Purple Velocity","Brad Keselowski","Money Lion | Team Penske | Ford","Driver",34,199
"Racing",2021,"Panini","Prizm","Purple Velocity","Hailie Deegan","Monster Energy","Driver",35,199
"Racing",2021,"Panini","Prizm","Purple Velocity","Kevin Harvick","Mobil 1 | Stewart-Haas Racing | Ford","Driver",36,199
"Racing",2021,"Panini","Prizm","Purple Velocity","Chris Buescher","Fastenal | Roush Fenway Racing | Ford","Driver",37,199
"Racing",2021,"Panini","Prizm","Purple Velocity","Joey Logano","Shell-Pennzoil | Team Penske | Ford","Driver",38,199
"Racing",2021,"Panini","Prizm","Purple Velocity","Ross Chastain","Clover | Chip Ganassi Racing | Chevrolet","Driver",39,199
"Racing",2021,"Panini","Prizm","Purple Velocity","Tommy Joe Martins","Gilreath Farms Red Angus | Tommy Joe Martins | Chevrolet","Driver",40,199
"Racing",2021,"Panini","Prizm","Purple Velocity","Kody Vanderwal","Advanced Dairy Services | Jimmy Means Racing | Chevrolet","Driver",41,199
"Racing",2021,"Panini","Prizm","Purple Velocity","Erik Jones","U.S. Air Force | Richard Petty Motorsports | Chevrolet","Driver",42,199
"Racing",2021,"Panini","Prizm","Purple Velocity","Ricky Stenhouse Jr","Kroger | JTG Daugherty Racing | Chevrolet","Driver",43,199
"Racing",2021,"Panini","Prizm","Purple Velocity","Austin Cindric","CarShop | Team Penske | Ford","Driver",44,199
"Racing",2021,"Panini","Prizm","Purple Velocity","Jesse Love","NAPA Power Premium Plus | Bill McAnally Racing | Toyota","Driver",45,199
"Racing",2021,"Panini","Prizm","Purple Velocity","Noah Gragson","Bass Pro Shops | JR Motorsports | Chevrolet","Driver",46,199
"Racing",2021,"Panini","Prizm","Purple Velocity","Aric Almirola","Smithfield Foods | Stewart-Haas Racing | Ford","Driver",47,199
"Racing",2021,"Panini","Prizm","Purple Velocity","Justin Allgaier","Brandt | JR Motorsports | Chevrolet","Driver",48,199
"Racing",2021,"Panini","Prizm","Purple Velocity","Cole Custer","Haas Automation | Stewart-Haas Racing | Ford","Driver",49,199
"Racing",2021,"Panini","Prizm","Purple Velocity","Harrison Burton","DEX Imaging | Joe Gibbs Racing | Toyota","Driver",50,199
"Racing",2021,"Panini","Prizm","Purple Velocity","Ryan Vargas","MaintenX | JD Motorsports | Chevrolet","Driver",51,199
"Racing",2021,"Panini","Prizm","Purple Velocity","Bubba Wallace","DoorDash | 23XI Racing | Toyota","Driver",52,199
"Racing",2021,"Panini","Prizm","Purple Velocity","John Hunter Nemechek","Fire Alarm Services | NEMCO Motorsports | Ford","Driver",53,199
"Racing",2021,"Panini","Prizm","Purple Velocity","William Byron","AXALTA | Hendrick Motorsports | Chevrolet","Driver",54,199
"Racing",2021,"Panini","Prizm","Purple Velocity","Michael Annett","Pilot Flying J | JR Motorsports | Chevrolet","Driver",55,199
"Racing",2021,"Panini","Prizm","Purple Velocity","Sheldon Creed","Chevy Accessories | GMS Racing | Chevrolet","Driver",56,199
"Racing",2021,"Panini","Prizm","Purple Velocity","Michael McDowell","FR8 Auctions | Front Row Motorsports | Ford","Driver",57,199
"Racing",2021,"Panini","Prizm","Purple Velocity","Mason Massey","Marty Massey Towing & Recovery | B.J. McLeod Motorsports | Toyota","Driver",58,199
"Racing",2021,"Panini","Prizm","Purple Velocity","Ty Gibbs","Interstate Batteries | Joe Gibbs Racing | Toyota","Driver",59,199
"Racing",2021,"Panini","Prizm","Purple Velocity","Natalie Decker","Red Street Records | Our Motorsports | Chevrolet","Driver",60,199
"Racing",2021,"Panini","Prizm","Rainbow Prizm","Tyler Reddick","Caterpillar | Richard Childress Racing | Chevrolet","Driver",1,24
"Racing",2021,"Panini","Prizm","Rainbow Prizm","Martin Truex Jr.","Bass Pro Shops | Joe Gibbs Racing | Toyota","Driver",2,24
"Racing",2021,"Panini","Prizm","Rainbow Prizm","Kyle Weatherman","Wolfpack Racing | Mike Harmon Racing | Chevrolet","Driver",3,24
"Racing",2021,"Panini","Prizm","Rainbow Prizm","Kyle Larson","Hendrickcars.com | Hendrick Motorsports | Chevrolet","Driver",4,24
"Racing",2021,"Panini","Prizm","Rainbow Prizm","Alex Bowman","Ally Financial | Hendrick Motorsports | Chevrolet","Driver",5,24
"Racing",2021,"Panini","Prizm","Rainbow Prizm","Bayley Currey ","Belmont Classic Cars | Rick Ware Racing | Chevrolet","Driver",6,24
"Racing",2021,"Panini","Prizm","Rainbow Prizm","Chase Elliott","NAPA Auto Parts | Hendrick Motorsports | Chevrolet","Driver",7,24
"Racing",2021,"Panini","Prizm","Rainbow Prizm","Christopher Bell","Rheem | Joe Gibbs Racing | Toyota","Driver",8,24
"Racing",2021,"Panini","Prizm","Rainbow Prizm","Raphael Lessard","Canac | GMS Racing | Chevrolet","Driver",9,24
"Racing",2021,"Panini","Prizm","Rainbow Prizm","Alex Labbe","Prolon | DGM Racing | Chevrolet","Driver",10,24
"Racing",2021,"Panini","Prizm","Rainbow Prizm","Kyle Busch","M&M's | Joe Gibbs Racing | Toyota","Driver",11,24
"Racing",2021,"Panini","Prizm","Rainbow Prizm","Drew Dollar","JBL | Kyle Busch Motorsports | Toyota","Driver",12,24
"Racing",2021,"Panini","Prizm","Rainbow Prizm","Brandon Jones","Menards | Joe Gibbs Racing | Toyota","Driver",13,24
"Racing",2021,"Panini","Prizm","Rainbow Prizm","Myatt Snider","TaxSlayer | Richard Childress Racing | Chevrolet","Driver",14,24
"Racing",2021,"Panini","Prizm","Rainbow Prizm","Denny Hamlin","FedEx Express | Joe Gibbs Racing | Toyota","Driver",15,24
"Racing",2021,"Panini","Prizm","Rainbow Prizm","Ryan Repko","Craftsman | Venturini Motorsports | Toyota","Driver",16,24
"Racing",2021,"Panini","Prizm","Rainbow Prizm","Anthony Alfredo","Dude Wipes | Front Row Motorsports | Ford","Driver",17,24
"Racing",2021,"Panini","Prizm","Rainbow Prizm","Brittney Zamora","Rackley Roofing | Toyota","Driver",18,24
"Racing",2021,"Panini","Prizm","Rainbow Prizm","Daniel Suarez","Camping World | Trackhouse Racing | Chevrolet","Driver",19,24
"Racing",2021,"Panini","Prizm","Rainbow Prizm","Josh Berry","Tire Pros | JR Motorsports | Chevrolet","Driver",20,24
"Racing",2021,"Panini","Prizm","Rainbow Prizm","Daniel Hemric","Poppy Bank | Joe Gibbs Racing | Toyota","Driver",21,24
"Racing",2021,"Panini","Prizm","Rainbow Prizm","Corey LaJoie","Schluter Systems | Spire Motorsports | Chevrolet","Driver",22,24
"Racing",2021,"Panini","Prizm","Rainbow Prizm","Josh Williams","Alloy Employer Services | DGM Racing | Chevrolet","Driver",23,24
"Racing",2021,"Panini","Prizm","Rainbow Prizm","Taylor Gray","Ford Performance | DGR-Crosley | Ford","Driver",24,24
"Racing",2021,"Panini","Prizm","Rainbow Prizm","Austin Dillon","Bass Pro Shops | Richard Childress Racing | Chevrolet","Driver",25,24
"Racing",2021,"Panini","Prizm","Rainbow Prizm","Kurt Busch","Monster Energy | Chip Ganassi Racing | Chevrolet","Driver",26,24
"Racing",2021,"Panini","Prizm","Rainbow Prizm","Chase Briscoe","Ford Performance | Stewart-Haas Racing | Ford","Driver",27,24
"Racing",2021,"Panini","Prizm","Rainbow Prizm","Ryan Newman","Oscar Mayer | Roush Fenway Racing | Ford","Driver",28,24
"Racing",2021,"Panini","Prizm","Rainbow Prizm","Kaz Grala","Hyper Ice | Kaulig Racing | Chevrolet","Driver",29,24
"Racing",2021,"Panini","Prizm","Rainbow Prizm","Chandler Smith","Safelite Auto Glass | Kyle Busch Motorsports | Toyota","Driver",30,24
"Racing",2021,"Panini","Prizm","Rainbow Prizm","Matt DiBenedetto","Motorcraft | Wood Brothers Racing | Ford","Driver",31,24
"Racing",2021,"Panini","Prizm","Rainbow Prizm","Sam Mayer","JR Motorsports | JR Motorsports | Chevrolet","Driver",32,24
"Racing",2021,"Panini","Prizm","Rainbow Prizm","Ryan Blaney","Menards | Team Penske | Ford","Driver",33,24
"Racing",2021,"Panini","Prizm","Rainbow Prizm","Brad Keselowski","Money Lion | Team Penske | Ford","Driver",34,24
"Racing",2021,"Panini","Prizm","Rainbow Prizm","Hailie Deegan","Monster Energy","Driver",35,24
"Racing",2021,"Panini","Prizm","Rainbow Prizm","Kevin Harvick","Mobil 1 | Stewart-Haas Racing | Ford","Driver",36,24
"Racing",2021,"Panini","Prizm","Rainbow Prizm","Chris Buescher","Fastenal | Roush Fenway Racing | Ford","Driver",37,24
"Racing",2021,"Panini","Prizm","Rainbow Prizm","Joey Logano","Shell-Pennzoil | Team Penske | Ford","Driver",38,24
"Racing",2021,"Panini","Prizm","Rainbow Prizm","Ross Chastain","Clover | Chip Ganassi Racing | Chevrolet","Driver",39,24
"Racing",2021,"Panini","Prizm","Rainbow Prizm","Tommy Joe Martins","Gilreath Farms Red Angus | Tommy Joe Martins | Chevrolet","Driver",40,24
"Racing",2021,"Panini","Prizm","Rainbow Prizm","Kody Vanderwal","Advanced Dairy Services | Jimmy Means Racing | Chevrolet","Driver",41,24
"Racing",2021,"Panini","Prizm","Rainbow Prizm","Erik Jones","U.S. Air Force | Richard Petty Motorsports | Chevrolet","Driver",42,24
"Racing",2021,"Panini","Prizm","Rainbow Prizm","Ricky Stenhouse Jr","Kroger | JTG Daugherty Racing | Chevrolet","Driver",43,24
"Racing",2021,"Panini","Prizm","Rainbow Prizm","Austin Cindric","CarShop | Team Penske | Ford","Driver",44,24
"Racing",2021,"Panini","Prizm","Rainbow Prizm","Jesse Love","NAPA Power Premium Plus | Bill McAnally Racing | Toyota","Driver",45,24
"Racing",2021,"Panini","Prizm","Rainbow Prizm","Noah Gragson","Bass Pro Shops | JR Motorsports | Chevrolet","Driver",46,24
"Racing",2021,"Panini","Prizm","Rainbow Prizm","Aric Almirola","Smithfield Foods | Stewart-Haas Racing | Ford","Driver",47,24
"Racing",2021,"Panini","Prizm","Rainbow Prizm","Justin Allgaier","Brandt | JR Motorsports | Chevrolet","Driver",48,24
"Racing",2021,"Panini","Prizm","Rainbow Prizm","Cole Custer","Haas Automation | Stewart-Haas Racing | Ford","Driver",49,24
"Racing",2021,"Panini","Prizm","Rainbow Prizm","Harrison Burton","DEX Imaging | Joe Gibbs Racing | Toyota","Driver",50,24
"Racing",2021,"Panini","Prizm","Rainbow Prizm","Ryan Vargas","MaintenX | JD Motorsports | Chevrolet","Driver",51,24
"Racing",2021,"Panini","Prizm","Rainbow Prizm","Bubba Wallace","DoorDash | 23XI Racing | Toyota","Driver",52,24
"Racing",2021,"Panini","Prizm","Rainbow Prizm","John Hunter Nemechek","Fire Alarm Services | NEMCO Motorsports | Ford","Driver",53,24
"Racing",2021,"Panini","Prizm","Rainbow Prizm","William Byron","AXALTA | Hendrick Motorsports | Chevrolet","Driver",54,24
"Racing",2021,"Panini","Prizm","Rainbow Prizm","Michael Annett","Pilot Flying J | JR Motorsports | Chevrolet","Driver",55,24
"Racing",2021,"Panini","Prizm","Rainbow Prizm","Sheldon Creed","Chevy Accessories | GMS Racing | Chevrolet","Driver",56,24
"Racing",2021,"Panini","Prizm","Rainbow Prizm","Michael McDowell","FR8 Auctions | Front Row Motorsports | Ford","Driver",57,24
"Racing",2021,"Panini","Prizm","Rainbow Prizm","Mason Massey","Marty Massey Towing & Recovery | B.J. McLeod Motorsports | Toyota","Driver",58,24
"Racing",2021,"Panini","Prizm","Rainbow Prizm","Ty Gibbs","Interstate Batteries | Joe Gibbs Racing | Toyota","Driver",59,24
"Racing",2021,"Panini","Prizm","Rainbow Prizm","Natalie Decker","Red Street Records | Our Motorsports | Chevrolet","Driver",60,24
"Racing",2021,"Panini","Prizm","Reactive Green","Tyler Reddick","Caterpillar | Richard Childress Racing | Chevrolet","Driver",1,
"Racing",2021,"Panini","Prizm","Reactive Green","Martin Truex Jr.","Bass Pro Shops | Joe Gibbs Racing | Toyota","Driver",2,
"Racing",2021,"Panini","Prizm","Reactive Green","Kyle Weatherman","Wolfpack Racing | Mike Harmon Racing | Chevrolet","Driver",3,
"Racing",2021,"Panini","Prizm","Reactive Green","Kyle Larson","Hendrickcars.com | Hendrick Motorsports | Chevrolet","Driver",4,
"Racing",2021,"Panini","Prizm","Reactive Green","Alex Bowman","Ally Financial | Hendrick Motorsports | Chevrolet","Driver",5,
"Racing",2021,"Panini","Prizm","Reactive Green","Bayley Currey ","Belmont Classic Cars | Rick Ware Racing | Chevrolet","Driver",6,
"Racing",2021,"Panini","Prizm","Reactive Green","Chase Elliott","NAPA Auto Parts | Hendrick Motorsports | Chevrolet","Driver",7,
"Racing",2021,"Panini","Prizm","Reactive Green","Christopher Bell","Rheem | Joe Gibbs Racing | Toyota","Driver",8,
"Racing",2021,"Panini","Prizm","Reactive Green","Raphael Lessard","Canac | GMS Racing | Chevrolet","Driver",9,
"Racing",2021,"Panini","Prizm","Reactive Green","Alex Labbe","Prolon | DGM Racing | Chevrolet","Driver",10,
"Racing",2021,"Panini","Prizm","Reactive Green","Kyle Busch","M&M's | Joe Gibbs Racing | Toyota","Driver",11,
"Racing",2021,"Panini","Prizm","Reactive Green","Drew Dollar","JBL | Kyle Busch Motorsports | Toyota","Driver",12,
"Racing",2021,"Panini","Prizm","Reactive Green","Brandon Jones","Menards | Joe Gibbs Racing | Toyota","Driver",13,
"Racing",2021,"Panini","Prizm","Reactive Green","Myatt Snider","TaxSlayer | Richard Childress Racing | Chevrolet","Driver",14,
"Racing",2021,"Panini","Prizm","Reactive Green","Denny Hamlin","FedEx Express | Joe Gibbs Racing | Toyota","Driver",15,
"Racing",2021,"Panini","Prizm","Reactive Green","Ryan Repko","Craftsman | Venturini Motorsports | Toyota","Driver",16,
"Racing",2021,"Panini","Prizm","Reactive Green","Anthony Alfredo","Dude Wipes | Front Row Motorsports | Ford","Driver",17,
"Racing",2021,"Panini","Prizm","Reactive Green","Brittney Zamora","Rackley Roofing | Toyota","Driver",18,
"Racing",2021,"Panini","Prizm","Reactive Green","Daniel Suarez","Camping World | Trackhouse Racing | Chevrolet","Driver",19,
"Racing",2021,"Panini","Prizm","Reactive Green","Josh Berry","Tire Pros | JR Motorsports | Chevrolet","Driver",20,
"Racing",2021,"Panini","Prizm","Reactive Green","Daniel Hemric","Poppy Bank | Joe Gibbs Racing | Toyota","Driver",21,
"Racing",2021,"Panini","Prizm","Reactive Green","Corey LaJoie","Schluter Systems | Spire Motorsports | Chevrolet","Driver",22,
"Racing",2021,"Panini","Prizm","Reactive Green","Josh Williams","Alloy Employer Services | DGM Racing | Chevrolet","Driver",23,
"Racing",2021,"Panini","Prizm","Reactive Green","Taylor Gray","Ford Performance | DGR-Crosley | Ford","Driver",24,
"Racing",2021,"Panini","Prizm","Reactive Green","Austin Dillon","Bass Pro Shops | Richard Childress Racing | Chevrolet","Driver",25,
"Racing",2021,"Panini","Prizm","Reactive Green","Kurt Busch","Monster Energy | Chip Ganassi Racing | Chevrolet","Driver",26,
"Racing",2021,"Panini","Prizm","Reactive Green","Chase Briscoe","Ford Performance | Stewart-Haas Racing | Ford","Driver",27,
"Racing",2021,"Panini","Prizm","Reactive Green","Ryan Newman","Oscar Mayer | Roush Fenway Racing | Ford","Driver",28,
"Racing",2021,"Panini","Prizm","Reactive Green","Kaz Grala","Hyper Ice | Kaulig Racing | Chevrolet","Driver",29,
"Racing",2021,"Panini","Prizm","Reactive Green","Chandler Smith","Safelite Auto Glass | Kyle Busch Motorsports | Toyota","Driver",30,
"Racing",2021,"Panini","Prizm","Reactive Green","Matt DiBenedetto","Motorcraft | Wood Brothers Racing | Ford","Driver",31,
"Racing",2021,"Panini","Prizm","Reactive Green","Sam Mayer","JR Motorsports | JR Motorsports | Chevrolet","Driver",32,
"Racing",2021,"Panini","Prizm","Reactive Green","Ryan Blaney","Menards | Team Penske | Ford","Driver",33,
"Racing",2021,"Panini","Prizm","Reactive Green","Brad Keselowski","Money Lion | Team Penske | Ford","Driver",34,
"Racing",2021,"Panini","Prizm","Reactive Green","Hailie Deegan","Monster Energy","Driver",35,
"Racing",2021,"Panini","Prizm","Reactive Green","Kevin Harvick","Mobil 1 | Stewart-Haas Racing | Ford","Driver",36,
"Racing",2021,"Panini","Prizm","Reactive Green","Chris Buescher","Fastenal | Roush Fenway Racing | Ford","Driver",37,
"Racing",2021,"Panini","Prizm","Reactive Green","Joey Logano","Shell-Pennzoil | Team Penske | Ford","Driver",38,
"Racing",2021,"Panini","Prizm","Reactive Green","Ross Chastain","Clover | Chip Ganassi Racing | Chevrolet","Driver",39,
"Racing",2021,"Panini","Prizm","Reactive Green","Tommy Joe Martins","Gilreath Farms Red Angus | Tommy Joe Martins | Chevrolet","Driver",40,
"Racing",2021,"Panini","Prizm","Reactive Green","Kody Vanderwal","Advanced Dairy Services | Jimmy Means Racing | Chevrolet","Driver",41,
"Racing",2021,"Panini","Prizm","Reactive Green","Erik Jones","U.S. Air Force | Richard Petty Motorsports | Chevrolet","Driver",42,
"Racing",2021,"Panini","Prizm","Reactive Green","Ricky Stenhouse Jr","Kroger | JTG Daugherty Racing | Chevrolet","Driver",43,
"Racing",2021,"Panini","Prizm","Reactive Green","Austin Cindric","CarShop | Team Penske | Ford","Driver",44,
"Racing",2021,"Panini","Prizm","Reactive Green","Jesse Love","NAPA Power Premium Plus | Bill McAnally Racing | Toyota","Driver",45,
"Racing",2021,"Panini","Prizm","Reactive Green","Noah Gragson","Bass Pro Shops | JR Motorsports | Chevrolet","Driver",46,
"Racing",2021,"Panini","Prizm","Reactive Green","Aric Almirola","Smithfield Foods | Stewart-Haas Racing | Ford","Driver",47,
"Racing",2021,"Panini","Prizm","Reactive Green","Justin Allgaier","Brandt | JR Motorsports | Chevrolet","Driver",48,
"Racing",2021,"Panini","Prizm","Reactive Green","Cole Custer","Haas Automation | Stewart-Haas Racing | Ford","Driver",49,
"Racing",2021,"Panini","Prizm","Reactive Green","Harrison Burton","DEX Imaging | Joe Gibbs Racing | Toyota","Driver",50,
"Racing",2021,"Panini","Prizm","Reactive Green","Ryan Vargas","MaintenX | JD Motorsports | Chevrolet","Driver",51,
"Racing",2021,"Panini","Prizm","Reactive Green","Bubba Wallace","DoorDash | 23XI Racing | Toyota","Driver",52,
"Racing",2021,"Panini","Prizm","Reactive Green","John Hunter Nemechek","Fire Alarm Services | NEMCO Motorsports | Ford","Driver",53,
"Racing",2021,"Panini","Prizm","Reactive Green","William Byron","AXALTA | Hendrick Motorsports | Chevrolet","Driver",54,
"Racing",2021,"Panini","Prizm","Reactive Green","Michael Annett","Pilot Flying J | JR Motorsports | Chevrolet","Driver",55,
"Racing",2021,"Panini","Prizm","Reactive Green","Sheldon Creed","Chevy Accessories | GMS Racing | Chevrolet","Driver",56,
"Racing",2021,"Panini","Prizm","Reactive Green","Michael McDowell","FR8 Auctions | Front Row Motorsports | Ford","Driver",57,
"Racing",2021,"Panini","Prizm","Reactive Green","Mason Massey","Marty Massey Towing & Recovery | B.J. McLeod Motorsports | Toyota","Driver",58,
"Racing",2021,"Panini","Prizm","Reactive Green","Ty Gibbs","Interstate Batteries | Joe Gibbs Racing | Toyota","Driver",59,
"Racing",2021,"Panini","Prizm","Reactive Green","Natalie Decker","Red Street Records | Our Motorsports | Chevrolet","Driver",60,
"Racing",2021,"Panini","Prizm","Reactive Orange","Tyler Reddick","Caterpillar | Richard Childress Racing | Chevrolet","Driver",1,
"Racing",2021,"Panini","Prizm","Reactive Orange","Martin Truex Jr.","Bass Pro Shops | Joe Gibbs Racing | Toyota","Driver",2,
"Racing",2021,"Panini","Prizm","Reactive Orange","Kyle Weatherman","Wolfpack Racing | Mike Harmon Racing | Chevrolet","Driver",3,
"Racing",2021,"Panini","Prizm","Reactive Orange","Kyle Larson","Hendrickcars.com | Hendrick Motorsports | Chevrolet","Driver",4,
"Racing",2021,"Panini","Prizm","Reactive Orange","Alex Bowman","Ally Financial | Hendrick Motorsports | Chevrolet","Driver",5,
"Racing",2021,"Panini","Prizm","Reactive Orange","Bayley Currey ","Belmont Classic Cars | Rick Ware Racing | Chevrolet","Driver",6,
"Racing",2021,"Panini","Prizm","Reactive Orange","Chase Elliott","NAPA Auto Parts | Hendrick Motorsports | Chevrolet","Driver",7,
"Racing",2021,"Panini","Prizm","Reactive Orange","Christopher Bell","Rheem | Joe Gibbs Racing | Toyota","Driver",8,
"Racing",2021,"Panini","Prizm","Reactive Orange","Raphael Lessard","Canac | GMS Racing | Chevrolet","Driver",9,
"Racing",2021,"Panini","Prizm","Reactive Orange","Alex Labbe","Prolon | DGM Racing | Chevrolet","Driver",10,
"Racing",2021,"Panini","Prizm","Reactive Orange","Kyle Busch","M&M's | Joe Gibbs Racing | Toyota","Driver",11,
"Racing",2021,"Panini","Prizm","Reactive Orange","Drew Dollar","JBL | Kyle Busch Motorsports | Toyota","Driver",12,
"Racing",2021,"Panini","Prizm","Reactive Orange","Brandon Jones","Menards | Joe Gibbs Racing | Toyota","Driver",13,
"Racing",2021,"Panini","Prizm","Reactive Orange","Myatt Snider","TaxSlayer | Richard Childress Racing | Chevrolet","Driver",14,
"Racing",2021,"Panini","Prizm","Reactive Orange","Denny Hamlin","FedEx Express | Joe Gibbs Racing | Toyota","Driver",15,
"Racing",2021,"Panini","Prizm","Reactive Orange","Ryan Repko","Craftsman | Venturini Motorsports | Toyota","Driver",16,
"Racing",2021,"Panini","Prizm","Reactive Orange","Anthony Alfredo","Dude Wipes | Front Row Motorsports | Ford","Driver",17,
"Racing",2021,"Panini","Prizm","Reactive Orange","Brittney Zamora","Rackley Roofing | Toyota","Driver",18,
"Racing",2021,"Panini","Prizm","Reactive Orange","Daniel Suarez","Camping World | Trackhouse Racing | Chevrolet","Driver",19,
"Racing",2021,"Panini","Prizm","Reactive Orange","Josh Berry","Tire Pros | JR Motorsports | Chevrolet","Driver",20,
"Racing",2021,"Panini","Prizm","Reactive Orange","Daniel Hemric","Poppy Bank | Joe Gibbs Racing | Toyota","Driver",21,
"Racing",2021,"Panini","Prizm","Reactive Orange","Corey LaJoie","Schluter Systems | Spire Motorsports | Chevrolet","Driver",22,
"Racing",2021,"Panini","Prizm","Reactive Orange","Josh Williams","Alloy Employer Services | DGM Racing | Chevrolet","Driver",23,
"Racing",2021,"Panini","Prizm","Reactive Orange","Taylor Gray","Ford Performance | DGR-Crosley | Ford","Driver",24,
"Racing",2021,"Panini","Prizm","Reactive Orange","Austin Dillon","Bass Pro Shops | Richard Childress Racing | Chevrolet","Driver",25,
"Racing",2021,"Panini","Prizm","Reactive Orange","Kurt Busch","Monster Energy | Chip Ganassi Racing | Chevrolet","Driver",26,
"Racing",2021,"Panini","Prizm","Reactive Orange","Chase Briscoe","Ford Performance | Stewart-Haas Racing | Ford","Driver",27,
"Racing",2021,"Panini","Prizm","Reactive Orange","Ryan Newman","Oscar Mayer | Roush Fenway Racing | Ford","Driver",28,
"Racing",2021,"Panini","Prizm","Reactive Orange","Kaz Grala","Hyper Ice | Kaulig Racing | Chevrolet","Driver",29,
"Racing",2021,"Panini","Prizm","Reactive Orange","Chandler Smith","Safelite Auto Glass | Kyle Busch Motorsports | Toyota","Driver",30,
"Racing",2021,"Panini","Prizm","Reactive Orange","Matt DiBenedetto","Motorcraft | Wood Brothers Racing | Ford","Driver",31,
"Racing",2021,"Panini","Prizm","Reactive Orange","Sam Mayer","JR Motorsports | JR Motorsports | Chevrolet","Driver",32,
"Racing",2021,"Panini","Prizm","Reactive Orange","Ryan Blaney","Menards | Team Penske | Ford","Driver",33,
"Racing",2021,"Panini","Prizm","Reactive Orange","Brad Keselowski","Money Lion | Team Penske | Ford","Driver",34,
"Racing",2021,"Panini","Prizm","Reactive Orange","Hailie Deegan","Monster Energy","Driver",35,
"Racing",2021,"Panini","Prizm","Reactive Orange","Kevin Harvick","Mobil 1 | Stewart-Haas Racing | Ford","Driver",36,
"Racing",2021,"Panini","Prizm","Reactive Orange","Chris Buescher","Fastenal | Roush Fenway Racing | Ford","Driver",37,
"Racing",2021,"Panini","Prizm","Reactive Orange","Joey Logano","Shell-Pennzoil | Team Penske | Ford","Driver",38,
"Racing",2021,"Panini","Prizm","Reactive Orange","Ross Chastain","Clover | Chip Ganassi Racing | Chevrolet","Driver",39,
"Racing",2021,"Panini","Prizm","Reactive Orange","Tommy Joe Martins","Gilreath Farms Red Angus | Tommy Joe Martins | Chevrolet","Driver",40,
"Racing",2021,"Panini","Prizm","Reactive Orange","Kody Vanderwal","Advanced Dairy Services | Jimmy Means Racing | Chevrolet","Driver",41,
"Racing",2021,"Panini","Prizm","Reactive Orange","Erik Jones","U.S. Air Force | Richard Petty Motorsports | Chevrolet","Driver",42,
"Racing",2021,"Panini","Prizm","Reactive Orange","Ricky Stenhouse Jr","Kroger | JTG Daugherty Racing | Chevrolet","Driver",43,
"Racing",2021,"Panini","Prizm","Reactive Orange","Austin Cindric","CarShop | Team Penske | Ford","Driver",44,
"Racing",2021,"Panini","Prizm","Reactive Orange","Jesse Love","NAPA Power Premium Plus | Bill McAnally Racing | Toyota","Driver",45,
"Racing",2021,"Panini","Prizm","Reactive Orange","Noah Gragson","Bass Pro Shops | JR Motorsports | Chevrolet","Driver",46,
"Racing",2021,"Panini","Prizm","Reactive Orange","Aric Almirola","Smithfield Foods | Stewart-Haas Racing | Ford","Driver",47,
"Racing",2021,"Panini","Prizm","Reactive Orange","Justin Allgaier","Brandt | JR Motorsports | Chevrolet","Driver",48,
"Racing",2021,"Panini","Prizm","Reactive Orange","Cole Custer","Haas Automation | Stewart-Haas Racing | Ford","Driver",49,
"Racing",2021,"Panini","Prizm","Reactive Orange","Harrison Burton","DEX Imaging | Joe Gibbs Racing | Toyota","Driver",50,
"Racing",2021,"Panini","Prizm","Reactive Orange","Ryan Vargas","MaintenX | JD Motorsports | Chevrolet","Driver",51,
"Racing",2021,"Panini","Prizm","Reactive Orange","Bubba Wallace","DoorDash | 23XI Racing | Toyota","Driver",52,
"Racing",2021,"Panini","Prizm","Reactive Orange","John Hunter Nemechek","Fire Alarm Services | NEMCO Motorsports | Ford","Driver",53,
"Racing",2021,"Panini","Prizm","Reactive Orange","William Byron","AXALTA | Hendrick Motorsports | Chevrolet","Driver",54,
"Racing",2021,"Panini","Prizm","Reactive Orange","Michael Annett","Pilot Flying J | JR Motorsports | Chevrolet","Driver",55,
"Racing",2021,"Panini","Prizm","Reactive Orange","Sheldon Creed","Chevy Accessories | GMS Racing | Chevrolet","Driver",56,
"Racing",2021,"Panini","Prizm","Reactive Orange","Michael McDowell","FR8 Auctions | Front Row Motorsports | Ford","Driver",57,
"Racing",2021,"Panini","Prizm","Reactive Orange","Mason Massey","Marty Massey Towing & Recovery | B.J. McLeod Motorsports | Toyota","Driver",58,
"Racing",2021,"Panini","Prizm","Reactive Orange","Ty Gibbs","Interstate Batteries | Joe Gibbs Racing | Toyota","Driver",59,
"Racing",2021,"Panini","Prizm","Reactive Orange","Natalie Decker","Red Street Records | Our Motorsports | Chevrolet","Driver",60,
"Racing",2021,"Panini","Prizm","Red Prizm","Tyler Reddick","Caterpillar | Richard Childress Racing | Chevrolet","Driver",1,
"Racing",2021,"Panini","Prizm","Red Prizm","Martin Truex Jr.","Bass Pro Shops | Joe Gibbs Racing | Toyota","Driver",2,
"Racing",2021,"Panini","Prizm","Red Prizm","Kyle Weatherman","Wolfpack Racing | Mike Harmon Racing | Chevrolet","Driver",3,
"Racing",2021,"Panini","Prizm","Red Prizm","Kyle Larson","Hendrickcars.com | Hendrick Motorsports | Chevrolet","Driver",4,
"Racing",2021,"Panini","Prizm","Red Prizm","Alex Bowman","Ally Financial | Hendrick Motorsports | Chevrolet","Driver",5,
"Racing",2021,"Panini","Prizm","Red Prizm","Bayley Currey ","Belmont Classic Cars | Rick Ware Racing | Chevrolet","Driver",6,
"Racing",2021,"Panini","Prizm","Red Prizm","Chase Elliott","NAPA Auto Parts | Hendrick Motorsports | Chevrolet","Driver",7,
"Racing",2021,"Panini","Prizm","Red Prizm","Christopher Bell","Rheem | Joe Gibbs Racing | Toyota","Driver",8,
"Racing",2021,"Panini","Prizm","Red Prizm","Raphael Lessard","Canac | GMS Racing | Chevrolet","Driver",9,
"Racing",2021,"Panini","Prizm","Red Prizm","Alex Labbe","Prolon | DGM Racing | Chevrolet","Driver",10,
"Racing",2021,"Panini","Prizm","Red Prizm","Kyle Busch","M&M's | Joe Gibbs Racing | Toyota","Driver",11,
"Racing",2021,"Panini","Prizm","Red Prizm","Drew Dollar","JBL | Kyle Busch Motorsports | Toyota","Driver",12,
"Racing",2021,"Panini","Prizm","Red Prizm","Brandon Jones","Menards | Joe Gibbs Racing | Toyota","Driver",13,
"Racing",2021,"Panini","Prizm","Red Prizm","Myatt Snider","TaxSlayer | Richard Childress Racing | Chevrolet","Driver",14,
"Racing",2021,"Panini","Prizm","Red Prizm","Denny Hamlin","FedEx Express | Joe Gibbs Racing | Toyota","Driver",15,
"Racing",2021,"Panini","Prizm","Red Prizm","Ryan Repko","Craftsman | Venturini Motorsports | Toyota","Driver",16,
"Racing",2021,"Panini","Prizm","Red Prizm","Anthony Alfredo","Dude Wipes | Front Row Motorsports | Ford","Driver",17,
"Racing",2021,"Panini","Prizm","Red Prizm","Brittney Zamora","Rackley Roofing | Toyota","Driver",18,
"Racing",2021,"Panini","Prizm","Red Prizm","Daniel Suarez","Camping World | Trackhouse Racing | Chevrolet","Driver",19,
"Racing",2021,"Panini","Prizm","Red Prizm","Josh Berry","Tire Pros | JR Motorsports | Chevrolet","Driver",20,
"Racing",2021,"Panini","Prizm","Red Prizm","Daniel Hemric","Poppy Bank | Joe Gibbs Racing | Toyota","Driver",21,
"Racing",2021,"Panini","Prizm","Red Prizm","Corey LaJoie","Schluter Systems | Spire Motorsports | Chevrolet","Driver",22,
"Racing",2021,"Panini","Prizm","Red Prizm","Josh Williams","Alloy Employer Services | DGM Racing | Chevrolet","Driver",23,
"Racing",2021,"Panini","Prizm","Red Prizm","Taylor Gray","Ford Performance | DGR-Crosley | Ford","Driver",24,
"Racing",2021,"Panini","Prizm","Red Prizm","Austin Dillon","Bass Pro Shops | Richard Childress Racing | Chevrolet","Driver",25,
"Racing",2021,"Panini","Prizm","Red Prizm","Kurt Busch","Monster Energy | Chip Ganassi Racing | Chevrolet","Driver",26,
"Racing",2021,"Panini","Prizm","Red Prizm","Chase Briscoe","Ford Performance | Stewart-Haas Racing | Ford","Driver",27,
"Racing",2021,"Panini","Prizm","Red Prizm","Ryan Newman","Oscar Mayer | Roush Fenway Racing | Ford","Driver",28,
"Racing",2021,"Panini","Prizm","Red Prizm","Kaz Grala","Hyper Ice | Kaulig Racing | Chevrolet","Driver",29,
"Racing",2021,"Panini","Prizm","Red Prizm","Chandler Smith","Safelite Auto Glass | Kyle Busch Motorsports | Toyota","Driver",30,
"Racing",2021,"Panini","Prizm","Red Prizm","Matt DiBenedetto","Motorcraft | Wood Brothers Racing | Ford","Driver",31,
"Racing",2021,"Panini","Prizm","Red Prizm","Sam Mayer","JR Motorsports | JR Motorsports | Chevrolet","Driver",32,
"Racing",2021,"Panini","Prizm","Red Prizm","Ryan Blaney","Menards | Team Penske | Ford","Driver",33,
"Racing",2021,"Panini","Prizm","Red Prizm","Brad Keselowski","Money Lion | Team Penske | Ford","Driver",34,
"Racing",2021,"Panini","Prizm","Red Prizm","Hailie Deegan","Monster Energy","Driver",35,
"Racing",2021,"Panini","Prizm","Red Prizm","Kevin Harvick","Mobil 1 | Stewart-Haas Racing | Ford","Driver",36,
"Racing",2021,"Panini","Prizm","Red Prizm","Chris Buescher","Fastenal | Roush Fenway Racing | Ford","Driver",37,
"Racing",2021,"Panini","Prizm","Red Prizm","Joey Logano","Shell-Pennzoil | Team Penske | Ford","Driver",38,
"Racing",2021,"Panini","Prizm","Red Prizm","Ross Chastain","Clover | Chip Ganassi Racing | Chevrolet","Driver",39,
"Racing",2021,"Panini","Prizm","Red Prizm","Tommy Joe Martins","Gilreath Farms Red Angus | Tommy Joe Martins | Chevrolet","Driver",40,
"Racing",2021,"Panini","Prizm","Red Prizm","Kody Vanderwal","Advanced Dairy Services | Jimmy Means Racing | Chevrolet","Driver",41,
"Racing",2021,"Panini","Prizm","Red Prizm","Erik Jones","U.S. Air Force | Richard Petty Motorsports | Chevrolet","Driver",42,
"Racing",2021,"Panini","Prizm","Red Prizm","Ricky Stenhouse Jr","Kroger | JTG Daugherty Racing | Chevrolet","Driver",43,
"Racing",2021,"Panini","Prizm","Red Prizm","Austin Cindric","CarShop | Team Penske | Ford","Driver",44,
"Racing",2021,"Panini","Prizm","Red Prizm","Jesse Love","NAPA Power Premium Plus | Bill McAnally Racing | Toyota","Driver",45,
"Racing",2021,"Panini","Prizm","Red Prizm","Noah Gragson","Bass Pro Shops | JR Motorsports | Chevrolet","Driver",46,
"Racing",2021,"Panini","Prizm","Red Prizm","Aric Almirola","Smithfield Foods | Stewart-Haas Racing | Ford","Driver",47,
"Racing",2021,"Panini","Prizm","Red Prizm","Justin Allgaier","Brandt | JR Motorsports | Chevrolet","Driver",48,
"Racing",2021,"Panini","Prizm","Red Prizm","Cole Custer","Haas Automation | Stewart-Haas Racing | Ford","Driver",49,
"Racing",2021,"Panini","Prizm","Red Prizm","Harrison Burton","DEX Imaging | Joe Gibbs Racing | Toyota","Driver",50,
"Racing",2021,"Panini","Prizm","Red Prizm","Ryan Vargas","MaintenX | JD Motorsports | Chevrolet","Driver",51,
"Racing",2021,"Panini","Prizm","Red Prizm","Bubba Wallace","DoorDash | 23XI Racing | Toyota","Driver",52,
"Racing",2021,"Panini","Prizm","Red Prizm","John Hunter Nemechek","Fire Alarm Services | NEMCO Motorsports | Ford","Driver",53,
"Racing",2021,"Panini","Prizm","Red Prizm","William Byron","AXALTA | Hendrick Motorsports | Chevrolet","Driver",54,
"Racing",2021,"Panini","Prizm","Red Prizm","Michael Annett","Pilot Flying J | JR Motorsports | Chevrolet","Driver",55,
"Racing",2021,"Panini","Prizm","Red Prizm","Sheldon Creed","Chevy Accessories | GMS Racing | Chevrolet","Driver",56,
"Racing",2021,"Panini","Prizm","Red Prizm","Michael McDowell","FR8 Auctions | Front Row Motorsports | Ford","Driver",57,
"Racing",2021,"Panini","Prizm","Red Prizm","Mason Massey","Marty Massey Towing & Recovery | B.J. McLeod Motorsports | Toyota","Driver",58,
"Racing",2021,"Panini","Prizm","Red Prizm","Ty Gibbs","Interstate Batteries | Joe Gibbs Racing | Toyota","Driver",59,
"Racing",2021,"Panini","Prizm","Red Prizm","Natalie Decker","Red Street Records | Our Motorsports | Chevrolet","Driver",60,
"Racing",2021,"Panini","Prizm","Signing Sessions Black Prizm","Alex Labbe","Rousseau | DGM Racing | Chevrolet","Driver",1,1
"Racing",2021,"Panini","Prizm","Signing Sessions Black Prizm","Austin Hill","United Rentals | Hattori Racing Enterprises | Toyota","Driver",2,1
"Racing",2021,"Panini","Prizm","Signing Sessions Black Prizm","Bayley Currey ","Belmont Classic Cars | Rick Ware Racing | Chevrolet","Driver",3,1
"Racing",2021,"Panini","Prizm","Signing Sessions Black Prizm","Ben Rhodes","Bombardier | ThorSport Racing | Toyota","Driver",4,1
"Racing",2021,"Panini","Prizm","Signing Sessions Black Prizm","Brad Smith","ARCA Menards","Driver",5,1
"Racing",2021,"Panini","Prizm","Signing Sessions Black Prizm","Bret Holmes","ARCA Menards","Driver",7,1
"Racing",2021,"Panini","Prizm","Signing Sessions Black Prizm","Brett Moffitt","Our Motorsports | Chevrolet","Driver",8,1
"Racing",2021,"Panini","Prizm","Signing Sessions Black Prizm","Christian Eckes","ThorSport Racing | Toyota","Driver",10,1
"Racing",2021,"Panini","Prizm","Signing Sessions Black Prizm","Drew Dollar","JBL | Kyle Busch Motorsports | Toyota","Driver",11,1
"Racing",2021,"Panini","Prizm","Signing Sessions Black Prizm","Grant Enfinger","Champion Power Equipment | ThorSport Racing | Toyota","Driver",12,1
"Racing",2021,"Panini","Prizm","Signing Sessions Black Prizm","Jesse Love","NAPA Power Premium Plus | Bill McAnally Racing | Toyota","Driver",13,1
"Racing",2021,"Panini","Prizm","Signing Sessions Black Prizm","Josh Berry","Unilever Brands | JR Motorsports | Chevrolet","Driver",15,1
"Racing",2021,"Panini","Prizm","Signing Sessions Black Prizm","Josh Williams","Alloy Employer Services | DGM Racing | Chevrolet","Driver",16,1
"Racing",2021,"Panini","Prizm","Signing Sessions Black Prizm","Justin Haley","LeafFilter | Kaulig Racing | Chevrolet","Driver",17,1
"Racing",2021,"Panini","Prizm","Signing Sessions Black Prizm","Kody Vanderwal","Advanced Dairy Services | Jimmy Means Racing | Chevrolet","Driver",18,1
"Racing",2021,"Panini","Prizm","Signing Sessions Black Prizm","Kyle Weatherman","Wolfpack Racing | Mike Harmon Racing | Chevrolet","Driver",19,1
"Racing",2021,"Panini","Prizm","Signing Sessions Black Prizm","Mason Massey","Marty Massey Towing & Recovery | B.J. McLeod Motorsports | Toyota","Driver",20,1
"Racing",2021,"Panini","Prizm","Signing Sessions Black Prizm","Michael Self","Venturini Motorsports | Toyota","Driver",21,1
"Racing",2021,"Panini","Prizm","Signing Sessions Black Prizm","Mike Harmon","Mike Harmon Racing | Chevrolet","Driver",22,1
"Racing",2021,"Panini","Prizm","Signing Sessions Black Prizm","Myatt Snider","TaxSlayer | Richard Childress Racing | Chevrolet","Driver",23,1
"Racing",2021,"Panini","Prizm","Signing Sessions Black Prizm","Raphael Lessard","Canac | GMS Racing | Chevrolet","Driver",24,1
"Racing",2021,"Panini","Prizm","Signing Sessions Black Prizm","Ray Black Jr.","CDA | SS Greenlight | Chevrolet","Driver",25,1
"Racing",2021,"Panini","Prizm","Signing Sessions Black Prizm","Ryan Repko","Craftsman | Venturini Motorsports | Toyota","Driver",26,1
"Racing",2021,"Panini","Prizm","Signing Sessions Black Prizm","Ryan Truex","Marquis Hot Tubs | Niece Motorsports | Chevrolet","Driver",27,1
"Racing",2021,"Panini","Prizm","Signing Sessions Black Prizm","Ryan Vargas","NASCAR NEXT","Driver",28,1
"Racing",2021,"Panini","Prizm","Signing Sessions Black Prizm","Spencer Boyd","Raised on Blacktop | Young Motorsports | Chevrolet","Driver",29,1
"Racing",2021,"Panini","Prizm","Signing Sessions Black Prizm","Tanner Gray","Ford Performance | DGR-Crosley | Ford","Driver",30,1
"Racing",2021,"Panini","Prizm","Signing Sessions Black Prizm","Taylor Gray","Ford Performance | DGR-Crosley | Ford","Driver",31,1
"Racing",2021,"Panini","Prizm","Signing Sessions Black Prizm","Timmy Hill","RoofClaim.com | Carl Long Motorsports | Toyota","Driver",32,1
"Racing",2021,"Panini","Prizm","Signing Sessions Black Prizm","Tommy Joe Martins","Gilreath Farms Red Angus | Tommy Joe Martins | Chevrolet","Driver",33,1
"Racing",2021,"Panini","Prizm","Signing Sessions Black Prizm","Ty Gibbs","Monster Energy | Joe Gibbs Racing | Toyota","Driver",34,1
"Racing",2021,"Panini","Prizm","Signing Sessions Black Prizm","Vinnie Miller","UAP.org | B.J. McLeod Motorsports | Toyota","Driver",35,1
"Racing",2021,"Panini","Prizm","Signing Sessions Carolina Blue Scope","Alex Labbe","Rousseau | DGM Racing | Chevrolet","Driver",1,75
"Racing",2021,"Panini","Prizm","Signing Sessions Carolina Blue Scope","Austin Hill","United Rentals | Hattori Racing Enterprises | Toyota","Driver",2,75
"Racing",2021,"Panini","Prizm","Signing Sessions Carolina Blue Scope","Bayley Currey ","Belmont Classic Cars | Rick Ware Racing | Chevrolet","Driver",3,75
"Racing",2021,"Panini","Prizm","Signing Sessions Carolina Blue Scope","Ben Rhodes","Bombardier | ThorSport Racing | Toyota","Driver",4,60
"Racing",2021,"Panini","Prizm","Signing Sessions Carolina Blue Scope","Brad Smith","ARCA Menards","Driver",5,60
"Racing",2021,"Panini","Prizm","Signing Sessions Carolina Blue Scope","Bret Holmes","ARCA Menards","Driver",7,30
"Racing",2021,"Panini","Prizm","Signing Sessions Carolina Blue Scope","Brett Moffitt","Our Motorsports | Chevrolet","Driver",8,75
"Racing",2021,"Panini","Prizm","Signing Sessions Carolina Blue Scope","Christian Eckes","ThorSport Racing | Toyota","Driver",10,75
"Racing",2021,"Panini","Prizm","Signing Sessions Carolina Blue Scope","Drew Dollar","JBL | Kyle Busch Motorsports | Toyota","Driver",11,75
"Racing",2021,"Panini","Prizm","Signing Sessions Carolina Blue Scope","Grant Enfinger","Champion Power Equipment | ThorSport Racing | Toyota","Driver",12,75
"Racing",2021,"Panini","Prizm","Signing Sessions Carolina Blue Scope","Jesse Love","NAPA Power Premium Plus | Bill McAnally Racing | Toyota","Driver",13,75
"Racing",2021,"Panini","Prizm","Signing Sessions Carolina Blue Scope","Josh Berry","Unilever Brands | JR Motorsports | Chevrolet","Driver",15,75
"Racing",2021,"Panini","Prizm","Signing Sessions Carolina Blue Scope","Josh Williams","Alloy Employer Services | DGM Racing | Chevrolet","Driver",16,75
"Racing",2021,"Panini","Prizm","Signing Sessions Carolina Blue Scope","Justin Haley","LeafFilter | Kaulig Racing | Chevrolet","Driver",17,75
"Racing",2021,"Panini","Prizm","Signing Sessions Carolina Blue Scope","Kody Vanderwal","Advanced Dairy Services | Jimmy Means Racing | Chevrolet","Driver",18,75
"Racing",2021,"Panini","Prizm","Signing Sessions Carolina Blue Scope","Kyle Weatherman","Wolfpack Racing | Mike Harmon Racing | Chevrolet","Driver",19,75
"Racing",2021,"Panini","Prizm","Signing Sessions Carolina Blue Scope","Mason Massey","Marty Massey Towing & Recovery | B.J. McLeod Motorsports | Toyota","Driver",20,75
"Racing",2021,"Panini","Prizm","Signing Sessions Carolina Blue Scope","Michael Self","Venturini Motorsports | Toyota","Driver",21,75
"Racing",2021,"Panini","Prizm","Signing Sessions Carolina Blue Scope","Mike Harmon","Mike Harmon Racing | Chevrolet","Driver",22,75
"Racing",2021,"Panini","Prizm","Signing Sessions Carolina Blue Scope","Myatt Snider","TaxSlayer | Richard Childress Racing | Chevrolet","Driver",23,75
"Racing",2021,"Panini","Prizm","Signing Sessions Carolina Blue Scope","Raphael Lessard","Canac | GMS Racing | Chevrolet","Driver",24,75
"Racing",2021,"Panini","Prizm","Signing Sessions Carolina Blue Scope","Ray Black Jr.","CDA | SS Greenlight | Chevrolet","Driver",25,75
"Racing",2021,"Panini","Prizm","Signing Sessions Carolina Blue Scope","Ryan Repko","Craftsman | Venturini Motorsports | Toyota","Driver",26,75
"Racing",2021,"Panini","Prizm","Signing Sessions Carolina Blue Scope","Ryan Truex","Marquis Hot Tubs | Niece Motorsports | Chevrolet","Driver",27,75
"Racing",2021,"Panini","Prizm","Signing Sessions Carolina Blue Scope","Ryan Vargas","NASCAR NEXT","Driver",28,75
"Racing",2021,"Panini","Prizm","Signing Sessions Carolina Blue Scope","Spencer Boyd","Raised on Blacktop | Young Motorsports | Chevrolet","Driver",29,75
"Racing",2021,"Panini","Prizm","Signing Sessions Carolina Blue Scope","Tanner Gray","Ford Performance | DGR-Crosley | Ford","Driver",30,75
"Racing",2021,"Panini","Prizm","Signing Sessions Carolina Blue Scope","Taylor Gray","Ford Performance | DGR-Crosley | Ford","Driver",31,75
"Racing",2021,"Panini","Prizm","Signing Sessions Carolina Blue Scope","Timmy Hill","RoofClaim.com | Carl Long Motorsports | Toyota","Driver",32,75
"Racing",2021,"Panini","Prizm","Signing Sessions Carolina Blue Scope","Tommy Joe Martins","Gilreath Farms Red Angus | Tommy Joe Martins | Chevrolet","Driver",33,75
"Racing",2021,"Panini","Prizm","Signing Sessions Carolina Blue Scope","Ty Gibbs","Monster Energy | Joe Gibbs Racing | Toyota","Driver",34,75
"Racing",2021,"Panini","Prizm","Signing Sessions Carolina Blue Scope","Vinnie Miller","UAP.org | B.J. McLeod Motorsports | Toyota","Driver",35,75
"Racing",2021,"Panini","Prizm","Signing Sessions Gold Prizm","Alex Labbe","Rousseau | DGM Racing | Chevrolet","Driver",1,10
"Racing",2021,"Panini","Prizm","Signing Sessions Gold Prizm","Austin Hill","United Rentals | Hattori Racing Enterprises | Toyota","Driver",2,10
"Racing",2021,"Panini","Prizm","Signing Sessions Gold Prizm","Bayley Currey ","Belmont Classic Cars | Rick Ware Racing | Chevrolet","Driver",3,10
"Racing",2021,"Panini","Prizm","Signing Sessions Gold Prizm","Ben Rhodes","Bombardier | ThorSport Racing | Toyota","Driver",4,10
"Racing",2021,"Panini","Prizm","Signing Sessions Gold Prizm","Brad Smith","ARCA Menards","Driver",5,10
"Racing",2021,"Panini","Prizm","Signing Sessions Gold Prizm","Bret Holmes","ARCA Menards","Driver",7,10
"Racing",2021,"Panini","Prizm","Signing Sessions Gold Prizm","Brett Moffitt","Our Motorsports | Chevrolet","Driver",8,10
"Racing",2021,"Panini","Prizm","Signing Sessions Gold Prizm","Christian Eckes","ThorSport Racing | Toyota","Driver",10,10
"Racing",2021,"Panini","Prizm","Signing Sessions Gold Prizm","Drew Dollar","JBL | Kyle Busch Motorsports | Toyota","Driver",11,10
"Racing",2021,"Panini","Prizm","Signing Sessions Gold Prizm","Grant Enfinger","Champion Power Equipment | ThorSport Racing | Toyota","Driver",12,10
"Racing",2021,"Panini","Prizm","Signing Sessions Gold Prizm","Jesse Love","NAPA Power Premium Plus | Bill McAnally Racing | Toyota","Driver",13,10
"Racing",2021,"Panini","Prizm","Signing Sessions Gold Prizm","Josh Berry","Unilever Brands | JR Motorsports | Chevrolet","Driver",15,10
"Racing",2021,"Panini","Prizm","Signing Sessions Gold Prizm","Josh Williams","Alloy Employer Services | DGM Racing | Chevrolet","Driver",16,10
"Racing",2021,"Panini","Prizm","Signing Sessions Gold Prizm","Justin Haley","LeafFilter | Kaulig Racing | Chevrolet","Driver",17,10
"Racing",2021,"Panini","Prizm","Signing Sessions Gold Prizm","Kody Vanderwal","Advanced Dairy Services | Jimmy Means Racing | Chevrolet","Driver",18,10
"Racing",2021,"Panini","Prizm","Signing Sessions Gold Prizm","Kyle Weatherman","Wolfpack Racing | Mike Harmon Racing | Chevrolet","Driver",19,10
"Racing",2021,"Panini","Prizm","Signing Sessions Gold Prizm","Mason Massey","Marty Massey Towing & Recovery | B.J. McLeod Motorsports | Toyota","Driver",20,10
"Racing",2021,"Panini","Prizm","Signing Sessions Gold Prizm","Michael Self","Venturini Motorsports | Toyota","Driver",21,10
"Racing",2021,"Panini","Prizm","Signing Sessions Gold Prizm","Mike Harmon","Mike Harmon Racing | Chevrolet","Driver",22,10
"Racing",2021,"Panini","Prizm","Signing Sessions Gold Prizm","Myatt Snider","TaxSlayer | Richard Childress Racing | Chevrolet","Driver",23,10
"Racing",2021,"Panini","Prizm","Signing Sessions Gold Prizm","Raphael Lessard","Canac | GMS Racing | Chevrolet","Driver",24,10
"Racing",2021,"Panini","Prizm","Signing Sessions Gold Prizm","Ray Black Jr.","CDA | SS Greenlight | Chevrolet","Driver",25,10
"Racing",2021,"Panini","Prizm","Signing Sessions Gold Prizm","Ryan Repko","Craftsman | Venturini Motorsports | Toyota","Driver",26,10
"Racing",2021,"Panini","Prizm","Signing Sessions Gold Prizm","Ryan Truex","Marquis Hot Tubs | Niece Motorsports | Chevrolet","Driver",27,10
"Racing",2021,"Panini","Prizm","Signing Sessions Gold Prizm","Ryan Vargas","NASCAR NEXT","Driver",28,10
"Racing",2021,"Panini","Prizm","Signing Sessions Gold Prizm","Spencer Boyd","Raised on Blacktop | Young Motorsports | Chevrolet","Driver",29,10
"Racing",2021,"Panini","Prizm","Signing Sessions Gold Prizm","Tanner Gray","Ford Performance | DGR-Crosley | Ford","Driver",30,10
"Racing",2021,"Panini","Prizm","Signing Sessions Gold Prizm","Taylor Gray","Ford Performance | DGR-Crosley | Ford","Driver",31,10
"Racing",2021,"Panini","Prizm","Signing Sessions Gold Prizm","Timmy Hill","RoofClaim.com | Carl Long Motorsports | Toyota","Driver",32,10
"Racing",2021,"Panini","Prizm","Signing Sessions Gold Prizm","Tommy Joe Martins","Gilreath Farms Red Angus | Tommy Joe Martins | Chevrolet","Driver",33,10
"Racing",2021,"Panini","Prizm","Signing Sessions Gold Prizm","Ty Gibbs","Monster Energy | Joe Gibbs Racing | Toyota","Driver",34,10
"Racing",2021,"Panini","Prizm","Signing Sessions Gold Prizm","Vinnie Miller","UAP.org | B.J. McLeod Motorsports | Toyota","Driver",35,10
"Racing",2021,"Panini","Prizm","Signing Sessions Gold Vinyl","Alex Labbe","Rousseau | DGM Racing | Chevrolet","Driver",1,1
"Racing",2021,"Panini","Prizm","Signing Sessions Gold Vinyl","Austin Hill","United Rentals | Hattori Racing Enterprises | Toyota","Driver",2,1
"Racing",2021,"Panini","Prizm","Signing Sessions Gold Vinyl","Bayley Currey ","Belmont Classic Cars | Rick Ware Racing | Chevrolet","Driver",3,1
"Racing",2021,"Panini","Prizm","Signing Sessions Gold Vinyl","Ben Rhodes","Bombardier | ThorSport Racing | Toyota","Driver",4,1
"Racing",2021,"Panini","Prizm","Signing Sessions Gold Vinyl","Brad Smith","ARCA Menards","Driver",5,1
"Racing",2021,"Panini","Prizm","Signing Sessions Gold Vinyl","Bret Holmes","ARCA Menards","Driver",7,1
"Racing",2021,"Panini","Prizm","Signing Sessions Gold Vinyl","Brett Moffitt","Our Motorsports | Chevrolet","Driver",8,1
"Racing",2021,"Panini","Prizm","Signing Sessions Gold Vinyl","Christian Eckes","ThorSport Racing | Toyota","Driver",10,1
"Racing",2021,"Panini","Prizm","Signing Sessions Gold Vinyl","Drew Dollar","JBL | Kyle Busch Motorsports | Toyota","Driver",11,1
"Racing",2021,"Panini","Prizm","Signing Sessions Gold Vinyl","Grant Enfinger","Champion Power Equipment | ThorSport Racing | Toyota","Driver",12,1
"Racing",2021,"Panini","Prizm","Signing Sessions Gold Vinyl","Jesse Love","NAPA Power Premium Plus | Bill McAnally Racing | Toyota","Driver",13,1
"Racing",2021,"Panini","Prizm","Signing Sessions Gold Vinyl","Josh Berry","Unilever Brands | JR Motorsports | Chevrolet","Driver",15,1
"Racing",2021,"Panini","Prizm","Signing Sessions Gold Vinyl","Josh Williams","Alloy Employer Services | DGM Racing | Chevrolet","Driver",16,1
"Racing",2021,"Panini","Prizm","Signing Sessions Gold Vinyl","Justin Haley","LeafFilter | Kaulig Racing | Chevrolet","Driver",17,1
"Racing",2021,"Panini","Prizm","Signing Sessions Gold Vinyl","Kody Vanderwal","Advanced Dairy Services | Jimmy Means Racing | Chevrolet","Driver",18,1
"Racing",2021,"Panini","Prizm","Signing Sessions Gold Vinyl","Kyle Weatherman","Wolfpack Racing | Mike Harmon Racing | Chevrolet","Driver",19,1
"Racing",2021,"Panini","Prizm","Signing Sessions Gold Vinyl","Mason Massey","Marty Massey Towing & Recovery | B.J. McLeod Motorsports | Toyota","Driver",20,1
"Racing",2021,"Panini","Prizm","Signing Sessions Gold Vinyl","Michael Self","Venturini Motorsports | Toyota","Driver",21,1
"Racing",2021,"Panini","Prizm","Signing Sessions Gold Vinyl","Mike Harmon","Mike Harmon Racing | Chevrolet","Driver",22,1
"Racing",2021,"Panini","Prizm","Signing Sessions Gold Vinyl","Myatt Snider","TaxSlayer | Richard Childress Racing | Chevrolet","Driver",23,1
"Racing",2021,"Panini","Prizm","Signing Sessions Gold Vinyl","Raphael Lessard","Canac | GMS Racing | Chevrolet","Driver",24,1
"Racing",2021,"Panini","Prizm","Signing Sessions Gold Vinyl","Ray Black Jr.","CDA | SS Greenlight | Chevrolet","Driver",25,1
"Racing",2021,"Panini","Prizm","Signing Sessions Gold Vinyl","Ryan Repko","Craftsman | Venturini Motorsports | Toyota","Driver",26,1
"Racing",2021,"Panini","Prizm","Signing Sessions Gold Vinyl","Ryan Truex","Marquis Hot Tubs | Niece Motorsports | Chevrolet","Driver",27,1
"Racing",2021,"Panini","Prizm","Signing Sessions Gold Vinyl","Ryan Vargas","NASCAR NEXT","Driver",28,1
"Racing",2021,"Panini","Prizm","Signing Sessions Gold Vinyl","Spencer Boyd","Raised on Blacktop | Young Motorsports | Chevrolet","Driver",29,1
"Racing",2021,"Panini","Prizm","Signing Sessions Gold Vinyl","Tanner Gray","Ford Performance | DGR-Crosley | Ford","Driver",30,1
"Racing",2021,"Panini","Prizm","Signing Sessions Gold Vinyl","Taylor Gray","Ford Performance | DGR-Crosley | Ford","Driver",31,1
"Racing",2021,"Panini","Prizm","Signing Sessions Gold Vinyl","Timmy Hill","RoofClaim.com | Carl Long Motorsports | Toyota","Driver",32,1
"Racing",2021,"Panini","Prizm","Signing Sessions Gold Vinyl","Tommy Joe Martins","Gilreath Farms Red Angus | Tommy Joe Martins | Chevrolet","Driver",33,1
"Racing",2021,"Panini","Prizm","Signing Sessions Gold Vinyl","Ty Gibbs","Monster Energy | Joe Gibbs Racing | Toyota","Driver",34,1
"Racing",2021,"Panini","Prizm","Signing Sessions Gold Vinyl","Vinnie Miller","UAP.org | B.J. McLeod Motorsports | Toyota","Driver",35,1
"Racing",2021,"Panini","Prizm","Signing Sessions Hyper Prizm Blue and Carolina Blue","Alex Labbe","Rousseau | DGM Racing | Chevrolet","Driver",1,50
"Racing",2021,"Panini","Prizm","Signing Sessions Hyper Prizm Blue and Carolina Blue","Austin Hill","United Rentals | Hattori Racing Enterprises | Toyota","Driver",2,25
"Racing",2021,"Panini","Prizm","Signing Sessions Hyper Prizm Blue and Carolina Blue","Bayley Currey ","Belmont Classic Cars | Rick Ware Racing | Chevrolet","Driver",3,50
"Racing",2021,"Panini","Prizm","Signing Sessions Hyper Prizm Blue and Carolina Blue","Ben Rhodes","Bombardier | ThorSport Racing | Toyota","Driver",4,10
"Racing",2021,"Panini","Prizm","Signing Sessions Hyper Prizm Blue and Carolina Blue","Brad Smith","ARCA Menards","Driver",5,10
"Racing",2021,"Panini","Prizm","Signing Sessions Hyper Prizm Blue and Carolina Blue","Bret Holmes","ARCA Menards","Driver",7,25
"Racing",2021,"Panini","Prizm","Signing Sessions Hyper Prizm Blue and Carolina Blue","Brett Moffitt","Our Motorsports | Chevrolet","Driver",8,25
"Racing",2021,"Panini","Prizm","Signing Sessions Hyper Prizm Blue and Carolina Blue","Christian Eckes","ThorSport Racing | Toyota","Driver",10,25
"Racing",2021,"Panini","Prizm","Signing Sessions Hyper Prizm Blue and Carolina Blue","Drew Dollar","JBL | Kyle Busch Motorsports | Toyota","Driver",11,50
"Racing",2021,"Panini","Prizm","Signing Sessions Hyper Prizm Blue and Carolina Blue","Grant Enfinger","Champion Power Equipment | ThorSport Racing | Toyota","Driver",12,50
"Racing",2021,"Panini","Prizm","Signing Sessions Hyper Prizm Blue and Carolina Blue","Jesse Love","NAPA Power Premium Plus | Bill McAnally Racing | Toyota","Driver",13,50
"Racing",2021,"Panini","Prizm","Signing Sessions Hyper Prizm Blue and Carolina Blue","Josh Berry","Unilever Brands | JR Motorsports | Chevrolet","Driver",15,50
"Racing",2021,"Panini","Prizm","Signing Sessions Hyper Prizm Blue and Carolina Blue","Josh Williams","Alloy Employer Services | DGM Racing | Chevrolet","Driver",16,50
"Racing",2021,"Panini","Prizm","Signing Sessions Hyper Prizm Blue and Carolina Blue","Justin Haley","LeafFilter | Kaulig Racing | Chevrolet","Driver",17,25
"Racing",2021,"Panini","Prizm","Signing Sessions Hyper Prizm Blue and Carolina Blue","Kody Vanderwal","Advanced Dairy Services | Jimmy Means Racing | Chevrolet","Driver",18,50
"Racing",2021,"Panini","Prizm","Signing Sessions Hyper Prizm Blue and Carolina Blue","Kyle Weatherman","Wolfpack Racing | Mike Harmon Racing | Chevrolet","Driver",19,50
"Racing",2021,"Panini","Prizm","Signing Sessions Hyper Prizm Blue and Carolina Blue","Mason Massey","Marty Massey Towing & Recovery | B.J. McLeod Motorsports | Toyota","Driver",20,50
"Racing",2021,"Panini","Prizm","Signing Sessions Hyper Prizm Blue and Carolina Blue","Michael Self","Venturini Motorsports | Toyota","Driver",21,25
"Racing",2021,"Panini","Prizm","Signing Sessions Hyper Prizm Blue and Carolina Blue","Mike Harmon","Mike Harmon Racing | Chevrolet","Driver",22,25
"Racing",2021,"Panini","Prizm","Signing Sessions Hyper Prizm Blue and Carolina Blue","Myatt Snider","TaxSlayer | Richard Childress Racing | Chevrolet","Driver",23,50
"Racing",2021,"Panini","Prizm","Signing Sessions Hyper Prizm Blue and Carolina Blue","Raphael Lessard","Canac | GMS Racing | Chevrolet","Driver",24,50
"Racing",2021,"Panini","Prizm","Signing Sessions Hyper Prizm Blue and Carolina Blue","Ray Black Jr.","CDA | SS Greenlight | Chevrolet","Driver",25,25
"Racing",2021,"Panini","Prizm","Signing Sessions Hyper Prizm Blue and Carolina Blue","Ryan Repko","Craftsman | Venturini Motorsports | Toyota","Driver",26,50
"Racing",2021,"Panini","Prizm","Signing Sessions Hyper Prizm Blue and Carolina Blue","Ryan Truex","Marquis Hot Tubs | Niece Motorsports | Chevrolet","Driver",27,25
"Racing",2021,"Panini","Prizm","Signing Sessions Hyper Prizm Blue and Carolina Blue","Ryan Vargas","NASCAR NEXT","Driver",28,25
"Racing",2021,"Panini","Prizm","Signing Sessions Hyper Prizm Blue and Carolina Blue","Spencer Boyd","Raised on Blacktop | Young Motorsports | Chevrolet","Driver",29,50
"Racing",2021,"Panini","Prizm","Signing Sessions Hyper Prizm Blue and Carolina Blue","Tanner Gray","Ford Performance | DGR-Crosley | Ford","Driver",30,25
"Racing",2021,"Panini","Prizm","Signing Sessions Hyper Prizm Blue and Carolina Blue","Taylor Gray","Ford Performance | DGR-Crosley | Ford","Driver",31,50
"Racing",2021,"Panini","Prizm","Signing Sessions Hyper Prizm Blue and Carolina Blue","Timmy Hill","RoofClaim.com | Carl Long Motorsports | Toyota","Driver",32,25
"Racing",2021,"Panini","Prizm","Signing Sessions Hyper Prizm Blue and Carolina Blue","Tommy Joe Martins","Gilreath Farms Red Angus | Tommy Joe Martins | Chevrolet","Driver",33,50
"Racing",2021,"Panini","Prizm","Signing Sessions Hyper Prizm Blue and Carolina Blue","Ty Gibbs","Monster Energy | Joe Gibbs Racing | Toyota","Driver",34,25
"Racing",2021,"Panini","Prizm","Signing Sessions Hyper Prizm Blue and Carolina Blue","Vinnie Miller","UAP.org | B.J. McLeod Motorsports | Toyota","Driver",35,25
"Racing",2021,"Panini","Prizm","Signing Sessions Hyper Prizm Green and Yellow","Alex Labbe","Rousseau | DGM Racing | Chevrolet","Driver",1,50
"Racing",2021,"Panini","Prizm","Signing Sessions Hyper Prizm Green and Yellow","Austin Hill","United Rentals | Hattori Racing Enterprises | Toyota","Driver",2,25
"Racing",2021,"Panini","Prizm","Signing Sessions Hyper Prizm Green and Yellow","Bayley Currey ","Belmont Classic Cars | Rick Ware Racing | Chevrolet","Driver",3,50
"Racing",2021,"Panini","Prizm","Signing Sessions Hyper Prizm Green and Yellow","Ben Rhodes","Bombardier | ThorSport Racing | Toyota","Driver",4,10
"Racing",2021,"Panini","Prizm","Signing Sessions Hyper Prizm Green and Yellow","Brad Smith","ARCA Menards","Driver",5,10
"Racing",2021,"Panini","Prizm","Signing Sessions Hyper Prizm Green and Yellow","Bret Holmes","ARCA Menards","Driver",7,25
"Racing",2021,"Panini","Prizm","Signing Sessions Hyper Prizm Green and Yellow","Brett Moffitt","Our Motorsports | Chevrolet","Driver",8,25
"Racing",2021,"Panini","Prizm","Signing Sessions Hyper Prizm Green and Yellow","Christian Eckes","ThorSport Racing | Toyota","Driver",10,25
"Racing",2021,"Panini","Prizm","Signing Sessions Hyper Prizm Green and Yellow","Drew Dollar","JBL | Kyle Busch Motorsports | Toyota","Driver",11,50
"Racing",2021,"Panini","Prizm","Signing Sessions Hyper Prizm Green and Yellow","Grant Enfinger","Champion Power Equipment | ThorSport Racing | Toyota","Driver",12,50
"Racing",2021,"Panini","Prizm","Signing Sessions Hyper Prizm Green and Yellow","Jesse Love","NAPA Power Premium Plus | Bill McAnally Racing | Toyota","Driver",13,50
"Racing",2021,"Panini","Prizm","Signing Sessions Hyper Prizm Green and Yellow","Josh Berry","Unilever Brands | JR Motorsports | Chevrolet","Driver",15,50
"Racing",2021,"Panini","Prizm","Signing Sessions Hyper Prizm Green and Yellow","Josh Williams","Alloy Employer Services | DGM Racing | Chevrolet","Driver",16,50
"Racing",2021,"Panini","Prizm","Signing Sessions Hyper Prizm Green and Yellow","Justin Haley","LeafFilter | Kaulig Racing | Chevrolet","Driver",17,25
"Racing",2021,"Panini","Prizm","Signing Sessions Hyper Prizm Green and Yellow","Kody Vanderwal","Advanced Dairy Services | Jimmy Means Racing | Chevrolet","Driver",18,50
"Racing",2021,"Panini","Prizm","Signing Sessions Hyper Prizm Green and Yellow","Kyle Weatherman","Wolfpack Racing | Mike Harmon Racing | Chevrolet","Driver",19,50
"Racing",2021,"Panini","Prizm","Signing Sessions Hyper Prizm Green and Yellow","Mason Massey","Marty Massey Towing & Recovery | B.J. McLeod Motorsports | Toyota","Driver",20,50
"Racing",2021,"Panini","Prizm","Signing Sessions Hyper Prizm Green and Yellow","Michael Self","Venturini Motorsports | Toyota","Driver",21,25
"Racing",2021,"Panini","Prizm","Signing Sessions Hyper Prizm Green and Yellow","Mike Harmon","Mike Harmon Racing | Chevrolet","Driver",22,25
"Racing",2021,"Panini","Prizm","Signing Sessions Hyper Prizm Green and Yellow","Myatt Snider","TaxSlayer | Richard Childress Racing | Chevrolet","Driver",23,50
"Racing",2021,"Panini","Prizm","Signing Sessions Hyper Prizm Green and Yellow","Raphael Lessard","Canac | GMS Racing | Chevrolet","Driver",24,50
"Racing",2021,"Panini","Prizm","Signing Sessions Hyper Prizm Green and Yellow","Ray Black Jr.","CDA | SS Greenlight | Chevrolet","Driver",25,25
"Racing",2021,"Panini","Prizm","Signing Sessions Hyper Prizm Green and Yellow","Ryan Repko","Craftsman | Venturini Motorsports | Toyota","Driver",26,50
"Racing",2021,"Panini","Prizm","Signing Sessions Hyper Prizm Green and Yellow","Ryan Truex","Marquis Hot Tubs | Niece Motorsports | Chevrolet","Driver",27,25
"Racing",2021,"Panini","Prizm","Signing Sessions Hyper Prizm Green and Yellow","Ryan Vargas","NASCAR NEXT","Driver",28,25
"Racing",2021,"Panini","Prizm","Signing Sessions Hyper Prizm Green and Yellow","Spencer Boyd","Raised on Blacktop | Young Motorsports | Chevrolet","Driver",29,50
"Racing",2021,"Panini","Prizm","Signing Sessions Hyper Prizm Green and Yellow","Tanner Gray","Ford Performance | DGR-Crosley | Ford","Driver",30,25
"Racing",2021,"Panini","Prizm","Signing Sessions Hyper Prizm Green and Yellow","Taylor Gray","Ford Performance | DGR-Crosley | Ford","Driver",31,50
"Racing",2021,"Panini","Prizm","Signing Sessions Hyper Prizm Green and Yellow","Timmy Hill","RoofClaim.com | Carl Long Motorsports | Toyota","Driver",32,25
"Racing",2021,"Panini","Prizm","Signing Sessions Hyper Prizm Green and Yellow","Tommy Joe Martins","Gilreath Farms Red Angus | Tommy Joe Martins | Chevrolet","Driver",33,50
"Racing",2021,"Panini","Prizm","Signing Sessions Hyper Prizm Green and Yellow","Ty Gibbs","Monster Energy | Joe Gibbs Racing | Toyota","Driver",34,25
"Racing",2021,"Panini","Prizm","Signing Sessions Hyper Prizm Green and Yellow","Vinnie Miller","UAP.org | B.J. McLeod Motorsports | Toyota","Driver",35,25
"Racing",2021,"Panini","Prizm","Signing Sessions Hyper Prizm Red and Blue","Alex Labbe","Rousseau | DGM Racing | Chevrolet","Driver",1,50
"Racing",2021,"Panini","Prizm","Signing Sessions Hyper Prizm Red and Blue","Austin Hill","United Rentals | Hattori Racing Enterprises | Toyota","Driver",2,25
"Racing",2021,"Panini","Prizm","Signing Sessions Hyper Prizm Red and Blue","Bayley Currey ","Belmont Classic Cars | Rick Ware Racing | Chevrolet","Driver",3,50
"Racing",2021,"Panini","Prizm","Signing Sessions Hyper Prizm Red and Blue","Ben Rhodes","Bombardier | ThorSport Racing | Toyota","Driver",4,10
"Racing",2021,"Panini","Prizm","Signing Sessions Hyper Prizm Red and Blue","Brad Smith","ARCA Menards","Driver",5,10
"Racing",2021,"Panini","Prizm","Signing Sessions Hyper Prizm Red and Blue","Bret Holmes","ARCA Menards","Driver",7,25
"Racing",2021,"Panini","Prizm","Signing Sessions Hyper Prizm Red and Blue","Brett Moffitt","Our Motorsports | Chevrolet","Driver",8,25
"Racing",2021,"Panini","Prizm","Signing Sessions Hyper Prizm Red and Blue","Christian Eckes","ThorSport Racing | Toyota","Driver",10,25
"Racing",2021,"Panini","Prizm","Signing Sessions Hyper Prizm Red and Blue","Drew Dollar","JBL | Kyle Busch Motorsports | Toyota","Driver",11,50
"Racing",2021,"Panini","Prizm","Signing Sessions Hyper Prizm Red and Blue","Grant Enfinger","Champion Power Equipment | ThorSport Racing | Toyota","Driver",12,50
"Racing",2021,"Panini","Prizm","Signing Sessions Hyper Prizm Red and Blue","Jesse Love","NAPA Power Premium Plus | Bill McAnally Racing | Toyota","Driver",13,50
"Racing",2021,"Panini","Prizm","Signing Sessions Hyper Prizm Red and Blue","Josh Berry","Unilever Brands | JR Motorsports | Chevrolet","Driver",15,50
"Racing",2021,"Panini","Prizm","Signing Sessions Hyper Prizm Red and Blue","Josh Williams","Alloy Employer Services | DGM Racing | Chevrolet","Driver",16,50
"Racing",2021,"Panini","Prizm","Signing Sessions Hyper Prizm Red and Blue","Justin Haley","LeafFilter | Kaulig Racing | Chevrolet","Driver",17,25
"Racing",2021,"Panini","Prizm","Signing Sessions Hyper Prizm Red and Blue","Kody Vanderwal","Advanced Dairy Services | Jimmy Means Racing | Chevrolet","Driver",18,50
"Racing",2021,"Panini","Prizm","Signing Sessions Hyper Prizm Red and Blue","Kyle Weatherman","Wolfpack Racing | Mike Harmon Racing | Chevrolet","Driver",19,50
"Racing",2021,"Panini","Prizm","Signing Sessions Hyper Prizm Red and Blue","Mason Massey","Marty Massey Towing & Recovery | B.J. McLeod Motorsports | Toyota","Driver",20,50
"Racing",2021,"Panini","Prizm","Signing Sessions Hyper Prizm Red and Blue","Michael Self","Venturini Motorsports | Toyota","Driver",21,25
"Racing",2021,"Panini","Prizm","Signing Sessions Hyper Prizm Red and Blue","Mike Harmon","Mike Harmon Racing | Chevrolet","Driver",22,25
"Racing",2021,"Panini","Prizm","Signing Sessions Hyper Prizm Red and Blue","Myatt Snider","TaxSlayer | Richard Childress Racing | Chevrolet","Driver",23,50
"Racing",2021,"Panini","Prizm","Signing Sessions Hyper Prizm Red and Blue","Raphael Lessard","Canac | GMS Racing | Chevrolet","Driver",24,50
"Racing",2021,"Panini","Prizm","Signing Sessions Hyper Prizm Red and Blue","Ray Black Jr.","CDA | SS Greenlight | Chevrolet","Driver",25,25
"Racing",2021,"Panini","Prizm","Signing Sessions Hyper Prizm Red and Blue","Ryan Repko","Craftsman | Venturini Motorsports | Toyota","Driver",26,50
"Racing",2021,"Panini","Prizm","Signing Sessions Hyper Prizm Red and Blue","Ryan Truex","Marquis Hot Tubs | Niece Motorsports | Chevrolet","Driver",27,25
"Racing",2021,"Panini","Prizm","Signing Sessions Hyper Prizm Red and Blue","Ryan Vargas","NASCAR NEXT","Driver",28,25
"Racing",2021,"Panini","Prizm","Signing Sessions Hyper Prizm Red and Blue","Spencer Boyd","Raised on Blacktop | Young Motorsports | Chevrolet","Driver",29,50
"Racing",2021,"Panini","Prizm","Signing Sessions Hyper Prizm Red and Blue","Tanner Gray","Ford Performance | DGR-Crosley | Ford","Driver",30,25
"Racing",2021,"Panini","Prizm","Signing Sessions Hyper Prizm Red and Blue","Taylor Gray","Ford Performance | DGR-Crosley | Ford","Driver",31,50
"Racing",2021,"Panini","Prizm","Signing Sessions Hyper Prizm Red and Blue","Timmy Hill","RoofClaim.com | Carl Long Motorsports | Toyota","Driver",32,25
"Racing",2021,"Panini","Prizm","Signing Sessions Hyper Prizm Red and Blue","Tommy Joe Martins","Gilreath Farms Red Angus | Tommy Joe Martins | Chevrolet","Driver",33,50
"Racing",2021,"Panini","Prizm","Signing Sessions Hyper Prizm Red and Blue","Ty Gibbs","Monster Energy | Joe Gibbs Racing | Toyota","Driver",34,25
"Racing",2021,"Panini","Prizm","Signing Sessions Hyper Prizm Red and Blue","Vinnie Miller","UAP.org | B.J. McLeod Motorsports | Toyota","Driver",35,25
"Racing",2021,"Panini","Prizm","Signing Sessions Pink Prizm","Alex Labbe","Rousseau | DGM Racing | Chevrolet","Driver",1,50
"Racing",2021,"Panini","Prizm","Signing Sessions Pink Prizm","Austin Hill","United Rentals | Hattori Racing Enterprises | Toyota","Driver",2,50
"Racing",2021,"Panini","Prizm","Signing Sessions Pink Prizm","Bayley Currey ","Belmont Classic Cars | Rick Ware Racing | Chevrolet","Driver",3,50
"Racing",2021,"Panini","Prizm","Signing Sessions Pink Prizm","Ben Rhodes","Bombardier | ThorSport Racing | Toyota","Driver",4,50
"Racing",2021,"Panini","Prizm","Signing Sessions Pink Prizm","Brad Smith","ARCA Menards","Driver",5,50
"Racing",2021,"Panini","Prizm","Signing Sessions Pink Prizm","Bret Holmes","ARCA Menards","Driver",7,25
"Racing",2021,"Panini","Prizm","Signing Sessions Pink Prizm","Brett Moffitt","Our Motorsports | Chevrolet","Driver",8,50
"Racing",2021,"Panini","Prizm","Signing Sessions Pink Prizm","Christian Eckes","ThorSport Racing | Toyota","Driver",10,50
"Racing",2021,"Panini","Prizm","Signing Sessions Pink Prizm","Drew Dollar","JBL | Kyle Busch Motorsports | Toyota","Driver",11,50
"Racing",2021,"Panini","Prizm","Signing Sessions Pink Prizm","Grant Enfinger","Champion Power Equipment | ThorSport Racing | Toyota","Driver",12,50
"Racing",2021,"Panini","Prizm","Signing Sessions Pink Prizm","Jesse Love","NAPA Power Premium Plus | Bill McAnally Racing | Toyota","Driver",13,50
"Racing",2021,"Panini","Prizm","Signing Sessions Pink Prizm","Josh Berry","Unilever Brands | JR Motorsports | Chevrolet","Driver",15,50
"Racing",2021,"Panini","Prizm","Signing Sessions Pink Prizm","Josh Williams","Alloy Employer Services | DGM Racing | Chevrolet","Driver",16,50
"Racing",2021,"Panini","Prizm","Signing Sessions Pink Prizm","Justin Haley","LeafFilter | Kaulig Racing | Chevrolet","Driver",17,50
"Racing",2021,"Panini","Prizm","Signing Sessions Pink Prizm","Kody Vanderwal","Advanced Dairy Services | Jimmy Means Racing | Chevrolet","Driver",18,50
"Racing",2021,"Panini","Prizm","Signing Sessions Pink Prizm","Kyle Weatherman","Wolfpack Racing | Mike Harmon Racing | Chevrolet","Driver",19,50
"Racing",2021,"Panini","Prizm","Signing Sessions Pink Prizm","Mason Massey","Marty Massey Towing & Recovery | B.J. McLeod Motorsports | Toyota","Driver",20,50
"Racing",2021,"Panini","Prizm","Signing Sessions Pink Prizm","Michael Self","Venturini Motorsports | Toyota","Driver",21,50
"Racing",2021,"Panini","Prizm","Signing Sessions Pink Prizm","Mike Harmon","Mike Harmon Racing | Chevrolet","Driver",22,50
"Racing",2021,"Panini","Prizm","Signing Sessions Pink Prizm","Myatt Snider","TaxSlayer | Richard Childress Racing | Chevrolet","Driver",23,50
"Racing",2021,"Panini","Prizm","Signing Sessions Pink Prizm","Raphael Lessard","Canac | GMS Racing | Chevrolet","Driver",24,50
"Racing",2021,"Panini","Prizm","Signing Sessions Pink Prizm","Ray Black Jr.","CDA | SS Greenlight | Chevrolet","Driver",25,50
"Racing",2021,"Panini","Prizm","Signing Sessions Pink Prizm","Ryan Repko","Craftsman | Venturini Motorsports | Toyota","Driver",26,50
"Racing",2021,"Panini","Prizm","Signing Sessions Pink Prizm","Ryan Truex","Marquis Hot Tubs | Niece Motorsports | Chevrolet","Driver",27,50
"Racing",2021,"Panini","Prizm","Signing Sessions Pink Prizm","Ryan Vargas","NASCAR NEXT","Driver",28,50
"Racing",2021,"Panini","Prizm","Signing Sessions Pink Prizm","Spencer Boyd","Raised on Blacktop | Young Motorsports | Chevrolet","Driver",29,50
"Racing",2021,"Panini","Prizm","Signing Sessions Pink Prizm","Tanner Gray","Ford Performance | DGR-Crosley | Ford","Driver",30,50
"Racing",2021,"Panini","Prizm","Signing Sessions Pink Prizm","Taylor Gray","Ford Performance | DGR-Crosley | Ford","Driver",31,50
"Racing",2021,"Panini","Prizm","Signing Sessions Pink Prizm","Timmy Hill","RoofClaim.com | Carl Long Motorsports | Toyota","Driver",32,50
"Racing",2021,"Panini","Prizm","Signing Sessions Pink Prizm","Tommy Joe Martins","Gilreath Farms Red Angus | Tommy Joe Martins | Chevrolet","Driver",33,50
"Racing",2021,"Panini","Prizm","Signing Sessions Pink Prizm","Ty Gibbs","Monster Energy | Joe Gibbs Racing | Toyota","Driver",34,50
"Racing",2021,"Panini","Prizm","Signing Sessions Pink Prizm","Vinnie Miller","UAP.org | B.J. McLeod Motorsports | Toyota","Driver",35,50
"Racing",2021,"Panini","Prizm","Signing Sessions Prizm","Alex Labbe","Rousseau | DGM Racing | Chevrolet","Driver",1,
"Racing",2021,"Panini","Prizm","Signing Sessions Prizm","Austin Hill","United Rentals | Hattori Racing Enterprises | Toyota","Driver",2,
"Racing",2021,"Panini","Prizm","Signing Sessions Prizm","Bayley Currey ","Belmont Classic Cars | Rick Ware Racing | Chevrolet","Driver",3,
"Racing",2021,"Panini","Prizm","Signing Sessions Prizm","Ben Rhodes","Bombardier | ThorSport Racing | Toyota","Driver",4,
"Racing",2021,"Panini","Prizm","Signing Sessions Prizm","Brad Smith","ARCA Menards","Driver",5,
"Racing",2021,"Panini","Prizm","Signing Sessions Prizm","Bret Holmes","ARCA Menards","Driver",7,
"Racing",2021,"Panini","Prizm","Signing Sessions Prizm","Brett Moffitt","Our Motorsports | Chevrolet","Driver",8,
"Racing",2021,"Panini","Prizm","Signing Sessions Prizm","Christian Eckes","ThorSport Racing | Toyota","Driver",10,
"Racing",2021,"Panini","Prizm","Signing Sessions Prizm","Drew Dollar","JBL | Kyle Busch Motorsports | Toyota","Driver",11,
"Racing",2021,"Panini","Prizm","Signing Sessions Prizm","Grant Enfinger","Champion Power Equipment | ThorSport Racing | Toyota","Driver",12,
"Racing",2021,"Panini","Prizm","Signing Sessions Prizm","Jesse Love","NAPA Power Premium Plus | Bill McAnally Racing | Toyota","Driver",13,
"Racing",2021,"Panini","Prizm","Signing Sessions Prizm","Josh Berry","Unilever Brands | JR Motorsports | Chevrolet","Driver",15,
"Racing",2021,"Panini","Prizm","Signing Sessions Prizm","Josh Williams","Alloy Employer Services | DGM Racing | Chevrolet","Driver",16,
"Racing",2021,"Panini","Prizm","Signing Sessions Prizm","Justin Haley","LeafFilter | Kaulig Racing | Chevrolet","Driver",17,
"Racing",2021,"Panini","Prizm","Signing Sessions Prizm","Kody Vanderwal","Advanced Dairy Services | Jimmy Means Racing | Chevrolet","Driver",18,
"Racing",2021,"Panini","Prizm","Signing Sessions Prizm","Kyle Weatherman","Wolfpack Racing | Mike Harmon Racing | Chevrolet","Driver",19,
"Racing",2021,"Panini","Prizm","Signing Sessions Prizm","Mason Massey","Marty Massey Towing & Recovery | B.J. McLeod Motorsports | Toyota","Driver",20,
"Racing",2021,"Panini","Prizm","Signing Sessions Prizm","Michael Self","Venturini Motorsports | Toyota","Driver",21,
"Racing",2021,"Panini","Prizm","Signing Sessions Prizm","Mike Harmon","Mike Harmon Racing | Chevrolet","Driver",22,
"Racing",2021,"Panini","Prizm","Signing Sessions Prizm","Myatt Snider","TaxSlayer | Richard Childress Racing | Chevrolet","Driver",23,
"Racing",2021,"Panini","Prizm","Signing Sessions Prizm","Raphael Lessard","Canac | GMS Racing | Chevrolet","Driver",24,
"Racing",2021,"Panini","Prizm","Signing Sessions Prizm","Ray Black Jr.","CDA | SS Greenlight | Chevrolet","Driver",25,
"Racing",2021,"Panini","Prizm","Signing Sessions Prizm","Ryan Repko","Craftsman | Venturini Motorsports | Toyota","Driver",26,
"Racing",2021,"Panini","Prizm","Signing Sessions Prizm","Ryan Truex","Marquis Hot Tubs | Niece Motorsports | Chevrolet","Driver",27,
"Racing",2021,"Panini","Prizm","Signing Sessions Prizm","Ryan Vargas","NASCAR NEXT","Driver",28,
"Racing",2021,"Panini","Prizm","Signing Sessions Prizm","Spencer Boyd","Raised on Blacktop | Young Motorsports | Chevrolet","Driver",29,
"Racing",2021,"Panini","Prizm","Signing Sessions Prizm","Tanner Gray","Ford Performance | DGR-Crosley | Ford","Driver",30,
"Racing",2021,"Panini","Prizm","Signing Sessions Prizm","Taylor Gray","Ford Performance | DGR-Crosley | Ford","Driver",31,
"Racing",2021,"Panini","Prizm","Signing Sessions Prizm","Timmy Hill","RoofClaim.com | Carl Long Motorsports | Toyota","Driver",32,
"Racing",2021,"Panini","Prizm","Signing Sessions Prizm","Tommy Joe Martins","Gilreath Farms Red Angus | Tommy Joe Martins | Chevrolet","Driver",33,
"Racing",2021,"Panini","Prizm","Signing Sessions Prizm","Ty Gibbs","Monster Energy | Joe Gibbs Racing | Toyota","Driver",34,
"Racing",2021,"Panini","Prizm","Signing Sessions Prizm","Vinnie Miller","UAP.org | B.J. McLeod Motorsports | Toyota","Driver",35,
"Racing",2021,"Panini","Prizm","Signing Sessions Purple Velocity","Alex Labbe","Rousseau | DGM Racing | Chevrolet","Driver",1,99
"Racing",2021,"Panini","Prizm","Signing Sessions Purple Velocity","Austin Hill","United Rentals | Hattori Racing Enterprises | Toyota","Driver",2,99
"Racing",2021,"Panini","Prizm","Signing Sessions Purple Velocity","Bayley Currey ","Belmont Classic Cars | Rick Ware Racing | Chevrolet","Driver",3,99
"Racing",2021,"Panini","Prizm","Signing Sessions Purple Velocity","Ben Rhodes","Bombardier | ThorSport Racing | Toyota","Driver",4,75
"Racing",2021,"Panini","Prizm","Signing Sessions Purple Velocity","Brad Smith","ARCA Menards","Driver",5,75
"Racing",2021,"Panini","Prizm","Signing Sessions Purple Velocity","Bret Holmes","ARCA Menards","Driver",7,35
"Racing",2021,"Panini","Prizm","Signing Sessions Purple Velocity","Brett Moffitt","Our Motorsports | Chevrolet","Driver",8,99
"Racing",2021,"Panini","Prizm","Signing Sessions Purple Velocity","Christian Eckes","ThorSport Racing | Toyota","Driver",10,99
"Racing",2021,"Panini","Prizm","Signing Sessions Purple Velocity","Drew Dollar","JBL | Kyle Busch Motorsports | Toyota","Driver",11,99
"Racing",2021,"Panini","Prizm","Signing Sessions Purple Velocity","Grant Enfinger","Champion Power Equipment | ThorSport Racing | Toyota","Driver",12,99
"Racing",2021,"Panini","Prizm","Signing Sessions Purple Velocity","Jesse Love","NAPA Power Premium Plus | Bill McAnally Racing | Toyota","Driver",13,99
"Racing",2021,"Panini","Prizm","Signing Sessions Purple Velocity","Josh Berry","Unilever Brands | JR Motorsports | Chevrolet","Driver",15,99
"Racing",2021,"Panini","Prizm","Signing Sessions Purple Velocity","Josh Williams","Alloy Employer Services | DGM Racing | Chevrolet","Driver",16,99
"Racing",2021,"Panini","Prizm","Signing Sessions Purple Velocity","Justin Haley","LeafFilter | Kaulig Racing | Chevrolet","Driver",17,99
"Racing",2021,"Panini","Prizm","Signing Sessions Purple Velocity","Kody Vanderwal","Advanced Dairy Services | Jimmy Means Racing | Chevrolet","Driver",18,99
"Racing",2021,"Panini","Prizm","Signing Sessions Purple Velocity","Kyle Weatherman","Wolfpack Racing | Mike Harmon Racing | Chevrolet","Driver",19,99
"Racing",2021,"Panini","Prizm","Signing Sessions Purple Velocity","Mason Massey","Marty Massey Towing & Recovery | B.J. McLeod Motorsports | Toyota","Driver",20,99
"Racing",2021,"Panini","Prizm","Signing Sessions Purple Velocity","Michael Self","Venturini Motorsports | Toyota","Driver",21,99
"Racing",2021,"Panini","Prizm","Signing Sessions Purple Velocity","Mike Harmon","Mike Harmon Racing | Chevrolet","Driver",22,99
"Racing",2021,"Panini","Prizm","Signing Sessions Purple Velocity","Myatt Snider","TaxSlayer | Richard Childress Racing | Chevrolet","Driver",23,99
"Racing",2021,"Panini","Prizm","Signing Sessions Purple Velocity","Raphael Lessard","Canac | GMS Racing | Chevrolet","Driver",24,99
"Racing",2021,"Panini","Prizm","Signing Sessions Purple Velocity","Ray Black Jr.","CDA | SS Greenlight | Chevrolet","Driver",25,99
"Racing",2021,"Panini","Prizm","Signing Sessions Purple Velocity","Ryan Repko","Craftsman | Venturini Motorsports | Toyota","Driver",26,99
"Racing",2021,"Panini","Prizm","Signing Sessions Purple Velocity","Ryan Truex","Marquis Hot Tubs | Niece Motorsports | Chevrolet","Driver",27,99
"Racing",2021,"Panini","Prizm","Signing Sessions Purple Velocity","Ryan Vargas","NASCAR NEXT","Driver",28,99
"Racing",2021,"Panini","Prizm","Signing Sessions Purple Velocity","Spencer Boyd","Raised on Blacktop | Young Motorsports | Chevrolet","Driver",29,99
"Racing",2021,"Panini","Prizm","Signing Sessions Purple Velocity","Tanner Gray","Ford Performance | DGR-Crosley | Ford","Driver",30,99
"Racing",2021,"Panini","Prizm","Signing Sessions Purple Velocity","Taylor Gray","Ford Performance | DGR-Crosley | Ford","Driver",31,99
"Racing",2021,"Panini","Prizm","Signing Sessions Purple Velocity","Timmy Hill","RoofClaim.com | Carl Long Motorsports | Toyota","Driver",32,99
"Racing",2021,"Panini","Prizm","Signing Sessions Purple Velocity","Tommy Joe Martins","Gilreath Farms Red Angus | Tommy Joe Martins | Chevrolet","Driver",33,99
"Racing",2021,"Panini","Prizm","Signing Sessions Purple Velocity","Ty Gibbs","Monster Energy | Joe Gibbs Racing | Toyota","Driver",34,99
"Racing",2021,"Panini","Prizm","Signing Sessions Purple Velocity","Vinnie Miller","UAP.org | B.J. McLeod Motorsports | Toyota","Driver",35,99
"Racing",2021,"Panini","Prizm","Signing Sessions Rainbow Prizm","Alex Labbe","Rousseau | DGM Racing | Chevrolet","Driver",1,24
"Racing",2021,"Panini","Prizm","Signing Sessions Rainbow Prizm","Austin Hill","United Rentals | Hattori Racing Enterprises | Toyota","Driver",2,24
"Racing",2021,"Panini","Prizm","Signing Sessions Rainbow Prizm","Bayley Currey ","Belmont Classic Cars | Rick Ware Racing | Chevrolet","Driver",3,24
"Racing",2021,"Panini","Prizm","Signing Sessions Rainbow Prizm","Ben Rhodes","Bombardier | ThorSport Racing | Toyota","Driver",4,24
"Racing",2021,"Panini","Prizm","Signing Sessions Rainbow Prizm","Brad Smith","ARCA Menards","Driver",5,24
"Racing",2021,"Panini","Prizm","Signing Sessions Rainbow Prizm","Bret Holmes","ARCA Menards","Driver",7,24
"Racing",2021,"Panini","Prizm","Signing Sessions Rainbow Prizm","Brett Moffitt","Our Motorsports | Chevrolet","Driver",8,24
"Racing",2021,"Panini","Prizm","Signing Sessions Rainbow Prizm","Christian Eckes","ThorSport Racing | Toyota","Driver",10,24
"Racing",2021,"Panini","Prizm","Signing Sessions Rainbow Prizm","Drew Dollar","JBL | Kyle Busch Motorsports | Toyota","Driver",11,24
"Racing",2021,"Panini","Prizm","Signing Sessions Rainbow Prizm","Grant Enfinger","Champion Power Equipment | ThorSport Racing | Toyota","Driver",12,24
"Racing",2021,"Panini","Prizm","Signing Sessions Rainbow Prizm","Jesse Love","NAPA Power Premium Plus | Bill McAnally Racing | Toyota","Driver",13,24
"Racing",2021,"Panini","Prizm","Signing Sessions Rainbow Prizm","Josh Berry","Unilever Brands | JR Motorsports | Chevrolet","Driver",15,24
"Racing",2021,"Panini","Prizm","Signing Sessions Rainbow Prizm","Josh Williams","Alloy Employer Services | DGM Racing | Chevrolet","Driver",16,24
"Racing",2021,"Panini","Prizm","Signing Sessions Rainbow Prizm","Justin Haley","LeafFilter | Kaulig Racing | Chevrolet","Driver",17,24
"Racing",2021,"Panini","Prizm","Signing Sessions Rainbow Prizm","Kody Vanderwal","Advanced Dairy Services | Jimmy Means Racing | Chevrolet","Driver",18,24
"Racing",2021,"Panini","Prizm","Signing Sessions Rainbow Prizm","Kyle Weatherman","Wolfpack Racing | Mike Harmon Racing | Chevrolet","Driver",19,24
"Racing",2021,"Panini","Prizm","Signing Sessions Rainbow Prizm","Mason Massey","Marty Massey Towing & Recovery | B.J. McLeod Motorsports | Toyota","Driver",20,24
"Racing",2021,"Panini","Prizm","Signing Sessions Rainbow Prizm","Michael Self","Venturini Motorsports | Toyota","Driver",21,24
"Racing",2021,"Panini","Prizm","Signing Sessions Rainbow Prizm","Mike Harmon","Mike Harmon Racing | Chevrolet","Driver",22,24
"Racing",2021,"Panini","Prizm","Signing Sessions Rainbow Prizm","Myatt Snider","TaxSlayer | Richard Childress Racing | Chevrolet","Driver",23,24
"Racing",2021,"Panini","Prizm","Signing Sessions Rainbow Prizm","Raphael Lessard","Canac | GMS Racing | Chevrolet","Driver",24,24
"Racing",2021,"Panini","Prizm","Signing Sessions Rainbow Prizm","Ray Black Jr.","CDA | SS Greenlight | Chevrolet","Driver",25,24
"Racing",2021,"Panini","Prizm","Signing Sessions Rainbow Prizm","Ryan Repko","Craftsman | Venturini Motorsports | Toyota","Driver",26,24
"Racing",2021,"Panini","Prizm","Signing Sessions Rainbow Prizm","Ryan Truex","Marquis Hot Tubs | Niece Motorsports | Chevrolet","Driver",27,24
"Racing",2021,"Panini","Prizm","Signing Sessions Rainbow Prizm","Ryan Vargas","NASCAR NEXT","Driver",28,24
"Racing",2021,"Panini","Prizm","Signing Sessions Rainbow Prizm","Spencer Boyd","Raised on Blacktop | Young Motorsports | Chevrolet","Driver",29,24
"Racing",2021,"Panini","Prizm","Signing Sessions Rainbow Prizm","Tanner Gray","Ford Performance | DGR-Crosley | Ford","Driver",30,24
"Racing",2021,"Panini","Prizm","Signing Sessions Rainbow Prizm","Taylor Gray","Ford Performance | DGR-Crosley | Ford","Driver",31,24
"Racing",2021,"Panini","Prizm","Signing Sessions Rainbow Prizm","Timmy Hill","RoofClaim.com | Carl Long Motorsports | Toyota","Driver",32,24
"Racing",2021,"Panini","Prizm","Signing Sessions Rainbow Prizm","Tommy Joe Martins","Gilreath Farms Red Angus | Tommy Joe Martins | Chevrolet","Driver",33,24
"Racing",2021,"Panini","Prizm","Signing Sessions Rainbow Prizm","Ty Gibbs","Monster Energy | Joe Gibbs Racing | Toyota","Driver",34,24
"Racing",2021,"Panini","Prizm","Signing Sessions Rainbow Prizm","Vinnie Miller","UAP.org | B.J. McLeod Motorsports | Toyota","Driver",35,24
"Racing",2021,"Panini","Prizm","Signing Sessions Reactive Blue","Alex Labbe","Rousseau | DGM Racing | Chevrolet","Driver",1,99
"Racing",2021,"Panini","Prizm","Signing Sessions Reactive Blue","Austin Hill","United Rentals | Hattori Racing Enterprises | Toyota","Driver",2,50
"Racing",2021,"Panini","Prizm","Signing Sessions Reactive Blue","Bayley Currey ","Belmont Classic Cars | Rick Ware Racing | Chevrolet","Driver",3,99
"Racing",2021,"Panini","Prizm","Signing Sessions Reactive Blue","Ben Rhodes","Bombardier | ThorSport Racing | Toyota","Driver",4,25
"Racing",2021,"Panini","Prizm","Signing Sessions Reactive Blue","Brad Smith","ARCA Menards","Driver",5,35
"Racing",2021,"Panini","Prizm","Signing Sessions Reactive Blue","Bret Holmes","ARCA Menards","Driver",7,50
"Racing",2021,"Panini","Prizm","Signing Sessions Reactive Blue","Brett Moffitt","Our Motorsports | Chevrolet","Driver",8,99
"Racing",2021,"Panini","Prizm","Signing Sessions Reactive Blue","Christian Eckes","ThorSport Racing | Toyota","Driver",10,50
"Racing",2021,"Panini","Prizm","Signing Sessions Reactive Blue","Drew Dollar","JBL | Kyle Busch Motorsports | Toyota","Driver",11,99
"Racing",2021,"Panini","Prizm","Signing Sessions Reactive Blue","Grant Enfinger","Champion Power Equipment | ThorSport Racing | Toyota","Driver",12,25
"Racing",2021,"Panini","Prizm","Signing Sessions Reactive Blue","Jesse Love","NAPA Power Premium Plus | Bill McAnally Racing | Toyota","Driver",13,99
"Racing",2021,"Panini","Prizm","Signing Sessions Reactive Blue","Josh Berry","Unilever Brands | JR Motorsports | Chevrolet","Driver",15,99
"Racing",2021,"Panini","Prizm","Signing Sessions Reactive Blue","Josh Williams","Alloy Employer Services | DGM Racing | Chevrolet","Driver",16,99
"Racing",2021,"Panini","Prizm","Signing Sessions Reactive Blue","Justin Haley","LeafFilter | Kaulig Racing | Chevrolet","Driver",17,50
"Racing",2021,"Panini","Prizm","Signing Sessions Reactive Blue","Kody Vanderwal","Advanced Dairy Services | Jimmy Means Racing | Chevrolet","Driver",18,99
"Racing",2021,"Panini","Prizm","Signing Sessions Reactive Blue","Kyle Weatherman","Wolfpack Racing | Mike Harmon Racing | Chevrolet","Driver",19,99
"Racing",2021,"Panini","Prizm","Signing Sessions Reactive Blue","Mason Massey","Marty Massey Towing & Recovery | B.J. McLeod Motorsports | Toyota","Driver",20,99
"Racing",2021,"Panini","Prizm","Signing Sessions Reactive Blue","Michael Self","Venturini Motorsports | Toyota","Driver",21,50
"Racing",2021,"Panini","Prizm","Signing Sessions Reactive Blue","Mike Harmon","Mike Harmon Racing | Chevrolet","Driver",22,50
"Racing",2021,"Panini","Prizm","Signing Sessions Reactive Blue","Myatt Snider","TaxSlayer | Richard Childress Racing | Chevrolet","Driver",23,99
"Racing",2021,"Panini","Prizm","Signing Sessions Reactive Blue","Raphael Lessard","Canac | GMS Racing | Chevrolet","Driver",24,99
"Racing",2021,"Panini","Prizm","Signing Sessions Reactive Blue","Ray Black Jr.","CDA | SS Greenlight | Chevrolet","Driver",25,50
"Racing",2021,"Panini","Prizm","Signing Sessions Reactive Blue","Ryan Repko","Craftsman | Venturini Motorsports | Toyota","Driver",26,99
"Racing",2021,"Panini","Prizm","Signing Sessions Reactive Blue","Ryan Truex","Marquis Hot Tubs | Niece Motorsports | Chevrolet","Driver",27,50
"Racing",2021,"Panini","Prizm","Signing Sessions Reactive Blue","Ryan Vargas","NASCAR NEXT","Driver",28,50
"Racing",2021,"Panini","Prizm","Signing Sessions Reactive Blue","Spencer Boyd","Raised on Blacktop | Young Motorsports | Chevrolet","Driver",29,99
"Racing",2021,"Panini","Prizm","Signing Sessions Reactive Blue","Tanner Gray","Ford Performance | DGR-Crosley | Ford","Driver",30,50
"Racing",2021,"Panini","Prizm","Signing Sessions Reactive Blue","Taylor Gray","Ford Performance | DGR-Crosley | Ford","Driver",31,99
"Racing",2021,"Panini","Prizm","Signing Sessions Reactive Blue","Timmy Hill","RoofClaim.com | Carl Long Motorsports | Toyota","Driver",32,50
"Racing",2021,"Panini","Prizm","Signing Sessions Reactive Blue","Tommy Joe Martins","Gilreath Farms Red Angus | Tommy Joe Martins | Chevrolet","Driver",33,99
"Racing",2021,"Panini","Prizm","Signing Sessions Reactive Blue","Ty Gibbs","Monster Energy | Joe Gibbs Racing | Toyota","Driver",34,50
"Racing",2021,"Panini","Prizm","Signing Sessions Reactive Blue","Vinnie Miller","UAP.org | B.J. McLeod Motorsports | Toyota","Driver",35,50
"Racing",2021,"Panini","Prizm","Signing Sessions White Prizm","Alex Labbe","Rousseau | DGM Racing | Chevrolet","Driver",1,5
"Racing",2021,"Panini","Prizm","Signing Sessions White Prizm","Austin Hill","United Rentals | Hattori Racing Enterprises | Toyota","Driver",2,5
"Racing",2021,"Panini","Prizm","Signing Sessions White Prizm","Bayley Currey ","Belmont Classic Cars | Rick Ware Racing | Chevrolet","Driver",3,5
"Racing",2021,"Panini","Prizm","Signing Sessions White Prizm","Ben Rhodes","Bombardier | ThorSport Racing | Toyota","Driver",4,5
"Racing",2021,"Panini","Prizm","Signing Sessions White Prizm","Brad Smith","ARCA Menards","Driver",5,5
"Racing",2021,"Panini","Prizm","Signing Sessions White Prizm","Bret Holmes","ARCA Menards","Driver",7,5
"Racing",2021,"Panini","Prizm","Signing Sessions White Prizm","Brett Moffitt","Our Motorsports | Chevrolet","Driver",8,5
"Racing",2021,"Panini","Prizm","Signing Sessions White Prizm","Christian Eckes","ThorSport Racing | Toyota","Driver",10,5
"Racing",2021,"Panini","Prizm","Signing Sessions White Prizm","Drew Dollar","JBL | Kyle Busch Motorsports | Toyota","Driver",11,5
"Racing",2021,"Panini","Prizm","Signing Sessions White Prizm","Grant Enfinger","Champion Power Equipment | ThorSport Racing | Toyota","Driver",12,5
"Racing",2021,"Panini","Prizm","Signing Sessions White Prizm","Jesse Love","NAPA Power Premium Plus | Bill McAnally Racing | Toyota","Driver",13,5
"Racing",2021,"Panini","Prizm","Signing Sessions White Prizm","Josh Berry","Unilever Brands | JR Motorsports | Chevrolet","Driver",15,5
"Racing",2021,"Panini","Prizm","Signing Sessions White Prizm","Josh Williams","Alloy Employer Services | DGM Racing | Chevrolet","Driver",16,5
"Racing",2021,"Panini","Prizm","Signing Sessions White Prizm","Justin Haley","LeafFilter | Kaulig Racing | Chevrolet","Driver",17,5
"Racing",2021,"Panini","Prizm","Signing Sessions White Prizm","Kody Vanderwal","Advanced Dairy Services | Jimmy Means Racing | Chevrolet","Driver",18,5
"Racing",2021,"Panini","Prizm","Signing Sessions White Prizm","Kyle Weatherman","Wolfpack Racing | Mike Harmon Racing | Chevrolet","Driver",19,5
"Racing",2021,"Panini","Prizm","Signing Sessions White Prizm","Mason Massey","Marty Massey Towing & Recovery | B.J. McLeod Motorsports | Toyota","Driver",20,5
"Racing",2021,"Panini","Prizm","Signing Sessions White Prizm","Michael Self","Venturini Motorsports | Toyota","Driver",21,5
"Racing",2021,"Panini","Prizm","Signing Sessions White Prizm","Mike Harmon","Mike Harmon Racing | Chevrolet","Driver",22,5
"Racing",2021,"Panini","Prizm","Signing Sessions White Prizm","Myatt Snider","TaxSlayer | Richard Childress Racing | Chevrolet","Driver",23,5
"Racing",2021,"Panini","Prizm","Signing Sessions White Prizm","Raphael Lessard","Canac | GMS Racing | Chevrolet","Driver",24,5
"Racing",2021,"Panini","Prizm","Signing Sessions White Prizm","Ray Black Jr.","CDA | SS Greenlight | Chevrolet","Driver",25,5
"Racing",2021,"Panini","Prizm","Signing Sessions White Prizm","Ryan Repko","Craftsman | Venturini Motorsports | Toyota","Driver",26,5
"Racing",2021,"Panini","Prizm","Signing Sessions White Prizm","Ryan Truex","Marquis Hot Tubs | Niece Motorsports | Chevrolet","Driver",27,5
"Racing",2021,"Panini","Prizm","Signing Sessions White Prizm","Ryan Vargas","NASCAR NEXT","Driver",28,5
"Racing",2021,"Panini","Prizm","Signing Sessions White Prizm","Spencer Boyd","Raised on Blacktop | Young Motorsports | Chevrolet","Driver",29,5
"Racing",2021,"Panini","Prizm","Signing Sessions White Prizm","Tanner Gray","Ford Performance | DGR-Crosley | Ford","Driver",30,5
"Racing",2021,"Panini","Prizm","Signing Sessions White Prizm","Taylor Gray","Ford Performance | DGR-Crosley | Ford","Driver",31,5
"Racing",2021,"Panini","Prizm","Signing Sessions White Prizm","Timmy Hill","RoofClaim.com | Carl Long Motorsports | Toyota","Driver",32,5
"Racing",2021,"Panini","Prizm","Signing Sessions White Prizm","Tommy Joe Martins","Gilreath Farms Red Angus | Tommy Joe Martins | Chevrolet","Driver",33,5
"Racing",2021,"Panini","Prizm","Signing Sessions White Prizm","Ty Gibbs","Monster Energy | Joe Gibbs Racing | Toyota","Driver",34,5
"Racing",2021,"Panini","Prizm","Signing Sessions White Prizm","Vinnie Miller","UAP.org | B.J. McLeod Motorsports | Toyota","Driver",35,5
"Racing",2021,"Panini","Prizm","Silver Prizm","Tyler Reddick","Caterpillar | Richard Childress Racing | Chevrolet","Driver",1,
"Racing",2021,"Panini","Prizm","Silver Prizm","Martin Truex Jr.","Bass Pro Shops | Joe Gibbs Racing | Toyota","Driver",2,
"Racing",2021,"Panini","Prizm","Silver Prizm","Kyle Weatherman","Wolfpack Racing | Mike Harmon Racing | Chevrolet","Driver",3,
"Racing",2021,"Panini","Prizm","Silver Prizm","Kyle Larson","Hendrickcars.com | Hendrick Motorsports | Chevrolet","Driver",4,
"Racing",2021,"Panini","Prizm","Silver Prizm","Alex Bowman","Ally Financial | Hendrick Motorsports | Chevrolet","Driver",5,
"Racing",2021,"Panini","Prizm","Silver Prizm","Bayley Currey ","Belmont Classic Cars | Rick Ware Racing | Chevrolet","Driver",6,
"Racing",2021,"Panini","Prizm","Silver Prizm","Chase Elliott","NAPA Auto Parts | Hendrick Motorsports | Chevrolet","Driver",7,
"Racing",2021,"Panini","Prizm","Silver Prizm","Christopher Bell","Rheem | Joe Gibbs Racing | Toyota","Driver",8,
"Racing",2021,"Panini","Prizm","Silver Prizm","Raphael Lessard","Canac | GMS Racing | Chevrolet","Driver",9,
"Racing",2021,"Panini","Prizm","Silver Prizm","Alex Labbe","Prolon | DGM Racing | Chevrolet","Driver",10,
"Racing",2021,"Panini","Prizm","Silver Prizm","Kyle Busch","M&M's | Joe Gibbs Racing | Toyota","Driver",11,
"Racing",2021,"Panini","Prizm","Silver Prizm","Drew Dollar","JBL | Kyle Busch Motorsports | Toyota","Driver",12,
"Racing",2021,"Panini","Prizm","Silver Prizm","Brandon Jones","Menards | Joe Gibbs Racing | Toyota","Driver",13,
"Racing",2021,"Panini","Prizm","Silver Prizm","Myatt Snider","TaxSlayer | Richard Childress Racing | Chevrolet","Driver",14,
"Racing",2021,"Panini","Prizm","Silver Prizm","Denny Hamlin","FedEx Express | Joe Gibbs Racing | Toyota","Driver",15,
"Racing",2021,"Panini","Prizm","Silver Prizm","Ryan Repko","Craftsman | Venturini Motorsports | Toyota","Driver",16,
"Racing",2021,"Panini","Prizm","Silver Prizm","Anthony Alfredo","Dude Wipes | Front Row Motorsports | Ford","Driver",17,
"Racing",2021,"Panini","Prizm","Silver Prizm","Brittney Zamora","Rackley Roofing | Toyota","Driver",18,
"Racing",2021,"Panini","Prizm","Silver Prizm","Daniel Suarez","Camping World | Trackhouse Racing | Chevrolet","Driver",19,
"Racing",2021,"Panini","Prizm","Silver Prizm","Josh Berry","Tire Pros | JR Motorsports | Chevrolet","Driver",20,
"Racing",2021,"Panini","Prizm","Silver Prizm","Daniel Hemric","Poppy Bank | Joe Gibbs Racing | Toyota","Driver",21,
"Racing",2021,"Panini","Prizm","Silver Prizm","Corey LaJoie","Schluter Systems | Spire Motorsports | Chevrolet","Driver",22,
"Racing",2021,"Panini","Prizm","Silver Prizm","Josh Williams","Alloy Employer Services | DGM Racing | Chevrolet","Driver",23,
"Racing",2021,"Panini","Prizm","Silver Prizm","Taylor Gray","Ford Performance | DGR-Crosley | Ford","Driver",24,
"Racing",2021,"Panini","Prizm","Silver Prizm","Austin Dillon","Bass Pro Shops | Richard Childress Racing | Chevrolet","Driver",25,
"Racing",2021,"Panini","Prizm","Silver Prizm","Kurt Busch","Monster Energy | Chip Ganassi Racing | Chevrolet","Driver",26,
"Racing",2021,"Panini","Prizm","Silver Prizm","Chase Briscoe","Ford Performance | Stewart-Haas Racing | Ford","Driver",27,
"Racing",2021,"Panini","Prizm","Silver Prizm","Ryan Newman","Oscar Mayer | Roush Fenway Racing | Ford","Driver",28,
"Racing",2021,"Panini","Prizm","Silver Prizm","Kaz Grala","Hyper Ice | Kaulig Racing | Chevrolet","Driver",29,
"Racing",2021,"Panini","Prizm","Silver Prizm","Chandler Smith","Safelite Auto Glass | Kyle Busch Motorsports | Toyota","Driver",30,
"Racing",2021,"Panini","Prizm","Silver Prizm","Matt DiBenedetto","Motorcraft | Wood Brothers Racing | Ford","Driver",31,
"Racing",2021,"Panini","Prizm","Silver Prizm","Sam Mayer","JR Motorsports | JR Motorsports | Chevrolet","Driver",32,
"Racing",2021,"Panini","Prizm","Silver Prizm","Ryan Blaney","Menards | Team Penske | Ford","Driver",33,
"Racing",2021,"Panini","Prizm","Silver Prizm","Brad Keselowski","Money Lion | Team Penske | Ford","Driver",34,
"Racing",2021,"Panini","Prizm","Silver Prizm","Hailie Deegan","Monster Energy","Driver",35,
"Racing",2021,"Panini","Prizm","Silver Prizm","Kevin Harvick","Mobil 1 | Stewart-Haas Racing | Ford","Driver",36,
"Racing",2021,"Panini","Prizm","Silver Prizm","Chris Buescher","Fastenal | Roush Fenway Racing | Ford","Driver",37,
"Racing",2021,"Panini","Prizm","Silver Prizm","Joey Logano","Shell-Pennzoil | Team Penske | Ford","Driver",38,
"Racing",2021,"Panini","Prizm","Silver Prizm","Ross Chastain","Clover | Chip Ganassi Racing | Chevrolet","Driver",39,
"Racing",2021,"Panini","Prizm","Silver Prizm","Tommy Joe Martins","Gilreath Farms Red Angus | Tommy Joe Martins | Chevrolet","Driver",40,
"Racing",2021,"Panini","Prizm","Silver Prizm","Kody Vanderwal","Advanced Dairy Services | Jimmy Means Racing | Chevrolet","Driver",41,
"Racing",2021,"Panini","Prizm","Silver Prizm","Erik Jones","U.S. Air Force | Richard Petty Motorsports | Chevrolet","Driver",42,
"Racing",2021,"Panini","Prizm","Silver Prizm","Ricky Stenhouse Jr","Kroger | JTG Daugherty Racing | Chevrolet","Driver",43,
"Racing",2021,"Panini","Prizm","Silver Prizm","Austin Cindric","CarShop | Team Penske | Ford","Driver",44,
"Racing",2021,"Panini","Prizm","Silver Prizm","Jesse Love","NAPA Power Premium Plus | Bill McAnally Racing | Toyota","Driver",45,
"Racing",2021,"Panini","Prizm","Silver Prizm","Noah Gragson","Bass Pro Shops | JR Motorsports | Chevrolet","Driver",46,
"Racing",2021,"Panini","Prizm","Silver Prizm","Aric Almirola","Smithfield Foods | Stewart-Haas Racing | Ford","Driver",47,
"Racing",2021,"Panini","Prizm","Silver Prizm","Justin Allgaier","Brandt | JR Motorsports | Chevrolet","Driver",48,
"Racing",2021,"Panini","Prizm","Silver Prizm","Cole Custer","Haas Automation | Stewart-Haas Racing | Ford","Driver",49,
"Racing",2021,"Panini","Prizm","Silver Prizm","Harrison Burton","DEX Imaging | Joe Gibbs Racing | Toyota","Driver",50,
"Racing",2021,"Panini","Prizm","Silver Prizm","Ryan Vargas","MaintenX | JD Motorsports | Chevrolet","Driver",51,
"Racing",2021,"Panini","Prizm","Silver Prizm","Bubba Wallace","DoorDash | 23XI Racing | Toyota","Driver",52,
"Racing",2021,"Panini","Prizm","Silver Prizm","John Hunter Nemechek","Fire Alarm Services | NEMCO Motorsports | Ford","Driver",53,
"Racing",2021,"Panini","Prizm","Silver Prizm","William Byron","AXALTA | Hendrick Motorsports | Chevrolet","Driver",54,
"Racing",2021,"Panini","Prizm","Silver Prizm","Michael Annett","Pilot Flying J | JR Motorsports | Chevrolet","Driver",55,
"Racing",2021,"Panini","Prizm","Silver Prizm","Sheldon Creed","Chevy Accessories | GMS Racing | Chevrolet","Driver",56,
"Racing",2021,"Panini","Prizm","Silver Prizm","Michael McDowell","FR8 Auctions | Front Row Motorsports | Ford","Driver",57,
"Racing",2021,"Panini","Prizm","Silver Prizm","Mason Massey","Marty Massey Towing & Recovery | B.J. McLeod Motorsports | Toyota","Driver",58,
"Racing",2021,"Panini","Prizm","Silver Prizm","Ty Gibbs","Interstate Batteries | Joe Gibbs Racing | Toyota","Driver",59,
"Racing",2021,"Panini","Prizm","Silver Prizm","Natalie Decker","Red Street Records | Our Motorsports | Chevrolet","Driver",60,
"Racing",2021,"Panini","Prizm","Silver Prizm Signatures","Tyler Reddick","Caterpillar | Richard Childress Racing | Chevrolet","Driver",1,
"Racing",2021,"Panini","Prizm","Silver Prizm Signatures","Martin Truex Jr.","Bass Pro Shops | Joe Gibbs Racing | Toyota","Driver",2,
"Racing",2021,"Panini","Prizm","Silver Prizm Signatures","Kyle Weatherman","Wolfpack Racing | Mike Harmon Racing | Chevrolet","Driver",3,
"Racing",2021,"Panini","Prizm","Silver Prizm Signatures","Kyle Larson","Hendrickcars.com | Hendrick Motorsports | Chevrolet","Driver",4,
"Racing",2021,"Panini","Prizm","Silver Prizm Signatures","Alex Bowman","Ally Financial | Hendrick Motorsports | Chevrolet","Driver",5,
"Racing",2021,"Panini","Prizm","Silver Prizm Signatures","Bayley Currey ","Belmont Classic Cars | Rick Ware Racing | Chevrolet","Driver",6,
"Racing",2021,"Panini","Prizm","Silver Prizm Signatures","Chase Elliott","NAPA Auto Parts | Hendrick Motorsports | Chevrolet","Driver",7,
"Racing",2021,"Panini","Prizm","Silver Prizm Signatures","Christopher Bell","Rheem | Joe Gibbs Racing | Toyota","Driver",8,
"Racing",2021,"Panini","Prizm","Silver Prizm Signatures","Raphael Lessard","Canac | GMS Racing | Chevrolet","Driver",9,
"Racing",2021,"Panini","Prizm","Silver Prizm Signatures","Alex Labbe","Prolon | DGM Racing | Chevrolet","Driver",10,
"Racing",2021,"Panini","Prizm","Silver Prizm Signatures","Kyle Busch","M&M's | Joe Gibbs Racing | Toyota","Driver",11,
"Racing",2021,"Panini","Prizm","Silver Prizm Signatures","Drew Dollar","JBL | Kyle Busch Motorsports | Toyota","Driver",12,
"Racing",2021,"Panini","Prizm","Silver Prizm Signatures","Brandon Jones","Menards | Joe Gibbs Racing | Toyota","Driver",13,
"Racing",2021,"Panini","Prizm","Silver Prizm Signatures","Myatt Snider","TaxSlayer | Richard Childress Racing | Chevrolet","Driver",14,
"Racing",2021,"Panini","Prizm","Silver Prizm Signatures","Denny Hamlin","FedEx Express | Joe Gibbs Racing | Toyota","Driver",15,
"Racing",2021,"Panini","Prizm","Silver Prizm Signatures","Ryan Repko","Craftsman | Venturini Motorsports | Toyota","Driver",16,
"Racing",2021,"Panini","Prizm","Silver Prizm Signatures","Anthony Alfredo","Dude Wipes | Front Row Motorsports | Ford","Driver",17,
"Racing",2021,"Panini","Prizm","Silver Prizm Signatures","Brittney Zamora","Rackley Roofing | Toyota","Driver",18,
"Racing",2021,"Panini","Prizm","Silver Prizm Signatures","Daniel Suarez","Camping World | Trackhouse Racing | Chevrolet","Driver",19,
"Racing",2021,"Panini","Prizm","Silver Prizm Signatures","Josh Berry","Tire Pros | JR Motorsports | Chevrolet","Driver",20,
"Racing",2021,"Panini","Prizm","Silver Prizm Signatures","Daniel Hemric","Poppy Bank | Joe Gibbs Racing | Toyota","Driver",21,
"Racing",2021,"Panini","Prizm","Silver Prizm Signatures","Corey LaJoie","Schluter Systems | Spire Motorsports | Chevrolet","Driver",22,
"Racing",2021,"Panini","Prizm","Silver Prizm Signatures","Josh Williams","Alloy Employer Services | DGM Racing | Chevrolet","Driver",23,
"Racing",2021,"Panini","Prizm","Silver Prizm Signatures","Taylor Gray","Ford Performance | DGR-Crosley | Ford","Driver",24,
"Racing",2021,"Panini","Prizm","Silver Prizm Signatures","Austin Dillon","Bass Pro Shops | Richard Childress Racing | Chevrolet","Driver",25,
"Racing",2021,"Panini","Prizm","Silver Prizm Signatures","Kurt Busch","Monster Energy | Chip Ganassi Racing | Chevrolet","Driver",26,
"Racing",2021,"Panini","Prizm","Silver Prizm Signatures","Ryan Newman","Oscar Mayer | Roush Fenway Racing | Ford","Driver",28,
"Racing",2021,"Panini","Prizm","Silver Prizm Signatures","Kaz Grala","Hyper Ice | Kaulig Racing | Chevrolet","Driver",29,
"Racing",2021,"Panini","Prizm","Silver Prizm Signatures","Matt DiBenedetto","Motorcraft | Wood Brothers Racing | Ford","Driver",31,
"Racing",2021,"Panini","Prizm","Silver Prizm Signatures","Sam Mayer","JR Motorsports | JR Motorsports | Chevrolet","Driver",32,
"Racing",2021,"Panini","Prizm","Silver Prizm Signatures","Ryan Blaney","Menards | Team Penske | Ford","Driver",33,
"Racing",2021,"Panini","Prizm","Silver Prizm Signatures","Brad Keselowski","Money Lion | Team Penske | Ford","Driver",34,
"Racing",2021,"Panini","Prizm","Silver Prizm Signatures","Hailie Deegan","Monster Energy","Driver",35,
"Racing",2021,"Panini","Prizm","Silver Prizm Signatures","Kevin Harvick","Mobil 1 | Stewart-Haas Racing | Ford","Driver",36,
"Racing",2021,"Panini","Prizm","Silver Prizm Signatures","Chris Buescher","Fastenal | Roush Fenway Racing | Ford","Driver",37,
"Racing",2021,"Panini","Prizm","Silver Prizm Signatures","Joey Logano","Shell-Pennzoil | Team Penske | Ford","Driver",38,
"Racing",2021,"Panini","Prizm","Silver Prizm Signatures","Tommy Joe Martins","Gilreath Farms Red Angus | Tommy Joe Martins | Chevrolet","Driver",40,
"Racing",2021,"Panini","Prizm","Silver Prizm Signatures","Kody Vanderwal","Advanced Dairy Services | Jimmy Means Racing | Chevrolet","Driver",41,
"Racing",2021,"Panini","Prizm","Silver Prizm Signatures","Erik Jones","U.S. Air Force | Richard Petty Motorsports | Chevrolet","Driver",42,
"Racing",2021,"Panini","Prizm","Silver Prizm Signatures","Ricky Stenhouse Jr","Kroger | JTG Daugherty Racing | Chevrolet","Driver",43,
"Racing",2021,"Panini","Prizm","Silver Prizm Signatures","Austin Cindric","CarShop | Team Penske | Ford","Driver",44,
"Racing",2021,"Panini","Prizm","Silver Prizm Signatures","Jesse Love","NAPA Power Premium Plus | Bill McAnally Racing | Toyota","Driver",45,
"Racing",2021,"Panini","Prizm","Silver Prizm Signatures","Noah Gragson","Bass Pro Shops | JR Motorsports | Chevrolet","Driver",46,
"Racing",2021,"Panini","Prizm","Silver Prizm Signatures","Aric Almirola","Smithfield Foods | Stewart-Haas Racing | Ford","Driver",47,
"Racing",2021,"Panini","Prizm","Silver Prizm Signatures","Justin Allgaier","Brandt | JR Motorsports | Chevrolet","Driver",48,
"Racing",2021,"Panini","Prizm","Silver Prizm Signatures","Cole Custer","Haas Automation | Stewart-Haas Racing | Ford","Driver",49,
"Racing",2021,"Panini","Prizm","Silver Prizm Signatures","Harrison Burton","DEX Imaging | Joe Gibbs Racing | Toyota","Driver",50,
"Racing",2021,"Panini","Prizm","Silver Prizm Signatures","Ryan Vargas","MaintenX | JD Motorsports | Chevrolet","Driver",51,
"Racing",2021,"Panini","Prizm","Silver Prizm Signatures","Bubba Wallace","DoorDash | 23XI Racing | Toyota","Driver",52,
"Racing",2021,"Panini","Prizm","Silver Prizm Signatures","John Hunter Nemechek","Fire Alarm Services | NEMCO Motorsports | Ford","Driver",53,
"Racing",2021,"Panini","Prizm","Silver Prizm Signatures","William Byron","AXALTA | Hendrick Motorsports | Chevrolet","Driver",54,
"Racing",2021,"Panini","Prizm","Silver Prizm Signatures","Michael Annett","Pilot Flying J | JR Motorsports | Chevrolet","Driver",55,
"Racing",2021,"Panini","Prizm","Silver Prizm Signatures","Sheldon Creed","Chevy Accessories | GMS Racing | Chevrolet","Driver",56,
"Racing",2021,"Panini","Prizm","Silver Prizm Signatures","Michael McDowell","FR8 Auctions | Front Row Motorsports | Ford","Driver",57,
"Racing",2021,"Panini","Prizm","Silver Prizm Signatures","Mason Massey","Marty Massey Towing & Recovery | B.J. McLeod Motorsports | Toyota","Driver",58,
"Racing",2021,"Panini","Prizm","Silver Prizm Signatures","Ty Gibbs","Interstate Batteries | Joe Gibbs Racing | Toyota","Driver",59,
"Racing",2021,"Panini","Prizm","Silver Prizm Signatures","Natalie Decker","Red Street Records | Our Motorsports | Chevrolet","Driver",60,
"Racing",2021,"Panini","Prizm","Spotlight","Hailie Deegan","Monster Energy","Driver",1,
"Racing",2021,"Panini","Prizm","Spotlight","Chase Elliott","NAPA Auto Parts | Hendrick Motorsports | Chevrolet","Driver",2,
"Racing",2021,"Panini","Prizm","Spotlight","Kevin Harvick","Hunt Brothers Pizza | Stewart-Haas Racing | Ford","Driver",3,
"Racing",2021,"Panini","Prizm","Spotlight","Denny Hamlin","FedEx Express | Joe Gibbs Racing | Toyota","Driver",4,
"Racing",2021,"Panini","Prizm","Spotlight","Kyle Busch","M&M's | Joe Gibbs Racing | Toyota","Driver",5,
"Racing",2021,"Panini","Prizm","Spotlight","Bubba Wallace","DoorDash | 23XI Racing | Toyota","Driver",6,
"Racing",2021,"Panini","Prizm","Spotlight","Joey Logano","Shell-Pennzoil | Team Penske | Ford","Driver",7,
"Racing",2021,"Panini","Prizm","Spotlight","Alex Bowman","Ally Financial | Hendrick Motorsports | Chevrolet","Driver",8,
"Racing",2021,"Panini","Prizm","Spotlight","Cole Custer","Haas Automation | Stewart-Haas Racing | Ford","Driver",9,
"Racing",2021,"Panini","Prizm","Spotlight","Kyle Larson","Hendrickcars.com | Hendrick Motorsports | Chevrolet","Driver",10,
"Racing",2021,"Panini","Prizm","Spotlight Black Prizm","Hailie Deegan","Monster Energy","Driver",1,1
"Racing",2021,"Panini","Prizm","Spotlight Black Prizm","Chase Elliott","NAPA Auto Parts | Hendrick Motorsports | Chevrolet","Driver",2,1
"Racing",2021,"Panini","Prizm","Spotlight Black Prizm","Kevin Harvick","Hunt Brothers Pizza | Stewart-Haas Racing | Ford","Driver",3,1
"Racing",2021,"Panini","Prizm","Spotlight Black Prizm","Denny Hamlin","FedEx Express | Joe Gibbs Racing | Toyota","Driver",4,1
"Racing",2021,"Panini","Prizm","Spotlight Black Prizm","Kyle Busch","M&M's | Joe Gibbs Racing | Toyota","Driver",5,1
"Racing",2021,"Panini","Prizm","Spotlight Black Prizm","Bubba Wallace","DoorDash | 23XI Racing | Toyota","Driver",6,1
"Racing",2021,"Panini","Prizm","Spotlight Black Prizm","Joey Logano","Shell-Pennzoil | Team Penske | Ford","Driver",7,1
"Racing",2021,"Panini","Prizm","Spotlight Black Prizm","Alex Bowman","Ally Financial | Hendrick Motorsports | Chevrolet","Driver",8,1
"Racing",2021,"Panini","Prizm","Spotlight Black Prizm","Cole Custer","Haas Automation | Stewart-Haas Racing | Ford","Driver",9,1
"Racing",2021,"Panini","Prizm","Spotlight Black Prizm","Kyle Larson","Hendrickcars.com | Hendrick Motorsports | Chevrolet","Driver",10,1
"Racing",2021,"Panini","Prizm","Spotlight Gold Prizm","Hailie Deegan","Monster Energy","Driver",1,10
"Racing",2021,"Panini","Prizm","Spotlight Gold Prizm","Chase Elliott","NAPA Auto Parts | Hendrick Motorsports | Chevrolet","Driver",2,10
"Racing",2021,"Panini","Prizm","Spotlight Gold Prizm","Kevin Harvick","Hunt Brothers Pizza | Stewart-Haas Racing | Ford","Driver",3,10
"Racing",2021,"Panini","Prizm","Spotlight Gold Prizm","Denny Hamlin","FedEx Express | Joe Gibbs Racing | Toyota","Driver",4,10
"Racing",2021,"Panini","Prizm","Spotlight Gold Prizm","Kyle Busch","M&M's | Joe Gibbs Racing | Toyota","Driver",5,10
"Racing",2021,"Panini","Prizm","Spotlight Gold Prizm","Bubba Wallace","DoorDash | 23XI Racing | Toyota","Driver",6,10
"Racing",2021,"Panini","Prizm","Spotlight Gold Prizm","Joey Logano","Shell-Pennzoil | Team Penske | Ford","Driver",7,10
"Racing",2021,"Panini","Prizm","Spotlight Gold Prizm","Alex Bowman","Ally Financial | Hendrick Motorsports | Chevrolet","Driver",8,10
"Racing",2021,"Panini","Prizm","Spotlight Gold Prizm","Cole Custer","Haas Automation | Stewart-Haas Racing | Ford","Driver",9,10
"Racing",2021,"Panini","Prizm","Spotlight Gold Prizm","Kyle Larson","Hendrickcars.com | Hendrick Motorsports | Chevrolet","Driver",10,10
"Racing",2021,"Panini","Prizm","Spotlight Gold Vinyl","Hailie Deegan","Monster Energy","Driver",1,1
"Racing",2021,"Panini","Prizm","Spotlight Gold Vinyl","Chase Elliott","NAPA Auto Parts | Hendrick Motorsports | Chevrolet","Driver",2,1
"Racing",2021,"Panini","Prizm","Spotlight Gold Vinyl","Kevin Harvick","Hunt Brothers Pizza | Stewart-Haas Racing | Ford","Driver",3,1
"Racing",2021,"Panini","Prizm","Spotlight Gold Vinyl","Denny Hamlin","FedEx Express | Joe Gibbs Racing | Toyota","Driver",4,1
"Racing",2021,"Panini","Prizm","Spotlight Gold Vinyl","Kyle Busch","M&M's | Joe Gibbs Racing | Toyota","Driver",5,1
"Racing",2021,"Panini","Prizm","Spotlight Gold Vinyl","Bubba Wallace","DoorDash | 23XI Racing | Toyota","Driver",6,1
"Racing",2021,"Panini","Prizm","Spotlight Gold Vinyl","Joey Logano","Shell-Pennzoil | Team Penske | Ford","Driver",7,1
"Racing",2021,"Panini","Prizm","Spotlight Gold Vinyl","Alex Bowman","Ally Financial | Hendrick Motorsports | Chevrolet","Driver",8,1
"Racing",2021,"Panini","Prizm","Spotlight Gold Vinyl","Cole Custer","Haas Automation | Stewart-Haas Racing | Ford","Driver",9,1
"Racing",2021,"Panini","Prizm","Spotlight Gold Vinyl","Kyle Larson","Hendrickcars.com | Hendrick Motorsports | Chevrolet","Driver",10,1
"Racing",2021,"Panini","Prizm","Spotlight Prizm","Hailie Deegan","Monster Energy","Driver",1,
"Racing",2021,"Panini","Prizm","Spotlight Prizm","Chase Elliott","NAPA Auto Parts | Hendrick Motorsports | Chevrolet","Driver",2,
"Racing",2021,"Panini","Prizm","Spotlight Prizm","Kevin Harvick","Hunt Brothers Pizza | Stewart-Haas Racing | Ford","Driver",3,
"Racing",2021,"Panini","Prizm","Spotlight Prizm","Denny Hamlin","FedEx Express | Joe Gibbs Racing | Toyota","Driver",4,
"Racing",2021,"Panini","Prizm","Spotlight Prizm","Kyle Busch","M&M's | Joe Gibbs Racing | Toyota","Driver",5,
"Racing",2021,"Panini","Prizm","Spotlight Prizm","Bubba Wallace","DoorDash | 23XI Racing | Toyota","Driver",6,
"Racing",2021,"Panini","Prizm","Spotlight Prizm","Joey Logano","Shell-Pennzoil | Team Penske | Ford","Driver",7,
"Racing",2021,"Panini","Prizm","Spotlight Prizm","Alex Bowman","Ally Financial | Hendrick Motorsports | Chevrolet","Driver",8,
"Racing",2021,"Panini","Prizm","Spotlight Prizm","Cole Custer","Haas Automation | Stewart-Haas Racing | Ford","Driver",9,
"Racing",2021,"Panini","Prizm","Spotlight Prizm","Kyle Larson","Hendrickcars.com | Hendrick Motorsports | Chevrolet","Driver",10,
"Racing",2021,"Panini","Prizm","Spotlight Signatures Black Prizm","Austin Dillon","Bass Pro Shops | Richard Childress Racing | Chevrolet","Driver",1,1
"Racing",2021,"Panini","Prizm","Spotlight Signatures Black Prizm","Bubba Wallace","Columbia | 23XI Racing | Toyota","Driver",2,1
"Racing",2021,"Panini","Prizm","Spotlight Signatures Black Prizm","Chase Elliott","NAPA Auto Parts | Hendrick Motorsports | Chevrolet","Driver",3,1
"Racing",2021,"Panini","Prizm","Spotlight Signatures Black Prizm","Daniel Suarez","iFly | Trackhouse Racing | Chevrolet","Driver",4,1
"Racing",2021,"Panini","Prizm","Spotlight Signatures Black Prizm","Denny Hamlin","FedEx Express | Joe Gibbs Racing | Toyota","Driver",5,1
"Racing",2021,"Panini","Prizm","Spotlight Signatures Black Prizm","Joey Logano","Shell-Pennzoil | Team Penske | Ford","Driver",6,1
"Racing",2021,"Panini","Prizm","Spotlight Signatures Black Prizm","Kyle Busch","M&M's | Joe Gibbs Racing | Toyota","Driver",7,1
"Racing",2021,"Panini","Prizm","Spotlight Signatures Black Prizm","Sam Mayer","GMS Racing","Driver",8,1
"Racing",2021,"Panini","Prizm","Spotlight Signatures Black Prizm","Martin Truex Jr.","Bass Pro Shops | Joe Gibbs Racing | Toyota","Driver",9,1
"Racing",2021,"Panini","Prizm","Spotlight Signatures Black Prizm","Ryan Blaney","Menards | Team Penske | Ford","Driver",10,1
"Racing",2021,"Panini","Prizm","Spotlight Signatures Black Prizm","Ryan Newman","Oscar Mayer | Roush Fenway Racing | Ford","Driver",11,1
"Racing",2021,"Panini","Prizm","Spotlight Signatures Black Prizm","William Byron","Liberty University | Hendrick Motorsports | Chevrolet","Driver",12,1
"Racing",2021,"Panini","Prizm","Spotlight Signatures Black Prizm","Anthony Alfredo","SpeedyCash.com | Front Row Motorsports | Ford","Driver",13,1
"Racing",2021,"Panini","Prizm","Spotlight Signatures Black Prizm","Austin Cindric","Verizon | Team Penske | Ford","Driver",14,1
"Racing",2021,"Panini","Prizm","Spotlight Signatures Black Prizm","Kevin Harvick","Mobil 1 | Stewart-Haas Racing | Ford","Driver",16,1
"Racing",2021,"Panini","Prizm","Spotlight Signatures Black Prizm","Noah Gragson","Bass Pro Shops | JR Motorsports | Chevrolet","Driver",17,1
"Racing",2021,"Panini","Prizm","Spotlight Signatures Black Prizm","Natalie Decker","N29 Capital Partners | Niece Motorsports | Chevrolet","Driver",18,1
"Racing",2021,"Panini","Prizm","Spotlight Signatures Black Prizm","Ricky Stenhouse Jr","Kroger | JTG Daugherty Racing | Chevrolet","Driver",19,1
"Racing",2021,"Panini","Prizm","Spotlight Signatures Black Prizm","Thad Moffitt","Empire Racing Group","Driver",20,1
"Racing",2021,"Panini","Prizm","Spotlight Signatures Carolina Blue Scope","Austin Dillon","Bass Pro Shops | Richard Childress Racing | Chevrolet","Driver",1,30
"Racing",2021,"Panini","Prizm","Spotlight Signatures Carolina Blue Scope","Bubba Wallace","Columbia | 23XI Racing | Toyota","Driver",2,30
"Racing",2021,"Panini","Prizm","Spotlight Signatures Carolina Blue Scope","Chase Elliott","NAPA Auto Parts | Hendrick Motorsports | Chevrolet","Driver",3,30
"Racing",2021,"Panini","Prizm","Spotlight Signatures Carolina Blue Scope","Daniel Suarez","iFly | Trackhouse Racing | Chevrolet","Driver",4,25
"Racing",2021,"Panini","Prizm","Spotlight Signatures Carolina Blue Scope","Denny Hamlin","FedEx Express | Joe Gibbs Racing | Toyota","Driver",5,30
"Racing",2021,"Panini","Prizm","Spotlight Signatures Carolina Blue Scope","Joey Logano","Shell-Pennzoil | Team Penske | Ford","Driver",6,30
"Racing",2021,"Panini","Prizm","Spotlight Signatures Carolina Blue Scope","Kyle Busch","M&M's | Joe Gibbs Racing | Toyota","Driver",7,30
"Racing",2021,"Panini","Prizm","Spotlight Signatures Carolina Blue Scope","Sam Mayer","GMS Racing","Driver",8,75
"Racing",2021,"Panini","Prizm","Spotlight Signatures Carolina Blue Scope","Martin Truex Jr.","Bass Pro Shops | Joe Gibbs Racing | Toyota","Driver",9,30
"Racing",2021,"Panini","Prizm","Spotlight Signatures Carolina Blue Scope","Ryan Blaney","Menards | Team Penske | Ford","Driver",10,75
"Racing",2021,"Panini","Prizm","Spotlight Signatures Carolina Blue Scope","Ryan Newman","Oscar Mayer | Roush Fenway Racing | Ford","Driver",11,75
"Racing",2021,"Panini","Prizm","Spotlight Signatures Carolina Blue Scope","William Byron","Liberty University | Hendrick Motorsports | Chevrolet","Driver",12,35
"Racing",2021,"Panini","Prizm","Spotlight Signatures Carolina Blue Scope","Anthony Alfredo","SpeedyCash.com | Front Row Motorsports | Ford","Driver",13,35
"Racing",2021,"Panini","Prizm","Spotlight Signatures Carolina Blue Scope","Austin Cindric","Verizon | Team Penske | Ford","Driver",14,75
"Racing",2021,"Panini","Prizm","Spotlight Signatures Carolina Blue Scope","Kevin Harvick","Mobil 1 | Stewart-Haas Racing | Ford","Driver",16,30
"Racing",2021,"Panini","Prizm","Spotlight Signatures Carolina Blue Scope","Noah Gragson","Bass Pro Shops | JR Motorsports | Chevrolet","Driver",17,75
"Racing",2021,"Panini","Prizm","Spotlight Signatures Carolina Blue Scope","Natalie Decker","N29 Capital Partners | Niece Motorsports | Chevrolet","Driver",18,75
"Racing",2021,"Panini","Prizm","Spotlight Signatures Carolina Blue Scope","Ricky Stenhouse Jr","Kroger | JTG Daugherty Racing | Chevrolet","Driver",19,25
"Racing",2021,"Panini","Prizm","Spotlight Signatures Carolina Blue Scope","Thad Moffitt","Empire Racing Group","Driver",20,75
"Racing",2021,"Panini","Prizm","Spotlight Signatures Gold Prizm","Austin Dillon","Bass Pro Shops | Richard Childress Racing | Chevrolet","Driver",1,10
"Racing",2021,"Panini","Prizm","Spotlight Signatures Gold Prizm","Bubba Wallace","Columbia | 23XI Racing | Toyota","Driver",2,10
"Racing",2021,"Panini","Prizm","Spotlight Signatures Gold Prizm","Chase Elliott","NAPA Auto Parts | Hendrick Motorsports | Chevrolet","Driver",3,10
"Racing",2021,"Panini","Prizm","Spotlight Signatures Gold Prizm","Daniel Suarez","iFly | Trackhouse Racing | Chevrolet","Driver",4,10
"Racing",2021,"Panini","Prizm","Spotlight Signatures Gold Prizm","Denny Hamlin","FedEx Express | Joe Gibbs Racing | Toyota","Driver",5,10
"Racing",2021,"Panini","Prizm","Spotlight Signatures Gold Prizm","Joey Logano","Shell-Pennzoil | Team Penske | Ford","Driver",6,10
"Racing",2021,"Panini","Prizm","Spotlight Signatures Gold Prizm","Kyle Busch","M&M's | Joe Gibbs Racing | Toyota","Driver",7,10
"Racing",2021,"Panini","Prizm","Spotlight Signatures Gold Prizm","Sam Mayer","GMS Racing","Driver",8,10
"Racing",2021,"Panini","Prizm","Spotlight Signatures Gold Prizm","Martin Truex Jr.","Bass Pro Shops | Joe Gibbs Racing | Toyota","Driver",9,10
"Racing",2021,"Panini","Prizm","Spotlight Signatures Gold Prizm","Ryan Blaney","Menards | Team Penske | Ford","Driver",10,10
"Racing",2021,"Panini","Prizm","Spotlight Signatures Gold Prizm","Ryan Newman","Oscar Mayer | Roush Fenway Racing | Ford","Driver",11,10
"Racing",2021,"Panini","Prizm","Spotlight Signatures Gold Prizm","William Byron","Liberty University | Hendrick Motorsports | Chevrolet","Driver",12,10
"Racing",2021,"Panini","Prizm","Spotlight Signatures Gold Prizm","Anthony Alfredo","SpeedyCash.com | Front Row Motorsports | Ford","Driver",13,10
"Racing",2021,"Panini","Prizm","Spotlight Signatures Gold Prizm","Austin Cindric","Verizon | Team Penske | Ford","Driver",14,10
"Racing",2021,"Panini","Prizm","Spotlight Signatures Gold Prizm","Kevin Harvick","Mobil 1 | Stewart-Haas Racing | Ford","Driver",16,10
"Racing",2021,"Panini","Prizm","Spotlight Signatures Gold Prizm","Noah Gragson","Bass Pro Shops | JR Motorsports | Chevrolet","Driver",17,10
"Racing",2021,"Panini","Prizm","Spotlight Signatures Gold Prizm","Natalie Decker","N29 Capital Partners | Niece Motorsports | Chevrolet","Driver",18,10
"Racing",2021,"Panini","Prizm","Spotlight Signatures Gold Prizm","Ricky Stenhouse Jr","Kroger | JTG Daugherty Racing | Chevrolet","Driver",19,10
"Racing",2021,"Panini","Prizm","Spotlight Signatures Gold Prizm","Thad Moffitt","Empire Racing Group","Driver",20,10
"Racing",2021,"Panini","Prizm","Spotlight Signatures Gold Vinyl","Austin Dillon","Bass Pro Shops | Richard Childress Racing | Chevrolet","Driver",1,1
"Racing",2021,"Panini","Prizm","Spotlight Signatures Gold Vinyl","Bubba Wallace","Columbia | 23XI Racing | Toyota","Driver",2,1
"Racing",2021,"Panini","Prizm","Spotlight Signatures Gold Vinyl","Chase Elliott","NAPA Auto Parts | Hendrick Motorsports | Chevrolet","Driver",3,1
"Racing",2021,"Panini","Prizm","Spotlight Signatures Gold Vinyl","Daniel Suarez","iFly | Trackhouse Racing | Chevrolet","Driver",4,1
"Racing",2021,"Panini","Prizm","Spotlight Signatures Gold Vinyl","Denny Hamlin","FedEx Express | Joe Gibbs Racing | Toyota","Driver",5,1
"Racing",2021,"Panini","Prizm","Spotlight Signatures Gold Vinyl","Joey Logano","Shell-Pennzoil | Team Penske | Ford","Driver",6,1
"Racing",2021,"Panini","Prizm","Spotlight Signatures Gold Vinyl","Kyle Busch","M&M's | Joe Gibbs Racing | Toyota","Driver",7,1
"Racing",2021,"Panini","Prizm","Spotlight Signatures Gold Vinyl","Sam Mayer","GMS Racing","Driver",8,1
"Racing",2021,"Panini","Prizm","Spotlight Signatures Gold Vinyl","Martin Truex Jr.","Bass Pro Shops | Joe Gibbs Racing | Toyota","Driver",9,1
"Racing",2021,"Panini","Prizm","Spotlight Signatures Gold Vinyl","Ryan Blaney","Menards | Team Penske | Ford","Driver",10,1
"Racing",2021,"Panini","Prizm","Spotlight Signatures Gold Vinyl","Ryan Newman","Oscar Mayer | Roush Fenway Racing | Ford","Driver",11,1
"Racing",2021,"Panini","Prizm","Spotlight Signatures Gold Vinyl","William Byron","Liberty University | Hendrick Motorsports | Chevrolet","Driver",12,1
"Racing",2021,"Panini","Prizm","Spotlight Signatures Gold Vinyl","Anthony Alfredo","SpeedyCash.com | Front Row Motorsports | Ford","Driver",13,1
"Racing",2021,"Panini","Prizm","Spotlight Signatures Gold Vinyl","Austin Cindric","Verizon | Team Penske | Ford","Driver",14,1
"Racing",2021,"Panini","Prizm","Spotlight Signatures Gold Vinyl","Kevin Harvick","Mobil 1 | Stewart-Haas Racing | Ford","Driver",16,1
"Racing",2021,"Panini","Prizm","Spotlight Signatures Gold Vinyl","Noah Gragson","Bass Pro Shops | JR Motorsports | Chevrolet","Driver",17,1
"Racing",2021,"Panini","Prizm","Spotlight Signatures Gold Vinyl","Natalie Decker","N29 Capital Partners | Niece Motorsports | Chevrolet","Driver",18,1
"Racing",2021,"Panini","Prizm","Spotlight Signatures Gold Vinyl","Ricky Stenhouse Jr","Kroger | JTG Daugherty Racing | Chevrolet","Driver",19,1
"Racing",2021,"Panini","Prizm","Spotlight Signatures Gold Vinyl","Thad Moffitt","Empire Racing Group","Driver",20,1
"Racing",2021,"Panini","Prizm","Spotlight Signatures Hyper Prizm Blue and Carolina Blue","Austin Dillon","Bass Pro Shops | Richard Childress Racing | Chevrolet","Driver",1,15
"Racing",2021,"Panini","Prizm","Spotlight Signatures Hyper Prizm Blue and Carolina Blue","Bubba Wallace","Columbia | 23XI Racing | Toyota","Driver",2,25
"Racing",2021,"Panini","Prizm","Spotlight Signatures Hyper Prizm Blue and Carolina Blue","Chase Elliott","NAPA Auto Parts | Hendrick Motorsports | Chevrolet","Driver",3,10
"Racing",2021,"Panini","Prizm","Spotlight Signatures Hyper Prizm Blue and Carolina Blue","Daniel Suarez","iFly | Trackhouse Racing | Chevrolet","Driver",4,5
"Racing",2021,"Panini","Prizm","Spotlight Signatures Hyper Prizm Blue and Carolina Blue","Denny Hamlin","FedEx Express | Joe Gibbs Racing | Toyota","Driver",5,10
"Racing",2021,"Panini","Prizm","Spotlight Signatures Hyper Prizm Blue and Carolina Blue","Joey Logano","Shell-Pennzoil | Team Penske | Ford","Driver",6,25
"Racing",2021,"Panini","Prizm","Spotlight Signatures Hyper Prizm Blue and Carolina Blue","Kyle Busch","M&M's | Joe Gibbs Racing | Toyota","Driver",7,10
"Racing",2021,"Panini","Prizm","Spotlight Signatures Hyper Prizm Blue and Carolina Blue","Sam Mayer","GMS Racing","Driver",8,25
"Racing",2021,"Panini","Prizm","Spotlight Signatures Hyper Prizm Blue and Carolina Blue","Martin Truex Jr.","Bass Pro Shops | Joe Gibbs Racing | Toyota","Driver",9,10
"Racing",2021,"Panini","Prizm","Spotlight Signatures Hyper Prizm Blue and Carolina Blue","Ryan Blaney","Menards | Team Penske | Ford","Driver",10,5
"Racing",2021,"Panini","Prizm","Spotlight Signatures Hyper Prizm Blue and Carolina Blue","Ryan Newman","Oscar Mayer | Roush Fenway Racing | Ford","Driver",11,5
"Racing",2021,"Panini","Prizm","Spotlight Signatures Hyper Prizm Blue and Carolina Blue","William Byron","Liberty University | Hendrick Motorsports | Chevrolet","Driver",12,10
"Racing",2021,"Panini","Prizm","Spotlight Signatures Hyper Prizm Blue and Carolina Blue","Anthony Alfredo","SpeedyCash.com | Front Row Motorsports | Ford","Driver",13,25
"Racing",2021,"Panini","Prizm","Spotlight Signatures Hyper Prizm Blue and Carolina Blue","Austin Cindric","Verizon | Team Penske | Ford","Driver",14,50
"Racing",2021,"Panini","Prizm","Spotlight Signatures Hyper Prizm Blue and Carolina Blue","Kevin Harvick","Mobil 1 | Stewart-Haas Racing | Ford","Driver",16,10
"Racing",2021,"Panini","Prizm","Spotlight Signatures Hyper Prizm Blue and Carolina Blue","Noah Gragson","Bass Pro Shops | JR Motorsports | Chevrolet","Driver",17,25
"Racing",2021,"Panini","Prizm","Spotlight Signatures Hyper Prizm Blue and Carolina Blue","Natalie Decker","N29 Capital Partners | Niece Motorsports | Chevrolet","Driver",18,25
"Racing",2021,"Panini","Prizm","Spotlight Signatures Hyper Prizm Blue and Carolina Blue","Ricky Stenhouse Jr","Kroger | JTG Daugherty Racing | Chevrolet","Driver",19,5
"Racing",2021,"Panini","Prizm","Spotlight Signatures Hyper Prizm Blue and Carolina Blue","Thad Moffitt","Empire Racing Group","Driver",20,25
"Racing",2021,"Panini","Prizm","Spotlight Signatures Hyper Prizm Green and Yellow","Austin Dillon","Bass Pro Shops | Richard Childress Racing | Chevrolet","Driver",1,15
"Racing",2021,"Panini","Prizm","Spotlight Signatures Hyper Prizm Green and Yellow","Bubba Wallace","Columbia | 23XI Racing | Toyota","Driver",2,25
"Racing",2021,"Panini","Prizm","Spotlight Signatures Hyper Prizm Green and Yellow","Chase Elliott","NAPA Auto Parts | Hendrick Motorsports | Chevrolet","Driver",3,10
"Racing",2021,"Panini","Prizm","Spotlight Signatures Hyper Prizm Green and Yellow","Daniel Suarez","iFly | Trackhouse Racing | Chevrolet","Driver",4,5
"Racing",2021,"Panini","Prizm","Spotlight Signatures Hyper Prizm Green and Yellow","Denny Hamlin","FedEx Express | Joe Gibbs Racing | Toyota","Driver",5,10
"Racing",2021,"Panini","Prizm","Spotlight Signatures Hyper Prizm Green and Yellow","Joey Logano","Shell-Pennzoil | Team Penske | Ford","Driver",6,25
"Racing",2021,"Panini","Prizm","Spotlight Signatures Hyper Prizm Green and Yellow","Kyle Busch","M&M's | Joe Gibbs Racing | Toyota","Driver",7,10
"Racing",2021,"Panini","Prizm","Spotlight Signatures Hyper Prizm Green and Yellow","Sam Mayer","GMS Racing","Driver",8,25
"Racing",2021,"Panini","Prizm","Spotlight Signatures Hyper Prizm Green and Yellow","Martin Truex Jr.","Bass Pro Shops | Joe Gibbs Racing | Toyota","Driver",9,10
"Racing",2021,"Panini","Prizm","Spotlight Signatures Hyper Prizm Green and Yellow","Ryan Blaney","Menards | Team Penske | Ford","Driver",10,5
"Racing",2021,"Panini","Prizm","Spotlight Signatures Hyper Prizm Green and Yellow","Ryan Newman","Oscar Mayer | Roush Fenway Racing | Ford","Driver",11,5
"Racing",2021,"Panini","Prizm","Spotlight Signatures Hyper Prizm Green and Yellow","William Byron","Liberty University | Hendrick Motorsports | Chevrolet","Driver",12,10
"Racing",2021,"Panini","Prizm","Spotlight Signatures Hyper Prizm Green and Yellow","Anthony Alfredo","SpeedyCash.com | Front Row Motorsports | Ford","Driver",13,25
"Racing",2021,"Panini","Prizm","Spotlight Signatures Hyper Prizm Green and Yellow","Austin Cindric","Verizon | Team Penske | Ford","Driver",14,50
"Racing",2021,"Panini","Prizm","Spotlight Signatures Hyper Prizm Green and Yellow","Kevin Harvick","Mobil 1 | Stewart-Haas Racing | Ford","Driver",16,10
"Racing",2021,"Panini","Prizm","Spotlight Signatures Hyper Prizm Green and Yellow","Noah Gragson","Bass Pro Shops | JR Motorsports | Chevrolet","Driver",17,25
"Racing",2021,"Panini","Prizm","Spotlight Signatures Hyper Prizm Green and Yellow","Natalie Decker","N29 Capital Partners | Niece Motorsports | Chevrolet","Driver",18,25
"Racing",2021,"Panini","Prizm","Spotlight Signatures Hyper Prizm Green and Yellow","Ricky Stenhouse Jr","Kroger | JTG Daugherty Racing | Chevrolet","Driver",19,5
"Racing",2021,"Panini","Prizm","Spotlight Signatures Hyper Prizm Green and Yellow","Thad Moffitt","Empire Racing Group","Driver",20,25
"Racing",2021,"Panini","Prizm","Spotlight Signatures Hyper Prizm Red and Blue","Austin Dillon","Bass Pro Shops | Richard Childress Racing | Chevrolet","Driver",1,15
"Racing",2021,"Panini","Prizm","Spotlight Signatures Hyper Prizm Red and Blue","Bubba Wallace","Columbia | 23XI Racing | Toyota","Driver",2,25
"Racing",2021,"Panini","Prizm","Spotlight Signatures Hyper Prizm Red and Blue","Chase Elliott","NAPA Auto Parts | Hendrick Motorsports | Chevrolet","Driver",3,10
"Racing",2021,"Panini","Prizm","Spotlight Signatures Hyper Prizm Red and Blue","Daniel Suarez","iFly | Trackhouse Racing | Chevrolet","Driver",4,5
"Racing",2021,"Panini","Prizm","Spotlight Signatures Hyper Prizm Red and Blue","Denny Hamlin","FedEx Express | Joe Gibbs Racing | Toyota","Driver",5,10
"Racing",2021,"Panini","Prizm","Spotlight Signatures Hyper Prizm Red and Blue","Joey Logano","Shell-Pennzoil | Team Penske | Ford","Driver",6,25
"Racing",2021,"Panini","Prizm","Spotlight Signatures Hyper Prizm Red and Blue","Kyle Busch","M&M's | Joe Gibbs Racing | Toyota","Driver",7,10
"Racing",2021,"Panini","Prizm","Spotlight Signatures Hyper Prizm Red and Blue","Sam Mayer","GMS Racing","Driver",8,25
"Racing",2021,"Panini","Prizm","Spotlight Signatures Hyper Prizm Red and Blue","Martin Truex Jr.","Bass Pro Shops | Joe Gibbs Racing | Toyota","Driver",9,10
"Racing",2021,"Panini","Prizm","Spotlight Signatures Hyper Prizm Red and Blue","Ryan Blaney","Menards | Team Penske | Ford","Driver",10,5
"Racing",2021,"Panini","Prizm","Spotlight Signatures Hyper Prizm Red and Blue","Ryan Newman","Oscar Mayer | Roush Fenway Racing | Ford","Driver",11,5
"Racing",2021,"Panini","Prizm","Spotlight Signatures Hyper Prizm Red and Blue","William Byron","Liberty University | Hendrick Motorsports | Chevrolet","Driver",12,10
"Racing",2021,"Panini","Prizm","Spotlight Signatures Hyper Prizm Red and Blue","Anthony Alfredo","SpeedyCash.com | Front Row Motorsports | Ford","Driver",13,25
"Racing",2021,"Panini","Prizm","Spotlight Signatures Hyper Prizm Red and Blue","Austin Cindric","Verizon | Team Penske | Ford","Driver",14,50
"Racing",2021,"Panini","Prizm","Spotlight Signatures Hyper Prizm Red and Blue","Kevin Harvick","Mobil 1 | Stewart-Haas Racing | Ford","Driver",16,10
"Racing",2021,"Panini","Prizm","Spotlight Signatures Hyper Prizm Red and Blue","Noah Gragson","Bass Pro Shops | JR Motorsports | Chevrolet","Driver",17,25
"Racing",2021,"Panini","Prizm","Spotlight Signatures Hyper Prizm Red and Blue","Natalie Decker","N29 Capital Partners | Niece Motorsports | Chevrolet","Driver",18,25
"Racing",2021,"Panini","Prizm","Spotlight Signatures Hyper Prizm Red and Blue","Ricky Stenhouse Jr","Kroger | JTG Daugherty Racing | Chevrolet","Driver",19,5
"Racing",2021,"Panini","Prizm","Spotlight Signatures Hyper Prizm Red and Blue","Thad Moffitt","Empire Racing Group","Driver",20,25
"Racing",2021,"Panini","Prizm","Spotlight Signatures Pink Prizm","Austin Dillon","Bass Pro Shops | Richard Childress Racing | Chevrolet","Driver",1,25
"Racing",2021,"Panini","Prizm","Spotlight Signatures Pink Prizm","Bubba Wallace","Columbia | 23XI Racing | Toyota","Driver",2,25
"Racing",2021,"Panini","Prizm","Spotlight Signatures Pink Prizm","Chase Elliott","NAPA Auto Parts | Hendrick Motorsports | Chevrolet","Driver",3,25
"Racing",2021,"Panini","Prizm","Spotlight Signatures Pink Prizm","Daniel Suarez","iFly | Trackhouse Racing | Chevrolet","Driver",4,20
"Racing",2021,"Panini","Prizm","Spotlight Signatures Pink Prizm","Denny Hamlin","FedEx Express | Joe Gibbs Racing | Toyota","Driver",5,25
"Racing",2021,"Panini","Prizm","Spotlight Signatures Pink Prizm","Joey Logano","Shell-Pennzoil | Team Penske | Ford","Driver",6,25
"Racing",2021,"Panini","Prizm","Spotlight Signatures Pink Prizm","Kyle Busch","M&M's | Joe Gibbs Racing | Toyota","Driver",7,25
"Racing",2021,"Panini","Prizm","Spotlight Signatures Pink Prizm","Sam Mayer","GMS Racing","Driver",8,50
"Racing",2021,"Panini","Prizm","Spotlight Signatures Pink Prizm","Martin Truex Jr.","Bass Pro Shops | Joe Gibbs Racing | Toyota","Driver",9,25
"Racing",2021,"Panini","Prizm","Spotlight Signatures Pink Prizm","Ryan Blaney","Menards | Team Penske | Ford","Driver",10,50
"Racing",2021,"Panini","Prizm","Spotlight Signatures Pink Prizm","Ryan Newman","Oscar Mayer | Roush Fenway Racing | Ford","Driver",11,50
"Racing",2021,"Panini","Prizm","Spotlight Signatures Pink Prizm","William Byron","Liberty University | Hendrick Motorsports | Chevrolet","Driver",12,25
"Racing",2021,"Panini","Prizm","Spotlight Signatures Pink Prizm","Anthony Alfredo","SpeedyCash.com | Front Row Motorsports | Ford","Driver",13,25
"Racing",2021,"Panini","Prizm","Spotlight Signatures Pink Prizm","Austin Cindric","Verizon | Team Penske | Ford","Driver",14,50
"Racing",2021,"Panini","Prizm","Spotlight Signatures Pink Prizm","Kevin Harvick","Mobil 1 | Stewart-Haas Racing | Ford","Driver",16,25
"Racing",2021,"Panini","Prizm","Spotlight Signatures Pink Prizm","Noah Gragson","Bass Pro Shops | JR Motorsports | Chevrolet","Driver",17,50
"Racing",2021,"Panini","Prizm","Spotlight Signatures Pink Prizm","Natalie Decker","N29 Capital Partners | Niece Motorsports | Chevrolet","Driver",18,50
"Racing",2021,"Panini","Prizm","Spotlight Signatures Pink Prizm","Ricky Stenhouse Jr","Kroger | JTG Daugherty Racing | Chevrolet","Driver",19,25
"Racing",2021,"Panini","Prizm","Spotlight Signatures Pink Prizm","Thad Moffitt","Empire Racing Group","Driver",20,50
"Racing",2021,"Panini","Prizm","Spotlight Signatures Prizm","Austin Dillon","Bass Pro Shops | Richard Childress Racing | Chevrolet","Driver",1,
"Racing",2021,"Panini","Prizm","Spotlight Signatures Prizm","Bubba Wallace","Columbia | 23XI Racing | Toyota","Driver",2,
"Racing",2021,"Panini","Prizm","Spotlight Signatures Prizm","Chase Elliott","NAPA Auto Parts | Hendrick Motorsports | Chevrolet","Driver",3,
"Racing",2021,"Panini","Prizm","Spotlight Signatures Prizm","Daniel Suarez","iFly | Trackhouse Racing | Chevrolet","Driver",4,
"Racing",2021,"Panini","Prizm","Spotlight Signatures Prizm","Denny Hamlin","FedEx Express | Joe Gibbs Racing | Toyota","Driver",5,
"Racing",2021,"Panini","Prizm","Spotlight Signatures Prizm","Joey Logano","Shell-Pennzoil | Team Penske | Ford","Driver",6,
"Racing",2021,"Panini","Prizm","Spotlight Signatures Prizm","Kyle Busch","M&M's | Joe Gibbs Racing | Toyota","Driver",7,
"Racing",2021,"Panini","Prizm","Spotlight Signatures Prizm","Sam Mayer","GMS Racing","Driver",8,
"Racing",2021,"Panini","Prizm","Spotlight Signatures Prizm","Martin Truex Jr.","Bass Pro Shops | Joe Gibbs Racing | Toyota","Driver",9,
"Racing",2021,"Panini","Prizm","Spotlight Signatures Prizm","Ryan Blaney","Menards | Team Penske | Ford","Driver",10,
"Racing",2021,"Panini","Prizm","Spotlight Signatures Prizm","Ryan Newman","Oscar Mayer | Roush Fenway Racing | Ford","Driver",11,
"Racing",2021,"Panini","Prizm","Spotlight Signatures Prizm","William Byron","Liberty University | Hendrick Motorsports | Chevrolet","Driver",12,
"Racing",2021,"Panini","Prizm","Spotlight Signatures Prizm","Anthony Alfredo","SpeedyCash.com | Front Row Motorsports | Ford","Driver",13,
"Racing",2021,"Panini","Prizm","Spotlight Signatures Prizm","Austin Cindric","Verizon | Team Penske | Ford","Driver",14,
"Racing",2021,"Panini","Prizm","Spotlight Signatures Prizm","Kevin Harvick","Mobil 1 | Stewart-Haas Racing | Ford","Driver",16,
"Racing",2021,"Panini","Prizm","Spotlight Signatures Prizm","Noah Gragson","Bass Pro Shops | JR Motorsports | Chevrolet","Driver",17,
"Racing",2021,"Panini","Prizm","Spotlight Signatures Prizm","Natalie Decker","N29 Capital Partners | Niece Motorsports | Chevrolet","Driver",18,
"Racing",2021,"Panini","Prizm","Spotlight Signatures Prizm","Ricky Stenhouse Jr","Kroger | JTG Daugherty Racing | Chevrolet","Driver",19,
"Racing",2021,"Panini","Prizm","Spotlight Signatures Prizm","Thad Moffitt","Empire Racing Group","Driver",20,
"Racing",2021,"Panini","Prizm","Spotlight Signatures Purple Velocity","Austin Dillon","Bass Pro Shops | Richard Childress Racing | Chevrolet","Driver",1,35
"Racing",2021,"Panini","Prizm","Spotlight Signatures Purple Velocity","Bubba Wallace","Columbia | 23XI Racing | Toyota","Driver",2,35
"Racing",2021,"Panini","Prizm","Spotlight Signatures Purple Velocity","Chase Elliott","NAPA Auto Parts | Hendrick Motorsports | Chevrolet","Driver",3,35
"Racing",2021,"Panini","Prizm","Spotlight Signatures Purple Velocity","Daniel Suarez","iFly | Trackhouse Racing | Chevrolet","Driver",4,30
"Racing",2021,"Panini","Prizm","Spotlight Signatures Purple Velocity","Denny Hamlin","FedEx Express | Joe Gibbs Racing | Toyota","Driver",5,35
"Racing",2021,"Panini","Prizm","Spotlight Signatures Purple Velocity","Joey Logano","Shell-Pennzoil | Team Penske | Ford","Driver",6,35
"Racing",2021,"Panini","Prizm","Spotlight Signatures Purple Velocity","Kyle Busch","M&M's | Joe Gibbs Racing | Toyota","Driver",7,35
"Racing",2021,"Panini","Prizm","Spotlight Signatures Purple Velocity","Sam Mayer","GMS Racing","Driver",8,99
"Racing",2021,"Panini","Prizm","Spotlight Signatures Purple Velocity","Martin Truex Jr.","Bass Pro Shops | Joe Gibbs Racing | Toyota","Driver",9,35
"Racing",2021,"Panini","Prizm","Spotlight Signatures Purple Velocity","Ryan Blaney","Menards | Team Penske | Ford","Driver",10,99
"Racing",2021,"Panini","Prizm","Spotlight Signatures Purple Velocity","Ryan Newman","Oscar Mayer | Roush Fenway Racing | Ford","Driver",11,99
"Racing",2021,"Panini","Prizm","Spotlight Signatures Purple Velocity","William Byron","Liberty University | Hendrick Motorsports | Chevrolet","Driver",12,50
"Racing",2021,"Panini","Prizm","Spotlight Signatures Purple Velocity","Anthony Alfredo","SpeedyCash.com | Front Row Motorsports | Ford","Driver",13,50
"Racing",2021,"Panini","Prizm","Spotlight Signatures Purple Velocity","Austin Cindric","Verizon | Team Penske | Ford","Driver",14,99
"Racing",2021,"Panini","Prizm","Spotlight Signatures Purple Velocity","Kevin Harvick","Mobil 1 | Stewart-Haas Racing | Ford","Driver",16,35
"Racing",2021,"Panini","Prizm","Spotlight Signatures Purple Velocity","Noah Gragson","Bass Pro Shops | JR Motorsports | Chevrolet","Driver",17,99
"Racing",2021,"Panini","Prizm","Spotlight Signatures Purple Velocity","Natalie Decker","N29 Capital Partners | Niece Motorsports | Chevrolet","Driver",18,99
"Racing",2021,"Panini","Prizm","Spotlight Signatures Purple Velocity","Ricky Stenhouse Jr","Kroger | JTG Daugherty Racing | Chevrolet","Driver",19,25
"Racing",2021,"Panini","Prizm","Spotlight Signatures Purple Velocity","Thad Moffitt","Empire Racing Group","Driver",20,99
"Racing",2021,"Panini","Prizm","Spotlight Signatures Rainbow Prizm","Austin Dillon","Bass Pro Shops | Richard Childress Racing | Chevrolet","Driver",1,24
"Racing",2021,"Panini","Prizm","Spotlight Signatures Rainbow Prizm","Bubba Wallace","Columbia | 23XI Racing | Toyota","Driver",2,24
"Racing",2021,"Panini","Prizm","Spotlight Signatures Rainbow Prizm","Chase Elliott","NAPA Auto Parts | Hendrick Motorsports | Chevrolet","Driver",3,24
"Racing",2021,"Panini","Prizm","Spotlight Signatures Rainbow Prizm","Daniel Suarez","iFly | Trackhouse Racing | Chevrolet","Driver",4,15
"Racing",2021,"Panini","Prizm","Spotlight Signatures Rainbow Prizm","Denny Hamlin","FedEx Express | Joe Gibbs Racing | Toyota","Driver",5,24
"Racing",2021,"Panini","Prizm","Spotlight Signatures Rainbow Prizm","Joey Logano","Shell-Pennzoil | Team Penske | Ford","Driver",6,22
"Racing",2021,"Panini","Prizm","Spotlight Signatures Rainbow Prizm","Kyle Busch","M&M's | Joe Gibbs Racing | Toyota","Driver",7,24
"Racing",2021,"Panini","Prizm","Spotlight Signatures Rainbow Prizm","Sam Mayer","GMS Racing","Driver",8,24
"Racing",2021,"Panini","Prizm","Spotlight Signatures Rainbow Prizm","Martin Truex Jr.","Bass Pro Shops | Joe Gibbs Racing | Toyota","Driver",9,24
"Racing",2021,"Panini","Prizm","Spotlight Signatures Rainbow Prizm","Ryan Blaney","Menards | Team Penske | Ford","Driver",10,24
"Racing",2021,"Panini","Prizm","Spotlight Signatures Rainbow Prizm","Ryan Newman","Oscar Mayer | Roush Fenway Racing | Ford","Driver",11,24
"Racing",2021,"Panini","Prizm","Spotlight Signatures Rainbow Prizm","William Byron","Liberty University | Hendrick Motorsports | Chevrolet","Driver",12,24
"Racing",2021,"Panini","Prizm","Spotlight Signatures Rainbow Prizm","Anthony Alfredo","SpeedyCash.com | Front Row Motorsports | Ford","Driver",13,24
"Racing",2021,"Panini","Prizm","Spotlight Signatures Rainbow Prizm","Austin Cindric","Verizon | Team Penske | Ford","Driver",14,24
"Racing",2021,"Panini","Prizm","Spotlight Signatures Rainbow Prizm","Kevin Harvick","Mobil 1 | Stewart-Haas Racing | Ford","Driver",16,24
"Racing",2021,"Panini","Prizm","Spotlight Signatures Rainbow Prizm","Noah Gragson","Bass Pro Shops | JR Motorsports | Chevrolet","Driver",17,24
"Racing",2021,"Panini","Prizm","Spotlight Signatures Rainbow Prizm","Natalie Decker","N29 Capital Partners | Niece Motorsports | Chevrolet","Driver",18,24
"Racing",2021,"Panini","Prizm","Spotlight Signatures Rainbow Prizm","Ricky Stenhouse Jr","Kroger | JTG Daugherty Racing | Chevrolet","Driver",19,24
"Racing",2021,"Panini","Prizm","Spotlight Signatures Rainbow Prizm","Thad Moffitt","Empire Racing Group","Driver",20,24
"Racing",2021,"Panini","Prizm","Spotlight Signatures Reactive Blue","Austin Dillon","Bass Pro Shops | Richard Childress Racing | Chevrolet","Driver",1,25
"Racing",2021,"Panini","Prizm","Spotlight Signatures Reactive Blue","Bubba Wallace","Columbia | 23XI Racing | Toyota","Driver",2,50
"Racing",2021,"Panini","Prizm","Spotlight Signatures Reactive Blue","Chase Elliott","NAPA Auto Parts | Hendrick Motorsports | Chevrolet","Driver",3,25
"Racing",2021,"Panini","Prizm","Spotlight Signatures Reactive Blue","Daniel Suarez","iFly | Trackhouse Racing | Chevrolet","Driver",4,2
"Racing",2021,"Panini","Prizm","Spotlight Signatures Reactive Blue","Denny Hamlin","FedEx Express | Joe Gibbs Racing | Toyota","Driver",5,35
"Racing",2021,"Panini","Prizm","Spotlight Signatures Reactive Blue","Joey Logano","Shell-Pennzoil | Team Penske | Ford","Driver",6,50
"Racing",2021,"Panini","Prizm","Spotlight Signatures Reactive Blue","Kyle Busch","M&M's | Joe Gibbs Racing | Toyota","Driver",7,25
"Racing",2021,"Panini","Prizm","Spotlight Signatures Reactive Blue","Sam Mayer","GMS Racing","Driver",8,25
"Racing",2021,"Panini","Prizm","Spotlight Signatures Reactive Blue","Martin Truex Jr.","Bass Pro Shops | Joe Gibbs Racing | Toyota","Driver",9,25
"Racing",2021,"Panini","Prizm","Spotlight Signatures Reactive Blue","Ryan Blaney","Menards | Team Penske | Ford","Driver",10,10
"Racing",2021,"Panini","Prizm","Spotlight Signatures Reactive Blue","Ryan Newman","Oscar Mayer | Roush Fenway Racing | Ford","Driver",11,7
"Racing",2021,"Panini","Prizm","Spotlight Signatures Reactive Blue","William Byron","Liberty University | Hendrick Motorsports | Chevrolet","Driver",12,25
"Racing",2021,"Panini","Prizm","Spotlight Signatures Reactive Blue","Anthony Alfredo","SpeedyCash.com | Front Row Motorsports | Ford","Driver",13,99
"Racing",2021,"Panini","Prizm","Spotlight Signatures Reactive Blue","Austin Cindric","Verizon | Team Penske | Ford","Driver",14,99
"Racing",2021,"Panini","Prizm","Spotlight Signatures Reactive Blue","Kevin Harvick","Mobil 1 | Stewart-Haas Racing | Ford","Driver",16,25
"Racing",2021,"Panini","Prizm","Spotlight Signatures Reactive Blue","Noah Gragson","Bass Pro Shops | JR Motorsports | Chevrolet","Driver",17,50
"Racing",2021,"Panini","Prizm","Spotlight Signatures Reactive Blue","Natalie Decker","N29 Capital Partners | Niece Motorsports | Chevrolet","Driver",18,50
"Racing",2021,"Panini","Prizm","Spotlight Signatures Reactive Blue","Ricky Stenhouse Jr","Kroger | JTG Daugherty Racing | Chevrolet","Driver",19,10
"Racing",2021,"Panini","Prizm","Spotlight Signatures Reactive Blue","Thad Moffitt","Empire Racing Group","Driver",20,50
"Racing",2021,"Panini","Prizm","Spotlight Signatures White Prizm","Austin Dillon","Bass Pro Shops | Richard Childress Racing | Chevrolet","Driver",1,5
"Racing",2021,"Panini","Prizm","Spotlight Signatures White Prizm","Bubba Wallace","Columbia | 23XI Racing | Toyota","Driver",2,5
"Racing",2021,"Panini","Prizm","Spotlight Signatures White Prizm","Chase Elliott","NAPA Auto Parts | Hendrick Motorsports | Chevrolet","Driver",3,5
"Racing",2021,"Panini","Prizm","Spotlight Signatures White Prizm","Daniel Suarez","iFly | Trackhouse Racing | Chevrolet","Driver",4,5
"Racing",2021,"Panini","Prizm","Spotlight Signatures White Prizm","Denny Hamlin","FedEx Express | Joe Gibbs Racing | Toyota","Driver",5,5
"Racing",2021,"Panini","Prizm","Spotlight Signatures White Prizm","Joey Logano","Shell-Pennzoil | Team Penske | Ford","Driver",6,5
"Racing",2021,"Panini","Prizm","Spotlight Signatures White Prizm","Kyle Busch","M&M's | Joe Gibbs Racing | Toyota","Driver",7,5
"Racing",2021,"Panini","Prizm","Spotlight Signatures White Prizm","Sam Mayer","GMS Racing","Driver",8,5
"Racing",2021,"Panini","Prizm","Spotlight Signatures White Prizm","Martin Truex Jr.","Bass Pro Shops | Joe Gibbs Racing | Toyota","Driver",9,5
"Racing",2021,"Panini","Prizm","Spotlight Signatures White Prizm","Ryan Blaney","Menards | Team Penske | Ford","Driver",10,5
"Racing",2021,"Panini","Prizm","Spotlight Signatures White Prizm","Ryan Newman","Oscar Mayer | Roush Fenway Racing | Ford","Driver",11,5
"Racing",2021,"Panini","Prizm","Spotlight Signatures White Prizm","William Byron","Liberty University | Hendrick Motorsports | Chevrolet","Driver",12,5
"Racing",2021,"Panini","Prizm","Spotlight Signatures White Prizm","Anthony Alfredo","SpeedyCash.com | Front Row Motorsports | Ford","Driver",13,5
"Racing",2021,"Panini","Prizm","Spotlight Signatures White Prizm","Austin Cindric","Verizon | Team Penske | Ford","Driver",14,5
"Racing",2021,"Panini","Prizm","Spotlight Signatures White Prizm","Kevin Harvick","Mobil 1 | Stewart-Haas Racing | Ford","Driver",16,5
"Racing",2021,"Panini","Prizm","Spotlight Signatures White Prizm","Noah Gragson","Bass Pro Shops | JR Motorsports | Chevrolet","Driver",17,5
"Racing",2021,"Panini","Prizm","Spotlight Signatures White Prizm","Natalie Decker","N29 Capital Partners | Niece Motorsports | Chevrolet","Driver",18,5
"Racing",2021,"Panini","Prizm","Spotlight Signatures White Prizm","Ricky Stenhouse Jr","Kroger | JTG Daugherty Racing | Chevrolet","Driver",19,5
"Racing",2021,"Panini","Prizm","Spotlight Signatures White Prizm","Thad Moffitt","Empire Racing Group","Driver",20,5
"Racing",2021,"Panini","Prizm","Stained Glass","Chase Elliott","NAPA Auto Parts | Hendrick Motorsports | Chevrolet","Driver",1,
"Racing",2021,"Panini","Prizm","Stained Glass","Ryan Newman","Castrol | Roush Fenway Racing | Ford","Driver",2,
"Racing",2021,"Panini","Prizm","Stained Glass","Matt Kenseth","DeWalt | Joe Gibbs Racing | Toyota","Driver",3,
"Racing",2021,"Panini","Prizm","Stained Glass","Carl Edwards","Scotts | Roush Fenway Racing | Ford","Driver",4,
"Racing",2021,"Panini","Prizm","Stained Glass","Rusty Wallace","Miller Lite | Team Penske | Ford","Driver",5,
"Racing",2021,"Panini","Prizm","Stained Glass","Hailie Deegan","Monster Energy","Driver",6,
"Racing",2021,"Panini","Prizm","Stained Glass","Jeff Gordon","DuPont | Hendrick Motorsports | Chevrolet","Driver",7,
"Racing",2021,"Panini","Prizm","Stained Glass","Ross Chastain","Clover | Chip Ganassi Racing | Chevrolet","Driver",8,
"Racing",2021,"Panini","Prizm","Stained Glass","Terry Labonte","Kellogg's Corn Flakes | Hendrick Motorsports | Chevrolet","Driver",9,
"Racing",2021,"Panini","Prizm","Stained Glass","Brittney Zamora","Rackley Roofing | Toyota","Driver",10,
"Racing",2021,"Panini","Prizm","Stained Glass","Ryan Blaney","Menards | Team Penske | Ford","Driver",11,
"Racing",2021,"Panini","Prizm","Stained Glass","Austin Dillon","Bass Pro Shops | Richard Childress Racing | Chevrolet","Driver",12,
"Racing",2021,"Panini","Prizm","Stained Glass","Natalie Decker","Red Street Records | Our Motorsports | Chevrolet","Driver",13,
"Racing",2021,"Panini","Prizm","Stained Glass","Ricky Stenhouse Jr","Kroger | JTG Daugherty Racing | Chevrolet","Driver",14,
"Racing",2021,"Panini","Prizm","Stained Glass","Richard Petty","STP | Petty Enterprises | Plymouth","Driver",15,
"Racing",2021,"Panini","Prizm","Stained Glass","Erik Jones","U.S. Air Force | Richard Petty Motorsports | Chevrolet","Driver",16,
"Racing",2021,"Panini","Prizm","Stained Glass","Bubba Wallace","DoorDash | 23XI Racing | Toyota","Driver",17,
"Racing",2021,"Panini","Prizm","Stained Glass","Dale Jarrett","UPS | Robert Yates Racing | Ford","Driver",18,
"Racing",2021,"Panini","Prizm","Stained Glass","Danica Patrick","GoDaddy.com | Premium Motorsports | Chevrolet","Driver",19,
"Racing",2021,"Panini","Prizm","Stained Glass","Tony Stewart","Office Depot | Stewart-Haas Racing | Chevrolet","Driver",20,
"Racing",2021,"Panini","Prizm","Stained Glass","Joey Logano","Shell-Pennzoil | Team Penske | Ford","Driver",21,
"Racing",2021,"Panini","Prizm","Stained Glass","Bill Elliott","Coors | Harry Melling | Ford","Driver",22,
"Racing",2021,"Panini","Prizm","Stained Glass","Brad Keselowski","Discount Tire | Team Penske | Ford","Driver",23,
"Racing",2021,"Panini","Prizm","Stained Glass","Alex Bowman","Ally Financial | Hendrick Motorsports | Chevrolet","Driver",24,
"Racing",2021,"Panini","Prizm","Stained Glass","Dale Earnhardt Jr","Nationwide | Hendrick Motorsports | Chevrolet","Driver",25,
"Racing",2021,"Panini","Prizm","Stained Glass","William Byron","AXALTA | Hendrick Motorsports | Chevrolet","Driver",26,
"Racing",2021,"Panini","Prizm","Stained Glass","Kevin Harvick","Hunt Brothers Pizza | Stewart-Haas Racing | Ford","Driver",27,
"Racing",2021,"Panini","Prizm","Stained Glass","Darrell Waltrip","Tide | Hendrick Motorsports | Chevrolet","Driver",28,
"Racing",2021,"Panini","Prizm","Stained Glass","Daniel Suarez","iFly | Trackhouse Racing | Chevrolet","Driver",29,
"Racing",2021,"Panini","Prizm","Stained Glass","Jimmie Johnson","Ally Financial | Hendrick Motorsports | Chevrolet","Driver",30,
"Racing",2021,"Panini","Prizm","Teamwork","Austin Dillon","Bass Pro Shops | Richard Childress Racing | Chevrolet","Driver",1,
"Racing",2021,"Panini","Prizm","Teamwork","Kyle Busch","M&M's | Joe Gibbs Racing | Toyota","Driver",2,
"Racing",2021,"Panini","Prizm","Teamwork","Denny Hamlin","FedEx Express | Joe Gibbs Racing | Toyota","Driver",3,
"Racing",2021,"Panini","Prizm","Teamwork","Chase Elliott","NAPA Auto Parts | Hendrick Motorsports | Chevrolet","Driver",4,
"Racing",2021,"Panini","Prizm","Teamwork","Alex Bowman","Ally Financial | Hendrick Motorsports | Chevrolet","Driver",5,
"Racing",2021,"Panini","Prizm","Teamwork","Brad Keselowski","Discount Tire | Team Penske | Ford","Driver",6,
"Racing",2021,"Panini","Prizm","Teamwork","Ryan Blaney","Menards | Team Penske | Ford","Driver",7,
"Racing",2021,"Panini","Prizm","Teamwork","Garrett Smithley","Trophy Tractor | Rick Ware Racing | Chevrolet","Driver",8,
"Racing",2021,"Panini","Prizm","Teamwork","Chris Buescher","Fastenal | Roush Fenway Racing | Ford","Driver",9,
"Racing",2021,"Panini","Prizm","Teamwork","Martin Truex Jr.","Bass Pro Shops | Joe Gibbs Racing | Toyota","Driver",10,
"Racing",2021,"Panini","Prizm","Teamwork","Joey Logano","Shell-Pennzoil | Team Penske | Ford","Driver",11,
"Racing",2021,"Panini","Prizm","Teamwork","Kyle Larson","NationsGuard | Hendrick Motorsports | Chevrolet","Driver",12,
"Racing",2021,"Panini","Prizm","Teamwork","Bubba Wallace","Columbia | 23XI Racing | Toyota","Driver",13,
"Racing",2021,"Panini","Prizm","Teamwork","Ryan Newman","Castrol | Roush Fenway Racing | Ford","Driver",14,
"Racing",2021,"Panini","Prizm","Teamwork","William Byron","AXALTA | Hendrick Motorsports | Chevrolet","Driver",15,
"Racing",2021,"Panini","Prizm","Teamwork Black Prizm","Austin Dillon","Bass Pro Shops | Richard Childress Racing | Chevrolet","Driver",1,1
"Racing",2021,"Panini","Prizm","Teamwork Black Prizm","Kyle Busch","M&M's | Joe Gibbs Racing | Toyota","Driver",2,1
"Racing",2021,"Panini","Prizm","Teamwork Black Prizm","Denny Hamlin","FedEx Express | Joe Gibbs Racing | Toyota","Driver",3,1
"Racing",2021,"Panini","Prizm","Teamwork Black Prizm","Chase Elliott","NAPA Auto Parts | Hendrick Motorsports | Chevrolet","Driver",4,1
"Racing",2021,"Panini","Prizm","Teamwork Black Prizm","Alex Bowman","Ally Financial | Hendrick Motorsports | Chevrolet","Driver",5,1
"Racing",2021,"Panini","Prizm","Teamwork Black Prizm","Brad Keselowski","Discount Tire | Team Penske | Ford","Driver",6,1
"Racing",2021,"Panini","Prizm","Teamwork Black Prizm","Ryan Blaney","Menards | Team Penske | Ford","Driver",7,1
"Racing",2021,"Panini","Prizm","Teamwork Black Prizm","Garrett Smithley","Trophy Tractor | Rick Ware Racing | Chevrolet","Driver",8,1
"Racing",2021,"Panini","Prizm","Teamwork Black Prizm","Chris Buescher","Fastenal | Roush Fenway Racing | Ford","Driver",9,1
"Racing",2021,"Panini","Prizm","Teamwork Black Prizm","Martin Truex Jr.","Bass Pro Shops | Joe Gibbs Racing | Toyota","Driver",10,1
"Racing",2021,"Panini","Prizm","Teamwork Black Prizm","Joey Logano","Shell-Pennzoil | Team Penske | Ford","Driver",11,1
"Racing",2021,"Panini","Prizm","Teamwork Black Prizm","Kyle Larson","NationsGuard | Hendrick Motorsports | Chevrolet","Driver",12,1
"Racing",2021,"Panini","Prizm","Teamwork Black Prizm","Bubba Wallace","Columbia | 23XI Racing | Toyota","Driver",13,1
"Racing",2021,"Panini","Prizm","Teamwork Black Prizm","Ryan Newman","Castrol | Roush Fenway Racing | Ford","Driver",14,1
"Racing",2021,"Panini","Prizm","Teamwork Black Prizm","William Byron","AXALTA | Hendrick Motorsports | Chevrolet","Driver",15,1
"Racing",2021,"Panini","Prizm","Teamwork Gold Prizm","Austin Dillon","Bass Pro Shops | Richard Childress Racing | Chevrolet","Driver",1,10
"Racing",2021,"Panini","Prizm","Teamwork Gold Prizm","Kyle Busch","M&M's | Joe Gibbs Racing | Toyota","Driver",2,10
"Racing",2021,"Panini","Prizm","Teamwork Gold Prizm","Denny Hamlin","FedEx Express | Joe Gibbs Racing | Toyota","Driver",3,10
"Racing",2021,"Panini","Prizm","Teamwork Gold Prizm","Chase Elliott","NAPA Auto Parts | Hendrick Motorsports | Chevrolet","Driver",4,10
"Racing",2021,"Panini","Prizm","Teamwork Gold Prizm","Alex Bowman","Ally Financial | Hendrick Motorsports | Chevrolet","Driver",5,10
"Racing",2021,"Panini","Prizm","Teamwork Gold Prizm","Brad Keselowski","Discount Tire | Team Penske | Ford","Driver",6,10
"Racing",2021,"Panini","Prizm","Teamwork Gold Prizm","Ryan Blaney","Menards | Team Penske | Ford","Driver",7,10
"Racing",2021,"Panini","Prizm","Teamwork Gold Prizm","Garrett Smithley","Trophy Tractor | Rick Ware Racing | Chevrolet","Driver",8,10
"Racing",2021,"Panini","Prizm","Teamwork Gold Prizm","Chris Buescher","Fastenal | Roush Fenway Racing | Ford","Driver",9,10
"Racing",2021,"Panini","Prizm","Teamwork Gold Prizm","Martin Truex Jr.","Bass Pro Shops | Joe Gibbs Racing | Toyota","Driver",10,10
"Racing",2021,"Panini","Prizm","Teamwork Gold Prizm","Joey Logano","Shell-Pennzoil | Team Penske | Ford","Driver",11,10
"Racing",2021,"Panini","Prizm","Teamwork Gold Prizm","Kyle Larson","NationsGuard | Hendrick Motorsports | Chevrolet","Driver",12,10
"Racing",2021,"Panini","Prizm","Teamwork Gold Prizm","Bubba Wallace","Columbia | 23XI Racing | Toyota","Driver",13,10
"Racing",2021,"Panini","Prizm","Teamwork Gold Prizm","Ryan Newman","Castrol | Roush Fenway Racing | Ford","Driver",14,10
"Racing",2021,"Panini","Prizm","Teamwork Gold Prizm","William Byron","AXALTA | Hendrick Motorsports | Chevrolet","Driver",15,10
"Racing",2021,"Panini","Prizm","Teamwork Gold Vinyl","Austin Dillon","Bass Pro Shops | Richard Childress Racing | Chevrolet","Driver",1,1
"Racing",2021,"Panini","Prizm","Teamwork Gold Vinyl","Kyle Busch","M&M's | Joe Gibbs Racing | Toyota","Driver",2,1
"Racing",2021,"Panini","Prizm","Teamwork Gold Vinyl","Denny Hamlin","FedEx Express | Joe Gibbs Racing | Toyota","Driver",3,1
"Racing",2021,"Panini","Prizm","Teamwork Gold Vinyl","Chase Elliott","NAPA Auto Parts | Hendrick Motorsports | Chevrolet","Driver",4,1
"Racing",2021,"Panini","Prizm","Teamwork Gold Vinyl","Alex Bowman","Ally Financial | Hendrick Motorsports | Chevrolet","Driver",5,1
"Racing",2021,"Panini","Prizm","Teamwork Gold Vinyl","Brad Keselowski","Discount Tire | Team Penske | Ford","Driver",6,1
"Racing",2021,"Panini","Prizm","Teamwork Gold Vinyl","Ryan Blaney","Menards | Team Penske | Ford","Driver",7,1
"Racing",2021,"Panini","Prizm","Teamwork Gold Vinyl","Garrett Smithley","Trophy Tractor | Rick Ware Racing | Chevrolet","Driver",8,1
"Racing",2021,"Panini","Prizm","Teamwork Gold Vinyl","Chris Buescher","Fastenal | Roush Fenway Racing | Ford","Driver",9,1
"Racing",2021,"Panini","Prizm","Teamwork Gold Vinyl","Martin Truex Jr.","Bass Pro Shops | Joe Gibbs Racing | Toyota","Driver",10,1
"Racing",2021,"Panini","Prizm","Teamwork Gold Vinyl","Joey Logano","Shell-Pennzoil | Team Penske | Ford","Driver",11,1
"Racing",2021,"Panini","Prizm","Teamwork Gold Vinyl","Kyle Larson","NationsGuard | Hendrick Motorsports | Chevrolet","Driver",12,1
"Racing",2021,"Panini","Prizm","Teamwork Gold Vinyl","Bubba Wallace","Columbia | 23XI Racing | Toyota","Driver",13,1
"Racing",2021,"Panini","Prizm","Teamwork Gold Vinyl","Ryan Newman","Castrol | Roush Fenway Racing | Ford","Driver",14,1
"Racing",2021,"Panini","Prizm","Teamwork Gold Vinyl","William Byron","AXALTA | Hendrick Motorsports | Chevrolet","Driver",15,1
"Racing",2021,"Panini","Prizm","Teamwork Prizm","Austin Dillon","Bass Pro Shops | Richard Childress Racing | Chevrolet","Driver",1,
"Racing",2021,"Panini","Prizm","Teamwork Prizm","Kyle Busch","M&M's | Joe Gibbs Racing | Toyota","Driver",2,
"Racing",2021,"Panini","Prizm","Teamwork Prizm","Denny Hamlin","FedEx Express | Joe Gibbs Racing | Toyota","Driver",3,
"Racing",2021,"Panini","Prizm","Teamwork Prizm","Chase Elliott","NAPA Auto Parts | Hendrick Motorsports | Chevrolet","Driver",4,
"Racing",2021,"Panini","Prizm","Teamwork Prizm","Alex Bowman","Ally Financial | Hendrick Motorsports | Chevrolet","Driver",5,
"Racing",2021,"Panini","Prizm","Teamwork Prizm","Brad Keselowski","Discount Tire | Team Penske | Ford","Driver",6,
"Racing",2021,"Panini","Prizm","Teamwork Prizm","Ryan Blaney","Menards | Team Penske | Ford","Driver",7,
"Racing",2021,"Panini","Prizm","Teamwork Prizm","Garrett Smithley","Trophy Tractor | Rick Ware Racing | Chevrolet","Driver",8,
"Racing",2021,"Panini","Prizm","Teamwork Prizm","Chris Buescher","Fastenal | Roush Fenway Racing | Ford","Driver",9,
"Racing",2021,"Panini","Prizm","Teamwork Prizm","Martin Truex Jr.","Bass Pro Shops | Joe Gibbs Racing | Toyota","Driver",10,
"Racing",2021,"Panini","Prizm","Teamwork Prizm","Joey Logano","Shell-Pennzoil | Team Penske | Ford","Driver",11,
"Racing",2021,"Panini","Prizm","Teamwork Prizm","Kyle Larson","NationsGuard | Hendrick Motorsports | Chevrolet","Driver",12,
"Racing",2021,"Panini","Prizm","Teamwork Prizm","Bubba Wallace","Columbia | 23XI Racing | Toyota","Driver",13,
"Racing",2021,"Panini","Prizm","Teamwork Prizm","Ryan Newman","Castrol | Roush Fenway Racing | Ford","Driver",14,
"Racing",2021,"Panini","Prizm","Teamwork Prizm","William Byron","AXALTA | Hendrick Motorsports | Chevrolet","Driver",15,
"Racing",2021,"Panini","Prizm","USA","Jimmie Johnson","Lowe's | Hendrick Motorsports | Chevrolet","Driver",1,
"Racing",2021,"Panini","Prizm","USA","Bubba Wallace","DoorDash | 23XI Racing | Toyota","Driver",2,
"Racing",2021,"Panini","Prizm","USA","Brittney Zamora","Rackley Roofing | Toyota","Driver",3,
"Racing",2021,"Panini","Prizm","USA","Tony Stewart","Bass Pro Shops | Stewart-Haas Racing | Chevrolet","Driver",4,
"Racing",2021,"Panini","Prizm","USA","Chase Elliott","NAPA Auto Parts | Hendrick Motorsports | Chevrolet","Driver",5,
"Racing",2021,"Panini","Prizm","USA","Austin Dillon","Bass Pro Shops | Richard Childress Racing | Chevrolet","Driver",6,
"Racing",2021,"Panini","Prizm","USA","Danica Patrick","GoDaddy.com | Premium Motorsports | Chevrolet","Driver",7,
"Racing",2021,"Panini","Prizm","USA","Martin Truex Jr.","Bass Pro Shops | Joe Gibbs Racing | Toyota","Driver",8,
"Racing",2021,"Panini","Prizm","USA","Richard Petty","STP | Petty Enterprises | Plymouth","Driver",9,
"Racing",2021,"Panini","Prizm","USA","Aric Almirola","Smithfield Foods | Stewart-Haas Racing | Ford","Driver",10,
"Racing",2021,"Panini","Prizm","USA","Joey Logano","Shell-Pennzoil | Team Penske | Ford","Driver",11,
"Racing",2021,"Panini","Prizm","USA","Ryan Blaney","Menards | Team Penske | Ford","Driver",12,
"Racing",2021,"Panini","Prizm","USA","Ricky Stenhouse Jr","Kroger | JTG Daugherty Racing | Chevrolet","Driver",13,
"Racing",2021,"Panini","Prizm","USA","Alex Bowman","Ally Financial | Hendrick Motorsports | Chevrolet","Driver",14,
"Racing",2021,"Panini","Prizm","USA","Erik Jones","U.S. Air Force | Richard Petty Motorsports | Chevrolet","Driver",15,
"Racing",2021,"Panini","Prizm","USA","Hailie Deegan","Monster Energy","Driver",16,
"Racing",2021,"Panini","Prizm","USA","Kyle Busch","M&M's | Joe Gibbs Racing | Toyota","Driver",17,
"Racing",2021,"Panini","Prizm","USA","Dale Earnhardt Jr","National Guard | Hendrick Motorsports | Chevrolet","Driver",18,
"Racing",2021,"Panini","Prizm","USA","Brad Keselowski","Discount Tire | Team Penske | Ford","Driver",19,
"Racing",2021,"Panini","Prizm","USA","Ross Chastain","Clover | Chip Ganassi Racing | Chevrolet","Driver",20,
"Racing",2021,"Panini","Prizm","USA","Ryan Newman","Castrol | Roush Fenway Racing | Ford","Driver",21,
"Racing",2021,"Panini","Prizm","USA","William Byron","Liberty University | Hendrick Motorsports | Chevrolet","Driver",22,
"Racing",2021,"Panini","Prizm","USA","Jeff Gordon","AXALTA | Hendrick Motorsports | Chevrolet","Driver",23,
"Racing",2021,"Panini","Prizm","USA","Natalie Decker","Red Street Records | Our Motorsports | Chevrolet","Driver",24,
"Racing",2021,"Panini","Prizm","USA","Kevin Harvick","Mobil 1 | Stewart-Haas Racing | Ford","Driver",25,
"Racing",2021,"Panini","Prizm","Variations","Martin Truex Jr.","Bass Pro Shops | Joe Gibbs Racing | Toyota","Driver",2,
"Racing",2021,"Panini","Prizm","Variations","Chase Elliott","NAPA Auto Parts | Hendrick Motorsports | Chevrolet","Driver",7,
"Racing",2021,"Panini","Prizm","Variations","Kyle Busch","M&M's | Joe Gibbs Racing | Toyota","Driver",11,
"Racing",2021,"Panini","Prizm","Variations","Brittney Zamora","Rackley Roofing | Toyota","Driver",18,
"Racing",2021,"Panini","Prizm","Variations","Hailie Deegan","Monster Energy","Driver",35,
"Racing",2021,"Panini","Prizm","Variations","Kevin Harvick","Mobil 1 | Stewart-Haas Racing | Ford","Driver",36,
"Racing",2021,"Panini","Prizm","Variations","Joey Logano","Shell-Pennzoil | Team Penske | Ford","Driver",38,
"Racing",2021,"Panini","Prizm","Variations","Sheldon Creed","Chevy Accessories | GMS Racing | Chevrolet","Driver",56,
"Racing",2021,"Panini","Prizm","Variations","Michael McDowell","Love's Travel Stops | Front Row Motorsports | Ford","Driver",57,
"Racing",2021,"Panini","Prizm","Variations","Natalie Decker","Red Street Records | Our Motorsports | Chevrolet","Driver",60,
"Racing",2021,"Panini","Prizm","Variations Black Finite Prizm","Martin Truex Jr.","Bass Pro Shops | Joe Gibbs Racing | Toyota","Driver",2,1
"Racing",2021,"Panini","Prizm","Variations Black Finite Prizm","Chase Elliott","NAPA Auto Parts | Hendrick Motorsports | Chevrolet","Driver",7,1
"Racing",2021,"Panini","Prizm","Variations Black Finite Prizm","Kyle Busch","M&M's | Joe Gibbs Racing | Toyota","Driver",11,1
"Racing",2021,"Panini","Prizm","Variations Black Finite Prizm","Brittney Zamora","Rackley Roofing | Toyota","Driver",18,1
"Racing",2021,"Panini","Prizm","Variations Black Finite Prizm","Hailie Deegan","Monster Energy","Driver",35,1
"Racing",2021,"Panini","Prizm","Variations Black Finite Prizm","Kevin Harvick","Mobil 1 | Stewart-Haas Racing | Ford","Driver",36,1
"Racing",2021,"Panini","Prizm","Variations Black Finite Prizm","Joey Logano","Shell-Pennzoil | Team Penske | Ford","Driver",38,1
"Racing",2021,"Panini","Prizm","Variations Black Finite Prizm","Sheldon Creed","Chevy Accessories | GMS Racing | Chevrolet","Driver",56,1
"Racing",2021,"Panini","Prizm","Variations Black Finite Prizm","Michael McDowell","Love's Travel Stops | Front Row Motorsports | Ford","Driver",57,1
"Racing",2021,"Panini","Prizm","Variations Black Finite Prizm","Natalie Decker","Red Street Records | Our Motorsports | Chevrolet","Driver",60,1
"Racing",2021,"Panini","Prizm","Variations Blue Prizm","Martin Truex Jr.","Bass Pro Shops | Joe Gibbs Racing | Toyota","Driver",2,
"Racing",2021,"Panini","Prizm","Variations Blue Prizm","Chase Elliott","NAPA Auto Parts | Hendrick Motorsports | Chevrolet","Driver",7,
"Racing",2021,"Panini","Prizm","Variations Blue Prizm","Kyle Busch","M&M's | Joe Gibbs Racing | Toyota","Driver",11,
"Racing",2021,"Panini","Prizm","Variations Blue Prizm","Brittney Zamora","Rackley Roofing | Toyota","Driver",18,
"Racing",2021,"Panini","Prizm","Variations Blue Prizm","Hailie Deegan","Monster Energy","Driver",35,
"Racing",2021,"Panini","Prizm","Variations Blue Prizm","Kevin Harvick","Mobil 1 | Stewart-Haas Racing | Ford","Driver",36,
"Racing",2021,"Panini","Prizm","Variations Blue Prizm","Joey Logano","Shell-Pennzoil | Team Penske | Ford","Driver",38,
"Racing",2021,"Panini","Prizm","Variations Blue Prizm","Sheldon Creed","Chevy Accessories | GMS Racing | Chevrolet","Driver",56,
"Racing",2021,"Panini","Prizm","Variations Blue Prizm","Michael McDowell","Love's Travel Stops | Front Row Motorsports | Ford","Driver",57,
"Racing",2021,"Panini","Prizm","Variations Blue Prizm","Natalie Decker","Red Street Records | Our Motorsports | Chevrolet","Driver",60,
"Racing",2021,"Panini","Prizm","Variations Carolina Blue Cracked Ice","Martin Truex Jr.","Bass Pro Shops | Joe Gibbs Racing | Toyota","Driver",2,25
"Racing",2021,"Panini","Prizm","Variations Carolina Blue Cracked Ice","Chase Elliott","NAPA Auto Parts | Hendrick Motorsports | Chevrolet","Driver",7,25
"Racing",2021,"Panini","Prizm","Variations Carolina Blue Cracked Ice","Kyle Busch","M&M's | Joe Gibbs Racing | Toyota","Driver",11,25
"Racing",2021,"Panini","Prizm","Variations Carolina Blue Cracked Ice","Brittney Zamora","Rackley Roofing | Toyota","Driver",18,25
"Racing",2021,"Panini","Prizm","Variations Carolina Blue Cracked Ice","Hailie Deegan","Monster Energy","Driver",35,25
"Racing",2021,"Panini","Prizm","Variations Carolina Blue Cracked Ice","Kevin Harvick","Mobil 1 | Stewart-Haas Racing | Ford","Driver",36,25
"Racing",2021,"Panini","Prizm","Variations Carolina Blue Cracked Ice","Joey Logano","Shell-Pennzoil | Team Penske | Ford","Driver",38,25
"Racing",2021,"Panini","Prizm","Variations Carolina Blue Cracked Ice","Sheldon Creed","Chevy Accessories | GMS Racing | Chevrolet","Driver",56,25
"Racing",2021,"Panini","Prizm","Variations Carolina Blue Cracked Ice","Michael McDowell","Love's Travel Stops | Front Row Motorsports | Ford","Driver",57,25
"Racing",2021,"Panini","Prizm","Variations Carolina Blue Cracked Ice","Natalie Decker","Red Street Records | Our Motorsports | Chevrolet","Driver",60,25
"Racing",2021,"Panini","Prizm","Variations Carolina Blue Scope","Martin Truex Jr.","Bass Pro Shops | Joe Gibbs Racing | Toyota","Driver",2,99
"Racing",2021,"Panini","Prizm","Variations Carolina Blue Scope","Chase Elliott","NAPA Auto Parts | Hendrick Motorsports | Chevrolet","Driver",7,99
"Racing",2021,"Panini","Prizm","Variations Carolina Blue Scope","Kyle Busch","M&M's | Joe Gibbs Racing | Toyota","Driver",11,99
"Racing",2021,"Panini","Prizm","Variations Carolina Blue Scope","Brittney Zamora","Rackley Roofing | Toyota","Driver",18,99
"Racing",2021,"Panini","Prizm","Variations Carolina Blue Scope","Hailie Deegan","Monster Energy","Driver",35,99
"Racing",2021,"Panini","Prizm","Variations Carolina Blue Scope","Kevin Harvick","Mobil 1 | Stewart-Haas Racing | Ford","Driver",36,99
"Racing",2021,"Panini","Prizm","Variations Carolina Blue Scope","Joey Logano","Shell-Pennzoil | Team Penske | Ford","Driver",38,99
"Racing",2021,"Panini","Prizm","Variations Carolina Blue Scope","Sheldon Creed","Chevy Accessories | GMS Racing | Chevrolet","Driver",56,99
"Racing",2021,"Panini","Prizm","Variations Carolina Blue Scope","Michael McDowell","Love's Travel Stops | Front Row Motorsports | Ford","Driver",57,99
"Racing",2021,"Panini","Prizm","Variations Carolina Blue Scope","Natalie Decker","Red Street Records | Our Motorsports | Chevrolet","Driver",60,99
"Racing",2021,"Panini","Prizm","Variations Disco","Martin Truex Jr.","Bass Pro Shops | Joe Gibbs Racing | Toyota","Driver",2,75
"Racing",2021,"Panini","Prizm","Variations Disco","Chase Elliott","NAPA Auto Parts | Hendrick Motorsports | Chevrolet","Driver",7,75
"Racing",2021,"Panini","Prizm","Variations Disco","Kyle Busch","M&M's | Joe Gibbs Racing | Toyota","Driver",11,75
"Racing",2021,"Panini","Prizm","Variations Disco","Brittney Zamora","Rackley Roofing | Toyota","Driver",18,75
"Racing",2021,"Panini","Prizm","Variations Disco","Hailie Deegan","Monster Energy","Driver",35,75
"Racing",2021,"Panini","Prizm","Variations Disco","Kevin Harvick","Mobil 1 | Stewart-Haas Racing | Ford","Driver",36,75
"Racing",2021,"Panini","Prizm","Variations Disco","Joey Logano","Shell-Pennzoil | Team Penske | Ford","Driver",38,75
"Racing",2021,"Panini","Prizm","Variations Disco","Sheldon Creed","Chevy Accessories | GMS Racing | Chevrolet","Driver",56,75
"Racing",2021,"Panini","Prizm","Variations Disco","Michael McDowell","Love's Travel Stops | Front Row Motorsports | Ford","Driver",57,75
"Racing",2021,"Panini","Prizm","Variations Disco","Natalie Decker","Red Street Records | Our Motorsports | Chevrolet","Driver",60,75
"Racing",2021,"Panini","Prizm","Variations Gold Prizm","Martin Truex Jr.","Bass Pro Shops | Joe Gibbs Racing | Toyota","Driver",2,10
"Racing",2021,"Panini","Prizm","Variations Gold Prizm","Chase Elliott","NAPA Auto Parts | Hendrick Motorsports | Chevrolet","Driver",7,10
"Racing",2021,"Panini","Prizm","Variations Gold Prizm","Kyle Busch","M&M's | Joe Gibbs Racing | Toyota","Driver",11,10
"Racing",2021,"Panini","Prizm","Variations Gold Prizm","Brittney Zamora","Rackley Roofing | Toyota","Driver",18,10
"Racing",2021,"Panini","Prizm","Variations Gold Prizm","Hailie Deegan","Monster Energy","Driver",35,10
"Racing",2021,"Panini","Prizm","Variations Gold Prizm","Kevin Harvick","Mobil 1 | Stewart-Haas Racing | Ford","Driver",36,10
"Racing",2021,"Panini","Prizm","Variations Gold Prizm","Joey Logano","Shell-Pennzoil | Team Penske | Ford","Driver",38,10
"Racing",2021,"Panini","Prizm","Variations Gold Prizm","Sheldon Creed","Chevy Accessories | GMS Racing | Chevrolet","Driver",56,10
"Racing",2021,"Panini","Prizm","Variations Gold Prizm","Michael McDowell","Love's Travel Stops | Front Row Motorsports | Ford","Driver",57,10
"Racing",2021,"Panini","Prizm","Variations Gold Prizm","Natalie Decker","Red Street Records | Our Motorsports | Chevrolet","Driver",60,10
"Racing",2021,"Panini","Prizm","Variations Gold Vinyl","Martin Truex Jr.","Bass Pro Shops | Joe Gibbs Racing | Toyota","Driver",2,1
"Racing",2021,"Panini","Prizm","Variations Gold Vinyl","Chase Elliott","NAPA Auto Parts | Hendrick Motorsports | Chevrolet","Driver",7,1
"Racing",2021,"Panini","Prizm","Variations Gold Vinyl","Kyle Busch","M&M's | Joe Gibbs Racing | Toyota","Driver",11,1
"Racing",2021,"Panini","Prizm","Variations Gold Vinyl","Brittney Zamora","Rackley Roofing | Toyota","Driver",18,1
"Racing",2021,"Panini","Prizm","Variations Gold Vinyl","Hailie Deegan","Monster Energy","Driver",35,1
"Racing",2021,"Panini","Prizm","Variations Gold Vinyl","Kevin Harvick","Mobil 1 | Stewart-Haas Racing | Ford","Driver",36,1
"Racing",2021,"Panini","Prizm","Variations Gold Vinyl","Joey Logano","Shell-Pennzoil | Team Penske | Ford","Driver",38,1
"Racing",2021,"Panini","Prizm","Variations Gold Vinyl","Sheldon Creed","Chevy Accessories | GMS Racing | Chevrolet","Driver",56,1
"Racing",2021,"Panini","Prizm","Variations Gold Vinyl","Michael McDowell","Love's Travel Stops | Front Row Motorsports | Ford","Driver",57,1
"Racing",2021,"Panini","Prizm","Variations Gold Vinyl","Natalie Decker","Red Street Records | Our Motorsports | Chevrolet","Driver",60,1
"Racing",2021,"Panini","Prizm","Variations Gold Vinyl Signatures","Martin Truex Jr.","Bass Pro Shops | Joe Gibbs Racing | Toyota","Driver",2,1
"Racing",2021,"Panini","Prizm","Variations Gold Vinyl Signatures","Chase Elliott","NAPA Auto Parts | Hendrick Motorsports | Chevrolet","Driver",7,1
"Racing",2021,"Panini","Prizm","Variations Gold Vinyl Signatures","Kyle Busch","M&M's | Joe Gibbs Racing | Toyota","Driver",11,1
"Racing",2021,"Panini","Prizm","Variations Gold Vinyl Signatures","Brittney Zamora","Rackley Roofing | Toyota","Driver",18,1
"Racing",2021,"Panini","Prizm","Variations Gold Vinyl Signatures","Hailie Deegan","Monster Energy","Driver",35,1
"Racing",2021,"Panini","Prizm","Variations Gold Vinyl Signatures","Kevin Harvick","Mobil 1 | Stewart-Haas Racing | Ford","Driver",36,1
"Racing",2021,"Panini","Prizm","Variations Gold Vinyl Signatures","Joey Logano","Shell-Pennzoil | Team Penske | Ford","Driver",38,1
"Racing",2021,"Panini","Prizm","Variations Gold Vinyl Signatures","Sheldon Creed","Chevy Accessories | GMS Racing | Chevrolet","Driver",56,1
"Racing",2021,"Panini","Prizm","Variations Gold Vinyl Signatures","Michael McDowell","Love's Travel Stops | Front Row Motorsports | Ford","Driver",57,1
"Racing",2021,"Panini","Prizm","Variations Gold Vinyl Signatures","Natalie Decker","Red Street Records | Our Motorsports | Chevrolet","Driver",60,1
"Racing",2021,"Panini","Prizm","Variations Hyper Prizm Blue and Carolina Blue","Martin Truex Jr.","Bass Pro Shops | Joe Gibbs Racing | Toyota","Driver",2,
"Racing",2021,"Panini","Prizm","Variations Hyper Prizm Blue and Carolina Blue","Chase Elliott","NAPA Auto Parts | Hendrick Motorsports | Chevrolet","Driver",7,
"Racing",2021,"Panini","Prizm","Variations Hyper Prizm Blue and Carolina Blue","Kyle Busch","M&M's | Joe Gibbs Racing | Toyota","Driver",11,
"Racing",2021,"Panini","Prizm","Variations Hyper Prizm Blue and Carolina Blue","Brittney Zamora","Rackley Roofing | Toyota","Driver",18,
"Racing",2021,"Panini","Prizm","Variations Hyper Prizm Blue and Carolina Blue","Hailie Deegan","Monster Energy","Driver",35,
"Racing",2021,"Panini","Prizm","Variations Hyper Prizm Blue and Carolina Blue","Kevin Harvick","Mobil 1 | Stewart-Haas Racing | Ford","Driver",36,
"Racing",2021,"Panini","Prizm","Variations Hyper Prizm Blue and Carolina Blue","Joey Logano","Shell-Pennzoil | Team Penske | Ford","Driver",38,
"Racing",2021,"Panini","Prizm","Variations Hyper Prizm Blue and Carolina Blue","Sheldon Creed","Chevy Accessories | GMS Racing | Chevrolet","Driver",56,
"Racing",2021,"Panini","Prizm","Variations Hyper Prizm Blue and Carolina Blue","Michael McDowell","Love's Travel Stops | Front Row Motorsports | Ford","Driver",57,
"Racing",2021,"Panini","Prizm","Variations Hyper Prizm Blue and Carolina Blue","Natalie Decker","Red Street Records | Our Motorsports | Chevrolet","Driver",60,
"Racing",2021,"Panini","Prizm","Variations Hyper Prizm Green and Yellow","Martin Truex Jr.","Bass Pro Shops | Joe Gibbs Racing | Toyota","Driver",2,
"Racing",2021,"Panini","Prizm","Variations Hyper Prizm Green and Yellow","Chase Elliott","NAPA Auto Parts | Hendrick Motorsports | Chevrolet","Driver",7,
"Racing",2021,"Panini","Prizm","Variations Hyper Prizm Green and Yellow","Kyle Busch","M&M's | Joe Gibbs Racing | Toyota","Driver",11,
"Racing",2021,"Panini","Prizm","Variations Hyper Prizm Green and Yellow","Brittney Zamora","Rackley Roofing | Toyota","Driver",18,
"Racing",2021,"Panini","Prizm","Variations Hyper Prizm Green and Yellow","Hailie Deegan","Monster Energy","Driver",35,
"Racing",2021,"Panini","Prizm","Variations Hyper Prizm Green and Yellow","Kevin Harvick","Mobil 1 | Stewart-Haas Racing | Ford","Driver",36,
"Racing",2021,"Panini","Prizm","Variations Hyper Prizm Green and Yellow","Joey Logano","Shell-Pennzoil | Team Penske | Ford","Driver",38,
"Racing",2021,"Panini","Prizm","Variations Hyper Prizm Green and Yellow","Sheldon Creed","Chevy Accessories | GMS Racing | Chevrolet","Driver",56,
"Racing",2021,"Panini","Prizm","Variations Hyper Prizm Green and Yellow","Michael McDowell","Love's Travel Stops | Front Row Motorsports | Ford","Driver",57,
"Racing",2021,"Panini","Prizm","Variations Hyper Prizm Green and Yellow","Natalie Decker","Red Street Records | Our Motorsports | Chevrolet","Driver",60,
"Racing",2021,"Panini","Prizm","Variations Hyper Prizm Red and Blue","Martin Truex Jr.","Bass Pro Shops | Joe Gibbs Racing | Toyota","Driver",2,
"Racing",2021,"Panini","Prizm","Variations Hyper Prizm Red and Blue","Chase Elliott","NAPA Auto Parts | Hendrick Motorsports | Chevrolet","Driver",7,
"Racing",2021,"Panini","Prizm","Variations Hyper Prizm Red and Blue","Kyle Busch","M&M's | Joe Gibbs Racing | Toyota","Driver",11,
"Racing",2021,"Panini","Prizm","Variations Hyper Prizm Red and Blue","Brittney Zamora","Rackley Roofing | Toyota","Driver",18,
"Racing",2021,"Panini","Prizm","Variations Hyper Prizm Red and Blue","Hailie Deegan","Monster Energy","Driver",35,
"Racing",2021,"Panini","Prizm","Variations Hyper Prizm Red and Blue","Kevin Harvick","Mobil 1 | Stewart-Haas Racing | Ford","Driver",36,
"Racing",2021,"Panini","Prizm","Variations Hyper Prizm Red and Blue","Joey Logano","Shell-Pennzoil | Team Penske | Ford","Driver",38,
"Racing",2021,"Panini","Prizm","Variations Hyper Prizm Red and Blue","Sheldon Creed","Chevy Accessories | GMS Racing | Chevrolet","Driver",56,
"Racing",2021,"Panini","Prizm","Variations Hyper Prizm Red and Blue","Michael McDowell","Love's Travel Stops | Front Row Motorsports | Ford","Driver",57,
"Racing",2021,"Panini","Prizm","Variations Hyper Prizm Red and Blue","Natalie Decker","Red Street Records | Our Motorsports | Chevrolet","Driver",60,
"Racing",2021,"Panini","Prizm","Variations Pink Prizm","Martin Truex Jr.","Bass Pro Shops | Joe Gibbs Racing | Toyota","Driver",2,50
"Racing",2021,"Panini","Prizm","Variations Pink Prizm","Chase Elliott","NAPA Auto Parts | Hendrick Motorsports | Chevrolet","Driver",7,50
"Racing",2021,"Panini","Prizm","Variations Pink Prizm","Kyle Busch","M&M's | Joe Gibbs Racing | Toyota","Driver",11,50
"Racing",2021,"Panini","Prizm","Variations Pink Prizm","Brittney Zamora","Rackley Roofing | Toyota","Driver",18,50
"Racing",2021,"Panini","Prizm","Variations Pink Prizm","Hailie Deegan","Monster Energy","Driver",35,50
"Racing",2021,"Panini","Prizm","Variations Pink Prizm","Kevin Harvick","Mobil 1 | Stewart-Haas Racing | Ford","Driver",36,50
"Racing",2021,"Panini","Prizm","Variations Pink Prizm","Joey Logano","Shell-Pennzoil | Team Penske | Ford","Driver",38,50
"Racing",2021,"Panini","Prizm","Variations Pink Prizm","Sheldon Creed","Chevy Accessories | GMS Racing | Chevrolet","Driver",56,50
"Racing",2021,"Panini","Prizm","Variations Pink Prizm","Michael McDowell","Love's Travel Stops | Front Row Motorsports | Ford","Driver",57,50
"Racing",2021,"Panini","Prizm","Variations Pink Prizm","Natalie Decker","Red Street Records | Our Motorsports | Chevrolet","Driver",60,50
"Racing",2021,"Panini","Prizm","Variations Purple Velocity","Martin Truex Jr.","Bass Pro Shops | Joe Gibbs Racing | Toyota","Driver",2,199
"Racing",2021,"Panini","Prizm","Variations Purple Velocity","Chase Elliott","NAPA Auto Parts | Hendrick Motorsports | Chevrolet","Driver",7,199
"Racing",2021,"Panini","Prizm","Variations Purple Velocity","Kyle Busch","M&M's | Joe Gibbs Racing | Toyota","Driver",11,199
"Racing",2021,"Panini","Prizm","Variations Purple Velocity","Brittney Zamora","Rackley Roofing | Toyota","Driver",18,199
"Racing",2021,"Panini","Prizm","Variations Purple Velocity","Hailie Deegan","Monster Energy","Driver",35,199
"Racing",2021,"Panini","Prizm","Variations Purple Velocity","Kevin Harvick","Mobil 1 | Stewart-Haas Racing | Ford","Driver",36,199
"Racing",2021,"Panini","Prizm","Variations Purple Velocity","Joey Logano","Shell-Pennzoil | Team Penske | Ford","Driver",38,199
"Racing",2021,"Panini","Prizm","Variations Purple Velocity","Sheldon Creed","Chevy Accessories | GMS Racing | Chevrolet","Driver",56,199
"Racing",2021,"Panini","Prizm","Variations Purple Velocity","Michael McDowell","Love's Travel Stops | Front Row Motorsports | Ford","Driver",57,199
"Racing",2021,"Panini","Prizm","Variations Purple Velocity","Natalie Decker","Red Street Records | Our Motorsports | Chevrolet","Driver",60,199
"Racing",2021,"Panini","Prizm","Variations Rainbow Prizm","Martin Truex Jr.","Bass Pro Shops | Joe Gibbs Racing | Toyota","Driver",2,24
"Racing",2021,"Panini","Prizm","Variations Rainbow Prizm","Chase Elliott","NAPA Auto Parts | Hendrick Motorsports | Chevrolet","Driver",7,24
"Racing",2021,"Panini","Prizm","Variations Rainbow Prizm","Kyle Busch","M&M's | Joe Gibbs Racing | Toyota","Driver",11,24
"Racing",2021,"Panini","Prizm","Variations Rainbow Prizm","Brittney Zamora","Rackley Roofing | Toyota","Driver",18,24
"Racing",2021,"Panini","Prizm","Variations Rainbow Prizm","Hailie Deegan","Monster Energy","Driver",35,24
"Racing",2021,"Panini","Prizm","Variations Rainbow Prizm","Kevin Harvick","Mobil 1 | Stewart-Haas Racing | Ford","Driver",36,24
"Racing",2021,"Panini","Prizm","Variations Rainbow Prizm","Joey Logano","Shell-Pennzoil | Team Penske | Ford","Driver",38,24
"Racing",2021,"Panini","Prizm","Variations Rainbow Prizm","Sheldon Creed","Chevy Accessories | GMS Racing | Chevrolet","Driver",56,24
"Racing",2021,"Panini","Prizm","Variations Rainbow Prizm","Michael McDowell","Love's Travel Stops | Front Row Motorsports | Ford","Driver",57,24
"Racing",2021,"Panini","Prizm","Variations Rainbow Prizm","Natalie Decker","Red Street Records | Our Motorsports | Chevrolet","Driver",60,24
"Racing",2021,"Panini","Prizm","Variations Reactive Green","Martin Truex Jr.","Bass Pro Shops | Joe Gibbs Racing | Toyota","Driver",2,
"Racing",2021,"Panini","Prizm","Variations Reactive Green","Chase Elliott","NAPA Auto Parts | Hendrick Motorsports | Chevrolet","Driver",7,
"Racing",2021,"Panini","Prizm","Variations Reactive Green","Kyle Busch","M&M's | Joe Gibbs Racing | Toyota","Driver",11,
"Racing",2021,"Panini","Prizm","Variations Reactive Green","Brittney Zamora","Rackley Roofing | Toyota","Driver",18,
"Racing",2021,"Panini","Prizm","Variations Reactive Green","Hailie Deegan","Monster Energy","Driver",35,
"Racing",2021,"Panini","Prizm","Variations Reactive Green","Kevin Harvick","Mobil 1 | Stewart-Haas Racing | Ford","Driver",36,
"Racing",2021,"Panini","Prizm","Variations Reactive Green","Joey Logano","Shell-Pennzoil | Team Penske | Ford","Driver",38,
"Racing",2021,"Panini","Prizm","Variations Reactive Green","Sheldon Creed","Chevy Accessories | GMS Racing | Chevrolet","Driver",56,
"Racing",2021,"Panini","Prizm","Variations Reactive Green","Michael McDowell","Love's Travel Stops | Front Row Motorsports | Ford","Driver",57,
"Racing",2021,"Panini","Prizm","Variations Reactive Green","Natalie Decker","Red Street Records | Our Motorsports | Chevrolet","Driver",60,
"Racing",2021,"Panini","Prizm","Variations Reactive Orange","Martin Truex Jr.","Bass Pro Shops | Joe Gibbs Racing | Toyota","Driver",2,
"Racing",2021,"Panini","Prizm","Variations Reactive Orange","Chase Elliott","NAPA Auto Parts | Hendrick Motorsports | Chevrolet","Driver",7,
"Racing",2021,"Panini","Prizm","Variations Reactive Orange","Kyle Busch","M&M's | Joe Gibbs Racing | Toyota","Driver",11,
"Racing",2021,"Panini","Prizm","Variations Reactive Orange","Brittney Zamora","Rackley Roofing | Toyota","Driver",18,
"Racing",2021,"Panini","Prizm","Variations Reactive Orange","Hailie Deegan","Monster Energy","Driver",35,
"Racing",2021,"Panini","Prizm","Variations Reactive Orange","Kevin Harvick","Mobil 1 | Stewart-Haas Racing | Ford","Driver",36,
"Racing",2021,"Panini","Prizm","Variations Reactive Orange","Joey Logano","Shell-Pennzoil | Team Penske | Ford","Driver",38,
"Racing",2021,"Panini","Prizm","Variations Reactive Orange","Sheldon Creed","Chevy Accessories | GMS Racing | Chevrolet","Driver",56,
"Racing",2021,"Panini","Prizm","Variations Reactive Orange","Michael McDowell","Love's Travel Stops | Front Row Motorsports | Ford","Driver",57,
"Racing",2021,"Panini","Prizm","Variations Reactive Orange","Natalie Decker","Red Street Records | Our Motorsports | Chevrolet","Driver",60,
"Racing",2021,"Panini","Prizm","Variations Red Prizm","Martin Truex Jr.","Bass Pro Shops | Joe Gibbs Racing | Toyota","Driver",2,
"Racing",2021,"Panini","Prizm","Variations Red Prizm","Chase Elliott","NAPA Auto Parts | Hendrick Motorsports | Chevrolet","Driver",7,
"Racing",2021,"Panini","Prizm","Variations Red Prizm","Kyle Busch","M&M's | Joe Gibbs Racing | Toyota","Driver",11,
"Racing",2021,"Panini","Prizm","Variations Red Prizm","Brittney Zamora","Rackley Roofing | Toyota","Driver",18,
"Racing",2021,"Panini","Prizm","Variations Red Prizm","Hailie Deegan","Monster Energy","Driver",35,
"Racing",2021,"Panini","Prizm","Variations Red Prizm","Kevin Harvick","Mobil 1 | Stewart-Haas Racing | Ford","Driver",36,
"Racing",2021,"Panini","Prizm","Variations Red Prizm","Joey Logano","Shell-Pennzoil | Team Penske | Ford","Driver",38,
"Racing",2021,"Panini","Prizm","Variations Red Prizm","Sheldon Creed","Chevy Accessories | GMS Racing | Chevrolet","Driver",56,
"Racing",2021,"Panini","Prizm","Variations Red Prizm","Michael McDowell","Love's Travel Stops | Front Row Motorsports | Ford","Driver",57,
"Racing",2021,"Panini","Prizm","Variations Red Prizm","Natalie Decker","Red Street Records | Our Motorsports | Chevrolet","Driver",60,
"Racing",2021,"Panini","Prizm","Variations Silver Prizm","Martin Truex Jr.","Bass Pro Shops | Joe Gibbs Racing | Toyota","Driver",2,
"Racing",2021,"Panini","Prizm","Variations Silver Prizm","Chase Elliott","NAPA Auto Parts | Hendrick Motorsports | Chevrolet","Driver",7,
"Racing",2021,"Panini","Prizm","Variations Silver Prizm","Kyle Busch","M&M's | Joe Gibbs Racing | Toyota","Driver",11,
"Racing",2021,"Panini","Prizm","Variations Silver Prizm","Brittney Zamora","Rackley Roofing | Toyota","Driver",18,
"Racing",2021,"Panini","Prizm","Variations Silver Prizm","Hailie Deegan","Monster Energy","Driver",35,
"Racing",2021,"Panini","Prizm","Variations Silver Prizm","Kevin Harvick","Mobil 1 | Stewart-Haas Racing | Ford","Driver",36,
"Racing",2021,"Panini","Prizm","Variations Silver Prizm","Joey Logano","Shell-Pennzoil | Team Penske | Ford","Driver",38,
"Racing",2021,"Panini","Prizm","Variations Silver Prizm","Sheldon Creed","Chevy Accessories | GMS Racing | Chevrolet","Driver",56,
"Racing",2021,"Panini","Prizm","Variations Silver Prizm","Michael McDowell","Love's Travel Stops | Front Row Motorsports | Ford","Driver",57,
"Racing",2021,"Panini","Prizm","Variations Silver Prizm","Natalie Decker","Red Street Records | Our Motorsports | Chevrolet","Driver",60,
"Racing",2021,"Panini","Prizm","Variations Silver Prizm Signatures","Martin Truex Jr.","Bass Pro Shops | Joe Gibbs Racing | Toyota","Driver",2,
"Racing",2021,"Panini","Prizm","Variations Silver Prizm Signatures","Chase Elliott","NAPA Auto Parts | Hendrick Motorsports | Chevrolet","Driver",7,
"Racing",2021,"Panini","Prizm","Variations Silver Prizm Signatures","Kyle Busch","M&M's | Joe Gibbs Racing | Toyota","Driver",11,
"Racing",2021,"Panini","Prizm","Variations Silver Prizm Signatures","Brittney Zamora","Rackley Roofing | Toyota","Driver",18,
"Racing",2021,"Panini","Prizm","Variations Silver Prizm Signatures","Hailie Deegan","Monster Energy","Driver",35,
"Racing",2021,"Panini","Prizm","Variations Silver Prizm Signatures","Kevin Harvick","Mobil 1 | Stewart-Haas Racing | Ford","Driver",36,
"Racing",2021,"Panini","Prizm","Variations Silver Prizm Signatures","Joey Logano","Shell-Pennzoil | Team Penske | Ford","Driver",38,
"Racing",2021,"Panini","Prizm","Variations Silver Prizm Signatures","Sheldon Creed","Chevy Accessories | GMS Racing | Chevrolet","Driver",56,
"Racing",2021,"Panini","Prizm","Variations Silver Prizm Signatures","Michael McDowell","Love's Travel Stops | Front Row Motorsports | Ford","Driver",57,
"Racing",2021,"Panini","Prizm","Variations Silver Prizm Signatures","Natalie Decker","Red Street Records | Our Motorsports | Chevrolet","Driver",60,
"Racing",2021,"Panini","Prizm","Variations White Prizm","Martin Truex Jr.","Bass Pro Shops | Joe Gibbs Racing | Toyota","Driver",2,5
"Racing",2021,"Panini","Prizm","Variations White Prizm","Chase Elliott","NAPA Auto Parts | Hendrick Motorsports | Chevrolet","Driver",7,5
"Racing",2021,"Panini","Prizm","Variations White Prizm","Kyle Busch","M&M's | Joe Gibbs Racing | Toyota","Driver",11,5
"Racing",2021,"Panini","Prizm","Variations White Prizm","Brittney Zamora","Rackley Roofing | Toyota","Driver",18,5
"Racing",2021,"Panini","Prizm","Variations White Prizm","Hailie Deegan","Monster Energy","Driver",35,5
"Racing",2021,"Panini","Prizm","Variations White Prizm","Kevin Harvick","Mobil 1 | Stewart-Haas Racing | Ford","Driver",36,5
"Racing",2021,"Panini","Prizm","Variations White Prizm","Joey Logano","Shell-Pennzoil | Team Penske | Ford","Driver",38,5
"Racing",2021,"Panini","Prizm","Variations White Prizm","Sheldon Creed","Chevy Accessories | GMS Racing | Chevrolet","Driver",56,5
"Racing",2021,"Panini","Prizm","Variations White Prizm","Michael McDowell","Love's Travel Stops | Front Row Motorsports | Ford","Driver",57,5
"Racing",2021,"Panini","Prizm","Variations White Prizm","Natalie Decker","Red Street Records | Our Motorsports | Chevrolet","Driver",60,5
"Racing",2021,"Panini","Prizm","Variations Zebra","Martin Truex Jr.","Bass Pro Shops | Joe Gibbs Racing | Toyota","Driver",2,
"Racing",2021,"Panini","Prizm","Variations Zebra","Chase Elliott","NAPA Auto Parts | Hendrick Motorsports | Chevrolet","Driver",7,
"Racing",2021,"Panini","Prizm","Variations Zebra","Kyle Busch","M&M's | Joe Gibbs Racing | Toyota","Driver",11,
"Racing",2021,"Panini","Prizm","Variations Zebra","Brittney Zamora","Rackley Roofing | Toyota","Driver",18,
"Racing",2021,"Panini","Prizm","Variations Zebra","Hailie Deegan","Monster Energy","Driver",35,
"Racing",2021,"Panini","Prizm","Variations Zebra","Kevin Harvick","Mobil 1 | Stewart-Haas Racing | Ford","Driver",36,
"Racing",2021,"Panini","Prizm","Variations Zebra","Joey Logano","Shell-Pennzoil | Team Penske | Ford","Driver",38,
"Racing",2021,"Panini","Prizm","Variations Zebra","Sheldon Creed","Chevy Accessories | GMS Racing | Chevrolet","Driver",56,
"Racing",2021,"Panini","Prizm","Variations Zebra","Michael McDowell","Love's Travel Stops | Front Row Motorsports | Ford","Driver",57,
"Racing",2021,"Panini","Prizm","Variations Zebra","Natalie Decker","Red Street Records | Our Motorsports | Chevrolet","Driver",60,
"Racing",2021,"Panini","Prizm","Wheels","Kyle Busch","M&M's | Joe Gibbs Racing | Toyota","Driver",61,
"Racing",2021,"Panini","Prizm","Wheels","Chase Elliott","NAPA Auto Parts | Hendrick Motorsports | Chevrolet","Driver",62,
"Racing",2021,"Panini","Prizm","Wheels","Kevin Harvick","Mobil 1 | Stewart-Haas Racing | Ford","Driver",63,
"Racing",2021,"Panini","Prizm","Wheels","Bubba Wallace","DoorDash | 23XI Racing | Toyota","Driver",64,
"Racing",2021,"Panini","Prizm","Wheels","Denny Hamlin","FedEx Express | Joe Gibbs Racing | Toyota","Driver",65,
"Racing",2021,"Panini","Prizm","Wheels","Daniel Suarez","Camping World | Trackhouse Racing | Chevrolet","Driver",66,
"Racing",2021,"Panini","Prizm","Wheels","Ryan Blaney","Menards | Team Penske | Ford","Driver",67,
"Racing",2021,"Panini","Prizm","Wheels","William Byron","AXALTA | Hendrick Motorsports | Chevrolet","Driver",68,
"Racing",2021,"Panini","Prizm","Wheels","Kyle Larson","Hendrickcars.com | Hendrick Motorsports | Chevrolet","Driver",69,
"Racing",2021,"Panini","Prizm","Wheels","Austin Dillon","Dow Chemical | Richard Childress Racing | Chevrolet","Driver",70,
"Racing",2021,"Panini","Prizm","Wheels Black Finite Prizm","Kyle Busch","M&M's | Joe Gibbs Racing | Toyota","Driver",61,1
"Racing",2021,"Panini","Prizm","Wheels Black Finite Prizm","Chase Elliott","NAPA Auto Parts | Hendrick Motorsports | Chevrolet","Driver",62,1
"Racing",2021,"Panini","Prizm","Wheels Black Finite Prizm","Kevin Harvick","Mobil 1 | Stewart-Haas Racing | Ford","Driver",63,1
"Racing",2021,"Panini","Prizm","Wheels Black Finite Prizm","Bubba Wallace","DoorDash | 23XI Racing | Toyota","Driver",64,1
"Racing",2021,"Panini","Prizm","Wheels Black Finite Prizm","Denny Hamlin","FedEx Express | Joe Gibbs Racing | Toyota","Driver",65,1
"Racing",2021,"Panini","Prizm","Wheels Black Finite Prizm","Daniel Suarez","Camping World | Trackhouse Racing | Chevrolet","Driver",66,1
"Racing",2021,"Panini","Prizm","Wheels Black Finite Prizm","Ryan Blaney","Menards | Team Penske | Ford","Driver",67,1
"Racing",2021,"Panini","Prizm","Wheels Black Finite Prizm","William Byron","AXALTA | Hendrick Motorsports | Chevrolet","Driver",68,1
"Racing",2021,"Panini","Prizm","Wheels Black Finite Prizm","Kyle Larson","Hendrickcars.com | Hendrick Motorsports | Chevrolet","Driver",69,1
"Racing",2021,"Panini","Prizm","Wheels Black Finite Prizm","Austin Dillon","Dow Chemical | Richard Childress Racing | Chevrolet","Driver",70,1
"Racing",2021,"Panini","Prizm","Wheels Blue Prizm","Kyle Busch","M&M's | Joe Gibbs Racing | Toyota","Driver",61,
"Racing",2021,"Panini","Prizm","Wheels Blue Prizm","Chase Elliott","NAPA Auto Parts | Hendrick Motorsports | Chevrolet","Driver",62,
"Racing",2021,"Panini","Prizm","Wheels Blue Prizm","Kevin Harvick","Mobil 1 | Stewart-Haas Racing | Ford","Driver",63,
"Racing",2021,"Panini","Prizm","Wheels Blue Prizm","Bubba Wallace","DoorDash | 23XI Racing | Toyota","Driver",64,
"Racing",2021,"Panini","Prizm","Wheels Blue Prizm","Denny Hamlin","FedEx Express | Joe Gibbs Racing | Toyota","Driver",65,
"Racing",2021,"Panini","Prizm","Wheels Blue Prizm","Daniel Suarez","Camping World | Trackhouse Racing | Chevrolet","Driver",66,
"Racing",2021,"Panini","Prizm","Wheels Blue Prizm","Ryan Blaney","Menards | Team Penske | Ford","Driver",67,
"Racing",2021,"Panini","Prizm","Wheels Blue Prizm","William Byron","AXALTA | Hendrick Motorsports | Chevrolet","Driver",68,
"Racing",2021,"Panini","Prizm","Wheels Blue Prizm","Kyle Larson","Hendrickcars.com | Hendrick Motorsports | Chevrolet","Driver",69,
"Racing",2021,"Panini","Prizm","Wheels Blue Prizm","Austin Dillon","Dow Chemical | Richard Childress Racing | Chevrolet","Driver",70,
"Racing",2021,"Panini","Prizm","Wheels Carolina Blue Cracked Ice","Kyle Busch","M&M's | Joe Gibbs Racing | Toyota","Driver",61,25
"Racing",2021,"Panini","Prizm","Wheels Carolina Blue Cracked Ice","Chase Elliott","NAPA Auto Parts | Hendrick Motorsports | Chevrolet","Driver",62,25
"Racing",2021,"Panini","Prizm","Wheels Carolina Blue Cracked Ice","Kevin Harvick","Mobil 1 | Stewart-Haas Racing | Ford","Driver",63,25
"Racing",2021,"Panini","Prizm","Wheels Carolina Blue Cracked Ice","Bubba Wallace","DoorDash | 23XI Racing | Toyota","Driver",64,25
"Racing",2021,"Panini","Prizm","Wheels Carolina Blue Cracked Ice","Denny Hamlin","FedEx Express | Joe Gibbs Racing | Toyota","Driver",65,25
"Racing",2021,"Panini","Prizm","Wheels Carolina Blue Cracked Ice","Daniel Suarez","Camping World | Trackhouse Racing | Chevrolet","Driver",66,25
"Racing",2021,"Panini","Prizm","Wheels Carolina Blue Cracked Ice","Ryan Blaney","Menards | Team Penske | Ford","Driver",67,25
"Racing",2021,"Panini","Prizm","Wheels Carolina Blue Cracked Ice","William Byron","AXALTA | Hendrick Motorsports | Chevrolet","Driver",68,25
"Racing",2021,"Panini","Prizm","Wheels Carolina Blue Cracked Ice","Kyle Larson","Hendrickcars.com | Hendrick Motorsports | Chevrolet","Driver",69,25
"Racing",2021,"Panini","Prizm","Wheels Carolina Blue Cracked Ice","Austin Dillon","Dow Chemical | Richard Childress Racing | Chevrolet","Driver",70,25
"Racing",2021,"Panini","Prizm","Wheels Carolina Blue Scope","Kyle Busch","M&M's | Joe Gibbs Racing | Toyota","Driver",61,99
"Racing",2021,"Panini","Prizm","Wheels Carolina Blue Scope","Chase Elliott","NAPA Auto Parts | Hendrick Motorsports | Chevrolet","Driver",62,99
"Racing",2021,"Panini","Prizm","Wheels Carolina Blue Scope","Kevin Harvick","Mobil 1 | Stewart-Haas Racing | Ford","Driver",63,99
"Racing",2021,"Panini","Prizm","Wheels Carolina Blue Scope","Bubba Wallace","DoorDash | 23XI Racing | Toyota","Driver",64,99
"Racing",2021,"Panini","Prizm","Wheels Carolina Blue Scope","Denny Hamlin","FedEx Express | Joe Gibbs Racing | Toyota","Driver",65,99
"Racing",2021,"Panini","Prizm","Wheels Carolina Blue Scope","Daniel Suarez","Camping World | Trackhouse Racing | Chevrolet","Driver",66,99
"Racing",2021,"Panini","Prizm","Wheels Carolina Blue Scope","Ryan Blaney","Menards | Team Penske | Ford","Driver",67,99
"Racing",2021,"Panini","Prizm","Wheels Carolina Blue Scope","William Byron","AXALTA | Hendrick Motorsports | Chevrolet","Driver",68,99
"Racing",2021,"Panini","Prizm","Wheels Carolina Blue Scope","Kyle Larson","Hendrickcars.com | Hendrick Motorsports | Chevrolet","Driver",69,99
"Racing",2021,"Panini","Prizm","Wheels Carolina Blue Scope","Austin Dillon","Dow Chemical | Richard Childress Racing | Chevrolet","Driver",70,99
"Racing",2021,"Panini","Prizm","Wheels Disco","Kyle Busch","M&M's | Joe Gibbs Racing | Toyota","Driver",61,75
"Racing",2021,"Panini","Prizm","Wheels Disco","Chase Elliott","NAPA Auto Parts | Hendrick Motorsports | Chevrolet","Driver",62,75
"Racing",2021,"Panini","Prizm","Wheels Disco","Kevin Harvick","Mobil 1 | Stewart-Haas Racing | Ford","Driver",63,75
"Racing",2021,"Panini","Prizm","Wheels Disco","Bubba Wallace","DoorDash | 23XI Racing | Toyota","Driver",64,75
"Racing",2021,"Panini","Prizm","Wheels Disco","Denny Hamlin","FedEx Express | Joe Gibbs Racing | Toyota","Driver",65,75
"Racing",2021,"Panini","Prizm","Wheels Disco","Daniel Suarez","Camping World | Trackhouse Racing | Chevrolet","Driver",66,75
"Racing",2021,"Panini","Prizm","Wheels Disco","Ryan Blaney","Menards | Team Penske | Ford","Driver",67,75
"Racing",2021,"Panini","Prizm","Wheels Disco","William Byron","AXALTA | Hendrick Motorsports | Chevrolet","Driver",68,75
"Racing",2021,"Panini","Prizm","Wheels Disco","Kyle Larson","Hendrickcars.com | Hendrick Motorsports | Chevrolet","Driver",69,75
"Racing",2021,"Panini","Prizm","Wheels Disco","Austin Dillon","Dow Chemical | Richard Childress Racing | Chevrolet","Driver",70,75
"Racing",2021,"Panini","Prizm","Wheels Gold Prizm","Kyle Busch","M&M's | Joe Gibbs Racing | Toyota","Driver",61,10
"Racing",2021,"Panini","Prizm","Wheels Gold Prizm","Chase Elliott","NAPA Auto Parts | Hendrick Motorsports | Chevrolet","Driver",62,10
"Racing",2021,"Panini","Prizm","Wheels Gold Prizm","Kevin Harvick","Mobil 1 | Stewart-Haas Racing | Ford","Driver",63,10
"Racing",2021,"Panini","Prizm","Wheels Gold Prizm","Bubba Wallace","DoorDash | 23XI Racing | Toyota","Driver",64,10
"Racing",2021,"Panini","Prizm","Wheels Gold Prizm","Denny Hamlin","FedEx Express | Joe Gibbs Racing | Toyota","Driver",65,10
"Racing",2021,"Panini","Prizm","Wheels Gold Prizm","Daniel Suarez","Camping World | Trackhouse Racing | Chevrolet","Driver",66,10
"Racing",2021,"Panini","Prizm","Wheels Gold Prizm","Ryan Blaney","Menards | Team Penske | Ford","Driver",67,10
"Racing",2021,"Panini","Prizm","Wheels Gold Prizm","William Byron","AXALTA | Hendrick Motorsports | Chevrolet","Driver",68,10
"Racing",2021,"Panini","Prizm","Wheels Gold Prizm","Kyle Larson","Hendrickcars.com | Hendrick Motorsports | Chevrolet","Driver",69,10
"Racing",2021,"Panini","Prizm","Wheels Gold Prizm","Austin Dillon","Dow Chemical | Richard Childress Racing | Chevrolet","Driver",70,10
"Racing",2021,"Panini","Prizm","Wheels Gold Vinyl","Kyle Busch","M&M's | Joe Gibbs Racing | Toyota","Driver",61,1
"Racing",2021,"Panini","Prizm","Wheels Gold Vinyl","Chase Elliott","NAPA Auto Parts | Hendrick Motorsports | Chevrolet","Driver",62,1
"Racing",2021,"Panini","Prizm","Wheels Gold Vinyl","Kevin Harvick","Mobil 1 | Stewart-Haas Racing | Ford","Driver",63,1
"Racing",2021,"Panini","Prizm","Wheels Gold Vinyl","Bubba Wallace","DoorDash | 23XI Racing | Toyota","Driver",64,1
"Racing",2021,"Panini","Prizm","Wheels Gold Vinyl","Denny Hamlin","FedEx Express | Joe Gibbs Racing | Toyota","Driver",65,1
"Racing",2021,"Panini","Prizm","Wheels Gold Vinyl","Daniel Suarez","Camping World | Trackhouse Racing | Chevrolet","Driver",66,1
"Racing",2021,"Panini","Prizm","Wheels Gold Vinyl","Ryan Blaney","Menards | Team Penske | Ford","Driver",67,1
"Racing",2021,"Panini","Prizm","Wheels Gold Vinyl","William Byron","AXALTA | Hendrick Motorsports | Chevrolet","Driver",68,1
"Racing",2021,"Panini","Prizm","Wheels Gold Vinyl","Kyle Larson","Hendrickcars.com | Hendrick Motorsports | Chevrolet","Driver",69,1
"Racing",2021,"Panini","Prizm","Wheels Gold Vinyl","Austin Dillon","Dow Chemical | Richard Childress Racing | Chevrolet","Driver",70,1
"Racing",2021,"Panini","Prizm","Wheels Gold Vinyl Signatures","Kyle Busch","M&M's | Joe Gibbs Racing | Toyota","Driver",61,1
"Racing",2021,"Panini","Prizm","Wheels Gold Vinyl Signatures","Chase Elliott","NAPA Auto Parts | Hendrick Motorsports | Chevrolet","Driver",62,1
"Racing",2021,"Panini","Prizm","Wheels Gold Vinyl Signatures","Kevin Harvick","Mobil 1 | Stewart-Haas Racing | Ford","Driver",63,1
"Racing",2021,"Panini","Prizm","Wheels Gold Vinyl Signatures","Bubba Wallace","DoorDash | 23XI Racing | Toyota","Driver",64,1
"Racing",2021,"Panini","Prizm","Wheels Gold Vinyl Signatures","Denny Hamlin","FedEx Express | Joe Gibbs Racing | Toyota","Driver",65,1
"Racing",2021,"Panini","Prizm","Wheels Gold Vinyl Signatures","Daniel Suarez","Camping World | Trackhouse Racing | Chevrolet","Driver",66,1
"Racing",2021,"Panini","Prizm","Wheels Gold Vinyl Signatures","Ryan Blaney","Menards | Team Penske | Ford","Driver",67,1
"Racing",2021,"Panini","Prizm","Wheels Gold Vinyl Signatures","William Byron","AXALTA | Hendrick Motorsports | Chevrolet","Driver",68,1
"Racing",2021,"Panini","Prizm","Wheels Gold Vinyl Signatures","Kyle Larson","Hendrickcars.com | Hendrick Motorsports | Chevrolet","Driver",69,1
"Racing",2021,"Panini","Prizm","Wheels Gold Vinyl Signatures","Austin Dillon","Dow Chemical | Richard Childress Racing | Chevrolet","Driver",70,1
"Racing",2021,"Panini","Prizm","Wheels Hyper Prizm Blue and Carolina Blue","Kyle Busch","M&M's | Joe Gibbs Racing | Toyota","Driver",61,
"Racing",2021,"Panini","Prizm","Wheels Hyper Prizm Blue and Carolina Blue","Chase Elliott","NAPA Auto Parts | Hendrick Motorsports | Chevrolet","Driver",62,
"Racing",2021,"Panini","Prizm","Wheels Hyper Prizm Blue and Carolina Blue","Kevin Harvick","Mobil 1 | Stewart-Haas Racing | Ford","Driver",63,
"Racing",2021,"Panini","Prizm","Wheels Hyper Prizm Blue and Carolina Blue","Bubba Wallace","DoorDash | 23XI Racing | Toyota","Driver",64,
"Racing",2021,"Panini","Prizm","Wheels Hyper Prizm Blue and Carolina Blue","Denny Hamlin","FedEx Express | Joe Gibbs Racing | Toyota","Driver",65,
"Racing",2021,"Panini","Prizm","Wheels Hyper Prizm Blue and Carolina Blue","Daniel Suarez","Camping World | Trackhouse Racing | Chevrolet","Driver",66,
"Racing",2021,"Panini","Prizm","Wheels Hyper Prizm Blue and Carolina Blue","Ryan Blaney","Menards | Team Penske | Ford","Driver",67,
"Racing",2021,"Panini","Prizm","Wheels Hyper Prizm Blue and Carolina Blue","William Byron","AXALTA | Hendrick Motorsports | Chevrolet","Driver",68,
"Racing",2021,"Panini","Prizm","Wheels Hyper Prizm Blue and Carolina Blue","Kyle Larson","Hendrickcars.com | Hendrick Motorsports | Chevrolet","Driver",69,
"Racing",2021,"Panini","Prizm","Wheels Hyper Prizm Blue and Carolina Blue","Austin Dillon","Dow Chemical | Richard Childress Racing | Chevrolet","Driver",70,
"Racing",2021,"Panini","Prizm","Wheels Hyper Prizm Green and Yellow","Kyle Busch","M&M's | Joe Gibbs Racing | Toyota","Driver",61,
"Racing",2021,"Panini","Prizm","Wheels Hyper Prizm Green and Yellow","Chase Elliott","NAPA Auto Parts | Hendrick Motorsports | Chevrolet","Driver",62,
"Racing",2021,"Panini","Prizm","Wheels Hyper Prizm Green and Yellow","Kevin Harvick","Mobil 1 | Stewart-Haas Racing | Ford","Driver",63,
"Racing",2021,"Panini","Prizm","Wheels Hyper Prizm Green and Yellow","Bubba Wallace","DoorDash | 23XI Racing | Toyota","Driver",64,
"Racing",2021,"Panini","Prizm","Wheels Hyper Prizm Green and Yellow","Denny Hamlin","FedEx Express | Joe Gibbs Racing | Toyota","Driver",65,
"Racing",2021,"Panini","Prizm","Wheels Hyper Prizm Green and Yellow","Daniel Suarez","Camping World | Trackhouse Racing | Chevrolet","Driver",66,
"Racing",2021,"Panini","Prizm","Wheels Hyper Prizm Green and Yellow","Ryan Blaney","Menards | Team Penske | Ford","Driver",67,
"Racing",2021,"Panini","Prizm","Wheels Hyper Prizm Green and Yellow","William Byron","AXALTA | Hendrick Motorsports | Chevrolet","Driver",68,
"Racing",2021,"Panini","Prizm","Wheels Hyper Prizm Green and Yellow","Kyle Larson","Hendrickcars.com | Hendrick Motorsports | Chevrolet","Driver",69,
"Racing",2021,"Panini","Prizm","Wheels Hyper Prizm Green and Yellow","Austin Dillon","Dow Chemical | Richard Childress Racing | Chevrolet","Driver",70,
"Racing",2021,"Panini","Prizm","Wheels Hyper Prizm Red and Blue","Kyle Busch","M&M's | Joe Gibbs Racing | Toyota","Driver",61,
"Racing",2021,"Panini","Prizm","Wheels Hyper Prizm Red and Blue","Chase Elliott","NAPA Auto Parts | Hendrick Motorsports | Chevrolet","Driver",62,
"Racing",2021,"Panini","Prizm","Wheels Hyper Prizm Red and Blue","Kevin Harvick","Mobil 1 | Stewart-Haas Racing | Ford","Driver",63,
"Racing",2021,"Panini","Prizm","Wheels Hyper Prizm Red and Blue","Bubba Wallace","DoorDash | 23XI Racing | Toyota","Driver",64,
"Racing",2021,"Panini","Prizm","Wheels Hyper Prizm Red and Blue","Denny Hamlin","FedEx Express | Joe Gibbs Racing | Toyota","Driver",65,
"Racing",2021,"Panini","Prizm","Wheels Hyper Prizm Red and Blue","Daniel Suarez","Camping World | Trackhouse Racing | Chevrolet","Driver",66,
"Racing",2021,"Panini","Prizm","Wheels Hyper Prizm Red and Blue","Ryan Blaney","Menards | Team Penske | Ford","Driver",67,
"Racing",2021,"Panini","Prizm","Wheels Hyper Prizm Red and Blue","William Byron","AXALTA | Hendrick Motorsports | Chevrolet","Driver",68,
"Racing",2021,"Panini","Prizm","Wheels Hyper Prizm Red and Blue","Kyle Larson","Hendrickcars.com | Hendrick Motorsports | Chevrolet","Driver",69,
"Racing",2021,"Panini","Prizm","Wheels Hyper Prizm Red and Blue","Austin Dillon","Dow Chemical | Richard Childress Racing | Chevrolet","Driver",70,
"Racing",2021,"Panini","Prizm","Wheels Pink Prizm","Kyle Busch","M&M's | Joe Gibbs Racing | Toyota","Driver",61,50
"Racing",2021,"Panini","Prizm","Wheels Pink Prizm","Chase Elliott","NAPA Auto Parts | Hendrick Motorsports | Chevrolet","Driver",62,50
"Racing",2021,"Panini","Prizm","Wheels Pink Prizm","Kevin Harvick","Mobil 1 | Stewart-Haas Racing | Ford","Driver",63,50
"Racing",2021,"Panini","Prizm","Wheels Pink Prizm","Bubba Wallace","DoorDash | 23XI Racing | Toyota","Driver",64,50
"Racing",2021,"Panini","Prizm","Wheels Pink Prizm","Denny Hamlin","FedEx Express | Joe Gibbs Racing | Toyota","Driver",65,50
"Racing",2021,"Panini","Prizm","Wheels Pink Prizm","Daniel Suarez","Camping World | Trackhouse Racing | Chevrolet","Driver",66,50
"Racing",2021,"Panini","Prizm","Wheels Pink Prizm","Ryan Blaney","Menards | Team Penske | Ford","Driver",67,50
"Racing",2021,"Panini","Prizm","Wheels Pink Prizm","William Byron","AXALTA | Hendrick Motorsports | Chevrolet","Driver",68,50
"Racing",2021,"Panini","Prizm","Wheels Pink Prizm","Kyle Larson","Hendrickcars.com | Hendrick Motorsports | Chevrolet","Driver",69,50
"Racing",2021,"Panini","Prizm","Wheels Pink Prizm","Austin Dillon","Dow Chemical | Richard Childress Racing | Chevrolet","Driver",70,50
"Racing",2021,"Panini","Prizm","Wheels Purple Velocity","Kyle Busch","M&M's | Joe Gibbs Racing | Toyota","Driver",61,199
"Racing",2021,"Panini","Prizm","Wheels Purple Velocity","Chase Elliott","NAPA Auto Parts | Hendrick Motorsports | Chevrolet","Driver",62,199
"Racing",2021,"Panini","Prizm","Wheels Purple Velocity","Kevin Harvick","Mobil 1 | Stewart-Haas Racing | Ford","Driver",63,199
"Racing",2021,"Panini","Prizm","Wheels Purple Velocity","Bubba Wallace","DoorDash | 23XI Racing | Toyota","Driver",64,199
"Racing",2021,"Panini","Prizm","Wheels Purple Velocity","Denny Hamlin","FedEx Express | Joe Gibbs Racing | Toyota","Driver",65,199
"Racing",2021,"Panini","Prizm","Wheels Purple Velocity","Daniel Suarez","Camping World | Trackhouse Racing | Chevrolet","Driver",66,199
"Racing",2021,"Panini","Prizm","Wheels Purple Velocity","Ryan Blaney","Menards | Team Penske | Ford","Driver",67,199
"Racing",2021,"Panini","Prizm","Wheels Purple Velocity","William Byron","AXALTA | Hendrick Motorsports | Chevrolet","Driver",68,199
"Racing",2021,"Panini","Prizm","Wheels Purple Velocity","Kyle Larson","Hendrickcars.com | Hendrick Motorsports | Chevrolet","Driver",69,199
"Racing",2021,"Panini","Prizm","Wheels Purple Velocity","Austin Dillon","Dow Chemical | Richard Childress Racing | Chevrolet","Driver",70,199
"Racing",2021,"Panini","Prizm","Wheels Rainbow Prizm","Kyle Busch","M&M's | Joe Gibbs Racing | Toyota","Driver",61,24
"Racing",2021,"Panini","Prizm","Wheels Rainbow Prizm","Chase Elliott","NAPA Auto Parts | Hendrick Motorsports | Chevrolet","Driver",62,24
"Racing",2021,"Panini","Prizm","Wheels Rainbow Prizm","Kevin Harvick","Mobil 1 | Stewart-Haas Racing | Ford","Driver",63,24
"Racing",2021,"Panini","Prizm","Wheels Rainbow Prizm","Bubba Wallace","DoorDash | 23XI Racing | Toyota","Driver",64,24
"Racing",2021,"Panini","Prizm","Wheels Rainbow Prizm","Denny Hamlin","FedEx Express | Joe Gibbs Racing | Toyota","Driver",65,24
"Racing",2021,"Panini","Prizm","Wheels Rainbow Prizm","Daniel Suarez","Camping World | Trackhouse Racing | Chevrolet","Driver",66,24
"Racing",2021,"Panini","Prizm","Wheels Rainbow Prizm","Ryan Blaney","Menards | Team Penske | Ford","Driver",67,24
"Racing",2021,"Panini","Prizm","Wheels Rainbow Prizm","William Byron","AXALTA | Hendrick Motorsports | Chevrolet","Driver",68,24
"Racing",2021,"Panini","Prizm","Wheels Rainbow Prizm","Kyle Larson","Hendrickcars.com | Hendrick Motorsports | Chevrolet","Driver",69,24
"Racing",2021,"Panini","Prizm","Wheels Rainbow Prizm","Austin Dillon","Dow Chemical | Richard Childress Racing | Chevrolet","Driver",70,24
"Racing",2021,"Panini","Prizm","Wheels Reactive Green","Kyle Busch","M&M's | Joe Gibbs Racing | Toyota","Driver",61,
"Racing",2021,"Panini","Prizm","Wheels Reactive Green","Chase Elliott","NAPA Auto Parts | Hendrick Motorsports | Chevrolet","Driver",62,
"Racing",2021,"Panini","Prizm","Wheels Reactive Green","Kevin Harvick","Mobil 1 | Stewart-Haas Racing | Ford","Driver",63,
"Racing",2021,"Panini","Prizm","Wheels Reactive Green","Bubba Wallace","DoorDash | 23XI Racing | Toyota","Driver",64,
"Racing",2021,"Panini","Prizm","Wheels Reactive Green","Denny Hamlin","FedEx Express | Joe Gibbs Racing | Toyota","Driver",65,
"Racing",2021,"Panini","Prizm","Wheels Reactive Green","Daniel Suarez","Camping World | Trackhouse Racing | Chevrolet","Driver",66,
"Racing",2021,"Panini","Prizm","Wheels Reactive Green","Ryan Blaney","Menards | Team Penske | Ford","Driver",67,
"Racing",2021,"Panini","Prizm","Wheels Reactive Green","William Byron","AXALTA | Hendrick Motorsports | Chevrolet","Driver",68,
"Racing",2021,"Panini","Prizm","Wheels Reactive Green","Kyle Larson","Hendrickcars.com | Hendrick Motorsports | Chevrolet","Driver",69,
"Racing",2021,"Panini","Prizm","Wheels Reactive Green","Austin Dillon","Dow Chemical | Richard Childress Racing | Chevrolet","Driver",70,
"Racing",2021,"Panini","Prizm","Wheels Reactive Orange","Kyle Busch","M&M's | Joe Gibbs Racing | Toyota","Driver",61,
"Racing",2021,"Panini","Prizm","Wheels Reactive Orange","Chase Elliott","NAPA Auto Parts | Hendrick Motorsports | Chevrolet","Driver",62,
"Racing",2021,"Panini","Prizm","Wheels Reactive Orange","Kevin Harvick","Mobil 1 | Stewart-Haas Racing | Ford","Driver",63,
"Racing",2021,"Panini","Prizm","Wheels Reactive Orange","Bubba Wallace","DoorDash | 23XI Racing | Toyota","Driver",64,
"Racing",2021,"Panini","Prizm","Wheels Reactive Orange","Denny Hamlin","FedEx Express | Joe Gibbs Racing | Toyota","Driver",65,
"Racing",2021,"Panini","Prizm","Wheels Reactive Orange","Daniel Suarez","Camping World | Trackhouse Racing | Chevrolet","Driver",66,
"Racing",2021,"Panini","Prizm","Wheels Reactive Orange","Ryan Blaney","Menards | Team Penske | Ford","Driver",67,
"Racing",2021,"Panini","Prizm","Wheels Reactive Orange","William Byron","AXALTA | Hendrick Motorsports | Chevrolet","Driver",68,
"Racing",2021,"Panini","Prizm","Wheels Reactive Orange","Kyle Larson","Hendrickcars.com | Hendrick Motorsports | Chevrolet","Driver",69,
"Racing",2021,"Panini","Prizm","Wheels Reactive Orange","Austin Dillon","Dow Chemical | Richard Childress Racing | Chevrolet","Driver",70,
"Racing",2021,"Panini","Prizm","Wheels Red Prizm","Kyle Busch","M&M's | Joe Gibbs Racing | Toyota","Driver",61,
"Racing",2021,"Panini","Prizm","Wheels Red Prizm","Chase Elliott","NAPA Auto Parts | Hendrick Motorsports | Chevrolet","Driver",62,
"Racing",2021,"Panini","Prizm","Wheels Red Prizm","Kevin Harvick","Mobil 1 | Stewart-Haas Racing | Ford","Driver",63,
"Racing",2021,"Panini","Prizm","Wheels Red Prizm","Bubba Wallace","DoorDash | 23XI Racing | Toyota","Driver",64,
"Racing",2021,"Panini","Prizm","Wheels Red Prizm","Denny Hamlin","FedEx Express | Joe Gibbs Racing | Toyota","Driver",65,
"Racing",2021,"Panini","Prizm","Wheels Red Prizm","Daniel Suarez","Camping World | Trackhouse Racing | Chevrolet","Driver",66,
"Racing",2021,"Panini","Prizm","Wheels Red Prizm","Ryan Blaney","Menards | Team Penske | Ford","Driver",67,
"Racing",2021,"Panini","Prizm","Wheels Red Prizm","William Byron","AXALTA | Hendrick Motorsports | Chevrolet","Driver",68,
"Racing",2021,"Panini","Prizm","Wheels Red Prizm","Kyle Larson","Hendrickcars.com | Hendrick Motorsports | Chevrolet","Driver",69,
"Racing",2021,"Panini","Prizm","Wheels Red Prizm","Austin Dillon","Dow Chemical | Richard Childress Racing | Chevrolet","Driver",70,
"Racing",2021,"Panini","Prizm","Wheels Silver Prizm","Kyle Busch","M&M's | Joe Gibbs Racing | Toyota","Driver",61,
"Racing",2021,"Panini","Prizm","Wheels Silver Prizm","Chase Elliott","NAPA Auto Parts | Hendrick Motorsports | Chevrolet","Driver",62,
"Racing",2021,"Panini","Prizm","Wheels Silver Prizm","Kevin Harvick","Mobil 1 | Stewart-Haas Racing | Ford","Driver",63,
"Racing",2021,"Panini","Prizm","Wheels Silver Prizm","Bubba Wallace","DoorDash | 23XI Racing | Toyota","Driver",64,
"Racing",2021,"Panini","Prizm","Wheels Silver Prizm","Denny Hamlin","FedEx Express | Joe Gibbs Racing | Toyota","Driver",65,
"Racing",2021,"Panini","Prizm","Wheels Silver Prizm","Daniel Suarez","Camping World | Trackhouse Racing | Chevrolet","Driver",66,
"Racing",2021,"Panini","Prizm","Wheels Silver Prizm","Ryan Blaney","Menards | Team Penske | Ford","Driver",67,
"Racing",2021,"Panini","Prizm","Wheels Silver Prizm","William Byron","AXALTA | Hendrick Motorsports | Chevrolet","Driver",68,
"Racing",2021,"Panini","Prizm","Wheels Silver Prizm","Kyle Larson","Hendrickcars.com | Hendrick Motorsports | Chevrolet","Driver",69,
"Racing",2021,"Panini","Prizm","Wheels Silver Prizm","Austin Dillon","Dow Chemical | Richard Childress Racing | Chevrolet","Driver",70,
"Racing",2021,"Panini","Prizm","Wheels Silver Prizm Signatures","Kyle Busch","M&M's | Joe Gibbs Racing | Toyota","Driver",61,
"Racing",2021,"Panini","Prizm","Wheels Silver Prizm Signatures","Chase Elliott","NAPA Auto Parts | Hendrick Motorsports | Chevrolet","Driver",62,
"Racing",2021,"Panini","Prizm","Wheels Silver Prizm Signatures","Kevin Harvick","Mobil 1 | Stewart-Haas Racing | Ford","Driver",63,
"Racing",2021,"Panini","Prizm","Wheels Silver Prizm Signatures","Bubba Wallace","DoorDash | 23XI Racing | Toyota","Driver",64,
"Racing",2021,"Panini","Prizm","Wheels Silver Prizm Signatures","Denny Hamlin","FedEx Express | Joe Gibbs Racing | Toyota","Driver",65,
"Racing",2021,"Panini","Prizm","Wheels Silver Prizm Signatures","Daniel Suarez","Camping World | Trackhouse Racing | Chevrolet","Driver",66,
"Racing",2021,"Panini","Prizm","Wheels Silver Prizm Signatures","Ryan Blaney","Menards | Team Penske | Ford","Driver",67,
"Racing",2021,"Panini","Prizm","Wheels Silver Prizm Signatures","William Byron","AXALTA | Hendrick Motorsports | Chevrolet","Driver",68,
"Racing",2021,"Panini","Prizm","Wheels Silver Prizm Signatures","Kyle Larson","Hendrickcars.com | Hendrick Motorsports | Chevrolet","Driver",69,
"Racing",2021,"Panini","Prizm","Wheels Silver Prizm Signatures","Austin Dillon","Dow Chemical | Richard Childress Racing | Chevrolet","Driver",70,
"Racing",2021,"Panini","Prizm","Wheels White Prizm","Kyle Busch","M&M's | Joe Gibbs Racing | Toyota","Driver",61,5
"Racing",2021,"Panini","Prizm","Wheels White Prizm","Chase Elliott","NAPA Auto Parts | Hendrick Motorsports | Chevrolet","Driver",62,5
"Racing",2021,"Panini","Prizm","Wheels White Prizm","Kevin Harvick","Mobil 1 | Stewart-Haas Racing | Ford","Driver",63,5
"Racing",2021,"Panini","Prizm","Wheels White Prizm","Bubba Wallace","DoorDash | 23XI Racing | Toyota","Driver",64,5
"Racing",2021,"Panini","Prizm","Wheels White Prizm","Denny Hamlin","FedEx Express | Joe Gibbs Racing | Toyota","Driver",65,5
"Racing",2021,"Panini","Prizm","Wheels White Prizm","Daniel Suarez","Camping World | Trackhouse Racing | Chevrolet","Driver",66,5
"Racing",2021,"Panini","Prizm","Wheels White Prizm","Ryan Blaney","Menards | Team Penske | Ford","Driver",67,5
"Racing",2021,"Panini","Prizm","Wheels White Prizm","William Byron","AXALTA | Hendrick Motorsports | Chevrolet","Driver",68,5
"Racing",2021,"Panini","Prizm","Wheels White Prizm","Kyle Larson","Hendrickcars.com | Hendrick Motorsports | Chevrolet","Driver",69,5
"Racing",2021,"Panini","Prizm","Wheels White Prizm","Austin Dillon","Dow Chemical | Richard Childress Racing | Chevrolet","Driver",70,5
"Racing",2021,"Panini","Prizm","Wheels Zebra","Kyle Busch","M&M's | Joe Gibbs Racing | Toyota","Driver",61,
"Racing",2021,"Panini","Prizm","Wheels Zebra","Chase Elliott","NAPA Auto Parts | Hendrick Motorsports | Chevrolet","Driver",62,
"Racing",2021,"Panini","Prizm","Wheels Zebra","Kevin Harvick","Mobil 1 | Stewart-Haas Racing | Ford","Driver",63,
"Racing",2021,"Panini","Prizm","Wheels Zebra","Bubba Wallace","DoorDash | 23XI Racing | Toyota","Driver",64,
"Racing",2021,"Panini","Prizm","Wheels Zebra","Denny Hamlin","FedEx Express | Joe Gibbs Racing | Toyota","Driver",65,
"Racing",2021,"Panini","Prizm","Wheels Zebra","Daniel Suarez","Camping World | Trackhouse Racing | Chevrolet","Driver",66,
"Racing",2021,"Panini","Prizm","Wheels Zebra","Ryan Blaney","Menards | Team Penske | Ford","Driver",67,
"Racing",2021,"Panini","Prizm","Wheels Zebra","William Byron","AXALTA | Hendrick Motorsports | Chevrolet","Driver",68,
"Racing",2021,"Panini","Prizm","Wheels Zebra","Kyle Larson","Hendrickcars.com | Hendrick Motorsports | Chevrolet","Driver",69,
"Racing",2021,"Panini","Prizm","Wheels Zebra","Austin Dillon","Dow Chemical | Richard Childress Racing | Chevrolet","Driver",70,
"Racing",2021,"Panini","Prizm","White Prizm","Tyler Reddick","Caterpillar | Richard Childress Racing | Chevrolet","Driver",1,5
"Racing",2021,"Panini","Prizm","White Prizm","Martin Truex Jr.","Bass Pro Shops | Joe Gibbs Racing | Toyota","Driver",2,5
"Racing",2021,"Panini","Prizm","White Prizm","Kyle Weatherman","Wolfpack Racing | Mike Harmon Racing | Chevrolet","Driver",3,5
"Racing",2021,"Panini","Prizm","White Prizm","Kyle Larson","Hendrickcars.com | Hendrick Motorsports | Chevrolet","Driver",4,5
"Racing",2021,"Panini","Prizm","White Prizm","Alex Bowman","Ally Financial | Hendrick Motorsports | Chevrolet","Driver",5,5
"Racing",2021,"Panini","Prizm","White Prizm","Bayley Currey ","Belmont Classic Cars | Rick Ware Racing | Chevrolet","Driver",6,5
"Racing",2021,"Panini","Prizm","White Prizm","Chase Elliott","NAPA Auto Parts | Hendrick Motorsports | Chevrolet","Driver",7,5
"Racing",2021,"Panini","Prizm","White Prizm","Christopher Bell","Rheem | Joe Gibbs Racing | Toyota","Driver",8,5
"Racing",2021,"Panini","Prizm","White Prizm","Raphael Lessard","Canac | GMS Racing | Chevrolet","Driver",9,5
"Racing",2021,"Panini","Prizm","White Prizm","Alex Labbe","Prolon | DGM Racing | Chevrolet","Driver",10,5
"Racing",2021,"Panini","Prizm","White Prizm","Kyle Busch","M&M's | Joe Gibbs Racing | Toyota","Driver",11,5
"Racing",2021,"Panini","Prizm","White Prizm","Drew Dollar","JBL | Kyle Busch Motorsports | Toyota","Driver",12,5
"Racing",2021,"Panini","Prizm","White Prizm","Brandon Jones","Menards | Joe Gibbs Racing | Toyota","Driver",13,5
"Racing",2021,"Panini","Prizm","White Prizm","Myatt Snider","TaxSlayer | Richard Childress Racing | Chevrolet","Driver",14,5
"Racing",2021,"Panini","Prizm","White Prizm","Denny Hamlin","FedEx Express | Joe Gibbs Racing | Toyota","Driver",15,5
"Racing",2021,"Panini","Prizm","White Prizm","Ryan Repko","Craftsman | Venturini Motorsports | Toyota","Driver",16,5
"Racing",2021,"Panini","Prizm","White Prizm","Anthony Alfredo","Dude Wipes | Front Row Motorsports | Ford","Driver",17,5
"Racing",2021,"Panini","Prizm","White Prizm","Brittney Zamora","Rackley Roofing | Toyota","Driver",18,5
"Racing",2021,"Panini","Prizm","White Prizm","Daniel Suarez","Camping World | Trackhouse Racing | Chevrolet","Driver",19,5
"Racing",2021,"Panini","Prizm","White Prizm","Josh Berry","Tire Pros | JR Motorsports | Chevrolet","Driver",20,5
"Racing",2021,"Panini","Prizm","White Prizm","Daniel Hemric","Poppy Bank | Joe Gibbs Racing | Toyota","Driver",21,5
"Racing",2021,"Panini","Prizm","White Prizm","Corey LaJoie","Schluter Systems | Spire Motorsports | Chevrolet","Driver",22,5
"Racing",2021,"Panini","Prizm","White Prizm","Josh Williams","Alloy Employer Services | DGM Racing | Chevrolet","Driver",23,5
"Racing",2021,"Panini","Prizm","White Prizm","Taylor Gray","Ford Performance | DGR-Crosley | Ford","Driver",24,5
"Racing",2021,"Panini","Prizm","White Prizm","Austin Dillon","Bass Pro Shops | Richard Childress Racing | Chevrolet","Driver",25,5
"Racing",2021,"Panini","Prizm","White Prizm","Kurt Busch","Monster Energy | Chip Ganassi Racing | Chevrolet","Driver",26,5
"Racing",2021,"Panini","Prizm","White Prizm","Chase Briscoe","Ford Performance | Stewart-Haas Racing | Ford","Driver",27,5
"Racing",2021,"Panini","Prizm","White Prizm","Ryan Newman","Oscar Mayer | Roush Fenway Racing | Ford","Driver",28,5
"Racing",2021,"Panini","Prizm","White Prizm","Kaz Grala","Hyper Ice | Kaulig Racing | Chevrolet","Driver",29,5
"Racing",2021,"Panini","Prizm","White Prizm","Chandler Smith","Safelite Auto Glass | Kyle Busch Motorsports | Toyota","Driver",30,5
"Racing",2021,"Panini","Prizm","White Prizm","Matt DiBenedetto","Motorcraft | Wood Brothers Racing | Ford","Driver",31,5
"Racing",2021,"Panini","Prizm","White Prizm","Sam Mayer","JR Motorsports | JR Motorsports | Chevrolet","Driver",32,5
"Racing",2021,"Panini","Prizm","White Prizm","Ryan Blaney","Menards | Team Penske | Ford","Driver",33,5
"Racing",2021,"Panini","Prizm","White Prizm","Brad Keselowski","Money Lion | Team Penske | Ford","Driver",34,5
"Racing",2021,"Panini","Prizm","White Prizm","Hailie Deegan","Monster Energy","Driver",35,5
"Racing",2021,"Panini","Prizm","White Prizm","Kevin Harvick","Mobil 1 | Stewart-Haas Racing | Ford","Driver",36,5
"Racing",2021,"Panini","Prizm","White Prizm","Chris Buescher","Fastenal | Roush Fenway Racing | Ford","Driver",37,5
"Racing",2021,"Panini","Prizm","White Prizm","Joey Logano","Shell-Pennzoil | Team Penske | Ford","Driver",38,5
"Racing",2021,"Panini","Prizm","White Prizm","Ross Chastain","Clover | Chip Ganassi Racing | Chevrolet","Driver",39,5
"Racing",2021,"Panini","Prizm","White Prizm","Tommy Joe Martins","Gilreath Farms Red Angus | Tommy Joe Martins | Chevrolet","Driver",40,5
"Racing",2021,"Panini","Prizm","White Prizm","Kody Vanderwal","Advanced Dairy Services | Jimmy Means Racing | Chevrolet","Driver",41,5
"Racing",2021,"Panini","Prizm","White Prizm","Erik Jones","U.S. Air Force | Richard Petty Motorsports | Chevrolet","Driver",42,5
"Racing",2021,"Panini","Prizm","White Prizm","Ricky Stenhouse Jr","Kroger | JTG Daugherty Racing | Chevrolet","Driver",43,5
"Racing",2021,"Panini","Prizm","White Prizm","Austin Cindric","CarShop | Team Penske | Ford","Driver",44,5
"Racing",2021,"Panini","Prizm","White Prizm","Jesse Love","NAPA Power Premium Plus | Bill McAnally Racing | Toyota","Driver",45,5
"Racing",2021,"Panini","Prizm","White Prizm","Noah Gragson","Bass Pro Shops | JR Motorsports | Chevrolet","Driver",46,5
"Racing",2021,"Panini","Prizm","White Prizm","Aric Almirola","Smithfield Foods | Stewart-Haas Racing | Ford","Driver",47,5
"Racing",2021,"Panini","Prizm","White Prizm","Justin Allgaier","Brandt | JR Motorsports | Chevrolet","Driver",48,5
"Racing",2021,"Panini","Prizm","White Prizm","Cole Custer","Haas Automation | Stewart-Haas Racing | Ford","Driver",49,5
"Racing",2021,"Panini","Prizm","White Prizm","Harrison Burton","DEX Imaging | Joe Gibbs Racing | Toyota","Driver",50,5
"Racing",2021,"Panini","Prizm","White Prizm","Ryan Vargas","MaintenX | JD Motorsports | Chevrolet","Driver",51,5
"Racing",2021,"Panini","Prizm","White Prizm","Bubba Wallace","DoorDash | 23XI Racing | Toyota","Driver",52,5
"Racing",2021,"Panini","Prizm","White Prizm","John Hunter Nemechek","Fire Alarm Services | NEMCO Motorsports | Ford","Driver",53,5
"Racing",2021,"Panini","Prizm","White Prizm","William Byron","AXALTA | Hendrick Motorsports | Chevrolet","Driver",54,5
"Racing",2021,"Panini","Prizm","White Prizm","Michael Annett","Pilot Flying J | JR Motorsports | Chevrolet","Driver",55,5
"Racing",2021,"Panini","Prizm","White Prizm","Sheldon Creed","Chevy Accessories | GMS Racing | Chevrolet","Driver",56,5
"Racing",2021,"Panini","Prizm","White Prizm","Michael McDowell","FR8 Auctions | Front Row Motorsports | Ford","Driver",57,5
"Racing",2021,"Panini","Prizm","White Prizm","Mason Massey","Marty Massey Towing & Recovery | B.J. McLeod Motorsports | Toyota","Driver",58,5
"Racing",2021,"Panini","Prizm","White Prizm","Ty Gibbs","Interstate Batteries | Joe Gibbs Racing | Toyota","Driver",59,5
"Racing",2021,"Panini","Prizm","White Prizm","Natalie Decker","Red Street Records | Our Motorsports | Chevrolet","Driver",60,5
"Racing",2021,"Panini","Prizm","Zebra","Tyler Reddick","Caterpillar | Richard Childress Racing | Chevrolet","Driver",1,
"Racing",2021,"Panini","Prizm","Zebra","Martin Truex Jr.","Bass Pro Shops | Joe Gibbs Racing | Toyota","Driver",2,
"Racing",2021,"Panini","Prizm","Zebra","Kyle Weatherman","Wolfpack Racing | Mike Harmon Racing | Chevrolet","Driver",3,
"Racing",2021,"Panini","Prizm","Zebra","Kyle Larson","Hendrickcars.com | Hendrick Motorsports | Chevrolet","Driver",4,
"Racing",2021,"Panini","Prizm","Zebra","Alex Bowman","Ally Financial | Hendrick Motorsports | Chevrolet","Driver",5,
"Racing",2021,"Panini","Prizm","Zebra","Bayley Currey ","Belmont Classic Cars | Rick Ware Racing | Chevrolet","Driver",6,
"Racing",2021,"Panini","Prizm","Zebra","Chase Elliott","NAPA Auto Parts | Hendrick Motorsports | Chevrolet","Driver",7,
"Racing",2021,"Panini","Prizm","Zebra","Christopher Bell","Rheem | Joe Gibbs Racing | Toyota","Driver",8,
"Racing",2021,"Panini","Prizm","Zebra","Raphael Lessard","Canac | GMS Racing | Chevrolet","Driver",9,
"Racing",2021,"Panini","Prizm","Zebra","Alex Labbe","Prolon | DGM Racing | Chevrolet","Driver",10,
"Racing",2021,"Panini","Prizm","Zebra","Kyle Busch","M&M's | Joe Gibbs Racing | Toyota","Driver",11,
"Racing",2021,"Panini","Prizm","Zebra","Drew Dollar","JBL | Kyle Busch Motorsports | Toyota","Driver",12,
"Racing",2021,"Panini","Prizm","Zebra","Brandon Jones","Menards | Joe Gibbs Racing | Toyota","Driver",13,
"Racing",2021,"Panini","Prizm","Zebra","Myatt Snider","TaxSlayer | Richard Childress Racing | Chevrolet","Driver",14,
"Racing",2021,"Panini","Prizm","Zebra","Denny Hamlin","FedEx Express | Joe Gibbs Racing | Toyota","Driver",15,
"Racing",2021,"Panini","Prizm","Zebra","Ryan Repko","Craftsman | Venturini Motorsports | Toyota","Driver",16,
"Racing",2021,"Panini","Prizm","Zebra","Anthony Alfredo","Dude Wipes | Front Row Motorsports | Ford","Driver",17,
"Racing",2021,"Panini","Prizm","Zebra","Brittney Zamora","Rackley Roofing | Toyota","Driver",18,
"Racing",2021,"Panini","Prizm","Zebra","Daniel Suarez","Camping World | Trackhouse Racing | Chevrolet","Driver",19,
"Racing",2021,"Panini","Prizm","Zebra","Josh Berry","Tire Pros | JR Motorsports | Chevrolet","Driver",20,
"Racing",2021,"Panini","Prizm","Zebra","Daniel Hemric","Poppy Bank | Joe Gibbs Racing | Toyota","Driver",21,
"Racing",2021,"Panini","Prizm","Zebra","Corey LaJoie","Schluter Systems | Spire Motorsports | Chevrolet","Driver",22,
"Racing",2021,"Panini","Prizm","Zebra","Josh Williams","Alloy Employer Services | DGM Racing | Chevrolet","Driver",23,
"Racing",2021,"Panini","Prizm","Zebra","Taylor Gray","Ford Performance | DGR-Crosley | Ford","Driver",24,
"Racing",2021,"Panini","Prizm","Zebra","Austin Dillon","Bass Pro Shops | Richard Childress Racing | Chevrolet","Driver",25,
"Racing",2021,"Panini","Prizm","Zebra","Kurt Busch","Monster Energy | Chip Ganassi Racing | Chevrolet","Driver",26,
"Racing",2021,"Panini","Prizm","Zebra","Chase Briscoe","Ford Performance | Stewart-Haas Racing | Ford","Driver",27,
"Racing",2021,"Panini","Prizm","Zebra","Ryan Newman","Oscar Mayer | Roush Fenway Racing | Ford","Driver",28,
"Racing",2021,"Panini","Prizm","Zebra","Kaz Grala","Hyper Ice | Kaulig Racing | Chevrolet","Driver",29,
"Racing",2021,"Panini","Prizm","Zebra","Chandler Smith","Safelite Auto Glass | Kyle Busch Motorsports | Toyota","Driver",30,
"Racing",2021,"Panini","Prizm","Zebra","Matt DiBenedetto","Motorcraft | Wood Brothers Racing | Ford","Driver",31,
"Racing",2021,"Panini","Prizm","Zebra","Sam Mayer","JR Motorsports | JR Motorsports | Chevrolet","Driver",32,
"Racing",2021,"Panini","Prizm","Zebra","Ryan Blaney","Menards | Team Penske | Ford","Driver",33,
"Racing",2021,"Panini","Prizm","Zebra","Brad Keselowski","Money Lion | Team Penske | Ford","Driver",34,
"Racing",2021,"Panini","Prizm","Zebra","Hailie Deegan","Monster Energy","Driver",35,
"Racing",2021,"Panini","Prizm","Zebra","Kevin Harvick","Mobil 1 | Stewart-Haas Racing | Ford","Driver",36,
"Racing",2021,"Panini","Prizm","Zebra","Chris Buescher","Fastenal | Roush Fenway Racing | Ford","Driver",37,
"Racing",2021,"Panini","Prizm","Zebra","Joey Logano","Shell-Pennzoil | Team Penske | Ford","Driver",38,
"Racing",2021,"Panini","Prizm","Zebra","Ross Chastain","Clover | Chip Ganassi Racing | Chevrolet","Driver",39,
"Racing",2021,"Panini","Prizm","Zebra","Tommy Joe Martins","Gilreath Farms Red Angus | Tommy Joe Martins | Chevrolet","Driver",40,
"Racing",2021,"Panini","Prizm","Zebra","Kody Vanderwal","Advanced Dairy Services | Jimmy Means Racing | Chevrolet","Driver",41,
"Racing",2021,"Panini","Prizm","Zebra","Erik Jones","U.S. Air Force | Richard Petty Motorsports | Chevrolet","Driver",42,
"Racing",2021,"Panini","Prizm","Zebra","Ricky Stenhouse Jr","Kroger | JTG Daugherty Racing | Chevrolet","Driver",43,
"Racing",2021,"Panini","Prizm","Zebra","Austin Cindric","CarShop | Team Penske | Ford","Driver",44,
"Racing",2021,"Panini","Prizm","Zebra","Jesse Love","NAPA Power Premium Plus | Bill McAnally Racing | Toyota","Driver",45,
"Racing",2021,"Panini","Prizm","Zebra","Noah Gragson","Bass Pro Shops | JR Motorsports | Chevrolet","Driver",46,
"Racing",2021,"Panini","Prizm","Zebra","Aric Almirola","Smithfield Foods | Stewart-Haas Racing | Ford","Driver",47,
"Racing",2021,"Panini","Prizm","Zebra","Justin Allgaier","Brandt | JR Motorsports | Chevrolet","Driver",48,
"Racing",2021,"Panini","Prizm","Zebra","Cole Custer","Haas Automation | Stewart-Haas Racing | Ford","Driver",49,
"Racing",2021,"Panini","Prizm","Zebra","Harrison Burton","DEX Imaging | Joe Gibbs Racing | Toyota","Driver",50,
"Racing",2021,"Panini","Prizm","Zebra","Ryan Vargas","MaintenX | JD Motorsports | Chevrolet","Driver",51,
"Racing",2021,"Panini","Prizm","Zebra","Bubba Wallace","DoorDash | 23XI Racing | Toyota","Driver",52,
"Racing",2021,"Panini","Prizm","Zebra","John Hunter Nemechek","Fire Alarm Services | NEMCO Motorsports | Ford","Driver",53,
"Racing",2021,"Panini","Prizm","Zebra","William Byron","AXALTA | Hendrick Motorsports | Chevrolet","Driver",54,
"Racing",2021,"Panini","Prizm","Zebra","Michael Annett","Pilot Flying J | JR Motorsports | Chevrolet","Driver",55,
"Racing",2021,"Panini","Prizm","Zebra","Sheldon Creed","Chevy Accessories | GMS Racing | Chevrolet","Driver",56,
"Racing",2021,"Panini","Prizm","Zebra","Michael McDowell","FR8 Auctions | Front Row Motorsports | Ford","Driver",57,
"Racing",2021,"Panini","Prizm","Zebra","Mason Massey","Marty Massey Towing & Recovery | B.J. McLeod Motorsports | Toyota","Driver",58,
"Racing",2021,"Panini","Prizm","Zebra","Ty Gibbs","Interstate Batteries | Joe Gibbs Racing | Toyota","Driver",59,
"Racing",2021,"Panini","Prizm","Zebra","Natalie Decker","Red Street Records | Our Motorsports | Chevrolet","Driver",60,