"SPORT","YEAR","BRAND","PROGRAM","CARD SET","ATHLETE","TEAM","POSITION","CARD NUMBER","SEQUENCE"
"Racing",2022,"Panini","National Treasures","Base","Alex Bowman","Ally Financial | Hendrick Motorsports | Chevrolet","Driver",1,25
"Racing",2022,"Panini","National Treasures","Base","Austin Dillon","Bass Pro Shops | Richard Childress Racing | Chevrolet","Driver",2,25
"Racing",2022,"Panini","National Treasures","Base","Brad Keselowski","Kohler | RFK Racing | Ford","Driver",3,25
"Racing",2022,"Panini","National Treasures","Base","Brittney Zamora","Rackley Roofing | Toyota","Driver",4,25
"Racing",2022,"Panini","National Treasures","Base","Bubba Wallace","Wheaties | 23XI Racing | Toyota","Driver",5,25
"Racing",2022,"Panini","National Treasures","Base","Chase Elliott","NAPA Auto Parts | Hendrick Motorsports | Chevrolet","Driver",6,25
"Racing",2022,"Panini","National Treasures","Base","Christopher Bell","DeWalt | Joe Gibbs Racing | Toyota","Driver",7,25
"Racing",2022,"Panini","National Treasures","Base","Cole Custer","Haas Automation | Stewart-Haas Racing | Ford","Driver",8,25
"Racing",2022,"Panini","National Treasures","Base","Daniel Suarez","Tootsie's | Trackhouse Racing | Chevrolet","Driver",9,25
"Racing",2022,"Panini","National Treasures","Base","Denny Hamlin","FedEx Express | Joe Gibbs Racing | Toyota","Driver",10,25
"Racing",2022,"Panini","National Treasures","Base","Hailie Deegan","Monster Energy | DGR-Crosley | Ford","Driver",11,25
"Racing",2022,"Panini","National Treasures","Base","Harrison Burton","Motorcraft | Wood Brothers Racing | Ford","Driver",12,25
"Racing",2022,"Panini","National Treasures","Base","Joey Logano","Shell-Pennzoil | Team Penske | Ford","Driver",13,25
"Racing",2022,"Panini","National Treasures","Base","Justin Haley","LeafFilter | Kaulig Racing | Chevrolet","Driver",14,25
"Racing",2022,"Panini","National Treasures","Base","Kaz Grala","Pit Viper | The Money Team | Chevrolet","Driver",15,25
"Racing",2022,"Panini","National Treasures","Base","Kevin Harvick","Hunt Brothers Pizza | Stewart-Haas Racing | Ford","Driver",16,25
"Racing",2022,"Panini","National Treasures","Base","Kurt Busch","Monster | 23XI Racing | Toyota","Driver",17,25
"Racing",2022,"Panini","National Treasures","Base","Kyle Busch","M&M's | Joe Gibbs Racing | Toyota","Driver",18,25
"Racing",2022,"Panini","National Treasures","Base","Kyle Larson","Hendrickcars.com | Hendrick Motorsports | Chevrolet","Driver",19,25
"Racing",2022,"Panini","National Treasures","Base","Martin Truex Jr.","Bass Pro Shops | Joe Gibbs Racing | Toyota","Driver",20,25
"Racing",2022,"Panini","National Treasures","Base","Michael McDowell","Love's Travel Stops | Front Row Motorsports | Ford","Driver",21,25
"Racing",2022,"Panini","National Treasures","Base","Austin Cindric","MoneyLion | Team Penske | Ford","Driver",22,25
"Racing",2022,"Panini","National Treasures","Base","Natalie Decker","NERD Focus | Our Motorsports | Chevrolet","Driver",23,25
"Racing",2022,"Panini","National Treasures","Base","Ricky Stenhouse Jr","Kroger | JTG Daugherty Racing | Chevrolet","Driver",24,25
"Racing",2022,"Panini","National Treasures","Base","Ross Chastain","AdventHealth | Trackhouse Racing | Chevrolet","Driver",25,25
"Racing",2022,"Panini","National Treasures","Base","Ryan Blaney","BodyArmor | Team Penske | Ford","Driver",26,25
"Racing",2022,"Panini","National Treasures","Base","Ryan Preece","Kroger | JTG Daugherty Racing | Chevrolet","Driver",27,25
"Racing",2022,"Panini","National Treasures","Base","Thad Moffitt","STP | Reaume Brothers Racing | Chevrolet","Driver",28,25
"Racing",2022,"Panini","National Treasures","Base","Ty Gibbs","Monster Energy | Joe Gibbs Racing | Toyota","Driver",29,25
"Racing",2022,"Panini","National Treasures","Base","Tyler Reddick","BetMGM | Richard Childress Racing | Chevrolet","Driver",30,25
"Racing",2022,"Panini","National Treasures","Base","William Byron","Liberty University | Hendrick Motorsports | Chevrolet","Driver",31,25
"Racing",2022,"Panini","National Treasures","Base","Zane Smith","SpeedCo | Front Row Motorsports | Ford","Driver",32,25
"Racing",2022,"Panini","National Treasures","Base","Aric Almirola","Smithfield Foods | Stewart-Haas Racing | Ford","Driver",33,25
"Racing",2022,"Panini","National Treasures","Base","Brandon Brown","TradetheChain | Brandonbilt Motorsports | Chevrolet","Driver",34,25
"Racing",2022,"Panini","National Treasures","Base","Chris Buescher","Fastenal | RFK Racing | Ford","Driver",35,25
"Racing",2022,"Panini","National Treasures","Base","Corey LaJoie","Schluter Systems | Spire Motorsports | Chevrolet","Driver",36,25
"Racing",2022,"Panini","National Treasures","Base","Erik Jones","Focus Factor | Petty GMS | Chevrolet","Driver",37,25
"Racing",2022,"Panini","National Treasures","Base","Tanner Gray","Ford Performance | DGR-Crosley | Ford","Driver",38,25
"Racing",2022,"Panini","National Treasures","Base","Taylor Gray","Ford Performance | DGR-Crosley | Ford","Driver",39,25
"Racing",2022,"Panini","National Treasures","Base","Cody Ware","Nurtec | Rick Ware Racing | Ford","Driver",40,25
"Racing",2022,"Panini","National Treasures","Base Holo Gold","Alex Bowman","Ally Financial | Hendrick Motorsports | Chevrolet","Driver",1,10
"Racing",2022,"Panini","National Treasures","Base Holo Gold","Austin Dillon","Bass Pro Shops | Richard Childress Racing | Chevrolet","Driver",2,10
"Racing",2022,"Panini","National Treasures","Base Holo Gold","Brad Keselowski","Kohler | RFK Racing | Ford","Driver",3,10
"Racing",2022,"Panini","National Treasures","Base Holo Gold","Brittney Zamora","Rackley Roofing | Toyota","Driver",4,10
"Racing",2022,"Panini","National Treasures","Base Holo Gold","Bubba Wallace","Wheaties | 23XI Racing | Toyota","Driver",5,10
"Racing",2022,"Panini","National Treasures","Base Holo Gold","Chase Elliott","NAPA Auto Parts | Hendrick Motorsports | Chevrolet","Driver",6,10
"Racing",2022,"Panini","National Treasures","Base Holo Gold","Christopher Bell","DeWalt | Joe Gibbs Racing | Toyota","Driver",7,10
"Racing",2022,"Panini","National Treasures","Base Holo Gold","Cole Custer","Haas Automation | Stewart-Haas Racing | Ford","Driver",8,10
"Racing",2022,"Panini","National Treasures","Base Holo Gold","Daniel Suarez","Tootsie's | Trackhouse Racing | Chevrolet","Driver",9,10
"Racing",2022,"Panini","National Treasures","Base Holo Gold","Denny Hamlin","FedEx Express | Joe Gibbs Racing | Toyota","Driver",10,10
"Racing",2022,"Panini","National Treasures","Base Holo Gold","Hailie Deegan","Monster Energy | DGR-Crosley | Ford","Driver",11,10
"Racing",2022,"Panini","National Treasures","Base Holo Gold","Harrison Burton","Motorcraft | Wood Brothers Racing | Ford","Driver",12,10
"Racing",2022,"Panini","National Treasures","Base Holo Gold","Joey Logano","Shell-Pennzoil | Team Penske | Ford","Driver",13,10
"Racing",2022,"Panini","National Treasures","Base Holo Gold","Justin Haley","LeafFilter | Kaulig Racing | Chevrolet","Driver",14,10
"Racing",2022,"Panini","National Treasures","Base Holo Gold","Kaz Grala","Pit Viper | The Money Team | Chevrolet","Driver",15,10
"Racing",2022,"Panini","National Treasures","Base Holo Gold","Kevin Harvick","Hunt Brothers Pizza | Stewart-Haas Racing | Ford","Driver",16,10
"Racing",2022,"Panini","National Treasures","Base Holo Gold","Kurt Busch","Monster | 23XI Racing | Toyota","Driver",17,10
"Racing",2022,"Panini","National Treasures","Base Holo Gold","Kyle Busch","M&M's | Joe Gibbs Racing | Toyota","Driver",18,10
"Racing",2022,"Panini","National Treasures","Base Holo Gold","Kyle Larson","Hendrickcars.com | Hendrick Motorsports | Chevrolet","Driver",19,10
"Racing",2022,"Panini","National Treasures","Base Holo Gold","Martin Truex Jr.","Bass Pro Shops | Joe Gibbs Racing | Toyota","Driver",20,10
"Racing",2022,"Panini","National Treasures","Base Holo Gold","Michael McDowell","Love's Travel Stops | Front Row Motorsports | Ford","Driver",21,10
"Racing",2022,"Panini","National Treasures","Base Holo Gold","Austin Cindric","MoneyLion | Team Penske | Ford","Driver",22,10
"Racing",2022,"Panini","National Treasures","Base Holo Gold","Natalie Decker","NERD Focus | Our Motorsports | Chevrolet","Driver",23,10
"Racing",2022,"Panini","National Treasures","Base Holo Gold","Ricky Stenhouse Jr","Kroger | JTG Daugherty Racing | Chevrolet","Driver",24,10
"Racing",2022,"Panini","National Treasures","Base Holo Gold","Ross Chastain","AdventHealth | Trackhouse Racing | Chevrolet","Driver",25,10
"Racing",2022,"Panini","National Treasures","Base Holo Gold","Ryan Blaney","BodyArmor | Team Penske | Ford","Driver",26,10
"Racing",2022,"Panini","National Treasures","Base Holo Gold","Ryan Preece","Kroger | JTG Daugherty Racing | Chevrolet","Driver",27,10
"Racing",2022,"Panini","National Treasures","Base Holo Gold","Thad Moffitt","STP | Reaume Brothers Racing | Chevrolet","Driver",28,10
"Racing",2022,"Panini","National Treasures","Base Holo Gold","Ty Gibbs","Monster Energy | Joe Gibbs Racing | Toyota","Driver",29,10
"Racing",2022,"Panini","National Treasures","Base Holo Gold","Tyler Reddick","BetMGM | Richard Childress Racing | Chevrolet","Driver",30,10
"Racing",2022,"Panini","National Treasures","Base Holo Gold","William Byron","Liberty University | Hendrick Motorsports | Chevrolet","Driver",31,10
"Racing",2022,"Panini","National Treasures","Base Holo Gold","Zane Smith","SpeedCo | Front Row Motorsports | Ford","Driver",32,10
"Racing",2022,"Panini","National Treasures","Base Holo Gold","Aric Almirola","Smithfield Foods | Stewart-Haas Racing | Ford","Driver",33,10
"Racing",2022,"Panini","National Treasures","Base Holo Gold","Brandon Brown","TradetheChain | Brandonbilt Motorsports | Chevrolet","Driver",34,10
"Racing",2022,"Panini","National Treasures","Base Holo Gold","Chris Buescher","Fastenal | RFK Racing | Ford","Driver",35,10
"Racing",2022,"Panini","National Treasures","Base Holo Gold","Corey LaJoie","Schluter Systems | Spire Motorsports | Chevrolet","Driver",36,10
"Racing",2022,"Panini","National Treasures","Base Holo Gold","Erik Jones","Focus Factor | Petty GMS | Chevrolet","Driver",37,10
"Racing",2022,"Panini","National Treasures","Base Holo Gold","Tanner Gray","Ford Performance | DGR-Crosley | Ford","Driver",38,10
"Racing",2022,"Panini","National Treasures","Base Holo Gold","Taylor Gray","Ford Performance | DGR-Crosley | Ford","Driver",39,10
"Racing",2022,"Panini","National Treasures","Base Holo Gold","Cody Ware","Nurtec | Rick Ware Racing | Ford","Driver",40,10
"Racing",2022,"Panini","National Treasures","Base Holo Platinum Blue","Alex Bowman","Ally Financial | Hendrick Motorsports | Chevrolet","Driver",1,1
"Racing",2022,"Panini","National Treasures","Base Holo Platinum Blue","Austin Dillon","Bass Pro Shops | Richard Childress Racing | Chevrolet","Driver",2,1
"Racing",2022,"Panini","National Treasures","Base Holo Platinum Blue","Brad Keselowski","Kohler | RFK Racing | Ford","Driver",3,1
"Racing",2022,"Panini","National Treasures","Base Holo Platinum Blue","Brittney Zamora","Rackley Roofing | Toyota","Driver",4,1
"Racing",2022,"Panini","National Treasures","Base Holo Platinum Blue","Bubba Wallace","Wheaties | 23XI Racing | Toyota","Driver",5,1
"Racing",2022,"Panini","National Treasures","Base Holo Platinum Blue","Chase Elliott","NAPA Auto Parts | Hendrick Motorsports | Chevrolet","Driver",6,1
"Racing",2022,"Panini","National Treasures","Base Holo Platinum Blue","Christopher Bell","DeWalt | Joe Gibbs Racing | Toyota","Driver",7,1
"Racing",2022,"Panini","National Treasures","Base Holo Platinum Blue","Cole Custer","Haas Automation | Stewart-Haas Racing | Ford","Driver",8,1
"Racing",2022,"Panini","National Treasures","Base Holo Platinum Blue","Daniel Suarez","Tootsie's | Trackhouse Racing | Chevrolet","Driver",9,1
"Racing",2022,"Panini","National Treasures","Base Holo Platinum Blue","Denny Hamlin","FedEx Express | Joe Gibbs Racing | Toyota","Driver",10,1
"Racing",2022,"Panini","National Treasures","Base Holo Platinum Blue","Hailie Deegan","Monster Energy | DGR-Crosley | Ford","Driver",11,1
"Racing",2022,"Panini","National Treasures","Base Holo Platinum Blue","Harrison Burton","Motorcraft | Wood Brothers Racing | Ford","Driver",12,1
"Racing",2022,"Panini","National Treasures","Base Holo Platinum Blue","Joey Logano","Shell-Pennzoil | Team Penske | Ford","Driver",13,1
"Racing",2022,"Panini","National Treasures","Base Holo Platinum Blue","Justin Haley","LeafFilter | Kaulig Racing | Chevrolet","Driver",14,1
"Racing",2022,"Panini","National Treasures","Base Holo Platinum Blue","Kaz Grala","Pit Viper | The Money Team | Chevrolet","Driver",15,1
"Racing",2022,"Panini","National Treasures","Base Holo Platinum Blue","Kevin Harvick","Hunt Brothers Pizza | Stewart-Haas Racing | Ford","Driver",16,1
"Racing",2022,"Panini","National Treasures","Base Holo Platinum Blue","Kurt Busch","Monster | 23XI Racing | Toyota","Driver",17,1
"Racing",2022,"Panini","National Treasures","Base Holo Platinum Blue","Kyle Busch","M&M's | Joe Gibbs Racing | Toyota","Driver",18,1
"Racing",2022,"Panini","National Treasures","Base Holo Platinum Blue","Kyle Larson","Hendrickcars.com | Hendrick Motorsports | Chevrolet","Driver",19,1
"Racing",2022,"Panini","National Treasures","Base Holo Platinum Blue","Martin Truex Jr.","Bass Pro Shops | Joe Gibbs Racing | Toyota","Driver",20,1
"Racing",2022,"Panini","National Treasures","Base Holo Platinum Blue","Michael McDowell","Love's Travel Stops | Front Row Motorsports | Ford","Driver",21,1
"Racing",2022,"Panini","National Treasures","Base Holo Platinum Blue","Austin Cindric","MoneyLion | Team Penske | Ford","Driver",22,1
"Racing",2022,"Panini","National Treasures","Base Holo Platinum Blue","Natalie Decker","NERD Focus | Our Motorsports | Chevrolet","Driver",23,1
"Racing",2022,"Panini","National Treasures","Base Holo Platinum Blue","Ricky Stenhouse Jr","Kroger | JTG Daugherty Racing | Chevrolet","Driver",24,1
"Racing",2022,"Panini","National Treasures","Base Holo Platinum Blue","Ross Chastain","AdventHealth | Trackhouse Racing | Chevrolet","Driver",25,1
"Racing",2022,"Panini","National Treasures","Base Holo Platinum Blue","Ryan Blaney","BodyArmor | Team Penske | Ford","Driver",26,1
"Racing",2022,"Panini","National Treasures","Base Holo Platinum Blue","Ryan Preece","Kroger | JTG Daugherty Racing | Chevrolet","Driver",27,1
"Racing",2022,"Panini","National Treasures","Base Holo Platinum Blue","Thad Moffitt","STP | Reaume Brothers Racing | Chevrolet","Driver",28,1
"Racing",2022,"Panini","National Treasures","Base Holo Platinum Blue","Ty Gibbs","Monster Energy | Joe Gibbs Racing | Toyota","Driver",29,1
"Racing",2022,"Panini","National Treasures","Base Holo Platinum Blue","Tyler Reddick","BetMGM | Richard Childress Racing | Chevrolet","Driver",30,1
"Racing",2022,"Panini","National Treasures","Base Holo Platinum Blue","William Byron","Liberty University | Hendrick Motorsports | Chevrolet","Driver",31,1
"Racing",2022,"Panini","National Treasures","Base Holo Platinum Blue","Zane Smith","SpeedCo | Front Row Motorsports | Ford","Driver",32,1
"Racing",2022,"Panini","National Treasures","Base Holo Platinum Blue","Aric Almirola","Smithfield Foods | Stewart-Haas Racing | Ford","Driver",33,1
"Racing",2022,"Panini","National Treasures","Base Holo Platinum Blue","Brandon Brown","TradetheChain | Brandonbilt Motorsports | Chevrolet","Driver",34,1
"Racing",2022,"Panini","National Treasures","Base Holo Platinum Blue","Chris Buescher","Fastenal | RFK Racing | Ford","Driver",35,1
"Racing",2022,"Panini","National Treasures","Base Holo Platinum Blue","Corey LaJoie","Schluter Systems | Spire Motorsports | Chevrolet","Driver",36,1
"Racing",2022,"Panini","National Treasures","Base Holo Platinum Blue","Erik Jones","Focus Factor | Petty GMS | Chevrolet","Driver",37,1
"Racing",2022,"Panini","National Treasures","Base Holo Platinum Blue","Tanner Gray","Ford Performance | DGR-Crosley | Ford","Driver",38,1
"Racing",2022,"Panini","National Treasures","Base Holo Platinum Blue","Taylor Gray","Ford Performance | DGR-Crosley | Ford","Driver",39,1
"Racing",2022,"Panini","National Treasures","Base Holo Platinum Blue","Cody Ware","Nurtec | Rick Ware Racing | Ford","Driver",40,1
"Racing",2022,"Panini","National Treasures","Base Holo Silver","Alex Bowman","Ally Financial | Hendrick Motorsports | Chevrolet","Driver",1,15
"Racing",2022,"Panini","National Treasures","Base Holo Silver","Austin Dillon","Bass Pro Shops | Richard Childress Racing | Chevrolet","Driver",2,15
"Racing",2022,"Panini","National Treasures","Base Holo Silver","Brad Keselowski","Kohler | RFK Racing | Ford","Driver",3,15
"Racing",2022,"Panini","National Treasures","Base Holo Silver","Brittney Zamora","Rackley Roofing | Toyota","Driver",4,15
"Racing",2022,"Panini","National Treasures","Base Holo Silver","Bubba Wallace","Wheaties | 23XI Racing | Toyota","Driver",5,15
"Racing",2022,"Panini","National Treasures","Base Holo Silver","Chase Elliott","NAPA Auto Parts | Hendrick Motorsports | Chevrolet","Driver",6,15
"Racing",2022,"Panini","National Treasures","Base Holo Silver","Christopher Bell","DeWalt | Joe Gibbs Racing | Toyota","Driver",7,15
"Racing",2022,"Panini","National Treasures","Base Holo Silver","Cole Custer","Haas Automation | Stewart-Haas Racing | Ford","Driver",8,15
"Racing",2022,"Panini","National Treasures","Base Holo Silver","Daniel Suarez","Tootsie's | Trackhouse Racing | Chevrolet","Driver",9,15
"Racing",2022,"Panini","National Treasures","Base Holo Silver","Denny Hamlin","FedEx Express | Joe Gibbs Racing | Toyota","Driver",10,15
"Racing",2022,"Panini","National Treasures","Base Holo Silver","Hailie Deegan","Monster Energy | DGR-Crosley | Ford","Driver",11,15
"Racing",2022,"Panini","National Treasures","Base Holo Silver","Harrison Burton","Motorcraft | Wood Brothers Racing | Ford","Driver",12,15
"Racing",2022,"Panini","National Treasures","Base Holo Silver","Joey Logano","Shell-Pennzoil | Team Penske | Ford","Driver",13,15
"Racing",2022,"Panini","National Treasures","Base Holo Silver","Justin Haley","LeafFilter | Kaulig Racing | Chevrolet","Driver",14,15
"Racing",2022,"Panini","National Treasures","Base Holo Silver","Kaz Grala","Pit Viper | The Money Team | Chevrolet","Driver",15,15
"Racing",2022,"Panini","National Treasures","Base Holo Silver","Kevin Harvick","Hunt Brothers Pizza | Stewart-Haas Racing | Ford","Driver",16,15
"Racing",2022,"Panini","National Treasures","Base Holo Silver","Kurt Busch","Monster | 23XI Racing | Toyota","Driver",17,15
"Racing",2022,"Panini","National Treasures","Base Holo Silver","Kyle Busch","M&M's | Joe Gibbs Racing | Toyota","Driver",18,15
"Racing",2022,"Panini","National Treasures","Base Holo Silver","Kyle Larson","Hendrickcars.com | Hendrick Motorsports | Chevrolet","Driver",19,15
"Racing",2022,"Panini","National Treasures","Base Holo Silver","Martin Truex Jr.","Bass Pro Shops | Joe Gibbs Racing | Toyota","Driver",20,15
"Racing",2022,"Panini","National Treasures","Base Holo Silver","Michael McDowell","Love's Travel Stops | Front Row Motorsports | Ford","Driver",21,15
"Racing",2022,"Panini","National Treasures","Base Holo Silver","Austin Cindric","MoneyLion | Team Penske | Ford","Driver",22,15
"Racing",2022,"Panini","National Treasures","Base Holo Silver","Natalie Decker","NERD Focus | Our Motorsports | Chevrolet","Driver",23,15
"Racing",2022,"Panini","National Treasures","Base Holo Silver","Ricky Stenhouse Jr","Kroger | JTG Daugherty Racing | Chevrolet","Driver",24,15
"Racing",2022,"Panini","National Treasures","Base Holo Silver","Ross Chastain","AdventHealth | Trackhouse Racing | Chevrolet","Driver",25,15
"Racing",2022,"Panini","National Treasures","Base Holo Silver","Ryan Blaney","BodyArmor | Team Penske | Ford","Driver",26,15
"Racing",2022,"Panini","National Treasures","Base Holo Silver","Ryan Preece","Kroger | JTG Daugherty Racing | Chevrolet","Driver",27,15
"Racing",2022,"Panini","National Treasures","Base Holo Silver","Thad Moffitt","STP | Reaume Brothers Racing | Chevrolet","Driver",28,15
"Racing",2022,"Panini","National Treasures","Base Holo Silver","Ty Gibbs","Monster Energy | Joe Gibbs Racing | Toyota","Driver",29,15
"Racing",2022,"Panini","National Treasures","Base Holo Silver","Tyler Reddick","BetMGM | Richard Childress Racing | Chevrolet","Driver",30,15
"Racing",2022,"Panini","National Treasures","Base Holo Silver","William Byron","Liberty University | Hendrick Motorsports | Chevrolet","Driver",31,15
"Racing",2022,"Panini","National Treasures","Base Holo Silver","Zane Smith","SpeedCo | Front Row Motorsports | Ford","Driver",32,15
"Racing",2022,"Panini","National Treasures","Base Holo Silver","Aric Almirola","Smithfield Foods | Stewart-Haas Racing | Ford","Driver",33,15
"Racing",2022,"Panini","National Treasures","Base Holo Silver","Brandon Brown","TradetheChain | Brandonbilt Motorsports | Chevrolet","Driver",34,15
"Racing",2022,"Panini","National Treasures","Base Holo Silver","Chris Buescher","Fastenal | RFK Racing | Ford","Driver",35,15
"Racing",2022,"Panini","National Treasures","Base Holo Silver","Corey LaJoie","Schluter Systems | Spire Motorsports | Chevrolet","Driver",36,15
"Racing",2022,"Panini","National Treasures","Base Holo Silver","Erik Jones","Focus Factor | Petty GMS | Chevrolet","Driver",37,15
"Racing",2022,"Panini","National Treasures","Base Holo Silver","Tanner Gray","Ford Performance | DGR-Crosley | Ford","Driver",38,15
"Racing",2022,"Panini","National Treasures","Base Holo Silver","Taylor Gray","Ford Performance | DGR-Crosley | Ford","Driver",39,15
"Racing",2022,"Panini","National Treasures","Base Holo Silver","Cody Ware","Nurtec | Rick Ware Racing | Ford","Driver",40,15
"Racing",2022,"Panini","National Treasures","Cars","Chase Elliott","NAPA Auto Parts | Hendrick Motorsports | Chevrolet","Driver",41,25
"Racing",2022,"Panini","National Treasures","Cars","Hailie Deegan","Monster Energy | DGR-Crosley | Ford","Driver",42,25
"Racing",2022,"Panini","National Treasures","Cars","Brittney Zamora","Rackley Roofing | Toyota","Driver",43,25
"Racing",2022,"Panini","National Treasures","Cars","Bubba Wallace","Wheaties | 23XI Racing | Toyota","Driver",44,25
"Racing",2022,"Panini","National Treasures","Cars","Kyle Busch","M&M's | Joe Gibbs Racing | Toyota","Driver",45,25
"Racing",2022,"Panini","National Treasures","Cars","Kyle Larson","Hendrickcars.com | Hendrick Motorsports | Chevrolet","Driver",46,25
"Racing",2022,"Panini","National Treasures","Cars","Natalie Decker","NERD Focus | Our Motorsports | Chevrolet","Driver",47,25
"Racing",2022,"Panini","National Treasures","Cars","Jeff Gordon","Pepsi | Hendrick Motorsports | Chevrolet","Driver",48,25
"Racing",2022,"Panini","National Treasures","Cars","Danica Patrick","GoDaddy.com | Premium Motorsports | Chevrolet","Driver",49,25
"Racing",2022,"Panini","National Treasures","Cars","Richard Petty","STP | Petty Enterprises | Plymouth","Driver",50,25
"Racing",2022,"Panini","National Treasures","Cars Holo Gold","Chase Elliott","NAPA Auto Parts | Hendrick Motorsports | Chevrolet","Driver",41,10
"Racing",2022,"Panini","National Treasures","Cars Holo Gold","Hailie Deegan","Monster Energy | DGR-Crosley | Ford","Driver",42,10
"Racing",2022,"Panini","National Treasures","Cars Holo Gold","Brittney Zamora","Rackley Roofing | Toyota","Driver",43,10
"Racing",2022,"Panini","National Treasures","Cars Holo Gold","Bubba Wallace","Wheaties | 23XI Racing | Toyota","Driver",44,10
"Racing",2022,"Panini","National Treasures","Cars Holo Gold","Kyle Busch","M&M's | Joe Gibbs Racing | Toyota","Driver",45,10
"Racing",2022,"Panini","National Treasures","Cars Holo Gold","Kyle Larson","Hendrickcars.com | Hendrick Motorsports | Chevrolet","Driver",46,10
"Racing",2022,"Panini","National Treasures","Cars Holo Gold","Natalie Decker","NERD Focus | Our Motorsports | Chevrolet","Driver",47,10
"Racing",2022,"Panini","National Treasures","Cars Holo Gold","Jeff Gordon","Pepsi | Hendrick Motorsports | Chevrolet","Driver",48,10
"Racing",2022,"Panini","National Treasures","Cars Holo Gold","Danica Patrick","GoDaddy.com | Premium Motorsports | Chevrolet","Driver",49,10
"Racing",2022,"Panini","National Treasures","Cars Holo Gold","Richard Petty","STP | Petty Enterprises | Plymouth","Driver",50,10
"Racing",2022,"Panini","National Treasures","Cars Holo Platinum Blue","Chase Elliott","NAPA Auto Parts | Hendrick Motorsports | Chevrolet","Driver",41,1
"Racing",2022,"Panini","National Treasures","Cars Holo Platinum Blue","Hailie Deegan","Monster Energy | DGR-Crosley | Ford","Driver",42,1
"Racing",2022,"Panini","National Treasures","Cars Holo Platinum Blue","Brittney Zamora","Rackley Roofing | Toyota","Driver",43,1
"Racing",2022,"Panini","National Treasures","Cars Holo Platinum Blue","Bubba Wallace","Wheaties | 23XI Racing | Toyota","Driver",44,1
"Racing",2022,"Panini","National Treasures","Cars Holo Platinum Blue","Kyle Busch","M&M's | Joe Gibbs Racing | Toyota","Driver",45,1
"Racing",2022,"Panini","National Treasures","Cars Holo Platinum Blue","Kyle Larson","Hendrickcars.com | Hendrick Motorsports | Chevrolet","Driver",46,1
"Racing",2022,"Panini","National Treasures","Cars Holo Platinum Blue","Natalie Decker","NERD Focus | Our Motorsports | Chevrolet","Driver",47,1
"Racing",2022,"Panini","National Treasures","Cars Holo Platinum Blue","Jeff Gordon","Pepsi | Hendrick Motorsports | Chevrolet","Driver",48,1
"Racing",2022,"Panini","National Treasures","Cars Holo Platinum Blue","Danica Patrick","GoDaddy.com | Premium Motorsports | Chevrolet","Driver",49,1
"Racing",2022,"Panini","National Treasures","Cars Holo Platinum Blue","Richard Petty","STP | Petty Enterprises | Plymouth","Driver",50,1
"Racing",2022,"Panini","National Treasures","Cars Holo Silver","Chase Elliott","NAPA Auto Parts | Hendrick Motorsports | Chevrolet","Driver",41,15
"Racing",2022,"Panini","National Treasures","Cars Holo Silver","Hailie Deegan","Monster Energy | DGR-Crosley | Ford","Driver",42,15
"Racing",2022,"Panini","National Treasures","Cars Holo Silver","Brittney Zamora","Rackley Roofing | Toyota","Driver",43,15
"Racing",2022,"Panini","National Treasures","Cars Holo Silver","Bubba Wallace","Wheaties | 23XI Racing | Toyota","Driver",44,15
"Racing",2022,"Panini","National Treasures","Cars Holo Silver","Kyle Busch","M&M's | Joe Gibbs Racing | Toyota","Driver",45,15
"Racing",2022,"Panini","National Treasures","Cars Holo Silver","Kyle Larson","Hendrickcars.com | Hendrick Motorsports | Chevrolet","Driver",46,15
"Racing",2022,"Panini","National Treasures","Cars Holo Silver","Natalie Decker","NERD Focus | Our Motorsports | Chevrolet","Driver",47,15
"Racing",2022,"Panini","National Treasures","Cars Holo Silver","Jeff Gordon","Pepsi | Hendrick Motorsports | Chevrolet","Driver",48,15
"Racing",2022,"Panini","National Treasures","Cars Holo Silver","Danica Patrick","GoDaddy.com | Premium Motorsports | Chevrolet","Driver",49,15
"Racing",2022,"Panini","National Treasures","Cars Holo Silver","Richard Petty","STP | Petty Enterprises | Plymouth","Driver",50,15
"Racing",2022,"Panini","National Treasures","Colossal Race Used Firesuits","Brad Keselowski","Kohler | RFK Racing | Ford","Driver",1,49
"Racing",2022,"Panini","National Treasures","Colossal Race Used Firesuits","John Hunter Nemechek","Mobil 1 | Kyle Busch Motorsports | Toyota","Driver",2,49
"Racing",2022,"Panini","National Treasures","Colossal Race Used Firesuits","Cole Custer","Haas Automation | Stewart-Haas Racing | Ford","Driver",4,49
"Racing",2022,"Panini","National Treasures","Colossal Race Used Firesuits","Daniel Suarez","Freeway Insurance | Trackhouse Racing | Chevrolet","Driver",5,49
"Racing",2022,"Panini","National Treasures","Colossal Race Used Firesuits","Jimmie Johnson","Ally Financial | Hendrick Motorsports | Chevrolet","Driver",6,49
"Racing",2022,"Panini","National Treasures","Colossal Race Used Firesuits","Martin Truex Jr.","Bass Pro Shops | Joe Gibbs Racing | Toyota","Driver",7,49
"Racing",2022,"Panini","National Treasures","Colossal Race Used Firesuits","Kyle Busch","M&M's | Joe Gibbs Racing | Toyota","Driver",8,49
"Racing",2022,"Panini","National Treasures","Colossal Race Used Firesuits","Erik Jones","Focus Factor | Petty GMS | Chevrolet","Driver",9,49
"Racing",2022,"Panini","National Treasures","Colossal Race Used Firesuits","Denny Hamlin","FedEx Express | Joe Gibbs Racing | Toyota","Driver",10,49
"Racing",2022,"Panini","National Treasures","Colossal Race Used Firesuits","Daniel Hemric","South Point | Kaulig Racing | Chevrolet","Driver",11,49
"Racing",2022,"Panini","National Treasures","Colossal Race Used Firesuits","Alex Bowman","Ally Financial | Hendrick Motorsports | Chevrolet","Driver",12,49
"Racing",2022,"Panini","National Treasures","Colossal Race Used Firesuits","Aric Almirola","Smithfield Foods | Stewart-Haas Racing | Ford","Driver",13,49
"Racing",2022,"Panini","National Treasures","Colossal Race Used Firesuits","Bubba Wallace","McDonald's | 23XI Racing | Toyota","Driver",14,49
"Racing",2022,"Panini","National Treasures","Colossal Race Used Firesuits","Ryan Newman","Oscar Mayer | Roush Fenway Racing | Ford","Driver",16,49
"Racing",2022,"Panini","National Treasures","Colossal Race Used Firesuits","Ryan Blaney","Menards | Team Penske | Ford","Driver",17,49
"Racing",2022,"Panini","National Treasures","Colossal Race Used Firesuits","Ross Chastain","AdventHealth | Trackhouse Racing | Chevrolet","Driver",18,49
"Racing",2022,"Panini","National Treasures","Colossal Race Used Firesuits","Ricky Stenhouse Jr","Kroger | JTG Daugherty Racing | Chevrolet","Driver",19,49
"Racing",2022,"Panini","National Treasures","Colossal Race Used Firesuits","Noah Gragson","Bass Pro Shops | JR Motorsports | Chevrolet","Driver",20,49
"Racing",2022,"Panini","National Treasures","Colossal Race Used Firesuits","Michael McDowell","Love's Travel Stops | Front Row Motorsports | Ford","Driver",21,49
"Racing",2022,"Panini","National Treasures","Colossal Race Used Firesuits","Kevin Harvick","GearWrench | Stewart-Haas Racing | Ford","Driver",23,19
"Racing",2022,"Panini","National Treasures","Colossal Race Used Firesuits","Joey Logano","Shell-Pennzoil | Team Penske | Ford","Driver",24,49
"Racing",2022,"Panini","National Treasures","Colossal Race Used Firesuits","Corey LaJoie","Built Bar | Spire Motorsports | Chevrolet","Driver",25,49
"Racing",2022,"Panini","National Treasures","Colossal Race Used Firesuits","Clint Bowyer","Rush Truck Centers | Stewart-Haas Racing| Ford","Driver",26,49
"Racing",2022,"Panini","National Treasures","Colossal Race Used Firesuits","Matt DiBenedetto","Rackley Roofing | Rackley WAR | Chevrolet","Driver",27,49
"Racing",2022,"Panini","National Treasures","Colossal Race Used Firesuits","Brandon Jones","Menards | Joe Gibbs Racing | Toyota","Driver",28,49
"Racing",2022,"Panini","National Treasures","Colossal Race Used Firesuits","Justin Allgaier","Brandt | JR Motorsports | Chevrolet","Driver",29,49
"Racing",2022,"Panini","National Treasures","Colossal Race Used Firesuits Laundry Tags","Brad Keselowski","Kohler | RFK Racing | Ford","Driver",1,1
"Racing",2022,"Panini","National Treasures","Colossal Race Used Firesuits Laundry Tags","John Hunter Nemechek","Mobil 1 | Kyle Busch Motorsports | Toyota","Driver",2,1
"Racing",2022,"Panini","National Treasures","Colossal Race Used Firesuits Laundry Tags","Dale Earnhardt Jr","AXALTA | Hendrick Motorsports | Chevrolet","Driver",3,1
"Racing",2022,"Panini","National Treasures","Colossal Race Used Firesuits Laundry Tags","Cole Custer","Haas Automation | Stewart-Haas Racing | Ford","Driver",4,1
"Racing",2022,"Panini","National Treasures","Colossal Race Used Firesuits Laundry Tags","Daniel Suarez","Freeway Insurance | Trackhouse Racing | Chevrolet","Driver",5,1
"Racing",2022,"Panini","National Treasures","Colossal Race Used Firesuits Laundry Tags","Jimmie Johnson","Ally Financial | Hendrick Motorsports | Chevrolet","Driver",6,1
"Racing",2022,"Panini","National Treasures","Colossal Race Used Firesuits Laundry Tags","Martin Truex Jr.","Bass Pro Shops | Joe Gibbs Racing | Toyota","Driver",7,1
"Racing",2022,"Panini","National Treasures","Colossal Race Used Firesuits Laundry Tags","Kyle Busch","M&M's | Joe Gibbs Racing | Toyota","Driver",8,1
"Racing",2022,"Panini","National Treasures","Colossal Race Used Firesuits Laundry Tags","Erik Jones","Focus Factor | Petty GMS | Chevrolet","Driver",9,1
"Racing",2022,"Panini","National Treasures","Colossal Race Used Firesuits Laundry Tags","Daniel Hemric","South Point | Kaulig Racing | Chevrolet","Driver",11,1
"Racing",2022,"Panini","National Treasures","Colossal Race Used Firesuits Laundry Tags","Alex Bowman","Ally Financial | Hendrick Motorsports | Chevrolet","Driver",12,1
"Racing",2022,"Panini","National Treasures","Colossal Race Used Firesuits Laundry Tags","Aric Almirola","Smithfield Foods | Stewart-Haas Racing | Ford","Driver",13,1
"Racing",2022,"Panini","National Treasures","Colossal Race Used Firesuits Laundry Tags","Ryan Newman","Oscar Mayer | Roush Fenway Racing | Ford","Driver",16,1
"Racing",2022,"Panini","National Treasures","Colossal Race Used Firesuits Laundry Tags","Ross Chastain","AdventHealth | Trackhouse Racing | Chevrolet","Driver",18,1
"Racing",2022,"Panini","National Treasures","Colossal Race Used Firesuits Laundry Tags","Ricky Stenhouse Jr","Kroger | JTG Daugherty Racing | Chevrolet","Driver",19,1
"Racing",2022,"Panini","National Treasures","Colossal Race Used Firesuits Laundry Tags","Noah Gragson","Bass Pro Shops | JR Motorsports | Chevrolet","Driver",20,1
"Racing",2022,"Panini","National Treasures","Colossal Race Used Firesuits Laundry Tags","Michael McDowell","Love's Travel Stops | Front Row Motorsports | Ford","Driver",21,1
"Racing",2022,"Panini","National Treasures","Colossal Race Used Firesuits Laundry Tags","Kevin Harvick","GearWrench | Stewart-Haas Racing | Ford","Driver",23,1
"Racing",2022,"Panini","National Treasures","Colossal Race Used Firesuits Laundry Tags","Corey LaJoie","Built Bar | Spire Motorsports | Chevrolet","Driver",25,1
"Racing",2022,"Panini","National Treasures","Colossal Race Used Firesuits Laundry Tags","Clint Bowyer","Rush Truck Centers | Stewart-Haas Racing| Ford","Driver",26,1
"Racing",2022,"Panini","National Treasures","Colossal Race Used Firesuits Laundry Tags","Matt DiBenedetto","Rackley Roofing | Rackley WAR | Chevrolet","Driver",27,1
"Racing",2022,"Panini","National Treasures","Colossal Race Used Firesuits Laundry Tags","Brandon Jones","Menards | Joe Gibbs Racing | Toyota","Driver",28,1
"Racing",2022,"Panini","National Treasures","Colossal Race Used Firesuits Laundry Tags","Justin Allgaier","Brandt | JR Motorsports | Chevrolet","Driver",29,1
"Racing",2022,"Panini","National Treasures","Colossal Race Used Firesuits Prime","Brad Keselowski","Kohler | RFK Racing | Ford","Driver",1,10
"Racing",2022,"Panini","National Treasures","Colossal Race Used Firesuits Prime","John Hunter Nemechek","Mobil 1 | Kyle Busch Motorsports | Toyota","Driver",2,7
"Racing",2022,"Panini","National Treasures","Colossal Race Used Firesuits Prime","Cole Custer","Haas Automation | Stewart-Haas Racing | Ford","Driver",4,10
"Racing",2022,"Panini","National Treasures","Colossal Race Used Firesuits Prime","Jimmie Johnson","Ally Financial | Hendrick Motorsports | Chevrolet","Driver",6,10
"Racing",2022,"Panini","National Treasures","Colossal Race Used Firesuits Prime","Martin Truex Jr.","Bass Pro Shops | Joe Gibbs Racing | Toyota","Driver",7,10
"Racing",2022,"Panini","National Treasures","Colossal Race Used Firesuits Prime","Kyle Busch","M&M's | Joe Gibbs Racing | Toyota","Driver",8,10
"Racing",2022,"Panini","National Treasures","Colossal Race Used Firesuits Prime","Erik Jones","Focus Factor | Petty GMS | Chevrolet","Driver",9,10
"Racing",2022,"Panini","National Treasures","Colossal Race Used Firesuits Prime","Denny Hamlin","FedEx Express | Joe Gibbs Racing | Toyota","Driver",10,10
"Racing",2022,"Panini","National Treasures","Colossal Race Used Firesuits Prime","Daniel Hemric","South Point | Kaulig Racing | Chevrolet","Driver",11,10
"Racing",2022,"Panini","National Treasures","Colossal Race Used Firesuits Prime","Aric Almirola","Smithfield Foods | Stewart-Haas Racing | Ford","Driver",13,10
"Racing",2022,"Panini","National Treasures","Colossal Race Used Firesuits Prime","William Byron","AXALTA | Hendrick Motorsports | Chevrolet","Driver",15,10
"Racing",2022,"Panini","National Treasures","Colossal Race Used Firesuits Prime","Ryan Blaney","Menards | Team Penske | Ford","Driver",17,10
"Racing",2022,"Panini","National Treasures","Colossal Race Used Firesuits Prime","Ross Chastain","AdventHealth | Trackhouse Racing | Chevrolet","Driver",18,10
"Racing",2022,"Panini","National Treasures","Colossal Race Used Firesuits Prime","Noah Gragson","Bass Pro Shops | JR Motorsports | Chevrolet","Driver",20,10
"Racing",2022,"Panini","National Treasures","Colossal Race Used Firesuits Prime","Michael McDowell","Love's Travel Stops | Front Row Motorsports | Ford","Driver",21,10
"Racing",2022,"Panini","National Treasures","Colossal Race Used Firesuits Prime","Joey Logano","Shell-Pennzoil | Team Penske | Ford","Driver",24,10
"Racing",2022,"Panini","National Treasures","Colossal Race Used Firesuits Prime","Corey LaJoie","Built Bar | Spire Motorsports | Chevrolet","Driver",25,10
"Racing",2022,"Panini","National Treasures","Colossal Race Used Firesuits Prime","Clint Bowyer","Rush Truck Centers | Stewart-Haas Racing| Ford","Driver",26,10
"Racing",2022,"Panini","National Treasures","Colossal Race Used Firesuits Prime","Matt DiBenedetto","Rackley Roofing | Rackley WAR | Chevrolet","Driver",27,9
"Racing",2022,"Panini","National Treasures","Colossal Race Used Firesuits Prime","Brandon Jones","Menards | Joe Gibbs Racing | Toyota","Driver",28,10
"Racing",2022,"Panini","National Treasures","Colossal Race Used Firesuits Prime","Justin Allgaier","Brandt | JR Motorsports | Chevrolet","Driver",29,10
"Racing",2022,"Panini","National Treasures","Colossal Race Used Gloves","Brad Keselowski","Kohler | RFK Racing | Ford","Driver",1,15
"Racing",2022,"Panini","National Treasures","Colossal Race Used Gloves","John Hunter Nemechek","Mobil 1 | Kyle Busch Motorsports | Toyota","Driver",2,25
"Racing",2022,"Panini","National Treasures","Colossal Race Used Gloves","Dale Earnhardt Jr","AXALTA | Hendrick Motorsports | Chevrolet","Driver",3,25
"Racing",2022,"Panini","National Treasures","Colossal Race Used Gloves","Cole Custer","Haas Automation | Stewart-Haas Racing | Ford","Driver",4,25
"Racing",2022,"Panini","National Treasures","Colossal Race Used Gloves","Daniel Suarez","Freeway Insurance | Trackhouse Racing | Chevrolet","Driver",5,25
"Racing",2022,"Panini","National Treasures","Colossal Race Used Gloves","Jimmie Johnson","Ally Financial | Hendrick Motorsports | Chevrolet","Driver",6,25
"Racing",2022,"Panini","National Treasures","Colossal Race Used Gloves","Erik Jones","Focus Factor | Petty GMS | Chevrolet","Driver",9,16
"Racing",2022,"Panini","National Treasures","Colossal Race Used Gloves","Denny Hamlin","FedEx Express | Joe Gibbs Racing | Toyota","Driver",10,6
"Racing",2022,"Panini","National Treasures","Colossal Race Used Gloves","Daniel Hemric","South Point | Kaulig Racing | Chevrolet","Driver",11,6
"Racing",2022,"Panini","National Treasures","Colossal Race Used Gloves","Alex Bowman","Ally Financial | Hendrick Motorsports | Chevrolet","Driver",12,6
"Racing",2022,"Panini","National Treasures","Colossal Race Used Gloves","Aric Almirola","Smithfield Foods | Stewart-Haas Racing | Ford","Driver",13,25
"Racing",2022,"Panini","National Treasures","Colossal Race Used Gloves","Ryan Blaney","Menards | Team Penske | Ford","Driver",17,25
"Racing",2022,"Panini","National Treasures","Colossal Race Used Gloves","Ross Chastain","AdventHealth | Trackhouse Racing | Chevrolet","Driver",18,12
"Racing",2022,"Panini","National Treasures","Colossal Race Used Gloves","Noah Gragson","Bass Pro Shops | JR Motorsports | Chevrolet","Driver",20,11
"Racing",2022,"Panini","National Treasures","Colossal Race Used Gloves","Corey LaJoie","Built Bar | Spire Motorsports | Chevrolet","Driver",25,14
"Racing",2022,"Panini","National Treasures","Colossal Race Used Gloves","Brandon Jones","Menards | Joe Gibbs Racing | Toyota","Driver",28,25
"Racing",2022,"Panini","National Treasures","Colossal Race Used Gloves","Justin Allgaier","Brandt | JR Motorsports | Chevrolet","Driver",29,25
"Racing",2022,"Panini","National Treasures","Colossal Race Used Sheet Metal","John Hunter Nemechek","Mobil 1 | Kyle Busch Motorsports | Toyota","Driver",2,49
"Racing",2022,"Panini","National Treasures","Colossal Race Used Sheet Metal","Cole Custer","Haas Automation | Stewart-Haas Racing | Ford","Driver",4,49
"Racing",2022,"Panini","National Treasures","Colossal Race Used Sheet Metal","Daniel Suarez","Freeway Insurance | Trackhouse Racing | Chevrolet","Driver",5,49
"Racing",2022,"Panini","National Treasures","Colossal Race Used Sheet Metal","Jimmie Johnson","Ally Financial | Hendrick Motorsports | Chevrolet","Driver",6,49
"Racing",2022,"Panini","National Treasures","Colossal Race Used Sheet Metal","Martin Truex Jr.","Bass Pro Shops | Joe Gibbs Racing | Toyota","Driver",7,49
"Racing",2022,"Panini","National Treasures","Colossal Race Used Sheet Metal","Kyle Busch","M&M's | Joe Gibbs Racing | Toyota","Driver",8,49
"Racing",2022,"Panini","National Treasures","Colossal Race Used Sheet Metal","Erik Jones","Focus Factor | Petty GMS | Chevrolet","Driver",9,49
"Racing",2022,"Panini","National Treasures","Colossal Race Used Sheet Metal","Denny Hamlin","FedEx Express | Joe Gibbs Racing | Toyota","Driver",10,49
"Racing",2022,"Panini","National Treasures","Colossal Race Used Sheet Metal","Daniel Hemric","South Point | Kaulig Racing | Chevrolet","Driver",11,49
"Racing",2022,"Panini","National Treasures","Colossal Race Used Sheet Metal","Alex Bowman","Ally Financial | Hendrick Motorsports | Chevrolet","Driver",12,49
"Racing",2022,"Panini","National Treasures","Colossal Race Used Sheet Metal","Aric Almirola","Smithfield Foods | Stewart-Haas Racing | Ford","Driver",13,17
"Racing",2022,"Panini","National Treasures","Colossal Race Used Sheet Metal","Bubba Wallace","McDonald's | 23XI Racing | Toyota","Driver",14,49
"Racing",2022,"Panini","National Treasures","Colossal Race Used Sheet Metal","William Byron","AXALTA | Hendrick Motorsports | Chevrolet","Driver",15,49
"Racing",2022,"Panini","National Treasures","Colossal Race Used Sheet Metal","Ryan Newman","Oscar Mayer | Roush Fenway Racing | Ford","Driver",16,49
"Racing",2022,"Panini","National Treasures","Colossal Race Used Sheet Metal","Ryan Blaney","Menards | Team Penske | Ford","Driver",17,47
"Racing",2022,"Panini","National Treasures","Colossal Race Used Sheet Metal","Ross Chastain","AdventHealth | Trackhouse Racing | Chevrolet","Driver",18,49
"Racing",2022,"Panini","National Treasures","Colossal Race Used Sheet Metal","Ricky Stenhouse Jr","Kroger | JTG Daugherty Racing | Chevrolet","Driver",19,49
"Racing",2022,"Panini","National Treasures","Colossal Race Used Sheet Metal","Noah Gragson","Bass Pro Shops | JR Motorsports | Chevrolet","Driver",20,49
"Racing",2022,"Panini","National Treasures","Colossal Race Used Sheet Metal","Michael McDowell","Love's Travel Stops | Front Row Motorsports | Ford","Driver",21,49
"Racing",2022,"Panini","National Treasures","Colossal Race Used Sheet Metal","Corey LaJoie","Built Bar | Spire Motorsports | Chevrolet","Driver",25,49
"Racing",2022,"Panini","National Treasures","Colossal Race Used Sheet Metal","Clint Bowyer","Rush Truck Centers | Stewart-Haas Racing| Ford","Driver",26,49
"Racing",2022,"Panini","National Treasures","Colossal Race Used Sheet Metal","Matt DiBenedetto","Rackley Roofing | Rackley WAR | Chevrolet","Driver",27,49
"Racing",2022,"Panini","National Treasures","Colossal Race Used Sheet Metal","Brandon Jones","Menards | Joe Gibbs Racing | Toyota","Driver",28,49
"Racing",2022,"Panini","National Treasures","Colossal Race Used Sheet Metal","Justin Allgaier","Brandt | JR Motorsports | Chevrolet","Driver",29,49
"Racing",2022,"Panini","National Treasures","Colossal Race Used Sheet Metal Platinum Blue","Brad Keselowski","Kohler | RFK Racing | Ford","Driver",1,1
"Racing",2022,"Panini","National Treasures","Colossal Race Used Sheet Metal Platinum Blue","John Hunter Nemechek","Mobil 1 | Kyle Busch Motorsports | Toyota","Driver",2,1
"Racing",2022,"Panini","National Treasures","Colossal Race Used Sheet Metal Platinum Blue","Dale Earnhardt Jr","AXALTA | Hendrick Motorsports | Chevrolet","Driver",3,1
"Racing",2022,"Panini","National Treasures","Colossal Race Used Sheet Metal Platinum Blue","Cole Custer","Haas Automation | Stewart-Haas Racing | Ford","Driver",4,1
"Racing",2022,"Panini","National Treasures","Colossal Race Used Sheet Metal Platinum Blue","Daniel Suarez","Freeway Insurance | Trackhouse Racing | Chevrolet","Driver",5,1
"Racing",2022,"Panini","National Treasures","Colossal Race Used Sheet Metal Platinum Blue","Jimmie Johnson","Ally Financial | Hendrick Motorsports | Chevrolet","Driver",6,1
"Racing",2022,"Panini","National Treasures","Colossal Race Used Sheet Metal Platinum Blue","Martin Truex Jr.","Bass Pro Shops | Joe Gibbs Racing | Toyota","Driver",7,1
"Racing",2022,"Panini","National Treasures","Colossal Race Used Sheet Metal Platinum Blue","Kyle Busch","M&M's | Joe Gibbs Racing | Toyota","Driver",8,1
"Racing",2022,"Panini","National Treasures","Colossal Race Used Sheet Metal Platinum Blue","Erik Jones","Focus Factor | Petty GMS | Chevrolet","Driver",9,1
"Racing",2022,"Panini","National Treasures","Colossal Race Used Sheet Metal Platinum Blue","Denny Hamlin","FedEx Express | Joe Gibbs Racing | Toyota","Driver",10,1
"Racing",2022,"Panini","National Treasures","Colossal Race Used Sheet Metal Platinum Blue","Daniel Hemric","South Point | Kaulig Racing | Chevrolet","Driver",11,1
"Racing",2022,"Panini","National Treasures","Colossal Race Used Sheet Metal Platinum Blue","Alex Bowman","Ally Financial | Hendrick Motorsports | Chevrolet","Driver",12,1
"Racing",2022,"Panini","National Treasures","Colossal Race Used Sheet Metal Platinum Blue","Aric Almirola","Smithfield Foods | Stewart-Haas Racing | Ford","Driver",13,1
"Racing",2022,"Panini","National Treasures","Colossal Race Used Sheet Metal Platinum Blue","Bubba Wallace","McDonald's | 23XI Racing | Toyota","Driver",14,1
"Racing",2022,"Panini","National Treasures","Colossal Race Used Sheet Metal Platinum Blue","William Byron","AXALTA | Hendrick Motorsports | Chevrolet","Driver",15,1
"Racing",2022,"Panini","National Treasures","Colossal Race Used Sheet Metal Platinum Blue","Ryan Newman","Oscar Mayer | Roush Fenway Racing | Ford","Driver",16,1
"Racing",2022,"Panini","National Treasures","Colossal Race Used Sheet Metal Platinum Blue","Ryan Blaney","Menards | Team Penske | Ford","Driver",17,1
"Racing",2022,"Panini","National Treasures","Colossal Race Used Sheet Metal Platinum Blue","Ross Chastain","AdventHealth | Trackhouse Racing | Chevrolet","Driver",18,1
"Racing",2022,"Panini","National Treasures","Colossal Race Used Sheet Metal Platinum Blue","Ricky Stenhouse Jr","Kroger | JTG Daugherty Racing | Chevrolet","Driver",19,1
"Racing",2022,"Panini","National Treasures","Colossal Race Used Sheet Metal Platinum Blue","Noah Gragson","Bass Pro Shops | JR Motorsports | Chevrolet","Driver",20,1
"Racing",2022,"Panini","National Treasures","Colossal Race Used Sheet Metal Platinum Blue","Michael McDowell","Love's Travel Stops | Front Row Motorsports | Ford","Driver",21,1
"Racing",2022,"Panini","National Treasures","Colossal Race Used Sheet Metal Platinum Blue","Kevin Harvick","GearWrench | Stewart-Haas Racing | Ford","Driver",23,1
"Racing",2022,"Panini","National Treasures","Colossal Race Used Sheet Metal Platinum Blue","Joey Logano","Shell-Pennzoil | Team Penske | Ford","Driver",24,1
"Racing",2022,"Panini","National Treasures","Colossal Race Used Sheet Metal Platinum Blue","Corey LaJoie","Built Bar | Spire Motorsports | Chevrolet","Driver",25,1
"Racing",2022,"Panini","National Treasures","Colossal Race Used Sheet Metal Platinum Blue","Clint Bowyer","Rush Truck Centers | Stewart-Haas Racing| Ford","Driver",26,1
"Racing",2022,"Panini","National Treasures","Colossal Race Used Sheet Metal Platinum Blue","Matt DiBenedetto","Rackley Roofing | Rackley WAR | Chevrolet","Driver",27,1
"Racing",2022,"Panini","National Treasures","Colossal Race Used Sheet Metal Platinum Blue","Brandon Jones","Menards | Joe Gibbs Racing | Toyota","Driver",28,1
"Racing",2022,"Panini","National Treasures","Colossal Race Used Sheet Metal Platinum Blue","Justin Allgaier","Brandt | JR Motorsports | Chevrolet","Driver",29,1
"Racing",2022,"Panini","National Treasures","Colossal Race Used Shoes","Dale Earnhardt Jr","AXALTA | Hendrick Motorsports | Chevrolet","Driver",3,10
"Racing",2022,"Panini","National Treasures","Colossal Race Used Shoes","Cole Custer","Haas Automation | Stewart-Haas Racing | Ford","Driver",4,10
"Racing",2022,"Panini","National Treasures","Colossal Race Used Shoes","Daniel Suarez","Freeway Insurance | Trackhouse Racing | Chevrolet","Driver",5,10
"Racing",2022,"Panini","National Treasures","Colossal Race Used Shoes","Jimmie Johnson","Ally Financial | Hendrick Motorsports | Chevrolet","Driver",6,10
"Racing",2022,"Panini","National Treasures","Colossal Race Used Shoes","Kyle Busch","M&M's | Joe Gibbs Racing | Toyota","Driver",8,10
"Racing",2022,"Panini","National Treasures","Colossal Race Used Shoes","Erik Jones","Focus Factor | Petty GMS | Chevrolet","Driver",9,10
"Racing",2022,"Panini","National Treasures","Colossal Race Used Shoes","Denny Hamlin","FedEx Express | Joe Gibbs Racing | Toyota","Driver",10,3
"Racing",2022,"Panini","National Treasures","Colossal Race Used Shoes","Daniel Hemric","South Point | Kaulig Racing | Chevrolet","Driver",11,10
"Racing",2022,"Panini","National Treasures","Colossal Race Used Shoes","Alex Bowman","Ally Financial | Hendrick Motorsports | Chevrolet","Driver",12,2
"Racing",2022,"Panini","National Treasures","Colossal Race Used Shoes","Aric Almirola","Smithfield Foods | Stewart-Haas Racing | Ford","Driver",13,7
"Racing",2022,"Panini","National Treasures","Colossal Race Used Shoes","Ricky Stenhouse Jr","Kroger | JTG Daugherty Racing | Chevrolet","Driver",19,5
"Racing",2022,"Panini","National Treasures","Colossal Race Used Shoes","Brandon Jones","Menards | Joe Gibbs Racing | Toyota","Driver",28,10
"Racing",2022,"Panini","National Treasures","Colossal Race Used Shoes","Justin Allgaier","Brandt | JR Motorsports | Chevrolet","Driver",29,10
"Racing",2022,"Panini","National Treasures","Colossal Race Used Tires","Brad Keselowski","Kohler | RFK Racing | Ford","Driver",1,49
"Racing",2022,"Panini","National Treasures","Colossal Race Used Tires","John Hunter Nemechek","Mobil 1 | Kyle Busch Motorsports | Toyota","Driver",2,49
"Racing",2022,"Panini","National Treasures","Colossal Race Used Tires","Cole Custer","Haas Automation | Stewart-Haas Racing | Ford","Driver",4,49
"Racing",2022,"Panini","National Treasures","Colossal Race Used Tires","Daniel Suarez","Freeway Insurance | Trackhouse Racing | Chevrolet","Driver",5,49
"Racing",2022,"Panini","National Treasures","Colossal Race Used Tires","Jimmie Johnson","Ally Financial | Hendrick Motorsports | Chevrolet","Driver",6,49
"Racing",2022,"Panini","National Treasures","Colossal Race Used Tires","Martin Truex Jr.","Bass Pro Shops | Joe Gibbs Racing | Toyota","Driver",7,49
"Racing",2022,"Panini","National Treasures","Colossal Race Used Tires","Kyle Busch","M&M's | Joe Gibbs Racing | Toyota","Driver",8,49
"Racing",2022,"Panini","National Treasures","Colossal Race Used Tires","Erik Jones","Focus Factor | Petty GMS | Chevrolet","Driver",9,49
"Racing",2022,"Panini","National Treasures","Colossal Race Used Tires","Denny Hamlin","FedEx Express | Joe Gibbs Racing | Toyota","Driver",10,49
"Racing",2022,"Panini","National Treasures","Colossal Race Used Tires","Daniel Hemric","South Point | Kaulig Racing | Chevrolet","Driver",11,49
"Racing",2022,"Panini","National Treasures","Colossal Race Used Tires","Alex Bowman","Ally Financial | Hendrick Motorsports | Chevrolet","Driver",12,49
"Racing",2022,"Panini","National Treasures","Colossal Race Used Tires","Aric Almirola","Smithfield Foods | Stewart-Haas Racing | Ford","Driver",13,49
"Racing",2022,"Panini","National Treasures","Colossal Race Used Tires","Bubba Wallace","McDonald's | 23XI Racing | Toyota","Driver",14,49
"Racing",2022,"Panini","National Treasures","Colossal Race Used Tires","William Byron","AXALTA | Hendrick Motorsports | Chevrolet","Driver",15,49
"Racing",2022,"Panini","National Treasures","Colossal Race Used Tires","Ryan Newman","Oscar Mayer | Roush Fenway Racing | Ford","Driver",16,49
"Racing",2022,"Panini","National Treasures","Colossal Race Used Tires","Ryan Blaney","Menards | Team Penske | Ford","Driver",17,49
"Racing",2022,"Panini","National Treasures","Colossal Race Used Tires","Ross Chastain","AdventHealth | Trackhouse Racing | Chevrolet","Driver",18,49
"Racing",2022,"Panini","National Treasures","Colossal Race Used Tires","Ricky Stenhouse Jr","Kroger | JTG Daugherty Racing | Chevrolet","Driver",19,49
"Racing",2022,"Panini","National Treasures","Colossal Race Used Tires","Noah Gragson","Bass Pro Shops | JR Motorsports | Chevrolet","Driver",20,49
"Racing",2022,"Panini","National Treasures","Colossal Race Used Tires","Michael McDowell","Love's Travel Stops | Front Row Motorsports | Ford","Driver",21,49
"Racing",2022,"Panini","National Treasures","Colossal Race Used Tires","Jeff Gordon","AXALTA | Hendrick Motorsports | Chevrolet","Driver",22,49
"Racing",2022,"Panini","National Treasures","Colossal Race Used Tires","Kevin Harvick","GearWrench | Stewart-Haas Racing | Ford","Driver",23,49
"Racing",2022,"Panini","National Treasures","Colossal Race Used Tires","Joey Logano","Shell-Pennzoil | Team Penske | Ford","Driver",24,49
"Racing",2022,"Panini","National Treasures","Colossal Race Used Tires","Corey LaJoie","Built Bar | Spire Motorsports | Chevrolet","Driver",25,49
"Racing",2022,"Panini","National Treasures","Colossal Race Used Tires","Clint Bowyer","Rush Truck Centers | Stewart-Haas Racing| Ford","Driver",26,49
"Racing",2022,"Panini","National Treasures","Colossal Race Used Tires","Matt DiBenedetto","Rackley Roofing | Rackley WAR | Chevrolet","Driver",27,49
"Racing",2022,"Panini","National Treasures","Colossal Race Used Tires","Brandon Jones","Menards | Joe Gibbs Racing | Toyota","Driver",28,49
"Racing",2022,"Panini","National Treasures","Colossal Race Used Tires","Justin Allgaier","Brandt | JR Motorsports | Chevrolet","Driver",29,49
"Racing",2022,"Panini","National Treasures","Colossal Race Used Tires Prime","John Hunter Nemechek","Mobil 1 | Kyle Busch Motorsports | Toyota","Driver",2,10
"Racing",2022,"Panini","National Treasures","Colossal Race Used Tires Prime","Jimmie Johnson","Ally Financial | Hendrick Motorsports | Chevrolet","Driver",6,10
"Racing",2022,"Panini","National Treasures","Colossal Race Used Tires Prime","Daniel Hemric","South Point | Kaulig Racing | Chevrolet","Driver",11,8
"Racing",2022,"Panini","National Treasures","Colossal Race Used Tires Prime","Ryan Blaney","Menards | Team Penske | Ford","Driver",17,8
"Racing",2022,"Panini","National Treasures","Colossal Race Used Tires Prime","Ricky Stenhouse Jr","Kroger | JTG Daugherty Racing | Chevrolet","Driver",19,10
"Racing",2022,"Panini","National Treasures","Colossal Race Used Tires Prime","Noah Gragson","Bass Pro Shops | JR Motorsports | Chevrolet","Driver",20,10
"Racing",2022,"Panini","National Treasures","Colossal Race Used Tires Prime","Corey LaJoie","Built Bar | Spire Motorsports | Chevrolet","Driver",25,10
"Racing",2022,"Panini","National Treasures","Colossal Race Used Tires Prime","Clint Bowyer","Rush Truck Centers | Stewart-Haas Racing| Ford","Driver",26,4
"Racing",2022,"Panini","National Treasures","Colossal Race Used Tires Prime","Brandon Jones","Menards | Joe Gibbs Racing | Toyota","Driver",28,10
"Racing",2022,"Panini","National Treasures","Colossal Race Used Tires Prime","Justin Allgaier","Brandt | JR Motorsports | Chevrolet","Driver",29,10
"Racing",2022,"Panini","National Treasures","Colossal Race Used Tires Prime Platinum Blue","John Hunter Nemechek","Mobil 1 | Kyle Busch Motorsports | Toyota","Driver",2,1
"Racing",2022,"Panini","National Treasures","Colossal Race Used Tires Prime Platinum Blue","Jimmie Johnson","Ally Financial | Hendrick Motorsports | Chevrolet","Driver",6,1
"Racing",2022,"Panini","National Treasures","Colossal Race Used Tires Prime Platinum Blue","Erik Jones","Focus Factor | Petty GMS | Chevrolet","Driver",9,1
"Racing",2022,"Panini","National Treasures","Colossal Race Used Tires Prime Platinum Blue","Daniel Hemric","South Point | Kaulig Racing | Chevrolet","Driver",11,1
"Racing",2022,"Panini","National Treasures","Colossal Race Used Tires Prime Platinum Blue","Ricky Stenhouse Jr","Kroger | JTG Daugherty Racing | Chevrolet","Driver",19,1
"Racing",2022,"Panini","National Treasures","Colossal Race Used Tires Prime Platinum Blue","Noah Gragson","Bass Pro Shops | JR Motorsports | Chevrolet","Driver",20,1
"Racing",2022,"Panini","National Treasures","Colossal Race Used Tires Prime Platinum Blue","Corey LaJoie","Built Bar | Spire Motorsports | Chevrolet","Driver",25,1
"Racing",2022,"Panini","National Treasures","Colossal Race Used Tires Prime Platinum Blue","Clint Bowyer","Rush Truck Centers | Stewart-Haas Racing| Ford","Driver",26,1
"Racing",2022,"Panini","National Treasures","Colossal Race Used Tires Prime Platinum Blue","Brandon Jones","Menards | Joe Gibbs Racing | Toyota","Driver",28,1
"Racing",2022,"Panini","National Treasures","Colossal Race Used Tires Prime Platinum Blue","Justin Allgaier","Brandt | JR Motorsports | Chevrolet","Driver",29,1
"Racing",2022,"Panini","National Treasures","Cut Signature Materials","Dale Jarrett/Dale Jarrett","Quality Care | Robert Yates Racing | Ford/Quality Care | Robert Yates Racing | Ford","Driver/Driver",1,1
"Racing",2022,"Panini","National Treasures","Cut Signature Materials","Terry Labonte/Terry Labonte","Kellogg's Corn Flakes | Hendrick Motorsports | Chevrolet/Kellogg's Corn Flakes | Hendrick Motorsports | Chevrolet","Driver/Driver",3,1
"Racing",2022,"Panini","National Treasures","Cut Signature Materials","Jeff Gordon/Jeff Gordon","DuPont | Hendrick Motorsports | Chevrolet/DuPont | Hendrick Motorsports | Chevrolet","Driver/Driver",5,1
"Racing",2022,"Panini","National Treasures","Cut Signature Materials","Ernie Irvan/Ernie Irvan","Kodak | Larry McClure | Chevrolet/Kodak | Larry McClure | Chevrolet","Driver/Driver",6,1
"Racing",2022,"Panini","National Treasures","Cut Signature Materials Championships","Dale Jarrett/Dale Jarrett","Quality Care | Robert Yates Racing | Ford/Quality Care | Robert Yates Racing | Ford","Driver/Driver",1,1
"Racing",2022,"Panini","National Treasures","Cut Signature Materials Championships","Terry Labonte/Terry Labonte","Kellogg's Corn Flakes | Hendrick Motorsports | Chevrolet/Kellogg's Corn Flakes | Hendrick Motorsports | Chevrolet","Driver/Driver",3,1
"Racing",2022,"Panini","National Treasures","Cut Signature Materials Championships","Jeff Gordon/Jeff Gordon","DuPont | Hendrick Motorsports | Chevrolet/DuPont | Hendrick Motorsports | Chevrolet","Driver/Driver",5,1
"Racing",2022,"Panini","National Treasures","Cut Signature Materials HOF Class","Dale Jarrett/Dale Jarrett","Quality Care | Robert Yates Racing | Ford/Quality Care | Robert Yates Racing | Ford","Driver/Driver",1,1
"Racing",2022,"Panini","National Treasures","Cut Signature Materials HOF Class","Terry Labonte/Terry Labonte","Kellogg's Corn Flakes | Hendrick Motorsports | Chevrolet/Kellogg's Corn Flakes | Hendrick Motorsports | Chevrolet","Driver/Driver",3,1
"Racing",2022,"Panini","National Treasures","Cut Signature Materials Hometown","Jeff Gordon/Jeff Gordon","DuPont | Hendrick Motorsports | Chevrolet/DuPont | Hendrick Motorsports | Chevrolet","Driver/Driver",5,1
"Racing",2022,"Panini","National Treasures","Cut Signature Materials Hometown","Ernie Irvan/Ernie Irvan","Kodak | Larry McClure | Chevrolet/Kodak | Larry McClure | Chevrolet","Driver/Driver",6,1
"Racing",2022,"Panini","National Treasures","Cut Signature Materials Nickname","Dale Jarrett/Dale Jarrett","Quality Care | Robert Yates Racing | Ford/Quality Care | Robert Yates Racing | Ford","Driver/Driver",1,1
"Racing",2022,"Panini","National Treasures","Cut Signature Materials Nickname","Terry Labonte/Terry Labonte","Kellogg's Corn Flakes | Hendrick Motorsports | Chevrolet/Kellogg's Corn Flakes | Hendrick Motorsports | Chevrolet","Driver/Driver",3,1
"Racing",2022,"Panini","National Treasures","Cut Signature Materials Nickname","Jeff Gordon/Jeff Gordon","DuPont | Hendrick Motorsports | Chevrolet/DuPont | Hendrick Motorsports | Chevrolet","Driver/Driver",5,1
"Racing",2022,"Panini","National Treasures","Cut Signature Materials Nickname","Ernie Irvan/Ernie Irvan","Kodak | Larry McClure | Chevrolet/Kodak | Larry McClure | Chevrolet","Driver/Driver",6,1
"Racing",2022,"Panini","National Treasures","Cut Signatures","Herb Thomas","No NASCAR Team","Driver",4,1
"Racing",2022,"Panini","National Treasures","Cut Signatures","Rex White","White-Clements | Rex White | Chevrolet","Driver",7,1
"Racing",2022,"Panini","National Treasures","Cut Signatures","Fred Lorenzen","LaFayette | Holman-Moody | Ford","Car",9,1
"Racing",2022,"Panini","National Treasures","Cut Signatures","David Pearson ","Purolator | Wood Brothers Racing | Mercury","Driver",10,1
"Racing",2022,"Panini","National Treasures","Cut Signatures","Bill France Jr.","No Team","Executive",13,1
"Racing",2022,"Panini","National Treasures","Dual Autographs","Kyle Busch/Denny Hamlin","M&M's | Joe Gibbs Racing | Toyota/FedEx Express | Joe Gibbs Racing | Toyota","Driver/Driver",2,15
"Racing",2022,"Panini","National Treasures","Dual Autographs","Toni Breidinger/Hailie Deegan","ARCA Menards/Monster Energy | DGR-Crosley | Ford","Driver/Driver",3,25
"Racing",2022,"Panini","National Treasures","Dual Autographs","Chase Elliott/Bill Elliott","NAPA Auto Parts | Hendrick Motorsports | Chevrolet/Coors | Harry Melling | Ford","Driver/Driver",4,15
"Racing",2022,"Panini","National Treasures","Dual Autographs","Jeff Gordon/Dale Earnhardt Jr","DuPont | Hendrick Motorsports | Chevrolet/AXALTA | Hendrick Motorsports | Chevrolet","Driver/Driver",5,5
"Racing",2022,"Panini","National Treasures","Dual Autographs","Tony Stewart/Kevin Harvick","Bass Pro Shops | Stewart-Haas Racing | Chevrolet/Subway | Stewart-Haas Racing | Ford","Driver/Driver",6,10
"Racing",2022,"Panini","National Treasures","Dual Autographs","Darrell Waltrip/Dale Earnhardt Jr","Mountain Dew | Junior Johnson | Buick/Mountain Dew | Hendrick Motorsports | Chevrolet","Driver/Driver",7,8
"Racing",2022,"Panini","National Treasures","Dual Autographs","Bubba Wallace/Kurt Busch","Wheaties | 23XI Racing | Toyota/Monster | 23XI Racing | Toyota","Driver/Driver",8,20
"Racing",2022,"Panini","National Treasures","Dual Autographs","Darrell Waltrip/Richard Petty","Gatorade | DiGard Motorsports | Chevrolet/STP | Petty Enterprises | Plymouth","Driver/Driver",9,25
"Racing",2022,"Panini","National Treasures","Dual Autographs","Joey Logano/Ryan Blaney","Shell-Pennzoil | Team Penske | Ford/Menards | Team Penske | Ford","Driver/Driver",10,25
"Racing",2022,"Panini","National Treasures","Dual Autographs","Rusty Wallace/Dale Jarrett","Miller Lite | Team Penske | Ford/UPS | Robert Yates Racing | Ford","Driver/Driver",11,99
"Racing",2022,"Panini","National Treasures","Dual Autographs","Alex Bowman/William Byron","Ally Financial | Hendrick Motorsports | Chevrolet/AXALTA | Hendrick Motorsports | Chevrolet","Driver/Driver",12,15
"Racing",2022,"Panini","National Treasures","Dual Autographs","Alex Bowman/Kyle Larson","Ally Financial | Hendrick Motorsports | Chevrolet/Hendrickcars.com | Hendrick Motorsports | Chevrolet","Driver/Driver",13,25
"Racing",2022,"Panini","National Treasures","Dual Autographs","Bobby Labonte/Terry Labonte","Interstate Batteries | Joe Gibbs Racing | Pontiac/Kellogg's Corn Flakes | Hendrick Motorsports | Chevrolet","Driver/Driver",14,50
"Racing",2022,"Panini","National Treasures","Dual Autographs","Brittney Zamora/Natalie Decker","Rackley Roofing | Toyota/NERD Focus | Our Motorsports | Chevrolet","Driver/Driver",15,50
"Racing",2022,"Panini","National Treasures","Dual Autographs Holo Gold","Jimmie Johnson/Jeff Gordon","Lowe's | Hendrick Motorsports | Chevrolet/DuPont | Hendrick Motorsports | Chevrolet","Driver/Driver",1,2
"Racing",2022,"Panini","National Treasures","Dual Autographs Holo Gold","Kyle Busch/Denny Hamlin","M&M's | Joe Gibbs Racing | Toyota/FedEx Express | Joe Gibbs Racing | Toyota","Driver/Driver",2,5
"Racing",2022,"Panini","National Treasures","Dual Autographs Holo Gold","Toni Breidinger/Hailie Deegan","ARCA Menards/Monster Energy | DGR-Crosley | Ford","Driver/Driver",3,5
"Racing",2022,"Panini","National Treasures","Dual Autographs Holo Gold","Chase Elliott/Bill Elliott","NAPA Auto Parts | Hendrick Motorsports | Chevrolet/Coors | Harry Melling | Ford","Driver/Driver",4,7
"Racing",2022,"Panini","National Treasures","Dual Autographs Holo Gold","Dale Earnhardt Jr/Jeff Gordon","AXALTA | Hendrick Motorsports | Chevrolet/DuPont | Hendrick Motorsports | Chevrolet","Driver/Driver",5,2
"Racing",2022,"Panini","National Treasures","Dual Autographs Holo Gold","Kevin Harvick/Tony Stewart","Subway | Stewart-Haas Racing | Ford/Bass Pro Shops | Stewart-Haas Racing | Chevrolet","Driver/Driver",6,4
"Racing",2022,"Panini","National Treasures","Dual Autographs Holo Gold","Darrell Waltrip/Dale Earnhardt Jr","Mountain Dew | Junior Johnson | Buick/Mountain Dew | Hendrick Motorsports | Chevrolet","Driver/Driver",7,3
"Racing",2022,"Panini","National Treasures","Dual Autographs Holo Gold","Kurt Busch/Bubba Wallace","Monster | 23XI Racing | Toyota/Wheaties | 23XI Racing | Toyota","Driver/Driver",8,10
"Racing",2022,"Panini","National Treasures","Dual Autographs Holo Gold","Richard Petty/Darrell Waltrip","STP | Petty Enterprises | Plymouth/Gatorade | DiGard Motorsports | Chevrolet","Driver/Driver",9,5
"Racing",2022,"Panini","National Treasures","Dual Autographs Holo Gold","Ryan Blaney/Joey Logano","Menards | Team Penske | Ford/Shell-Pennzoil | Team Penske | Ford","Driver/Driver",10,5
"Racing",2022,"Panini","National Treasures","Dual Autographs Holo Gold","Rusty Wallace/Dale Jarrett","Miller Lite | Team Penske | Ford/UPS | Robert Yates Racing | Ford","Driver/Driver",11,10
"Racing",2022,"Panini","National Treasures","Dual Autographs Holo Gold","William Byron/Alex Bowman","AXALTA | Hendrick Motorsports | Chevrolet/Ally Financial | Hendrick Motorsports | Chevrolet","Driver/Driver",12,5
"Racing",2022,"Panini","National Treasures","Dual Autographs Holo Gold","Kyle Larson/Alex Bowman","Hendrickcars.com | Hendrick Motorsports | Chevrolet/Ally Financial | Hendrick Motorsports | Chevrolet","Driver/Driver",13,5
"Racing",2022,"Panini","National Treasures","Dual Autographs Holo Gold","Bobby Labonte/Terry Labonte","Interstate Batteries | Joe Gibbs Racing | Pontiac/Kellogg's Corn Flakes | Hendrick Motorsports | Chevrolet","Driver/Driver",14,10
"Racing",2022,"Panini","National Treasures","Dual Autographs Holo Gold","Brittney Zamora/Natalie Decker","Rackley Roofing | Toyota/NERD Focus | Our Motorsports | Chevrolet","Driver/Driver",15,10
"Racing",2022,"Panini","National Treasures","Dual Autographs Holo Platinum Blue","Jimmie Johnson/Jeff Gordon","Lowe's | Hendrick Motorsports | Chevrolet/DuPont | Hendrick Motorsports | Chevrolet","Driver/Driver",1,1
"Racing",2022,"Panini","National Treasures","Dual Autographs Holo Platinum Blue","Denny Hamlin/Kyle Busch","FedEx Express | Joe Gibbs Racing | Toyota/M&M's | Joe Gibbs Racing | Toyota","Driver/Driver",2,1
"Racing",2022,"Panini","National Treasures","Dual Autographs Holo Platinum Blue","Hailie Deegan/Toni Breidinger","Monster Energy | DGR-Crosley | Ford/ARCA Menards","Driver/Driver",3,1
"Racing",2022,"Panini","National Treasures","Dual Autographs Holo Platinum Blue","Bill Elliott/Chase Elliott","Coors | Harry Melling | Ford/NAPA Auto Parts | Hendrick Motorsports | Chevrolet","Driver/Driver",4,1
"Racing",2022,"Panini","National Treasures","Dual Autographs Holo Platinum Blue","Dale Earnhardt Jr/Jeff Gordon","AXALTA | Hendrick Motorsports | Chevrolet/DuPont | Hendrick Motorsports | Chevrolet","Driver/Driver",5,1
"Racing",2022,"Panini","National Treasures","Dual Autographs Holo Platinum Blue","Tony Stewart/Kevin Harvick","Bass Pro Shops | Stewart-Haas Racing | Chevrolet/Subway | Stewart-Haas Racing | Ford","Driver/Driver",6,1
"Racing",2022,"Panini","National Treasures","Dual Autographs Holo Platinum Blue","Darrell Waltrip/Dale Earnhardt Jr","Mountain Dew | Junior Johnson | Buick/Mountain Dew | Hendrick Motorsports | Chevrolet","Driver/Driver",7,1
"Racing",2022,"Panini","National Treasures","Dual Autographs Holo Platinum Blue","Bubba Wallace/Kurt Busch","Wheaties | 23XI Racing | Toyota/Monster | 23XI Racing | Toyota","Driver/Driver",8,1
"Racing",2022,"Panini","National Treasures","Dual Autographs Holo Platinum Blue","Darrell Waltrip/Richard Petty","Gatorade | DiGard Motorsports | Chevrolet/STP | Petty Enterprises | Plymouth","Driver/Driver",9,1
"Racing",2022,"Panini","National Treasures","Dual Autographs Holo Platinum Blue","Joey Logano/Ryan Blaney","Shell-Pennzoil | Team Penske | Ford/Menards | Team Penske | Ford","Driver/Driver",10,1
"Racing",2022,"Panini","National Treasures","Dual Autographs Holo Platinum Blue","Rusty Wallace/Dale Jarrett","Miller Lite | Team Penske | Ford/UPS | Robert Yates Racing | Ford","Driver/Driver",11,1
"Racing",2022,"Panini","National Treasures","Dual Autographs Holo Platinum Blue","William Byron/Alex Bowman","AXALTA | Hendrick Motorsports | Chevrolet/Ally Financial | Hendrick Motorsports | Chevrolet","Driver/Driver",12,1
"Racing",2022,"Panini","National Treasures","Dual Autographs Holo Platinum Blue","Alex Bowman/Kyle Larson","Ally Financial | Hendrick Motorsports | Chevrolet/Hendrickcars.com | Hendrick Motorsports | Chevrolet","Driver/Driver",13,1
"Racing",2022,"Panini","National Treasures","Dual Autographs Holo Platinum Blue","Terry Labonte/Bobby Labonte","Kellogg's Corn Flakes | Hendrick Motorsports | Chevrolet/Interstate Batteries | Joe Gibbs Racing | Pontiac","Driver/Driver",14,1
"Racing",2022,"Panini","National Treasures","Dual Autographs Holo Platinum Blue","Brittney Zamora/Natalie Decker","Rackley Roofing | Toyota/NERD Focus | Our Motorsports | Chevrolet","Driver/Driver",15,1
"Racing",2022,"Panini","National Treasures","Dual Autographs Silver","Jeff Gordon/Jimmie Johnson","DuPont | Hendrick Motorsports | Chevrolet/Lowe's | Hendrick Motorsports | Chevrolet","Driver/Driver",1,3
"Racing",2022,"Panini","National Treasures","Dual Autographs Silver","Kyle Busch/Denny Hamlin","M&M's | Joe Gibbs Racing | Toyota/FedEx Express | Joe Gibbs Racing | Toyota","Driver/Driver",2,10
"Racing",2022,"Panini","National Treasures","Dual Autographs Silver","Hailie Deegan/Toni Breidinger","Monster Energy | DGR-Crosley | Ford/ARCA Menards","Driver/Driver",3,10
"Racing",2022,"Panini","National Treasures","Dual Autographs Silver","Chase Elliott/Bill Elliott","NAPA Auto Parts | Hendrick Motorsports | Chevrolet/Coors | Harry Melling | Ford","Driver/Driver",4,9
"Racing",2022,"Panini","National Treasures","Dual Autographs Silver","Jeff Gordon/Dale Earnhardt Jr","DuPont | Hendrick Motorsports | Chevrolet/AXALTA | Hendrick Motorsports | Chevrolet","Driver/Driver",5,3
"Racing",2022,"Panini","National Treasures","Dual Autographs Silver","Tony Stewart/Kevin Harvick","Bass Pro Shops | Stewart-Haas Racing | Chevrolet/Subway | Stewart-Haas Racing | Ford","Driver/Driver",6,5
"Racing",2022,"Panini","National Treasures","Dual Autographs Silver","Dale Earnhardt Jr/Darrell Waltrip","Mountain Dew | Hendrick Motorsports | Chevrolet/Mountain Dew | Junior Johnson | Buick","Driver/Driver",7,5
"Racing",2022,"Panini","National Treasures","Dual Autographs Silver","Kurt Busch/Bubba Wallace","Monster | 23XI Racing | Toyota/Wheaties | 23XI Racing | Toyota","Driver/Driver",8,15
"Racing",2022,"Panini","National Treasures","Dual Autographs Silver","Richard Petty/Darrell Waltrip","STP | Petty Enterprises | Plymouth/Gatorade | DiGard Motorsports | Chevrolet","Driver/Driver",9,10
"Racing",2022,"Panini","National Treasures","Dual Autographs Silver","Ryan Blaney/Joey Logano","Menards | Team Penske | Ford/Shell-Pennzoil | Team Penske | Ford","Driver/Driver",10,10
"Racing",2022,"Panini","National Treasures","Dual Autographs Silver","Dale Jarrett/Rusty Wallace","UPS | Robert Yates Racing | Ford/Miller Lite | Team Penske | Ford","Driver/Driver",11,25
"Racing",2022,"Panini","National Treasures","Dual Autographs Silver","William Byron/Alex Bowman","AXALTA | Hendrick Motorsports | Chevrolet/Ally Financial | Hendrick Motorsports | Chevrolet","Driver/Driver",12,10
"Racing",2022,"Panini","National Treasures","Dual Autographs Silver","Alex Bowman/Kyle Larson","Ally Financial | Hendrick Motorsports | Chevrolet/Hendrickcars.com | Hendrick Motorsports | Chevrolet","Driver/Driver",13,10
"Racing",2022,"Panini","National Treasures","Dual Autographs Silver","Bobby Labonte/Terry Labonte","Interstate Batteries | Joe Gibbs Racing | Pontiac/Kellogg's Corn Flakes | Hendrick Motorsports | Chevrolet","Driver/Driver",14,25
"Racing",2022,"Panini","National Treasures","Dual Autographs Silver","Natalie Decker/Brittney Zamora","NERD Focus | Our Motorsports | Chevrolet/Rackley Roofing | Toyota","Driver/Driver",15,25
"Racing",2022,"Panini","National Treasures","Dual Race Gear Graphs","Austin Dillon/Austin Dillon","Bass Pro Shops | Richard Childress Racing | Chevrolet/Bass Pro Shops | Richard Childress Racing | Chevrolet","Driver/Driver",2,25
"Racing",2022,"Panini","National Treasures","Dual Race Gear Graphs","Bobby Labonte/Bobby Labonte","Interstate Batteries | Joe Gibbs Racing | Pontiac/Interstate Batteries | Joe Gibbs Racing | Pontiac","Driver/Driver",3,25
"Racing",2022,"Panini","National Treasures","Dual Race Gear Graphs","Brad Keselowski/Brad Keselowski","Kohler | RFK Racing | Ford/Kohler | RFK Racing | Ford","Driver/Driver",4,25
"Racing",2022,"Panini","National Treasures","Dual Race Gear Graphs","Bubba Wallace/Bubba Wallace","Leidos | 23XI Racing | Toyota/Leidos | 23XI Racing | Toyota","Driver/Driver",5,10
"Racing",2022,"Panini","National Treasures","Dual Race Gear Graphs","Chase Elliott/Chase Elliott","NAPA Auto Parts | Hendrick Motorsports | Chevrolet/NAPA Auto Parts | Hendrick Motorsports | Chevrolet","Driver/Driver",6,5
"Racing",2022,"Panini","National Treasures","Dual Race Gear Graphs","Chris Buescher/Chris Buescher","Fastenal | RFK Racing | Ford/Fastenal | RFK Racing | Ford","Driver/Driver",7,97
"Racing",2022,"Panini","National Treasures","Dual Race Gear Graphs","Christopher Bell/Christopher Bell","Rheem | Joe Gibbs Racing | Toyota/Rheem | Joe Gibbs Racing | Toyota","Driver/Driver",8,99
"Racing",2022,"Panini","National Treasures","Dual Race Gear Graphs","Dale Earnhardt Jr/Dale Earnhardt Jr","National Guard | Hendrick Motorsports | Chevrolet/National Guard | Hendrick Motorsports | Chevrolet","Driver/Driver",9,25
"Racing",2022,"Panini","National Treasures","Dual Race Gear Graphs","Daniel Suarez/Daniel Suarez","Tootsie's | Trackhouse Racing | Chevrolet/Tootsie's | Trackhouse Racing | Chevrolet","Driver/Driver",10,20
"Racing",2022,"Panini","National Treasures","Dual Race Gear Graphs","Denny Hamlin/Denny Hamlin","FedEx Express | Joe Gibbs Racing | Toyota/FedEx Express | Joe Gibbs Racing | Toyota","Driver/Driver",11,5
"Racing",2022,"Panini","National Treasures","Dual Race Gear Graphs","Hailie Deegan/Hailie Deegan","Monster Energy | DGR-Crosley | Ford/Monster Energy | DGR-Crosley | Ford","Driver/Driver",12,25
"Racing",2022,"Panini","National Treasures","Dual Race Gear Graphs","Jamie McMurray/Jamie McMurray","Cessna | Chip Ganassi Racing | Chevrolet/Cessna | Chip Ganassi Racing | Chevrolet","Driver/Driver",13,99
"Racing",2022,"Panini","National Treasures","Dual Race Gear Graphs","Jimmie Johnson/Jimmie Johnson","Kobalt Tools | Hendrick Motorsports | Chevrolet/Kobalt Tools | Hendrick Motorsports | Chevrolet","Driver/Driver",15,25
"Racing",2022,"Panini","National Treasures","Dual Race Gear Graphs","Joey Logano/Joey Logano","Shell-Pennzoil | Team Penske | Ford/Shell-Pennzoil | Team Penske | Ford","Driver/Driver",16,25
"Racing",2022,"Panini","National Treasures","Dual Race Gear Graphs","Martin Truex Jr./Martin Truex Jr.","Bass Pro Shops | Joe Gibbs Racing | Toyota/Bass Pro Shops | Joe Gibbs Racing | Toyota","Driver/Driver",19,25
"Racing",2022,"Panini","National Treasures","Dual Race Gear Graphs","Ricky Stenhouse Jr/Ricky Stenhouse Jr","Kroger | JTG Daugherty Racing | Chevrolet/Kroger | JTG Daugherty Racing | Chevrolet","Driver/Driver",20,30
"Racing",2022,"Panini","National Treasures","Dual Race Gear Graphs Green","Alex Bowman/Alex Bowman","Valvoline | Hendrick Motorsports | Chevrolet/Valvoline | Hendrick Motorsports | Chevrolet","Driver/Driver",1,5
"Racing",2022,"Panini","National Treasures","Dual Race Gear Graphs Green","Austin Dillon/Austin Dillon","Bass Pro Shops | Richard Childress Racing | Chevrolet/Bass Pro Shops | Richard Childress Racing | Chevrolet","Driver/Driver",2,5
"Racing",2022,"Panini","National Treasures","Dual Race Gear Graphs Green","Bobby Labonte/Bobby Labonte","Interstate Batteries | Joe Gibbs Racing | Pontiac/Interstate Batteries | Joe Gibbs Racing | Pontiac","Driver/Driver",3,5
"Racing",2022,"Panini","National Treasures","Dual Race Gear Graphs Green","Brad Keselowski/Brad Keselowski","Kohler | RFK Racing | Ford/Kohler | RFK Racing | Ford","Driver/Driver",4,5
"Racing",2022,"Panini","National Treasures","Dual Race Gear Graphs Green","Bubba Wallace/Bubba Wallace","Leidos | 23XI Racing | Toyota/Leidos | 23XI Racing | Toyota","Driver/Driver",5,3
"Racing",2022,"Panini","National Treasures","Dual Race Gear Graphs Green","Chase Elliott/Chase Elliott","NAPA Auto Parts | Hendrick Motorsports | Chevrolet/NAPA Auto Parts | Hendrick Motorsports | Chevrolet","Driver/Driver",6,2
"Racing",2022,"Panini","National Treasures","Dual Race Gear Graphs Green","Chris Buescher/Chris Buescher","Fastenal | RFK Racing | Ford/Fastenal | RFK Racing | Ford","Driver/Driver",7,5
"Racing",2022,"Panini","National Treasures","Dual Race Gear Graphs Green","Christopher Bell/Christopher Bell","Rheem | Joe Gibbs Racing | Toyota/Rheem | Joe Gibbs Racing | Toyota","Driver/Driver",8,5
"Racing",2022,"Panini","National Treasures","Dual Race Gear Graphs Green","Dale Earnhardt Jr/Dale Earnhardt Jr","National Guard | Hendrick Motorsports | Chevrolet/National Guard | Hendrick Motorsports | Chevrolet","Driver/Driver",9,5
"Racing",2022,"Panini","National Treasures","Dual Race Gear Graphs Green","Daniel Suarez/Daniel Suarez","Tootsie's | Trackhouse Racing | Chevrolet/Tootsie's | Trackhouse Racing | Chevrolet","Driver/Driver",10,5
"Racing",2022,"Panini","National Treasures","Dual Race Gear Graphs Green","Denny Hamlin/Denny Hamlin","FedEx Express | Joe Gibbs Racing | Toyota/FedEx Express | Joe Gibbs Racing | Toyota","Driver/Driver",11,2
"Racing",2022,"Panini","National Treasures","Dual Race Gear Graphs Green","Hailie Deegan/Hailie Deegan","Monster Energy | DGR-Crosley | Ford/Monster Energy | DGR-Crosley | Ford","Driver/Driver",12,5
"Racing",2022,"Panini","National Treasures","Dual Race Gear Graphs Green","Jamie McMurray/Jamie McMurray","Cessna | Chip Ganassi Racing | Chevrolet/Cessna | Chip Ganassi Racing | Chevrolet","Driver/Driver",13,5
"Racing",2022,"Panini","National Treasures","Dual Race Gear Graphs Green","Jeff Gordon/Jeff Gordon","Pepsi | Hendrick Motorsports | Chevrolet/Pepsi | Hendrick Motorsports | Chevrolet","Driver/Driver",14,2
"Racing",2022,"Panini","National Treasures","Dual Race Gear Graphs Green","Jimmie Johnson/Jimmie Johnson","Kobalt Tools | Hendrick Motorsports | Chevrolet/Kobalt Tools | Hendrick Motorsports | Chevrolet","Driver/Driver",15,5
"Racing",2022,"Panini","National Treasures","Dual Race Gear Graphs Green","Joey Logano/Joey Logano","Shell-Pennzoil | Team Penske | Ford/Shell-Pennzoil | Team Penske | Ford","Driver/Driver",16,5
"Racing",2022,"Panini","National Treasures","Dual Race Gear Graphs Green","Kevin Harvick/Kevin Harvick","Subway | Stewart-Haas Racing | Ford/Subway | Stewart-Haas Racing | Ford","Driver/Driver",17,4
"Racing",2022,"Panini","National Treasures","Dual Race Gear Graphs Green","Kyle Busch/Kyle Busch","M&M's | Joe Gibbs Racing | Toyota/M&M's | Joe Gibbs Racing | Toyota","Driver/Driver",18,2
"Racing",2022,"Panini","National Treasures","Dual Race Gear Graphs Green","Martin Truex Jr./Martin Truex Jr.","Bass Pro Shops | Joe Gibbs Racing | Toyota/Bass Pro Shops | Joe Gibbs Racing | Toyota","Driver/Driver",19,5
"Racing",2022,"Panini","National Treasures","Dual Race Gear Graphs Green","Ricky Stenhouse Jr/Ricky Stenhouse Jr","Kroger | JTG Daugherty Racing | Chevrolet/Kroger | JTG Daugherty Racing | Chevrolet","Driver/Driver",20,5
"Racing",2022,"Panini","National Treasures","Dual Race Gear Graphs Holo Gold","Alex Bowman/Alex Bowman","Valvoline | Hendrick Motorsports | Chevrolet/Valvoline | Hendrick Motorsports | Chevrolet","Driver/Driver",1,10
"Racing",2022,"Panini","National Treasures","Dual Race Gear Graphs Holo Gold","Austin Dillon/Austin Dillon","Bass Pro Shops | Richard Childress Racing | Chevrolet/Bass Pro Shops | Richard Childress Racing | Chevrolet","Driver/Driver",2,10
"Racing",2022,"Panini","National Treasures","Dual Race Gear Graphs Holo Gold","Bobby Labonte/Bobby Labonte","Interstate Batteries | Joe Gibbs Racing | Pontiac/Interstate Batteries | Joe Gibbs Racing | Pontiac","Driver/Driver",3,10
"Racing",2022,"Panini","National Treasures","Dual Race Gear Graphs Holo Gold","Brad Keselowski/Brad Keselowski","Kohler | RFK Racing | Ford/Kohler | RFK Racing | Ford","Driver/Driver",4,10
"Racing",2022,"Panini","National Treasures","Dual Race Gear Graphs Holo Gold","Bubba Wallace/Bubba Wallace","Leidos | 23XI Racing | Toyota/Leidos | 23XI Racing | Toyota","Driver/Driver",5,5
"Racing",2022,"Panini","National Treasures","Dual Race Gear Graphs Holo Gold","Chase Elliott/Chase Elliott","NAPA Auto Parts | Hendrick Motorsports | Chevrolet/NAPA Auto Parts | Hendrick Motorsports | Chevrolet","Driver/Driver",6,3
"Racing",2022,"Panini","National Treasures","Dual Race Gear Graphs Holo Gold","Chris Buescher/Chris Buescher","Fastenal | RFK Racing | Ford/Fastenal | RFK Racing | Ford","Driver/Driver",7,10
"Racing",2022,"Panini","National Treasures","Dual Race Gear Graphs Holo Gold","Christopher Bell/Christopher Bell","Rheem | Joe Gibbs Racing | Toyota/Rheem | Joe Gibbs Racing | Toyota","Driver/Driver",8,10
"Racing",2022,"Panini","National Treasures","Dual Race Gear Graphs Holo Gold","Dale Earnhardt Jr/Dale Earnhardt Jr","National Guard | Hendrick Motorsports | Chevrolet/National Guard | Hendrick Motorsports | Chevrolet","Driver/Driver",9,10
"Racing",2022,"Panini","National Treasures","Dual Race Gear Graphs Holo Gold","Daniel Suarez/Daniel Suarez","Tootsie's | Trackhouse Racing | Chevrolet/Tootsie's | Trackhouse Racing | Chevrolet","Driver/Driver",10,10
"Racing",2022,"Panini","National Treasures","Dual Race Gear Graphs Holo Gold","Denny Hamlin/Denny Hamlin","FedEx Express | Joe Gibbs Racing | Toyota/FedEx Express | Joe Gibbs Racing | Toyota","Driver/Driver",11,3
"Racing",2022,"Panini","National Treasures","Dual Race Gear Graphs Holo Gold","Hailie Deegan/Hailie Deegan","Monster Energy | DGR-Crosley | Ford/Monster Energy | DGR-Crosley | Ford","Driver/Driver",12,7
"Racing",2022,"Panini","National Treasures","Dual Race Gear Graphs Holo Gold","Jamie McMurray/Jamie McMurray","Cessna | Chip Ganassi Racing | Chevrolet/Cessna | Chip Ganassi Racing | Chevrolet","Driver/Driver",13,10
"Racing",2022,"Panini","National Treasures","Dual Race Gear Graphs Holo Gold","Jeff Gordon/Jeff Gordon","Pepsi | Hendrick Motorsports | Chevrolet/Pepsi | Hendrick Motorsports | Chevrolet","Driver/Driver",14,3
"Racing",2022,"Panini","National Treasures","Dual Race Gear Graphs Holo Gold","Jimmie Johnson/Jimmie Johnson","Kobalt Tools | Hendrick Motorsports | Chevrolet/Kobalt Tools | Hendrick Motorsports | Chevrolet","Driver/Driver",15,10
"Racing",2022,"Panini","National Treasures","Dual Race Gear Graphs Holo Gold","Joey Logano/Joey Logano","Shell-Pennzoil | Team Penske | Ford/Shell-Pennzoil | Team Penske | Ford","Driver/Driver",16,10
"Racing",2022,"Panini","National Treasures","Dual Race Gear Graphs Holo Gold","Kevin Harvick/Kevin Harvick","Subway | Stewart-Haas Racing | Ford/Subway | Stewart-Haas Racing | Ford","Driver/Driver",17,5
"Racing",2022,"Panini","National Treasures","Dual Race Gear Graphs Holo Gold","Kyle Busch/Kyle Busch","M&M's | Joe Gibbs Racing | Toyota/M&M's | Joe Gibbs Racing | Toyota","Driver/Driver",18,3
"Racing",2022,"Panini","National Treasures","Dual Race Gear Graphs Holo Gold","Martin Truex Jr./Martin Truex Jr.","Bass Pro Shops | Joe Gibbs Racing | Toyota/Bass Pro Shops | Joe Gibbs Racing | Toyota","Driver/Driver",19,10
"Racing",2022,"Panini","National Treasures","Dual Race Gear Graphs Holo Gold","Ricky Stenhouse Jr/Ricky Stenhouse Jr","Kroger | JTG Daugherty Racing | Chevrolet/Kroger | JTG Daugherty Racing | Chevrolet","Driver/Driver",20,10
"Racing",2022,"Panini","National Treasures","Dual Race Gear Graphs Holo Platinum Blue","Alex Bowman/Alex Bowman","Valvoline | Hendrick Motorsports | Chevrolet/Valvoline | Hendrick Motorsports | Chevrolet","Driver/Driver",1,1
"Racing",2022,"Panini","National Treasures","Dual Race Gear Graphs Holo Platinum Blue","Austin Dillon/Austin Dillon","Bass Pro Shops | Richard Childress Racing | Chevrolet/Bass Pro Shops | Richard Childress Racing | Chevrolet","Driver/Driver",2,1
"Racing",2022,"Panini","National Treasures","Dual Race Gear Graphs Holo Platinum Blue","Bobby Labonte/Bobby Labonte","Interstate Batteries | Joe Gibbs Racing | Pontiac/Interstate Batteries | Joe Gibbs Racing | Pontiac","Driver/Driver",3,1
"Racing",2022,"Panini","National Treasures","Dual Race Gear Graphs Holo Platinum Blue","Brad Keselowski/Brad Keselowski","Kohler | RFK Racing | Ford/Kohler | RFK Racing | Ford","Driver/Driver",4,1
"Racing",2022,"Panini","National Treasures","Dual Race Gear Graphs Holo Platinum Blue","Bubba Wallace/Bubba Wallace","Leidos | 23XI Racing | Toyota/Leidos | 23XI Racing | Toyota","Driver/Driver",5,1
"Racing",2022,"Panini","National Treasures","Dual Race Gear Graphs Holo Platinum Blue","Chase Elliott/Chase Elliott","NAPA Auto Parts | Hendrick Motorsports | Chevrolet/NAPA Auto Parts | Hendrick Motorsports | Chevrolet","Driver/Driver",6,1
"Racing",2022,"Panini","National Treasures","Dual Race Gear Graphs Holo Platinum Blue","Chris Buescher/Chris Buescher","Fastenal | RFK Racing | Ford/Fastenal | RFK Racing | Ford","Driver/Driver",7,1
"Racing",2022,"Panini","National Treasures","Dual Race Gear Graphs Holo Platinum Blue","Christopher Bell/Christopher Bell","Rheem | Joe Gibbs Racing | Toyota/Rheem | Joe Gibbs Racing | Toyota","Driver/Driver",8,1
"Racing",2022,"Panini","National Treasures","Dual Race Gear Graphs Holo Platinum Blue","Dale Earnhardt Jr/Dale Earnhardt Jr","National Guard | Hendrick Motorsports | Chevrolet/National Guard | Hendrick Motorsports | Chevrolet","Driver/Driver",9,1
"Racing",2022,"Panini","National Treasures","Dual Race Gear Graphs Holo Platinum Blue","Daniel Suarez/Daniel Suarez","Tootsie's | Trackhouse Racing | Chevrolet/Tootsie's | Trackhouse Racing | Chevrolet","Driver/Driver",10,1
"Racing",2022,"Panini","National Treasures","Dual Race Gear Graphs Holo Platinum Blue","Denny Hamlin/Denny Hamlin","FedEx Express | Joe Gibbs Racing | Toyota/FedEx Express | Joe Gibbs Racing | Toyota","Driver/Driver",11,1
"Racing",2022,"Panini","National Treasures","Dual Race Gear Graphs Holo Platinum Blue","Hailie Deegan/Hailie Deegan","Monster Energy | DGR-Crosley | Ford/Monster Energy | DGR-Crosley | Ford","Driver/Driver",12,1
"Racing",2022,"Panini","National Treasures","Dual Race Gear Graphs Holo Platinum Blue","Jamie McMurray/Jamie McMurray","Cessna | Chip Ganassi Racing | Chevrolet/Cessna | Chip Ganassi Racing | Chevrolet","Driver/Driver",13,1
"Racing",2022,"Panini","National Treasures","Dual Race Gear Graphs Holo Platinum Blue","Jeff Gordon/Jeff Gordon","Pepsi | Hendrick Motorsports | Chevrolet/Pepsi | Hendrick Motorsports | Chevrolet","Driver/Driver",14,1
"Racing",2022,"Panini","National Treasures","Dual Race Gear Graphs Holo Platinum Blue","Jimmie Johnson/Jimmie Johnson","Kobalt Tools | Hendrick Motorsports | Chevrolet/Kobalt Tools | Hendrick Motorsports | Chevrolet","Driver/Driver",15,1
"Racing",2022,"Panini","National Treasures","Dual Race Gear Graphs Holo Platinum Blue","Joey Logano/Joey Logano","Shell-Pennzoil | Team Penske | Ford/Shell-Pennzoil | Team Penske | Ford","Driver/Driver",16,1
"Racing",2022,"Panini","National Treasures","Dual Race Gear Graphs Holo Platinum Blue","Kevin Harvick/Kevin Harvick","Subway | Stewart-Haas Racing | Ford/Subway | Stewart-Haas Racing | Ford","Driver/Driver",17,1
"Racing",2022,"Panini","National Treasures","Dual Race Gear Graphs Holo Platinum Blue","Kyle Busch/Kyle Busch","M&M's | Joe Gibbs Racing | Toyota/M&M's | Joe Gibbs Racing | Toyota","Driver/Driver",18,1
"Racing",2022,"Panini","National Treasures","Dual Race Gear Graphs Holo Platinum Blue","Martin Truex Jr./Martin Truex Jr.","Bass Pro Shops | Joe Gibbs Racing | Toyota/Bass Pro Shops | Joe Gibbs Racing | Toyota","Driver/Driver",19,1
"Racing",2022,"Panini","National Treasures","Dual Race Gear Graphs Holo Platinum Blue","Ricky Stenhouse Jr/Ricky Stenhouse Jr","Kroger | JTG Daugherty Racing | Chevrolet/Kroger | JTG Daugherty Racing | Chevrolet","Driver/Driver",20,1
"Racing",2022,"Panini","National Treasures","Dual Race Gear Graphs Holo Silver","Alex Bowman/Alex Bowman","Valvoline | Hendrick Motorsports | Chevrolet/Valvoline | Hendrick Motorsports | Chevrolet","Driver/Driver",1,12
"Racing",2022,"Panini","National Treasures","Dual Race Gear Graphs Holo Silver","Austin Dillon/Austin Dillon","Bass Pro Shops | Richard Childress Racing | Chevrolet/Bass Pro Shops | Richard Childress Racing | Chevrolet","Driver/Driver",2,15
"Racing",2022,"Panini","National Treasures","Dual Race Gear Graphs Holo Silver","Bobby Labonte/Bobby Labonte","Interstate Batteries | Joe Gibbs Racing | Pontiac/Interstate Batteries | Joe Gibbs Racing | Pontiac","Driver/Driver",3,15
"Racing",2022,"Panini","National Treasures","Dual Race Gear Graphs Holo Silver","Brad Keselowski/Brad Keselowski","Kohler | RFK Racing | Ford/Kohler | RFK Racing | Ford","Driver/Driver",4,15
"Racing",2022,"Panini","National Treasures","Dual Race Gear Graphs Holo Silver","Bubba Wallace/Bubba Wallace","Leidos | 23XI Racing | Toyota/Leidos | 23XI Racing | Toyota","Driver/Driver",5,7
"Racing",2022,"Panini","National Treasures","Dual Race Gear Graphs Holo Silver","Chase Elliott/Chase Elliott","NAPA Auto Parts | Hendrick Motorsports | Chevrolet/NAPA Auto Parts | Hendrick Motorsports | Chevrolet","Driver/Driver",6,4
"Racing",2022,"Panini","National Treasures","Dual Race Gear Graphs Holo Silver","Chris Buescher/Chris Buescher","Fastenal | RFK Racing | Ford/Fastenal | RFK Racing | Ford","Driver/Driver",7,15
"Racing",2022,"Panini","National Treasures","Dual Race Gear Graphs Holo Silver","Christopher Bell/Christopher Bell","Rheem | Joe Gibbs Racing | Toyota/Rheem | Joe Gibbs Racing | Toyota","Driver/Driver",8,49
"Racing",2022,"Panini","National Treasures","Dual Race Gear Graphs Holo Silver","Dale Earnhardt Jr/Dale Earnhardt Jr","National Guard | Hendrick Motorsports | Chevrolet/National Guard | Hendrick Motorsports | Chevrolet","Driver/Driver",9,15
"Racing",2022,"Panini","National Treasures","Dual Race Gear Graphs Holo Silver","Daniel Suarez/Daniel Suarez","Tootsie's | Trackhouse Racing | Chevrolet/Tootsie's | Trackhouse Racing | Chevrolet","Driver/Driver",10,15
"Racing",2022,"Panini","National Treasures","Dual Race Gear Graphs Holo Silver","Denny Hamlin/Denny Hamlin","FedEx Express | Joe Gibbs Racing | Toyota/FedEx Express | Joe Gibbs Racing | Toyota","Driver/Driver",11,4
"Racing",2022,"Panini","National Treasures","Dual Race Gear Graphs Holo Silver","Hailie Deegan/Hailie Deegan","Monster Energy | DGR-Crosley | Ford/Monster Energy | DGR-Crosley | Ford","Driver/Driver",12,15
"Racing",2022,"Panini","National Treasures","Dual Race Gear Graphs Holo Silver","Jamie McMurray/Jamie McMurray","Cessna | Chip Ganassi Racing | Chevrolet/Cessna | Chip Ganassi Racing | Chevrolet","Driver/Driver",13,49
"Racing",2022,"Panini","National Treasures","Dual Race Gear Graphs Holo Silver","Jimmie Johnson/Jimmie Johnson","Kobalt Tools | Hendrick Motorsports | Chevrolet/Kobalt Tools | Hendrick Motorsports | Chevrolet","Driver/Driver",15,15
"Racing",2022,"Panini","National Treasures","Dual Race Gear Graphs Holo Silver","Joey Logano/Joey Logano","Shell-Pennzoil | Team Penske | Ford/Shell-Pennzoil | Team Penske | Ford","Driver/Driver",16,15
"Racing",2022,"Panini","National Treasures","Dual Race Gear Graphs Holo Silver","Kevin Harvick/Kevin Harvick","Subway | Stewart-Haas Racing | Ford/Subway | Stewart-Haas Racing | Ford","Driver/Driver",17,10
"Racing",2022,"Panini","National Treasures","Dual Race Gear Graphs Holo Silver","Kyle Busch/Kyle Busch","M&M's | Joe Gibbs Racing | Toyota/M&M's | Joe Gibbs Racing | Toyota","Driver/Driver",18,4
"Racing",2022,"Panini","National Treasures","Dual Race Gear Graphs Holo Silver","Martin Truex Jr./Martin Truex Jr.","Bass Pro Shops | Joe Gibbs Racing | Toyota/Bass Pro Shops | Joe Gibbs Racing | Toyota","Driver/Driver",19,15
"Racing",2022,"Panini","National Treasures","Dual Race Gear Graphs Holo Silver","Ricky Stenhouse Jr/Ricky Stenhouse Jr","Kroger | JTG Daugherty Racing | Chevrolet/Kroger | JTG Daugherty Racing | Chevrolet","Driver/Driver",20,15
"Racing",2022,"Panini","National Treasures","Dual Race Used Firesuits","Jimmie Johnson/Jimmie Johnson","Ally Financial | Hendrick Motorsports | Chevrolet/Ally Financial | Hendrick Motorsports | Chevrolet","Driver/Driver",1,49
"Racing",2022,"Panini","National Treasures","Dual Race Used Firesuits","Kyle Busch/Kyle Busch","M&M's | Joe Gibbs Racing | Toyota/M&M's | Joe Gibbs Racing | Toyota","Driver/Driver",2,49
"Racing",2022,"Panini","National Treasures","Dual Race Used Firesuits","Bubba Wallace/Bubba Wallace","McDonald's | 23XI Racing | Toyota/McDonald's | 23XI Racing | Toyota","Driver/Driver",5,49
"Racing",2022,"Panini","National Treasures","Dual Race Used Firesuits","Alex Bowman/Alex Bowman","Ally Financial | Hendrick Motorsports | Chevrolet/Ally Financial | Hendrick Motorsports | Chevrolet","Driver/Driver",6,49
"Racing",2022,"Panini","National Treasures","Dual Race Used Firesuits","Kurt Busch/Kurt Busch","Monster | 23XI Racing | Toyota/Monster | 23XI Racing | Toyota","Driver/Driver",7,49
"Racing",2022,"Panini","National Treasures","Dual Race Used Firesuits","Martin Truex Jr./Martin Truex Jr.","Bass Pro Shops | Joe Gibbs Racing | Toyota/Bass Pro Shops | Joe Gibbs Racing | Toyota","Driver/Driver",12,15
"Racing",2022,"Panini","National Treasures","Dual Race Used Firesuits","Chase Elliott/Chase Elliott","NAPA Auto Parts | Hendrick Motorsports | Chevrolet/NAPA Auto Parts | Hendrick Motorsports | Chevrolet","Driver/Driver",16,49
"Racing",2022,"Panini","National Treasures","Dual Race Used Firesuits Laundry Tags","Jimmie Johnson/Jimmie Johnson","Ally Financial | Hendrick Motorsports | Chevrolet/Ally Financial | Hendrick Motorsports | Chevrolet","Driver/Driver",1,1
"Racing",2022,"Panini","National Treasures","Dual Race Used Firesuits Laundry Tags","Kyle Busch/Kyle Busch","M&M's | Joe Gibbs Racing | Toyota/M&M's | Joe Gibbs Racing | Toyota","Driver/Driver",2,1
"Racing",2022,"Panini","National Treasures","Dual Race Used Firesuits Laundry Tags","Dale Earnhardt Jr/Dale Earnhardt Jr","Nationwide | Hendrick Motorsports | Chevrolet/Nationwide | Hendrick Motorsports | Chevrolet","Driver/Driver",4,1
"Racing",2022,"Panini","National Treasures","Dual Race Used Firesuits Laundry Tags","Bubba Wallace/Bubba Wallace","McDonald's | 23XI Racing | Toyota/McDonald's | 23XI Racing | Toyota","Driver/Driver",5,1
"Racing",2022,"Panini","National Treasures","Dual Race Used Firesuits Laundry Tags","Alex Bowman/Alex Bowman","Ally Financial | Hendrick Motorsports | Chevrolet/Ally Financial | Hendrick Motorsports | Chevrolet","Driver/Driver",6,1
"Racing",2022,"Panini","National Treasures","Dual Race Used Firesuits Laundry Tags","Kurt Busch/Kurt Busch","Monster | 23XI Racing | Toyota/Monster | 23XI Racing | Toyota","Driver/Driver",7,1
"Racing",2022,"Panini","National Treasures","Dual Race Used Firesuits Laundry Tags","William Byron/William Byron","AXALTA | Hendrick Motorsports | Chevrolet/AXALTA | Hendrick Motorsports | Chevrolet","Driver/Driver",8,1
"Racing",2022,"Panini","National Treasures","Dual Race Used Firesuits Laundry Tags","Tyler Reddick/Tyler Reddick","3CHI | Richard Childress Racing | Chevrolet/3CHI | Richard Childress Racing | Chevrolet","Driver/Driver",9,1
"Racing",2022,"Panini","National Treasures","Dual Race Used Firesuits Laundry Tags","Ryan Newman/Ryan Newman","Oscar Mayer | Roush Fenway Racing | Ford/Oscar Mayer | Roush Fenway Racing | Ford","Driver/Driver",10,1
"Racing",2022,"Panini","National Treasures","Dual Race Used Firesuits Laundry Tags","Ross Chastain/Ross Chastain","AdventHealth | Trackhouse Racing | Chevrolet/AdventHealth | Trackhouse Racing | Chevrolet","Driver/Driver",11,1
"Racing",2022,"Panini","National Treasures","Dual Race Used Firesuits Laundry Tags","Martin Truex Jr./Martin Truex Jr.","Bass Pro Shops | Joe Gibbs Racing | Toyota/Bass Pro Shops | Joe Gibbs Racing | Toyota","Driver/Driver",12,1
"Racing",2022,"Panini","National Treasures","Dual Race Used Firesuits Laundry Tags","Kevin Harvick/Kevin Harvick","GearWrench | Stewart-Haas Racing | Ford/GearWrench | Stewart-Haas Racing | Ford","Driver/Driver",13,1
"Racing",2022,"Panini","National Treasures","Dual Race Used Firesuits Laundry Tags","Erik Jones/Erik Jones","Focus Factor | Petty GMS | Chevrolet/Focus Factor | Petty GMS | Chevrolet","Driver/Driver",15,1
"Racing",2022,"Panini","National Treasures","Dual Race Used Firesuits Laundry Tags","Chase Elliott/Chase Elliott","NAPA Auto Parts | Hendrick Motorsports | Chevrolet/NAPA Auto Parts | Hendrick Motorsports | Chevrolet","Driver/Driver",16,1
"Racing",2022,"Panini","National Treasures","Dual Race Used Firesuits Laundry Tags","Clint Bowyer/Clint Bowyer","Rush Truck Centers | Stewart-Haas Racing| Ford/Rush Truck Centers | Stewart-Haas Racing| Ford","Driver/Driver",17,1
"Racing",2022,"Panini","National Treasures","Dual Race Used Firesuits Laundry Tags","Brad Keselowski/Brad Keselowski","Kohler | RFK Racing | Ford/Kohler | RFK Racing | Ford","Driver/Driver",18,1
"Racing",2022,"Panini","National Treasures","Dual Race Used Firesuits Laundry Tags","Daniel Hemric/Daniel Hemric","South Point | Kaulig Racing | Chevrolet/South Point | Kaulig Racing | Chevrolet","Driver/Driver",19,1
"Racing",2022,"Panini","National Treasures","Dual Race Used Firesuits Laundry Tags","Christopher Bell/Christopher Bell","DeWalt | Joe Gibbs Racing | Toyota/DeWalt | Joe Gibbs Racing | Toyota","Driver/Driver",20,1
"Racing",2022,"Panini","National Treasures","Dual Race Used Firesuits Prime","Jimmie Johnson/Jimmie Johnson","Ally Financial | Hendrick Motorsports | Chevrolet/Ally Financial | Hendrick Motorsports | Chevrolet","Driver/Driver",1,10
"Racing",2022,"Panini","National Treasures","Dual Race Used Firesuits Prime","Kyle Busch/Kyle Busch","M&M's | Joe Gibbs Racing | Toyota/M&M's | Joe Gibbs Racing | Toyota","Driver/Driver",2,10
"Racing",2022,"Panini","National Treasures","Dual Race Used Firesuits Prime","Alex Bowman/Alex Bowman","Ally Financial | Hendrick Motorsports | Chevrolet/Ally Financial | Hendrick Motorsports | Chevrolet","Driver/Driver",6,10
"Racing",2022,"Panini","National Treasures","Dual Race Used Firesuits Prime","Ross Chastain/Ross Chastain","AdventHealth | Trackhouse Racing | Chevrolet/AdventHealth | Trackhouse Racing | Chevrolet","Driver/Driver",11,5
"Racing",2022,"Panini","National Treasures","Dual Race Used Firesuits Prime","Martin Truex Jr./Martin Truex Jr.","Bass Pro Shops | Joe Gibbs Racing | Toyota/Bass Pro Shops | Joe Gibbs Racing | Toyota","Driver/Driver",12,10
"Racing",2022,"Panini","National Treasures","Dual Race Used Firesuits Prime","Joey Logano/Joey Logano","Shell-Pennzoil | Team Penske | Ford/Shell-Pennzoil | Team Penske | Ford","Driver/Driver",14,10
"Racing",2022,"Panini","National Treasures","Dual Race Used Firesuits Prime","Erik Jones/Erik Jones","Focus Factor | Petty GMS | Chevrolet/Focus Factor | Petty GMS | Chevrolet","Driver/Driver",15,5
"Racing",2022,"Panini","National Treasures","Dual Race Used Firesuits Prime","Chase Elliott/Chase Elliott","NAPA Auto Parts | Hendrick Motorsports | Chevrolet/NAPA Auto Parts | Hendrick Motorsports | Chevrolet","Driver/Driver",16,10
"Racing",2022,"Panini","National Treasures","Dual Race Used Firesuits Prime","Clint Bowyer/Clint Bowyer","Rush Truck Centers | Stewart-Haas Racing| Ford/Rush Truck Centers | Stewart-Haas Racing| Ford","Driver/Driver",17,10
"Racing",2022,"Panini","National Treasures","Dual Race Used Firesuits Prime","Brad Keselowski/Brad Keselowski","Kohler | RFK Racing | Ford/Kohler | RFK Racing | Ford","Driver/Driver",18,10
"Racing",2022,"Panini","National Treasures","Dual Race Used Firesuits Prime","Daniel Hemric/Daniel Hemric","South Point | Kaulig Racing | Chevrolet/South Point | Kaulig Racing | Chevrolet","Driver/Driver",19,5
"Racing",2022,"Panini","National Treasures","Dual Race Used Gloves","Jimmie Johnson/Jimmie Johnson","Ally Financial | Hendrick Motorsports | Chevrolet/Ally Financial | Hendrick Motorsports | Chevrolet","Driver/Driver",1,25
"Racing",2022,"Panini","National Treasures","Dual Race Used Gloves","Kyle Busch/Kyle Busch","M&M's | Joe Gibbs Racing | Toyota/M&M's | Joe Gibbs Racing | Toyota","Driver/Driver",2,1
"Racing",2022,"Panini","National Treasures","Dual Race Used Gloves","Dale Earnhardt Jr/Dale Earnhardt Jr","Nationwide | Hendrick Motorsports | Chevrolet/Nationwide | Hendrick Motorsports | Chevrolet","Driver/Driver",4,3
"Racing",2022,"Panini","National Treasures","Dual Race Used Gloves","Kurt Busch/Kurt Busch","Monster | 23XI Racing | Toyota/Monster | 23XI Racing | Toyota","Driver/Driver",7,5
"Racing",2022,"Panini","National Treasures","Dual Race Used Gloves","Tyler Reddick/Tyler Reddick","3CHI | Richard Childress Racing | Chevrolet/3CHI | Richard Childress Racing | Chevrolet","Driver/Driver",9,1
"Racing",2022,"Panini","National Treasures","Dual Race Used Gloves","Martin Truex Jr./Martin Truex Jr.","Bass Pro Shops | Joe Gibbs Racing | Toyota/Bass Pro Shops | Joe Gibbs Racing | Toyota","Driver/Driver",12,1
"Racing",2022,"Panini","National Treasures","Dual Race Used Gloves","Erik Jones/Erik Jones","Focus Factor | Petty GMS | Chevrolet/Focus Factor | Petty GMS | Chevrolet","Driver/Driver",15,1
"Racing",2022,"Panini","National Treasures","Dual Race Used Gloves","Chase Elliott/Chase Elliott","NAPA Auto Parts | Hendrick Motorsports | Chevrolet/NAPA Auto Parts | Hendrick Motorsports | Chevrolet","Driver/Driver",16,1
"Racing",2022,"Panini","National Treasures","Dual Race Used Gloves","Brad Keselowski/Brad Keselowski","Kohler | RFK Racing | Ford/Kohler | RFK Racing | Ford","Driver/Driver",18,3
"Racing",2022,"Panini","National Treasures","Dual Race Used Gloves","Christopher Bell/Christopher Bell","DeWalt | Joe Gibbs Racing | Toyota/DeWalt | Joe Gibbs Racing | Toyota","Driver/Driver",20,5
"Racing",2022,"Panini","National Treasures","Dual Race Used Sheet Metal","Jimmie Johnson/Jimmie Johnson","Ally Financial | Hendrick Motorsports | Chevrolet/Ally Financial | Hendrick Motorsports | Chevrolet","Driver/Driver",1,49
"Racing",2022,"Panini","National Treasures","Dual Race Used Sheet Metal","Kyle Busch/Kyle Busch","M&M's | Joe Gibbs Racing | Toyota/M&M's | Joe Gibbs Racing | Toyota","Driver/Driver",2,49
"Racing",2022,"Panini","National Treasures","Dual Race Used Sheet Metal","Bubba Wallace/Bubba Wallace","McDonald's | 23XI Racing | Toyota/McDonald's | 23XI Racing | Toyota","Driver/Driver",5,49
"Racing",2022,"Panini","National Treasures","Dual Race Used Sheet Metal","Alex Bowman/Alex Bowman","Ally Financial | Hendrick Motorsports | Chevrolet/Ally Financial | Hendrick Motorsports | Chevrolet","Driver/Driver",6,10
"Racing",2022,"Panini","National Treasures","Dual Race Used Sheet Metal","William Byron/William Byron","AXALTA | Hendrick Motorsports | Chevrolet/AXALTA | Hendrick Motorsports | Chevrolet","Driver/Driver",8,10
"Racing",2022,"Panini","National Treasures","Dual Race Used Sheet Metal","Chase Elliott/Chase Elliott","NAPA Auto Parts | Hendrick Motorsports | Chevrolet/NAPA Auto Parts | Hendrick Motorsports | Chevrolet","Driver/Driver",16,49
"Racing",2022,"Panini","National Treasures","Dual Race Used Sheet Metal Platinum Blue","Jimmie Johnson/Jimmie Johnson","Ally Financial | Hendrick Motorsports | Chevrolet/Ally Financial | Hendrick Motorsports | Chevrolet","Driver/Driver",1,1
"Racing",2022,"Panini","National Treasures","Dual Race Used Sheet Metal Platinum Blue","Kyle Busch/Kyle Busch","M&M's | Joe Gibbs Racing | Toyota/M&M's | Joe Gibbs Racing | Toyota","Driver/Driver",2,1
"Racing",2022,"Panini","National Treasures","Dual Race Used Sheet Metal Platinum Blue","Dale Earnhardt Jr/Dale Earnhardt Jr","Nationwide | Hendrick Motorsports | Chevrolet/Nationwide | Hendrick Motorsports | Chevrolet","Driver/Driver",4,1
"Racing",2022,"Panini","National Treasures","Dual Race Used Sheet Metal Platinum Blue","Bubba Wallace/Bubba Wallace","McDonald's | 23XI Racing | Toyota/McDonald's | 23XI Racing | Toyota","Driver/Driver",5,1
"Racing",2022,"Panini","National Treasures","Dual Race Used Sheet Metal Platinum Blue","Alex Bowman/Alex Bowman","Ally Financial | Hendrick Motorsports | Chevrolet/Ally Financial | Hendrick Motorsports | Chevrolet","Driver/Driver",6,1
"Racing",2022,"Panini","National Treasures","Dual Race Used Sheet Metal Platinum Blue","Kurt Busch/Kurt Busch","Monster | 23XI Racing | Toyota/Monster | 23XI Racing | Toyota","Driver/Driver",7,1
"Racing",2022,"Panini","National Treasures","Dual Race Used Sheet Metal Platinum Blue","William Byron/William Byron","AXALTA | Hendrick Motorsports | Chevrolet/AXALTA | Hendrick Motorsports | Chevrolet","Driver/Driver",8,1
"Racing",2022,"Panini","National Treasures","Dual Race Used Sheet Metal Platinum Blue","Tyler Reddick/Tyler Reddick","3CHI | Richard Childress Racing | Chevrolet/3CHI | Richard Childress Racing | Chevrolet","Driver/Driver",9,1
"Racing",2022,"Panini","National Treasures","Dual Race Used Sheet Metal Platinum Blue","Ryan Newman/Ryan Newman","Oscar Mayer | Roush Fenway Racing | Ford/Oscar Mayer | Roush Fenway Racing | Ford","Driver/Driver",10,1
"Racing",2022,"Panini","National Treasures","Dual Race Used Sheet Metal Platinum Blue","Ross Chastain/Ross Chastain","AdventHealth | Trackhouse Racing | Chevrolet/AdventHealth | Trackhouse Racing | Chevrolet","Driver/Driver",11,1
"Racing",2022,"Panini","National Treasures","Dual Race Used Sheet Metal Platinum Blue","Martin Truex Jr./Martin Truex Jr.","Bass Pro Shops | Joe Gibbs Racing | Toyota/Bass Pro Shops | Joe Gibbs Racing | Toyota","Driver/Driver",12,1
"Racing",2022,"Panini","National Treasures","Dual Race Used Sheet Metal Platinum Blue","Kevin Harvick/Kevin Harvick","GearWrench | Stewart-Haas Racing | Ford/GearWrench | Stewart-Haas Racing | Ford","Driver/Driver",13,1
"Racing",2022,"Panini","National Treasures","Dual Race Used Sheet Metal Platinum Blue","Erik Jones/Erik Jones","Focus Factor | Petty GMS | Chevrolet/Focus Factor | Petty GMS | Chevrolet","Driver/Driver",15,1
"Racing",2022,"Panini","National Treasures","Dual Race Used Sheet Metal Platinum Blue","Chase Elliott/Chase Elliott","NAPA Auto Parts | Hendrick Motorsports | Chevrolet/NAPA Auto Parts | Hendrick Motorsports | Chevrolet","Driver/Driver",16,1
"Racing",2022,"Panini","National Treasures","Dual Race Used Sheet Metal Platinum Blue","Clint Bowyer/Clint Bowyer","Rush Truck Centers | Stewart-Haas Racing| Ford/Rush Truck Centers | Stewart-Haas Racing| Ford","Driver/Driver",17,1
"Racing",2022,"Panini","National Treasures","Dual Race Used Sheet Metal Platinum Blue","Brad Keselowski/Brad Keselowski","Kohler | RFK Racing | Ford/Kohler | RFK Racing | Ford","Driver/Driver",18,1
"Racing",2022,"Panini","National Treasures","Dual Race Used Sheet Metal Platinum Blue","Daniel Hemric/Daniel Hemric","South Point | Kaulig Racing | Chevrolet/South Point | Kaulig Racing | Chevrolet","Driver/Driver",19,1
"Racing",2022,"Panini","National Treasures","Dual Race Used Sheet Metal Platinum Blue","Christopher Bell/Christopher Bell","DeWalt | Joe Gibbs Racing | Toyota/DeWalt | Joe Gibbs Racing | Toyota","Driver/Driver",20,1
"Racing",2022,"Panini","National Treasures","Dual Race Used Shoes","Jimmie Johnson/Jimmie Johnson","Ally Financial | Hendrick Motorsports | Chevrolet/Ally Financial | Hendrick Motorsports | Chevrolet","Driver/Driver",1,10
"Racing",2022,"Panini","National Treasures","Dual Race Used Shoes","Kyle Busch/Kyle Busch","M&M's | Joe Gibbs Racing | Toyota/M&M's | Joe Gibbs Racing | Toyota","Driver/Driver",2,1
"Racing",2022,"Panini","National Treasures","Dual Race Used Shoes","Dale Earnhardt Jr/Dale Earnhardt Jr","Nationwide | Hendrick Motorsports | Chevrolet/Nationwide | Hendrick Motorsports | Chevrolet","Driver/Driver",4,3
"Racing",2022,"Panini","National Treasures","Dual Race Used Shoes","Tyler Reddick/Tyler Reddick","3CHI | Richard Childress Racing | Chevrolet/3CHI | Richard Childress Racing | Chevrolet","Driver/Driver",9,1
"Racing",2022,"Panini","National Treasures","Dual Race Used Shoes","Ryan Newman/Ryan Newman","Oscar Mayer | Roush Fenway Racing | Ford/Oscar Mayer | Roush Fenway Racing | Ford","Driver/Driver",10,1
"Racing",2022,"Panini","National Treasures","Dual Race Used Shoes","Ross Chastain/Ross Chastain","AdventHealth | Trackhouse Racing | Chevrolet/AdventHealth | Trackhouse Racing | Chevrolet","Driver/Driver",11,1
"Racing",2022,"Panini","National Treasures","Dual Race Used Shoes","Erik Jones/Erik Jones","Focus Factor | Petty GMS | Chevrolet/Focus Factor | Petty GMS | Chevrolet","Driver/Driver",15,1
"Racing",2022,"Panini","National Treasures","Dual Race Used Shoes","Chase Elliott/Chase Elliott","NAPA Auto Parts | Hendrick Motorsports | Chevrolet/NAPA Auto Parts | Hendrick Motorsports | Chevrolet","Driver/Driver",16,1
"Racing",2022,"Panini","National Treasures","Dual Race Used Shoes","Daniel Hemric/Daniel Hemric","South Point | Kaulig Racing | Chevrolet/South Point | Kaulig Racing | Chevrolet","Driver/Driver",19,1
"Racing",2022,"Panini","National Treasures","Dual Race Used Shoes","Christopher Bell/Christopher Bell","DeWalt | Joe Gibbs Racing | Toyota/DeWalt | Joe Gibbs Racing | Toyota","Driver/Driver",20,1
"Racing",2022,"Panini","National Treasures","Dual Race Used Tires","Jimmie Johnson/Jimmie Johnson","Ally Financial | Hendrick Motorsports | Chevrolet/Ally Financial | Hendrick Motorsports | Chevrolet","Driver/Driver",1,49
"Racing",2022,"Panini","National Treasures","Dual Race Used Tires","Kyle Busch/Kyle Busch","M&M's | Joe Gibbs Racing | Toyota/M&M's | Joe Gibbs Racing | Toyota","Driver/Driver",2,49
"Racing",2022,"Panini","National Treasures","Dual Race Used Tires","Jeff Gordon/Jeff Gordon","AXALTA | Hendrick Motorsports | Chevrolet/AXALTA | Hendrick Motorsports | Chevrolet","Driver/Driver",3,49
"Racing",2022,"Panini","National Treasures","Dual Race Used Tires","Bubba Wallace/Bubba Wallace","McDonald's | 23XI Racing | Toyota/McDonald's | 23XI Racing | Toyota","Driver/Driver",5,49
"Racing",2022,"Panini","National Treasures","Dual Race Used Tires","Kevin Harvick/Kevin Harvick","GearWrench | Stewart-Haas Racing | Ford/GearWrench | Stewart-Haas Racing | Ford","Driver/Driver",13,49
"Racing",2022,"Panini","National Treasures","Dual Race Used Tires","Chase Elliott/Chase Elliott","NAPA Auto Parts | Hendrick Motorsports | Chevrolet/NAPA Auto Parts | Hendrick Motorsports | Chevrolet","Driver/Driver",16,49
"Racing",2022,"Panini","National Treasures","Dual Race Used Tires Prime","Jimmie Johnson/Jimmie Johnson","Ally Financial | Hendrick Motorsports | Chevrolet/Ally Financial | Hendrick Motorsports | Chevrolet","Driver/Driver",1,10
"Racing",2022,"Panini","National Treasures","Dual Race Used Tires Prime","Erik Jones/Erik Jones","Focus Factor | Petty GMS | Chevrolet/Focus Factor | Petty GMS | Chevrolet","Driver/Driver",15,10
"Racing",2022,"Panini","National Treasures","Dual Race Used Tires Prime","Chase Elliott/Chase Elliott","NAPA Auto Parts | Hendrick Motorsports | Chevrolet/NAPA Auto Parts | Hendrick Motorsports | Chevrolet","Driver/Driver",16,10
"Racing",2022,"Panini","National Treasures","Dual Race Used Tires Prime","Clint Bowyer/Clint Bowyer","Rush Truck Centers | Stewart-Haas Racing| Ford/Rush Truck Centers | Stewart-Haas Racing| Ford","Driver/Driver",17,10
"Racing",2022,"Panini","National Treasures","Dual Race Used Tires Prime","Daniel Hemric/Daniel Hemric","South Point | Kaulig Racing | Chevrolet/South Point | Kaulig Racing | Chevrolet","Driver/Driver",19,10
"Racing",2022,"Panini","National Treasures","Dual Race Used Tires Prime Platinum Blue","Jimmie Johnson/Jimmie Johnson","Ally Financial | Hendrick Motorsports | Chevrolet/Ally Financial | Hendrick Motorsports | Chevrolet","Driver/Driver",1,1
"Racing",2022,"Panini","National Treasures","Dual Race Used Tires Prime Platinum Blue","Erik Jones/Erik Jones","Focus Factor | Petty GMS | Chevrolet/Focus Factor | Petty GMS | Chevrolet","Driver/Driver",15,1
"Racing",2022,"Panini","National Treasures","Dual Race Used Tires Prime Platinum Blue","Chase Elliott/Chase Elliott","NAPA Auto Parts | Hendrick Motorsports | Chevrolet/NAPA Auto Parts | Hendrick Motorsports | Chevrolet","Driver/Driver",16,1
"Racing",2022,"Panini","National Treasures","Dual Race Used Tires Prime Platinum Blue","Clint Bowyer/Clint Bowyer","Rush Truck Centers | Stewart-Haas Racing| Ford/Rush Truck Centers | Stewart-Haas Racing| Ford","Driver/Driver",17,1
"Racing",2022,"Panini","National Treasures","Dual Race Used Tires Prime Platinum Blue","Daniel Hemric/Daniel Hemric","South Point | Kaulig Racing | Chevrolet/South Point | Kaulig Racing | Chevrolet","Driver/Driver",19,1
"Racing",2022,"Panini","National Treasures","Fast Lane","Brittney Zamora","Rackley Roofing | Toyota","Driver",1,25
"Racing",2022,"Panini","National Treasures","Fast Lane","Hailie Deegan","Monster Energy | DGR-Crosley | Ford","Driver",2,34
"Racing",2022,"Panini","National Treasures","Fast Lane","Sam Mayer","Accelerate | JR Motorsports | Chevrolet","Driver",3,49
"Racing",2022,"Panini","National Treasures","Fast Lane","Thad Moffitt","STP | Reaume Brothers Racing | Chevrolet","Driver",4,26
"Racing",2022,"Panini","National Treasures","Fast Lane","Ty Gibbs","Interstate Batteries | Joe Gibbs Racing | Toyota","Driver",5,59
"Racing",2022,"Panini","National Treasures","Fast Lane","Vinnie Miller","Pit Viper Sunglasses | B.J. McLeod Motorsports | Chevrolet","Driver",6,99
"Racing",2022,"Panini","National Treasures","Fast Lane","Natalie Decker","NERD Focus | Our Motorsports | Chevrolet","Driver",7,49
"Racing",2022,"Panini","National Treasures","Fast Lane","Toni Breidinger","ARCA Menards","Driver",8,10
"Racing",2022,"Panini","National Treasures","Fast Lane","Dale Earnhardt Jr","Mountain Dew | Hendrick Motorsports | Chevrolet","Driver",9,20
"Racing",2022,"Panini","National Treasures","Fast Lane","Danica Patrick","TaxACT | Stewart-Haas Racing | Ford","Driver",10,60
"Racing",2022,"Panini","National Treasures","Fast Lane","Kasey Kahne","Dodge Dealers | Evernham Motorsports | Dodge","Driver",12,20
"Racing",2022,"Panini","National Treasures","Fast Lane","Richard Petty","STP | Petty Enterprises | Plymouth","Driver",13,15
"Racing",2022,"Panini","National Treasures","Fast Lane","Jimmie Johnson","Lowe's | Hendrick Motorsports | Chevrolet","Driver",14,15
"Racing",2022,"Panini","National Treasures","Fast Lane Holo Gold","Brittney Zamora","Rackley Roofing | Toyota","Driver",1,10
"Racing",2022,"Panini","National Treasures","Fast Lane Holo Gold","Hailie Deegan","Monster Energy | DGR-Crosley | Ford","Driver",2,5
"Racing",2022,"Panini","National Treasures","Fast Lane Holo Gold","Sam Mayer","Accelerate | JR Motorsports | Chevrolet","Driver",3,10
"Racing",2022,"Panini","National Treasures","Fast Lane Holo Gold","Thad Moffitt","STP | Reaume Brothers Racing | Chevrolet","Driver",4,10
"Racing",2022,"Panini","National Treasures","Fast Lane Holo Gold","Ty Gibbs","Interstate Batteries | Joe Gibbs Racing | Toyota","Driver",5,10
"Racing",2022,"Panini","National Treasures","Fast Lane Holo Gold","Vinnie Miller","Pit Viper Sunglasses | B.J. McLeod Motorsports | Chevrolet","Driver",6,10
"Racing",2022,"Panini","National Treasures","Fast Lane Holo Gold","Natalie Decker","NERD Focus | Our Motorsports | Chevrolet","Driver",7,5
"Racing",2022,"Panini","National Treasures","Fast Lane Holo Gold","Toni Breidinger","ARCA Menards","Driver",8,3
"Racing",2022,"Panini","National Treasures","Fast Lane Holo Gold","Dale Earnhardt Jr","Mountain Dew | Hendrick Motorsports | Chevrolet","Driver",9,10
"Racing",2022,"Panini","National Treasures","Fast Lane Holo Gold","Danica Patrick","TaxACT | Stewart-Haas Racing | Ford","Driver",10,10
"Racing",2022,"Panini","National Treasures","Fast Lane Holo Gold","Jeff Gordon","Pepsi | Hendrick Motorsports | Chevrolet","Driver",11,2
"Racing",2022,"Panini","National Treasures","Fast Lane Holo Gold","Kasey Kahne","Dodge Dealers | Evernham Motorsports | Dodge","Driver",12,10
"Racing",2022,"Panini","National Treasures","Fast Lane Holo Gold","Richard Petty","STP | Petty Enterprises | Plymouth","Driver",13,6
"Racing",2022,"Panini","National Treasures","Fast Lane Holo Gold","Jimmie Johnson","Lowe's | Hendrick Motorsports | Chevrolet","Driver",14,5
"Racing",2022,"Panini","National Treasures","Fast Lane Holo Platinum Blue","Brittney Zamora","Rackley Roofing | Toyota","Driver",1,1
"Racing",2022,"Panini","National Treasures","Fast Lane Holo Platinum Blue","Hailie Deegan","Monster Energy | DGR-Crosley | Ford","Driver",2,1
"Racing",2022,"Panini","National Treasures","Fast Lane Holo Platinum Blue","Sam Mayer","Accelerate | JR Motorsports | Chevrolet","Driver",3,1
"Racing",2022,"Panini","National Treasures","Fast Lane Holo Platinum Blue","Thad Moffitt","STP | Reaume Brothers Racing | Chevrolet","Driver",4,1
"Racing",2022,"Panini","National Treasures","Fast Lane Holo Platinum Blue","Ty Gibbs","Interstate Batteries | Joe Gibbs Racing | Toyota","Driver",5,1
"Racing",2022,"Panini","National Treasures","Fast Lane Holo Platinum Blue","Vinnie Miller","Pit Viper Sunglasses | B.J. McLeod Motorsports | Chevrolet","Driver",6,1
"Racing",2022,"Panini","National Treasures","Fast Lane Holo Platinum Blue","Natalie Decker","NERD Focus | Our Motorsports | Chevrolet","Driver",7,1
"Racing",2022,"Panini","National Treasures","Fast Lane Holo Platinum Blue","Toni Breidinger","ARCA Menards","Driver",8,1
"Racing",2022,"Panini","National Treasures","Fast Lane Holo Platinum Blue","Dale Earnhardt Jr","Mountain Dew | Hendrick Motorsports | Chevrolet","Driver",9,1
"Racing",2022,"Panini","National Treasures","Fast Lane Holo Platinum Blue","Danica Patrick","TaxACT | Stewart-Haas Racing | Ford","Driver",10,1
"Racing",2022,"Panini","National Treasures","Fast Lane Holo Platinum Blue","Jeff Gordon","Pepsi | Hendrick Motorsports | Chevrolet","Driver",11,1
"Racing",2022,"Panini","National Treasures","Fast Lane Holo Platinum Blue","Kasey Kahne","Dodge Dealers | Evernham Motorsports | Dodge","Driver",12,1
"Racing",2022,"Panini","National Treasures","Fast Lane Holo Platinum Blue","Richard Petty","STP | Petty Enterprises | Plymouth","Driver",13,1
"Racing",2022,"Panini","National Treasures","Fast Lane Holo Platinum Blue","Jimmie Johnson","Lowe's | Hendrick Motorsports | Chevrolet","Driver",14,1
"Racing",2022,"Panini","National Treasures","Fast Lane Holo Platinum Blue","Kyle Busch","M&M's | Joe Gibbs Racing | Toyota","Driver",15,1
"Racing",2022,"Panini","National Treasures","Fast Lane Holo Silver","Brittney Zamora","Rackley Roofing | Toyota","Driver",1,15
"Racing",2022,"Panini","National Treasures","Fast Lane Holo Silver","Hailie Deegan","Monster Energy | DGR-Crosley | Ford","Driver",2,10
"Racing",2022,"Panini","National Treasures","Fast Lane Holo Silver","Sam Mayer","Accelerate | JR Motorsports | Chevrolet","Driver",3,25
"Racing",2022,"Panini","National Treasures","Fast Lane Holo Silver","Thad Moffitt","STP | Reaume Brothers Racing | Chevrolet","Driver",4,15
"Racing",2022,"Panini","National Treasures","Fast Lane Holo Silver","Ty Gibbs","Interstate Batteries | Joe Gibbs Racing | Toyota","Driver",5,25
"Racing",2022,"Panini","National Treasures","Fast Lane Holo Silver","Vinnie Miller","Pit Viper Sunglasses | B.J. McLeod Motorsports | Chevrolet","Driver",6,49
"Racing",2022,"Panini","National Treasures","Fast Lane Holo Silver","Natalie Decker","NERD Focus | Our Motorsports | Chevrolet","Driver",7,25
"Racing",2022,"Panini","National Treasures","Fast Lane Holo Silver","Toni Breidinger","ARCA Menards","Driver",8,5
"Racing",2022,"Panini","National Treasures","Fast Lane Holo Silver","Dale Earnhardt Jr","Mountain Dew | Hendrick Motorsports | Chevrolet","Driver",9,15
"Racing",2022,"Panini","National Treasures","Fast Lane Holo Silver","Danica Patrick","TaxACT | Stewart-Haas Racing | Ford","Driver",10,25
"Racing",2022,"Panini","National Treasures","Fast Lane Holo Silver","Kasey Kahne","Dodge Dealers | Evernham Motorsports | Dodge","Driver",12,15
"Racing",2022,"Panini","National Treasures","Fast Lane Holo Silver","Richard Petty","STP | Petty Enterprises | Plymouth","Driver",13,10
"Racing",2022,"Panini","National Treasures","Fast Lane Holo Silver","Jimmie Johnson","Lowe's | Hendrick Motorsports | Chevrolet","Driver",14,10
"Racing",2022,"Panini","National Treasures","Firesuit Signatures","Hailie Deegan","Monster Energy | DGR-Crosley | Ford","Driver",1,49
"Racing",2022,"Panini","National Treasures","Firesuit Signatures","Denny Hamlin","FedEx Express | Joe Gibbs Racing | Toyota","Driver",3,11
"Racing",2022,"Panini","National Treasures","Firesuit Signatures","Jimmie Johnson","Lowe's | Hendrick Motorsports | Chevrolet","Driver",4,15
"Racing",2022,"Panini","National Treasures","Firesuit Signatures","Richard Petty","STP | Petty Enterprises | Plymouth","Driver",5,10
"Racing",2022,"Panini","National Treasures","Firesuit Signatures","Kevin Harvick","Mobil 1 | Stewart-Haas Racing | Ford","Driver",6,10
"Racing",2022,"Panini","National Treasures","Firesuit Signatures","Chase Elliott","NAPA Auto Parts | Hendrick Motorsports | Chevrolet","Driver",7,9
"Racing",2022,"Panini","National Treasures","Firesuit Signatures","Alex Bowman","Ally Financial | Hendrick Motorsports | Chevrolet","Driver",8,25
"Racing",2022,"Panini","National Treasures","Firesuit Signatures","William Byron","AXALTA | Hendrick Motorsports | Chevrolet","Driver",9,5
"Racing",2022,"Panini","National Treasures","Firesuit Signatures","Bubba Wallace","Leidos | 23XI Racing | Toyota","Driver",10,20
"Racing",2022,"Panini","National Treasures","Firesuit Signatures","Daniel Suarez","Tootsie's | Trackhouse Racing | Chevrolet","Driver",12,15
"Racing",2022,"Panini","National Treasures","Firesuit Signatures","Aric Almirola","Smithfield Foods | Stewart-Haas Racing | Ford","Driver",13,20
"Racing",2022,"Panini","National Treasures","Firesuit Signatures","Austin Dillon","Bass Pro Shops | Richard Childress Racing | Chevrolet","Driver",14,15
"Racing",2022,"Panini","National Treasures","Firesuit Signatures","Brad Keselowski","Kohler | RFK Racing | Ford","Driver",15,25
"Racing",2022,"Panini","National Treasures","Firesuit Signatures","Joey Logano","Shell-Pennzoil | Team Penske | Ford","Driver",16,49
"Racing",2022,"Panini","National Treasures","Firesuit Signatures","Martin Truex Jr.","Bass Pro Shops | Joe Gibbs Racing | Toyota","Driver",18,5
"Racing",2022,"Panini","National Treasures","Firesuit Signatures","Matt Kenseth","DeWalt | Joe Gibbs Racing | Toyota","Driver",19,99
"Racing",2022,"Panini","National Treasures","Firesuit Signatures","Tony Stewart","Mobil 1 | Stewart-Haas Racing | Chevrolet","Driver",20,99
"Racing",2022,"Panini","National Treasures","Firesuit Signatures","Terry Labonte","Kellogg's Corn Flakes | Hendrick Motorsports | Chevrolet","Driver",21,50
"Racing",2022,"Panini","National Treasures","Firesuit Signatures","Ryan Newman","Kohler Generators | Rousch Fenway Racing | Ford","Driver",22,40
"Racing",2022,"Panini","National Treasures","Firesuit Signatures","Ross Chastain","AdventHealth | Trackhouse Racing | Chevrolet","Driver",23,25
"Racing",2022,"Panini","National Treasures","Firesuit Signatures","Ryan Preece","Kroger | JTG Daugherty Racing | Chevrolet","Driver",24,79
"Racing",2022,"Panini","National Treasures","Firesuit Signatures","Kaz Grala","Pit Viper | The Money Team | Chevrolet","Driver",25,99
"Racing",2022,"Panini","National Treasures","Firesuit Signatures","Jamie McMurray","Cessna | Chip Ganassi Racing | Chevrolet","Driver",26,99
"Racing",2022,"Panini","National Treasures","Firesuit Signatures","Derrike Cope","Stoke Racing | Fred Stoke | Ford","Driver",27,75
"Racing",2022,"Panini","National Treasures","Firesuit Signatures","Bobby Labonte","Interstate Batteries | Joe Gibbs Racing | Pontiac","Driver",28,75
"Racing",2022,"Panini","National Treasures","Firesuit Signatures","Cole Custer","Haas Automation | Stewart-Haas Racing | Ford","Driver",29,15
"Racing",2022,"Panini","National Treasures","Firesuit Signatures Holo Gold","Hailie Deegan","Monster Energy | DGR-Crosley | Ford","Driver",1,10
"Racing",2022,"Panini","National Treasures","Firesuit Signatures Holo Gold","Kyle Busch","M&M's | Joe Gibbs Racing | Toyota","Driver",2,2
"Racing",2022,"Panini","National Treasures","Firesuit Signatures Holo Gold","Denny Hamlin","FedEx Express | Joe Gibbs Racing | Toyota","Driver",3,5
"Racing",2022,"Panini","National Treasures","Firesuit Signatures Holo Gold","Jimmie Johnson","Lowe's | Hendrick Motorsports | Chevrolet","Driver",4,5
"Racing",2022,"Panini","National Treasures","Firesuit Signatures Holo Gold","Richard Petty","STP | Petty Enterprises | Plymouth","Driver",5,5
"Racing",2022,"Panini","National Treasures","Firesuit Signatures Holo Gold","Kevin Harvick","Mobil 1 | Stewart-Haas Racing | Ford","Driver",6,4
"Racing",2022,"Panini","National Treasures","Firesuit Signatures Holo Gold","Chase Elliott","NAPA Auto Parts | Hendrick Motorsports | Chevrolet","Driver",7,5
"Racing",2022,"Panini","National Treasures","Firesuit Signatures Holo Gold","Alex Bowman","Ally Financial | Hendrick Motorsports | Chevrolet","Driver",8,10
"Racing",2022,"Panini","National Treasures","Firesuit Signatures Holo Gold","William Byron","AXALTA | Hendrick Motorsports | Chevrolet","Driver",9,2
"Racing",2022,"Panini","National Treasures","Firesuit Signatures Holo Gold","Bubba Wallace","Leidos | 23XI Racing | Toyota","Driver",10,5
"Racing",2022,"Panini","National Treasures","Firesuit Signatures Holo Gold","Ryan Blaney","BodyArmor | Team Penske | Ford","Driver",11,5
"Racing",2022,"Panini","National Treasures","Firesuit Signatures Holo Gold","Daniel Suarez","Tootsie's | Trackhouse Racing | Chevrolet","Driver",12,5
"Racing",2022,"Panini","National Treasures","Firesuit Signatures Holo Gold","Aric Almirola","Smithfield Foods | Stewart-Haas Racing | Ford","Driver",13,5
"Racing",2022,"Panini","National Treasures","Firesuit Signatures Holo Gold","Austin Dillon","Bass Pro Shops | Richard Childress Racing | Chevrolet","Driver",14,3
"Racing",2022,"Panini","National Treasures","Firesuit Signatures Holo Gold","Brad Keselowski","Kohler | RFK Racing | Ford","Driver",15,5
"Racing",2022,"Panini","National Treasures","Firesuit Signatures Holo Gold","Joey Logano","Shell-Pennzoil | Team Penske | Ford","Driver",16,10
"Racing",2022,"Panini","National Treasures","Firesuit Signatures Holo Gold","Kurt Busch","Monster | 23XI Racing | Toyota","Driver",17,5
"Racing",2022,"Panini","National Treasures","Firesuit Signatures Holo Gold","Martin Truex Jr.","Bass Pro Shops | Joe Gibbs Racing | Toyota","Driver",18,2
"Racing",2022,"Panini","National Treasures","Firesuit Signatures Holo Gold","Matt Kenseth","DeWalt | Joe Gibbs Racing | Toyota","Driver",19,10
"Racing",2022,"Panini","National Treasures","Firesuit Signatures Holo Gold","Tony Stewart","Mobil 1 | Stewart-Haas Racing | Chevrolet","Driver",20,5
"Racing",2022,"Panini","National Treasures","Firesuit Signatures Holo Gold","Terry Labonte","Kellogg's Corn Flakes | Hendrick Motorsports | Chevrolet","Driver",21,10
"Racing",2022,"Panini","National Treasures","Firesuit Signatures Holo Gold","Ryan Newman","Kohler Generators | Rousch Fenway Racing | Ford","Driver",22,10
"Racing",2022,"Panini","National Treasures","Firesuit Signatures Holo Gold","Ross Chastain","AdventHealth | Trackhouse Racing | Chevrolet","Driver",23,5
"Racing",2022,"Panini","National Treasures","Firesuit Signatures Holo Gold","Ryan Preece","Kroger | JTG Daugherty Racing | Chevrolet","Driver",24,6
"Racing",2022,"Panini","National Treasures","Firesuit Signatures Holo Gold","Kaz Grala","Pit Viper | The Money Team | Chevrolet","Driver",25,10
"Racing",2022,"Panini","National Treasures","Firesuit Signatures Holo Gold","Jamie McMurray","Cessna | Chip Ganassi Racing | Chevrolet","Driver",26,5
"Racing",2022,"Panini","National Treasures","Firesuit Signatures Holo Gold","Derrike Cope","Stoke Racing | Fred Stoke | Ford","Driver",27,10
"Racing",2022,"Panini","National Treasures","Firesuit Signatures Holo Gold","Bobby Labonte","Interstate Batteries | Joe Gibbs Racing | Pontiac","Driver",28,10
"Racing",2022,"Panini","National Treasures","Firesuit Signatures Holo Gold","Cole Custer","Haas Automation | Stewart-Haas Racing | Ford","Driver",29,5
"Racing",2022,"Panini","National Treasures","Firesuit Signatures Holo Gold","Clint Bowyer","Rush Truck Centers | Stewart-Haas Racing| Ford","Driver",30,3
"Racing",2022,"Panini","National Treasures","Firesuit Signatures Holo Platinum Blue","Hailie Deegan","Monster Energy | DGR-Crosley | Ford","Driver",1,1
"Racing",2022,"Panini","National Treasures","Firesuit Signatures Holo Platinum Blue","Kyle Busch","M&M's | Joe Gibbs Racing | Toyota","Driver",2,1
"Racing",2022,"Panini","National Treasures","Firesuit Signatures Holo Platinum Blue","Denny Hamlin","FedEx Express | Joe Gibbs Racing | Toyota","Driver",3,1
"Racing",2022,"Panini","National Treasures","Firesuit Signatures Holo Platinum Blue","Jimmie Johnson","Lowe's | Hendrick Motorsports | Chevrolet","Driver",4,1
"Racing",2022,"Panini","National Treasures","Firesuit Signatures Holo Platinum Blue","Richard Petty","STP | Petty Enterprises | Plymouth","Driver",5,1
"Racing",2022,"Panini","National Treasures","Firesuit Signatures Holo Platinum Blue","Kevin Harvick","Mobil 1 | Stewart-Haas Racing | Ford","Driver",6,1
"Racing",2022,"Panini","National Treasures","Firesuit Signatures Holo Platinum Blue","Chase Elliott","NAPA Auto Parts | Hendrick Motorsports | Chevrolet","Driver",7,1
"Racing",2022,"Panini","National Treasures","Firesuit Signatures Holo Platinum Blue","Alex Bowman","Ally Financial | Hendrick Motorsports | Chevrolet","Driver",8,1
"Racing",2022,"Panini","National Treasures","Firesuit Signatures Holo Platinum Blue","William Byron","AXALTA | Hendrick Motorsports | Chevrolet","Driver",9,1
"Racing",2022,"Panini","National Treasures","Firesuit Signatures Holo Platinum Blue","Bubba Wallace","Leidos | 23XI Racing | Toyota","Driver",10,1
"Racing",2022,"Panini","National Treasures","Firesuit Signatures Holo Platinum Blue","Ryan Blaney","BodyArmor | Team Penske | Ford","Driver",11,1
"Racing",2022,"Panini","National Treasures","Firesuit Signatures Holo Platinum Blue","Daniel Suarez","Tootsie's | Trackhouse Racing | Chevrolet","Driver",12,1
"Racing",2022,"Panini","National Treasures","Firesuit Signatures Holo Platinum Blue","Aric Almirola","Smithfield Foods | Stewart-Haas Racing | Ford","Driver",13,1
"Racing",2022,"Panini","National Treasures","Firesuit Signatures Holo Platinum Blue","Austin Dillon","Bass Pro Shops | Richard Childress Racing | Chevrolet","Driver",14,1
"Racing",2022,"Panini","National Treasures","Firesuit Signatures Holo Platinum Blue","Brad Keselowski","Kohler | RFK Racing | Ford","Driver",15,1
"Racing",2022,"Panini","National Treasures","Firesuit Signatures Holo Platinum Blue","Joey Logano","Shell-Pennzoil | Team Penske | Ford","Driver",16,1
"Racing",2022,"Panini","National Treasures","Firesuit Signatures Holo Platinum Blue","Kurt Busch","Monster | 23XI Racing | Toyota","Driver",17,1
"Racing",2022,"Panini","National Treasures","Firesuit Signatures Holo Platinum Blue","Martin Truex Jr.","Bass Pro Shops | Joe Gibbs Racing | Toyota","Driver",18,1
"Racing",2022,"Panini","National Treasures","Firesuit Signatures Holo Platinum Blue","Matt Kenseth","DeWalt | Joe Gibbs Racing | Toyota","Driver",19,1
"Racing",2022,"Panini","National Treasures","Firesuit Signatures Holo Platinum Blue","Tony Stewart","Mobil 1 | Stewart-Haas Racing | Chevrolet","Driver",20,1
"Racing",2022,"Panini","National Treasures","Firesuit Signatures Holo Platinum Blue","Terry Labonte","Kellogg's Corn Flakes | Hendrick Motorsports | Chevrolet","Driver",21,1
"Racing",2022,"Panini","National Treasures","Firesuit Signatures Holo Platinum Blue","Ryan Newman","Kohler Generators | Rousch Fenway Racing | Ford","Driver",22,1
"Racing",2022,"Panini","National Treasures","Firesuit Signatures Holo Platinum Blue","Ross Chastain","AdventHealth | Trackhouse Racing | Chevrolet","Driver",23,1
"Racing",2022,"Panini","National Treasures","Firesuit Signatures Holo Platinum Blue","Ryan Preece","Kroger | JTG Daugherty Racing | Chevrolet","Driver",24,1
"Racing",2022,"Panini","National Treasures","Firesuit Signatures Holo Platinum Blue","Kaz Grala","Pit Viper | The Money Team | Chevrolet","Driver",25,1
"Racing",2022,"Panini","National Treasures","Firesuit Signatures Holo Platinum Blue","Jamie McMurray","Cessna | Chip Ganassi Racing | Chevrolet","Driver",26,1
"Racing",2022,"Panini","National Treasures","Firesuit Signatures Holo Platinum Blue","Derrike Cope","Stoke Racing | Fred Stoke | Ford","Driver",27,1
"Racing",2022,"Panini","National Treasures","Firesuit Signatures Holo Platinum Blue","Bobby Labonte","Interstate Batteries | Joe Gibbs Racing | Pontiac","Driver",28,1
"Racing",2022,"Panini","National Treasures","Firesuit Signatures Holo Platinum Blue","Cole Custer","Haas Automation | Stewart-Haas Racing | Ford","Driver",29,1
"Racing",2022,"Panini","National Treasures","Firesuit Signatures Holo Platinum Blue","Clint Bowyer","Rush Truck Centers | Stewart-Haas Racing| Ford","Driver",30,1
"Racing",2022,"Panini","National Treasures","Firesuit Signatures Silver","Hailie Deegan","Monster Energy | DGR-Crosley | Ford","Driver",1,25
"Racing",2022,"Panini","National Treasures","Firesuit Signatures Silver","Kyle Busch","M&M's | Joe Gibbs Racing | Toyota","Driver",2,4
"Racing",2022,"Panini","National Treasures","Firesuit Signatures Silver","Denny Hamlin","FedEx Express | Joe Gibbs Racing | Toyota","Driver",3,7
"Racing",2022,"Panini","National Treasures","Firesuit Signatures Silver","Jimmie Johnson","Lowe's | Hendrick Motorsports | Chevrolet","Driver",4,10
"Racing",2022,"Panini","National Treasures","Firesuit Signatures Silver","Richard Petty","STP | Petty Enterprises | Plymouth","Driver",5,7
"Racing",2022,"Panini","National Treasures","Firesuit Signatures Silver","Kevin Harvick","Mobil 1 | Stewart-Haas Racing | Ford","Driver",6,5
"Racing",2022,"Panini","National Treasures","Firesuit Signatures Silver","Chase Elliott","NAPA Auto Parts | Hendrick Motorsports | Chevrolet","Driver",7,7
"Racing",2022,"Panini","National Treasures","Firesuit Signatures Silver","Alex Bowman","Ally Financial | Hendrick Motorsports | Chevrolet","Driver",8,15
"Racing",2022,"Panini","National Treasures","Firesuit Signatures Silver","William Byron","AXALTA | Hendrick Motorsports | Chevrolet","Driver",9,3
"Racing",2022,"Panini","National Treasures","Firesuit Signatures Silver","Bubba Wallace","Leidos | 23XI Racing | Toyota","Driver",10,15
"Racing",2022,"Panini","National Treasures","Firesuit Signatures Silver","Daniel Suarez","Tootsie's | Trackhouse Racing | Chevrolet","Driver",12,10
"Racing",2022,"Panini","National Treasures","Firesuit Signatures Silver","Aric Almirola","Smithfield Foods | Stewart-Haas Racing | Ford","Driver",13,10
"Racing",2022,"Panini","National Treasures","Firesuit Signatures Silver","Austin Dillon","Bass Pro Shops | Richard Childress Racing | Chevrolet","Driver",14,5
"Racing",2022,"Panini","National Treasures","Firesuit Signatures Silver","Brad Keselowski","Kohler | RFK Racing | Ford","Driver",15,10
"Racing",2022,"Panini","National Treasures","Firesuit Signatures Silver","Joey Logano","Shell-Pennzoil | Team Penske | Ford","Driver",16,25
"Racing",2022,"Panini","National Treasures","Firesuit Signatures Silver","Kurt Busch","Monster | 23XI Racing | Toyota","Driver",17,10
"Racing",2022,"Panini","National Treasures","Firesuit Signatures Silver","Martin Truex Jr.","Bass Pro Shops | Joe Gibbs Racing | Toyota","Driver",18,3
"Racing",2022,"Panini","National Treasures","Firesuit Signatures Silver","Matt Kenseth","DeWalt | Joe Gibbs Racing | Toyota","Driver",19,49
"Racing",2022,"Panini","National Treasures","Firesuit Signatures Silver","Tony Stewart","Mobil 1 | Stewart-Haas Racing | Chevrolet","Driver",20,49
"Racing",2022,"Panini","National Treasures","Firesuit Signatures Silver","Terry Labonte","Kellogg's Corn Flakes | Hendrick Motorsports | Chevrolet","Driver",21,25
"Racing",2022,"Panini","National Treasures","Firesuit Signatures Silver","Ryan Newman","Kohler Generators | Rousch Fenway Racing | Ford","Driver",22,25
"Racing",2022,"Panini","National Treasures","Firesuit Signatures Silver","Ross Chastain","AdventHealth | Trackhouse Racing | Chevrolet","Driver",23,10
"Racing",2022,"Panini","National Treasures","Firesuit Signatures Silver","Ryan Preece","Kroger | JTG Daugherty Racing | Chevrolet","Driver",24,25
"Racing",2022,"Panini","National Treasures","Firesuit Signatures Silver","Kaz Grala","Pit Viper | The Money Team | Chevrolet","Driver",25,25
"Racing",2022,"Panini","National Treasures","Firesuit Signatures Silver","Jamie McMurray","Cessna | Chip Ganassi Racing | Chevrolet","Driver",26,49
"Racing",2022,"Panini","National Treasures","Firesuit Signatures Silver","Derrike Cope","Stoke Racing | Fred Stoke | Ford","Driver",27,25
"Racing",2022,"Panini","National Treasures","Firesuit Signatures Silver","Bobby Labonte","Interstate Batteries | Joe Gibbs Racing | Pontiac","Driver",28,25
"Racing",2022,"Panini","National Treasures","Firesuit Signatures Silver","Cole Custer","Haas Automation | Stewart-Haas Racing | Ford","Driver",29,10
"Racing",2022,"Panini","National Treasures","Firesuit Signatures Silver","Clint Bowyer","Rush Truck Centers | Stewart-Haas Racing| Ford","Driver",30,6
"Racing",2022,"Panini","National Treasures","Jumbo Firesuit Booklet Duals","Alex Bowman/Alex Bowman","Ally Financial | Hendrick Motorsports | Chevrolet/Ally Financial | Hendrick Motorsports | Chevrolet","Driver/Driver",1,25
"Racing",2022,"Panini","National Treasures","Jumbo Firesuit Booklet Duals","Alex Labbe/Alex Labbe","Prolon | DGM Racing | Chevrolet/Prolon | DGM Racing | Chevrolet","Driver/Driver",2,25
"Racing",2022,"Panini","National Treasures","Jumbo Firesuit Booklet Duals","Aric Almirola/Aric Almirola","Smithfield Foods | Stewart-Haas Racing | Ford/Smithfield Foods | Stewart-Haas Racing | Ford","Driver/Driver",4,25
"Racing",2022,"Panini","National Treasures","Jumbo Firesuit Booklet Duals","Austin Dillon/Austin Dillon","Bass Pro Shops | Richard Childress Racing | Chevrolet/Bass Pro Shops | Richard Childress Racing | Chevrolet","Driver/Driver",5,11
"Racing",2022,"Panini","National Treasures","Jumbo Firesuit Booklet Duals","B.J. McLeod/B.J. McLeod","Motorsport Games | B.J. McLeod Motorsports | Chevrolet/Motorsport Games | B.J. McLeod Motorsports | Chevrolet","Driver/Driver",6,25
"Racing",2022,"Panini","National Treasures","Jumbo Firesuit Booklet Duals","Brad Keselowski/Brad Keselowski","Kohler | RFK Racing | Ford/Kohler | RFK Racing | Ford","Driver/Driver",7,25
"Racing",2022,"Panini","National Treasures","Jumbo Firesuit Booklet Duals","Brandon Brown/Brandon Brown","TradetheChain | Brandonbilt Motorsports | Chevrolet/TradetheChain | Brandonbilt Motorsports | Chevrolet","Driver/Driver",8,25
"Racing",2022,"Panini","National Treasures","Jumbo Firesuit Booklet Duals","Brett Moffitt/Brett Moffitt","Hometown Lenders | Our Motorsports | Chevrolet/Hometown Lenders | Our Motorsports | Chevrolet","Driver/Driver",9,25
"Racing",2022,"Panini","National Treasures","Jumbo Firesuit Booklet Duals","Bubba Wallace/Bubba Wallace","Root Insurance | 23XI Racing | Toyota/Root Insurance | 23XI Racing | Toyota","Driver/Driver",10,11
"Racing",2022,"Panini","National Treasures","Jumbo Firesuit Booklet Duals","Chase Elliott/Chase Elliott","NAPA Auto Parts | Hendrick Motorsports | Chevrolet/NAPA Auto Parts | Hendrick Motorsports | Chevrolet","Driver/Driver",11,25
"Racing",2022,"Panini","National Treasures","Jumbo Firesuit Booklet Duals","Chris Buescher/Chris Buescher","Fastenal | RFK Racing | Ford/Fastenal | RFK Racing | Ford","Driver/Driver",12,25
"Racing",2022,"Panini","National Treasures","Jumbo Firesuit Booklet Duals","Clint Bowyer/Clint Bowyer","Mobil 1 | Stewart-Haas Racing | Ford/Mobil 1 | Stewart-Haas Racing | Ford","Driver/Driver",13,25
"Racing",2022,"Panini","National Treasures","Jumbo Firesuit Booklet Duals","Colby Howard/Colby Howard","Gates Hydrolauics | McAnally-Hilgemann Racing | Chevrolet/Gates Hydrolauics | McAnally-Hilgemann Racing | Chevrolet","Driver/Driver",14,25
"Racing",2022,"Panini","National Treasures","Jumbo Firesuit Booklet Duals","Cole Custer/Cole Custer","Haas Automation | Stewart-Haas Racing | Ford/Haas Automation | Stewart-Haas Racing | Ford","Driver/Driver",15,25
"Racing",2022,"Panini","National Treasures","Jumbo Firesuit Booklet Duals","Daniel Suarez/Daniel Suarez","Tootsie's | Trackhouse Racing | Chevrolet/Tootsie's | Trackhouse Racing | Chevrolet","Driver/Driver",17,25
"Racing",2022,"Panini","National Treasures","Jumbo Firesuit Booklet Duals","Denny Hamlin/Denny Hamlin","FedEx Express | Joe Gibbs Racing | Toyota/FedEx Express | Joe Gibbs Racing | Toyota","Driver/Driver",18,25
"Racing",2022,"Panini","National Treasures","Jumbo Firesuit Booklet Duals","Drew Dollar/Drew Dollar","JBL | Kyle Busch Motorsports | Toyota/JBL | Kyle Busch Motorsports | Toyota","Driver/Driver",19,25
"Racing",2022,"Panini","National Treasures","Jumbo Firesuit Booklet Duals","Harrison Burton/Harrison Burton","Motorcraft | Wood Brothers Racing | Ford/Motorcraft | Wood Brothers Racing | Ford","Driver/Driver",20,25
"Racing",2022,"Panini","National Treasures","Jumbo Firesuit Booklet Duals","Jeb Burton/Jeb Burton","State Water Heaters | JR Motorsports | Chevrolet/State Water Heaters | JR Motorsports | Chevrolet","Driver/Driver",21,25
"Racing",2022,"Panini","National Treasures","Jumbo Firesuit Booklet Duals","Jesse Little/Jesse Little","Tufco | B.J. McLeod Motorsports | Chevrolet/Tufco | B.J. McLeod Motorsports | Chevrolet","Driver/Driver",22,25
"Racing",2022,"Panini","National Treasures","Jumbo Firesuit Booklet Duals","Jesse Love/Jesse Love","Mobil 1 | Toyota/Mobil 1 | Toyota","Driver/Driver",23,25
"Racing",2022,"Panini","National Treasures","Jumbo Firesuit Booklet Duals","Jimmie Johnson/Jimmie Johnson","Ally Financial | Hendrick Motorsports | Chevrolet/Ally Financial | Hendrick Motorsports | Chevrolet","Driver/Driver",24,25
"Racing",2022,"Panini","National Treasures","Jumbo Firesuit Booklet Duals","Joey Logano/Joey Logano","Shell-Pennzoil | Team Penske | Ford/Shell-Pennzoil | Team Penske | Ford","Driver/Driver",25,25
"Racing",2022,"Panini","National Treasures","Jumbo Firesuit Booklet Duals","Josh Berry/Josh Berry","Tire Pros | JR Motorsports | Chevrolet/Tire Pros | JR Motorsports | Chevrolet","Driver/Driver",26,25
"Racing",2022,"Panini","National Treasures","Jumbo Firesuit Booklet Duals","Josh Bilicki/Josh Bilicki","Ziegler | DGM | Chevrolet/Ziegler | DGM | Chevrolet","Driver/Driver",27,25
"Racing",2022,"Panini","National Treasures","Jumbo Firesuit Booklet Duals","Josh Williams/Josh Williams","Alloy | B.J. McLeod Motorsports | Chevrolet/Alloy | B.J. McLeod Motorsports | Chevrolet","Driver/Driver",28,25
"Racing",2022,"Panini","National Treasures","Jumbo Firesuit Booklet Duals","Kyle Busch/Kyle Busch","M&M's | Joe Gibbs Racing | Toyota/M&M's | Joe Gibbs Racing | Toyota","Driver/Driver",30,9
"Racing",2022,"Panini","National Treasures","Jumbo Firesuit Booklet Duals","Kyle Larson/Kyle Larson","Hendrickcars.com | Hendrick Motorsports | Chevrolet/Hendrickcars.com | Hendrick Motorsports | Chevrolet","Driver/Driver",31,23
"Racing",2022,"Panini","National Treasures","Jumbo Firesuit Booklet Duals","Martin Truex Jr./Martin Truex Jr.","Bass Pro Shops | Joe Gibbs Racing | Toyota/Bass Pro Shops | Joe Gibbs Racing | Toyota","Driver/Driver",32,25
"Racing",2022,"Panini","National Treasures","Jumbo Firesuit Booklet Duals","Nick Sanchez/Nick Sanchez","ARCA Menards/ARCA Menards","Driver/Driver",33,25
"Racing",2022,"Panini","National Treasures","Jumbo Firesuit Booklet Duals","Riley Herbst/Riley Herbst","Monster | Stewart-Haas Racing | Ford/Monster | Stewart-Haas Racing | Ford","Driver/Driver",34,25
"Racing",2022,"Panini","National Treasures","Jumbo Firesuit Booklet Duals","Ross Chastain/Ross Chastain","AdventHealth | Trackhouse Racing | Chevrolet/AdventHealth | Trackhouse Racing | Chevrolet","Driver/Driver",35,25
"Racing",2022,"Panini","National Treasures","Jumbo Firesuit Booklet Duals","Ryan Blaney/Ryan Blaney","Wrangler | Team Penske | Ford/Wrangler | Team Penske | Ford","Driver/Driver",36,14
"Racing",2022,"Panini","National Treasures","Jumbo Firesuit Patch Booklet Dual Associate Sponsors","Alex Bowman/Alex Bowman","Ally Financial | Hendrick Motorsports | Chevrolet/Ally Financial | Hendrick Motorsports | Chevrolet","Driver/Driver",1,1
"Racing",2022,"Panini","National Treasures","Jumbo Firesuit Patch Booklet Dual Associate Sponsors","Aric Almirola/Aric Almirola","Smithfield Foods | Stewart-Haas Racing | Ford/Smithfield Foods | Stewart-Haas Racing | Ford","Driver/Driver",4,1
"Racing",2022,"Panini","National Treasures","Jumbo Firesuit Patch Booklet Dual Associate Sponsors","Austin Dillon/Austin Dillon","Bass Pro Shops | Richard Childress Racing | Chevrolet/Bass Pro Shops | Richard Childress Racing | Chevrolet","Driver/Driver",5,1
"Racing",2022,"Panini","National Treasures","Jumbo Firesuit Patch Booklet Dual Associate Sponsors","B.J. McLeod/B.J. McLeod","Motorsport Games | B.J. McLeod Motorsports | Chevrolet/Motorsport Games | B.J. McLeod Motorsports | Chevrolet","Driver/Driver",6,1
"Racing",2022,"Panini","National Treasures","Jumbo Firesuit Patch Booklet Dual Associate Sponsors","Brad Keselowski/Brad Keselowski","Kohler | RFK Racing | Ford/Kohler | RFK Racing | Ford","Driver/Driver",7,1
"Racing",2022,"Panini","National Treasures","Jumbo Firesuit Patch Booklet Dual Associate Sponsors","Brandon Brown/Brandon Brown","TradetheChain | Brandonbilt Motorsports | Chevrolet/TradetheChain | Brandonbilt Motorsports | Chevrolet","Driver/Driver",8,1
"Racing",2022,"Panini","National Treasures","Jumbo Firesuit Patch Booklet Dual Associate Sponsors","Brett Moffitt/Brett Moffitt","Hometown Lenders | Our Motorsports | Chevrolet/Hometown Lenders | Our Motorsports | Chevrolet","Driver/Driver",9,1
"Racing",2022,"Panini","National Treasures","Jumbo Firesuit Patch Booklet Dual Associate Sponsors","Chase Elliott/Chase Elliott","NAPA Auto Parts | Hendrick Motorsports | Chevrolet/NAPA Auto Parts | Hendrick Motorsports | Chevrolet","Driver/Driver",11,1
"Racing",2022,"Panini","National Treasures","Jumbo Firesuit Patch Booklet Dual Associate Sponsors","Chris Buescher/Chris Buescher","Fastenal | RFK Racing | Ford/Fastenal | RFK Racing | Ford","Driver/Driver",12,1
"Racing",2022,"Panini","National Treasures","Jumbo Firesuit Patch Booklet Dual Associate Sponsors","Clint Bowyer/Clint Bowyer","Mobil 1 | Stewart-Haas Racing | Ford/Mobil 1 | Stewart-Haas Racing | Ford","Driver/Driver",13,1
"Racing",2022,"Panini","National Treasures","Jumbo Firesuit Patch Booklet Dual Associate Sponsors","Colby Howard/Colby Howard","Gates Hydrolauics | McAnally-Hilgemann Racing | Chevrolet/Gates Hydrolauics | McAnally-Hilgemann Racing | Chevrolet","Driver/Driver",14,1
"Racing",2022,"Panini","National Treasures","Jumbo Firesuit Patch Booklet Dual Associate Sponsors","Cole Custer/Cole Custer","Haas Automation | Stewart-Haas Racing | Ford/Haas Automation | Stewart-Haas Racing | Ford","Driver/Driver",15,1
"Racing",2022,"Panini","National Treasures","Jumbo Firesuit Patch Booklet Dual Associate Sponsors","Dale Earnhardt Jr/Dale Earnhardt Jr","Nationwide | Hendrick Motorsports | Chevrolet/Nationwide | Hendrick Motorsports | Chevrolet","Driver/Driver",16,1
"Racing",2022,"Panini","National Treasures","Jumbo Firesuit Patch Booklet Dual Associate Sponsors","Daniel Suarez/Daniel Suarez","Tootsie's | Trackhouse Racing | Chevrolet/Tootsie's | Trackhouse Racing | Chevrolet","Driver/Driver",17,1
"Racing",2022,"Panini","National Treasures","Jumbo Firesuit Patch Booklet Dual Associate Sponsors","Denny Hamlin/Denny Hamlin","FedEx Express | Joe Gibbs Racing | Toyota/FedEx Express | Joe Gibbs Racing | Toyota","Driver/Driver",18,1
"Racing",2022,"Panini","National Treasures","Jumbo Firesuit Patch Booklet Dual Associate Sponsors","Drew Dollar/Drew Dollar","JBL | Kyle Busch Motorsports | Toyota/JBL | Kyle Busch Motorsports | Toyota","Driver/Driver",19,1
"Racing",2022,"Panini","National Treasures","Jumbo Firesuit Patch Booklet Dual Associate Sponsors","Harrison Burton/Harrison Burton","Motorcraft | Wood Brothers Racing | Ford/Motorcraft | Wood Brothers Racing | Ford","Driver/Driver",20,1
"Racing",2022,"Panini","National Treasures","Jumbo Firesuit Patch Booklet Dual Associate Sponsors","Jeb Burton/Jeb Burton","State Water Heaters | JR Motorsports | Chevrolet/State Water Heaters | JR Motorsports | Chevrolet","Driver/Driver",21,1
"Racing",2022,"Panini","National Treasures","Jumbo Firesuit Patch Booklet Dual Associate Sponsors","Jesse Love/Jesse Love","Mobil 1 | Toyota/Mobil 1 | Toyota","Driver/Driver",23,1
"Racing",2022,"Panini","National Treasures","Jumbo Firesuit Patch Booklet Dual Associate Sponsors","Jimmie Johnson/Jimmie Johnson","Ally Financial | Hendrick Motorsports | Chevrolet/Ally Financial | Hendrick Motorsports | Chevrolet","Driver/Driver",24,1
"Racing",2022,"Panini","National Treasures","Jumbo Firesuit Patch Booklet Dual Associate Sponsors","Joey Logano/Joey Logano","Shell-Pennzoil | Team Penske | Ford/Shell-Pennzoil | Team Penske | Ford","Driver/Driver",25,1
"Racing",2022,"Panini","National Treasures","Jumbo Firesuit Patch Booklet Dual Associate Sponsors","Josh Bilicki/Josh Bilicki","Ziegler | DGM | Chevrolet/Ziegler | DGM | Chevrolet","Driver/Driver",27,1
"Racing",2022,"Panini","National Treasures","Jumbo Firesuit Patch Booklet Dual Associate Sponsors","Josh Williams/Josh Williams","Alloy | B.J. McLeod Motorsports | Chevrolet/Alloy | B.J. McLeod Motorsports | Chevrolet","Driver/Driver",28,1
"Racing",2022,"Panini","National Treasures","Jumbo Firesuit Patch Booklet Dual Associate Sponsors","Kyle Larson/Kyle Larson","Hendrickcars.com | Hendrick Motorsports | Chevrolet/Hendrickcars.com | Hendrick Motorsports | Chevrolet","Driver/Driver",31,1
"Racing",2022,"Panini","National Treasures","Jumbo Firesuit Patch Booklet Dual Associate Sponsors","Riley Herbst/Riley Herbst","Monster | Stewart-Haas Racing | Ford/Monster | Stewart-Haas Racing | Ford","Driver/Driver",34,1
"Racing",2022,"Panini","National Treasures","Jumbo Firesuit Patch Booklet Dual Associate Sponsors","Ross Chastain/Ross Chastain","AdventHealth | Trackhouse Racing | Chevrolet/AdventHealth | Trackhouse Racing | Chevrolet","Driver/Driver",35,1
"Racing",2022,"Panini","National Treasures","Jumbo Firesuit Patch Booklet Dual Car Manufacturer-Primary Sponsor","Alex Bowman/Alex Bowman","Ally Financial | Hendrick Motorsports | Chevrolet/Ally Financial | Hendrick Motorsports | Chevrolet","Driver/Driver",1,1
"Racing",2022,"Panini","National Treasures","Jumbo Firesuit Patch Booklet Dual Car Manufacturer-Primary Sponsor","William Byron/William Byron","AXALTA | Hendrick Motorsports | Chevrolet/AXALTA | Hendrick Motorsports | Chevrolet","Driver/Driver",3,1
"Racing",2022,"Panini","National Treasures","Jumbo Firesuit Patch Booklet Dual Car Manufacturer-Primary Sponsor","Aric Almirola/Aric Almirola","Smithfield Foods | Stewart-Haas Racing | Ford/Smithfield Foods | Stewart-Haas Racing | Ford","Driver/Driver",4,1
"Racing",2022,"Panini","National Treasures","Jumbo Firesuit Patch Booklet Dual Car Manufacturer-Primary Sponsor","Austin Dillon/Austin Dillon","Bass Pro Shops | Richard Childress Racing | Chevrolet/Bass Pro Shops | Richard Childress Racing | Chevrolet","Driver/Driver",5,1
"Racing",2022,"Panini","National Treasures","Jumbo Firesuit Patch Booklet Dual Car Manufacturer-Primary Sponsor","B.J. McLeod/B.J. McLeod","Motorsport Games | B.J. McLeod Motorsports | Chevrolet/Motorsport Games | B.J. McLeod Motorsports | Chevrolet","Driver/Driver",6,1
"Racing",2022,"Panini","National Treasures","Jumbo Firesuit Patch Booklet Dual Car Manufacturer-Primary Sponsor","Brandon Brown/Brandon Brown","TradetheChain | Brandonbilt Motorsports | Chevrolet/TradetheChain | Brandonbilt Motorsports | Chevrolet","Driver/Driver",8,1
"Racing",2022,"Panini","National Treasures","Jumbo Firesuit Patch Booklet Dual Car Manufacturer-Primary Sponsor","Brett Moffitt/Brett Moffitt","Hometown Lenders | Our Motorsports | Chevrolet/Hometown Lenders | Our Motorsports | Chevrolet","Driver/Driver",9,1
"Racing",2022,"Panini","National Treasures","Jumbo Firesuit Patch Booklet Dual Car Manufacturer-Primary Sponsor","Chase Elliott/Chase Elliott","NAPA Auto Parts | Hendrick Motorsports | Chevrolet/NAPA Auto Parts | Hendrick Motorsports | Chevrolet","Driver/Driver",11,1
"Racing",2022,"Panini","National Treasures","Jumbo Firesuit Patch Booklet Dual Car Manufacturer-Primary Sponsor","Chris Buescher/Chris Buescher","Fastenal | RFK Racing | Ford/Fastenal | RFK Racing | Ford","Driver/Driver",12,1
"Racing",2022,"Panini","National Treasures","Jumbo Firesuit Patch Booklet Dual Car Manufacturer-Primary Sponsor","Clint Bowyer/Clint Bowyer","Mobil 1 | Stewart-Haas Racing | Ford/Mobil 1 | Stewart-Haas Racing | Ford","Driver/Driver",13,1
"Racing",2022,"Panini","National Treasures","Jumbo Firesuit Patch Booklet Dual Car Manufacturer-Primary Sponsor","Colby Howard/Colby Howard","Gates Hydrolauics | McAnally-Hilgemann Racing | Chevrolet/Gates Hydrolauics | McAnally-Hilgemann Racing | Chevrolet","Driver/Driver",14,1
"Racing",2022,"Panini","National Treasures","Jumbo Firesuit Patch Booklet Dual Car Manufacturer-Primary Sponsor","Cole Custer/Cole Custer","Haas Automation | Stewart-Haas Racing | Ford/Haas Automation | Stewart-Haas Racing | Ford","Driver/Driver",15,1
"Racing",2022,"Panini","National Treasures","Jumbo Firesuit Patch Booklet Dual Car Manufacturer-Primary Sponsor","Dale Earnhardt Jr/Dale Earnhardt Jr","Nationwide | Hendrick Motorsports | Chevrolet/Nationwide | Hendrick Motorsports | Chevrolet","Driver/Driver",16,1
"Racing",2022,"Panini","National Treasures","Jumbo Firesuit Patch Booklet Dual Car Manufacturer-Primary Sponsor","Daniel Suarez/Daniel Suarez","Tootsie's | Trackhouse Racing | Chevrolet/Tootsie's | Trackhouse Racing | Chevrolet","Driver/Driver",17,1
"Racing",2022,"Panini","National Treasures","Jumbo Firesuit Patch Booklet Dual Car Manufacturer-Primary Sponsor","Drew Dollar/Drew Dollar","JBL | Kyle Busch Motorsports | Toyota/JBL | Kyle Busch Motorsports | Toyota","Driver/Driver",19,1
"Racing",2022,"Panini","National Treasures","Jumbo Firesuit Patch Booklet Dual Car Manufacturer-Primary Sponsor","Harrison Burton/Harrison Burton","Motorcraft | Wood Brothers Racing | Ford/Motorcraft | Wood Brothers Racing | Ford","Driver/Driver",20,1
"Racing",2022,"Panini","National Treasures","Jumbo Firesuit Patch Booklet Dual Car Manufacturer-Primary Sponsor","Jeb Burton/Jeb Burton","State Water Heaters | JR Motorsports | Chevrolet/State Water Heaters | JR Motorsports | Chevrolet","Driver/Driver",21,1
"Racing",2022,"Panini","National Treasures","Jumbo Firesuit Patch Booklet Dual Car Manufacturer-Primary Sponsor","Jesse Love/Jesse Love","Mobil 1 | Toyota/Mobil 1 | Toyota","Driver/Driver",23,1
"Racing",2022,"Panini","National Treasures","Jumbo Firesuit Patch Booklet Dual Car Manufacturer-Primary Sponsor","Jimmie Johnson/Jimmie Johnson","Ally Financial | Hendrick Motorsports | Chevrolet/Ally Financial | Hendrick Motorsports | Chevrolet","Driver/Driver",24,1
"Racing",2022,"Panini","National Treasures","Jumbo Firesuit Patch Booklet Dual Car Manufacturer-Primary Sponsor","Joey Logano/Joey Logano","Shell-Pennzoil | Team Penske | Ford/Shell-Pennzoil | Team Penske | Ford","Driver/Driver",25,1
"Racing",2022,"Panini","National Treasures","Jumbo Firesuit Patch Booklet Dual Car Manufacturer-Primary Sponsor","Josh Berry/Josh Berry","Tire Pros | JR Motorsports | Chevrolet/Tire Pros | JR Motorsports | Chevrolet","Driver/Driver",26,1
"Racing",2022,"Panini","National Treasures","Jumbo Firesuit Patch Booklet Dual Car Manufacturer-Primary Sponsor","Josh Williams/Josh Williams","Alloy | B.J. McLeod Motorsports | Chevrolet/Alloy | B.J. McLeod Motorsports | Chevrolet","Driver/Driver",28,1
"Racing",2022,"Panini","National Treasures","Jumbo Firesuit Patch Booklet Dual Car Manufacturer-Primary Sponsor","Kevin Harvick/Kevin Harvick","Hunt Brothers Pizza | Stewart-Haas Racing | Ford/Hunt Brothers Pizza | Stewart-Haas Racing | Ford","Driver/Driver",29,1
"Racing",2022,"Panini","National Treasures","Jumbo Firesuit Patch Booklet Dual Car Manufacturer-Primary Sponsor","Kyle Busch/Kyle Busch","M&M's | Joe Gibbs Racing | Toyota/M&M's | Joe Gibbs Racing | Toyota","Driver/Driver",30,1
"Racing",2022,"Panini","National Treasures","Jumbo Firesuit Patch Booklet Dual Car Manufacturer-Primary Sponsor","Martin Truex Jr./Martin Truex Jr.","Bass Pro Shops | Joe Gibbs Racing | Toyota/Bass Pro Shops | Joe Gibbs Racing | Toyota","Driver/Driver",32,1
"Racing",2022,"Panini","National Treasures","Jumbo Firesuit Patch Booklet Dual Car Manufacturer-Primary Sponsor","Riley Herbst/Riley Herbst","Monster | Stewart-Haas Racing | Ford/Monster | Stewart-Haas Racing | Ford","Driver/Driver",34,1
"Racing",2022,"Panini","National Treasures","Jumbo Firesuit Patch Booklet Dual Manufacturers","Alex Bowman/Alex Bowman","Ally Financial | Hendrick Motorsports | Chevrolet/Ally Financial | Hendrick Motorsports | Chevrolet","Driver/Driver",1,1
"Racing",2022,"Panini","National Treasures","Jumbo Firesuit Patch Booklet Dual Manufacturers","William Byron/William Byron","AXALTA | Hendrick Motorsports | Chevrolet/AXALTA | Hendrick Motorsports | Chevrolet","Driver/Driver",3,1
"Racing",2022,"Panini","National Treasures","Jumbo Firesuit Patch Booklet Dual Manufacturers","Aric Almirola/Aric Almirola","Smithfield Foods | Stewart-Haas Racing | Ford/Smithfield Foods | Stewart-Haas Racing | Ford","Driver/Driver",4,1
"Racing",2022,"Panini","National Treasures","Jumbo Firesuit Patch Booklet Dual Manufacturers","Brett Moffitt/Brett Moffitt","Hometown Lenders | Our Motorsports | Chevrolet/Hometown Lenders | Our Motorsports | Chevrolet","Driver/Driver",9,1
"Racing",2022,"Panini","National Treasures","Jumbo Firesuit Patch Booklet Dual Manufacturers","Chase Elliott/Chase Elliott","NAPA Auto Parts | Hendrick Motorsports | Chevrolet/NAPA Auto Parts | Hendrick Motorsports | Chevrolet","Driver/Driver",11,1
"Racing",2022,"Panini","National Treasures","Jumbo Firesuit Patch Booklet Dual Manufacturers","Clint Bowyer/Clint Bowyer","Mobil 1 | Stewart-Haas Racing | Ford/Mobil 1 | Stewart-Haas Racing | Ford","Driver/Driver",13,1
"Racing",2022,"Panini","National Treasures","Jumbo Firesuit Patch Booklet Dual Manufacturers","Colby Howard/Colby Howard","Gates Hydrolauics | McAnally-Hilgemann Racing | Chevrolet/Gates Hydrolauics | McAnally-Hilgemann Racing | Chevrolet","Driver/Driver",14,1
"Racing",2022,"Panini","National Treasures","Jumbo Firesuit Patch Booklet Dual Manufacturers","Cole Custer/Cole Custer","Haas Automation | Stewart-Haas Racing | Ford/Haas Automation | Stewart-Haas Racing | Ford","Driver/Driver",15,1
"Racing",2022,"Panini","National Treasures","Jumbo Firesuit Patch Booklet Dual Manufacturers","Dale Earnhardt Jr/Dale Earnhardt Jr","Nationwide | Hendrick Motorsports | Chevrolet/Nationwide | Hendrick Motorsports | Chevrolet","Driver/Driver",16,1
"Racing",2022,"Panini","National Treasures","Jumbo Firesuit Patch Booklet Dual Manufacturers","Daniel Suarez/Daniel Suarez","Tootsie's | Trackhouse Racing | Chevrolet/Tootsie's | Trackhouse Racing | Chevrolet","Driver/Driver",17,1
"Racing",2022,"Panini","National Treasures","Jumbo Firesuit Patch Booklet Dual Manufacturers","Drew Dollar/Drew Dollar","JBL | Kyle Busch Motorsports | Toyota/JBL | Kyle Busch Motorsports | Toyota","Driver/Driver",19,1
"Racing",2022,"Panini","National Treasures","Jumbo Firesuit Patch Booklet Dual Manufacturers","Harrison Burton/Harrison Burton","Motorcraft | Wood Brothers Racing | Ford/Motorcraft | Wood Brothers Racing | Ford","Driver/Driver",20,1
"Racing",2022,"Panini","National Treasures","Jumbo Firesuit Patch Booklet Dual Manufacturers","Jimmie Johnson/Jimmie Johnson","Ally Financial | Hendrick Motorsports | Chevrolet/Ally Financial | Hendrick Motorsports | Chevrolet","Driver/Driver",24,1
"Racing",2022,"Panini","National Treasures","Jumbo Firesuit Patch Booklet Dual Manufacturers","Josh Berry/Josh Berry","Tire Pros | JR Motorsports | Chevrolet/Tire Pros | JR Motorsports | Chevrolet","Driver/Driver",26,1
"Racing",2022,"Panini","National Treasures","Jumbo Firesuit Patch Booklet Dual Manufacturers","Josh Williams/Josh Williams","Alloy | B.J. McLeod Motorsports | Chevrolet/Alloy | B.J. McLeod Motorsports | Chevrolet","Driver/Driver",28,1
"Racing",2022,"Panini","National Treasures","Jumbo Firesuit Patch Booklet Dual Manufacturers","Martin Truex Jr./Martin Truex Jr.","Bass Pro Shops | Joe Gibbs Racing | Toyota/Bass Pro Shops | Joe Gibbs Racing | Toyota","Driver/Driver",32,1
"Racing",2022,"Panini","National Treasures","Jumbo Firesuit Patch Booklet Dual Manufacturers","Riley Herbst/Riley Herbst","Monster | Stewart-Haas Racing | Ford/Monster | Stewart-Haas Racing | Ford","Driver/Driver",34,1
"Racing",2022,"Panini","National Treasures","Jumbo Firesuit Patch Booklet Dual Nameplates","Alex Bowman/Alex Bowman","Ally Financial | Hendrick Motorsports | Chevrolet/Ally Financial | Hendrick Motorsports | Chevrolet","Driver/Driver",1,1
"Racing",2022,"Panini","National Treasures","Jumbo Firesuit Patch Booklet Dual Nameplates","Aric Almirola/Aric Almirola","Smithfield Foods | Stewart-Haas Racing | Ford/Smithfield Foods | Stewart-Haas Racing | Ford","Driver/Driver",4,1
"Racing",2022,"Panini","National Treasures","Jumbo Firesuit Patch Booklet Dual Nameplates","Brandon Brown/Brandon Brown","TradetheChain | Brandonbilt Motorsports | Chevrolet/TradetheChain | Brandonbilt Motorsports | Chevrolet","Driver/Driver",8,1
"Racing",2022,"Panini","National Treasures","Jumbo Firesuit Patch Booklet Dual Nameplates","Brett Moffitt/Brett Moffitt","Hometown Lenders | Our Motorsports | Chevrolet/Hometown Lenders | Our Motorsports | Chevrolet","Driver/Driver",9,1
"Racing",2022,"Panini","National Treasures","Jumbo Firesuit Patch Booklet Dual Nameplates","Chase Elliott/Chase Elliott","NAPA Auto Parts | Hendrick Motorsports | Chevrolet/NAPA Auto Parts | Hendrick Motorsports | Chevrolet","Driver/Driver",11,1
"Racing",2022,"Panini","National Treasures","Jumbo Firesuit Patch Booklet Dual Nameplates","Daniel Suarez/Daniel Suarez","Tootsie's | Trackhouse Racing | Chevrolet/Tootsie's | Trackhouse Racing | Chevrolet","Driver/Driver",17,1
"Racing",2022,"Panini","National Treasures","Jumbo Firesuit Patch Booklet Dual Nameplates","Drew Dollar/Drew Dollar","JBL | Kyle Busch Motorsports | Toyota/JBL | Kyle Busch Motorsports | Toyota","Driver/Driver",19,1
"Racing",2022,"Panini","National Treasures","Jumbo Firesuit Patch Booklet Dual Nameplates","Jimmie Johnson/Jimmie Johnson","Ally Financial | Hendrick Motorsports | Chevrolet/Ally Financial | Hendrick Motorsports | Chevrolet","Driver/Driver",24,1
"Racing",2022,"Panini","National Treasures","Jumbo Firesuit Patch Booklet Dual Nameplates","Joey Logano/Joey Logano","Shell-Pennzoil | Team Penske | Ford/Shell-Pennzoil | Team Penske | Ford","Driver/Driver",25,1
"Racing",2022,"Panini","National Treasures","Jumbo Firesuit Patch Booklet Dual Nameplates","Josh Berry/Josh Berry","Tire Pros | JR Motorsports | Chevrolet/Tire Pros | JR Motorsports | Chevrolet","Driver/Driver",26,1
"Racing",2022,"Panini","National Treasures","Jumbo Firesuit Patch Booklet Dual Nameplates","Josh Williams/Josh Williams","Alloy | B.J. McLeod Motorsports | Chevrolet/Alloy | B.J. McLeod Motorsports | Chevrolet","Driver/Driver",28,1
"Racing",2022,"Panini","National Treasures","Jumbo Firesuit Patch Booklet Dual Nameplates","Kyle Larson/Kyle Larson","Hendrickcars.com | Hendrick Motorsports | Chevrolet/Hendrickcars.com | Hendrick Motorsports | Chevrolet","Driver/Driver",31,1
"Racing",2022,"Panini","National Treasures","Jumbo Firesuit Patch Booklet Dual Nameplates","Riley Herbst/Riley Herbst","Monster | Stewart-Haas Racing | Ford/Monster | Stewart-Haas Racing | Ford","Driver/Driver",34,1
"Racing",2022,"Panini","National Treasures","Jumbo Firesuit Patch Signature Booklet Associate Sponsor 1","Alex Bowman","Ally Financial | Hendrick Motorsports | Chevrolet","Driver",1,1
"Racing",2022,"Panini","National Treasures","Jumbo Firesuit Patch Signature Booklet Associate Sponsor 1","Alex Labbe","Prolon | DGM Racing | Chevrolet","Driver",2,1
"Racing",2022,"Panini","National Treasures","Jumbo Firesuit Patch Signature Booklet Associate Sponsor 1","William Byron","AXALTA | Hendrick Motorsports | Chevrolet","Driver",3,1
"Racing",2022,"Panini","National Treasures","Jumbo Firesuit Patch Signature Booklet Associate Sponsor 1","Aric Almirola","Smithfield Foods | Stewart-Haas Racing | Ford","Driver",4,1
"Racing",2022,"Panini","National Treasures","Jumbo Firesuit Patch Signature Booklet Associate Sponsor 1","Austin Dillon","Bass Pro Shops | Richard Childress Racing | Chevrolet","Driver",5,1
"Racing",2022,"Panini","National Treasures","Jumbo Firesuit Patch Signature Booklet Associate Sponsor 1","B.J. McLeod","Motorsport Games | B.J. McLeod Motorsports | Chevrolet","Driver",6,1
"Racing",2022,"Panini","National Treasures","Jumbo Firesuit Patch Signature Booklet Associate Sponsor 1","Brad Keselowski","Kohler | RFK Racing | Ford","Driver",7,1
"Racing",2022,"Panini","National Treasures","Jumbo Firesuit Patch Signature Booklet Associate Sponsor 1","Brandon Brown","TradetheChain | Brandonbilt Motorsports | Chevrolet","Driver",8,1
"Racing",2022,"Panini","National Treasures","Jumbo Firesuit Patch Signature Booklet Associate Sponsor 1","Brett Moffitt","Hometown Lenders | Our Motorsports | Chevrolet","Driver",9,1
"Racing",2022,"Panini","National Treasures","Jumbo Firesuit Patch Signature Booklet Associate Sponsor 1","Bubba Wallace","Root Insurance | 23XI Racing | Toyota","Driver",10,1
"Racing",2022,"Panini","National Treasures","Jumbo Firesuit Patch Signature Booklet Associate Sponsor 1","Chase Elliott","NAPA Auto Parts | Hendrick Motorsports | Chevrolet","Driver",11,1
"Racing",2022,"Panini","National Treasures","Jumbo Firesuit Patch Signature Booklet Associate Sponsor 1","Chris Buescher","Fastenal | RFK Racing | Ford","Driver",12,1
"Racing",2022,"Panini","National Treasures","Jumbo Firesuit Patch Signature Booklet Associate Sponsor 1","Clint Bowyer","Mobil 1 | Stewart-Haas Racing | Ford","Driver",13,1
"Racing",2022,"Panini","National Treasures","Jumbo Firesuit Patch Signature Booklet Associate Sponsor 1","Colby Howard","Gates Hydrolauics | McAnally-Hilgemann Racing | Chevrolet","Driver",14,1
"Racing",2022,"Panini","National Treasures","Jumbo Firesuit Patch Signature Booklet Associate Sponsor 1","Cole Custer","Haas Automation | Stewart-Haas Racing | Ford","Driver",15,1
"Racing",2022,"Panini","National Treasures","Jumbo Firesuit Patch Signature Booklet Associate Sponsor 1","Dale Earnhardt Jr","Nationwide | Hendrick Motorsports | Chevrolet","Driver",16,1
"Racing",2022,"Panini","National Treasures","Jumbo Firesuit Patch Signature Booklet Associate Sponsor 1","Daniel Suarez","Tootsie's | Trackhouse Racing | Chevrolet","Driver",17,1
"Racing",2022,"Panini","National Treasures","Jumbo Firesuit Patch Signature Booklet Associate Sponsor 1","Denny Hamlin","FedEx Express | Joe Gibbs Racing | Toyota","Driver",18,1
"Racing",2022,"Panini","National Treasures","Jumbo Firesuit Patch Signature Booklet Associate Sponsor 1","Drew Dollar","JBL | Kyle Busch Motorsports | Toyota","Driver",19,1
"Racing",2022,"Panini","National Treasures","Jumbo Firesuit Patch Signature Booklet Associate Sponsor 1","Harrison Burton","Motorcraft | Wood Brothers Racing | Ford","Driver",20,1
"Racing",2022,"Panini","National Treasures","Jumbo Firesuit Patch Signature Booklet Associate Sponsor 1","Jeb Burton","State Water Heaters | JR Motorsports | Chevrolet","Driver",21,1
"Racing",2022,"Panini","National Treasures","Jumbo Firesuit Patch Signature Booklet Associate Sponsor 1","Jesse Little","Tufco | B.J. McLeod Motorsports | Chevrolet","Driver",22,1
"Racing",2022,"Panini","National Treasures","Jumbo Firesuit Patch Signature Booklet Associate Sponsor 1","Jesse Love","Mobil 1 | Toyota","Driver",23,1
"Racing",2022,"Panini","National Treasures","Jumbo Firesuit Patch Signature Booklet Associate Sponsor 1","Jimmie Johnson","Ally Financial | Hendrick Motorsports | Chevrolet","Driver",24,1
"Racing",2022,"Panini","National Treasures","Jumbo Firesuit Patch Signature Booklet Associate Sponsor 1","Joey Logano","Shell-Pennzoil | Team Penske | Ford","Driver",25,1
"Racing",2022,"Panini","National Treasures","Jumbo Firesuit Patch Signature Booklet Associate Sponsor 1","Josh Berry","Tire Pros | JR Motorsports | Chevrolet","Driver",26,1
"Racing",2022,"Panini","National Treasures","Jumbo Firesuit Patch Signature Booklet Associate Sponsor 1","Josh Bilicki","Ziegler | DGM | Chevrolet","Driver",27,1
"Racing",2022,"Panini","National Treasures","Jumbo Firesuit Patch Signature Booklet Associate Sponsor 1","Josh Williams","Alloy | B.J. McLeod Motorsports | Chevrolet","Driver",28,1
"Racing",2022,"Panini","National Treasures","Jumbo Firesuit Patch Signature Booklet Associate Sponsor 1","Kevin Harvick","Hunt Brothers Pizza | Stewart-Haas Racing | Ford","Driver",29,1
"Racing",2022,"Panini","National Treasures","Jumbo Firesuit Patch Signature Booklet Associate Sponsor 1","Kyle Busch","M&M's | Joe Gibbs Racing | Toyota","Driver",30,1
"Racing",2022,"Panini","National Treasures","Jumbo Firesuit Patch Signature Booklet Associate Sponsor 1","Kyle Larson","Hendrickcars.com | Hendrick Motorsports | Chevrolet","Driver",31,1
"Racing",2022,"Panini","National Treasures","Jumbo Firesuit Patch Signature Booklet Associate Sponsor 1","Martin Truex Jr.","Bass Pro Shops | Joe Gibbs Racing | Toyota","Driver",32,1
"Racing",2022,"Panini","National Treasures","Jumbo Firesuit Patch Signature Booklet Associate Sponsor 1","Nick Sanchez","ARCA Menards","Driver",33,1
"Racing",2022,"Panini","National Treasures","Jumbo Firesuit Patch Signature Booklet Associate Sponsor 1","Riley Herbst","Monster | Stewart-Haas Racing | Ford","Driver",34,1
"Racing",2022,"Panini","National Treasures","Jumbo Firesuit Patch Signature Booklet Associate Sponsor 1","Ross Chastain","AdventHealth | Trackhouse Racing | Chevrolet","Driver",35,1
"Racing",2022,"Panini","National Treasures","Jumbo Firesuit Patch Signature Booklet Associate Sponsor 1","Ryan Blaney","Wrangler | Team Penske | Ford","Driver",36,1
"Racing",2022,"Panini","National Treasures","Jumbo Firesuit Patch Signature Booklet Associate Sponsor 10","Chris Buescher","Fastenal | RFK Racing | Ford","Driver",12,1
"Racing",2022,"Panini","National Treasures","Jumbo Firesuit Patch Signature Booklet Associate Sponsor 10","Drew Dollar","JBL | Kyle Busch Motorsports | Toyota","Driver",19,1
"Racing",2022,"Panini","National Treasures","Jumbo Firesuit Patch Signature Booklet Associate Sponsor 10","Harrison Burton","Motorcraft | Wood Brothers Racing | Ford","Driver",20,1
"Racing",2022,"Panini","National Treasures","Jumbo Firesuit Patch Signature Booklet Associate Sponsor 10","Joey Logano","Shell-Pennzoil | Team Penske | Ford","Driver",25,1
"Racing",2022,"Panini","National Treasures","Jumbo Firesuit Patch Signature Booklet Associate Sponsor 10","Josh Bilicki","Ziegler | DGM | Chevrolet","Driver",27,1
"Racing",2022,"Panini","National Treasures","Jumbo Firesuit Patch Signature Booklet Associate Sponsor 10","Josh Williams","Alloy | B.J. McLeod Motorsports | Chevrolet","Driver",28,1
"Racing",2022,"Panini","National Treasures","Jumbo Firesuit Patch Signature Booklet Associate Sponsor 10","Riley Herbst","Monster | Stewart-Haas Racing | Ford","Driver",34,1
"Racing",2022,"Panini","National Treasures","Jumbo Firesuit Patch Signature Booklet Associate Sponsor 11","Chris Buescher","Fastenal | RFK Racing | Ford","Driver",12,1
"Racing",2022,"Panini","National Treasures","Jumbo Firesuit Patch Signature Booklet Associate Sponsor 11","Drew Dollar","JBL | Kyle Busch Motorsports | Toyota","Driver",19,1
"Racing",2022,"Panini","National Treasures","Jumbo Firesuit Patch Signature Booklet Associate Sponsor 11","Harrison Burton","Motorcraft | Wood Brothers Racing | Ford","Driver",20,1
"Racing",2022,"Panini","National Treasures","Jumbo Firesuit Patch Signature Booklet Associate Sponsor 11","Joey Logano","Shell-Pennzoil | Team Penske | Ford","Driver",25,1
"Racing",2022,"Panini","National Treasures","Jumbo Firesuit Patch Signature Booklet Associate Sponsor 11","Josh Bilicki","Ziegler | DGM | Chevrolet","Driver",27,1
"Racing",2022,"Panini","National Treasures","Jumbo Firesuit Patch Signature Booklet Associate Sponsor 11","Riley Herbst","Monster | Stewart-Haas Racing | Ford","Driver",34,1
"Racing",2022,"Panini","National Treasures","Jumbo Firesuit Patch Signature Booklet Associate Sponsor 12","Drew Dollar","JBL | Kyle Busch Motorsports | Toyota","Driver",19,1
"Racing",2022,"Panini","National Treasures","Jumbo Firesuit Patch Signature Booklet Associate Sponsor 12","Harrison Burton","Motorcraft | Wood Brothers Racing | Ford","Driver",20,1
"Racing",2022,"Panini","National Treasures","Jumbo Firesuit Patch Signature Booklet Associate Sponsor 12","Josh Bilicki","Ziegler | DGM | Chevrolet","Driver",27,1
"Racing",2022,"Panini","National Treasures","Jumbo Firesuit Patch Signature Booklet Associate Sponsor 13","Drew Dollar","JBL | Kyle Busch Motorsports | Toyota","Driver",19,1
"Racing",2022,"Panini","National Treasures","Jumbo Firesuit Patch Signature Booklet Associate Sponsor 13","Harrison Burton","Motorcraft | Wood Brothers Racing | Ford","Driver",20,1
"Racing",2022,"Panini","National Treasures","Jumbo Firesuit Patch Signature Booklet Associate Sponsor 14","Drew Dollar","JBL | Kyle Busch Motorsports | Toyota","Driver",19,1
"Racing",2022,"Panini","National Treasures","Jumbo Firesuit Patch Signature Booklet Associate Sponsor 14","Harrison Burton","Motorcraft | Wood Brothers Racing | Ford","Driver",20,1
"Racing",2022,"Panini","National Treasures","Jumbo Firesuit Patch Signature Booklet Associate Sponsor 15","Drew Dollar","JBL | Kyle Busch Motorsports | Toyota","Driver",19,1
"Racing",2022,"Panini","National Treasures","Jumbo Firesuit Patch Signature Booklet Associate Sponsor 15","Harrison Burton","Motorcraft | Wood Brothers Racing | Ford","Driver",20,1
"Racing",2022,"Panini","National Treasures","Jumbo Firesuit Patch Signature Booklet Associate Sponsor 2","Alex Bowman","Ally Financial | Hendrick Motorsports | Chevrolet","Driver",1,1
"Racing",2022,"Panini","National Treasures","Jumbo Firesuit Patch Signature Booklet Associate Sponsor 2","Alex Labbe","Prolon | DGM Racing | Chevrolet","Driver",2,1
"Racing",2022,"Panini","National Treasures","Jumbo Firesuit Patch Signature Booklet Associate Sponsor 2","William Byron","AXALTA | Hendrick Motorsports | Chevrolet","Driver",3,1
"Racing",2022,"Panini","National Treasures","Jumbo Firesuit Patch Signature Booklet Associate Sponsor 2","Aric Almirola","Smithfield Foods | Stewart-Haas Racing | Ford","Driver",4,1
"Racing",2022,"Panini","National Treasures","Jumbo Firesuit Patch Signature Booklet Associate Sponsor 2","Austin Dillon","Bass Pro Shops | Richard Childress Racing | Chevrolet","Driver",5,1
"Racing",2022,"Panini","National Treasures","Jumbo Firesuit Patch Signature Booklet Associate Sponsor 2","B.J. McLeod","Motorsport Games | B.J. McLeod Motorsports | Chevrolet","Driver",6,1
"Racing",2022,"Panini","National Treasures","Jumbo Firesuit Patch Signature Booklet Associate Sponsor 2","Brad Keselowski","Kohler | RFK Racing | Ford","Driver",7,1
"Racing",2022,"Panini","National Treasures","Jumbo Firesuit Patch Signature Booklet Associate Sponsor 2","Brandon Brown","TradetheChain | Brandonbilt Motorsports | Chevrolet","Driver",8,1
"Racing",2022,"Panini","National Treasures","Jumbo Firesuit Patch Signature Booklet Associate Sponsor 2","Brett Moffitt","Hometown Lenders | Our Motorsports | Chevrolet","Driver",9,1
"Racing",2022,"Panini","National Treasures","Jumbo Firesuit Patch Signature Booklet Associate Sponsor 2","Bubba Wallace","Root Insurance | 23XI Racing | Toyota","Driver",10,1
"Racing",2022,"Panini","National Treasures","Jumbo Firesuit Patch Signature Booklet Associate Sponsor 2","Chase Elliott","NAPA Auto Parts | Hendrick Motorsports | Chevrolet","Driver",11,1
"Racing",2022,"Panini","National Treasures","Jumbo Firesuit Patch Signature Booklet Associate Sponsor 2","Chris Buescher","Fastenal | RFK Racing | Ford","Driver",12,1
"Racing",2022,"Panini","National Treasures","Jumbo Firesuit Patch Signature Booklet Associate Sponsor 2","Clint Bowyer","Mobil 1 | Stewart-Haas Racing | Ford","Driver",13,1
"Racing",2022,"Panini","National Treasures","Jumbo Firesuit Patch Signature Booklet Associate Sponsor 2","Colby Howard","Gates Hydrolauics | McAnally-Hilgemann Racing | Chevrolet","Driver",14,1
"Racing",2022,"Panini","National Treasures","Jumbo Firesuit Patch Signature Booklet Associate Sponsor 2","Cole Custer","Haas Automation | Stewart-Haas Racing | Ford","Driver",15,1
"Racing",2022,"Panini","National Treasures","Jumbo Firesuit Patch Signature Booklet Associate Sponsor 2","Dale Earnhardt Jr","Nationwide | Hendrick Motorsports | Chevrolet","Driver",16,1
"Racing",2022,"Panini","National Treasures","Jumbo Firesuit Patch Signature Booklet Associate Sponsor 2","Daniel Suarez","Tootsie's | Trackhouse Racing | Chevrolet","Driver",17,1
"Racing",2022,"Panini","National Treasures","Jumbo Firesuit Patch Signature Booklet Associate Sponsor 2","Denny Hamlin","FedEx Express | Joe Gibbs Racing | Toyota","Driver",18,1
"Racing",2022,"Panini","National Treasures","Jumbo Firesuit Patch Signature Booklet Associate Sponsor 2","Drew Dollar","JBL | Kyle Busch Motorsports | Toyota","Driver",19,1
"Racing",2022,"Panini","National Treasures","Jumbo Firesuit Patch Signature Booklet Associate Sponsor 2","Harrison Burton","Motorcraft | Wood Brothers Racing | Ford","Driver",20,1
"Racing",2022,"Panini","National Treasures","Jumbo Firesuit Patch Signature Booklet Associate Sponsor 2","Jeb Burton","State Water Heaters | JR Motorsports | Chevrolet","Driver",21,1
"Racing",2022,"Panini","National Treasures","Jumbo Firesuit Patch Signature Booklet Associate Sponsor 2","Jesse Little","Tufco | B.J. McLeod Motorsports | Chevrolet","Driver",22,1
"Racing",2022,"Panini","National Treasures","Jumbo Firesuit Patch Signature Booklet Associate Sponsor 2","Jesse Love","Mobil 1 | Toyota","Driver",23,1
"Racing",2022,"Panini","National Treasures","Jumbo Firesuit Patch Signature Booklet Associate Sponsor 2","Jimmie Johnson","Ally Financial | Hendrick Motorsports | Chevrolet","Driver",24,1
"Racing",2022,"Panini","National Treasures","Jumbo Firesuit Patch Signature Booklet Associate Sponsor 2","Joey Logano","Shell-Pennzoil | Team Penske | Ford","Driver",25,1
"Racing",2022,"Panini","National Treasures","Jumbo Firesuit Patch Signature Booklet Associate Sponsor 2","Josh Berry","Tire Pros | JR Motorsports | Chevrolet","Driver",26,1
"Racing",2022,"Panini","National Treasures","Jumbo Firesuit Patch Signature Booklet Associate Sponsor 2","Josh Bilicki","Ziegler | DGM | Chevrolet","Driver",27,1
"Racing",2022,"Panini","National Treasures","Jumbo Firesuit Patch Signature Booklet Associate Sponsor 2","Josh Williams","Alloy | B.J. McLeod Motorsports | Chevrolet","Driver",28,1
"Racing",2022,"Panini","National Treasures","Jumbo Firesuit Patch Signature Booklet Associate Sponsor 2","Kevin Harvick","Hunt Brothers Pizza | Stewart-Haas Racing | Ford","Driver",29,1
"Racing",2022,"Panini","National Treasures","Jumbo Firesuit Patch Signature Booklet Associate Sponsor 2","Kyle Busch","M&M's | Joe Gibbs Racing | Toyota","Driver",30,1
"Racing",2022,"Panini","National Treasures","Jumbo Firesuit Patch Signature Booklet Associate Sponsor 2","Kyle Larson","Hendrickcars.com | Hendrick Motorsports | Chevrolet","Driver",31,1
"Racing",2022,"Panini","National Treasures","Jumbo Firesuit Patch Signature Booklet Associate Sponsor 2","Nick Sanchez","ARCA Menards","Driver",33,1
"Racing",2022,"Panini","National Treasures","Jumbo Firesuit Patch Signature Booklet Associate Sponsor 2","Riley Herbst","Monster | Stewart-Haas Racing | Ford","Driver",34,1
"Racing",2022,"Panini","National Treasures","Jumbo Firesuit Patch Signature Booklet Associate Sponsor 2","Ross Chastain","AdventHealth | Trackhouse Racing | Chevrolet","Driver",35,1
"Racing",2022,"Panini","National Treasures","Jumbo Firesuit Patch Signature Booklet Associate Sponsor 2","Ryan Blaney","Wrangler | Team Penske | Ford","Driver",36,1
"Racing",2022,"Panini","National Treasures","Jumbo Firesuit Patch Signature Booklet Associate Sponsor 3","Alex Bowman","Ally Financial | Hendrick Motorsports | Chevrolet","Driver",1,1
"Racing",2022,"Panini","National Treasures","Jumbo Firesuit Patch Signature Booklet Associate Sponsor 3","Alex Labbe","Prolon | DGM Racing | Chevrolet","Driver",2,1
"Racing",2022,"Panini","National Treasures","Jumbo Firesuit Patch Signature Booklet Associate Sponsor 3","Aric Almirola","Smithfield Foods | Stewart-Haas Racing | Ford","Driver",4,1
"Racing",2022,"Panini","National Treasures","Jumbo Firesuit Patch Signature Booklet Associate Sponsor 3","Austin Dillon","Bass Pro Shops | Richard Childress Racing | Chevrolet","Driver",5,1
"Racing",2022,"Panini","National Treasures","Jumbo Firesuit Patch Signature Booklet Associate Sponsor 3","B.J. McLeod","Motorsport Games | B.J. McLeod Motorsports | Chevrolet","Driver",6,1
"Racing",2022,"Panini","National Treasures","Jumbo Firesuit Patch Signature Booklet Associate Sponsor 3","Brad Keselowski","Kohler | RFK Racing | Ford","Driver",7,1
"Racing",2022,"Panini","National Treasures","Jumbo Firesuit Patch Signature Booklet Associate Sponsor 3","Brandon Brown","TradetheChain | Brandonbilt Motorsports | Chevrolet","Driver",8,1
"Racing",2022,"Panini","National Treasures","Jumbo Firesuit Patch Signature Booklet Associate Sponsor 3","Brett Moffitt","Hometown Lenders | Our Motorsports | Chevrolet","Driver",9,1
"Racing",2022,"Panini","National Treasures","Jumbo Firesuit Patch Signature Booklet Associate Sponsor 3","Bubba Wallace","Root Insurance | 23XI Racing | Toyota","Driver",10,1
"Racing",2022,"Panini","National Treasures","Jumbo Firesuit Patch Signature Booklet Associate Sponsor 3","Chase Elliott","NAPA Auto Parts | Hendrick Motorsports | Chevrolet","Driver",11,1
"Racing",2022,"Panini","National Treasures","Jumbo Firesuit Patch Signature Booklet Associate Sponsor 3","Clint Bowyer","Mobil 1 | Stewart-Haas Racing | Ford","Driver",13,1
"Racing",2022,"Panini","National Treasures","Jumbo Firesuit Patch Signature Booklet Associate Sponsor 3","Colby Howard","Gates Hydrolauics | McAnally-Hilgemann Racing | Chevrolet","Driver",14,1
"Racing",2022,"Panini","National Treasures","Jumbo Firesuit Patch Signature Booklet Associate Sponsor 3","Cole Custer","Haas Automation | Stewart-Haas Racing | Ford","Driver",15,1
"Racing",2022,"Panini","National Treasures","Jumbo Firesuit Patch Signature Booklet Associate Sponsor 3","Daniel Suarez","Tootsie's | Trackhouse Racing | Chevrolet","Driver",17,1
"Racing",2022,"Panini","National Treasures","Jumbo Firesuit Patch Signature Booklet Associate Sponsor 3","Denny Hamlin","FedEx Express | Joe Gibbs Racing | Toyota","Driver",18,1
"Racing",2022,"Panini","National Treasures","Jumbo Firesuit Patch Signature Booklet Associate Sponsor 3","Drew Dollar","JBL | Kyle Busch Motorsports | Toyota","Driver",19,1
"Racing",2022,"Panini","National Treasures","Jumbo Firesuit Patch Signature Booklet Associate Sponsor 3","Harrison Burton","Motorcraft | Wood Brothers Racing | Ford","Driver",20,1
"Racing",2022,"Panini","National Treasures","Jumbo Firesuit Patch Signature Booklet Associate Sponsor 3","Jeb Burton","State Water Heaters | JR Motorsports | Chevrolet","Driver",21,1
"Racing",2022,"Panini","National Treasures","Jumbo Firesuit Patch Signature Booklet Associate Sponsor 3","Jesse Little","Tufco | B.J. McLeod Motorsports | Chevrolet","Driver",22,1
"Racing",2022,"Panini","National Treasures","Jumbo Firesuit Patch Signature Booklet Associate Sponsor 3","Jesse Love","Mobil 1 | Toyota","Driver",23,1
"Racing",2022,"Panini","National Treasures","Jumbo Firesuit Patch Signature Booklet Associate Sponsor 3","Jimmie Johnson","Ally Financial | Hendrick Motorsports | Chevrolet","Driver",24,1
"Racing",2022,"Panini","National Treasures","Jumbo Firesuit Patch Signature Booklet Associate Sponsor 3","Joey Logano","Shell-Pennzoil | Team Penske | Ford","Driver",25,1
"Racing",2022,"Panini","National Treasures","Jumbo Firesuit Patch Signature Booklet Associate Sponsor 3","Josh Berry","Tire Pros | JR Motorsports | Chevrolet","Driver",26,1
"Racing",2022,"Panini","National Treasures","Jumbo Firesuit Patch Signature Booklet Associate Sponsor 3","Josh Bilicki","Ziegler | DGM | Chevrolet","Driver",27,1
"Racing",2022,"Panini","National Treasures","Jumbo Firesuit Patch Signature Booklet Associate Sponsor 3","Josh Williams","Alloy | B.J. McLeod Motorsports | Chevrolet","Driver",28,1
"Racing",2022,"Panini","National Treasures","Jumbo Firesuit Patch Signature Booklet Associate Sponsor 3","Kevin Harvick","Hunt Brothers Pizza | Stewart-Haas Racing | Ford","Driver",29,1
"Racing",2022,"Panini","National Treasures","Jumbo Firesuit Patch Signature Booklet Associate Sponsor 3","Kyle Busch","M&M's | Joe Gibbs Racing | Toyota","Driver",30,1
"Racing",2022,"Panini","National Treasures","Jumbo Firesuit Patch Signature Booklet Associate Sponsor 3","Kyle Larson","Hendrickcars.com | Hendrick Motorsports | Chevrolet","Driver",31,1
"Racing",2022,"Panini","National Treasures","Jumbo Firesuit Patch Signature Booklet Associate Sponsor 3","Nick Sanchez","ARCA Menards","Driver",33,1
"Racing",2022,"Panini","National Treasures","Jumbo Firesuit Patch Signature Booklet Associate Sponsor 3","Riley Herbst","Monster | Stewart-Haas Racing | Ford","Driver",34,1
"Racing",2022,"Panini","National Treasures","Jumbo Firesuit Patch Signature Booklet Associate Sponsor 3","Ross Chastain","AdventHealth | Trackhouse Racing | Chevrolet","Driver",35,1
"Racing",2022,"Panini","National Treasures","Jumbo Firesuit Patch Signature Booklet Associate Sponsor 3","Ryan Blaney","Wrangler | Team Penske | Ford","Driver",36,1
"Racing",2022,"Panini","National Treasures","Jumbo Firesuit Patch Signature Booklet Associate Sponsor 4","Alex Bowman","Ally Financial | Hendrick Motorsports | Chevrolet","Driver",1,1
"Racing",2022,"Panini","National Treasures","Jumbo Firesuit Patch Signature Booklet Associate Sponsor 4","Alex Labbe","Prolon | DGM Racing | Chevrolet","Driver",2,1
"Racing",2022,"Panini","National Treasures","Jumbo Firesuit Patch Signature Booklet Associate Sponsor 4","Aric Almirola","Smithfield Foods | Stewart-Haas Racing | Ford","Driver",4,1
"Racing",2022,"Panini","National Treasures","Jumbo Firesuit Patch Signature Booklet Associate Sponsor 4","Austin Dillon","Bass Pro Shops | Richard Childress Racing | Chevrolet","Driver",5,1
"Racing",2022,"Panini","National Treasures","Jumbo Firesuit Patch Signature Booklet Associate Sponsor 4","B.J. McLeod","Motorsport Games | B.J. McLeod Motorsports | Chevrolet","Driver",6,1
"Racing",2022,"Panini","National Treasures","Jumbo Firesuit Patch Signature Booklet Associate Sponsor 4","Brad Keselowski","Kohler | RFK Racing | Ford","Driver",7,1
"Racing",2022,"Panini","National Treasures","Jumbo Firesuit Patch Signature Booklet Associate Sponsor 4","Brandon Brown","TradetheChain | Brandonbilt Motorsports | Chevrolet","Driver",8,1
"Racing",2022,"Panini","National Treasures","Jumbo Firesuit Patch Signature Booklet Associate Sponsor 4","Brett Moffitt","Hometown Lenders | Our Motorsports | Chevrolet","Driver",9,1
"Racing",2022,"Panini","National Treasures","Jumbo Firesuit Patch Signature Booklet Associate Sponsor 4","Bubba Wallace","Root Insurance | 23XI Racing | Toyota","Driver",10,1
"Racing",2022,"Panini","National Treasures","Jumbo Firesuit Patch Signature Booklet Associate Sponsor 4","Chase Elliott","NAPA Auto Parts | Hendrick Motorsports | Chevrolet","Driver",11,1
"Racing",2022,"Panini","National Treasures","Jumbo Firesuit Patch Signature Booklet Associate Sponsor 4","Chris Buescher","Fastenal | RFK Racing | Ford","Driver",12,1
"Racing",2022,"Panini","National Treasures","Jumbo Firesuit Patch Signature Booklet Associate Sponsor 4","Clint Bowyer","Mobil 1 | Stewart-Haas Racing | Ford","Driver",13,1
"Racing",2022,"Panini","National Treasures","Jumbo Firesuit Patch Signature Booklet Associate Sponsor 4","Colby Howard","Gates Hydrolauics | McAnally-Hilgemann Racing | Chevrolet","Driver",14,1
"Racing",2022,"Panini","National Treasures","Jumbo Firesuit Patch Signature Booklet Associate Sponsor 4","Cole Custer","Haas Automation | Stewart-Haas Racing | Ford","Driver",15,1
"Racing",2022,"Panini","National Treasures","Jumbo Firesuit Patch Signature Booklet Associate Sponsor 4","Daniel Suarez","Tootsie's | Trackhouse Racing | Chevrolet","Driver",17,1
"Racing",2022,"Panini","National Treasures","Jumbo Firesuit Patch Signature Booklet Associate Sponsor 4","Denny Hamlin","FedEx Express | Joe Gibbs Racing | Toyota","Driver",18,1
"Racing",2022,"Panini","National Treasures","Jumbo Firesuit Patch Signature Booklet Associate Sponsor 4","Drew Dollar","JBL | Kyle Busch Motorsports | Toyota","Driver",19,1
"Racing",2022,"Panini","National Treasures","Jumbo Firesuit Patch Signature Booklet Associate Sponsor 4","Harrison Burton","Motorcraft | Wood Brothers Racing | Ford","Driver",20,1
"Racing",2022,"Panini","National Treasures","Jumbo Firesuit Patch Signature Booklet Associate Sponsor 4","Jeb Burton","State Water Heaters | JR Motorsports | Chevrolet","Driver",21,1
"Racing",2022,"Panini","National Treasures","Jumbo Firesuit Patch Signature Booklet Associate Sponsor 4","Jesse Little","Tufco | B.J. McLeod Motorsports | Chevrolet","Driver",22,1
"Racing",2022,"Panini","National Treasures","Jumbo Firesuit Patch Signature Booklet Associate Sponsor 4","Jesse Love","Mobil 1 | Toyota","Driver",23,1
"Racing",2022,"Panini","National Treasures","Jumbo Firesuit Patch Signature Booklet Associate Sponsor 4","Jimmie Johnson","Ally Financial | Hendrick Motorsports | Chevrolet","Driver",24,1
"Racing",2022,"Panini","National Treasures","Jumbo Firesuit Patch Signature Booklet Associate Sponsor 4","Joey Logano","Shell-Pennzoil | Team Penske | Ford","Driver",25,1
"Racing",2022,"Panini","National Treasures","Jumbo Firesuit Patch Signature Booklet Associate Sponsor 4","Josh Berry","Tire Pros | JR Motorsports | Chevrolet","Driver",26,1
"Racing",2022,"Panini","National Treasures","Jumbo Firesuit Patch Signature Booklet Associate Sponsor 4","Josh Bilicki","Ziegler | DGM | Chevrolet","Driver",27,1
"Racing",2022,"Panini","National Treasures","Jumbo Firesuit Patch Signature Booklet Associate Sponsor 4","Josh Williams","Alloy | B.J. McLeod Motorsports | Chevrolet","Driver",28,1
"Racing",2022,"Panini","National Treasures","Jumbo Firesuit Patch Signature Booklet Associate Sponsor 4","Kevin Harvick","Hunt Brothers Pizza | Stewart-Haas Racing | Ford","Driver",29,1
"Racing",2022,"Panini","National Treasures","Jumbo Firesuit Patch Signature Booklet Associate Sponsor 4","Kyle Busch","M&M's | Joe Gibbs Racing | Toyota","Driver",30,1
"Racing",2022,"Panini","National Treasures","Jumbo Firesuit Patch Signature Booklet Associate Sponsor 4","Kyle Larson","Hendrickcars.com | Hendrick Motorsports | Chevrolet","Driver",31,1
"Racing",2022,"Panini","National Treasures","Jumbo Firesuit Patch Signature Booklet Associate Sponsor 4","Nick Sanchez","ARCA Menards","Driver",33,1
"Racing",2022,"Panini","National Treasures","Jumbo Firesuit Patch Signature Booklet Associate Sponsor 4","Riley Herbst","Monster | Stewart-Haas Racing | Ford","Driver",34,1
"Racing",2022,"Panini","National Treasures","Jumbo Firesuit Patch Signature Booklet Associate Sponsor 4","Ross Chastain","AdventHealth | Trackhouse Racing | Chevrolet","Driver",35,1
"Racing",2022,"Panini","National Treasures","Jumbo Firesuit Patch Signature Booklet Associate Sponsor 4","Ryan Blaney","Wrangler | Team Penske | Ford","Driver",36,1
"Racing",2022,"Panini","National Treasures","Jumbo Firesuit Patch Signature Booklet Associate Sponsor 5","Alex Bowman","Ally Financial | Hendrick Motorsports | Chevrolet","Driver",1,1
"Racing",2022,"Panini","National Treasures","Jumbo Firesuit Patch Signature Booklet Associate Sponsor 5","Alex Labbe","Prolon | DGM Racing | Chevrolet","Driver",2,1
"Racing",2022,"Panini","National Treasures","Jumbo Firesuit Patch Signature Booklet Associate Sponsor 5","Aric Almirola","Smithfield Foods | Stewart-Haas Racing | Ford","Driver",4,1
"Racing",2022,"Panini","National Treasures","Jumbo Firesuit Patch Signature Booklet Associate Sponsor 5","Austin Dillon","Bass Pro Shops | Richard Childress Racing | Chevrolet","Driver",5,1
"Racing",2022,"Panini","National Treasures","Jumbo Firesuit Patch Signature Booklet Associate Sponsor 5","Brad Keselowski","Kohler | RFK Racing | Ford","Driver",7,1
"Racing",2022,"Panini","National Treasures","Jumbo Firesuit Patch Signature Booklet Associate Sponsor 5","Brandon Brown","TradetheChain | Brandonbilt Motorsports | Chevrolet","Driver",8,1
"Racing",2022,"Panini","National Treasures","Jumbo Firesuit Patch Signature Booklet Associate Sponsor 5","Brett Moffitt","Hometown Lenders | Our Motorsports | Chevrolet","Driver",9,1
"Racing",2022,"Panini","National Treasures","Jumbo Firesuit Patch Signature Booklet Associate Sponsor 5","Chase Elliott","NAPA Auto Parts | Hendrick Motorsports | Chevrolet","Driver",11,1
"Racing",2022,"Panini","National Treasures","Jumbo Firesuit Patch Signature Booklet Associate Sponsor 5","Chris Buescher","Fastenal | RFK Racing | Ford","Driver",12,1
"Racing",2022,"Panini","National Treasures","Jumbo Firesuit Patch Signature Booklet Associate Sponsor 5","Clint Bowyer","Mobil 1 | Stewart-Haas Racing | Ford","Driver",13,1
"Racing",2022,"Panini","National Treasures","Jumbo Firesuit Patch Signature Booklet Associate Sponsor 5","Colby Howard","Gates Hydrolauics | McAnally-Hilgemann Racing | Chevrolet","Driver",14,1
"Racing",2022,"Panini","National Treasures","Jumbo Firesuit Patch Signature Booklet Associate Sponsor 5","Cole Custer","Haas Automation | Stewart-Haas Racing | Ford","Driver",15,1
"Racing",2022,"Panini","National Treasures","Jumbo Firesuit Patch Signature Booklet Associate Sponsor 5","Denny Hamlin","FedEx Express | Joe Gibbs Racing | Toyota","Driver",18,1
"Racing",2022,"Panini","National Treasures","Jumbo Firesuit Patch Signature Booklet Associate Sponsor 5","Drew Dollar","JBL | Kyle Busch Motorsports | Toyota","Driver",19,1
"Racing",2022,"Panini","National Treasures","Jumbo Firesuit Patch Signature Booklet Associate Sponsor 5","Harrison Burton","Motorcraft | Wood Brothers Racing | Ford","Driver",20,1
"Racing",2022,"Panini","National Treasures","Jumbo Firesuit Patch Signature Booklet Associate Sponsor 5","Jeb Burton","State Water Heaters | JR Motorsports | Chevrolet","Driver",21,1
"Racing",2022,"Panini","National Treasures","Jumbo Firesuit Patch Signature Booklet Associate Sponsor 5","Jesse Little","Tufco | B.J. McLeod Motorsports | Chevrolet","Driver",22,1
"Racing",2022,"Panini","National Treasures","Jumbo Firesuit Patch Signature Booklet Associate Sponsor 5","Jesse Love","Mobil 1 | Toyota","Driver",23,1
"Racing",2022,"Panini","National Treasures","Jumbo Firesuit Patch Signature Booklet Associate Sponsor 5","Jimmie Johnson","Ally Financial | Hendrick Motorsports | Chevrolet","Driver",24,1
"Racing",2022,"Panini","National Treasures","Jumbo Firesuit Patch Signature Booklet Associate Sponsor 5","Joey Logano","Shell-Pennzoil | Team Penske | Ford","Driver",25,1
"Racing",2022,"Panini","National Treasures","Jumbo Firesuit Patch Signature Booklet Associate Sponsor 5","Josh Berry","Tire Pros | JR Motorsports | Chevrolet","Driver",26,1
"Racing",2022,"Panini","National Treasures","Jumbo Firesuit Patch Signature Booklet Associate Sponsor 5","Josh Bilicki","Ziegler | DGM | Chevrolet","Driver",27,1
"Racing",2022,"Panini","National Treasures","Jumbo Firesuit Patch Signature Booklet Associate Sponsor 5","Josh Williams","Alloy | B.J. McLeod Motorsports | Chevrolet","Driver",28,1
"Racing",2022,"Panini","National Treasures","Jumbo Firesuit Patch Signature Booklet Associate Sponsor 5","Kevin Harvick","Hunt Brothers Pizza | Stewart-Haas Racing | Ford","Driver",29,1
"Racing",2022,"Panini","National Treasures","Jumbo Firesuit Patch Signature Booklet Associate Sponsor 5","Kyle Busch","M&M's | Joe Gibbs Racing | Toyota","Driver",30,1
"Racing",2022,"Panini","National Treasures","Jumbo Firesuit Patch Signature Booklet Associate Sponsor 5","Kyle Larson","Hendrickcars.com | Hendrick Motorsports | Chevrolet","Driver",31,1
"Racing",2022,"Panini","National Treasures","Jumbo Firesuit Patch Signature Booklet Associate Sponsor 5","Nick Sanchez","ARCA Menards","Driver",33,1
"Racing",2022,"Panini","National Treasures","Jumbo Firesuit Patch Signature Booklet Associate Sponsor 5","Riley Herbst","Monster | Stewart-Haas Racing | Ford","Driver",34,1
"Racing",2022,"Panini","National Treasures","Jumbo Firesuit Patch Signature Booklet Associate Sponsor 5","Ross Chastain","AdventHealth | Trackhouse Racing | Chevrolet","Driver",35,1
"Racing",2022,"Panini","National Treasures","Jumbo Firesuit Patch Signature Booklet Associate Sponsor 6","Alex Bowman","Ally Financial | Hendrick Motorsports | Chevrolet","Driver",1,1
"Racing",2022,"Panini","National Treasures","Jumbo Firesuit Patch Signature Booklet Associate Sponsor 6","Aric Almirola","Smithfield Foods | Stewart-Haas Racing | Ford","Driver",4,1
"Racing",2022,"Panini","National Treasures","Jumbo Firesuit Patch Signature Booklet Associate Sponsor 6","B.J. McLeod","Motorsport Games | B.J. McLeod Motorsports | Chevrolet","Driver",6,1
"Racing",2022,"Panini","National Treasures","Jumbo Firesuit Patch Signature Booklet Associate Sponsor 6","Brad Keselowski","Kohler | RFK Racing | Ford","Driver",7,1
"Racing",2022,"Panini","National Treasures","Jumbo Firesuit Patch Signature Booklet Associate Sponsor 6","Brandon Brown","TradetheChain | Brandonbilt Motorsports | Chevrolet","Driver",8,1
"Racing",2022,"Panini","National Treasures","Jumbo Firesuit Patch Signature Booklet Associate Sponsor 6","Chase Elliott","NAPA Auto Parts | Hendrick Motorsports | Chevrolet","Driver",11,1
"Racing",2022,"Panini","National Treasures","Jumbo Firesuit Patch Signature Booklet Associate Sponsor 6","Chris Buescher","Fastenal | RFK Racing | Ford","Driver",12,1
"Racing",2022,"Panini","National Treasures","Jumbo Firesuit Patch Signature Booklet Associate Sponsor 6","Colby Howard","Gates Hydrolauics | McAnally-Hilgemann Racing | Chevrolet","Driver",14,1
"Racing",2022,"Panini","National Treasures","Jumbo Firesuit Patch Signature Booklet Associate Sponsor 6","Denny Hamlin","FedEx Express | Joe Gibbs Racing | Toyota","Driver",18,1
"Racing",2022,"Panini","National Treasures","Jumbo Firesuit Patch Signature Booklet Associate Sponsor 6","Drew Dollar","JBL | Kyle Busch Motorsports | Toyota","Driver",19,1
"Racing",2022,"Panini","National Treasures","Jumbo Firesuit Patch Signature Booklet Associate Sponsor 6","Harrison Burton","Motorcraft | Wood Brothers Racing | Ford","Driver",20,1
"Racing",2022,"Panini","National Treasures","Jumbo Firesuit Patch Signature Booklet Associate Sponsor 6","Jeb Burton","State Water Heaters | JR Motorsports | Chevrolet","Driver",21,1
"Racing",2022,"Panini","National Treasures","Jumbo Firesuit Patch Signature Booklet Associate Sponsor 6","Jimmie Johnson","Ally Financial | Hendrick Motorsports | Chevrolet","Driver",24,1
"Racing",2022,"Panini","National Treasures","Jumbo Firesuit Patch Signature Booklet Associate Sponsor 6","Joey Logano","Shell-Pennzoil | Team Penske | Ford","Driver",25,1
"Racing",2022,"Panini","National Treasures","Jumbo Firesuit Patch Signature Booklet Associate Sponsor 6","Josh Berry","Tire Pros | JR Motorsports | Chevrolet","Driver",26,1
"Racing",2022,"Panini","National Treasures","Jumbo Firesuit Patch Signature Booklet Associate Sponsor 6","Josh Bilicki","Ziegler | DGM | Chevrolet","Driver",27,1
"Racing",2022,"Panini","National Treasures","Jumbo Firesuit Patch Signature Booklet Associate Sponsor 6","Josh Williams","Alloy | B.J. McLeod Motorsports | Chevrolet","Driver",28,1
"Racing",2022,"Panini","National Treasures","Jumbo Firesuit Patch Signature Booklet Associate Sponsor 6","Kevin Harvick","Hunt Brothers Pizza | Stewart-Haas Racing | Ford","Driver",29,1
"Racing",2022,"Panini","National Treasures","Jumbo Firesuit Patch Signature Booklet Associate Sponsor 6","Kyle Busch","M&M's | Joe Gibbs Racing | Toyota","Driver",30,1
"Racing",2022,"Panini","National Treasures","Jumbo Firesuit Patch Signature Booklet Associate Sponsor 6","Kyle Larson","Hendrickcars.com | Hendrick Motorsports | Chevrolet","Driver",31,1
"Racing",2022,"Panini","National Treasures","Jumbo Firesuit Patch Signature Booklet Associate Sponsor 6","Nick Sanchez","ARCA Menards","Driver",33,1
"Racing",2022,"Panini","National Treasures","Jumbo Firesuit Patch Signature Booklet Associate Sponsor 6","Riley Herbst","Monster | Stewart-Haas Racing | Ford","Driver",34,1
"Racing",2022,"Panini","National Treasures","Jumbo Firesuit Patch Signature Booklet Associate Sponsor 6","Ross Chastain","AdventHealth | Trackhouse Racing | Chevrolet","Driver",35,1
"Racing",2022,"Panini","National Treasures","Jumbo Firesuit Patch Signature Booklet Associate Sponsor 7","Alex Bowman","Ally Financial | Hendrick Motorsports | Chevrolet","Driver",1,1
"Racing",2022,"Panini","National Treasures","Jumbo Firesuit Patch Signature Booklet Associate Sponsor 7","Aric Almirola","Smithfield Foods | Stewart-Haas Racing | Ford","Driver",4,1
"Racing",2022,"Panini","National Treasures","Jumbo Firesuit Patch Signature Booklet Associate Sponsor 7","B.J. McLeod","Motorsport Games | B.J. McLeod Motorsports | Chevrolet","Driver",6,1
"Racing",2022,"Panini","National Treasures","Jumbo Firesuit Patch Signature Booklet Associate Sponsor 7","Brandon Brown","TradetheChain | Brandonbilt Motorsports | Chevrolet","Driver",8,1
"Racing",2022,"Panini","National Treasures","Jumbo Firesuit Patch Signature Booklet Associate Sponsor 7","Chase Elliott","NAPA Auto Parts | Hendrick Motorsports | Chevrolet","Driver",11,1
"Racing",2022,"Panini","National Treasures","Jumbo Firesuit Patch Signature Booklet Associate Sponsor 7","Chris Buescher","Fastenal | RFK Racing | Ford","Driver",12,1
"Racing",2022,"Panini","National Treasures","Jumbo Firesuit Patch Signature Booklet Associate Sponsor 7","Denny Hamlin","FedEx Express | Joe Gibbs Racing | Toyota","Driver",18,1
"Racing",2022,"Panini","National Treasures","Jumbo Firesuit Patch Signature Booklet Associate Sponsor 7","Drew Dollar","JBL | Kyle Busch Motorsports | Toyota","Driver",19,1
"Racing",2022,"Panini","National Treasures","Jumbo Firesuit Patch Signature Booklet Associate Sponsor 7","Harrison Burton","Motorcraft | Wood Brothers Racing | Ford","Driver",20,1
"Racing",2022,"Panini","National Treasures","Jumbo Firesuit Patch Signature Booklet Associate Sponsor 7","Jeb Burton","State Water Heaters | JR Motorsports | Chevrolet","Driver",21,1
"Racing",2022,"Panini","National Treasures","Jumbo Firesuit Patch Signature Booklet Associate Sponsor 7","Jimmie Johnson","Ally Financial | Hendrick Motorsports | Chevrolet","Driver",24,1
"Racing",2022,"Panini","National Treasures","Jumbo Firesuit Patch Signature Booklet Associate Sponsor 7","Joey Logano","Shell-Pennzoil | Team Penske | Ford","Driver",25,1
"Racing",2022,"Panini","National Treasures","Jumbo Firesuit Patch Signature Booklet Associate Sponsor 7","Josh Berry","Tire Pros | JR Motorsports | Chevrolet","Driver",26,1
"Racing",2022,"Panini","National Treasures","Jumbo Firesuit Patch Signature Booklet Associate Sponsor 7","Josh Bilicki","Ziegler | DGM | Chevrolet","Driver",27,1
"Racing",2022,"Panini","National Treasures","Jumbo Firesuit Patch Signature Booklet Associate Sponsor 7","Josh Williams","Alloy | B.J. McLeod Motorsports | Chevrolet","Driver",28,1
"Racing",2022,"Panini","National Treasures","Jumbo Firesuit Patch Signature Booklet Associate Sponsor 7","Kevin Harvick","Hunt Brothers Pizza | Stewart-Haas Racing | Ford","Driver",29,1
"Racing",2022,"Panini","National Treasures","Jumbo Firesuit Patch Signature Booklet Associate Sponsor 7","Kyle Busch","M&M's | Joe Gibbs Racing | Toyota","Driver",30,1
"Racing",2022,"Panini","National Treasures","Jumbo Firesuit Patch Signature Booklet Associate Sponsor 7","Nick Sanchez","ARCA Menards","Driver",33,1
"Racing",2022,"Panini","National Treasures","Jumbo Firesuit Patch Signature Booklet Associate Sponsor 7","Riley Herbst","Monster | Stewart-Haas Racing | Ford","Driver",34,1
"Racing",2022,"Panini","National Treasures","Jumbo Firesuit Patch Signature Booklet Associate Sponsor 7","Ross Chastain","AdventHealth | Trackhouse Racing | Chevrolet","Driver",35,1
"Racing",2022,"Panini","National Treasures","Jumbo Firesuit Patch Signature Booklet Associate Sponsor 8","Alex Bowman","Ally Financial | Hendrick Motorsports | Chevrolet","Driver",1,1
"Racing",2022,"Panini","National Treasures","Jumbo Firesuit Patch Signature Booklet Associate Sponsor 8","B.J. McLeod","Motorsport Games | B.J. McLeod Motorsports | Chevrolet","Driver",6,1
"Racing",2022,"Panini","National Treasures","Jumbo Firesuit Patch Signature Booklet Associate Sponsor 8","Chase Elliott","NAPA Auto Parts | Hendrick Motorsports | Chevrolet","Driver",11,1
"Racing",2022,"Panini","National Treasures","Jumbo Firesuit Patch Signature Booklet Associate Sponsor 8","Chris Buescher","Fastenal | RFK Racing | Ford","Driver",12,1
"Racing",2022,"Panini","National Treasures","Jumbo Firesuit Patch Signature Booklet Associate Sponsor 8","Drew Dollar","JBL | Kyle Busch Motorsports | Toyota","Driver",19,1
"Racing",2022,"Panini","National Treasures","Jumbo Firesuit Patch Signature Booklet Associate Sponsor 8","Harrison Burton","Motorcraft | Wood Brothers Racing | Ford","Driver",20,1
"Racing",2022,"Panini","National Treasures","Jumbo Firesuit Patch Signature Booklet Associate Sponsor 8","Jeb Burton","State Water Heaters | JR Motorsports | Chevrolet","Driver",21,1
"Racing",2022,"Panini","National Treasures","Jumbo Firesuit Patch Signature Booklet Associate Sponsor 8","Jimmie Johnson","Ally Financial | Hendrick Motorsports | Chevrolet","Driver",24,1
"Racing",2022,"Panini","National Treasures","Jumbo Firesuit Patch Signature Booklet Associate Sponsor 8","Joey Logano","Shell-Pennzoil | Team Penske | Ford","Driver",25,1
"Racing",2022,"Panini","National Treasures","Jumbo Firesuit Patch Signature Booklet Associate Sponsor 8","Josh Berry","Tire Pros | JR Motorsports | Chevrolet","Driver",26,1
"Racing",2022,"Panini","National Treasures","Jumbo Firesuit Patch Signature Booklet Associate Sponsor 8","Josh Bilicki","Ziegler | DGM | Chevrolet","Driver",27,1
"Racing",2022,"Panini","National Treasures","Jumbo Firesuit Patch Signature Booklet Associate Sponsor 8","Josh Williams","Alloy | B.J. McLeod Motorsports | Chevrolet","Driver",28,1
"Racing",2022,"Panini","National Treasures","Jumbo Firesuit Patch Signature Booklet Associate Sponsor 8","Kyle Busch","M&M's | Joe Gibbs Racing | Toyota","Driver",30,1
"Racing",2022,"Panini","National Treasures","Jumbo Firesuit Patch Signature Booklet Associate Sponsor 8","Nick Sanchez","ARCA Menards","Driver",33,1
"Racing",2022,"Panini","National Treasures","Jumbo Firesuit Patch Signature Booklet Associate Sponsor 8","Riley Herbst","Monster | Stewart-Haas Racing | Ford","Driver",34,1
"Racing",2022,"Panini","National Treasures","Jumbo Firesuit Patch Signature Booklet Associate Sponsor 8","Ross Chastain","AdventHealth | Trackhouse Racing | Chevrolet","Driver",35,1
"Racing",2022,"Panini","National Treasures","Jumbo Firesuit Patch Signature Booklet Associate Sponsor 9","Alex Bowman","Ally Financial | Hendrick Motorsports | Chevrolet","Driver",1,1
"Racing",2022,"Panini","National Treasures","Jumbo Firesuit Patch Signature Booklet Associate Sponsor 9","Chase Elliott","NAPA Auto Parts | Hendrick Motorsports | Chevrolet","Driver",11,1
"Racing",2022,"Panini","National Treasures","Jumbo Firesuit Patch Signature Booklet Associate Sponsor 9","Chris Buescher","Fastenal | RFK Racing | Ford","Driver",12,1
"Racing",2022,"Panini","National Treasures","Jumbo Firesuit Patch Signature Booklet Associate Sponsor 9","Drew Dollar","JBL | Kyle Busch Motorsports | Toyota","Driver",19,1
"Racing",2022,"Panini","National Treasures","Jumbo Firesuit Patch Signature Booklet Associate Sponsor 9","Harrison Burton","Motorcraft | Wood Brothers Racing | Ford","Driver",20,1
"Racing",2022,"Panini","National Treasures","Jumbo Firesuit Patch Signature Booklet Associate Sponsor 9","Joey Logano","Shell-Pennzoil | Team Penske | Ford","Driver",25,1
"Racing",2022,"Panini","National Treasures","Jumbo Firesuit Patch Signature Booklet Associate Sponsor 9","Josh Berry","Tire Pros | JR Motorsports | Chevrolet","Driver",26,1
"Racing",2022,"Panini","National Treasures","Jumbo Firesuit Patch Signature Booklet Associate Sponsor 9","Josh Bilicki","Ziegler | DGM | Chevrolet","Driver",27,1
"Racing",2022,"Panini","National Treasures","Jumbo Firesuit Patch Signature Booklet Associate Sponsor 9","Josh Williams","Alloy | B.J. McLeod Motorsports | Chevrolet","Driver",28,1
"Racing",2022,"Panini","National Treasures","Jumbo Firesuit Patch Signature Booklet Associate Sponsor 9","Nick Sanchez","ARCA Menards","Driver",33,1
"Racing",2022,"Panini","National Treasures","Jumbo Firesuit Patch Signature Booklet Associate Sponsor 9","Riley Herbst","Monster | Stewart-Haas Racing | Ford","Driver",34,1
"Racing",2022,"Panini","National Treasures","Jumbo Firesuit Patch Signature Booklet Car Manufacturer","Alex Bowman","Ally Financial | Hendrick Motorsports | Chevrolet","Driver",1,1
"Racing",2022,"Panini","National Treasures","Jumbo Firesuit Patch Signature Booklet Car Manufacturer","Alex Labbe","Prolon | DGM Racing | Chevrolet","Driver",2,1
"Racing",2022,"Panini","National Treasures","Jumbo Firesuit Patch Signature Booklet Car Manufacturer","William Byron","AXALTA | Hendrick Motorsports | Chevrolet","Driver",3,1
"Racing",2022,"Panini","National Treasures","Jumbo Firesuit Patch Signature Booklet Car Manufacturer","Aric Almirola","Smithfield Foods | Stewart-Haas Racing | Ford","Driver",4,1
"Racing",2022,"Panini","National Treasures","Jumbo Firesuit Patch Signature Booklet Car Manufacturer","Austin Dillon","Bass Pro Shops | Richard Childress Racing | Chevrolet","Driver",5,1
"Racing",2022,"Panini","National Treasures","Jumbo Firesuit Patch Signature Booklet Car Manufacturer","B.J. McLeod","Motorsport Games | B.J. McLeod Motorsports | Chevrolet","Driver",6,1
"Racing",2022,"Panini","National Treasures","Jumbo Firesuit Patch Signature Booklet Car Manufacturer","Brad Keselowski","Kohler | RFK Racing | Ford","Driver",7,1
"Racing",2022,"Panini","National Treasures","Jumbo Firesuit Patch Signature Booklet Car Manufacturer","Brandon Brown","TradetheChain | Brandonbilt Motorsports | Chevrolet","Driver",8,1
"Racing",2022,"Panini","National Treasures","Jumbo Firesuit Patch Signature Booklet Car Manufacturer","Brett Moffitt","Hometown Lenders | Our Motorsports | Chevrolet","Driver",9,1
"Racing",2022,"Panini","National Treasures","Jumbo Firesuit Patch Signature Booklet Car Manufacturer","Bubba Wallace","Root Insurance | 23XI Racing | Toyota","Driver",10,1
"Racing",2022,"Panini","National Treasures","Jumbo Firesuit Patch Signature Booklet Car Manufacturer","Chase Elliott","NAPA Auto Parts | Hendrick Motorsports | Chevrolet","Driver",11,1
"Racing",2022,"Panini","National Treasures","Jumbo Firesuit Patch Signature Booklet Car Manufacturer","Chris Buescher","Fastenal | RFK Racing | Ford","Driver",12,1
"Racing",2022,"Panini","National Treasures","Jumbo Firesuit Patch Signature Booklet Car Manufacturer","Clint Bowyer","Mobil 1 | Stewart-Haas Racing | Ford","Driver",13,1
"Racing",2022,"Panini","National Treasures","Jumbo Firesuit Patch Signature Booklet Car Manufacturer","Colby Howard","Gates Hydrolauics | McAnally-Hilgemann Racing | Chevrolet","Driver",14,1
"Racing",2022,"Panini","National Treasures","Jumbo Firesuit Patch Signature Booklet Car Manufacturer","Cole Custer","Haas Automation | Stewart-Haas Racing | Ford","Driver",15,1
"Racing",2022,"Panini","National Treasures","Jumbo Firesuit Patch Signature Booklet Car Manufacturer","Dale Earnhardt Jr","Nationwide | Hendrick Motorsports | Chevrolet","Driver",16,1
"Racing",2022,"Panini","National Treasures","Jumbo Firesuit Patch Signature Booklet Car Manufacturer","Daniel Suarez","Tootsie's | Trackhouse Racing | Chevrolet","Driver",17,1
"Racing",2022,"Panini","National Treasures","Jumbo Firesuit Patch Signature Booklet Car Manufacturer","Denny Hamlin","FedEx Express | Joe Gibbs Racing | Toyota","Driver",18,1
"Racing",2022,"Panini","National Treasures","Jumbo Firesuit Patch Signature Booklet Car Manufacturer","Drew Dollar","JBL | Kyle Busch Motorsports | Toyota","Driver",19,1
"Racing",2022,"Panini","National Treasures","Jumbo Firesuit Patch Signature Booklet Car Manufacturer","Harrison Burton","Motorcraft | Wood Brothers Racing | Ford","Driver",20,1
"Racing",2022,"Panini","National Treasures","Jumbo Firesuit Patch Signature Booklet Car Manufacturer","Jeb Burton","State Water Heaters | JR Motorsports | Chevrolet","Driver",21,1
"Racing",2022,"Panini","National Treasures","Jumbo Firesuit Patch Signature Booklet Car Manufacturer","Jesse Little","Tufco | B.J. McLeod Motorsports | Chevrolet","Driver",22,1
"Racing",2022,"Panini","National Treasures","Jumbo Firesuit Patch Signature Booklet Car Manufacturer","Jesse Love","Mobil 1 | Toyota","Driver",23,1
"Racing",2022,"Panini","National Treasures","Jumbo Firesuit Patch Signature Booklet Car Manufacturer","Jimmie Johnson","Ally Financial | Hendrick Motorsports | Chevrolet","Driver",24,1
"Racing",2022,"Panini","National Treasures","Jumbo Firesuit Patch Signature Booklet Car Manufacturer","Joey Logano","Shell-Pennzoil | Team Penske | Ford","Driver",25,1
"Racing",2022,"Panini","National Treasures","Jumbo Firesuit Patch Signature Booklet Car Manufacturer","Josh Berry","Tire Pros | JR Motorsports | Chevrolet","Driver",26,1
"Racing",2022,"Panini","National Treasures","Jumbo Firesuit Patch Signature Booklet Car Manufacturer","Josh Williams","Alloy | B.J. McLeod Motorsports | Chevrolet","Driver",28,1
"Racing",2022,"Panini","National Treasures","Jumbo Firesuit Patch Signature Booklet Car Manufacturer","Kevin Harvick","Hunt Brothers Pizza | Stewart-Haas Racing | Ford","Driver",29,1
"Racing",2022,"Panini","National Treasures","Jumbo Firesuit Patch Signature Booklet Car Manufacturer","Kyle Busch","M&M's | Joe Gibbs Racing | Toyota","Driver",30,1
"Racing",2022,"Panini","National Treasures","Jumbo Firesuit Patch Signature Booklet Car Manufacturer","Kyle Larson","Hendrickcars.com | Hendrick Motorsports | Chevrolet","Driver",31,1
"Racing",2022,"Panini","National Treasures","Jumbo Firesuit Patch Signature Booklet Car Manufacturer","Martin Truex Jr.","Bass Pro Shops | Joe Gibbs Racing | Toyota","Driver",32,1
"Racing",2022,"Panini","National Treasures","Jumbo Firesuit Patch Signature Booklet Car Manufacturer","Nick Sanchez","ARCA Menards","Driver",33,1
"Racing",2022,"Panini","National Treasures","Jumbo Firesuit Patch Signature Booklet Car Manufacturer","Riley Herbst","Monster | Stewart-Haas Racing | Ford","Driver",34,1
"Racing",2022,"Panini","National Treasures","Jumbo Firesuit Patch Signature Booklet Car Manufacturer","Ross Chastain","AdventHealth | Trackhouse Racing | Chevrolet","Driver",35,1
"Racing",2022,"Panini","National Treasures","Jumbo Firesuit Patch Signature Booklet Car Manufacturer","Ryan Blaney","Wrangler | Team Penske | Ford","Driver",36,1
"Racing",2022,"Panini","National Treasures","Jumbo Firesuit Patch Signature Booklet Firesuit Manufacturer","Alex Bowman","Ally Financial | Hendrick Motorsports | Chevrolet","Driver",1,1
"Racing",2022,"Panini","National Treasures","Jumbo Firesuit Patch Signature Booklet Firesuit Manufacturer","William Byron","AXALTA | Hendrick Motorsports | Chevrolet","Driver",3,1
"Racing",2022,"Panini","National Treasures","Jumbo Firesuit Patch Signature Booklet Firesuit Manufacturer","Aric Almirola","Smithfield Foods | Stewart-Haas Racing | Ford","Driver",4,1
"Racing",2022,"Panini","National Treasures","Jumbo Firesuit Patch Signature Booklet Firesuit Manufacturer","Austin Dillon","Bass Pro Shops | Richard Childress Racing | Chevrolet","Driver",5,1
"Racing",2022,"Panini","National Treasures","Jumbo Firesuit Patch Signature Booklet Firesuit Manufacturer","B.J. McLeod","Motorsport Games | B.J. McLeod Motorsports | Chevrolet","Driver",6,1
"Racing",2022,"Panini","National Treasures","Jumbo Firesuit Patch Signature Booklet Firesuit Manufacturer","Brad Keselowski","Kohler | RFK Racing | Ford","Driver",7,1
"Racing",2022,"Panini","National Treasures","Jumbo Firesuit Patch Signature Booklet Firesuit Manufacturer","Brandon Brown","TradetheChain | Brandonbilt Motorsports | Chevrolet","Driver",8,1
"Racing",2022,"Panini","National Treasures","Jumbo Firesuit Patch Signature Booklet Firesuit Manufacturer","Brett Moffitt","Hometown Lenders | Our Motorsports | Chevrolet","Driver",9,1
"Racing",2022,"Panini","National Treasures","Jumbo Firesuit Patch Signature Booklet Firesuit Manufacturer","Chase Elliott","NAPA Auto Parts | Hendrick Motorsports | Chevrolet","Driver",11,1
"Racing",2022,"Panini","National Treasures","Jumbo Firesuit Patch Signature Booklet Firesuit Manufacturer","Chris Buescher","Fastenal | RFK Racing | Ford","Driver",12,1
"Racing",2022,"Panini","National Treasures","Jumbo Firesuit Patch Signature Booklet Firesuit Manufacturer","Clint Bowyer","Mobil 1 | Stewart-Haas Racing | Ford","Driver",13,1
"Racing",2022,"Panini","National Treasures","Jumbo Firesuit Patch Signature Booklet Firesuit Manufacturer","Colby Howard","Gates Hydrolauics | McAnally-Hilgemann Racing | Chevrolet","Driver",14,1
"Racing",2022,"Panini","National Treasures","Jumbo Firesuit Patch Signature Booklet Firesuit Manufacturer","Cole Custer","Haas Automation | Stewart-Haas Racing | Ford","Driver",15,1
"Racing",2022,"Panini","National Treasures","Jumbo Firesuit Patch Signature Booklet Firesuit Manufacturer","Dale Earnhardt Jr","Nationwide | Hendrick Motorsports | Chevrolet","Driver",16,1
"Racing",2022,"Panini","National Treasures","Jumbo Firesuit Patch Signature Booklet Firesuit Manufacturer","Daniel Suarez","Tootsie's | Trackhouse Racing | Chevrolet","Driver",17,1
"Racing",2022,"Panini","National Treasures","Jumbo Firesuit Patch Signature Booklet Firesuit Manufacturer","Denny Hamlin","FedEx Express | Joe Gibbs Racing | Toyota","Driver",18,1
"Racing",2022,"Panini","National Treasures","Jumbo Firesuit Patch Signature Booklet Firesuit Manufacturer","Drew Dollar","JBL | Kyle Busch Motorsports | Toyota","Driver",19,1
"Racing",2022,"Panini","National Treasures","Jumbo Firesuit Patch Signature Booklet Firesuit Manufacturer","Harrison Burton","Motorcraft | Wood Brothers Racing | Ford","Driver",20,1
"Racing",2022,"Panini","National Treasures","Jumbo Firesuit Patch Signature Booklet Firesuit Manufacturer","Jeb Burton","State Water Heaters | JR Motorsports | Chevrolet","Driver",21,1
"Racing",2022,"Panini","National Treasures","Jumbo Firesuit Patch Signature Booklet Firesuit Manufacturer","Jesse Little","Tufco | B.J. McLeod Motorsports | Chevrolet","Driver",22,1
"Racing",2022,"Panini","National Treasures","Jumbo Firesuit Patch Signature Booklet Firesuit Manufacturer","Jesse Love","Mobil 1 | Toyota","Driver",23,1
"Racing",2022,"Panini","National Treasures","Jumbo Firesuit Patch Signature Booklet Firesuit Manufacturer","Jimmie Johnson","Ally Financial | Hendrick Motorsports | Chevrolet","Driver",24,1
"Racing",2022,"Panini","National Treasures","Jumbo Firesuit Patch Signature Booklet Firesuit Manufacturer","Josh Berry","Tire Pros | JR Motorsports | Chevrolet","Driver",26,1
"Racing",2022,"Panini","National Treasures","Jumbo Firesuit Patch Signature Booklet Firesuit Manufacturer","Josh Williams","Alloy | B.J. McLeod Motorsports | Chevrolet","Driver",28,1
"Racing",2022,"Panini","National Treasures","Jumbo Firesuit Patch Signature Booklet Firesuit Manufacturer","Kevin Harvick","Hunt Brothers Pizza | Stewart-Haas Racing | Ford","Driver",29,1
"Racing",2022,"Panini","National Treasures","Jumbo Firesuit Patch Signature Booklet Firesuit Manufacturer","Kyle Busch","M&M's | Joe Gibbs Racing | Toyota","Driver",30,1
"Racing",2022,"Panini","National Treasures","Jumbo Firesuit Patch Signature Booklet Firesuit Manufacturer","Kyle Larson","Hendrickcars.com | Hendrick Motorsports | Chevrolet","Driver",31,1
"Racing",2022,"Panini","National Treasures","Jumbo Firesuit Patch Signature Booklet Firesuit Manufacturer","Martin Truex Jr.","Bass Pro Shops | Joe Gibbs Racing | Toyota","Driver",32,1
"Racing",2022,"Panini","National Treasures","Jumbo Firesuit Patch Signature Booklet Firesuit Manufacturer","Nick Sanchez","ARCA Menards","Driver",33,1
"Racing",2022,"Panini","National Treasures","Jumbo Firesuit Patch Signature Booklet Goodyear","Alex Labbe","Prolon | DGM Racing | Chevrolet","Driver",2,1
"Racing",2022,"Panini","National Treasures","Jumbo Firesuit Patch Signature Booklet Goodyear","B.J. McLeod","Motorsport Games | B.J. McLeod Motorsports | Chevrolet","Driver",6,1
"Racing",2022,"Panini","National Treasures","Jumbo Firesuit Patch Signature Booklet Goodyear","Brad Keselowski","Kohler | RFK Racing | Ford","Driver",7,1
"Racing",2022,"Panini","National Treasures","Jumbo Firesuit Patch Signature Booklet Goodyear","Brandon Brown","TradetheChain | Brandonbilt Motorsports | Chevrolet","Driver",8,1
"Racing",2022,"Panini","National Treasures","Jumbo Firesuit Patch Signature Booklet Goodyear","Brett Moffitt","Hometown Lenders | Our Motorsports | Chevrolet","Driver",9,1
"Racing",2022,"Panini","National Treasures","Jumbo Firesuit Patch Signature Booklet Goodyear","Bubba Wallace","Root Insurance | 23XI Racing | Toyota","Driver",10,1
"Racing",2022,"Panini","National Treasures","Jumbo Firesuit Patch Signature Booklet Goodyear","Colby Howard","Gates Hydrolauics | McAnally-Hilgemann Racing | Chevrolet","Driver",14,1
"Racing",2022,"Panini","National Treasures","Jumbo Firesuit Patch Signature Booklet Goodyear","Cole Custer","Haas Automation | Stewart-Haas Racing | Ford","Driver",15,1
"Racing",2022,"Panini","National Treasures","Jumbo Firesuit Patch Signature Booklet Goodyear","Denny Hamlin","FedEx Express | Joe Gibbs Racing | Toyota","Driver",18,1
"Racing",2022,"Panini","National Treasures","Jumbo Firesuit Patch Signature Booklet Goodyear","Drew Dollar","JBL | Kyle Busch Motorsports | Toyota","Driver",19,1
"Racing",2022,"Panini","National Treasures","Jumbo Firesuit Patch Signature Booklet Goodyear","Harrison Burton","Motorcraft | Wood Brothers Racing | Ford","Driver",20,1
"Racing",2022,"Panini","National Treasures","Jumbo Firesuit Patch Signature Booklet Goodyear","Jeb Burton","State Water Heaters | JR Motorsports | Chevrolet","Driver",21,2
"Racing",2022,"Panini","National Treasures","Jumbo Firesuit Patch Signature Booklet Goodyear","Jesse Little","Tufco | B.J. McLeod Motorsports | Chevrolet","Driver",22,1
"Racing",2022,"Panini","National Treasures","Jumbo Firesuit Patch Signature Booklet Goodyear","Jimmie Johnson","Ally Financial | Hendrick Motorsports | Chevrolet","Driver",24,1
"Racing",2022,"Panini","National Treasures","Jumbo Firesuit Patch Signature Booklet Goodyear","Joey Logano","Shell-Pennzoil | Team Penske | Ford","Driver",25,1
"Racing",2022,"Panini","National Treasures","Jumbo Firesuit Patch Signature Booklet Goodyear","Josh Berry","Tire Pros | JR Motorsports | Chevrolet","Driver",26,1
"Racing",2022,"Panini","National Treasures","Jumbo Firesuit Patch Signature Booklet Goodyear","Josh Bilicki","Ziegler | DGM | Chevrolet","Driver",27,1
"Racing",2022,"Panini","National Treasures","Jumbo Firesuit Patch Signature Booklet Goodyear","Josh Williams","Alloy | B.J. McLeod Motorsports | Chevrolet","Driver",28,1
"Racing",2022,"Panini","National Treasures","Jumbo Firesuit Patch Signature Booklet Goodyear","Kyle Larson","Hendrickcars.com | Hendrick Motorsports | Chevrolet","Driver",31,1
"Racing",2022,"Panini","National Treasures","Jumbo Firesuit Patch Signature Booklet Goodyear","Riley Herbst","Monster | Stewart-Haas Racing | Ford","Driver",34,1
"Racing",2022,"Panini","National Treasures","Jumbo Firesuit Patch Signature Booklet Goodyear","Ross Chastain","AdventHealth | Trackhouse Racing | Chevrolet","Driver",35,2
"Racing",2022,"Panini","National Treasures","Jumbo Firesuit Patch Signature Booklet Nameplate","Alex Bowman","Ally Financial | Hendrick Motorsports | Chevrolet","Driver",1,2
"Racing",2022,"Panini","National Treasures","Jumbo Firesuit Patch Signature Booklet Nameplate","Alex Labbe","Prolon | DGM Racing | Chevrolet","Driver",2,1
"Racing",2022,"Panini","National Treasures","Jumbo Firesuit Patch Signature Booklet Nameplate","William Byron","AXALTA | Hendrick Motorsports | Chevrolet","Driver",3,2
"Racing",2022,"Panini","National Treasures","Jumbo Firesuit Patch Signature Booklet Nameplate","Aric Almirola","Smithfield Foods | Stewart-Haas Racing | Ford","Driver",4,2
"Racing",2022,"Panini","National Treasures","Jumbo Firesuit Patch Signature Booklet Nameplate","B.J. McLeod","Motorsport Games | B.J. McLeod Motorsports | Chevrolet","Driver",6,1
"Racing",2022,"Panini","National Treasures","Jumbo Firesuit Patch Signature Booklet Nameplate","Brandon Brown","TradetheChain | Brandonbilt Motorsports | Chevrolet","Driver",8,2
"Racing",2022,"Panini","National Treasures","Jumbo Firesuit Patch Signature Booklet Nameplate","Brett Moffitt","Hometown Lenders | Our Motorsports | Chevrolet","Driver",9,2
"Racing",2022,"Panini","National Treasures","Jumbo Firesuit Patch Signature Booklet Nameplate","Chase Elliott","NAPA Auto Parts | Hendrick Motorsports | Chevrolet","Driver",11,2
"Racing",2022,"Panini","National Treasures","Jumbo Firesuit Patch Signature Booklet Nameplate","Clint Bowyer","Mobil 1 | Stewart-Haas Racing | Ford","Driver",13,2
"Racing",2022,"Panini","National Treasures","Jumbo Firesuit Patch Signature Booklet Nameplate","Colby Howard","Gates Hydrolauics | McAnally-Hilgemann Racing | Chevrolet","Driver",14,2
"Racing",2022,"Panini","National Treasures","Jumbo Firesuit Patch Signature Booklet Nameplate","Cole Custer","Haas Automation | Stewart-Haas Racing | Ford","Driver",15,1
"Racing",2022,"Panini","National Treasures","Jumbo Firesuit Patch Signature Booklet Nameplate","Daniel Suarez","Tootsie's | Trackhouse Racing | Chevrolet","Driver",17,2
"Racing",2022,"Panini","National Treasures","Jumbo Firesuit Patch Signature Booklet Nameplate","Denny Hamlin","FedEx Express | Joe Gibbs Racing | Toyota","Driver",18,1
"Racing",2022,"Panini","National Treasures","Jumbo Firesuit Patch Signature Booklet Nameplate","Drew Dollar","JBL | Kyle Busch Motorsports | Toyota","Driver",19,2
"Racing",2022,"Panini","National Treasures","Jumbo Firesuit Patch Signature Booklet Nameplate","Harrison Burton","Motorcraft | Wood Brothers Racing | Ford","Driver",20,2
"Racing",2022,"Panini","National Treasures","Jumbo Firesuit Patch Signature Booklet Nameplate","Jeb Burton","State Water Heaters | JR Motorsports | Chevrolet","Driver",21,1
"Racing",2022,"Panini","National Treasures","Jumbo Firesuit Patch Signature Booklet Nameplate","Jesse Little","Tufco | B.J. McLeod Motorsports | Chevrolet","Driver",22,1
"Racing",2022,"Panini","National Treasures","Jumbo Firesuit Patch Signature Booklet Nameplate","Jesse Love","Mobil 1 | Toyota","Driver",23,1
"Racing",2022,"Panini","National Treasures","Jumbo Firesuit Patch Signature Booklet Nameplate","Jimmie Johnson","Ally Financial | Hendrick Motorsports | Chevrolet","Driver",24,2
"Racing",2022,"Panini","National Treasures","Jumbo Firesuit Patch Signature Booklet Nameplate","Joey Logano","Shell-Pennzoil | Team Penske | Ford","Driver",25,2
"Racing",2022,"Panini","National Treasures","Jumbo Firesuit Patch Signature Booklet Nameplate","Josh Berry","Tire Pros | JR Motorsports | Chevrolet","Driver",26,2
"Racing",2022,"Panini","National Treasures","Jumbo Firesuit Patch Signature Booklet Nameplate","Josh Bilicki","Ziegler | DGM | Chevrolet","Driver",27,1
"Racing",2022,"Panini","National Treasures","Jumbo Firesuit Patch Signature Booklet Nameplate","Josh Williams","Alloy | B.J. McLeod Motorsports | Chevrolet","Driver",28,2
"Racing",2022,"Panini","National Treasures","Jumbo Firesuit Patch Signature Booklet Nameplate","Kyle Busch","M&M's | Joe Gibbs Racing | Toyota","Driver",30,1
"Racing",2022,"Panini","National Treasures","Jumbo Firesuit Patch Signature Booklet Nameplate","Kyle Larson","Hendrickcars.com | Hendrick Motorsports | Chevrolet","Driver",31,1
"Racing",2022,"Panini","National Treasures","Jumbo Firesuit Patch Signature Booklet Nameplate","Riley Herbst","Monster | Stewart-Haas Racing | Ford","Driver",34,2
"Racing",2022,"Panini","National Treasures","Jumbo Firesuit Patch Signature Booklet Nameplate","Ross Chastain","AdventHealth | Trackhouse Racing | Chevrolet","Driver",35,2
"Racing",2022,"Panini","National Treasures","Jumbo Firesuit Patch Signature Booklet NASCAR","Alex Bowman","Ally Financial | Hendrick Motorsports | Chevrolet","Driver",1,1
"Racing",2022,"Panini","National Treasures","Jumbo Firesuit Patch Signature Booklet NASCAR","Alex Labbe","Prolon | DGM Racing | Chevrolet","Driver",2,1
"Racing",2022,"Panini","National Treasures","Jumbo Firesuit Patch Signature Booklet NASCAR","Aric Almirola","Smithfield Foods | Stewart-Haas Racing | Ford","Driver",4,1
"Racing",2022,"Panini","National Treasures","Jumbo Firesuit Patch Signature Booklet NASCAR","B.J. McLeod","Motorsport Games | B.J. McLeod Motorsports | Chevrolet","Driver",6,1
"Racing",2022,"Panini","National Treasures","Jumbo Firesuit Patch Signature Booklet NASCAR","Brad Keselowski","Kohler | RFK Racing | Ford","Driver",7,1
"Racing",2022,"Panini","National Treasures","Jumbo Firesuit Patch Signature Booklet NASCAR","Brandon Brown","TradetheChain | Brandonbilt Motorsports | Chevrolet","Driver",8,1
"Racing",2022,"Panini","National Treasures","Jumbo Firesuit Patch Signature Booklet NASCAR","Brett Moffitt","Hometown Lenders | Our Motorsports | Chevrolet","Driver",9,1
"Racing",2022,"Panini","National Treasures","Jumbo Firesuit Patch Signature Booklet NASCAR","Bubba Wallace","Root Insurance | 23XI Racing | Toyota","Driver",10,1
"Racing",2022,"Panini","National Treasures","Jumbo Firesuit Patch Signature Booklet NASCAR","Colby Howard","Gates Hydrolauics | McAnally-Hilgemann Racing | Chevrolet","Driver",14,1
"Racing",2022,"Panini","National Treasures","Jumbo Firesuit Patch Signature Booklet NASCAR","Cole Custer","Haas Automation | Stewart-Haas Racing | Ford","Driver",15,1
"Racing",2022,"Panini","National Treasures","Jumbo Firesuit Patch Signature Booklet NASCAR","Denny Hamlin","FedEx Express | Joe Gibbs Racing | Toyota","Driver",18,1
"Racing",2022,"Panini","National Treasures","Jumbo Firesuit Patch Signature Booklet NASCAR","Drew Dollar","JBL | Kyle Busch Motorsports | Toyota","Driver",19,1
"Racing",2022,"Panini","National Treasures","Jumbo Firesuit Patch Signature Booklet NASCAR","Harrison Burton","Motorcraft | Wood Brothers Racing | Ford","Driver",20,1
"Racing",2022,"Panini","National Treasures","Jumbo Firesuit Patch Signature Booklet NASCAR","Jesse Little","Tufco | B.J. McLeod Motorsports | Chevrolet","Driver",22,1
"Racing",2022,"Panini","National Treasures","Jumbo Firesuit Patch Signature Booklet NASCAR","Jimmie Johnson","Ally Financial | Hendrick Motorsports | Chevrolet","Driver",24,1
"Racing",2022,"Panini","National Treasures","Jumbo Firesuit Patch Signature Booklet NASCAR","Joey Logano","Shell-Pennzoil | Team Penske | Ford","Driver",25,1
"Racing",2022,"Panini","National Treasures","Jumbo Firesuit Patch Signature Booklet NASCAR","Josh Berry","Tire Pros | JR Motorsports | Chevrolet","Driver",26,1
"Racing",2022,"Panini","National Treasures","Jumbo Firesuit Patch Signature Booklet NASCAR","Josh Williams","Alloy | B.J. McLeod Motorsports | Chevrolet","Driver",28,1
"Racing",2022,"Panini","National Treasures","Jumbo Firesuit Patch Signature Booklet NASCAR","Kyle Busch","M&M's | Joe Gibbs Racing | Toyota","Driver",30,1
"Racing",2022,"Panini","National Treasures","Jumbo Firesuit Patch Signature Booklet NASCAR","Kyle Larson","Hendrickcars.com | Hendrick Motorsports | Chevrolet","Driver",31,1
"Racing",2022,"Panini","National Treasures","Jumbo Firesuit Patch Signature Booklet NASCAR","Nick Sanchez","ARCA Menards","Driver",33,1
"Racing",2022,"Panini","National Treasures","Jumbo Firesuit Patch Signature Booklet NASCAR","Riley Herbst","Monster | Stewart-Haas Racing | Ford","Driver",34,1
"Racing",2022,"Panini","National Treasures","Jumbo Firesuit Patch Signature Booklet NASCAR","Ross Chastain","AdventHealth | Trackhouse Racing | Chevrolet","Driver",35,1
"Racing",2022,"Panini","National Treasures","Jumbo Firesuit Patch Signature Booklet NASCAR","Ryan Blaney","Wrangler | Team Penske | Ford","Driver",36,1
"Racing",2022,"Panini","National Treasures","Jumbo Firesuit Patch Signature Booklet Series Sponsor","Alex Bowman","Ally Financial | Hendrick Motorsports | Chevrolet","Driver",1,1
"Racing",2022,"Panini","National Treasures","Jumbo Firesuit Patch Signature Booklet Series Sponsor","Alex Labbe","Prolon | DGM Racing | Chevrolet","Driver",2,1
"Racing",2022,"Panini","National Treasures","Jumbo Firesuit Patch Signature Booklet Series Sponsor","Aric Almirola","Smithfield Foods | Stewart-Haas Racing | Ford","Driver",4,1
"Racing",2022,"Panini","National Treasures","Jumbo Firesuit Patch Signature Booklet Series Sponsor","B.J. McLeod","Motorsport Games | B.J. McLeod Motorsports | Chevrolet","Driver",6,1
"Racing",2022,"Panini","National Treasures","Jumbo Firesuit Patch Signature Booklet Series Sponsor","Brandon Brown","TradetheChain | Brandonbilt Motorsports | Chevrolet","Driver",8,1
"Racing",2022,"Panini","National Treasures","Jumbo Firesuit Patch Signature Booklet Series Sponsor","Brett Moffitt","Hometown Lenders | Our Motorsports | Chevrolet","Driver",9,1
"Racing",2022,"Panini","National Treasures","Jumbo Firesuit Patch Signature Booklet Series Sponsor","Bubba Wallace","Root Insurance | 23XI Racing | Toyota","Driver",10,1
"Racing",2022,"Panini","National Treasures","Jumbo Firesuit Patch Signature Booklet Series Sponsor","Chase Elliott","NAPA Auto Parts | Hendrick Motorsports | Chevrolet","Driver",11,1
"Racing",2022,"Panini","National Treasures","Jumbo Firesuit Patch Signature Booklet Series Sponsor","Colby Howard","Gates Hydrolauics | McAnally-Hilgemann Racing | Chevrolet","Driver",14,1
"Racing",2022,"Panini","National Treasures","Jumbo Firesuit Patch Signature Booklet Series Sponsor","Cole Custer","Haas Automation | Stewart-Haas Racing | Ford","Driver",15,1
"Racing",2022,"Panini","National Treasures","Jumbo Firesuit Patch Signature Booklet Series Sponsor","Daniel Suarez","Tootsie's | Trackhouse Racing | Chevrolet","Driver",17,1
"Racing",2022,"Panini","National Treasures","Jumbo Firesuit Patch Signature Booklet Series Sponsor","Denny Hamlin","FedEx Express | Joe Gibbs Racing | Toyota","Driver",18,1
"Racing",2022,"Panini","National Treasures","Jumbo Firesuit Patch Signature Booklet Series Sponsor","Drew Dollar","JBL | Kyle Busch Motorsports | Toyota","Driver",19,1
"Racing",2022,"Panini","National Treasures","Jumbo Firesuit Patch Signature Booklet Series Sponsor","Harrison Burton","Motorcraft | Wood Brothers Racing | Ford","Driver",20,1
"Racing",2022,"Panini","National Treasures","Jumbo Firesuit Patch Signature Booklet Series Sponsor","Jeb Burton","State Water Heaters | JR Motorsports | Chevrolet","Driver",21,1
"Racing",2022,"Panini","National Treasures","Jumbo Firesuit Patch Signature Booklet Series Sponsor","Jesse Little","Tufco | B.J. McLeod Motorsports | Chevrolet","Driver",22,1
"Racing",2022,"Panini","National Treasures","Jumbo Firesuit Patch Signature Booklet Series Sponsor","Jimmie Johnson","Ally Financial | Hendrick Motorsports | Chevrolet","Driver",24,1
"Racing",2022,"Panini","National Treasures","Jumbo Firesuit Patch Signature Booklet Series Sponsor","Joey Logano","Shell-Pennzoil | Team Penske | Ford","Driver",25,1
"Racing",2022,"Panini","National Treasures","Jumbo Firesuit Patch Signature Booklet Series Sponsor","Josh Berry","Tire Pros | JR Motorsports | Chevrolet","Driver",26,1
"Racing",2022,"Panini","National Treasures","Jumbo Firesuit Patch Signature Booklet Series Sponsor","Josh Bilicki","Ziegler | DGM | Chevrolet","Driver",27,1
"Racing",2022,"Panini","National Treasures","Jumbo Firesuit Patch Signature Booklet Series Sponsor","Josh Williams","Alloy | B.J. McLeod Motorsports | Chevrolet","Driver",28,1
"Racing",2022,"Panini","National Treasures","Jumbo Firesuit Patch Signature Booklet Series Sponsor","Kyle Larson","Hendrickcars.com | Hendrick Motorsports | Chevrolet","Driver",31,1
"Racing",2022,"Panini","National Treasures","Jumbo Firesuit Patch Signature Booklet Series Sponsor","Nick Sanchez","ARCA Menards","Driver",33,1
"Racing",2022,"Panini","National Treasures","Jumbo Firesuit Patch Signature Booklet Series Sponsor","Riley Herbst","Monster | Stewart-Haas Racing | Ford","Driver",34,1
"Racing",2022,"Panini","National Treasures","Jumbo Firesuit Patch Signature Booklet Series Sponsor","Ross Chastain","AdventHealth | Trackhouse Racing | Chevrolet","Driver",35,1
"Racing",2022,"Panini","National Treasures","Jumbo Firesuit Patch Signature Booklet Sunoco","Alex Bowman","Ally Financial | Hendrick Motorsports | Chevrolet","Driver",1,1
"Racing",2022,"Panini","National Treasures","Jumbo Firesuit Patch Signature Booklet Sunoco","Alex Labbe","Prolon | DGM Racing | Chevrolet","Driver",2,1
"Racing",2022,"Panini","National Treasures","Jumbo Firesuit Patch Signature Booklet Sunoco","William Byron","AXALTA | Hendrick Motorsports | Chevrolet","Driver",3,1
"Racing",2022,"Panini","National Treasures","Jumbo Firesuit Patch Signature Booklet Sunoco","Aric Almirola","Smithfield Foods | Stewart-Haas Racing | Ford","Driver",4,1
"Racing",2022,"Panini","National Treasures","Jumbo Firesuit Patch Signature Booklet Sunoco","B.J. McLeod","Motorsport Games | B.J. McLeod Motorsports | Chevrolet","Driver",6,1
"Racing",2022,"Panini","National Treasures","Jumbo Firesuit Patch Signature Booklet Sunoco","Brad Keselowski","Kohler | RFK Racing | Ford","Driver",7,1
"Racing",2022,"Panini","National Treasures","Jumbo Firesuit Patch Signature Booklet Sunoco","Brandon Brown","TradetheChain | Brandonbilt Motorsports | Chevrolet","Driver",8,1
"Racing",2022,"Panini","National Treasures","Jumbo Firesuit Patch Signature Booklet Sunoco","Brett Moffitt","Hometown Lenders | Our Motorsports | Chevrolet","Driver",9,1
"Racing",2022,"Panini","National Treasures","Jumbo Firesuit Patch Signature Booklet Sunoco","Bubba Wallace","Root Insurance | 23XI Racing | Toyota","Driver",10,1
"Racing",2022,"Panini","National Treasures","Jumbo Firesuit Patch Signature Booklet Sunoco","Chase Elliott","NAPA Auto Parts | Hendrick Motorsports | Chevrolet","Driver",11,1
"Racing",2022,"Panini","National Treasures","Jumbo Firesuit Patch Signature Booklet Sunoco","Chris Buescher","Fastenal | RFK Racing | Ford","Driver",12,1
"Racing",2022,"Panini","National Treasures","Jumbo Firesuit Patch Signature Booklet Sunoco","Colby Howard","Gates Hydrolauics | McAnally-Hilgemann Racing | Chevrolet","Driver",14,1
"Racing",2022,"Panini","National Treasures","Jumbo Firesuit Patch Signature Booklet Sunoco","Cole Custer","Haas Automation | Stewart-Haas Racing | Ford","Driver",15,1
"Racing",2022,"Panini","National Treasures","Jumbo Firesuit Patch Signature Booklet Sunoco","Daniel Suarez","Tootsie's | Trackhouse Racing | Chevrolet","Driver",17,1
"Racing",2022,"Panini","National Treasures","Jumbo Firesuit Patch Signature Booklet Sunoco","Denny Hamlin","FedEx Express | Joe Gibbs Racing | Toyota","Driver",18,1
"Racing",2022,"Panini","National Treasures","Jumbo Firesuit Patch Signature Booklet Sunoco","Drew Dollar","JBL | Kyle Busch Motorsports | Toyota","Driver",19,1
"Racing",2022,"Panini","National Treasures","Jumbo Firesuit Patch Signature Booklet Sunoco","Harrison Burton","Motorcraft | Wood Brothers Racing | Ford","Driver",20,1
"Racing",2022,"Panini","National Treasures","Jumbo Firesuit Patch Signature Booklet Sunoco","Jeb Burton","State Water Heaters | JR Motorsports | Chevrolet","Driver",21,1
"Racing",2022,"Panini","National Treasures","Jumbo Firesuit Patch Signature Booklet Sunoco","Jesse Little","Tufco | B.J. McLeod Motorsports | Chevrolet","Driver",22,1
"Racing",2022,"Panini","National Treasures","Jumbo Firesuit Patch Signature Booklet Sunoco","Jimmie Johnson","Ally Financial | Hendrick Motorsports | Chevrolet","Driver",24,1
"Racing",2022,"Panini","National Treasures","Jumbo Firesuit Patch Signature Booklet Sunoco","Joey Logano","Shell-Pennzoil | Team Penske | Ford","Driver",25,1
"Racing",2022,"Panini","National Treasures","Jumbo Firesuit Patch Signature Booklet Sunoco","Josh Berry","Tire Pros | JR Motorsports | Chevrolet","Driver",26,1
"Racing",2022,"Panini","National Treasures","Jumbo Firesuit Patch Signature Booklet Sunoco","Josh Bilicki","Ziegler | DGM | Chevrolet","Driver",27,1
"Racing",2022,"Panini","National Treasures","Jumbo Firesuit Patch Signature Booklet Sunoco","Josh Williams","Alloy | B.J. McLeod Motorsports | Chevrolet","Driver",28,1
"Racing",2022,"Panini","National Treasures","Jumbo Firesuit Patch Signature Booklet Sunoco","Kyle Larson","Hendrickcars.com | Hendrick Motorsports | Chevrolet","Driver",31,1
"Racing",2022,"Panini","National Treasures","Jumbo Firesuit Patch Signature Booklet Sunoco","Nick Sanchez","ARCA Menards","Driver",33,1
"Racing",2022,"Panini","National Treasures","Jumbo Firesuit Patch Signature Booklet Sunoco","Riley Herbst","Monster | Stewart-Haas Racing | Ford","Driver",34,1
"Racing",2022,"Panini","National Treasures","Jumbo Firesuit Patch Signature Booklet Sunoco","Ross Chastain","AdventHealth | Trackhouse Racing | Chevrolet","Driver",35,1
"Racing",2022,"Panini","National Treasures","Jumbo Firesuit Patch Signature Booklet Sunoco","Ryan Blaney","Wrangler | Team Penske | Ford","Driver",36,1
"Racing",2022,"Panini","National Treasures","Jumbo Firesuit Patch Signature Booklet Team Owner","Alex Bowman","Ally Financial | Hendrick Motorsports | Chevrolet","Driver",1,1
"Racing",2022,"Panini","National Treasures","Jumbo Firesuit Patch Signature Booklet Team Owner","Alex Labbe","Prolon | DGM Racing | Chevrolet","Driver",2,1
"Racing",2022,"Panini","National Treasures","Jumbo Firesuit Patch Signature Booklet Team Owner","Aric Almirola","Smithfield Foods | Stewart-Haas Racing | Ford","Driver",4,1
"Racing",2022,"Panini","National Treasures","Jumbo Firesuit Patch Signature Booklet Team Owner","Brett Moffitt","Hometown Lenders | Our Motorsports | Chevrolet","Driver",9,1
"Racing",2022,"Panini","National Treasures","Jumbo Firesuit Patch Signature Booklet Team Owner","Chase Elliott","NAPA Auto Parts | Hendrick Motorsports | Chevrolet","Driver",11,1
"Racing",2022,"Panini","National Treasures","Jumbo Firesuit Patch Signature Booklet Team Owner","Cole Custer","Haas Automation | Stewart-Haas Racing | Ford","Driver",15,1
"Racing",2022,"Panini","National Treasures","Jumbo Firesuit Patch Signature Booklet Team Owner","Daniel Suarez","Tootsie's | Trackhouse Racing | Chevrolet","Driver",17,1
"Racing",2022,"Panini","National Treasures","Jumbo Firesuit Patch Signature Booklet Team Owner","Denny Hamlin","FedEx Express | Joe Gibbs Racing | Toyota","Driver",18,1
"Racing",2022,"Panini","National Treasures","Jumbo Firesuit Patch Signature Booklet Team Owner","Drew Dollar","JBL | Kyle Busch Motorsports | Toyota","Driver",19,1
"Racing",2022,"Panini","National Treasures","Jumbo Firesuit Patch Signature Booklet Team Owner","Harrison Burton","Motorcraft | Wood Brothers Racing | Ford","Driver",20,1
"Racing",2022,"Panini","National Treasures","Jumbo Firesuit Patch Signature Booklet Team Owner","Jimmie Johnson","Ally Financial | Hendrick Motorsports | Chevrolet","Driver",24,1
"Racing",2022,"Panini","National Treasures","Jumbo Firesuit Patch Signature Booklet Team Owner","Josh Berry","Tire Pros | JR Motorsports | Chevrolet","Driver",26,1
"Racing",2022,"Panini","National Treasures","Jumbo Firesuit Patch Signature Booklet Team Owner","Josh Bilicki","Ziegler | DGM | Chevrolet","Driver",27,1
"Racing",2022,"Panini","National Treasures","Jumbo Firesuit Patch Signature Booklet Team Owner","Kevin Harvick","Hunt Brothers Pizza | Stewart-Haas Racing | Ford","Driver",29,1
"Racing",2022,"Panini","National Treasures","Jumbo Firesuit Patch Signature Booklet Team Owner","Kyle Larson","Hendrickcars.com | Hendrick Motorsports | Chevrolet","Driver",31,1
"Racing",2022,"Panini","National Treasures","Jumbo Firesuit Patch Signature Booklet Team Owner","Riley Herbst","Monster | Stewart-Haas Racing | Ford","Driver",34,1
"Racing",2022,"Panini","National Treasures","Jumbo Firesuit Patch Signature Booklet Team Owner","Ross Chastain","AdventHealth | Trackhouse Racing | Chevrolet","Driver",35,1
"Racing",2022,"Panini","National Treasures","Jumbo Firesuit Signature Booklet","Alex Bowman","Ally Financial | Hendrick Motorsports | Chevrolet","Driver",1,25
"Racing",2022,"Panini","National Treasures","Jumbo Firesuit Signature Booklet","Alex Labbe","Prolon | DGM Racing | Chevrolet","Driver",2,25
"Racing",2022,"Panini","National Treasures","Jumbo Firesuit Signature Booklet","William Byron","AXALTA | Hendrick Motorsports | Chevrolet","Driver",3,25
"Racing",2022,"Panini","National Treasures","Jumbo Firesuit Signature Booklet","Aric Almirola","Smithfield Foods | Stewart-Haas Racing | Ford","Driver",4,25
"Racing",2022,"Panini","National Treasures","Jumbo Firesuit Signature Booklet","Austin Dillon","Bass Pro Shops | Richard Childress Racing | Chevrolet","Driver",5,25
"Racing",2022,"Panini","National Treasures","Jumbo Firesuit Signature Booklet","B.J. McLeod","Motorsport Games | B.J. McLeod Motorsports | Chevrolet","Driver",6,25
"Racing",2022,"Panini","National Treasures","Jumbo Firesuit Signature Booklet","Brad Keselowski","Kohler | RFK Racing | Ford","Driver",7,25
"Racing",2022,"Panini","National Treasures","Jumbo Firesuit Signature Booklet","Brandon Brown","TradetheChain | Brandonbilt Motorsports | Chevrolet","Driver",8,25
"Racing",2022,"Panini","National Treasures","Jumbo Firesuit Signature Booklet","Brett Moffitt","Hometown Lenders | Our Motorsports | Chevrolet","Driver",9,25
"Racing",2022,"Panini","National Treasures","Jumbo Firesuit Signature Booklet","Bubba Wallace","Root Insurance | 23XI Racing | Toyota","Driver",10,25
"Racing",2022,"Panini","National Treasures","Jumbo Firesuit Signature Booklet","Chase Elliott","NAPA Auto Parts | Hendrick Motorsports | Chevrolet","Driver",11,25
"Racing",2022,"Panini","National Treasures","Jumbo Firesuit Signature Booklet","Chris Buescher","Fastenal | RFK Racing | Ford","Driver",12,25
"Racing",2022,"Panini","National Treasures","Jumbo Firesuit Signature Booklet","Clint Bowyer","Mobil 1 | Stewart-Haas Racing | Ford","Driver",13,5
"Racing",2022,"Panini","National Treasures","Jumbo Firesuit Signature Booklet","Colby Howard","Gates Hydrolauics | McAnally-Hilgemann Racing | Chevrolet","Driver",14,25
"Racing",2022,"Panini","National Treasures","Jumbo Firesuit Signature Booklet","Cole Custer","Haas Automation | Stewart-Haas Racing | Ford","Driver",15,25
"Racing",2022,"Panini","National Treasures","Jumbo Firesuit Signature Booklet","Dale Earnhardt Jr","Nationwide | Hendrick Motorsports | Chevrolet","Driver",16,25
"Racing",2022,"Panini","National Treasures","Jumbo Firesuit Signature Booklet","Daniel Suarez","Tootsie's | Trackhouse Racing | Chevrolet","Driver",17,25
"Racing",2022,"Panini","National Treasures","Jumbo Firesuit Signature Booklet","Denny Hamlin","FedEx Express | Joe Gibbs Racing | Toyota","Driver",18,25
"Racing",2022,"Panini","National Treasures","Jumbo Firesuit Signature Booklet","Drew Dollar","JBL | Kyle Busch Motorsports | Toyota","Driver",19,25
"Racing",2022,"Panini","National Treasures","Jumbo Firesuit Signature Booklet","Harrison Burton","Motorcraft | Wood Brothers Racing | Ford","Driver",20,25
"Racing",2022,"Panini","National Treasures","Jumbo Firesuit Signature Booklet","Jeb Burton","State Water Heaters | JR Motorsports | Chevrolet","Driver",21,25
"Racing",2022,"Panini","National Treasures","Jumbo Firesuit Signature Booklet","Jesse Little","Tufco | B.J. McLeod Motorsports | Chevrolet","Driver",22,25
"Racing",2022,"Panini","National Treasures","Jumbo Firesuit Signature Booklet","Jesse Love","Mobil 1 | Toyota","Driver",23,25
"Racing",2022,"Panini","National Treasures","Jumbo Firesuit Signature Booklet","Jimmie Johnson","Ally Financial | Hendrick Motorsports | Chevrolet","Driver",24,25
"Racing",2022,"Panini","National Treasures","Jumbo Firesuit Signature Booklet","Joey Logano","Shell-Pennzoil | Team Penske | Ford","Driver",25,25
"Racing",2022,"Panini","National Treasures","Jumbo Firesuit Signature Booklet","Josh Berry","Tire Pros | JR Motorsports | Chevrolet","Driver",26,25
"Racing",2022,"Panini","National Treasures","Jumbo Firesuit Signature Booklet","Josh Bilicki","Ziegler | DGM | Chevrolet","Driver",27,25
"Racing",2022,"Panini","National Treasures","Jumbo Firesuit Signature Booklet","Josh Williams","Alloy | B.J. McLeod Motorsports | Chevrolet","Driver",28,25
"Racing",2022,"Panini","National Treasures","Jumbo Firesuit Signature Booklet","Kevin Harvick","Hunt Brothers Pizza | Stewart-Haas Racing | Ford","Driver",29,25
"Racing",2022,"Panini","National Treasures","Jumbo Firesuit Signature Booklet","Kyle Busch","M&M's | Joe Gibbs Racing | Toyota","Driver",30,25
"Racing",2022,"Panini","National Treasures","Jumbo Firesuit Signature Booklet","Kyle Larson","Hendrickcars.com | Hendrick Motorsports | Chevrolet","Driver",31,25
"Racing",2022,"Panini","National Treasures","Jumbo Firesuit Signature Booklet","Martin Truex Jr.","Bass Pro Shops | Joe Gibbs Racing | Toyota","Driver",32,25
"Racing",2022,"Panini","National Treasures","Jumbo Firesuit Signature Booklet","Nick Sanchez","ARCA Menards","Driver",33,25
"Racing",2022,"Panini","National Treasures","Jumbo Firesuit Signature Booklet","Riley Herbst","Monster | Stewart-Haas Racing | Ford","Driver",34,25
"Racing",2022,"Panini","National Treasures","Jumbo Firesuit Signature Booklet","Ross Chastain","AdventHealth | Trackhouse Racing | Chevrolet","Driver",35,25
"Racing",2022,"Panini","National Treasures","Jumbo Firesuit Signature Booklet","Ryan Blaney","Wrangler | Team Penske | Ford","Driver",36,25
"Racing",2022,"Panini","National Treasures","Jumbo Glove Patch Signature Booklet Laundry Tag","Austin Dillon","Bass Pro Shops | Richard Childress Racing | Chevrolet","Driver",5,1
"Racing",2022,"Panini","National Treasures","Jumbo Glove Patch Signature Booklet Laundry Tag","Brett Moffitt","Hometown Lenders | Our Motorsports | Chevrolet","Driver",9,1
"Racing",2022,"Panini","National Treasures","Jumbo Glove Patch Signature Booklet Laundry Tag","Bubba Wallace","Root Insurance | 23XI Racing | Toyota","Driver",10,1
"Racing",2022,"Panini","National Treasures","Jumbo Glove Patch Signature Booklet Laundry Tag","Chris Buescher","Fastenal | RFK Racing | Ford","Driver",12,1
"Racing",2022,"Panini","National Treasures","Jumbo Glove Patch Signature Booklet Laundry Tag","Clint Bowyer","Mobil 1 | Stewart-Haas Racing | Ford","Driver",13,1
"Racing",2022,"Panini","National Treasures","Jumbo Glove Patch Signature Booklet Laundry Tag","Daniel Suarez","Tootsie's | Trackhouse Racing | Chevrolet","Driver",17,1
"Racing",2022,"Panini","National Treasures","Jumbo Glove Patch Signature Booklet Laundry Tag","Harrison Burton","Motorcraft | Wood Brothers Racing | Ford","Driver",20,1
"Racing",2022,"Panini","National Treasures","Jumbo Glove Patch Signature Booklet Laundry Tag","Jeb Burton","State Water Heaters | JR Motorsports | Chevrolet","Driver",21,1
"Racing",2022,"Panini","National Treasures","Jumbo Glove Patch Signature Booklet Laundry Tag","Jimmie Johnson","Ally Financial | Hendrick Motorsports | Chevrolet","Driver",24,1
"Racing",2022,"Panini","National Treasures","Jumbo Glove Patch Signature Booklet Laundry Tag","Martin Truex Jr.","Bass Pro Shops | Joe Gibbs Racing | Toyota","Driver",32,1
"Racing",2022,"Panini","National Treasures","Jumbo Glove Patch Signature Booklet Laundry Tag","Nick Sanchez","ARCA Menards","Driver",33,1
"Racing",2022,"Panini","National Treasures","Jumbo Glove Patch Signature Booklet Laundry Tag","Riley Herbst","Monster | Stewart-Haas Racing | Ford","Driver",34,1
"Racing",2022,"Panini","National Treasures","Jumbo Glove Patch Signature Booklet Manufacturer","Alex Bowman","Ally Financial | Hendrick Motorsports | Chevrolet","Driver",1,1
"Racing",2022,"Panini","National Treasures","Jumbo Glove Patch Signature Booklet Manufacturer","Alex Labbe","Prolon | DGM Racing | Chevrolet","Driver",2,1
"Racing",2022,"Panini","National Treasures","Jumbo Glove Patch Signature Booklet Manufacturer","William Byron","AXALTA | Hendrick Motorsports | Chevrolet","Driver",3,1
"Racing",2022,"Panini","National Treasures","Jumbo Glove Patch Signature Booklet Manufacturer","Aric Almirola","Smithfield Foods | Stewart-Haas Racing | Ford","Driver",4,1
"Racing",2022,"Panini","National Treasures","Jumbo Glove Patch Signature Booklet Manufacturer","Austin Dillon","Bass Pro Shops | Richard Childress Racing | Chevrolet","Driver",5,1
"Racing",2022,"Panini","National Treasures","Jumbo Glove Patch Signature Booklet Manufacturer","B.J. McLeod","Motorsport Games | B.J. McLeod Motorsports | Chevrolet","Driver",6,1
"Racing",2022,"Panini","National Treasures","Jumbo Glove Patch Signature Booklet Manufacturer","Brad Keselowski","Kohler | RFK Racing | Ford","Driver",7,1
"Racing",2022,"Panini","National Treasures","Jumbo Glove Patch Signature Booklet Manufacturer","Brett Moffitt","Hometown Lenders | Our Motorsports | Chevrolet","Driver",9,1
"Racing",2022,"Panini","National Treasures","Jumbo Glove Patch Signature Booklet Manufacturer","Bubba Wallace","Root Insurance | 23XI Racing | Toyota","Driver",10,1
"Racing",2022,"Panini","National Treasures","Jumbo Glove Patch Signature Booklet Manufacturer","Chase Elliott","NAPA Auto Parts | Hendrick Motorsports | Chevrolet","Driver",11,1
"Racing",2022,"Panini","National Treasures","Jumbo Glove Patch Signature Booklet Manufacturer","Chris Buescher","Fastenal | RFK Racing | Ford","Driver",12,1
"Racing",2022,"Panini","National Treasures","Jumbo Glove Patch Signature Booklet Manufacturer","Clint Bowyer","Mobil 1 | Stewart-Haas Racing | Ford","Driver",13,1
"Racing",2022,"Panini","National Treasures","Jumbo Glove Patch Signature Booklet Manufacturer","Colby Howard","Gates Hydrolauics | McAnally-Hilgemann Racing | Chevrolet","Driver",14,1
"Racing",2022,"Panini","National Treasures","Jumbo Glove Patch Signature Booklet Manufacturer","Cole Custer","Haas Automation | Stewart-Haas Racing | Ford","Driver",15,1
"Racing",2022,"Panini","National Treasures","Jumbo Glove Patch Signature Booklet Manufacturer","Dale Earnhardt Jr","Nationwide | Hendrick Motorsports | Chevrolet","Driver",16,1
"Racing",2022,"Panini","National Treasures","Jumbo Glove Patch Signature Booklet Manufacturer","Daniel Suarez","Tootsie's | Trackhouse Racing | Chevrolet","Driver",17,1
"Racing",2022,"Panini","National Treasures","Jumbo Glove Patch Signature Booklet Manufacturer","Denny Hamlin","FedEx Express | Joe Gibbs Racing | Toyota","Driver",18,1
"Racing",2022,"Panini","National Treasures","Jumbo Glove Patch Signature Booklet Manufacturer","Drew Dollar","JBL | Kyle Busch Motorsports | Toyota","Driver",19,1
"Racing",2022,"Panini","National Treasures","Jumbo Glove Patch Signature Booklet Manufacturer","Harrison Burton","Motorcraft | Wood Brothers Racing | Ford","Driver",20,1
"Racing",2022,"Panini","National Treasures","Jumbo Glove Patch Signature Booklet Manufacturer","Jeb Burton","State Water Heaters | JR Motorsports | Chevrolet","Driver",21,1
"Racing",2022,"Panini","National Treasures","Jumbo Glove Patch Signature Booklet Manufacturer","Jesse Love","Mobil 1 | Toyota","Driver",23,1
"Racing",2022,"Panini","National Treasures","Jumbo Glove Patch Signature Booklet Manufacturer","Jimmie Johnson","Ally Financial | Hendrick Motorsports | Chevrolet","Driver",24,1
"Racing",2022,"Panini","National Treasures","Jumbo Glove Patch Signature Booklet Manufacturer","Josh Berry","Tire Pros | JR Motorsports | Chevrolet","Driver",26,1
"Racing",2022,"Panini","National Treasures","Jumbo Glove Patch Signature Booklet Manufacturer","Josh Bilicki","Ziegler | DGM | Chevrolet","Driver",27,1
"Racing",2022,"Panini","National Treasures","Jumbo Glove Patch Signature Booklet Manufacturer","Kyle Busch","M&M's | Joe Gibbs Racing | Toyota","Driver",30,1
"Racing",2022,"Panini","National Treasures","Jumbo Glove Patch Signature Booklet Manufacturer","Kyle Larson","Hendrickcars.com | Hendrick Motorsports | Chevrolet","Driver",31,1
"Racing",2022,"Panini","National Treasures","Jumbo Glove Patch Signature Booklet Manufacturer","Martin Truex Jr.","Bass Pro Shops | Joe Gibbs Racing | Toyota","Driver",32,1
"Racing",2022,"Panini","National Treasures","Jumbo Glove Patch Signature Booklet Manufacturer","Nick Sanchez","ARCA Menards","Driver",33,1
"Racing",2022,"Panini","National Treasures","Jumbo Glove Patch Signature Booklet Manufacturer","Riley Herbst","Monster | Stewart-Haas Racing | Ford","Driver",34,1
"Racing",2022,"Panini","National Treasures","Jumbo Glove Patch Signature Booklet Manufacturer","Ross Chastain","AdventHealth | Trackhouse Racing | Chevrolet","Driver",35,1
"Racing",2022,"Panini","National Treasures","Jumbo Glove Patch Signature Booklet Name","Austin Dillon","Bass Pro Shops | Richard Childress Racing | Chevrolet","Driver",5,1
"Racing",2022,"Panini","National Treasures","Jumbo Glove Patch Signature Booklet Name","Brad Keselowski","Kohler | RFK Racing | Ford","Driver",7,1
"Racing",2022,"Panini","National Treasures","Jumbo Glove Patch Signature Booklet Name","Denny Hamlin","FedEx Express | Joe Gibbs Racing | Toyota","Driver",18,1
"Racing",2022,"Panini","National Treasures","Jumbo Glove Patch Signature Booklet Number","Alex Bowman","Ally Financial | Hendrick Motorsports | Chevrolet","Driver",1,1
"Racing",2022,"Panini","National Treasures","Jumbo Glove Patch Signature Booklet Number","Brad Keselowski","Kohler | RFK Racing | Ford","Driver",7,1
"Racing",2022,"Panini","National Treasures","Jumbo Glove Patch Signature Booklet Number","Chase Elliott","NAPA Auto Parts | Hendrick Motorsports | Chevrolet","Driver",11,1
"Racing",2022,"Panini","National Treasures","Jumbo Glove Patch Signature Booklet Number","Denny Hamlin","FedEx Express | Joe Gibbs Racing | Toyota","Driver",18,1
"Racing",2022,"Panini","National Treasures","Jumbo Glove Patch Signature Booklet Number","Jimmie Johnson","Ally Financial | Hendrick Motorsports | Chevrolet","Driver",24,1
"Racing",2022,"Panini","National Treasures","Jumbo Glove Patch Signature Booklet Number","Josh Berry","Tire Pros | JR Motorsports | Chevrolet","Driver",26,1
"Racing",2022,"Panini","National Treasures","Jumbo Glove Patch Signature Booklet Number","Kyle Larson","Hendrickcars.com | Hendrick Motorsports | Chevrolet","Driver",31,1
"Racing",2022,"Panini","National Treasures","Jumbo Hat Laundry Tag Signature Booklet","Austin Dillon","Bass Pro Shops | Richard Childress Racing | Chevrolet","Driver",5,1
"Racing",2022,"Panini","National Treasures","Jumbo Hat Laundry Tag Signature Booklet","Brad Keselowski","Kohler | RFK Racing | Ford","Driver",7,1
"Racing",2022,"Panini","National Treasures","Jumbo Hat Laundry Tag Signature Booklet","Bubba Wallace","Root Insurance | 23XI Racing | Toyota","Driver",10,1
"Racing",2022,"Panini","National Treasures","Jumbo Hat Laundry Tag Signature Booklet","Chase Elliott","NAPA Auto Parts | Hendrick Motorsports | Chevrolet","Driver",11,1
"Racing",2022,"Panini","National Treasures","Jumbo Hat Laundry Tag Signature Booklet","Chris Buescher","Fastenal | RFK Racing | Ford","Driver",12,1
"Racing",2022,"Panini","National Treasures","Jumbo Hat Laundry Tag Signature Booklet","Clint Bowyer","Mobil 1 | Stewart-Haas Racing | Ford","Driver",13,1
"Racing",2022,"Panini","National Treasures","Jumbo Hat Laundry Tag Signature Booklet","Cole Custer","Haas Automation | Stewart-Haas Racing | Ford","Driver",15,1
"Racing",2022,"Panini","National Treasures","Jumbo Hat Laundry Tag Signature Booklet","Dale Earnhardt Jr","Nationwide | Hendrick Motorsports | Chevrolet","Driver",16,1
"Racing",2022,"Panini","National Treasures","Jumbo Hat Laundry Tag Signature Booklet","Daniel Suarez","Tootsie's | Trackhouse Racing | Chevrolet","Driver",17,1
"Racing",2022,"Panini","National Treasures","Jumbo Hat Laundry Tag Signature Booklet","Denny Hamlin","FedEx Express | Joe Gibbs Racing | Toyota","Driver",18,1
"Racing",2022,"Panini","National Treasures","Jumbo Hat Laundry Tag Signature Booklet","Jimmie Johnson","Ally Financial | Hendrick Motorsports | Chevrolet","Driver",24,1
"Racing",2022,"Panini","National Treasures","Jumbo Hat Laundry Tag Signature Booklet","Joey Logano","Shell-Pennzoil | Team Penske | Ford","Driver",25,1
"Racing",2022,"Panini","National Treasures","Jumbo Hat Laundry Tag Signature Booklet","Kevin Harvick","Hunt Brothers Pizza | Stewart-Haas Racing | Ford","Driver",29,1
"Racing",2022,"Panini","National Treasures","Jumbo Hat Laundry Tag Signature Booklet","Kyle Busch","M&M's | Joe Gibbs Racing | Toyota","Driver",30,1
"Racing",2022,"Panini","National Treasures","Jumbo Hat Laundry Tag Signature Booklet","Martin Truex Jr.","Bass Pro Shops | Joe Gibbs Racing | Toyota","Driver",32,1
"Racing",2022,"Panini","National Treasures","Jumbo Hat Signature Booklet Sponsor Patch 1","Austin Dillon","Bass Pro Shops | Richard Childress Racing | Chevrolet","Driver",5,1
"Racing",2022,"Panini","National Treasures","Jumbo Hat Signature Booklet Sponsor Patch 1","Brad Keselowski","Kohler | RFK Racing | Ford","Driver",7,1
"Racing",2022,"Panini","National Treasures","Jumbo Hat Signature Booklet Sponsor Patch 1","Bubba Wallace","Root Insurance | 23XI Racing | Toyota","Driver",10,1
"Racing",2022,"Panini","National Treasures","Jumbo Hat Signature Booklet Sponsor Patch 1","Chase Elliott","NAPA Auto Parts | Hendrick Motorsports | Chevrolet","Driver",11,1
"Racing",2022,"Panini","National Treasures","Jumbo Hat Signature Booklet Sponsor Patch 1","Chris Buescher","Fastenal | RFK Racing | Ford","Driver",12,1
"Racing",2022,"Panini","National Treasures","Jumbo Hat Signature Booklet Sponsor Patch 1","Clint Bowyer","Mobil 1 | Stewart-Haas Racing | Ford","Driver",13,1
"Racing",2022,"Panini","National Treasures","Jumbo Hat Signature Booklet Sponsor Patch 1","Cole Custer","Haas Automation | Stewart-Haas Racing | Ford","Driver",15,1
"Racing",2022,"Panini","National Treasures","Jumbo Hat Signature Booklet Sponsor Patch 1","Dale Earnhardt Jr","Nationwide | Hendrick Motorsports | Chevrolet","Driver",16,1
"Racing",2022,"Panini","National Treasures","Jumbo Hat Signature Booklet Sponsor Patch 1","Denny Hamlin","FedEx Express | Joe Gibbs Racing | Toyota","Driver",18,1
"Racing",2022,"Panini","National Treasures","Jumbo Hat Signature Booklet Sponsor Patch 1","Joey Logano","Shell-Pennzoil | Team Penske | Ford","Driver",25,1
"Racing",2022,"Panini","National Treasures","Jumbo Hat Signature Booklet Sponsor Patch 1","Kevin Harvick","Hunt Brothers Pizza | Stewart-Haas Racing | Ford","Driver",29,1
"Racing",2022,"Panini","National Treasures","Jumbo Hat Signature Booklet Sponsor Patch 1","Kyle Busch","M&M's | Joe Gibbs Racing | Toyota","Driver",30,1
"Racing",2022,"Panini","National Treasures","Jumbo Hat Signature Booklet Sponsor Patch 1","Martin Truex Jr.","Bass Pro Shops | Joe Gibbs Racing | Toyota","Driver",32,1
"Racing",2022,"Panini","National Treasures","Jumbo Hat Signature Booklet Sponsor Patch 1","Ross Chastain","AdventHealth | Trackhouse Racing | Chevrolet","Driver",35,1
"Racing",2022,"Panini","National Treasures","Jumbo Hat Signature Booklet Sponsor Patch 2","Austin Dillon","Bass Pro Shops | Richard Childress Racing | Chevrolet","Driver",5,1
"Racing",2022,"Panini","National Treasures","Jumbo Hat Signature Booklet Sponsor Patch 2","Brad Keselowski","Kohler | RFK Racing | Ford","Driver",7,1
"Racing",2022,"Panini","National Treasures","Jumbo Hat Signature Booklet Sponsor Patch 2","Bubba Wallace","Root Insurance | 23XI Racing | Toyota","Driver",10,1
"Racing",2022,"Panini","National Treasures","Jumbo Hat Signature Booklet Sponsor Patch 2","Chase Elliott","NAPA Auto Parts | Hendrick Motorsports | Chevrolet","Driver",11,1
"Racing",2022,"Panini","National Treasures","Jumbo Hat Signature Booklet Sponsor Patch 2","Chris Buescher","Fastenal | RFK Racing | Ford","Driver",12,1
"Racing",2022,"Panini","National Treasures","Jumbo Hat Signature Booklet Sponsor Patch 2","Clint Bowyer","Mobil 1 | Stewart-Haas Racing | Ford","Driver",13,1
"Racing",2022,"Panini","National Treasures","Jumbo Hat Signature Booklet Sponsor Patch 2","Cole Custer","Haas Automation | Stewart-Haas Racing | Ford","Driver",15,1
"Racing",2022,"Panini","National Treasures","Jumbo Hat Signature Booklet Sponsor Patch 2","Dale Earnhardt Jr","Nationwide | Hendrick Motorsports | Chevrolet","Driver",16,1
"Racing",2022,"Panini","National Treasures","Jumbo Hat Signature Booklet Sponsor Patch 2","Denny Hamlin","FedEx Express | Joe Gibbs Racing | Toyota","Driver",18,1
"Racing",2022,"Panini","National Treasures","Jumbo Hat Signature Booklet Sponsor Patch 2","Joey Logano","Shell-Pennzoil | Team Penske | Ford","Driver",25,1
"Racing",2022,"Panini","National Treasures","Jumbo Hat Signature Booklet Sponsor Patch 2","Kevin Harvick","Hunt Brothers Pizza | Stewart-Haas Racing | Ford","Driver",29,1
"Racing",2022,"Panini","National Treasures","Jumbo Hat Signature Booklet Sponsor Patch 2","Kyle Busch","M&M's | Joe Gibbs Racing | Toyota","Driver",30,1
"Racing",2022,"Panini","National Treasures","Jumbo Hat Signature Booklet Sponsor Patch 2","Martin Truex Jr.","Bass Pro Shops | Joe Gibbs Racing | Toyota","Driver",32,1
"Racing",2022,"Panini","National Treasures","Jumbo Hat Signature Booklet Sponsor Patch 2","Ross Chastain","AdventHealth | Trackhouse Racing | Chevrolet","Driver",35,1
"Racing",2022,"Panini","National Treasures","Jumbo Hat Signature Booklet Sponsor Patch 3","Austin Dillon","Bass Pro Shops | Richard Childress Racing | Chevrolet","Driver",5,1
"Racing",2022,"Panini","National Treasures","Jumbo Hat Signature Booklet Sponsor Patch 3","Bubba Wallace","Root Insurance | 23XI Racing | Toyota","Driver",10,1
"Racing",2022,"Panini","National Treasures","Jumbo Hat Signature Booklet Sponsor Patch 3","Chase Elliott","NAPA Auto Parts | Hendrick Motorsports | Chevrolet","Driver",11,1
"Racing",2022,"Panini","National Treasures","Jumbo Hat Signature Booklet Sponsor Patch 3","Chris Buescher","Fastenal | RFK Racing | Ford","Driver",12,1
"Racing",2022,"Panini","National Treasures","Jumbo Hat Signature Booklet Sponsor Patch 3","Cole Custer","Haas Automation | Stewart-Haas Racing | Ford","Driver",15,1
"Racing",2022,"Panini","National Treasures","Jumbo Hat Signature Booklet Sponsor Patch 3","Dale Earnhardt Jr","Nationwide | Hendrick Motorsports | Chevrolet","Driver",16,1
"Racing",2022,"Panini","National Treasures","Jumbo Hat Signature Booklet Sponsor Patch 3","Denny Hamlin","FedEx Express | Joe Gibbs Racing | Toyota","Driver",18,1
"Racing",2022,"Panini","National Treasures","Jumbo Hat Signature Booklet Sponsor Patch 3","Joey Logano","Shell-Pennzoil | Team Penske | Ford","Driver",25,1
"Racing",2022,"Panini","National Treasures","Jumbo Hat Signature Booklet Sponsor Patch 3","Kevin Harvick","Hunt Brothers Pizza | Stewart-Haas Racing | Ford","Driver",29,1
"Racing",2022,"Panini","National Treasures","Jumbo Hat Signature Booklet Sponsor Patch 3","Kyle Busch","M&M's | Joe Gibbs Racing | Toyota","Driver",30,1
"Racing",2022,"Panini","National Treasures","Jumbo Hat Signature Booklet Sponsor Patch 3","Martin Truex Jr.","Bass Pro Shops | Joe Gibbs Racing | Toyota","Driver",32,1
"Racing",2022,"Panini","National Treasures","Jumbo Hat Signature Booklet Sponsor Patch 4","Bubba Wallace","Root Insurance | 23XI Racing | Toyota","Driver",10,1
"Racing",2022,"Panini","National Treasures","Jumbo Hat Signature Booklet Sponsor Patch 4","Chase Elliott","NAPA Auto Parts | Hendrick Motorsports | Chevrolet","Driver",11,1
"Racing",2022,"Panini","National Treasures","Jumbo Hat Signature Booklet Sponsor Patch 4","Chris Buescher","Fastenal | RFK Racing | Ford","Driver",12,1
"Racing",2022,"Panini","National Treasures","Jumbo Hat Signature Booklet Sponsor Patch 4","Cole Custer","Haas Automation | Stewart-Haas Racing | Ford","Driver",15,1
"Racing",2022,"Panini","National Treasures","Jumbo Hat Signature Booklet Sponsor Patch 4","Denny Hamlin","FedEx Express | Joe Gibbs Racing | Toyota","Driver",18,1
"Racing",2022,"Panini","National Treasures","Jumbo Hat Signature Booklet Sponsor Patch 4","Joey Logano","Shell-Pennzoil | Team Penske | Ford","Driver",25,1
"Racing",2022,"Panini","National Treasures","Jumbo Hat Signature Booklet Sponsor Patch 4","Kevin Harvick","Hunt Brothers Pizza | Stewart-Haas Racing | Ford","Driver",29,1
"Racing",2022,"Panini","National Treasures","Jumbo Hat Signature Booklet Sponsor Patch 4","Kyle Busch","M&M's | Joe Gibbs Racing | Toyota","Driver",30,1
"Racing",2022,"Panini","National Treasures","Jumbo Hat Signature Booklet Sponsor Patch 4","Martin Truex Jr.","Bass Pro Shops | Joe Gibbs Racing | Toyota","Driver",32,1
"Racing",2022,"Panini","National Treasures","Jumbo Hat Signature Booklet Sponsor Patch 5","Bubba Wallace","Root Insurance | 23XI Racing | Toyota","Driver",10,1
"Racing",2022,"Panini","National Treasures","Jumbo Hat Signature Booklet Sponsor Patch 5","Cole Custer","Haas Automation | Stewart-Haas Racing | Ford","Driver",15,1
"Racing",2022,"Panini","National Treasures","Jumbo Hat Signature Booklet Sponsor Patch 5","Denny Hamlin","FedEx Express | Joe Gibbs Racing | Toyota","Driver",18,1
"Racing",2022,"Panini","National Treasures","Jumbo Hat Signature Booklet Sponsor Patch 5","Joey Logano","Shell-Pennzoil | Team Penske | Ford","Driver",25,1
"Racing",2022,"Panini","National Treasures","Jumbo Hat Signature Booklet Sponsor Patch 5","Kevin Harvick","Hunt Brothers Pizza | Stewart-Haas Racing | Ford","Driver",29,1
"Racing",2022,"Panini","National Treasures","Jumbo Hat Signature Booklet Sponsor Patch 5","Kyle Busch","M&M's | Joe Gibbs Racing | Toyota","Driver",30,1
"Racing",2022,"Panini","National Treasures","Jumbo Hat Signature Booklet Sponsor Patch 5","Martin Truex Jr.","Bass Pro Shops | Joe Gibbs Racing | Toyota","Driver",32,1
"Racing",2022,"Panini","National Treasures","Jumbo Hat Snap Back Signature Booklet","Chris Buescher","Fastenal | RFK Racing | Ford","Driver",12,1
"Racing",2022,"Panini","National Treasures","Jumbo Hat Snap Back Signature Booklet","Dale Earnhardt Jr","Nationwide | Hendrick Motorsports | Chevrolet","Driver",16,1
"Racing",2022,"Panini","National Treasures","Jumbo Hat Snap Back Signature Booklet","Daniel Suarez","Tootsie's | Trackhouse Racing | Chevrolet","Driver",17,1
"Racing",2022,"Panini","National Treasures","Jumbo Hat Snap Back Signature Booklet","Joey Logano","Shell-Pennzoil | Team Penske | Ford","Driver",25,1
"Racing",2022,"Panini","National Treasures","Jumbo Hat Snap Back Signature Booklet","Kevin Harvick","Hunt Brothers Pizza | Stewart-Haas Racing | Ford","Driver",29,1
"Racing",2022,"Panini","National Treasures","Jumbo Hat Snap Back Signature Booklet","Kyle Busch","M&M's | Joe Gibbs Racing | Toyota","Driver",30,1
"Racing",2022,"Panini","National Treasures","Jumbo Hat Snap Back Signature Booklet","Martin Truex Jr.","Bass Pro Shops | Joe Gibbs Racing | Toyota","Driver",32,1
"Racing",2022,"Panini","National Treasures","Jumbo Hat Snap Back Signature Booklet","Ross Chastain","AdventHealth | Trackhouse Racing | Chevrolet","Driver",35,1
"Racing",2022,"Panini","National Treasures","Jumbo Sheet Metal Booklet Duals","Alex Bowman/Alex Bowman","Ally Financial | Hendrick Motorsports | Chevrolet/Ally Financial | Hendrick Motorsports | Chevrolet","Driver/Driver",1,25
"Racing",2022,"Panini","National Treasures","Jumbo Sheet Metal Booklet Duals","William Byron/William Byron","AXALTA | Hendrick Motorsports | Chevrolet/AXALTA | Hendrick Motorsports | Chevrolet","Driver/Driver",3,25
"Racing",2022,"Panini","National Treasures","Jumbo Sheet Metal Booklet Duals","Austin Dillon/Austin Dillon","Bass Pro Shops | Richard Childress Racing | Chevrolet/Bass Pro Shops | Richard Childress Racing | Chevrolet","Driver/Driver",5,25
"Racing",2022,"Panini","National Treasures","Jumbo Sheet Metal Booklet Duals","Brandon Brown/Brandon Brown","TradetheChain | Brandonbilt Motorsports | Chevrolet/TradetheChain | Brandonbilt Motorsports | Chevrolet","Driver/Driver",8,25
"Racing",2022,"Panini","National Treasures","Jumbo Sheet Metal Booklet Duals","Bubba Wallace/Bubba Wallace","Root Insurance | 23XI Racing | Toyota/Root Insurance | 23XI Racing | Toyota","Driver/Driver",10,25
"Racing",2022,"Panini","National Treasures","Jumbo Sheet Metal Booklet Duals","Chase Elliott/Chase Elliott","NAPA Auto Parts | Hendrick Motorsports | Chevrolet/NAPA Auto Parts | Hendrick Motorsports | Chevrolet","Driver/Driver",11,25
"Racing",2022,"Panini","National Treasures","Jumbo Sheet Metal Booklet Duals","Chris Buescher/Chris Buescher","Fastenal | RFK Racing | Ford/Fastenal | RFK Racing | Ford","Driver/Driver",12,25
"Racing",2022,"Panini","National Treasures","Jumbo Sheet Metal Booklet Duals","Clint Bowyer/Clint Bowyer","Mobil 1 | Stewart-Haas Racing | Ford/Mobil 1 | Stewart-Haas Racing | Ford","Driver/Driver",13,25
"Racing",2022,"Panini","National Treasures","Jumbo Sheet Metal Booklet Duals","Colby Howard/Colby Howard","Gates Hydrolauics | McAnally-Hilgemann Racing | Chevrolet/Gates Hydrolauics | McAnally-Hilgemann Racing | Chevrolet","Driver/Driver",14,25
"Racing",2022,"Panini","National Treasures","Jumbo Sheet Metal Booklet Duals","Cole Custer/Cole Custer","Haas Automation | Stewart-Haas Racing | Ford/Haas Automation | Stewart-Haas Racing | Ford","Driver/Driver",15,10
"Racing",2022,"Panini","National Treasures","Jumbo Sheet Metal Booklet Duals","Daniel Suarez/Daniel Suarez","Tootsie's | Trackhouse Racing | Chevrolet/Tootsie's | Trackhouse Racing | Chevrolet","Driver/Driver",17,5
"Racing",2022,"Panini","National Treasures","Jumbo Sheet Metal Booklet Duals","Denny Hamlin/Denny Hamlin","FedEx Express | Joe Gibbs Racing | Toyota/FedEx Express | Joe Gibbs Racing | Toyota","Driver/Driver",18,25
"Racing",2022,"Panini","National Treasures","Jumbo Sheet Metal Booklet Duals","Harrison Burton/Harrison Burton","Motorcraft | Wood Brothers Racing | Ford/Motorcraft | Wood Brothers Racing | Ford","Driver/Driver",20,25
"Racing",2022,"Panini","National Treasures","Jumbo Sheet Metal Booklet Duals","Jeb Burton/Jeb Burton","State Water Heaters | JR Motorsports | Chevrolet/State Water Heaters | JR Motorsports | Chevrolet","Driver/Driver",21,25
"Racing",2022,"Panini","National Treasures","Jumbo Sheet Metal Booklet Duals","Jesse Little/Jesse Little","Tufco | B.J. McLeod Motorsports | Chevrolet/Tufco | B.J. McLeod Motorsports | Chevrolet","Driver/Driver",22,25
"Racing",2022,"Panini","National Treasures","Jumbo Sheet Metal Booklet Duals","Jimmie Johnson/Jimmie Johnson","Ally Financial | Hendrick Motorsports | Chevrolet/Ally Financial | Hendrick Motorsports | Chevrolet","Driver/Driver",24,25
"Racing",2022,"Panini","National Treasures","Jumbo Sheet Metal Booklet Duals","Joey Logano/Joey Logano","Shell-Pennzoil | Team Penske | Ford/Shell-Pennzoil | Team Penske | Ford","Driver/Driver",25,1
"Racing",2022,"Panini","National Treasures","Jumbo Sheet Metal Booklet Duals","Kevin Harvick/Kevin Harvick","Hunt Brothers Pizza | Stewart-Haas Racing | Ford/Hunt Brothers Pizza | Stewart-Haas Racing | Ford","Driver/Driver",29,10
"Racing",2022,"Panini","National Treasures","Jumbo Sheet Metal Booklet Duals","Kyle Busch/Kyle Busch","M&M's | Joe Gibbs Racing | Toyota/M&M's | Joe Gibbs Racing | Toyota","Driver/Driver",30,25
"Racing",2022,"Panini","National Treasures","Jumbo Sheet Metal Booklet Duals","Martin Truex Jr./Martin Truex Jr.","Bass Pro Shops | Joe Gibbs Racing | Toyota/Bass Pro Shops | Joe Gibbs Racing | Toyota","Driver/Driver",32,25
"Racing",2022,"Panini","National Treasures","Jumbo Sheet Metal Booklet Duals","Nick Sanchez/Nick Sanchez","ARCA Menards/ARCA Menards","Driver/Driver",33,25
"Racing",2022,"Panini","National Treasures","Jumbo Sheet Metal Booklet Duals","Riley Herbst/Riley Herbst","Monster | Stewart-Haas Racing | Ford/Monster | Stewart-Haas Racing | Ford","Driver/Driver",34,25
"Racing",2022,"Panini","National Treasures","Jumbo Sheet Metal Booklet Duals","Ross Chastain/Ross Chastain","AdventHealth | Trackhouse Racing | Chevrolet/AdventHealth | Trackhouse Racing | Chevrolet","Driver/Driver",35,25
"Racing",2022,"Panini","National Treasures","Jumbo Sheet Metal Booklet Duals","Ryan Blaney/Ryan Blaney","Wrangler | Team Penske | Ford/Wrangler | Team Penske | Ford","Driver/Driver",36,25
"Racing",2022,"Panini","National Treasures","Jumbo Sheet Metal Signature Booklet","Alex Bowman","Ally Financial | Hendrick Motorsports | Chevrolet","Driver",1,25
"Racing",2022,"Panini","National Treasures","Jumbo Sheet Metal Signature Booklet","William Byron","AXALTA | Hendrick Motorsports | Chevrolet","Driver",3,25
"Racing",2022,"Panini","National Treasures","Jumbo Sheet Metal Signature Booklet","Aric Almirola","Smithfield Foods | Stewart-Haas Racing | Ford","Driver",4,25
"Racing",2022,"Panini","National Treasures","Jumbo Sheet Metal Signature Booklet","Austin Dillon","Bass Pro Shops | Richard Childress Racing | Chevrolet","Driver",5,25
"Racing",2022,"Panini","National Treasures","Jumbo Sheet Metal Signature Booklet","Brad Keselowski","Kohler | RFK Racing | Ford","Driver",7,22
"Racing",2022,"Panini","National Treasures","Jumbo Sheet Metal Signature Booklet","Brandon Brown","TradetheChain | Brandonbilt Motorsports | Chevrolet","Driver",8,25
"Racing",2022,"Panini","National Treasures","Jumbo Sheet Metal Signature Booklet","Bubba Wallace","Root Insurance | 23XI Racing | Toyota","Driver",10,25
"Racing",2022,"Panini","National Treasures","Jumbo Sheet Metal Signature Booklet","Chase Elliott","NAPA Auto Parts | Hendrick Motorsports | Chevrolet","Driver",11,25
"Racing",2022,"Panini","National Treasures","Jumbo Sheet Metal Signature Booklet","Chris Buescher","Fastenal | RFK Racing | Ford","Driver",12,25
"Racing",2022,"Panini","National Treasures","Jumbo Sheet Metal Signature Booklet","Clint Bowyer","Mobil 1 | Stewart-Haas Racing | Ford","Driver",13,5
"Racing",2022,"Panini","National Treasures","Jumbo Sheet Metal Signature Booklet","Colby Howard","Gates Hydrolauics | McAnally-Hilgemann Racing | Chevrolet","Driver",14,25
"Racing",2022,"Panini","National Treasures","Jumbo Sheet Metal Signature Booklet","Cole Custer","Haas Automation | Stewart-Haas Racing | Ford","Driver",15,25
"Racing",2022,"Panini","National Treasures","Jumbo Sheet Metal Signature Booklet","Dale Earnhardt Jr","Nationwide | Hendrick Motorsports | Chevrolet","Driver",16,3
"Racing",2022,"Panini","National Treasures","Jumbo Sheet Metal Signature Booklet","Daniel Suarez","Tootsie's | Trackhouse Racing | Chevrolet","Driver",17,25
"Racing",2022,"Panini","National Treasures","Jumbo Sheet Metal Signature Booklet","Denny Hamlin","FedEx Express | Joe Gibbs Racing | Toyota","Driver",18,25
"Racing",2022,"Panini","National Treasures","Jumbo Sheet Metal Signature Booklet","Harrison Burton","Motorcraft | Wood Brothers Racing | Ford","Driver",20,25
"Racing",2022,"Panini","National Treasures","Jumbo Sheet Metal Signature Booklet","Jeb Burton","State Water Heaters | JR Motorsports | Chevrolet","Driver",21,25
"Racing",2022,"Panini","National Treasures","Jumbo Sheet Metal Signature Booklet","Jesse Little","Tufco | B.J. McLeod Motorsports | Chevrolet","Driver",22,25
"Racing",2022,"Panini","National Treasures","Jumbo Sheet Metal Signature Booklet","Jimmie Johnson","Ally Financial | Hendrick Motorsports | Chevrolet","Driver",24,25
"Racing",2022,"Panini","National Treasures","Jumbo Sheet Metal Signature Booklet","Joey Logano","Shell-Pennzoil | Team Penske | Ford","Driver",25,25
"Racing",2022,"Panini","National Treasures","Jumbo Sheet Metal Signature Booklet","Josh Bilicki","Ziegler | DGM | Chevrolet","Driver",27,22
"Racing",2022,"Panini","National Treasures","Jumbo Sheet Metal Signature Booklet","Kevin Harvick","Hunt Brothers Pizza | Stewart-Haas Racing | Ford","Driver",29,25
"Racing",2022,"Panini","National Treasures","Jumbo Sheet Metal Signature Booklet","Kyle Busch","M&M's | Joe Gibbs Racing | Toyota","Driver",30,25
"Racing",2022,"Panini","National Treasures","Jumbo Sheet Metal Signature Booklet","Martin Truex Jr.","Bass Pro Shops | Joe Gibbs Racing | Toyota","Driver",32,25
"Racing",2022,"Panini","National Treasures","Jumbo Sheet Metal Signature Booklet","Nick Sanchez","ARCA Menards","Driver",33,25
"Racing",2022,"Panini","National Treasures","Jumbo Sheet Metal Signature Booklet","Riley Herbst","Monster | Stewart-Haas Racing | Ford","Driver",34,25
"Racing",2022,"Panini","National Treasures","Jumbo Sheet Metal Signature Booklet","Ross Chastain","AdventHealth | Trackhouse Racing | Chevrolet","Driver",35,25
"Racing",2022,"Panini","National Treasures","Jumbo Sheet Metal Signature Booklet","Ryan Blaney","Wrangler | Team Penske | Ford","Driver",36,25
"Racing",2022,"Panini","National Treasures","Jumbo Shoe Heel Patch Signature Booklet","Alex Bowman","Ally Financial | Hendrick Motorsports | Chevrolet","Driver",1,2
"Racing",2022,"Panini","National Treasures","Jumbo Shoe Heel Patch Signature Booklet","William Byron","AXALTA | Hendrick Motorsports | Chevrolet","Driver",3,2
"Racing",2022,"Panini","National Treasures","Jumbo Shoe Heel Patch Signature Booklet","Aric Almirola","Smithfield Foods | Stewart-Haas Racing | Ford","Driver",4,2
"Racing",2022,"Panini","National Treasures","Jumbo Shoe Heel Patch Signature Booklet","Austin Dillon","Bass Pro Shops | Richard Childress Racing | Chevrolet","Driver",5,2
"Racing",2022,"Panini","National Treasures","Jumbo Shoe Heel Patch Signature Booklet","Brad Keselowski","Kohler | RFK Racing | Ford","Driver",7,2
"Racing",2022,"Panini","National Treasures","Jumbo Shoe Heel Patch Signature Booklet","Bubba Wallace","Root Insurance | 23XI Racing | Toyota","Driver",10,2
"Racing",2022,"Panini","National Treasures","Jumbo Shoe Heel Patch Signature Booklet","Chase Elliott","NAPA Auto Parts | Hendrick Motorsports | Chevrolet","Driver",11,2
"Racing",2022,"Panini","National Treasures","Jumbo Shoe Heel Patch Signature Booklet","Chris Buescher","Fastenal | RFK Racing | Ford","Driver",12,2
"Racing",2022,"Panini","National Treasures","Jumbo Shoe Heel Patch Signature Booklet","Clint Bowyer","Mobil 1 | Stewart-Haas Racing | Ford","Driver",13,2
"Racing",2022,"Panini","National Treasures","Jumbo Shoe Heel Patch Signature Booklet","Cole Custer","Haas Automation | Stewart-Haas Racing | Ford","Driver",15,2
"Racing",2022,"Panini","National Treasures","Jumbo Shoe Heel Patch Signature Booklet","Dale Earnhardt Jr","Nationwide | Hendrick Motorsports | Chevrolet","Driver",16,2
"Racing",2022,"Panini","National Treasures","Jumbo Shoe Heel Patch Signature Booklet","Daniel Suarez","Tootsie's | Trackhouse Racing | Chevrolet","Driver",17,2
"Racing",2022,"Panini","National Treasures","Jumbo Shoe Heel Patch Signature Booklet","Denny Hamlin","FedEx Express | Joe Gibbs Racing | Toyota","Driver",18,2
"Racing",2022,"Panini","National Treasures","Jumbo Shoe Heel Patch Signature Booklet","Jeb Burton","State Water Heaters | JR Motorsports | Chevrolet","Driver",21,2
"Racing",2022,"Panini","National Treasures","Jumbo Shoe Heel Patch Signature Booklet","Jimmie Johnson","Ally Financial | Hendrick Motorsports | Chevrolet","Driver",24,2
"Racing",2022,"Panini","National Treasures","Jumbo Shoe Heel Patch Signature Booklet","Kyle Busch","M&M's | Joe Gibbs Racing | Toyota","Driver",30,2
"Racing",2022,"Panini","National Treasures","Jumbo Shoe Heel Patch Signature Booklet","Martin Truex Jr.","Bass Pro Shops | Joe Gibbs Racing | Toyota","Driver",32,2
"Racing",2022,"Panini","National Treasures","Jumbo Shoe Heel Patch Signature Booklet","Riley Herbst","Monster | Stewart-Haas Racing | Ford","Driver",34,2
"Racing",2022,"Panini","National Treasures","Jumbo Shoe Heel Patch Signature Booklet","Ross Chastain","AdventHealth | Trackhouse Racing | Chevrolet","Driver",35,1
"Racing",2022,"Panini","National Treasures","Jumbo Shoe Patch Signature Booklet Brand Logo","Alex Bowman","Ally Financial | Hendrick Motorsports | Chevrolet","Driver",1,1
"Racing",2022,"Panini","National Treasures","Jumbo Shoe Patch Signature Booklet Brand Logo","Alex Labbe","Prolon | DGM Racing | Chevrolet","Driver",2,1
"Racing",2022,"Panini","National Treasures","Jumbo Shoe Patch Signature Booklet Brand Logo","William Byron","AXALTA | Hendrick Motorsports | Chevrolet","Driver",3,1
"Racing",2022,"Panini","National Treasures","Jumbo Shoe Patch Signature Booklet Brand Logo","Aric Almirola","Smithfield Foods | Stewart-Haas Racing | Ford","Driver",4,1
"Racing",2022,"Panini","National Treasures","Jumbo Shoe Patch Signature Booklet Brand Logo","Austin Dillon","Bass Pro Shops | Richard Childress Racing | Chevrolet","Driver",5,1
"Racing",2022,"Panini","National Treasures","Jumbo Shoe Patch Signature Booklet Brand Logo","B.J. McLeod","Motorsport Games | B.J. McLeod Motorsports | Chevrolet","Driver",6,1
"Racing",2022,"Panini","National Treasures","Jumbo Shoe Patch Signature Booklet Brand Logo","Brad Keselowski","Kohler | RFK Racing | Ford","Driver",7,1
"Racing",2022,"Panini","National Treasures","Jumbo Shoe Patch Signature Booklet Brand Logo","Brett Moffitt","Hometown Lenders | Our Motorsports | Chevrolet","Driver",9,1
"Racing",2022,"Panini","National Treasures","Jumbo Shoe Patch Signature Booklet Brand Logo","Bubba Wallace","Root Insurance | 23XI Racing | Toyota","Driver",10,1
"Racing",2022,"Panini","National Treasures","Jumbo Shoe Patch Signature Booklet Brand Logo","Chase Elliott","NAPA Auto Parts | Hendrick Motorsports | Chevrolet","Driver",11,1
"Racing",2022,"Panini","National Treasures","Jumbo Shoe Patch Signature Booklet Brand Logo","Chris Buescher","Fastenal | RFK Racing | Ford","Driver",12,1
"Racing",2022,"Panini","National Treasures","Jumbo Shoe Patch Signature Booklet Brand Logo","Colby Howard","Gates Hydrolauics | McAnally-Hilgemann Racing | Chevrolet","Driver",14,1
"Racing",2022,"Panini","National Treasures","Jumbo Shoe Patch Signature Booklet Brand Logo","Cole Custer","Haas Automation | Stewart-Haas Racing | Ford","Driver",15,1
"Racing",2022,"Panini","National Treasures","Jumbo Shoe Patch Signature Booklet Brand Logo","Dale Earnhardt Jr","Nationwide | Hendrick Motorsports | Chevrolet","Driver",16,1
"Racing",2022,"Panini","National Treasures","Jumbo Shoe Patch Signature Booklet Brand Logo","Daniel Suarez","Tootsie's | Trackhouse Racing | Chevrolet","Driver",17,1
"Racing",2022,"Panini","National Treasures","Jumbo Shoe Patch Signature Booklet Brand Logo","Denny Hamlin","FedEx Express | Joe Gibbs Racing | Toyota","Driver",18,1
"Racing",2022,"Panini","National Treasures","Jumbo Shoe Patch Signature Booklet Brand Logo","Drew Dollar","JBL | Kyle Busch Motorsports | Toyota","Driver",19,1
"Racing",2022,"Panini","National Treasures","Jumbo Shoe Patch Signature Booklet Brand Logo","Harrison Burton","Motorcraft | Wood Brothers Racing | Ford","Driver",20,1
"Racing",2022,"Panini","National Treasures","Jumbo Shoe Patch Signature Booklet Brand Logo","Jeb Burton","State Water Heaters | JR Motorsports | Chevrolet","Driver",21,1
"Racing",2022,"Panini","National Treasures","Jumbo Shoe Patch Signature Booklet Brand Logo","Jesse Little","Tufco | B.J. McLeod Motorsports | Chevrolet","Driver",22,1
"Racing",2022,"Panini","National Treasures","Jumbo Shoe Patch Signature Booklet Brand Logo","Jimmie Johnson","Ally Financial | Hendrick Motorsports | Chevrolet","Driver",24,1
"Racing",2022,"Panini","National Treasures","Jumbo Shoe Patch Signature Booklet Brand Logo","Josh Bilicki","Ziegler | DGM | Chevrolet","Driver",27,1
"Racing",2022,"Panini","National Treasures","Jumbo Shoe Patch Signature Booklet Brand Logo","Kevin Harvick","Hunt Brothers Pizza | Stewart-Haas Racing | Ford","Driver",29,1
"Racing",2022,"Panini","National Treasures","Jumbo Shoe Patch Signature Booklet Brand Logo","Kyle Busch","M&M's | Joe Gibbs Racing | Toyota","Driver",30,1
"Racing",2022,"Panini","National Treasures","Jumbo Shoe Patch Signature Booklet Brand Logo","Kyle Larson","Hendrickcars.com | Hendrick Motorsports | Chevrolet","Driver",31,1
"Racing",2022,"Panini","National Treasures","Jumbo Shoe Patch Signature Booklet Brand Logo","Martin Truex Jr.","Bass Pro Shops | Joe Gibbs Racing | Toyota","Driver",32,1
"Racing",2022,"Panini","National Treasures","Jumbo Shoe Patch Signature Booklet Brand Logo","Nick Sanchez","ARCA Menards","Driver",33,1
"Racing",2022,"Panini","National Treasures","Jumbo Shoe Patch Signature Booklet Brand Logo","Riley Herbst","Monster | Stewart-Haas Racing | Ford","Driver",34,1
"Racing",2022,"Panini","National Treasures","Jumbo Shoe Patch Signature Booklet Laundry Tag","B.J. McLeod","Motorsport Games | B.J. McLeod Motorsports | Chevrolet","Driver",6,1
"Racing",2022,"Panini","National Treasures","Jumbo Shoe Patch Signature Booklet Laundry Tag","Brad Keselowski","Kohler | RFK Racing | Ford","Driver",7,1
"Racing",2022,"Panini","National Treasures","Jumbo Shoe Patch Signature Booklet Laundry Tag","Bubba Wallace","Root Insurance | 23XI Racing | Toyota","Driver",10,1
"Racing",2022,"Panini","National Treasures","Jumbo Shoe Patch Signature Booklet Laundry Tag","Daniel Suarez","Tootsie's | Trackhouse Racing | Chevrolet","Driver",17,1
"Racing",2022,"Panini","National Treasures","Jumbo Shoe Patch Signature Booklet Laundry Tag","Denny Hamlin","FedEx Express | Joe Gibbs Racing | Toyota","Driver",18,1
"Racing",2022,"Panini","National Treasures","Jumbo Shoe Patch Signature Booklet Laundry Tag","Jeb Burton","State Water Heaters | JR Motorsports | Chevrolet","Driver",21,1
"Racing",2022,"Panini","National Treasures","Jumbo Shoe Patch Signature Booklet Laundry Tag","Kyle Busch","M&M's | Joe Gibbs Racing | Toyota","Driver",30,1
"Racing",2022,"Panini","National Treasures","Jumbo Shoe Patch Signature Booklet Laundry Tag","Martin Truex Jr.","Bass Pro Shops | Joe Gibbs Racing | Toyota","Driver",32,1
"Racing",2022,"Panini","National Treasures","Jumbo Shoe Patch Signature Booklet Laundry Tag","Riley Herbst","Monster | Stewart-Haas Racing | Ford","Driver",34,1
"Racing",2022,"Panini","National Treasures","Jumbo Shoe Sole Signature Booklet","Alex Bowman","Ally Financial | Hendrick Motorsports | Chevrolet","Driver",1,10
"Racing",2022,"Panini","National Treasures","Jumbo Shoe Sole Signature Booklet","William Byron","AXALTA | Hendrick Motorsports | Chevrolet","Driver",3,10
"Racing",2022,"Panini","National Treasures","Jumbo Shoe Sole Signature Booklet","Aric Almirola","Smithfield Foods | Stewart-Haas Racing | Ford","Driver",4,10
"Racing",2022,"Panini","National Treasures","Jumbo Shoe Sole Signature Booklet","Austin Dillon","Bass Pro Shops | Richard Childress Racing | Chevrolet","Driver",5,10
"Racing",2022,"Panini","National Treasures","Jumbo Shoe Sole Signature Booklet","Brad Keselowski","Kohler | RFK Racing | Ford","Driver",7,10
"Racing",2022,"Panini","National Treasures","Jumbo Shoe Sole Signature Booklet","Brett Moffitt","Hometown Lenders | Our Motorsports | Chevrolet","Driver",9,10
"Racing",2022,"Panini","National Treasures","Jumbo Shoe Sole Signature Booklet","Bubba Wallace","Root Insurance | 23XI Racing | Toyota","Driver",10,10
"Racing",2022,"Panini","National Treasures","Jumbo Shoe Sole Signature Booklet","Chase Elliott","NAPA Auto Parts | Hendrick Motorsports | Chevrolet","Driver",11,10
"Racing",2022,"Panini","National Treasures","Jumbo Shoe Sole Signature Booklet","Chris Buescher","Fastenal | RFK Racing | Ford","Driver",12,10
"Racing",2022,"Panini","National Treasures","Jumbo Shoe Sole Signature Booklet","Clint Bowyer","Mobil 1 | Stewart-Haas Racing | Ford","Driver",13,6
"Racing",2022,"Panini","National Treasures","Jumbo Shoe Sole Signature Booklet","Cole Custer","Haas Automation | Stewart-Haas Racing | Ford","Driver",15,10
"Racing",2022,"Panini","National Treasures","Jumbo Shoe Sole Signature Booklet","Dale Earnhardt Jr","Nationwide | Hendrick Motorsports | Chevrolet","Driver",16,10
"Racing",2022,"Panini","National Treasures","Jumbo Shoe Sole Signature Booklet","Daniel Suarez","Tootsie's | Trackhouse Racing | Chevrolet","Driver",17,10
"Racing",2022,"Panini","National Treasures","Jumbo Shoe Sole Signature Booklet","Denny Hamlin","FedEx Express | Joe Gibbs Racing | Toyota","Driver",18,10
"Racing",2022,"Panini","National Treasures","Jumbo Shoe Sole Signature Booklet","Drew Dollar","JBL | Kyle Busch Motorsports | Toyota","Driver",19,10
"Racing",2022,"Panini","National Treasures","Jumbo Shoe Sole Signature Booklet","Harrison Burton","Motorcraft | Wood Brothers Racing | Ford","Driver",20,10
"Racing",2022,"Panini","National Treasures","Jumbo Shoe Sole Signature Booklet","Jeb Burton","State Water Heaters | JR Motorsports | Chevrolet","Driver",21,10
"Racing",2022,"Panini","National Treasures","Jumbo Shoe Sole Signature Booklet","Jimmie Johnson","Ally Financial | Hendrick Motorsports | Chevrolet","Driver",24,10
"Racing",2022,"Panini","National Treasures","Jumbo Shoe Sole Signature Booklet","Joey Logano","Shell-Pennzoil | Team Penske | Ford","Driver",25,10
"Racing",2022,"Panini","National Treasures","Jumbo Shoe Sole Signature Booklet","Josh Bilicki","Ziegler | DGM | Chevrolet","Driver",27,10
"Racing",2022,"Panini","National Treasures","Jumbo Shoe Sole Signature Booklet","Kevin Harvick","Hunt Brothers Pizza | Stewart-Haas Racing | Ford","Driver",29,10
"Racing",2022,"Panini","National Treasures","Jumbo Shoe Sole Signature Booklet","Kyle Busch","M&M's | Joe Gibbs Racing | Toyota","Driver",30,10
"Racing",2022,"Panini","National Treasures","Jumbo Shoe Sole Signature Booklet","Kyle Larson","Hendrickcars.com | Hendrick Motorsports | Chevrolet","Driver",31,3
"Racing",2022,"Panini","National Treasures","Jumbo Shoe Sole Signature Booklet","Martin Truex Jr.","Bass Pro Shops | Joe Gibbs Racing | Toyota","Driver",32,10
"Racing",2022,"Panini","National Treasures","Jumbo Shoe Sole Signature Booklet","Riley Herbst","Monster | Stewart-Haas Racing | Ford","Driver",34,10
"Racing",2022,"Panini","National Treasures","Jumbo Shoe Sole Signature Booklet","Ross Chastain","AdventHealth | Trackhouse Racing | Chevrolet","Driver",35,10
"Racing",2022,"Panini","National Treasures","Jumbo Shoe Sole Signature Booklet","Ryan Blaney","Wrangler | Team Penske | Ford","Driver",36,10
"Racing",2022,"Panini","National Treasures","Jumbo Shoe Strap Signature Booklet","Alex Bowman","Ally Financial | Hendrick Motorsports | Chevrolet","Driver",1,2
"Racing",2022,"Panini","National Treasures","Jumbo Shoe Strap Signature Booklet","Alex Labbe","Prolon | DGM Racing | Chevrolet","Driver",2,2
"Racing",2022,"Panini","National Treasures","Jumbo Shoe Strap Signature Booklet","William Byron","AXALTA | Hendrick Motorsports | Chevrolet","Driver",3,2
"Racing",2022,"Panini","National Treasures","Jumbo Shoe Strap Signature Booklet","Aric Almirola","Smithfield Foods | Stewart-Haas Racing | Ford","Driver",4,2
"Racing",2022,"Panini","National Treasures","Jumbo Shoe Strap Signature Booklet","Austin Dillon","Bass Pro Shops | Richard Childress Racing | Chevrolet","Driver",5,2
"Racing",2022,"Panini","National Treasures","Jumbo Shoe Strap Signature Booklet","Brad Keselowski","Kohler | RFK Racing | Ford","Driver",7,2
"Racing",2022,"Panini","National Treasures","Jumbo Shoe Strap Signature Booklet","Bubba Wallace","Root Insurance | 23XI Racing | Toyota","Driver",10,2
"Racing",2022,"Panini","National Treasures","Jumbo Shoe Strap Signature Booklet","Chase Elliott","NAPA Auto Parts | Hendrick Motorsports | Chevrolet","Driver",11,2
"Racing",2022,"Panini","National Treasures","Jumbo Shoe Strap Signature Booklet","Chris Buescher","Fastenal | RFK Racing | Ford","Driver",12,2
"Racing",2022,"Panini","National Treasures","Jumbo Shoe Strap Signature Booklet","Clint Bowyer","Mobil 1 | Stewart-Haas Racing | Ford","Driver",13,2
"Racing",2022,"Panini","National Treasures","Jumbo Shoe Strap Signature Booklet","Colby Howard","Gates Hydrolauics | McAnally-Hilgemann Racing | Chevrolet","Driver",14,2
"Racing",2022,"Panini","National Treasures","Jumbo Shoe Strap Signature Booklet","Cole Custer","Haas Automation | Stewart-Haas Racing | Ford","Driver",15,2
"Racing",2022,"Panini","National Treasures","Jumbo Shoe Strap Signature Booklet","Dale Earnhardt Jr","Nationwide | Hendrick Motorsports | Chevrolet","Driver",16,2
"Racing",2022,"Panini","National Treasures","Jumbo Shoe Strap Signature Booklet","Daniel Suarez","Tootsie's | Trackhouse Racing | Chevrolet","Driver",17,2
"Racing",2022,"Panini","National Treasures","Jumbo Shoe Strap Signature Booklet","Drew Dollar","JBL | Kyle Busch Motorsports | Toyota","Driver",19,2
"Racing",2022,"Panini","National Treasures","Jumbo Shoe Strap Signature Booklet","Harrison Burton","Motorcraft | Wood Brothers Racing | Ford","Driver",20,2
"Racing",2022,"Panini","National Treasures","Jumbo Shoe Strap Signature Booklet","Jeb Burton","State Water Heaters | JR Motorsports | Chevrolet","Driver",21,2
"Racing",2022,"Panini","National Treasures","Jumbo Shoe Strap Signature Booklet","Jesse Little","Tufco | B.J. McLeod Motorsports | Chevrolet","Driver",22,2
"Racing",2022,"Panini","National Treasures","Jumbo Shoe Strap Signature Booklet","Jesse Love","Mobil 1 | Toyota","Driver",23,2
"Racing",2022,"Panini","National Treasures","Jumbo Shoe Strap Signature Booklet","Jimmie Johnson","Ally Financial | Hendrick Motorsports | Chevrolet","Driver",24,2
"Racing",2022,"Panini","National Treasures","Jumbo Shoe Strap Signature Booklet","Joey Logano","Shell-Pennzoil | Team Penske | Ford","Driver",25,2
"Racing",2022,"Panini","National Treasures","Jumbo Shoe Strap Signature Booklet","Josh Bilicki","Ziegler | DGM | Chevrolet","Driver",27,2
"Racing",2022,"Panini","National Treasures","Jumbo Shoe Strap Signature Booklet","Kevin Harvick","Hunt Brothers Pizza | Stewart-Haas Racing | Ford","Driver",29,2
"Racing",2022,"Panini","National Treasures","Jumbo Shoe Strap Signature Booklet","Kyle Busch","M&M's | Joe Gibbs Racing | Toyota","Driver",30,2
"Racing",2022,"Panini","National Treasures","Jumbo Shoe Strap Signature Booklet","Kyle Larson","Hendrickcars.com | Hendrick Motorsports | Chevrolet","Driver",31,2
"Racing",2022,"Panini","National Treasures","Jumbo Shoe Strap Signature Booklet","Martin Truex Jr.","Bass Pro Shops | Joe Gibbs Racing | Toyota","Driver",32,2
"Racing",2022,"Panini","National Treasures","Jumbo Shoe Strap Signature Booklet","Nick Sanchez","ARCA Menards","Driver",33,2
"Racing",2022,"Panini","National Treasures","Jumbo Shoe Strap Signature Booklet","Riley Herbst","Monster | Stewart-Haas Racing | Ford","Driver",34,2
"Racing",2022,"Panini","National Treasures","Jumbo Shoe Strap Signature Booklet","Ross Chastain","AdventHealth | Trackhouse Racing | Chevrolet","Driver",35,2
"Racing",2022,"Panini","National Treasures","Jumbo Shoe Strap Signature Booklet","Ryan Blaney","Wrangler | Team Penske | Ford","Driver",36,2
"Racing",2022,"Panini","National Treasures","Jumbo Shoe Tongue Patch Signature Booklet","Alex Bowman","Ally Financial | Hendrick Motorsports | Chevrolet","Driver",1,2
"Racing",2022,"Panini","National Treasures","Jumbo Shoe Tongue Patch Signature Booklet","William Byron","AXALTA | Hendrick Motorsports | Chevrolet","Driver",3,2
"Racing",2022,"Panini","National Treasures","Jumbo Shoe Tongue Patch Signature Booklet","Aric Almirola","Smithfield Foods | Stewart-Haas Racing | Ford","Driver",4,2
"Racing",2022,"Panini","National Treasures","Jumbo Shoe Tongue Patch Signature Booklet","Austin Dillon","Bass Pro Shops | Richard Childress Racing | Chevrolet","Driver",5,2
"Racing",2022,"Panini","National Treasures","Jumbo Shoe Tongue Patch Signature Booklet","B.J. McLeod","Motorsport Games | B.J. McLeod Motorsports | Chevrolet","Driver",6,2
"Racing",2022,"Panini","National Treasures","Jumbo Shoe Tongue Patch Signature Booklet","Brad Keselowski","Kohler | RFK Racing | Ford","Driver",7,2
"Racing",2022,"Panini","National Treasures","Jumbo Shoe Tongue Patch Signature Booklet","Brett Moffitt","Hometown Lenders | Our Motorsports | Chevrolet","Driver",9,2
"Racing",2022,"Panini","National Treasures","Jumbo Shoe Tongue Patch Signature Booklet","Bubba Wallace","Root Insurance | 23XI Racing | Toyota","Driver",10,2
"Racing",2022,"Panini","National Treasures","Jumbo Shoe Tongue Patch Signature Booklet","Chase Elliott","NAPA Auto Parts | Hendrick Motorsports | Chevrolet","Driver",11,2
"Racing",2022,"Panini","National Treasures","Jumbo Shoe Tongue Patch Signature Booklet","Chris Buescher","Fastenal | RFK Racing | Ford","Driver",12,2
"Racing",2022,"Panini","National Treasures","Jumbo Shoe Tongue Patch Signature Booklet","Clint Bowyer","Mobil 1 | Stewart-Haas Racing | Ford","Driver",13,1
"Racing",2022,"Panini","National Treasures","Jumbo Shoe Tongue Patch Signature Booklet","Colby Howard","Gates Hydrolauics | McAnally-Hilgemann Racing | Chevrolet","Driver",14,2
"Racing",2022,"Panini","National Treasures","Jumbo Shoe Tongue Patch Signature Booklet","Cole Custer","Haas Automation | Stewart-Haas Racing | Ford","Driver",15,2
"Racing",2022,"Panini","National Treasures","Jumbo Shoe Tongue Patch Signature Booklet","Dale Earnhardt Jr","Nationwide | Hendrick Motorsports | Chevrolet","Driver",16,2
"Racing",2022,"Panini","National Treasures","Jumbo Shoe Tongue Patch Signature Booklet","Daniel Suarez","Tootsie's | Trackhouse Racing | Chevrolet","Driver",17,2
"Racing",2022,"Panini","National Treasures","Jumbo Shoe Tongue Patch Signature Booklet","Denny Hamlin","FedEx Express | Joe Gibbs Racing | Toyota","Driver",18,2
"Racing",2022,"Panini","National Treasures","Jumbo Shoe Tongue Patch Signature Booklet","Drew Dollar","JBL | Kyle Busch Motorsports | Toyota","Driver",19,2
"Racing",2022,"Panini","National Treasures","Jumbo Shoe Tongue Patch Signature Booklet","Harrison Burton","Motorcraft | Wood Brothers Racing | Ford","Driver",20,2
"Racing",2022,"Panini","National Treasures","Jumbo Shoe Tongue Patch Signature Booklet","Jeb Burton","State Water Heaters | JR Motorsports | Chevrolet","Driver",21,2
"Racing",2022,"Panini","National Treasures","Jumbo Shoe Tongue Patch Signature Booklet","Jesse Little","Tufco | B.J. McLeod Motorsports | Chevrolet","Driver",22,2
"Racing",2022,"Panini","National Treasures","Jumbo Shoe Tongue Patch Signature Booklet","Jesse Love","Mobil 1 | Toyota","Driver",23,2
"Racing",2022,"Panini","National Treasures","Jumbo Shoe Tongue Patch Signature Booklet","Jimmie Johnson","Ally Financial | Hendrick Motorsports | Chevrolet","Driver",24,2
"Racing",2022,"Panini","National Treasures","Jumbo Shoe Tongue Patch Signature Booklet","Joey Logano","Shell-Pennzoil | Team Penske | Ford","Driver",25,2
"Racing",2022,"Panini","National Treasures","Jumbo Shoe Tongue Patch Signature Booklet","Josh Bilicki","Ziegler | DGM | Chevrolet","Driver",27,2
"Racing",2022,"Panini","National Treasures","Jumbo Shoe Tongue Patch Signature Booklet","Kevin Harvick","Hunt Brothers Pizza | Stewart-Haas Racing | Ford","Driver",29,2
"Racing",2022,"Panini","National Treasures","Jumbo Shoe Tongue Patch Signature Booklet","Kyle Busch","M&M's | Joe Gibbs Racing | Toyota","Driver",30,2
"Racing",2022,"Panini","National Treasures","Jumbo Shoe Tongue Patch Signature Booklet","Martin Truex Jr.","Bass Pro Shops | Joe Gibbs Racing | Toyota","Driver",32,2
"Racing",2022,"Panini","National Treasures","Jumbo Shoe Tongue Patch Signature Booklet","Nick Sanchez","ARCA Menards","Driver",33,2
"Racing",2022,"Panini","National Treasures","Jumbo Shoe Tongue Patch Signature Booklet","Riley Herbst","Monster | Stewart-Haas Racing | Ford","Driver",34,2
"Racing",2022,"Panini","National Treasures","Jumbo Shoe Tongue Patch Signature Booklet","Ross Chastain","AdventHealth | Trackhouse Racing | Chevrolet","Driver",35,2
"Racing",2022,"Panini","National Treasures","Jumbo Signature Firesuit Alpine Stars Laundry Tags","Alex Bowman","Ally Financial | Hendrick Motorsports | Chevrolet","Driver",1,1
"Racing",2022,"Panini","National Treasures","Jumbo Signature Firesuit Alpine Stars Laundry Tags","William Byron","AXALTA | Hendrick Motorsports | Chevrolet","Driver",3,1
"Racing",2022,"Panini","National Treasures","Jumbo Signature Firesuit Alpine Stars Laundry Tags","Aric Almirola","Smithfield Foods | Stewart-Haas Racing | Ford","Driver",4,1
"Racing",2022,"Panini","National Treasures","Jumbo Signature Firesuit Alpine Stars Laundry Tags","Bubba Wallace","Root Insurance | 23XI Racing | Toyota","Driver",10,1
"Racing",2022,"Panini","National Treasures","Jumbo Signature Firesuit Alpine Stars Laundry Tags","Chase Elliott","NAPA Auto Parts | Hendrick Motorsports | Chevrolet","Driver",11,1
"Racing",2022,"Panini","National Treasures","Jumbo Signature Firesuit Alpine Stars Laundry Tags","Dale Earnhardt Jr","Nationwide | Hendrick Motorsports | Chevrolet","Driver",16,1
"Racing",2022,"Panini","National Treasures","Jumbo Signature Firesuit Alpine Stars Laundry Tags","Daniel Suarez","Tootsie's | Trackhouse Racing | Chevrolet","Driver",17,1
"Racing",2022,"Panini","National Treasures","Jumbo Signature Firesuit Alpine Stars Laundry Tags","Jimmie Johnson","Ally Financial | Hendrick Motorsports | Chevrolet","Driver",24,1
"Racing",2022,"Panini","National Treasures","Jumbo Signature Firesuit Alpine Stars Laundry Tags","Kyle Busch","M&M's | Joe Gibbs Racing | Toyota","Driver",30,1
"Racing",2022,"Panini","National Treasures","Jumbo Signature Firesuit Laundry Tag MTO","Alex Bowman","Ally Financial | Hendrick Motorsports | Chevrolet","Driver",1,1
"Racing",2022,"Panini","National Treasures","Jumbo Signature Firesuit Laundry Tag MTO","Alex Labbe","Prolon | DGM Racing | Chevrolet","Driver",2,1
"Racing",2022,"Panini","National Treasures","Jumbo Signature Firesuit Laundry Tag MTO","B.J. McLeod","Motorsport Games | B.J. McLeod Motorsports | Chevrolet","Driver",6,1
"Racing",2022,"Panini","National Treasures","Jumbo Signature Firesuit Laundry Tag MTO","Brandon Brown","TradetheChain | Brandonbilt Motorsports | Chevrolet","Driver",8,1
"Racing",2022,"Panini","National Treasures","Jumbo Signature Firesuit Laundry Tag MTO","Brett Moffitt","Hometown Lenders | Our Motorsports | Chevrolet","Driver",9,1
"Racing",2022,"Panini","National Treasures","Jumbo Signature Firesuit Laundry Tag MTO","Colby Howard","Gates Hydrolauics | McAnally-Hilgemann Racing | Chevrolet","Driver",14,1
"Racing",2022,"Panini","National Treasures","Jumbo Signature Firesuit Laundry Tag MTO","Cole Custer","Haas Automation | Stewart-Haas Racing | Ford","Driver",15,1
"Racing",2022,"Panini","National Treasures","Jumbo Signature Firesuit Laundry Tag MTO","Denny Hamlin","FedEx Express | Joe Gibbs Racing | Toyota","Driver",18,1
"Racing",2022,"Panini","National Treasures","Jumbo Signature Firesuit Laundry Tag MTO","Drew Dollar","JBL | Kyle Busch Motorsports | Toyota","Driver",19,1
"Racing",2022,"Panini","National Treasures","Jumbo Signature Firesuit Laundry Tag MTO","Jesse Little","Tufco | B.J. McLeod Motorsports | Chevrolet","Driver",22,1
"Racing",2022,"Panini","National Treasures","Jumbo Signature Firesuit Laundry Tag MTO","Jesse Love","Mobil 1 | Toyota","Driver",23,1
"Racing",2022,"Panini","National Treasures","Jumbo Signature Firesuit Laundry Tag MTO","Josh Berry","Tire Pros | JR Motorsports | Chevrolet","Driver",26,1
"Racing",2022,"Panini","National Treasures","Jumbo Signature Firesuit Laundry Tag MTO","Josh Williams","Alloy | B.J. McLeod Motorsports | Chevrolet","Driver",28,1
"Racing",2022,"Panini","National Treasures","Jumbo Signature Firesuit Laundry Tag MTO","Kevin Harvick","Hunt Brothers Pizza | Stewart-Haas Racing | Ford","Driver",29,1
"Racing",2022,"Panini","National Treasures","Jumbo Tire Booklet Duals","Alex Bowman/Alex Bowman","Ally Financial | Hendrick Motorsports | Chevrolet/Ally Financial | Hendrick Motorsports | Chevrolet","Driver/Driver",1,15
"Racing",2022,"Panini","National Treasures","Jumbo Tire Booklet Duals","Alex Labbe/Alex Labbe","Prolon | DGM Racing | Chevrolet/Prolon | DGM Racing | Chevrolet","Driver/Driver",2,10
"Racing",2022,"Panini","National Treasures","Jumbo Tire Booklet Duals","William Byron/William Byron","AXALTA | Hendrick Motorsports | Chevrolet/AXALTA | Hendrick Motorsports | Chevrolet","Driver/Driver",3,15
"Racing",2022,"Panini","National Treasures","Jumbo Tire Booklet Duals","Aric Almirola/Aric Almirola","Smithfield Foods | Stewart-Haas Racing | Ford/Smithfield Foods | Stewart-Haas Racing | Ford","Driver/Driver",4,15
"Racing",2022,"Panini","National Treasures","Jumbo Tire Booklet Duals","B.J. McLeod/B.J. McLeod","Motorsport Games | B.J. McLeod Motorsports | Chevrolet/Motorsport Games | B.J. McLeod Motorsports | Chevrolet","Driver/Driver",6,10
"Racing",2022,"Panini","National Treasures","Jumbo Tire Booklet Duals","Brad Keselowski/Brad Keselowski","Kohler | RFK Racing | Ford/Kohler | RFK Racing | Ford","Driver/Driver",7,15
"Racing",2022,"Panini","National Treasures","Jumbo Tire Booklet Duals","Brandon Brown/Brandon Brown","TradetheChain | Brandonbilt Motorsports | Chevrolet/TradetheChain | Brandonbilt Motorsports | Chevrolet","Driver/Driver",8,10
"Racing",2022,"Panini","National Treasures","Jumbo Tire Booklet Duals","Bubba Wallace/Bubba Wallace","Root Insurance | 23XI Racing | Toyota/Root Insurance | 23XI Racing | Toyota","Driver/Driver",10,15
"Racing",2022,"Panini","National Treasures","Jumbo Tire Booklet Duals","Chase Elliott/Chase Elliott","NAPA Auto Parts | Hendrick Motorsports | Chevrolet/NAPA Auto Parts | Hendrick Motorsports | Chevrolet","Driver/Driver",11,15
"Racing",2022,"Panini","National Treasures","Jumbo Tire Booklet Duals","Chris Buescher/Chris Buescher","Fastenal | RFK Racing | Ford/Fastenal | RFK Racing | Ford","Driver/Driver",12,15
"Racing",2022,"Panini","National Treasures","Jumbo Tire Booklet Duals","Clint Bowyer/Clint Bowyer","Mobil 1 | Stewart-Haas Racing | Ford/Mobil 1 | Stewart-Haas Racing | Ford","Driver/Driver",13,15
"Racing",2022,"Panini","National Treasures","Jumbo Tire Booklet Duals","Cole Custer/Cole Custer","Haas Automation | Stewart-Haas Racing | Ford/Haas Automation | Stewart-Haas Racing | Ford","Driver/Driver",15,15
"Racing",2022,"Panini","National Treasures","Jumbo Tire Booklet Duals","Daniel Suarez/Daniel Suarez","Tootsie's | Trackhouse Racing | Chevrolet/Tootsie's | Trackhouse Racing | Chevrolet","Driver/Driver",17,10
"Racing",2022,"Panini","National Treasures","Jumbo Tire Booklet Duals","Denny Hamlin/Denny Hamlin","FedEx Express | Joe Gibbs Racing | Toyota/FedEx Express | Joe Gibbs Racing | Toyota","Driver/Driver",18,15
"Racing",2022,"Panini","National Treasures","Jumbo Tire Booklet Duals","Harrison Burton/Harrison Burton","Motorcraft | Wood Brothers Racing | Ford/Motorcraft | Wood Brothers Racing | Ford","Driver/Driver",20,10
"Racing",2022,"Panini","National Treasures","Jumbo Tire Booklet Duals","Jesse Little/Jesse Little","Tufco | B.J. McLeod Motorsports | Chevrolet/Tufco | B.J. McLeod Motorsports | Chevrolet","Driver/Driver",22,10
"Racing",2022,"Panini","National Treasures","Jumbo Tire Booklet Duals","Jesse Love/Jesse Love","Mobil 1 | Toyota/Mobil 1 | Toyota","Driver/Driver",23,10
"Racing",2022,"Panini","National Treasures","Jumbo Tire Booklet Duals","Jimmie Johnson/Jimmie Johnson","Ally Financial | Hendrick Motorsports | Chevrolet/Ally Financial | Hendrick Motorsports | Chevrolet","Driver/Driver",24,15
"Racing",2022,"Panini","National Treasures","Jumbo Tire Booklet Duals","Joey Logano/Joey Logano","Shell-Pennzoil | Team Penske | Ford/Shell-Pennzoil | Team Penske | Ford","Driver/Driver",25,15
"Racing",2022,"Panini","National Treasures","Jumbo Tire Booklet Duals","Josh Bilicki/Josh Bilicki","Ziegler | DGM | Chevrolet/Ziegler | DGM | Chevrolet","Driver/Driver",27,10
"Racing",2022,"Panini","National Treasures","Jumbo Tire Booklet Duals","Kevin Harvick/Kevin Harvick","Hunt Brothers Pizza | Stewart-Haas Racing | Ford/Hunt Brothers Pizza | Stewart-Haas Racing | Ford","Driver/Driver",29,15
"Racing",2022,"Panini","National Treasures","Jumbo Tire Booklet Duals","Kyle Busch/Kyle Busch","M&M's | Joe Gibbs Racing | Toyota/M&M's | Joe Gibbs Racing | Toyota","Driver/Driver",30,15
"Racing",2022,"Panini","National Treasures","Jumbo Tire Booklet Duals","Martin Truex Jr./Martin Truex Jr.","Bass Pro Shops | Joe Gibbs Racing | Toyota/Bass Pro Shops | Joe Gibbs Racing | Toyota","Driver/Driver",32,15
"Racing",2022,"Panini","National Treasures","Jumbo Tire Booklet Duals","Nick Sanchez/Nick Sanchez","ARCA Menards/ARCA Menards","Driver/Driver",33,10
"Racing",2022,"Panini","National Treasures","Jumbo Tire Booklet Duals","Riley Herbst/Riley Herbst","Monster | Stewart-Haas Racing | Ford/Monster | Stewart-Haas Racing | Ford","Driver/Driver",34,10
"Racing",2022,"Panini","National Treasures","Jumbo Tire Booklet Duals","Ross Chastain/Ross Chastain","AdventHealth | Trackhouse Racing | Chevrolet/AdventHealth | Trackhouse Racing | Chevrolet","Driver/Driver",35,10
"Racing",2022,"Panini","National Treasures","Jumbo Tire Booklet Duals","Ryan Blaney/Ryan Blaney","Wrangler | Team Penske | Ford/Wrangler | Team Penske | Ford","Driver/Driver",36,15
"Racing",2022,"Panini","National Treasures","Jumbo Tire Prime Signature Booklet","Alex Labbe","Prolon | DGM Racing | Chevrolet","Driver",2,5
"Racing",2022,"Panini","National Treasures","Jumbo Tire Prime Signature Booklet","William Byron","AXALTA | Hendrick Motorsports | Chevrolet","Driver",3,5
"Racing",2022,"Panini","National Treasures","Jumbo Tire Prime Signature Booklet","B.J. McLeod","Motorsport Games | B.J. McLeod Motorsports | Chevrolet","Driver",6,5
"Racing",2022,"Panini","National Treasures","Jumbo Tire Prime Signature Booklet","Brad Keselowski","Kohler | RFK Racing | Ford","Driver",7,5
"Racing",2022,"Panini","National Treasures","Jumbo Tire Prime Signature Booklet","Brandon Brown","TradetheChain | Brandonbilt Motorsports | Chevrolet","Driver",8,5
"Racing",2022,"Panini","National Treasures","Jumbo Tire Prime Signature Booklet","Chase Elliott","NAPA Auto Parts | Hendrick Motorsports | Chevrolet","Driver",11,5
"Racing",2022,"Panini","National Treasures","Jumbo Tire Prime Signature Booklet","Chris Buescher","Fastenal | RFK Racing | Ford","Driver",12,5
"Racing",2022,"Panini","National Treasures","Jumbo Tire Prime Signature Booklet","Clint Bowyer","Mobil 1 | Stewart-Haas Racing | Ford","Driver",13,5
"Racing",2022,"Panini","National Treasures","Jumbo Tire Prime Signature Booklet","Harrison Burton","Motorcraft | Wood Brothers Racing | Ford","Driver",20,5
"Racing",2022,"Panini","National Treasures","Jumbo Tire Prime Signature Booklet","Jesse Little","Tufco | B.J. McLeod Motorsports | Chevrolet","Driver",22,5
"Racing",2022,"Panini","National Treasures","Jumbo Tire Prime Signature Booklet","Jesse Love","Mobil 1 | Toyota","Driver",23,5
"Racing",2022,"Panini","National Treasures","Jumbo Tire Prime Signature Booklet","Jimmie Johnson","Ally Financial | Hendrick Motorsports | Chevrolet","Driver",24,5
"Racing",2022,"Panini","National Treasures","Jumbo Tire Prime Signature Booklet","Josh Bilicki","Ziegler | DGM | Chevrolet","Driver",27,5
"Racing",2022,"Panini","National Treasures","Jumbo Tire Prime Signature Booklet","Nick Sanchez","ARCA Menards","Driver",33,5
"Racing",2022,"Panini","National Treasures","Jumbo Tire Prime Signature Booklet","Riley Herbst","Monster | Stewart-Haas Racing | Ford","Driver",34,5
"Racing",2022,"Panini","National Treasures","Jumbo Tire Signature Booklet","Alex Bowman","Ally Financial | Hendrick Motorsports | Chevrolet","Driver",1,25
"Racing",2022,"Panini","National Treasures","Jumbo Tire Signature Booklet","Alex Labbe","Prolon | DGM Racing | Chevrolet","Driver",2,25
"Racing",2022,"Panini","National Treasures","Jumbo Tire Signature Booklet","William Byron","AXALTA | Hendrick Motorsports | Chevrolet","Driver",3,25
"Racing",2022,"Panini","National Treasures","Jumbo Tire Signature Booklet","Aric Almirola","Smithfield Foods | Stewart-Haas Racing | Ford","Driver",4,25
"Racing",2022,"Panini","National Treasures","Jumbo Tire Signature Booklet","B.J. McLeod","Motorsport Games | B.J. McLeod Motorsports | Chevrolet","Driver",6,25
"Racing",2022,"Panini","National Treasures","Jumbo Tire Signature Booklet","Brad Keselowski","Kohler | RFK Racing | Ford","Driver",7,25
"Racing",2022,"Panini","National Treasures","Jumbo Tire Signature Booklet","Brandon Brown","TradetheChain | Brandonbilt Motorsports | Chevrolet","Driver",8,25
"Racing",2022,"Panini","National Treasures","Jumbo Tire Signature Booklet","Bubba Wallace","Root Insurance | 23XI Racing | Toyota","Driver",10,25
"Racing",2022,"Panini","National Treasures","Jumbo Tire Signature Booklet","Chase Elliott","NAPA Auto Parts | Hendrick Motorsports | Chevrolet","Driver",11,25
"Racing",2022,"Panini","National Treasures","Jumbo Tire Signature Booklet","Chris Buescher","Fastenal | RFK Racing | Ford","Driver",12,25
"Racing",2022,"Panini","National Treasures","Jumbo Tire Signature Booklet","Clint Bowyer","Mobil 1 | Stewart-Haas Racing | Ford","Driver",13,5
"Racing",2022,"Panini","National Treasures","Jumbo Tire Signature Booklet","Cole Custer","Haas Automation | Stewart-Haas Racing | Ford","Driver",15,25
"Racing",2022,"Panini","National Treasures","Jumbo Tire Signature Booklet","Daniel Suarez","Tootsie's | Trackhouse Racing | Chevrolet","Driver",17,25
"Racing",2022,"Panini","National Treasures","Jumbo Tire Signature Booklet","Denny Hamlin","FedEx Express | Joe Gibbs Racing | Toyota","Driver",18,25
"Racing",2022,"Panini","National Treasures","Jumbo Tire Signature Booklet","Harrison Burton","Motorcraft | Wood Brothers Racing | Ford","Driver",20,25
"Racing",2022,"Panini","National Treasures","Jumbo Tire Signature Booklet","Jesse Little","Tufco | B.J. McLeod Motorsports | Chevrolet","Driver",22,25
"Racing",2022,"Panini","National Treasures","Jumbo Tire Signature Booklet","Jesse Love","Mobil 1 | Toyota","Driver",23,25
"Racing",2022,"Panini","National Treasures","Jumbo Tire Signature Booklet","Jimmie Johnson","Ally Financial | Hendrick Motorsports | Chevrolet","Driver",24,25
"Racing",2022,"Panini","National Treasures","Jumbo Tire Signature Booklet","Joey Logano","Shell-Pennzoil | Team Penske | Ford","Driver",25,25
"Racing",2022,"Panini","National Treasures","Jumbo Tire Signature Booklet","Josh Bilicki","Ziegler | DGM | Chevrolet","Driver",27,25
"Racing",2022,"Panini","National Treasures","Jumbo Tire Signature Booklet","Kevin Harvick","Hunt Brothers Pizza | Stewart-Haas Racing | Ford","Driver",29,25
"Racing",2022,"Panini","National Treasures","Jumbo Tire Signature Booklet","Kyle Busch","M&M's | Joe Gibbs Racing | Toyota","Driver",30,25
"Racing",2022,"Panini","National Treasures","Jumbo Tire Signature Booklet","Martin Truex Jr.","Bass Pro Shops | Joe Gibbs Racing | Toyota","Driver",32,25
"Racing",2022,"Panini","National Treasures","Jumbo Tire Signature Booklet","Nick Sanchez","ARCA Menards","Driver",33,25
"Racing",2022,"Panini","National Treasures","Jumbo Tire Signature Booklet","Riley Herbst","Monster | Stewart-Haas Racing | Ford","Driver",34,25
"Racing",2022,"Panini","National Treasures","Jumbo Tire Signature Booklet","Ross Chastain","AdventHealth | Trackhouse Racing | Chevrolet","Driver",35,25
"Racing",2022,"Panini","National Treasures","Jumbo Tire Signature Booklet","Ryan Blaney","Wrangler | Team Penske | Ford","Driver",36,25
"Racing",2022,"Panini","National Treasures","Legendary Signatures","Bill Elliott","Coors | Harry Melling | Ford","Driver",1,99
"Racing",2022,"Panini","National Treasures","Legendary Signatures","Bobby Allison","Miller High Life | DiGard | Buick","Driver",2,75
"Racing",2022,"Panini","National Treasures","Legendary Signatures","Carl Edwards","Scotts | Roush Fenway Racing | Ford","Driver",3,99
"Racing",2022,"Panini","National Treasures","Legendary Signatures","Dale Earnhardt Jr","National Guard | Hendrick Motorsports | Chevrolet","Driver",4,20
"Racing",2022,"Panini","National Treasures","Legendary Signatures","Dale Jarrett","UPS | Robert Yates Racing | Ford","Driver",5,99
"Racing",2022,"Panini","National Treasures","Legendary Signatures","Danica Patrick","Mobil 1 | Stewart-Haas Racing | Ford","Driver",6,75
"Racing",2022,"Panini","National Treasures","Legendary Signatures","Darrell Waltrip","Pepsi | Junior Johnson | Chevrolet","Driver",7,99
"Racing",2022,"Panini","National Treasures","Legendary Signatures","Derrike Cope","Purolator | Whitcomb Racing | Chevrolet","Driver",8,53
"Racing",2022,"Panini","National Treasures","Legendary Signatures","Ernie Irvan","M&M's | Ginn Racing | Pontiac","Driver",9,99
"Racing",2022,"Panini","National Treasures","Legendary Signatures","Greg Biffle","3M | Roush Fenway Racing | Ford","Driver",10,68
"Racing",2022,"Panini","National Treasures","Legendary Signatures","Harry Gant","Skoal | Hal Needham | Chevrolet","Driver",11,99
"Racing",2022,"Panini","National Treasures","Legendary Signatures","Jamie McMurray","McDonald's | Chip Ganassi Racing | Chevrolet","Driver",12,99
"Racing",2022,"Panini","National Treasures","Legendary Signatures","Jeff Burton","Exide Batteries | Roush Racing | Ford","Driver",13,49
"Racing",2022,"Panini","National Treasures","Legendary Signatures","Jimmie Johnson","Lowe's | Hendrick Motorsports | Chevrolet","Driver",15,23
"Racing",2022,"Panini","National Treasures","Legendary Signatures","Kasey Kahne","Dodge Dealers | Evernham Motorsports | Dodge","Driver",16,20
"Racing",2022,"Panini","National Treasures","Legendary Signatures","Mark Martin","Valvoline | Roush Racing | Ford","Driver",17,49
"Racing",2022,"Panini","National Treasures","Legendary Signatures","Richard Petty","STP | Petty Enterprises | Plymouth","Driver",18,15
"Racing",2022,"Panini","National Treasures","Legendary Signatures","Rusty Wallace","Miller Lite | Team Penske | Ford","Driver",19,10
"Racing",2022,"Panini","National Treasures","Legendary Signatures","Tony Stewart","Mobil 1 | Stewart-Haas Racing | Chevrolet","Driver",20,99
"Racing",2022,"Panini","National Treasures","Legendary Signatures Holo Gold","Bill Elliott","Coors | Harry Melling | Ford","Driver",1,10
"Racing",2022,"Panini","National Treasures","Legendary Signatures Holo Gold","Bobby Allison","Miller High Life | DiGard | Buick","Driver",2,10
"Racing",2022,"Panini","National Treasures","Legendary Signatures Holo Gold","Carl Edwards","Scotts | Roush Fenway Racing | Ford","Driver",3,10
"Racing",2022,"Panini","National Treasures","Legendary Signatures Holo Gold","Dale Earnhardt Jr","National Guard | Hendrick Motorsports | Chevrolet","Driver",4,10
"Racing",2022,"Panini","National Treasures","Legendary Signatures Holo Gold","Dale Jarrett","UPS | Robert Yates Racing | Ford","Driver",5,10
"Racing",2022,"Panini","National Treasures","Legendary Signatures Holo Gold","Danica Patrick","Mobil 1 | Stewart-Haas Racing | Ford","Driver",6,10
"Racing",2022,"Panini","National Treasures","Legendary Signatures Holo Gold","Darrell Waltrip","Pepsi | Junior Johnson | Chevrolet","Driver",7,10
"Racing",2022,"Panini","National Treasures","Legendary Signatures Holo Gold","Derrike Cope","Purolator | Whitcomb Racing | Chevrolet","Driver",8,10
"Racing",2022,"Panini","National Treasures","Legendary Signatures Holo Gold","Ernie Irvan","M&M's | Ginn Racing | Pontiac","Driver",9,10
"Racing",2022,"Panini","National Treasures","Legendary Signatures Holo Gold","Greg Biffle","3M | Roush Fenway Racing | Ford","Driver",10,10
"Racing",2022,"Panini","National Treasures","Legendary Signatures Holo Gold","Harry Gant","Skoal | Hal Needham | Chevrolet","Driver",11,10
"Racing",2022,"Panini","National Treasures","Legendary Signatures Holo Gold","Jamie McMurray","McDonald's | Chip Ganassi Racing | Chevrolet","Driver",12,10
"Racing",2022,"Panini","National Treasures","Legendary Signatures Holo Gold","Jeff Burton","Exide Batteries | Roush Racing | Ford","Driver",13,10
"Racing",2022,"Panini","National Treasures","Legendary Signatures Holo Gold","Jeff Gordon","DuPont | Hendrick Motorsports | Chevrolet","Driver",14,2
"Racing",2022,"Panini","National Treasures","Legendary Signatures Holo Gold","Jimmie Johnson","Lowe's | Hendrick Motorsports | Chevrolet","Driver",15,5
"Racing",2022,"Panini","National Treasures","Legendary Signatures Holo Gold","Kasey Kahne","Dodge Dealers | Evernham Motorsports | Dodge","Driver",16,10
"Racing",2022,"Panini","National Treasures","Legendary Signatures Holo Gold","Mark Martin","Valvoline | Roush Racing | Ford","Driver",17,10
"Racing",2022,"Panini","National Treasures","Legendary Signatures Holo Gold","Richard Petty","STP | Petty Enterprises | Plymouth","Driver",18,7
"Racing",2022,"Panini","National Treasures","Legendary Signatures Holo Gold","Rusty Wallace","Miller Lite | Team Penske | Ford","Driver",19,2
"Racing",2022,"Panini","National Treasures","Legendary Signatures Holo Gold","Tony Stewart","Mobil 1 | Stewart-Haas Racing | Chevrolet","Driver",20,10
"Racing",2022,"Panini","National Treasures","Legendary Signatures Holo Platinum Blue","Bill Elliott","Coors | Harry Melling | Ford","Driver",1,1
"Racing",2022,"Panini","National Treasures","Legendary Signatures Holo Platinum Blue","Bobby Allison","Miller High Life | DiGard | Buick","Driver",2,1
"Racing",2022,"Panini","National Treasures","Legendary Signatures Holo Platinum Blue","Carl Edwards","Scotts | Roush Fenway Racing | Ford","Driver",3,1
"Racing",2022,"Panini","National Treasures","Legendary Signatures Holo Platinum Blue","Dale Earnhardt Jr","National Guard | Hendrick Motorsports | Chevrolet","Driver",4,1
"Racing",2022,"Panini","National Treasures","Legendary Signatures Holo Platinum Blue","Dale Jarrett","UPS | Robert Yates Racing | Ford","Driver",5,1
"Racing",2022,"Panini","National Treasures","Legendary Signatures Holo Platinum Blue","Danica Patrick","Mobil 1 | Stewart-Haas Racing | Ford","Driver",6,1
"Racing",2022,"Panini","National Treasures","Legendary Signatures Holo Platinum Blue","Darrell Waltrip","Pepsi | Junior Johnson | Chevrolet","Driver",7,1
"Racing",2022,"Panini","National Treasures","Legendary Signatures Holo Platinum Blue","Derrike Cope","Purolator | Whitcomb Racing | Chevrolet","Driver",8,1
"Racing",2022,"Panini","National Treasures","Legendary Signatures Holo Platinum Blue","Ernie Irvan","M&M's | Ginn Racing | Pontiac","Driver",9,1
"Racing",2022,"Panini","National Treasures","Legendary Signatures Holo Platinum Blue","Greg Biffle","3M | Roush Fenway Racing | Ford","Driver",10,1
"Racing",2022,"Panini","National Treasures","Legendary Signatures Holo Platinum Blue","Harry Gant","Skoal | Hal Needham | Chevrolet","Driver",11,1
"Racing",2022,"Panini","National Treasures","Legendary Signatures Holo Platinum Blue","Jamie McMurray","McDonald's | Chip Ganassi Racing | Chevrolet","Driver",12,1
"Racing",2022,"Panini","National Treasures","Legendary Signatures Holo Platinum Blue","Jeff Burton","Exide Batteries | Roush Racing | Ford","Driver",13,1
"Racing",2022,"Panini","National Treasures","Legendary Signatures Holo Platinum Blue","Jeff Gordon","DuPont | Hendrick Motorsports | Chevrolet","Driver",14,1
"Racing",2022,"Panini","National Treasures","Legendary Signatures Holo Platinum Blue","Jimmie Johnson","Lowe's | Hendrick Motorsports | Chevrolet","Driver",15,1
"Racing",2022,"Panini","National Treasures","Legendary Signatures Holo Platinum Blue","Kasey Kahne","Dodge Dealers | Evernham Motorsports | Dodge","Driver",16,1
"Racing",2022,"Panini","National Treasures","Legendary Signatures Holo Platinum Blue","Mark Martin","Valvoline | Roush Racing | Ford","Driver",17,1
"Racing",2022,"Panini","National Treasures","Legendary Signatures Holo Platinum Blue","Richard Petty","STP | Petty Enterprises | Plymouth","Driver",18,1
"Racing",2022,"Panini","National Treasures","Legendary Signatures Holo Platinum Blue","Rusty Wallace","Miller Lite | Team Penske | Ford","Driver",19,1
"Racing",2022,"Panini","National Treasures","Legendary Signatures Holo Platinum Blue","Tony Stewart","Mobil 1 | Stewart-Haas Racing | Chevrolet","Driver",20,1
"Racing",2022,"Panini","National Treasures","Legendary Signatures Holo Silver","Bill Elliott","Coors | Harry Melling | Ford","Driver",1,49
"Racing",2022,"Panini","National Treasures","Legendary Signatures Holo Silver","Bobby Allison","Miller High Life | DiGard | Buick","Driver",2,25
"Racing",2022,"Panini","National Treasures","Legendary Signatures Holo Silver","Carl Edwards","Scotts | Roush Fenway Racing | Ford","Driver",3,25
"Racing",2022,"Panini","National Treasures","Legendary Signatures Holo Silver","Dale Earnhardt Jr","National Guard | Hendrick Motorsports | Chevrolet","Driver",4,15
"Racing",2022,"Panini","National Treasures","Legendary Signatures Holo Silver","Dale Jarrett","UPS | Robert Yates Racing | Ford","Driver",5,49
"Racing",2022,"Panini","National Treasures","Legendary Signatures Holo Silver","Danica Patrick","Mobil 1 | Stewart-Haas Racing | Ford","Driver",6,25
"Racing",2022,"Panini","National Treasures","Legendary Signatures Holo Silver","Darrell Waltrip","Pepsi | Junior Johnson | Chevrolet","Driver",7,49
"Racing",2022,"Panini","National Treasures","Legendary Signatures Holo Silver","Derrike Cope","Purolator | Whitcomb Racing | Chevrolet","Driver",8,25
"Racing",2022,"Panini","National Treasures","Legendary Signatures Holo Silver","Ernie Irvan","M&M's | Ginn Racing | Pontiac","Driver",9,49
"Racing",2022,"Panini","National Treasures","Legendary Signatures Holo Silver","Greg Biffle","3M | Roush Fenway Racing | Ford","Driver",10,25
"Racing",2022,"Panini","National Treasures","Legendary Signatures Holo Silver","Harry Gant","Skoal | Hal Needham | Chevrolet","Driver",11,49
"Racing",2022,"Panini","National Treasures","Legendary Signatures Holo Silver","Jamie McMurray","McDonald's | Chip Ganassi Racing | Chevrolet","Driver",12,49
"Racing",2022,"Panini","National Treasures","Legendary Signatures Holo Silver","Jeff Burton","Exide Batteries | Roush Racing | Ford","Driver",13,25
"Racing",2022,"Panini","National Treasures","Legendary Signatures Holo Silver","Jimmie Johnson","Lowe's | Hendrick Motorsports | Chevrolet","Driver",15,10
"Racing",2022,"Panini","National Treasures","Legendary Signatures Holo Silver","Kasey Kahne","Dodge Dealers | Evernham Motorsports | Dodge","Driver",16,15
"Racing",2022,"Panini","National Treasures","Legendary Signatures Holo Silver","Mark Martin","Valvoline | Roush Racing | Ford","Driver",17,25
"Racing",2022,"Panini","National Treasures","Legendary Signatures Holo Silver","Richard Petty","STP | Petty Enterprises | Plymouth","Driver",18,10
"Racing",2022,"Panini","National Treasures","Legendary Signatures Holo Silver","Rusty Wallace","Miller Lite | Team Penske | Ford","Driver",19,5
"Racing",2022,"Panini","National Treasures","Legendary Signatures Holo Silver","Tony Stewart","Mobil 1 | Stewart-Haas Racing | Chevrolet","Driver",20,49
"Racing",2022,"Panini","National Treasures","Legends","Richard Petty","STP | Petty Enterprises | Plymouth","Driver",51,25
"Racing",2022,"Panini","National Treasures","Legends","Jeff Gordon","AARP | Hendrick Motorsports | Chevrolet","Driver",52,25
"Racing",2022,"Panini","National Treasures","Legends","Dale Earnhardt Jr","National Guard | Hendrick Motorsports | Chevrolet","Driver",53,25
"Racing",2022,"Panini","National Treasures","Legends","Danica Patrick","GoDaddy.com | Premium Motorsports | Chevrolet","Driver",54,25
"Racing",2022,"Panini","National Treasures","Legends","Tony Stewart","Mobil 1 | Stewart-Haas Racing | Chevrolet","Driver",55,25
"Racing",2022,"Panini","National Treasures","Legends","Jimmie Johnson","Lowe's | Hendrick Motorsports | Chevrolet","Driver",56,25
"Racing",2022,"Panini","National Treasures","Legends","Darrell Waltrip","Mountain Dew | Junior Johnson | Buick","Driver",57,25
"Racing",2022,"Panini","National Treasures","Legends","Benny Parsons","King's Row | L.G. DeWitt | Chevrolet","Driver",58,25
"Racing",2022,"Panini","National Treasures","Legends","Buddy Baker","No NASCAR Team","Driver",59,25
"Racing",2022,"Panini","National Treasures","Legends","Tim Flock","No Team","Driver",60,25
"Racing",2022,"Panini","National Treasures","Legends","Bill Elliott","Coors | Harry Melling | Ford","Driver",61,25
"Racing",2022,"Panini","National Treasures","Legends","Carl Edwards","Aflac | Roush Fenway Racing | Ford","Driver",62,25
"Racing",2022,"Panini","National Treasures","Legends","Harry Gant","Skoal | Hal Needham | Chevrolet","Driver",63,25
"Racing",2022,"Panini","National Treasures","Legends","Jeff Gordon","DuPont | Hendrick Motorsports | Chevrolet","Driver",64,25
"Racing",2022,"Panini","National Treasures","Legends","Jimmie Johnson","Ally Financial | Hendrick Motorsports | Chevrolet","Driver",65,25
"Racing",2022,"Panini","National Treasures","Legends","Dale Earnhardt Jr","AXALTA | Hendrick Motorsports | Chevrolet","Driver",66,25
"Racing",2022,"Panini","National Treasures","Legends","Rusty Wallace","Miller Lite | Team Penske | Ford","Driver",67,25
"Racing",2022,"Panini","National Treasures","Legends","Terry Labonte","Kellogg's Corn Flakes | Hendrick Motorsports | Chevrolet","Driver",68,25
"Racing",2022,"Panini","National Treasures","Legends","Matt Kenseth","DeWalt | Joe Gibbs Racing | Toyota","Driver",69,25
"Racing",2022,"Panini","National Treasures","Legends","Mark Martin","Pfizer | Roush Racing | Ford","Driver",70,25
"Racing",2022,"Panini","National Treasures","Legends","Dale Jarrett","Quality Care | Robert Yates Racing | Ford","Driver",71,25
"Racing",2022,"Panini","National Treasures","Legends","Rusty Wallace","Miller Genuine Draft | Team Penske | Pontiac","Driver",72,25
"Racing",2022,"Panini","National Treasures","Legends","Dale Earnhardt Jr","Mountain Dew | Hendrick Motorsports | Chevrolet","Driver",73,25
"Racing",2022,"Panini","National Treasures","Legends","Tony Stewart","Bass Pro Shops | Stewart-Haas Racing | Chevrolet","Driver",74,25
"Racing",2022,"Panini","National Treasures","Legends","Jeff Gordon","Pepsi | Hendrick Motorsports | Chevrolet","Driver",75,25
"Racing",2022,"Panini","National Treasures","Legends Holo Gold","Richard Petty","STP | Petty Enterprises | Plymouth","Driver",51,10
"Racing",2022,"Panini","National Treasures","Legends Holo Gold","Jeff Gordon","AARP | Hendrick Motorsports | Chevrolet","Driver",52,10
"Racing",2022,"Panini","National Treasures","Legends Holo Gold","Dale Earnhardt Jr","National Guard | Hendrick Motorsports | Chevrolet","Driver",53,10
"Racing",2022,"Panini","National Treasures","Legends Holo Gold","Danica Patrick","GoDaddy.com | Premium Motorsports | Chevrolet","Driver",54,10
"Racing",2022,"Panini","National Treasures","Legends Holo Gold","Tony Stewart","Mobil 1 | Stewart-Haas Racing | Chevrolet","Driver",55,10
"Racing",2022,"Panini","National Treasures","Legends Holo Gold","Jimmie Johnson","Lowe's | Hendrick Motorsports | Chevrolet","Driver",56,10
"Racing",2022,"Panini","National Treasures","Legends Holo Gold","Darrell Waltrip","Mountain Dew | Junior Johnson | Buick","Driver",57,10
"Racing",2022,"Panini","National Treasures","Legends Holo Gold","Benny Parsons","King's Row | L.G. DeWitt | Chevrolet","Driver",58,10
"Racing",2022,"Panini","National Treasures","Legends Holo Gold","Buddy Baker","No NASCAR Team","Driver",59,10
"Racing",2022,"Panini","National Treasures","Legends Holo Gold","Tim Flock","No Team","Driver",60,10
"Racing",2022,"Panini","National Treasures","Legends Holo Gold","Bill Elliott","Coors | Harry Melling | Ford","Driver",61,10
"Racing",2022,"Panini","National Treasures","Legends Holo Gold","Carl Edwards","Aflac | Roush Fenway Racing | Ford","Driver",62,10
"Racing",2022,"Panini","National Treasures","Legends Holo Gold","Harry Gant","Skoal | Hal Needham | Chevrolet","Driver",63,10
"Racing",2022,"Panini","National Treasures","Legends Holo Gold","Jeff Gordon","DuPont | Hendrick Motorsports | Chevrolet","Driver",64,10
"Racing",2022,"Panini","National Treasures","Legends Holo Gold","Jimmie Johnson","Ally Financial | Hendrick Motorsports | Chevrolet","Driver",65,10
"Racing",2022,"Panini","National Treasures","Legends Holo Gold","Dale Earnhardt Jr","AXALTA | Hendrick Motorsports | Chevrolet","Driver",66,10
"Racing",2022,"Panini","National Treasures","Legends Holo Gold","Rusty Wallace","Miller Lite | Team Penske | Ford","Driver",67,10
"Racing",2022,"Panini","National Treasures","Legends Holo Gold","Terry Labonte","Kellogg's Corn Flakes | Hendrick Motorsports | Chevrolet","Driver",68,10
"Racing",2022,"Panini","National Treasures","Legends Holo Gold","Matt Kenseth","DeWalt | Joe Gibbs Racing | Toyota","Driver",69,10
"Racing",2022,"Panini","National Treasures","Legends Holo Gold","Mark Martin","Pfizer | Roush Racing | Ford","Driver",70,10
"Racing",2022,"Panini","National Treasures","Legends Holo Gold","Dale Jarrett","Quality Care | Robert Yates Racing | Ford","Driver",71,10
"Racing",2022,"Panini","National Treasures","Legends Holo Gold","Rusty Wallace","Miller Genuine Draft | Team Penske | Pontiac","Driver",72,10
"Racing",2022,"Panini","National Treasures","Legends Holo Gold","Dale Earnhardt Jr","Mountain Dew | Hendrick Motorsports | Chevrolet","Driver",73,10
"Racing",2022,"Panini","National Treasures","Legends Holo Gold","Tony Stewart","Bass Pro Shops | Stewart-Haas Racing | Chevrolet","Driver",74,10
"Racing",2022,"Panini","National Treasures","Legends Holo Gold","Jeff Gordon","Pepsi | Hendrick Motorsports | Chevrolet","Driver",75,10
"Racing",2022,"Panini","National Treasures","Legends Holo Platinum Blue","Richard Petty","STP | Petty Enterprises | Plymouth","Driver",51,1
"Racing",2022,"Panini","National Treasures","Legends Holo Platinum Blue","Jeff Gordon","AARP | Hendrick Motorsports | Chevrolet","Driver",52,1
"Racing",2022,"Panini","National Treasures","Legends Holo Platinum Blue","Dale Earnhardt Jr","National Guard | Hendrick Motorsports | Chevrolet","Driver",53,1
"Racing",2022,"Panini","National Treasures","Legends Holo Platinum Blue","Danica Patrick","GoDaddy.com | Premium Motorsports | Chevrolet","Driver",54,1
"Racing",2022,"Panini","National Treasures","Legends Holo Platinum Blue","Tony Stewart","Mobil 1 | Stewart-Haas Racing | Chevrolet","Driver",55,1
"Racing",2022,"Panini","National Treasures","Legends Holo Platinum Blue","Jimmie Johnson","Lowe's | Hendrick Motorsports | Chevrolet","Driver",56,1
"Racing",2022,"Panini","National Treasures","Legends Holo Platinum Blue","Darrell Waltrip","Mountain Dew | Junior Johnson | Buick","Driver",57,1
"Racing",2022,"Panini","National Treasures","Legends Holo Platinum Blue","Benny Parsons","King's Row | L.G. DeWitt | Chevrolet","Driver",58,1
"Racing",2022,"Panini","National Treasures","Legends Holo Platinum Blue","Buddy Baker","No NASCAR Team","Driver",59,1
"Racing",2022,"Panini","National Treasures","Legends Holo Platinum Blue","Tim Flock","No Team","Driver",60,1
"Racing",2022,"Panini","National Treasures","Legends Holo Platinum Blue","Bill Elliott","Coors | Harry Melling | Ford","Driver",61,1
"Racing",2022,"Panini","National Treasures","Legends Holo Platinum Blue","Carl Edwards","Aflac | Roush Fenway Racing | Ford","Driver",62,1
"Racing",2022,"Panini","National Treasures","Legends Holo Platinum Blue","Harry Gant","Skoal | Hal Needham | Chevrolet","Driver",63,1
"Racing",2022,"Panini","National Treasures","Legends Holo Platinum Blue","Jeff Gordon","DuPont | Hendrick Motorsports | Chevrolet","Driver",64,1
"Racing",2022,"Panini","National Treasures","Legends Holo Platinum Blue","Jimmie Johnson","Ally Financial | Hendrick Motorsports | Chevrolet","Driver",65,1
"Racing",2022,"Panini","National Treasures","Legends Holo Platinum Blue","Dale Earnhardt Jr","AXALTA | Hendrick Motorsports | Chevrolet","Driver",66,1
"Racing",2022,"Panini","National Treasures","Legends Holo Platinum Blue","Rusty Wallace","Miller Lite | Team Penske | Ford","Driver",67,1
"Racing",2022,"Panini","National Treasures","Legends Holo Platinum Blue","Terry Labonte","Kellogg's Corn Flakes | Hendrick Motorsports | Chevrolet","Driver",68,1
"Racing",2022,"Panini","National Treasures","Legends Holo Platinum Blue","Matt Kenseth","DeWalt | Joe Gibbs Racing | Toyota","Driver",69,1
"Racing",2022,"Panini","National Treasures","Legends Holo Platinum Blue","Mark Martin","Pfizer | Roush Racing | Ford","Driver",70,1
"Racing",2022,"Panini","National Treasures","Legends Holo Platinum Blue","Dale Jarrett","Quality Care | Robert Yates Racing | Ford","Driver",71,1
"Racing",2022,"Panini","National Treasures","Legends Holo Platinum Blue","Rusty Wallace","Miller Genuine Draft | Team Penske | Pontiac","Driver",72,1
"Racing",2022,"Panini","National Treasures","Legends Holo Platinum Blue","Dale Earnhardt Jr","Mountain Dew | Hendrick Motorsports | Chevrolet","Driver",73,1
"Racing",2022,"Panini","National Treasures","Legends Holo Platinum Blue","Tony Stewart","Bass Pro Shops | Stewart-Haas Racing | Chevrolet","Driver",74,1
"Racing",2022,"Panini","National Treasures","Legends Holo Platinum Blue","Jeff Gordon","Pepsi | Hendrick Motorsports | Chevrolet","Driver",75,1
"Racing",2022,"Panini","National Treasures","Legends Holo Silver","Richard Petty","STP | Petty Enterprises | Plymouth","Driver",51,15
"Racing",2022,"Panini","National Treasures","Legends Holo Silver","Jeff Gordon","AARP | Hendrick Motorsports | Chevrolet","Driver",52,15
"Racing",2022,"Panini","National Treasures","Legends Holo Silver","Dale Earnhardt Jr","National Guard | Hendrick Motorsports | Chevrolet","Driver",53,15
"Racing",2022,"Panini","National Treasures","Legends Holo Silver","Danica Patrick","GoDaddy.com | Premium Motorsports | Chevrolet","Driver",54,15
"Racing",2022,"Panini","National Treasures","Legends Holo Silver","Tony Stewart","Mobil 1 | Stewart-Haas Racing | Chevrolet","Driver",55,15
"Racing",2022,"Panini","National Treasures","Legends Holo Silver","Jimmie Johnson","Lowe's | Hendrick Motorsports | Chevrolet","Driver",56,15
"Racing",2022,"Panini","National Treasures","Legends Holo Silver","Darrell Waltrip","Mountain Dew | Junior Johnson | Buick","Driver",57,15
"Racing",2022,"Panini","National Treasures","Legends Holo Silver","Benny Parsons","King's Row | L.G. DeWitt | Chevrolet","Driver",58,15
"Racing",2022,"Panini","National Treasures","Legends Holo Silver","Buddy Baker","No NASCAR Team","Driver",59,15
"Racing",2022,"Panini","National Treasures","Legends Holo Silver","Tim Flock","No Team","Driver",60,15
"Racing",2022,"Panini","National Treasures","Legends Holo Silver","Bill Elliott","Coors | Harry Melling | Ford","Driver",61,15
"Racing",2022,"Panini","National Treasures","Legends Holo Silver","Carl Edwards","Aflac | Roush Fenway Racing | Ford","Driver",62,15
"Racing",2022,"Panini","National Treasures","Legends Holo Silver","Harry Gant","Skoal | Hal Needham | Chevrolet","Driver",63,15
"Racing",2022,"Panini","National Treasures","Legends Holo Silver","Jeff Gordon","DuPont | Hendrick Motorsports | Chevrolet","Driver",64,15
"Racing",2022,"Panini","National Treasures","Legends Holo Silver","Jimmie Johnson","Ally Financial | Hendrick Motorsports | Chevrolet","Driver",65,15
"Racing",2022,"Panini","National Treasures","Legends Holo Silver","Dale Earnhardt Jr","AXALTA | Hendrick Motorsports | Chevrolet","Driver",66,15
"Racing",2022,"Panini","National Treasures","Legends Holo Silver","Rusty Wallace","Miller Lite | Team Penske | Ford","Driver",67,15
"Racing",2022,"Panini","National Treasures","Legends Holo Silver","Terry Labonte","Kellogg's Corn Flakes | Hendrick Motorsports | Chevrolet","Driver",68,15
"Racing",2022,"Panini","National Treasures","Legends Holo Silver","Matt Kenseth","DeWalt | Joe Gibbs Racing | Toyota","Driver",69,15
"Racing",2022,"Panini","National Treasures","Legends Holo Silver","Mark Martin","Pfizer | Roush Racing | Ford","Driver",70,15
"Racing",2022,"Panini","National Treasures","Legends Holo Silver","Dale Jarrett","Quality Care | Robert Yates Racing | Ford","Driver",71,15
"Racing",2022,"Panini","National Treasures","Legends Holo Silver","Rusty Wallace","Miller Genuine Draft | Team Penske | Pontiac","Driver",72,15
"Racing",2022,"Panini","National Treasures","Legends Holo Silver","Dale Earnhardt Jr","Mountain Dew | Hendrick Motorsports | Chevrolet","Driver",73,15
"Racing",2022,"Panini","National Treasures","Legends Holo Silver","Tony Stewart","Bass Pro Shops | Stewart-Haas Racing | Chevrolet","Driver",74,15
"Racing",2022,"Panini","National Treasures","Legends Holo Silver","Jeff Gordon","Pepsi | Hendrick Motorsports | Chevrolet","Driver",75,15
"Racing",2022,"Panini","National Treasures","Midnight","Jeff Gordon","DuPont | Hendrick Motorsports | Chevrolet","Driver",76,25
"Racing",2022,"Panini","National Treasures","Midnight","Alex Bowman","Ally Financial | Hendrick Motorsports | Chevrolet","Driver",77,25
"Racing",2022,"Panini","National Treasures","Midnight","Brittney Zamora","Rackley Roofing | Toyota","Driver",78,25
"Racing",2022,"Panini","National Treasures","Midnight","Bubba Wallace","Wheaties | 23XI Racing | Toyota","Driver",79,25
"Racing",2022,"Panini","National Treasures","Midnight","Chase Elliott","NAPA Auto Parts | Hendrick Motorsports | Chevrolet","Driver",80,25
"Racing",2022,"Panini","National Treasures","Midnight","Hailie Deegan","Monster Energy | DGR-Crosley | Ford","Driver",81,25
"Racing",2022,"Panini","National Treasures","Midnight","Kevin Harvick","Hunt Brothers Pizza | Stewart-Haas Racing | Ford","Driver",82,25
"Racing",2022,"Panini","National Treasures","Midnight","Kyle Busch","M&M's | Joe Gibbs Racing | Toyota","Driver",83,25
"Racing",2022,"Panini","National Treasures","Midnight","Kyle Larson","Hendrickcars.com | Hendrick Motorsports | Chevrolet","Driver",84,25
"Racing",2022,"Panini","National Treasures","Midnight","Natalie Decker","NERD Focus | Our Motorsports | Chevrolet","Driver",85,25
"Racing",2022,"Panini","National Treasures","Midnight","Jeff Gordon","Pepsi | Hendrick Motorsports | Chevrolet","Driver",86,25
"Racing",2022,"Panini","National Treasures","Midnight","Tony Stewart","Bass Pro Shops | Stewart-Haas Racing | Chevrolet","Driver",87,25
"Racing",2022,"Panini","National Treasures","Midnight","Dale Earnhardt Jr","Mountain Dew | Hendrick Motorsports | Chevrolet","Driver",88,25
"Racing",2022,"Panini","National Treasures","Midnight","Rusty Wallace","Miller Genuine Draft | Team Penske | Pontiac","Driver",89,25
"Racing",2022,"Panini","National Treasures","Midnight","Austin Dillon","Bass Pro Shops | Richard Childress Racing | Chevrolet","Driver",90,25
"Racing",2022,"Panini","National Treasures","Midnight","Denny Hamlin","FedEx Express | Joe Gibbs Racing | Toyota","Driver",91,25
"Racing",2022,"Panini","National Treasures","Midnight","Joey Logano","Shell-Pennzoil | Team Penske | Ford","Driver",92,25
"Racing",2022,"Panini","National Treasures","Midnight","Martin Truex Jr.","Bass Pro Shops | Joe Gibbs Racing | Toyota","Driver",93,25
"Racing",2022,"Panini","National Treasures","Midnight","Richard Petty","STP | Petty Enterprises | Plymouth","Driver",94,25
"Racing",2022,"Panini","National Treasures","Midnight","Danica Patrick","GoDaddy.com | Premium Motorsports | Chevrolet","Driver",95,25
"Racing",2022,"Panini","National Treasures","Midnight","Tony Stewart","Mobil 1 | Stewart-Haas Racing | Chevrolet","Driver",96,25
"Racing",2022,"Panini","National Treasures","Midnight","Jimmie Johnson","Lowe's | Hendrick Motorsports | Chevrolet","Driver",97,25
"Racing",2022,"Panini","National Treasures","Midnight","Dale Earnhardt Jr","National Guard | Hendrick Motorsports | Chevrolet","Driver",98,25
"Racing",2022,"Panini","National Treasures","Midnight","Jimmie Johnson","Ally Financial | Hendrick Motorsports | Chevrolet","Driver",99,25
"Racing",2022,"Panini","National Treasures","Midnight","Dale Earnhardt Jr","AXALTA | Hendrick Motorsports | Chevrolet","Driver",100,25
"Racing",2022,"Panini","National Treasures","Midnight Holo Gold","Jeff Gordon","DuPont | Hendrick Motorsports | Chevrolet","Driver",76,10
"Racing",2022,"Panini","National Treasures","Midnight Holo Gold","Alex Bowman","Ally Financial | Hendrick Motorsports | Chevrolet","Driver",77,10
"Racing",2022,"Panini","National Treasures","Midnight Holo Gold","Brittney Zamora","Rackley Roofing | Toyota","Driver",78,10
"Racing",2022,"Panini","National Treasures","Midnight Holo Gold","Bubba Wallace","Wheaties | 23XI Racing | Toyota","Driver",79,10
"Racing",2022,"Panini","National Treasures","Midnight Holo Gold","Chase Elliott","NAPA Auto Parts | Hendrick Motorsports | Chevrolet","Driver",80,10
"Racing",2022,"Panini","National Treasures","Midnight Holo Gold","Hailie Deegan","Monster Energy | DGR-Crosley | Ford","Driver",81,10
"Racing",2022,"Panini","National Treasures","Midnight Holo Gold","Kevin Harvick","Hunt Brothers Pizza | Stewart-Haas Racing | Ford","Driver",82,10
"Racing",2022,"Panini","National Treasures","Midnight Holo Gold","Kyle Busch","M&M's | Joe Gibbs Racing | Toyota","Driver",83,10
"Racing",2022,"Panini","National Treasures","Midnight Holo Gold","Kyle Larson","Hendrickcars.com | Hendrick Motorsports | Chevrolet","Driver",84,10
"Racing",2022,"Panini","National Treasures","Midnight Holo Gold","Natalie Decker","NERD Focus | Our Motorsports | Chevrolet","Driver",85,10
"Racing",2022,"Panini","National Treasures","Midnight Holo Gold","Jeff Gordon","Pepsi | Hendrick Motorsports | Chevrolet","Driver",86,10
"Racing",2022,"Panini","National Treasures","Midnight Holo Gold","Tony Stewart","Bass Pro Shops | Stewart-Haas Racing | Chevrolet","Driver",87,10
"Racing",2022,"Panini","National Treasures","Midnight Holo Gold","Dale Earnhardt Jr","Mountain Dew | Hendrick Motorsports | Chevrolet","Driver",88,10
"Racing",2022,"Panini","National Treasures","Midnight Holo Gold","Rusty Wallace","Miller Genuine Draft | Team Penske | Pontiac","Driver",89,10
"Racing",2022,"Panini","National Treasures","Midnight Holo Gold","Austin Dillon","Bass Pro Shops | Richard Childress Racing | Chevrolet","Driver",90,10
"Racing",2022,"Panini","National Treasures","Midnight Holo Gold","Denny Hamlin","FedEx Express | Joe Gibbs Racing | Toyota","Driver",91,10
"Racing",2022,"Panini","National Treasures","Midnight Holo Gold","Joey Logano","Shell-Pennzoil | Team Penske | Ford","Driver",92,10
"Racing",2022,"Panini","National Treasures","Midnight Holo Gold","Martin Truex Jr.","Bass Pro Shops | Joe Gibbs Racing | Toyota","Driver",93,10
"Racing",2022,"Panini","National Treasures","Midnight Holo Gold","Richard Petty","STP | Petty Enterprises | Plymouth","Driver",94,10
"Racing",2022,"Panini","National Treasures","Midnight Holo Gold","Danica Patrick","GoDaddy.com | Premium Motorsports | Chevrolet","Driver",95,10
"Racing",2022,"Panini","National Treasures","Midnight Holo Gold","Tony Stewart","Mobil 1 | Stewart-Haas Racing | Chevrolet","Driver",96,10
"Racing",2022,"Panini","National Treasures","Midnight Holo Gold","Jimmie Johnson","Lowe's | Hendrick Motorsports | Chevrolet","Driver",97,10
"Racing",2022,"Panini","National Treasures","Midnight Holo Gold","Dale Earnhardt Jr","National Guard | Hendrick Motorsports | Chevrolet","Driver",98,10
"Racing",2022,"Panini","National Treasures","Midnight Holo Gold","Jimmie Johnson","Ally Financial | Hendrick Motorsports | Chevrolet","Driver",99,10
"Racing",2022,"Panini","National Treasures","Midnight Holo Gold","Dale Earnhardt Jr","AXALTA | Hendrick Motorsports | Chevrolet","Driver",100,10
"Racing",2022,"Panini","National Treasures","Midnight Holo Platinum Blue","Jeff Gordon","DuPont | Hendrick Motorsports | Chevrolet","Driver",76,1
"Racing",2022,"Panini","National Treasures","Midnight Holo Platinum Blue","Alex Bowman","Ally Financial | Hendrick Motorsports | Chevrolet","Driver",77,1
"Racing",2022,"Panini","National Treasures","Midnight Holo Platinum Blue","Brittney Zamora","Rackley Roofing | Toyota","Driver",78,1
"Racing",2022,"Panini","National Treasures","Midnight Holo Platinum Blue","Bubba Wallace","Wheaties | 23XI Racing | Toyota","Driver",79,1
"Racing",2022,"Panini","National Treasures","Midnight Holo Platinum Blue","Chase Elliott","NAPA Auto Parts | Hendrick Motorsports | Chevrolet","Driver",80,1
"Racing",2022,"Panini","National Treasures","Midnight Holo Platinum Blue","Hailie Deegan","Monster Energy | DGR-Crosley | Ford","Driver",81,1
"Racing",2022,"Panini","National Treasures","Midnight Holo Platinum Blue","Kevin Harvick","Hunt Brothers Pizza | Stewart-Haas Racing | Ford","Driver",82,1
"Racing",2022,"Panini","National Treasures","Midnight Holo Platinum Blue","Kyle Busch","M&M's | Joe Gibbs Racing | Toyota","Driver",83,1
"Racing",2022,"Panini","National Treasures","Midnight Holo Platinum Blue","Kyle Larson","Hendrickcars.com | Hendrick Motorsports | Chevrolet","Driver",84,1
"Racing",2022,"Panini","National Treasures","Midnight Holo Platinum Blue","Natalie Decker","NERD Focus | Our Motorsports | Chevrolet","Driver",85,1
"Racing",2022,"Panini","National Treasures","Midnight Holo Platinum Blue","Jeff Gordon","Pepsi | Hendrick Motorsports | Chevrolet","Driver",86,1
"Racing",2022,"Panini","National Treasures","Midnight Holo Platinum Blue","Tony Stewart","Bass Pro Shops | Stewart-Haas Racing | Chevrolet","Driver",87,1
"Racing",2022,"Panini","National Treasures","Midnight Holo Platinum Blue","Dale Earnhardt Jr","Mountain Dew | Hendrick Motorsports | Chevrolet","Driver",88,1
"Racing",2022,"Panini","National Treasures","Midnight Holo Platinum Blue","Rusty Wallace","Miller Genuine Draft | Team Penske | Pontiac","Driver",89,1
"Racing",2022,"Panini","National Treasures","Midnight Holo Platinum Blue","Austin Dillon","Bass Pro Shops | Richard Childress Racing | Chevrolet","Driver",90,1
"Racing",2022,"Panini","National Treasures","Midnight Holo Platinum Blue","Denny Hamlin","FedEx Express | Joe Gibbs Racing | Toyota","Driver",91,1
"Racing",2022,"Panini","National Treasures","Midnight Holo Platinum Blue","Joey Logano","Shell-Pennzoil | Team Penske | Ford","Driver",92,1
"Racing",2022,"Panini","National Treasures","Midnight Holo Platinum Blue","Martin Truex Jr.","Bass Pro Shops | Joe Gibbs Racing | Toyota","Driver",93,1
"Racing",2022,"Panini","National Treasures","Midnight Holo Platinum Blue","Richard Petty","STP | Petty Enterprises | Plymouth","Driver",94,1
"Racing",2022,"Panini","National Treasures","Midnight Holo Platinum Blue","Danica Patrick","GoDaddy.com | Premium Motorsports | Chevrolet","Driver",95,1
"Racing",2022,"Panini","National Treasures","Midnight Holo Platinum Blue","Tony Stewart","Mobil 1 | Stewart-Haas Racing | Chevrolet","Driver",96,1
"Racing",2022,"Panini","National Treasures","Midnight Holo Platinum Blue","Jimmie Johnson","Lowe's | Hendrick Motorsports | Chevrolet","Driver",97,1
"Racing",2022,"Panini","National Treasures","Midnight Holo Platinum Blue","Dale Earnhardt Jr","National Guard | Hendrick Motorsports | Chevrolet","Driver",98,1
"Racing",2022,"Panini","National Treasures","Midnight Holo Platinum Blue","Jimmie Johnson","Ally Financial | Hendrick Motorsports | Chevrolet","Driver",99,1
"Racing",2022,"Panini","National Treasures","Midnight Holo Platinum Blue","Dale Earnhardt Jr","AXALTA | Hendrick Motorsports | Chevrolet","Driver",100,1
"Racing",2022,"Panini","National Treasures","Midnight Holo Silver","Jeff Gordon","DuPont | Hendrick Motorsports | Chevrolet","Driver",76,15
"Racing",2022,"Panini","National Treasures","Midnight Holo Silver","Alex Bowman","Ally Financial | Hendrick Motorsports | Chevrolet","Driver",77,15
"Racing",2022,"Panini","National Treasures","Midnight Holo Silver","Brittney Zamora","Rackley Roofing | Toyota","Driver",78,15
"Racing",2022,"Panini","National Treasures","Midnight Holo Silver","Bubba Wallace","Wheaties | 23XI Racing | Toyota","Driver",79,15
"Racing",2022,"Panini","National Treasures","Midnight Holo Silver","Chase Elliott","NAPA Auto Parts | Hendrick Motorsports | Chevrolet","Driver",80,15
"Racing",2022,"Panini","National Treasures","Midnight Holo Silver","Hailie Deegan","Monster Energy | DGR-Crosley | Ford","Driver",81,15
"Racing",2022,"Panini","National Treasures","Midnight Holo Silver","Kevin Harvick","Hunt Brothers Pizza | Stewart-Haas Racing | Ford","Driver",82,15
"Racing",2022,"Panini","National Treasures","Midnight Holo Silver","Kyle Busch","M&M's | Joe Gibbs Racing | Toyota","Driver",83,15
"Racing",2022,"Panini","National Treasures","Midnight Holo Silver","Kyle Larson","Hendrickcars.com | Hendrick Motorsports | Chevrolet","Driver",84,15
"Racing",2022,"Panini","National Treasures","Midnight Holo Silver","Natalie Decker","NERD Focus | Our Motorsports | Chevrolet","Driver",85,15
"Racing",2022,"Panini","National Treasures","Midnight Holo Silver","Jeff Gordon","Pepsi | Hendrick Motorsports | Chevrolet","Driver",86,15
"Racing",2022,"Panini","National Treasures","Midnight Holo Silver","Tony Stewart","Bass Pro Shops | Stewart-Haas Racing | Chevrolet","Driver",87,15
"Racing",2022,"Panini","National Treasures","Midnight Holo Silver","Dale Earnhardt Jr","Mountain Dew | Hendrick Motorsports | Chevrolet","Driver",88,15
"Racing",2022,"Panini","National Treasures","Midnight Holo Silver","Rusty Wallace","Miller Genuine Draft | Team Penske | Pontiac","Driver",89,15
"Racing",2022,"Panini","National Treasures","Midnight Holo Silver","Austin Dillon","Bass Pro Shops | Richard Childress Racing | Chevrolet","Driver",90,15
"Racing",2022,"Panini","National Treasures","Midnight Holo Silver","Denny Hamlin","FedEx Express | Joe Gibbs Racing | Toyota","Driver",91,15
"Racing",2022,"Panini","National Treasures","Midnight Holo Silver","Joey Logano","Shell-Pennzoil | Team Penske | Ford","Driver",92,15
"Racing",2022,"Panini","National Treasures","Midnight Holo Silver","Martin Truex Jr.","Bass Pro Shops | Joe Gibbs Racing | Toyota","Driver",93,15
"Racing",2022,"Panini","National Treasures","Midnight Holo Silver","Richard Petty","STP | Petty Enterprises | Plymouth","Driver",94,15
"Racing",2022,"Panini","National Treasures","Midnight Holo Silver","Danica Patrick","GoDaddy.com | Premium Motorsports | Chevrolet","Driver",95,15
"Racing",2022,"Panini","National Treasures","Midnight Holo Silver","Tony Stewart","Mobil 1 | Stewart-Haas Racing | Chevrolet","Driver",96,15
"Racing",2022,"Panini","National Treasures","Midnight Holo Silver","Jimmie Johnson","Lowe's | Hendrick Motorsports | Chevrolet","Driver",97,15
"Racing",2022,"Panini","National Treasures","Midnight Holo Silver","Dale Earnhardt Jr","National Guard | Hendrick Motorsports | Chevrolet","Driver",98,15
"Racing",2022,"Panini","National Treasures","Midnight Holo Silver","Jimmie Johnson","Ally Financial | Hendrick Motorsports | Chevrolet","Driver",99,15
"Racing",2022,"Panini","National Treasures","Midnight Holo Silver","Dale Earnhardt Jr","AXALTA | Hendrick Motorsports | Chevrolet","Driver",100,15
"Racing",2022,"Panini","National Treasures","Premium Patches","Austin Dillon","Bass Pro Shops | Richard Childress Racing | Chevrolet","Driver",2,20
"Racing",2022,"Panini","National Treasures","Premium Patches","Brad Keselowski","Kohler | RFK Racing | Ford","Driver",3,15
"Racing",2022,"Panini","National Treasures","Premium Patches","Chase Elliott","NAPA Auto Parts | Hendrick Motorsports | Chevrolet","Driver",5,9
"Racing",2022,"Panini","National Treasures","Premium Patches","Dale Earnhardt Jr","National Guard | Hendrick Motorsports | Chevrolet","Driver",6,10
"Racing",2022,"Panini","National Treasures","Premium Patches","Daniel Suarez","Tootsie's | Trackhouse Racing | Chevrolet","Driver",7,20
"Racing",2022,"Panini","National Treasures","Premium Patches","Jimmie Johnson","Kobalt Tools | Hendrick Motorsports | Chevrolet","Driver",10,5
"Racing",2022,"Panini","National Treasures","Premium Patches","Joey Logano","Shell-Pennzoil | Team Penske | Ford","Driver",11,5
"Racing",2022,"Panini","National Treasures","Premium Patches","Kevin Harvick","Subway | Stewart-Haas Racing | Ford","Driver",12,5
"Racing",2022,"Panini","National Treasures","Premium Patches","Martin Truex Jr.","Bass Pro Shops | Joe Gibbs Racing | Toyota","Driver",14,5
"Racing",2022,"Panini","National Treasures","Premium Patches","Ricky Stenhouse Jr","Kroger | JTG Daugherty Racing | Chevrolet","Driver",15,10
"Racing",2022,"Panini","National Treasures","Premium Patches","William Byron","AXALTA | Hendrick Motorsports | Chevrolet","Driver",16,5
"Racing",2022,"Panini","National Treasures","Premium Patches","Ross Chastain","AdventHealth | Trackhouse Racing | Chevrolet","Driver",17,16
"Racing",2022,"Panini","National Treasures","Premium Patches","Aric Almirola","Smithfield Foods | Stewart-Haas Racing | Ford","Driver",18,20
"Racing",2022,"Panini","National Treasures","Premium Patches Green","Alex Bowman","Valvoline | Hendrick Motorsports | Chevrolet","Driver",1,5
"Racing",2022,"Panini","National Treasures","Premium Patches Green","Austin Dillon","Bass Pro Shops | Richard Childress Racing | Chevrolet","Driver",2,5
"Racing",2022,"Panini","National Treasures","Premium Patches Green","Brad Keselowski","Kohler | RFK Racing | Ford","Driver",3,2
"Racing",2022,"Panini","National Treasures","Premium Patches Green","Bubba Wallace","Leidos | 23XI Racing | Toyota","Driver",4,5
"Racing",2022,"Panini","National Treasures","Premium Patches Green","Chase Elliott","NAPA Auto Parts | Hendrick Motorsports | Chevrolet","Driver",5,2
"Racing",2022,"Panini","National Treasures","Premium Patches Green","Dale Earnhardt Jr","National Guard | Hendrick Motorsports | Chevrolet","Driver",6,3
"Racing",2022,"Panini","National Treasures","Premium Patches Green","Daniel Suarez","Tootsie's | Trackhouse Racing | Chevrolet","Driver",7,5
"Racing",2022,"Panini","National Treasures","Premium Patches Green","Denny Hamlin","FedEx Express | Joe Gibbs Racing | Toyota","Driver",8,2
"Racing",2022,"Panini","National Treasures","Premium Patches Green","Jamie McMurray","Cessna | Chip Ganassi Racing | Chevrolet","Driver",9,5
"Racing",2022,"Panini","National Treasures","Premium Patches Green","Jimmie Johnson","Kobalt Tools | Hendrick Motorsports | Chevrolet","Driver",10,2
"Racing",2022,"Panini","National Treasures","Premium Patches Green","Joey Logano","Shell-Pennzoil | Team Penske | Ford","Driver",11,2
"Racing",2022,"Panini","National Treasures","Premium Patches Green","Kevin Harvick","Subway | Stewart-Haas Racing | Ford","Driver",12,2
"Racing",2022,"Panini","National Treasures","Premium Patches Green","Kyle Busch","M&M's | Joe Gibbs Racing | Toyota","Driver",13,5
"Racing",2022,"Panini","National Treasures","Premium Patches Green","Martin Truex Jr.","Bass Pro Shops | Joe Gibbs Racing | Toyota","Driver",14,2
"Racing",2022,"Panini","National Treasures","Premium Patches Green","Ricky Stenhouse Jr","Kroger | JTG Daugherty Racing | Chevrolet","Driver",15,2
"Racing",2022,"Panini","National Treasures","Premium Patches Green","William Byron","AXALTA | Hendrick Motorsports | Chevrolet","Driver",16,2
"Racing",2022,"Panini","National Treasures","Premium Patches Green","Ross Chastain","AdventHealth | Trackhouse Racing | Chevrolet","Driver",17,3
"Racing",2022,"Panini","National Treasures","Premium Patches Green","Aric Almirola","Smithfield Foods | Stewart-Haas Racing | Ford","Driver",18,5
"Racing",2022,"Panini","National Treasures","Premium Patches Holo Gold","Alex Bowman","Valvoline | Hendrick Motorsports | Chevrolet","Driver",1,10
"Racing",2022,"Panini","National Treasures","Premium Patches Holo Gold","Austin Dillon","Bass Pro Shops | Richard Childress Racing | Chevrolet","Driver",2,10
"Racing",2022,"Panini","National Treasures","Premium Patches Holo Gold","Brad Keselowski","Kohler | RFK Racing | Ford","Driver",3,5
"Racing",2022,"Panini","National Treasures","Premium Patches Holo Gold","Chase Elliott","NAPA Auto Parts | Hendrick Motorsports | Chevrolet","Driver",5,3
"Racing",2022,"Panini","National Treasures","Premium Patches Holo Gold","Dale Earnhardt Jr","National Guard | Hendrick Motorsports | Chevrolet","Driver",6,5
"Racing",2022,"Panini","National Treasures","Premium Patches Holo Gold","Daniel Suarez","Tootsie's | Trackhouse Racing | Chevrolet","Driver",7,10
"Racing",2022,"Panini","National Treasures","Premium Patches Holo Gold","Denny Hamlin","FedEx Express | Joe Gibbs Racing | Toyota","Driver",8,3
"Racing",2022,"Panini","National Treasures","Premium Patches Holo Gold","Jamie McMurray","Cessna | Chip Ganassi Racing | Chevrolet","Driver",9,10
"Racing",2022,"Panini","National Treasures","Premium Patches Holo Gold","Jimmie Johnson","Kobalt Tools | Hendrick Motorsports | Chevrolet","Driver",10,3
"Racing",2022,"Panini","National Treasures","Premium Patches Holo Gold","Joey Logano","Shell-Pennzoil | Team Penske | Ford","Driver",11,3
"Racing",2022,"Panini","National Treasures","Premium Patches Holo Gold","Kevin Harvick","Subway | Stewart-Haas Racing | Ford","Driver",12,3
"Racing",2022,"Panini","National Treasures","Premium Patches Holo Gold","Kyle Busch","M&M's | Joe Gibbs Racing | Toyota","Driver",13,3
"Racing",2022,"Panini","National Treasures","Premium Patches Holo Gold","Martin Truex Jr.","Bass Pro Shops | Joe Gibbs Racing | Toyota","Driver",14,3
"Racing",2022,"Panini","National Treasures","Premium Patches Holo Gold","Ricky Stenhouse Jr","Kroger | JTG Daugherty Racing | Chevrolet","Driver",15,3
"Racing",2022,"Panini","National Treasures","Premium Patches Holo Gold","William Byron","AXALTA | Hendrick Motorsports | Chevrolet","Driver",16,3
"Racing",2022,"Panini","National Treasures","Premium Patches Holo Gold","Ross Chastain","AdventHealth | Trackhouse Racing | Chevrolet","Driver",17,5
"Racing",2022,"Panini","National Treasures","Premium Patches Holo Gold","Aric Almirola","Smithfield Foods | Stewart-Haas Racing | Ford","Driver",18,10
"Racing",2022,"Panini","National Treasures","Premium Patches Holo Platinum Blue","Alex Bowman","Valvoline | Hendrick Motorsports | Chevrolet","Driver",1,1
"Racing",2022,"Panini","National Treasures","Premium Patches Holo Platinum Blue","Austin Dillon","Bass Pro Shops | Richard Childress Racing | Chevrolet","Driver",2,1
"Racing",2022,"Panini","National Treasures","Premium Patches Holo Platinum Blue","Brad Keselowski","Kohler | RFK Racing | Ford","Driver",3,1
"Racing",2022,"Panini","National Treasures","Premium Patches Holo Platinum Blue","Bubba Wallace","Leidos | 23XI Racing | Toyota","Driver",4,1
"Racing",2022,"Panini","National Treasures","Premium Patches Holo Platinum Blue","Chase Elliott","NAPA Auto Parts | Hendrick Motorsports | Chevrolet","Driver",5,1
"Racing",2022,"Panini","National Treasures","Premium Patches Holo Platinum Blue","Dale Earnhardt Jr","National Guard | Hendrick Motorsports | Chevrolet","Driver",6,1
"Racing",2022,"Panini","National Treasures","Premium Patches Holo Platinum Blue","Daniel Suarez","Tootsie's | Trackhouse Racing | Chevrolet","Driver",7,1
"Racing",2022,"Panini","National Treasures","Premium Patches Holo Platinum Blue","Denny Hamlin","FedEx Express | Joe Gibbs Racing | Toyota","Driver",8,1
"Racing",2022,"Panini","National Treasures","Premium Patches Holo Platinum Blue","Jamie McMurray","Cessna | Chip Ganassi Racing | Chevrolet","Driver",9,1
"Racing",2022,"Panini","National Treasures","Premium Patches Holo Platinum Blue","Jimmie Johnson","Kobalt Tools | Hendrick Motorsports | Chevrolet","Driver",10,1
"Racing",2022,"Panini","National Treasures","Premium Patches Holo Platinum Blue","Joey Logano","Shell-Pennzoil | Team Penske | Ford","Driver",11,1
"Racing",2022,"Panini","National Treasures","Premium Patches Holo Platinum Blue","Kevin Harvick","Subway | Stewart-Haas Racing | Ford","Driver",12,1
"Racing",2022,"Panini","National Treasures","Premium Patches Holo Platinum Blue","Kyle Busch","M&M's | Joe Gibbs Racing | Toyota","Driver",13,1
"Racing",2022,"Panini","National Treasures","Premium Patches Holo Platinum Blue","Martin Truex Jr.","Bass Pro Shops | Joe Gibbs Racing | Toyota","Driver",14,1
"Racing",2022,"Panini","National Treasures","Premium Patches Holo Platinum Blue","Ricky Stenhouse Jr","Kroger | JTG Daugherty Racing | Chevrolet","Driver",15,1
"Racing",2022,"Panini","National Treasures","Premium Patches Holo Platinum Blue","William Byron","AXALTA | Hendrick Motorsports | Chevrolet","Driver",16,1
"Racing",2022,"Panini","National Treasures","Premium Patches Holo Platinum Blue","Ross Chastain","AdventHealth | Trackhouse Racing | Chevrolet","Driver",17,1
"Racing",2022,"Panini","National Treasures","Premium Patches Holo Platinum Blue","Aric Almirola","Smithfield Foods | Stewart-Haas Racing | Ford","Driver",18,1
"Racing",2022,"Panini","National Treasures","Premium Patches Holo Silver","Alex Bowman","Valvoline | Hendrick Motorsports | Chevrolet","Driver",1,15
"Racing",2022,"Panini","National Treasures","Premium Patches Holo Silver","Austin Dillon","Bass Pro Shops | Richard Childress Racing | Chevrolet","Driver",2,15
"Racing",2022,"Panini","National Treasures","Premium Patches Holo Silver","Brad Keselowski","Kohler | RFK Racing | Ford","Driver",3,10
"Racing",2022,"Panini","National Treasures","Premium Patches Holo Silver","Chase Elliott","NAPA Auto Parts | Hendrick Motorsports | Chevrolet","Driver",5,6
"Racing",2022,"Panini","National Treasures","Premium Patches Holo Silver","Dale Earnhardt Jr","National Guard | Hendrick Motorsports | Chevrolet","Driver",6,9
"Racing",2022,"Panini","National Treasures","Premium Patches Holo Silver","Daniel Suarez","Tootsie's | Trackhouse Racing | Chevrolet","Driver",7,15
"Racing",2022,"Panini","National Treasures","Premium Patches Holo Silver","Jimmie Johnson","Kobalt Tools | Hendrick Motorsports | Chevrolet","Driver",10,4
"Racing",2022,"Panini","National Treasures","Premium Patches Holo Silver","Joey Logano","Shell-Pennzoil | Team Penske | Ford","Driver",11,4
"Racing",2022,"Panini","National Treasures","Premium Patches Holo Silver","Kevin Harvick","Subway | Stewart-Haas Racing | Ford","Driver",12,4
"Racing",2022,"Panini","National Treasures","Premium Patches Holo Silver","Kyle Busch","M&M's | Joe Gibbs Racing | Toyota","Driver",13,4
"Racing",2022,"Panini","National Treasures","Premium Patches Holo Silver","Martin Truex Jr.","Bass Pro Shops | Joe Gibbs Racing | Toyota","Driver",14,4
"Racing",2022,"Panini","National Treasures","Premium Patches Holo Silver","Ricky Stenhouse Jr","Kroger | JTG Daugherty Racing | Chevrolet","Driver",15,5
"Racing",2022,"Panini","National Treasures","Premium Patches Holo Silver","William Byron","AXALTA | Hendrick Motorsports | Chevrolet","Driver",16,4
"Racing",2022,"Panini","National Treasures","Premium Patches Holo Silver","Ross Chastain","AdventHealth | Trackhouse Racing | Chevrolet","Driver",17,10
"Racing",2022,"Panini","National Treasures","Premium Patches Holo Silver","Aric Almirola","Smithfield Foods | Stewart-Haas Racing | Ford","Driver",18,15
"Racing",2022,"Panini","National Treasures","Premium Patches Midnight","Aric Almirola","Smithfield Foods | Stewart-Haas Racing | Ford","Driver",2,19
"Racing",2022,"Panini","National Treasures","Premium Patches Midnight","Brad Keselowski","Kohler | RFK Racing | Ford","Driver",3,15
"Racing",2022,"Panini","National Treasures","Premium Patches Midnight","Chase Elliott","NAPA Auto Parts | Hendrick Motorsports | Chevrolet","Driver",5,9
"Racing",2022,"Panini","National Treasures","Premium Patches Midnight","Joey Logano","Shell-Pennzoil | Team Penske | Ford","Driver",9,5
"Racing",2022,"Panini","National Treasures","Premium Patches Midnight","Kevin Harvick","Hunt Brothers Pizza | Stewart-Haas Racing | Ford","Driver",10,5
"Racing",2022,"Panini","National Treasures","Premium Patches Midnight","Kurt Busch","Monster | 23XI Racing | Toyota","Driver",11,5
"Racing",2022,"Panini","National Treasures","Premium Patches Midnight","Kyle Larson","NationsGuard | Hendrick Motorsports | Chevrolet","Driver",13,28
"Racing",2022,"Panini","National Treasures","Premium Patches Midnight","Martin Truex Jr.","Bass Pro Shops | Joe Gibbs Racing | Toyota","Driver",14,5
"Racing",2022,"Panini","National Treasures","Premium Patches Midnight","Ricky Stenhouse Jr","Kroger | JTG Daugherty Racing | Chevrolet","Driver",15,10
"Racing",2022,"Panini","National Treasures","Premium Patches Midnight","Ryan Newman","Acronis | Roush Fenway Racing | Ford","Driver",17,25
"Racing",2022,"Panini","National Treasures","Premium Patches Midnight","William Byron","AXALTA | Hendrick Motorsports | Chevrolet","Driver",19,5
"Racing",2022,"Panini","National Treasures","Premium Patches Midnight","Daniel Suarez","Tootsie's | Trackhouse Racing | Chevrolet","Driver",20,20
"Racing",2022,"Panini","National Treasures","Premium Patches Midnight Green","Alex Bowman","Ally Financial | Hendrick Motorsports | Chevrolet","Driver",1,5
"Racing",2022,"Panini","National Treasures","Premium Patches Midnight Green","Aric Almirola","Smithfield Foods | Stewart-Haas Racing | Ford","Driver",2,5
"Racing",2022,"Panini","National Treasures","Premium Patches Midnight Green","Brad Keselowski","Kohler | RFK Racing | Ford","Driver",3,2
"Racing",2022,"Panini","National Treasures","Premium Patches Midnight Green","Bubba Wallace","DoorDash | 23XI Racing | Toyota","Driver",4,5
"Racing",2022,"Panini","National Treasures","Premium Patches Midnight Green","Chase Elliott","NAPA Auto Parts | Hendrick Motorsports | Chevrolet","Driver",5,2
"Racing",2022,"Panini","National Treasures","Premium Patches Midnight Green","Chris Buescher","Fastenal | RFK Racing | Ford","Driver",6,5
"Racing",2022,"Panini","National Treasures","Premium Patches Midnight Green","Denny Hamlin","FedEx Express | Joe Gibbs Racing | Toyota","Driver",8,2
"Racing",2022,"Panini","National Treasures","Premium Patches Midnight Green","Joey Logano","Shell-Pennzoil | Team Penske | Ford","Driver",9,2
"Racing",2022,"Panini","National Treasures","Premium Patches Midnight Green","Kevin Harvick","Hunt Brothers Pizza | Stewart-Haas Racing | Ford","Driver",10,2
"Racing",2022,"Panini","National Treasures","Premium Patches Midnight Green","Kurt Busch","Monster | 23XI Racing | Toyota","Driver",11,2
"Racing",2022,"Panini","National Treasures","Premium Patches Midnight Green","Kyle Busch","M&M's | Joe Gibbs Racing | Toyota","Driver",12,2
"Racing",2022,"Panini","National Treasures","Premium Patches Midnight Green","Kyle Larson","NationsGuard | Hendrick Motorsports | Chevrolet","Driver",13,3
"Racing",2022,"Panini","National Treasures","Premium Patches Midnight Green","Martin Truex Jr.","Bass Pro Shops | Joe Gibbs Racing | Toyota","Driver",14,2
"Racing",2022,"Panini","National Treasures","Premium Patches Midnight Green","Ricky Stenhouse Jr","Kroger | JTG Daugherty Racing | Chevrolet","Driver",15,2
"Racing",2022,"Panini","National Treasures","Premium Patches Midnight Green","Ryan Blaney","BodyArmor | Team Penske | Ford","Driver",16,5
"Racing",2022,"Panini","National Treasures","Premium Patches Midnight Green","Ryan Newman","Acronis | Roush Fenway Racing | Ford","Driver",17,2
"Racing",2022,"Panini","National Treasures","Premium Patches Midnight Green","Tyler Reddick","BetMGM | Richard Childress Racing | Chevrolet","Driver",18,5
"Racing",2022,"Panini","National Treasures","Premium Patches Midnight Green","William Byron","AXALTA | Hendrick Motorsports | Chevrolet","Driver",19,2
"Racing",2022,"Panini","National Treasures","Premium Patches Midnight Green","Daniel Suarez","Tootsie's | Trackhouse Racing | Chevrolet","Driver",20,5
"Racing",2022,"Panini","National Treasures","Premium Patches Midnight Holo Gold","Alex Bowman","Ally Financial | Hendrick Motorsports | Chevrolet","Driver",1,10
"Racing",2022,"Panini","National Treasures","Premium Patches Midnight Holo Gold","Aric Almirola","Smithfield Foods | Stewart-Haas Racing | Ford","Driver",2,10
"Racing",2022,"Panini","National Treasures","Premium Patches Midnight Holo Gold","Brad Keselowski","Kohler | RFK Racing | Ford","Driver",3,5
"Racing",2022,"Panini","National Treasures","Premium Patches Midnight Holo Gold","Chase Elliott","NAPA Auto Parts | Hendrick Motorsports | Chevrolet","Driver",5,3
"Racing",2022,"Panini","National Treasures","Premium Patches Midnight Holo Gold","Chris Buescher","Fastenal | RFK Racing | Ford","Driver",6,10
"Racing",2022,"Panini","National Treasures","Premium Patches Midnight Holo Gold","Denny Hamlin","FedEx Express | Joe Gibbs Racing | Toyota","Driver",8,3
"Racing",2022,"Panini","National Treasures","Premium Patches Midnight Holo Gold","Joey Logano","Shell-Pennzoil | Team Penske | Ford","Driver",9,3
"Racing",2022,"Panini","National Treasures","Premium Patches Midnight Holo Gold","Kevin Harvick","Hunt Brothers Pizza | Stewart-Haas Racing | Ford","Driver",10,3
"Racing",2022,"Panini","National Treasures","Premium Patches Midnight Holo Gold","Kurt Busch","Monster | 23XI Racing | Toyota","Driver",11,3
"Racing",2022,"Panini","National Treasures","Premium Patches Midnight Holo Gold","Kyle Busch","M&M's | Joe Gibbs Racing | Toyota","Driver",12,3
"Racing",2022,"Panini","National Treasures","Premium Patches Midnight Holo Gold","Kyle Larson","NationsGuard | Hendrick Motorsports | Chevrolet","Driver",13,5
"Racing",2022,"Panini","National Treasures","Premium Patches Midnight Holo Gold","Martin Truex Jr.","Bass Pro Shops | Joe Gibbs Racing | Toyota","Driver",14,3
"Racing",2022,"Panini","National Treasures","Premium Patches Midnight Holo Gold","Ricky Stenhouse Jr","Kroger | JTG Daugherty Racing | Chevrolet","Driver",15,3
"Racing",2022,"Panini","National Treasures","Premium Patches Midnight Holo Gold","Ryan Blaney","BodyArmor | Team Penske | Ford","Driver",16,7
"Racing",2022,"Panini","National Treasures","Premium Patches Midnight Holo Gold","Ryan Newman","Acronis | Roush Fenway Racing | Ford","Driver",17,5
"Racing",2022,"Panini","National Treasures","Premium Patches Midnight Holo Gold","Tyler Reddick","BetMGM | Richard Childress Racing | Chevrolet","Driver",18,10
"Racing",2022,"Panini","National Treasures","Premium Patches Midnight Holo Gold","William Byron","AXALTA | Hendrick Motorsports | Chevrolet","Driver",19,3
"Racing",2022,"Panini","National Treasures","Premium Patches Midnight Holo Gold","Daniel Suarez","Tootsie's | Trackhouse Racing | Chevrolet","Driver",20,10
"Racing",2022,"Panini","National Treasures","Premium Patches Midnight Holo Platinum Blue","Alex Bowman","Ally Financial | Hendrick Motorsports | Chevrolet","Driver",1,1
"Racing",2022,"Panini","National Treasures","Premium Patches Midnight Holo Platinum Blue","Aric Almirola","Smithfield Foods | Stewart-Haas Racing | Ford","Driver",2,1
"Racing",2022,"Panini","National Treasures","Premium Patches Midnight Holo Platinum Blue","Brad Keselowski","Kohler | RFK Racing | Ford","Driver",3,1
"Racing",2022,"Panini","National Treasures","Premium Patches Midnight Holo Platinum Blue","Bubba Wallace","DoorDash | 23XI Racing | Toyota","Driver",4,1
"Racing",2022,"Panini","National Treasures","Premium Patches Midnight Holo Platinum Blue","Chase Elliott","NAPA Auto Parts | Hendrick Motorsports | Chevrolet","Driver",5,1
"Racing",2022,"Panini","National Treasures","Premium Patches Midnight Holo Platinum Blue","Chris Buescher","Fastenal | RFK Racing | Ford","Driver",6,1
"Racing",2022,"Panini","National Treasures","Premium Patches Midnight Holo Platinum Blue","Denny Hamlin","FedEx Express | Joe Gibbs Racing | Toyota","Driver",8,1
"Racing",2022,"Panini","National Treasures","Premium Patches Midnight Holo Platinum Blue","Joey Logano","Shell-Pennzoil | Team Penske | Ford","Driver",9,1
"Racing",2022,"Panini","National Treasures","Premium Patches Midnight Holo Platinum Blue","Kevin Harvick","Hunt Brothers Pizza | Stewart-Haas Racing | Ford","Driver",10,1
"Racing",2022,"Panini","National Treasures","Premium Patches Midnight Holo Platinum Blue","Kurt Busch","Monster | 23XI Racing | Toyota","Driver",11,1
"Racing",2022,"Panini","National Treasures","Premium Patches Midnight Holo Platinum Blue","Kyle Busch","M&M's | Joe Gibbs Racing | Toyota","Driver",12,1
"Racing",2022,"Panini","National Treasures","Premium Patches Midnight Holo Platinum Blue","Kyle Larson","NationsGuard | Hendrick Motorsports | Chevrolet","Driver",13,1
"Racing",2022,"Panini","National Treasures","Premium Patches Midnight Holo Platinum Blue","Martin Truex Jr.","Bass Pro Shops | Joe Gibbs Racing | Toyota","Driver",14,1
"Racing",2022,"Panini","National Treasures","Premium Patches Midnight Holo Platinum Blue","Ricky Stenhouse Jr","Kroger | JTG Daugherty Racing | Chevrolet","Driver",15,1
"Racing",2022,"Panini","National Treasures","Premium Patches Midnight Holo Platinum Blue","Ryan Blaney","BodyArmor | Team Penske | Ford","Driver",16,1
"Racing",2022,"Panini","National Treasures","Premium Patches Midnight Holo Platinum Blue","Ryan Newman","Acronis | Roush Fenway Racing | Ford","Driver",17,1
"Racing",2022,"Panini","National Treasures","Premium Patches Midnight Holo Platinum Blue","Tyler Reddick","BetMGM | Richard Childress Racing | Chevrolet","Driver",18,1
"Racing",2022,"Panini","National Treasures","Premium Patches Midnight Holo Platinum Blue","William Byron","AXALTA | Hendrick Motorsports | Chevrolet","Driver",19,1
"Racing",2022,"Panini","National Treasures","Premium Patches Midnight Holo Platinum Blue","Daniel Suarez","Tootsie's | Trackhouse Racing | Chevrolet","Driver",20,1
"Racing",2022,"Panini","National Treasures","Premium Patches Midnight Holo Silver","Alex Bowman","Ally Financial | Hendrick Motorsports | Chevrolet","Driver",1,15
"Racing",2022,"Panini","National Treasures","Premium Patches Midnight Holo Silver","Aric Almirola","Smithfield Foods | Stewart-Haas Racing | Ford","Driver",2,15
"Racing",2022,"Panini","National Treasures","Premium Patches Midnight Holo Silver","Brad Keselowski","Kohler | RFK Racing | Ford","Driver",3,10
"Racing",2022,"Panini","National Treasures","Premium Patches Midnight Holo Silver","Chase Elliott","NAPA Auto Parts | Hendrick Motorsports | Chevrolet","Driver",5,5
"Racing",2022,"Panini","National Treasures","Premium Patches Midnight Holo Silver","Chris Buescher","Fastenal | RFK Racing | Ford","Driver",6,25
"Racing",2022,"Panini","National Treasures","Premium Patches Midnight Holo Silver","Denny Hamlin","FedEx Express | Joe Gibbs Racing | Toyota","Driver",8,4
"Racing",2022,"Panini","National Treasures","Premium Patches Midnight Holo Silver","Joey Logano","Shell-Pennzoil | Team Penske | Ford","Driver",9,4
"Racing",2022,"Panini","National Treasures","Premium Patches Midnight Holo Silver","Kevin Harvick","Hunt Brothers Pizza | Stewart-Haas Racing | Ford","Driver",10,4
"Racing",2022,"Panini","National Treasures","Premium Patches Midnight Holo Silver","Kurt Busch","Monster | 23XI Racing | Toyota","Driver",11,4
"Racing",2022,"Panini","National Treasures","Premium Patches Midnight Holo Silver","Kyle Busch","M&M's | Joe Gibbs Racing | Toyota","Driver",12,4
"Racing",2022,"Panini","National Treasures","Premium Patches Midnight Holo Silver","Kyle Larson","NationsGuard | Hendrick Motorsports | Chevrolet","Driver",13,11
"Racing",2022,"Panini","National Treasures","Premium Patches Midnight Holo Silver","Martin Truex Jr.","Bass Pro Shops | Joe Gibbs Racing | Toyota","Driver",14,4
"Racing",2022,"Panini","National Treasures","Premium Patches Midnight Holo Silver","Ricky Stenhouse Jr","Kroger | JTG Daugherty Racing | Chevrolet","Driver",15,5
"Racing",2022,"Panini","National Treasures","Premium Patches Midnight Holo Silver","Ryan Newman","Acronis | Roush Fenway Racing | Ford","Driver",17,10
"Racing",2022,"Panini","National Treasures","Premium Patches Midnight Holo Silver","Tyler Reddick","BetMGM | Richard Childress Racing | Chevrolet","Driver",18,22
"Racing",2022,"Panini","National Treasures","Premium Patches Midnight Holo Silver","William Byron","AXALTA | Hendrick Motorsports | Chevrolet","Driver",19,4
"Racing",2022,"Panini","National Treasures","Premium Patches Midnight Holo Silver","Daniel Suarez","Tootsie's | Trackhouse Racing | Chevrolet","Driver",20,15
"Racing",2022,"Panini","National Treasures","Premium Patches Stars and Stripes","Aric Almirola","Smithfield Foods | Stewart-Haas Racing | Ford","Driver",1,20
"Racing",2022,"Panini","National Treasures","Premium Patches Stars and Stripes","Brad Keselowski","Kohler | RFK Racing | Ford","Driver",2,15
"Racing",2022,"Panini","National Treasures","Premium Patches Stars and Stripes","Joey Logano","Shell-Pennzoil | Team Penske | Ford","Driver",6,5
"Racing",2022,"Panini","National Treasures","Premium Patches Stars and Stripes","William Byron","AXALTA | Hendrick Motorsports | Chevrolet","Driver",7,5
"Racing",2022,"Panini","National Treasures","Premium Patches Stars and Stripes","Ryan Newman","Acronis | Roush Fenway Racing | Ford","Driver",8,25
"Racing",2022,"Panini","National Treasures","Premium Patches Stars and Stripes","Ricky Stenhouse Jr","Kroger | JTG Daugherty Racing | Chevrolet","Driver",10,10
"Racing",2022,"Panini","National Treasures","Premium Patches Stars and Stripes","Kyle Larson","Hendrickcars.com | Hendrick Motorsports | Chevrolet","Driver",12,28
"Racing",2022,"Panini","National Treasures","Premium Patches Stars and Stripes","Ross Chastain","AdventHealth | Trackhouse Racing | Chevrolet","Driver",13,15
"Racing",2022,"Panini","National Treasures","Premium Patches Stars and Stripes","Kevin Harvick","Hunt Brothers Pizza | Stewart-Haas Racing | Ford","Driver",14,5
"Racing",2022,"Panini","National Treasures","Premium Patches Stars and Stripes","Jimmie Johnson","Ally Financial | Hendrick Motorsports | Chevrolet","Driver",15,5
"Racing",2022,"Panini","National Treasures","Premium Patches Stars and Stripes","Denny Hamlin","FedEx Express | Joe Gibbs Racing | Toyota","Driver",16,6
"Racing",2022,"Panini","National Treasures","Premium Patches Stars and Stripes","Chase Elliott","NAPA Auto Parts | Hendrick Motorsports | Chevrolet","Driver",17,9
"Racing",2022,"Panini","National Treasures","Premium Patches Stars and Stripes Green","Aric Almirola","Smithfield Foods | Stewart-Haas Racing | Ford","Driver",1,5
"Racing",2022,"Panini","National Treasures","Premium Patches Stars and Stripes Green","Brad Keselowski","Kohler | RFK Racing | Ford","Driver",2,2
"Racing",2022,"Panini","National Treasures","Premium Patches Stars and Stripes Green","Bubba Wallace","DoorDash | 23XI Racing | Toyota","Driver",3,5
"Racing",2022,"Panini","National Treasures","Premium Patches Stars and Stripes Green","Chris Buescher","Fastenal | Roush Fenway Racing | Ford","Driver",4,5
"Racing",2022,"Panini","National Treasures","Premium Patches Stars and Stripes Green","Joey Logano","Shell-Pennzoil | Team Penske | Ford","Driver",6,2
"Racing",2022,"Panini","National Treasures","Premium Patches Stars and Stripes Green","William Byron","AXALTA | Hendrick Motorsports | Chevrolet","Driver",7,2
"Racing",2022,"Panini","National Treasures","Premium Patches Stars and Stripes Green","Ryan Newman","Acronis | Roush Fenway Racing | Ford","Driver",8,2
"Racing",2022,"Panini","National Treasures","Premium Patches Stars and Stripes Green","Kyle Busch","M&M's | Joe Gibbs Racing | Toyota","Driver",9,2
"Racing",2022,"Panini","National Treasures","Premium Patches Stars and Stripes Green","Ricky Stenhouse Jr","Kroger | JTG Daugherty Racing | Chevrolet","Driver",10,2
"Racing",2022,"Panini","National Treasures","Premium Patches Stars and Stripes Green","Alex Bowman","Ally Financial | Hendrick Motorsports | Chevrolet","Driver",11,5
"Racing",2022,"Panini","National Treasures","Premium Patches Stars and Stripes Green","Kyle Larson","Hendrickcars.com | Hendrick Motorsports | Chevrolet","Driver",12,2
"Racing",2022,"Panini","National Treasures","Premium Patches Stars and Stripes Green","Ross Chastain","AdventHealth | Trackhouse Racing | Chevrolet","Driver",13,3
"Racing",2022,"Panini","National Treasures","Premium Patches Stars and Stripes Green","Kevin Harvick","Hunt Brothers Pizza | Stewart-Haas Racing | Ford","Driver",14,2
"Racing",2022,"Panini","National Treasures","Premium Patches Stars and Stripes Green","Jimmie Johnson","Ally Financial | Hendrick Motorsports | Chevrolet","Driver",15,2
"Racing",2022,"Panini","National Treasures","Premium Patches Stars and Stripes Green","Denny Hamlin","FedEx Express | Joe Gibbs Racing | Toyota","Driver",16,2
"Racing",2022,"Panini","National Treasures","Premium Patches Stars and Stripes Green","Chase Elliott","NAPA Auto Parts | Hendrick Motorsports | Chevrolet","Driver",17,2
"Racing",2022,"Panini","National Treasures","Premium Patches Stars and Stripes Green","Jamie McMurray","McDonald's | Chip Ganassi Racing | Chevrolet","Driver",18,5
"Racing",2022,"Panini","National Treasures","Premium Patches Stars and Stripes Holo Gold","Aric Almirola","Smithfield Foods | Stewart-Haas Racing | Ford","Driver",1,10
"Racing",2022,"Panini","National Treasures","Premium Patches Stars and Stripes Holo Gold","Brad Keselowski","Kohler | RFK Racing | Ford","Driver",2,5
"Racing",2022,"Panini","National Treasures","Premium Patches Stars and Stripes Holo Gold","Chris Buescher","Fastenal | Roush Fenway Racing | Ford","Driver",4,10
"Racing",2022,"Panini","National Treasures","Premium Patches Stars and Stripes Holo Gold","Joey Logano","Shell-Pennzoil | Team Penske | Ford","Driver",6,3
"Racing",2022,"Panini","National Treasures","Premium Patches Stars and Stripes Holo Gold","William Byron","AXALTA | Hendrick Motorsports | Chevrolet","Driver",7,3
"Racing",2022,"Panini","National Treasures","Premium Patches Stars and Stripes Holo Gold","Ryan Newman","Acronis | Roush Fenway Racing | Ford","Driver",8,5
"Racing",2022,"Panini","National Treasures","Premium Patches Stars and Stripes Holo Gold","Kyle Busch","M&M's | Joe Gibbs Racing | Toyota","Driver",9,3
"Racing",2022,"Panini","National Treasures","Premium Patches Stars and Stripes Holo Gold","Ricky Stenhouse Jr","Kroger | JTG Daugherty Racing | Chevrolet","Driver",10,3
"Racing",2022,"Panini","National Treasures","Premium Patches Stars and Stripes Holo Gold","Alex Bowman","Ally Financial | Hendrick Motorsports | Chevrolet","Driver",11,10
"Racing",2022,"Panini","National Treasures","Premium Patches Stars and Stripes Holo Gold","Kyle Larson","Hendrickcars.com | Hendrick Motorsports | Chevrolet","Driver",12,3
"Racing",2022,"Panini","National Treasures","Premium Patches Stars and Stripes Holo Gold","Ross Chastain","AdventHealth | Trackhouse Racing | Chevrolet","Driver",13,5
"Racing",2022,"Panini","National Treasures","Premium Patches Stars and Stripes Holo Gold","Kevin Harvick","Hunt Brothers Pizza | Stewart-Haas Racing | Ford","Driver",14,3
"Racing",2022,"Panini","National Treasures","Premium Patches Stars and Stripes Holo Gold","Jimmie Johnson","Ally Financial | Hendrick Motorsports | Chevrolet","Driver",15,3
"Racing",2022,"Panini","National Treasures","Premium Patches Stars and Stripes Holo Gold","Denny Hamlin","FedEx Express | Joe Gibbs Racing | Toyota","Driver",16,3
"Racing",2022,"Panini","National Treasures","Premium Patches Stars and Stripes Holo Gold","Chase Elliott","NAPA Auto Parts | Hendrick Motorsports | Chevrolet","Driver",17,3
"Racing",2022,"Panini","National Treasures","Premium Patches Stars and Stripes Holo Gold","Jamie McMurray","McDonald's | Chip Ganassi Racing | Chevrolet","Driver",18,10
"Racing",2022,"Panini","National Treasures","Premium Patches Stars and Stripes Holo Platinum Blue","Aric Almirola","Smithfield Foods | Stewart-Haas Racing | Ford","Driver",1,1
"Racing",2022,"Panini","National Treasures","Premium Patches Stars and Stripes Holo Platinum Blue","Brad Keselowski","Kohler | RFK Racing | Ford","Driver",2,1
"Racing",2022,"Panini","National Treasures","Premium Patches Stars and Stripes Holo Platinum Blue","Bubba Wallace","DoorDash | 23XI Racing | Toyota","Driver",3,1
"Racing",2022,"Panini","National Treasures","Premium Patches Stars and Stripes Holo Platinum Blue","Chris Buescher","Fastenal | Roush Fenway Racing | Ford","Driver",4,1
"Racing",2022,"Panini","National Treasures","Premium Patches Stars and Stripes Holo Platinum Blue","Joey Logano","Shell-Pennzoil | Team Penske | Ford","Driver",6,1
"Racing",2022,"Panini","National Treasures","Premium Patches Stars and Stripes Holo Platinum Blue","William Byron","AXALTA | Hendrick Motorsports | Chevrolet","Driver",7,1
"Racing",2022,"Panini","National Treasures","Premium Patches Stars and Stripes Holo Platinum Blue","Ryan Newman","Acronis | Roush Fenway Racing | Ford","Driver",8,1
"Racing",2022,"Panini","National Treasures","Premium Patches Stars and Stripes Holo Platinum Blue","Kyle Busch","M&M's | Joe Gibbs Racing | Toyota","Driver",9,1
"Racing",2022,"Panini","National Treasures","Premium Patches Stars and Stripes Holo Platinum Blue","Ricky Stenhouse Jr","Kroger | JTG Daugherty Racing | Chevrolet","Driver",10,1
"Racing",2022,"Panini","National Treasures","Premium Patches Stars and Stripes Holo Platinum Blue","Alex Bowman","Ally Financial | Hendrick Motorsports | Chevrolet","Driver",11,1
"Racing",2022,"Panini","National Treasures","Premium Patches Stars and Stripes Holo Platinum Blue","Kyle Larson","Hendrickcars.com | Hendrick Motorsports | Chevrolet","Driver",12,1
"Racing",2022,"Panini","National Treasures","Premium Patches Stars and Stripes Holo Platinum Blue","Ross Chastain","AdventHealth | Trackhouse Racing | Chevrolet","Driver",13,1
"Racing",2022,"Panini","National Treasures","Premium Patches Stars and Stripes Holo Platinum Blue","Kevin Harvick","Hunt Brothers Pizza | Stewart-Haas Racing | Ford","Driver",14,1
"Racing",2022,"Panini","National Treasures","Premium Patches Stars and Stripes Holo Platinum Blue","Jimmie Johnson","Ally Financial | Hendrick Motorsports | Chevrolet","Driver",15,1
"Racing",2022,"Panini","National Treasures","Premium Patches Stars and Stripes Holo Platinum Blue","Denny Hamlin","FedEx Express | Joe Gibbs Racing | Toyota","Driver",16,1
"Racing",2022,"Panini","National Treasures","Premium Patches Stars and Stripes Holo Platinum Blue","Chase Elliott","NAPA Auto Parts | Hendrick Motorsports | Chevrolet","Driver",17,1
"Racing",2022,"Panini","National Treasures","Premium Patches Stars and Stripes Holo Platinum Blue","Jamie McMurray","McDonald's | Chip Ganassi Racing | Chevrolet","Driver",18,1
"Racing",2022,"Panini","National Treasures","Premium Patches Stars and Stripes Holo Silver","Aric Almirola","Smithfield Foods | Stewart-Haas Racing | Ford","Driver",1,15
"Racing",2022,"Panini","National Treasures","Premium Patches Stars and Stripes Holo Silver","Brad Keselowski","Kohler | RFK Racing | Ford","Driver",2,10
"Racing",2022,"Panini","National Treasures","Premium Patches Stars and Stripes Holo Silver","Chris Buescher","Fastenal | Roush Fenway Racing | Ford","Driver",4,25
"Racing",2022,"Panini","National Treasures","Premium Patches Stars and Stripes Holo Silver","Joey Logano","Shell-Pennzoil | Team Penske | Ford","Driver",6,4
"Racing",2022,"Panini","National Treasures","Premium Patches Stars and Stripes Holo Silver","William Byron","AXALTA | Hendrick Motorsports | Chevrolet","Driver",7,4
"Racing",2022,"Panini","National Treasures","Premium Patches Stars and Stripes Holo Silver","Ryan Newman","Acronis | Roush Fenway Racing | Ford","Driver",8,10
"Racing",2022,"Panini","National Treasures","Premium Patches Stars and Stripes Holo Silver","Kyle Busch","M&M's | Joe Gibbs Racing | Toyota","Driver",9,4
"Racing",2022,"Panini","National Treasures","Premium Patches Stars and Stripes Holo Silver","Ricky Stenhouse Jr","Kroger | JTG Daugherty Racing | Chevrolet","Driver",10,5
"Racing",2022,"Panini","National Treasures","Premium Patches Stars and Stripes Holo Silver","Alex Bowman","Ally Financial | Hendrick Motorsports | Chevrolet","Driver",11,15
"Racing",2022,"Panini","National Treasures","Premium Patches Stars and Stripes Holo Silver","Kyle Larson","Hendrickcars.com | Hendrick Motorsports | Chevrolet","Driver",12,6
"Racing",2022,"Panini","National Treasures","Premium Patches Stars and Stripes Holo Silver","Ross Chastain","AdventHealth | Trackhouse Racing | Chevrolet","Driver",13,10
"Racing",2022,"Panini","National Treasures","Premium Patches Stars and Stripes Holo Silver","Kevin Harvick","Hunt Brothers Pizza | Stewart-Haas Racing | Ford","Driver",14,4
"Racing",2022,"Panini","National Treasures","Premium Patches Stars and Stripes Holo Silver","Jimmie Johnson","Ally Financial | Hendrick Motorsports | Chevrolet","Driver",15,4
"Racing",2022,"Panini","National Treasures","Premium Patches Stars and Stripes Holo Silver","Denny Hamlin","FedEx Express | Joe Gibbs Racing | Toyota","Driver",16,5
"Racing",2022,"Panini","National Treasures","Premium Patches Stars and Stripes Holo Silver","Chase Elliott","NAPA Auto Parts | Hendrick Motorsports | Chevrolet","Driver",17,5
"Racing",2022,"Panini","National Treasures","Quad Race Gear Graphs","Jimmie Johnson/Jimmie Johnson/Jimmie Johnson/Jimmie Johnson","Lowe's | Hendrick Motorsports | Chevrolet/Lowe's | Hendrick Motorsports | Chevrolet/Lowe's | Hendrick Motorsports | Chevrolet/Lowe's | Hendrick Motorsports | Chevrolet","Driver/Driver/Driver/Driver",3,25
"Racing",2022,"Panini","National Treasures","Quad Race Gear Graphs","Hailie Deegan/Hailie Deegan/Hailie Deegan/Hailie Deegan","Monster Energy | DGR-Crosley | Ford/Monster Energy | DGR-Crosley | Ford/Monster Energy | DGR-Crosley | Ford/Monster Energy | DGR-Crosley | Ford","Driver/Driver/Driver/Driver",4,25
"Racing",2022,"Panini","National Treasures","Quad Race Gear Graphs","Chase Elliott/Chase Elliott/Chase Elliott/Chase Elliott","NAPA Auto Parts | Hendrick Motorsports | Chevrolet/NAPA Auto Parts | Hendrick Motorsports | Chevrolet/NAPA Auto Parts | Hendrick Motorsports | Chevrolet/NAPA Auto Parts | Hendrick Motorsports | Chevrolet","Driver/Driver/Driver/Driver",5,5
"Racing",2022,"Panini","National Treasures","Quad Race Gear Graphs","Richard Petty/Richard Petty/Richard Petty/Richard Petty","STP | Petty Enterprises | Plymouth/STP | Petty Enterprises | Plymouth/STP | Petty Enterprises | Plymouth/STP | Petty Enterprises | Plymouth","Driver/Driver/Driver/Driver",6,20
"Racing",2022,"Panini","National Treasures","Quad Race Gear Graphs","Denny Hamlin/Denny Hamlin/Denny Hamlin/Denny Hamlin","FedEx Express | Joe Gibbs Racing | Toyota/FedEx Express | Joe Gibbs Racing | Toyota/FedEx Express | Joe Gibbs Racing | Toyota/FedEx Express | Joe Gibbs Racing | Toyota","Driver/Driver/Driver/Driver",7,5
"Racing",2022,"Panini","National Treasures","Quad Race Gear Graphs","Bubba Wallace/Bubba Wallace/Bubba Wallace/Bubba Wallace","STP | Richard Petty Motorsports | Ford/STP | Richard Petty Motorsports | Ford/STP | Richard Petty Motorsports | Ford/STP | Richard Petty Motorsports | Ford","Driver/Driver/Driver/Driver",8,20
"Racing",2022,"Panini","National Treasures","Quad Race Gear Graphs","William Byron/William Byron/William Byron/William Byron","AXALTA | Hendrick Motorsports | Chevrolet/AXALTA | Hendrick Motorsports | Chevrolet/AXALTA | Hendrick Motorsports | Chevrolet/AXALTA | Hendrick Motorsports | Chevrolet","Driver/Driver/Driver/Driver",10,5
"Racing",2022,"Panini","National Treasures","Quad Race Gear Graphs Green","Kyle Busch/Kyle Busch/Kyle Busch/Kyle Busch","M&M's | Joe Gibbs Racing | Toyota/M&M's | Joe Gibbs Racing | Toyota/M&M's | Joe Gibbs Racing | Toyota/M&M's | Joe Gibbs Racing | Toyota","Driver/Driver/Driver/Driver",1,2
"Racing",2022,"Panini","National Treasures","Quad Race Gear Graphs Green","Kevin Harvick/Kevin Harvick/Kevin Harvick/Kevin Harvick","Mobil 1 | Stewart-Haas Racing | Ford/Mobil 1 | Stewart-Haas Racing | Ford/Mobil 1 | Stewart-Haas Racing | Ford/Mobil 1 | Stewart-Haas Racing | Ford","Driver/Driver/Driver/Driver",2,4
"Racing",2022,"Panini","National Treasures","Quad Race Gear Graphs Green","Jimmie Johnson/Jimmie Johnson/Jimmie Johnson/Jimmie Johnson","Lowe's | Hendrick Motorsports | Chevrolet/Lowe's | Hendrick Motorsports | Chevrolet/Lowe's | Hendrick Motorsports | Chevrolet/Lowe's | Hendrick Motorsports | Chevrolet","Driver/Driver/Driver/Driver",3,5
"Racing",2022,"Panini","National Treasures","Quad Race Gear Graphs Green","Hailie Deegan/Hailie Deegan/Hailie Deegan/Hailie Deegan","Monster Energy | DGR-Crosley | Ford/Monster Energy | DGR-Crosley | Ford/Monster Energy | DGR-Crosley | Ford/Monster Energy | DGR-Crosley | Ford","Driver/Driver/Driver/Driver",4,5
"Racing",2022,"Panini","National Treasures","Quad Race Gear Graphs Green","Chase Elliott/Chase Elliott/Chase Elliott/Chase Elliott","NAPA Auto Parts | Hendrick Motorsports | Chevrolet/NAPA Auto Parts | Hendrick Motorsports | Chevrolet/NAPA Auto Parts | Hendrick Motorsports | Chevrolet/NAPA Auto Parts | Hendrick Motorsports | Chevrolet","Driver/Driver/Driver/Driver",5,2
"Racing",2022,"Panini","National Treasures","Quad Race Gear Graphs Green","Richard Petty/Richard Petty/Richard Petty/Richard Petty","STP | Petty Enterprises | Plymouth/STP | Petty Enterprises | Plymouth/STP | Petty Enterprises | Plymouth/STP | Petty Enterprises | Plymouth","Driver/Driver/Driver/Driver",6,5
"Racing",2022,"Panini","National Treasures","Quad Race Gear Graphs Green","Denny Hamlin/Denny Hamlin/Denny Hamlin/Denny Hamlin","FedEx Express | Joe Gibbs Racing | Toyota/FedEx Express | Joe Gibbs Racing | Toyota/FedEx Express | Joe Gibbs Racing | Toyota/FedEx Express | Joe Gibbs Racing | Toyota","Driver/Driver/Driver/Driver",7,2
"Racing",2022,"Panini","National Treasures","Quad Race Gear Graphs Green","Bubba Wallace/Bubba Wallace/Bubba Wallace/Bubba Wallace","STP | Richard Petty Motorsports | Ford/STP | Richard Petty Motorsports | Ford/STP | Richard Petty Motorsports | Ford/STP | Richard Petty Motorsports | Ford","Driver/Driver/Driver/Driver",8,5
"Racing",2022,"Panini","National Treasures","Quad Race Gear Graphs Green","Kurt Busch/Kurt Busch/Kurt Busch/Kurt Busch","Monster | 23XI Racing | Toyota/Monster | 23XI Racing | Toyota/Monster | 23XI Racing | Toyota/Monster | 23XI Racing | Toyota","Driver/Driver/Driver/Driver",9,5
"Racing",2022,"Panini","National Treasures","Quad Race Gear Graphs Green","William Byron/William Byron/William Byron/William Byron","AXALTA | Hendrick Motorsports | Chevrolet/AXALTA | Hendrick Motorsports | Chevrolet/AXALTA | Hendrick Motorsports | Chevrolet/AXALTA | Hendrick Motorsports | Chevrolet","Driver/Driver/Driver/Driver",10,2
"Racing",2022,"Panini","National Treasures","Quad Race Gear Graphs Holo Gold","Kyle Busch/Kyle Busch/Kyle Busch/Kyle Busch","M&M's | Joe Gibbs Racing | Toyota/M&M's | Joe Gibbs Racing | Toyota/M&M's | Joe Gibbs Racing | Toyota/M&M's | Joe Gibbs Racing | Toyota","Driver/Driver/Driver/Driver",1,3
"Racing",2022,"Panini","National Treasures","Quad Race Gear Graphs Holo Gold","Kevin Harvick/Kevin Harvick/Kevin Harvick/Kevin Harvick","Mobil 1 | Stewart-Haas Racing | Ford/Mobil 1 | Stewart-Haas Racing | Ford/Mobil 1 | Stewart-Haas Racing | Ford/Mobil 1 | Stewart-Haas Racing | Ford","Driver/Driver/Driver/Driver",2,5
"Racing",2022,"Panini","National Treasures","Quad Race Gear Graphs Holo Gold","Jimmie Johnson/Jimmie Johnson/Jimmie Johnson/Jimmie Johnson","Lowe's | Hendrick Motorsports | Chevrolet/Lowe's | Hendrick Motorsports | Chevrolet/Lowe's | Hendrick Motorsports | Chevrolet/Lowe's | Hendrick Motorsports | Chevrolet","Driver/Driver/Driver/Driver",3,10
"Racing",2022,"Panini","National Treasures","Quad Race Gear Graphs Holo Gold","Hailie Deegan/Hailie Deegan/Hailie Deegan/Hailie Deegan","Monster Energy | DGR-Crosley | Ford/Monster Energy | DGR-Crosley | Ford/Monster Energy | DGR-Crosley | Ford/Monster Energy | DGR-Crosley | Ford","Driver/Driver/Driver/Driver",4,10
"Racing",2022,"Panini","National Treasures","Quad Race Gear Graphs Holo Gold","Chase Elliott/Chase Elliott/Chase Elliott/Chase Elliott","NAPA Auto Parts | Hendrick Motorsports | Chevrolet/NAPA Auto Parts | Hendrick Motorsports | Chevrolet/NAPA Auto Parts | Hendrick Motorsports | Chevrolet/NAPA Auto Parts | Hendrick Motorsports | Chevrolet","Driver/Driver/Driver/Driver",5,3
"Racing",2022,"Panini","National Treasures","Quad Race Gear Graphs Holo Gold","Richard Petty/Richard Petty/Richard Petty/Richard Petty","STP | Petty Enterprises | Plymouth/STP | Petty Enterprises | Plymouth/STP | Petty Enterprises | Plymouth/STP | Petty Enterprises | Plymouth","Driver/Driver/Driver/Driver",6,10
"Racing",2022,"Panini","National Treasures","Quad Race Gear Graphs Holo Gold","Denny Hamlin/Denny Hamlin/Denny Hamlin/Denny Hamlin","FedEx Express | Joe Gibbs Racing | Toyota/FedEx Express | Joe Gibbs Racing | Toyota/FedEx Express | Joe Gibbs Racing | Toyota/FedEx Express | Joe Gibbs Racing | Toyota","Driver/Driver/Driver/Driver",7,3
"Racing",2022,"Panini","National Treasures","Quad Race Gear Graphs Holo Gold","Bubba Wallace/Bubba Wallace/Bubba Wallace/Bubba Wallace","STP | Richard Petty Motorsports | Ford/STP | Richard Petty Motorsports | Ford/STP | Richard Petty Motorsports | Ford/STP | Richard Petty Motorsports | Ford","Driver/Driver/Driver/Driver",8,10
"Racing",2022,"Panini","National Treasures","Quad Race Gear Graphs Holo Gold","Kurt Busch/Kurt Busch/Kurt Busch/Kurt Busch","Monster | 23XI Racing | Toyota/Monster | 23XI Racing | Toyota/Monster | 23XI Racing | Toyota/Monster | 23XI Racing | Toyota","Driver/Driver/Driver/Driver",9,10
"Racing",2022,"Panini","National Treasures","Quad Race Gear Graphs Holo Gold","William Byron/William Byron/William Byron/William Byron","AXALTA | Hendrick Motorsports | Chevrolet/AXALTA | Hendrick Motorsports | Chevrolet/AXALTA | Hendrick Motorsports | Chevrolet/AXALTA | Hendrick Motorsports | Chevrolet","Driver/Driver/Driver/Driver",10,3
"Racing",2022,"Panini","National Treasures","Quad Race Gear Graphs Holo Platinum Blue","Kyle Busch/Kyle Busch/Kyle Busch/Kyle Busch","M&M's | Joe Gibbs Racing | Toyota/M&M's | Joe Gibbs Racing | Toyota/M&M's | Joe Gibbs Racing | Toyota/M&M's | Joe Gibbs Racing | Toyota","Driver/Driver/Driver/Driver",1,1
"Racing",2022,"Panini","National Treasures","Quad Race Gear Graphs Holo Platinum Blue","Kevin Harvick/Kevin Harvick/Kevin Harvick/Kevin Harvick","Mobil 1 | Stewart-Haas Racing | Ford/Mobil 1 | Stewart-Haas Racing | Ford/Mobil 1 | Stewart-Haas Racing | Ford/Mobil 1 | Stewart-Haas Racing | Ford","Driver/Driver/Driver/Driver",2,1
"Racing",2022,"Panini","National Treasures","Quad Race Gear Graphs Holo Platinum Blue","Jimmie Johnson/Jimmie Johnson/Jimmie Johnson/Jimmie Johnson","Lowe's | Hendrick Motorsports | Chevrolet/Lowe's | Hendrick Motorsports | Chevrolet/Lowe's | Hendrick Motorsports | Chevrolet/Lowe's | Hendrick Motorsports | Chevrolet","Driver/Driver/Driver/Driver",3,1
"Racing",2022,"Panini","National Treasures","Quad Race Gear Graphs Holo Platinum Blue","Hailie Deegan/Hailie Deegan/Hailie Deegan/Hailie Deegan","Monster Energy | DGR-Crosley | Ford/Monster Energy | DGR-Crosley | Ford/Monster Energy | DGR-Crosley | Ford/Monster Energy | DGR-Crosley | Ford","Driver/Driver/Driver/Driver",4,1
"Racing",2022,"Panini","National Treasures","Quad Race Gear Graphs Holo Platinum Blue","Chase Elliott/Chase Elliott/Chase Elliott/Chase Elliott","NAPA Auto Parts | Hendrick Motorsports | Chevrolet/NAPA Auto Parts | Hendrick Motorsports | Chevrolet/NAPA Auto Parts | Hendrick Motorsports | Chevrolet/NAPA Auto Parts | Hendrick Motorsports | Chevrolet","Driver/Driver/Driver/Driver",5,1
"Racing",2022,"Panini","National Treasures","Quad Race Gear Graphs Holo Platinum Blue","Richard Petty/Richard Petty/Richard Petty/Richard Petty","STP | Petty Enterprises | Plymouth/STP | Petty Enterprises | Plymouth/STP | Petty Enterprises | Plymouth/STP | Petty Enterprises | Plymouth","Driver/Driver/Driver/Driver",6,1
"Racing",2022,"Panini","National Treasures","Quad Race Gear Graphs Holo Platinum Blue","Denny Hamlin/Denny Hamlin/Denny Hamlin/Denny Hamlin","FedEx Express | Joe Gibbs Racing | Toyota/FedEx Express | Joe Gibbs Racing | Toyota/FedEx Express | Joe Gibbs Racing | Toyota/FedEx Express | Joe Gibbs Racing | Toyota","Driver/Driver/Driver/Driver",7,1
"Racing",2022,"Panini","National Treasures","Quad Race Gear Graphs Holo Platinum Blue","Bubba Wallace/Bubba Wallace/Bubba Wallace/Bubba Wallace","STP | Richard Petty Motorsports | Ford/STP | Richard Petty Motorsports | Ford/STP | Richard Petty Motorsports | Ford/STP | Richard Petty Motorsports | Ford","Driver/Driver/Driver/Driver",8,1
"Racing",2022,"Panini","National Treasures","Quad Race Gear Graphs Holo Platinum Blue","Kurt Busch/Kurt Busch/Kurt Busch/Kurt Busch","Monster | 23XI Racing | Toyota/Monster | 23XI Racing | Toyota/Monster | 23XI Racing | Toyota/Monster | 23XI Racing | Toyota","Driver/Driver/Driver/Driver",9,1
"Racing",2022,"Panini","National Treasures","Quad Race Gear Graphs Holo Platinum Blue","William Byron/William Byron/William Byron/William Byron","AXALTA | Hendrick Motorsports | Chevrolet/AXALTA | Hendrick Motorsports | Chevrolet/AXALTA | Hendrick Motorsports | Chevrolet/AXALTA | Hendrick Motorsports | Chevrolet","Driver/Driver/Driver/Driver",10,1
"Racing",2022,"Panini","National Treasures","Quad Race Gear Graphs Holo Silver","Kyle Busch/Kyle Busch/Kyle Busch/Kyle Busch","M&M's | Joe Gibbs Racing | Toyota/M&M's | Joe Gibbs Racing | Toyota/M&M's | Joe Gibbs Racing | Toyota/M&M's | Joe Gibbs Racing | Toyota","Driver/Driver/Driver/Driver",1,4
"Racing",2022,"Panini","National Treasures","Quad Race Gear Graphs Holo Silver","Kevin Harvick/Kevin Harvick/Kevin Harvick/Kevin Harvick","Mobil 1 | Stewart-Haas Racing | Ford/Mobil 1 | Stewart-Haas Racing | Ford/Mobil 1 | Stewart-Haas Racing | Ford/Mobil 1 | Stewart-Haas Racing | Ford","Driver/Driver/Driver/Driver",2,10
"Racing",2022,"Panini","National Treasures","Quad Race Gear Graphs Holo Silver","Jimmie Johnson/Jimmie Johnson/Jimmie Johnson/Jimmie Johnson","Lowe's | Hendrick Motorsports | Chevrolet/Lowe's | Hendrick Motorsports | Chevrolet/Lowe's | Hendrick Motorsports | Chevrolet/Lowe's | Hendrick Motorsports | Chevrolet","Driver/Driver/Driver/Driver",3,15
"Racing",2022,"Panini","National Treasures","Quad Race Gear Graphs Holo Silver","Hailie Deegan/Hailie Deegan/Hailie Deegan/Hailie Deegan","Monster Energy | DGR-Crosley | Ford/Monster Energy | DGR-Crosley | Ford/Monster Energy | DGR-Crosley | Ford/Monster Energy | DGR-Crosley | Ford","Driver/Driver/Driver/Driver",4,15
"Racing",2022,"Panini","National Treasures","Quad Race Gear Graphs Holo Silver","Chase Elliott/Chase Elliott/Chase Elliott/Chase Elliott","NAPA Auto Parts | Hendrick Motorsports | Chevrolet/NAPA Auto Parts | Hendrick Motorsports | Chevrolet/NAPA Auto Parts | Hendrick Motorsports | Chevrolet/NAPA Auto Parts | Hendrick Motorsports | Chevrolet","Driver/Driver/Driver/Driver",5,4
"Racing",2022,"Panini","National Treasures","Quad Race Gear Graphs Holo Silver","Richard Petty/Richard Petty/Richard Petty/Richard Petty","STP | Petty Enterprises | Plymouth/STP | Petty Enterprises | Plymouth/STP | Petty Enterprises | Plymouth/STP | Petty Enterprises | Plymouth","Driver/Driver/Driver/Driver",6,15
"Racing",2022,"Panini","National Treasures","Quad Race Gear Graphs Holo Silver","Denny Hamlin/Denny Hamlin/Denny Hamlin/Denny Hamlin","FedEx Express | Joe Gibbs Racing | Toyota/FedEx Express | Joe Gibbs Racing | Toyota/FedEx Express | Joe Gibbs Racing | Toyota/FedEx Express | Joe Gibbs Racing | Toyota","Driver/Driver/Driver/Driver",7,4
"Racing",2022,"Panini","National Treasures","Quad Race Gear Graphs Holo Silver","Bubba Wallace/Bubba Wallace/Bubba Wallace/Bubba Wallace","STP | Richard Petty Motorsports | Ford/STP | Richard Petty Motorsports | Ford/STP | Richard Petty Motorsports | Ford/STP | Richard Petty Motorsports | Ford","Driver/Driver/Driver/Driver",8,15
"Racing",2022,"Panini","National Treasures","Quad Race Gear Graphs Holo Silver","Kurt Busch/Kurt Busch/Kurt Busch/Kurt Busch","Monster | 23XI Racing | Toyota/Monster | 23XI Racing | Toyota/Monster | 23XI Racing | Toyota/Monster | 23XI Racing | Toyota","Driver/Driver/Driver/Driver",9,15
"Racing",2022,"Panini","National Treasures","Quad Race Gear Graphs Holo Silver","William Byron/William Byron/William Byron/William Byron","AXALTA | Hendrick Motorsports | Chevrolet/AXALTA | Hendrick Motorsports | Chevrolet/AXALTA | Hendrick Motorsports | Chevrolet/AXALTA | Hendrick Motorsports | Chevrolet","Driver/Driver/Driver/Driver",10,4
"Racing",2022,"Panini","National Treasures","Quad Race Used Firesuits","Jimmie Johnson/Jimmie Johnson/Jimmie Johnson/Jimmie Johnson","Ally Financial | Hendrick Motorsports | Chevrolet/Ally Financial | Hendrick Motorsports | Chevrolet/Ally Financial | Hendrick Motorsports | Chevrolet/Ally Financial | Hendrick Motorsports | Chevrolet","Driver/Driver/Driver/Driver",1,49
"Racing",2022,"Panini","National Treasures","Quad Race Used Firesuits","Kyle Busch/Kyle Busch/Kyle Busch/Kyle Busch","M&M's | Joe Gibbs Racing | Toyota/M&M's | Joe Gibbs Racing | Toyota/M&M's | Joe Gibbs Racing | Toyota/M&M's | Joe Gibbs Racing | Toyota","Driver/Driver/Driver/Driver",2,49
"Racing",2022,"Panini","National Treasures","Quad Race Used Firesuits","Bubba Wallace/Bubba Wallace/Bubba Wallace/Bubba Wallace","McDonald's | 23XI Racing | Toyota/McDonald's | 23XI Racing | Toyota/McDonald's | 23XI Racing | Toyota/McDonald's | 23XI Racing | Toyota","Driver/Driver/Driver/Driver",5,49
"Racing",2022,"Panini","National Treasures","Quad Race Used Firesuits","Martin Truex Jr./Martin Truex Jr./Martin Truex Jr./Martin Truex Jr.","Bass Pro Shops | Joe Gibbs Racing | Toyota/Bass Pro Shops | Joe Gibbs Racing | Toyota/Bass Pro Shops | Joe Gibbs Racing | Toyota/Bass Pro Shops | Joe Gibbs Racing | Toyota","Driver/Driver/Driver/Driver",12,49
"Racing",2022,"Panini","National Treasures","Quad Race Used Firesuits","Joey Logano/Joey Logano/Joey Logano/Joey Logano","Shell-Pennzoil | Team Penske | Ford/Shell-Pennzoil | Team Penske | Ford/Shell-Pennzoil | Team Penske | Ford/Shell-Pennzoil | Team Penske | Ford","Driver/Driver/Driver/Driver",14,49
"Racing",2022,"Panini","National Treasures","Quad Race Used Firesuits","Chase Elliott/Chase Elliott/Chase Elliott/Chase Elliott","NAPA Auto Parts | Hendrick Motorsports | Chevrolet/NAPA Auto Parts | Hendrick Motorsports | Chevrolet/NAPA Auto Parts | Hendrick Motorsports | Chevrolet/NAPA Auto Parts | Hendrick Motorsports | Chevrolet","Driver/Driver/Driver/Driver",16,49
"Racing",2022,"Panini","National Treasures","Quad Race Used Firesuits","Brad Keselowski/Brad Keselowski/Brad Keselowski/Brad Keselowski","Kohler | RFK Racing | Ford/Kohler | RFK Racing | Ford/Kohler | RFK Racing | Ford/Kohler | RFK Racing | Ford","Driver/Driver/Driver/Driver",18,49
"Racing",2022,"Panini","National Treasures","Quad Race Used Firesuits Laundry Tags","Jimmie Johnson/Jimmie Johnson/Jimmie Johnson/Jimmie Johnson","Ally Financial | Hendrick Motorsports | Chevrolet/Ally Financial | Hendrick Motorsports | Chevrolet/Ally Financial | Hendrick Motorsports | Chevrolet/Ally Financial | Hendrick Motorsports | Chevrolet","Driver/Driver/Driver/Driver",1,1
"Racing",2022,"Panini","National Treasures","Quad Race Used Firesuits Laundry Tags","Dale Earnhardt Jr/Dale Earnhardt Jr/Dale Earnhardt Jr/Dale Earnhardt Jr","Nationwide | Hendrick Motorsports | Chevrolet/Nationwide | Hendrick Motorsports | Chevrolet/Nationwide | Hendrick Motorsports | Chevrolet/Nationwide | Hendrick Motorsports | Chevrolet","Driver/Driver/Driver/Driver",4,1
"Racing",2022,"Panini","National Treasures","Quad Race Used Firesuits Laundry Tags","Bubba Wallace/Bubba Wallace/Bubba Wallace/Bubba Wallace","McDonald's | 23XI Racing | Toyota/McDonald's | 23XI Racing | Toyota/McDonald's | 23XI Racing | Toyota/McDonald's | 23XI Racing | Toyota","Driver/Driver/Driver/Driver",5,1
"Racing",2022,"Panini","National Treasures","Quad Race Used Firesuits Laundry Tags","Martin Truex Jr./Martin Truex Jr./Martin Truex Jr./Martin Truex Jr.","Bass Pro Shops | Joe Gibbs Racing | Toyota/Bass Pro Shops | Joe Gibbs Racing | Toyota/Bass Pro Shops | Joe Gibbs Racing | Toyota/Bass Pro Shops | Joe Gibbs Racing | Toyota","Driver/Driver/Driver/Driver",12,1
"Racing",2022,"Panini","National Treasures","Quad Race Used Firesuits Laundry Tags","Kevin Harvick/Kevin Harvick/Kevin Harvick/Kevin Harvick","GearWrench | Stewart-Haas Racing | Ford/GearWrench | Stewart-Haas Racing | Ford/GearWrench | Stewart-Haas Racing | Ford/GearWrench | Stewart-Haas Racing | Ford","Driver/Driver/Driver/Driver",13,1
"Racing",2022,"Panini","National Treasures","Quad Race Used Firesuits Laundry Tags","Chase Elliott/Chase Elliott/Chase Elliott/Chase Elliott","NAPA Auto Parts | Hendrick Motorsports | Chevrolet/NAPA Auto Parts | Hendrick Motorsports | Chevrolet/NAPA Auto Parts | Hendrick Motorsports | Chevrolet/NAPA Auto Parts | Hendrick Motorsports | Chevrolet","Driver/Driver/Driver/Driver",16,1
"Racing",2022,"Panini","National Treasures","Quad Race Used Firesuits Laundry Tags","Brad Keselowski/Brad Keselowski/Brad Keselowski/Brad Keselowski","Kohler | RFK Racing | Ford/Kohler | RFK Racing | Ford/Kohler | RFK Racing | Ford/Kohler | RFK Racing | Ford","Driver/Driver/Driver/Driver",18,1
"Racing",2022,"Panini","National Treasures","Quad Race Used Firesuits Prime","Jimmie Johnson/Jimmie Johnson/Jimmie Johnson/Jimmie Johnson","Ally Financial | Hendrick Motorsports | Chevrolet/Ally Financial | Hendrick Motorsports | Chevrolet/Ally Financial | Hendrick Motorsports | Chevrolet/Ally Financial | Hendrick Motorsports | Chevrolet","Driver/Driver/Driver/Driver",1,10
"Racing",2022,"Panini","National Treasures","Quad Race Used Firesuits Prime","Kyle Busch/Kyle Busch/Kyle Busch/Kyle Busch","M&M's | Joe Gibbs Racing | Toyota/M&M's | Joe Gibbs Racing | Toyota/M&M's | Joe Gibbs Racing | Toyota/M&M's | Joe Gibbs Racing | Toyota","Driver/Driver/Driver/Driver",2,10
"Racing",2022,"Panini","National Treasures","Quad Race Used Firesuits Prime","Dale Earnhardt Jr/Dale Earnhardt Jr/Dale Earnhardt Jr/Dale Earnhardt Jr","Nationwide | Hendrick Motorsports | Chevrolet/Nationwide | Hendrick Motorsports | Chevrolet/Nationwide | Hendrick Motorsports | Chevrolet/Nationwide | Hendrick Motorsports | Chevrolet","Driver/Driver/Driver/Driver",4,10
"Racing",2022,"Panini","National Treasures","Quad Race Used Firesuits Prime","Martin Truex Jr./Martin Truex Jr./Martin Truex Jr./Martin Truex Jr.","Bass Pro Shops | Joe Gibbs Racing | Toyota/Bass Pro Shops | Joe Gibbs Racing | Toyota/Bass Pro Shops | Joe Gibbs Racing | Toyota/Bass Pro Shops | Joe Gibbs Racing | Toyota","Driver/Driver/Driver/Driver",12,10
"Racing",2022,"Panini","National Treasures","Quad Race Used Firesuits Prime","Joey Logano/Joey Logano/Joey Logano/Joey Logano","Shell-Pennzoil | Team Penske | Ford/Shell-Pennzoil | Team Penske | Ford/Shell-Pennzoil | Team Penske | Ford/Shell-Pennzoil | Team Penske | Ford","Driver/Driver/Driver/Driver",14,10
"Racing",2022,"Panini","National Treasures","Quad Race Used Firesuits Prime","Chase Elliott/Chase Elliott/Chase Elliott/Chase Elliott","NAPA Auto Parts | Hendrick Motorsports | Chevrolet/NAPA Auto Parts | Hendrick Motorsports | Chevrolet/NAPA Auto Parts | Hendrick Motorsports | Chevrolet/NAPA Auto Parts | Hendrick Motorsports | Chevrolet","Driver/Driver/Driver/Driver",16,10
"Racing",2022,"Panini","National Treasures","Quad Race Used Firesuits Prime","Brad Keselowski/Brad Keselowski/Brad Keselowski/Brad Keselowski","Kohler | RFK Racing | Ford/Kohler | RFK Racing | Ford/Kohler | RFK Racing | Ford/Kohler | RFK Racing | Ford","Driver/Driver/Driver/Driver",18,10
"Racing",2022,"Panini","National Treasures","Quad Race Used Gloves","Jimmie Johnson/Jimmie Johnson/Jimmie Johnson/Jimmie Johnson","Ally Financial | Hendrick Motorsports | Chevrolet/Ally Financial | Hendrick Motorsports | Chevrolet/Ally Financial | Hendrick Motorsports | Chevrolet/Ally Financial | Hendrick Motorsports | Chevrolet","Driver/Driver/Driver/Driver",1,25
"Racing",2022,"Panini","National Treasures","Quad Race Used Gloves","Dale Earnhardt Jr/Dale Earnhardt Jr/Dale Earnhardt Jr/Dale Earnhardt Jr","Nationwide | Hendrick Motorsports | Chevrolet/Nationwide | Hendrick Motorsports | Chevrolet/Nationwide | Hendrick Motorsports | Chevrolet/Nationwide | Hendrick Motorsports | Chevrolet","Driver/Driver/Driver/Driver",4,11
"Racing",2022,"Panini","National Treasures","Quad Race Used Gloves","Chase Elliott/Chase Elliott/Chase Elliott/Chase Elliott","NAPA Auto Parts | Hendrick Motorsports | Chevrolet/NAPA Auto Parts | Hendrick Motorsports | Chevrolet/NAPA Auto Parts | Hendrick Motorsports | Chevrolet/NAPA Auto Parts | Hendrick Motorsports | Chevrolet","Driver/Driver/Driver/Driver",16,1
"Racing",2022,"Panini","National Treasures","Quad Race Used Gloves","Brad Keselowski/Brad Keselowski/Brad Keselowski/Brad Keselowski","Kohler | RFK Racing | Ford/Kohler | RFK Racing | Ford/Kohler | RFK Racing | Ford/Kohler | RFK Racing | Ford","Driver/Driver/Driver/Driver",18,11
"Racing",2022,"Panini","National Treasures","Quad Race Used Sheet Metal","Jimmie Johnson/Jimmie Johnson/Jimmie Johnson/Jimmie Johnson","Ally Financial | Hendrick Motorsports | Chevrolet/Ally Financial | Hendrick Motorsports | Chevrolet/Ally Financial | Hendrick Motorsports | Chevrolet/Ally Financial | Hendrick Motorsports | Chevrolet","Driver/Driver/Driver/Driver",1,49
"Racing",2022,"Panini","National Treasures","Quad Race Used Sheet Metal","Kyle Busch/Kyle Busch/Kyle Busch/Kyle Busch","M&M's | Joe Gibbs Racing | Toyota/M&M's | Joe Gibbs Racing | Toyota/M&M's | Joe Gibbs Racing | Toyota/M&M's | Joe Gibbs Racing | Toyota","Driver/Driver/Driver/Driver",2,49
"Racing",2022,"Panini","National Treasures","Quad Race Used Sheet Metal","Bubba Wallace/Bubba Wallace/Bubba Wallace/Bubba Wallace","McDonald's | 23XI Racing | Toyota/McDonald's | 23XI Racing | Toyota/McDonald's | 23XI Racing | Toyota/McDonald's | 23XI Racing | Toyota","Driver/Driver/Driver/Driver",5,49
"Racing",2022,"Panini","National Treasures","Quad Race Used Sheet Metal","Martin Truex Jr./Martin Truex Jr./Martin Truex Jr./Martin Truex Jr.","Bass Pro Shops | Joe Gibbs Racing | Toyota/Bass Pro Shops | Joe Gibbs Racing | Toyota/Bass Pro Shops | Joe Gibbs Racing | Toyota/Bass Pro Shops | Joe Gibbs Racing | Toyota","Driver/Driver/Driver/Driver",12,49
"Racing",2022,"Panini","National Treasures","Quad Race Used Sheet Metal","Chase Elliott/Chase Elliott/Chase Elliott/Chase Elliott","NAPA Auto Parts | Hendrick Motorsports | Chevrolet/NAPA Auto Parts | Hendrick Motorsports | Chevrolet/NAPA Auto Parts | Hendrick Motorsports | Chevrolet/NAPA Auto Parts | Hendrick Motorsports | Chevrolet","Driver/Driver/Driver/Driver",16,49
"Racing",2022,"Panini","National Treasures","Quad Race Used Sheet Metal Platinum Blue","Jimmie Johnson/Jimmie Johnson/Jimmie Johnson/Jimmie Johnson","Ally Financial | Hendrick Motorsports | Chevrolet/Ally Financial | Hendrick Motorsports | Chevrolet/Ally Financial | Hendrick Motorsports | Chevrolet/Ally Financial | Hendrick Motorsports | Chevrolet","Driver/Driver/Driver/Driver",1,1
"Racing",2022,"Panini","National Treasures","Quad Race Used Sheet Metal Platinum Blue","Kyle Busch/Kyle Busch/Kyle Busch/Kyle Busch","M&M's | Joe Gibbs Racing | Toyota/M&M's | Joe Gibbs Racing | Toyota/M&M's | Joe Gibbs Racing | Toyota/M&M's | Joe Gibbs Racing | Toyota","Driver/Driver/Driver/Driver",2,1
"Racing",2022,"Panini","National Treasures","Quad Race Used Sheet Metal Platinum Blue","Bubba Wallace/Bubba Wallace/Bubba Wallace/Bubba Wallace","McDonald's | 23XI Racing | Toyota/McDonald's | 23XI Racing | Toyota/McDonald's | 23XI Racing | Toyota/McDonald's | 23XI Racing | Toyota","Driver/Driver/Driver/Driver",5,1
"Racing",2022,"Panini","National Treasures","Quad Race Used Sheet Metal Platinum Blue","Martin Truex Jr./Martin Truex Jr./Martin Truex Jr./Martin Truex Jr.","Bass Pro Shops | Joe Gibbs Racing | Toyota/Bass Pro Shops | Joe Gibbs Racing | Toyota/Bass Pro Shops | Joe Gibbs Racing | Toyota/Bass Pro Shops | Joe Gibbs Racing | Toyota","Driver/Driver/Driver/Driver",12,1
"Racing",2022,"Panini","National Treasures","Quad Race Used Sheet Metal Platinum Blue","Chase Elliott/Chase Elliott/Chase Elliott/Chase Elliott","NAPA Auto Parts | Hendrick Motorsports | Chevrolet/NAPA Auto Parts | Hendrick Motorsports | Chevrolet/NAPA Auto Parts | Hendrick Motorsports | Chevrolet/NAPA Auto Parts | Hendrick Motorsports | Chevrolet","Driver/Driver/Driver/Driver",16,
"Racing",2022,"Panini","National Treasures","Quad Race Used Sheet Metal Platinum Blue","Brad Keselowski/Brad Keselowski/Brad Keselowski/Brad Keselowski","Kohler | RFK Racing | Ford/Kohler | RFK Racing | Ford/Kohler | RFK Racing | Ford/Kohler | RFK Racing | Ford","Driver/Driver/Driver/Driver",18,1
"Racing",2022,"Panini","National Treasures","Quad Race Used Shoes","Jimmie Johnson/Jimmie Johnson/Jimmie Johnson/Jimmie Johnson","Ally Financial | Hendrick Motorsports | Chevrolet/Ally Financial | Hendrick Motorsports | Chevrolet/Ally Financial | Hendrick Motorsports | Chevrolet/Ally Financial | Hendrick Motorsports | Chevrolet","Driver/Driver/Driver/Driver",1,25
"Racing",2022,"Panini","National Treasures","Quad Race Used Shoes","Kyle Busch/Kyle Busch/Kyle Busch/Kyle Busch","M&M's | Joe Gibbs Racing | Toyota/M&M's | Joe Gibbs Racing | Toyota/M&M's | Joe Gibbs Racing | Toyota/M&M's | Joe Gibbs Racing | Toyota","Driver/Driver/Driver/Driver",2,4
"Racing",2022,"Panini","National Treasures","Quad Race Used Shoes","Dale Earnhardt Jr/Dale Earnhardt Jr/Dale Earnhardt Jr/Dale Earnhardt Jr","Nationwide | Hendrick Motorsports | Chevrolet/Nationwide | Hendrick Motorsports | Chevrolet/Nationwide | Hendrick Motorsports | Chevrolet/Nationwide | Hendrick Motorsports | Chevrolet","Driver/Driver/Driver/Driver",4,1
"Racing",2022,"Panini","National Treasures","Quad Race Used Shoes","Chase Elliott/Chase Elliott/Chase Elliott/Chase Elliott","NAPA Auto Parts | Hendrick Motorsports | Chevrolet/NAPA Auto Parts | Hendrick Motorsports | Chevrolet/NAPA Auto Parts | Hendrick Motorsports | Chevrolet/NAPA Auto Parts | Hendrick Motorsports | Chevrolet","Driver/Driver/Driver/Driver",16,1
"Racing",2022,"Panini","National Treasures","Quad Race Used Shoes","Brad Keselowski/Brad Keselowski/Brad Keselowski/Brad Keselowski","Kohler | RFK Racing | Ford/Kohler | RFK Racing | Ford/Kohler | RFK Racing | Ford/Kohler | RFK Racing | Ford","Driver/Driver/Driver/Driver",18,1
"Racing",2022,"Panini","National Treasures","Quad Race Used Tires","Jimmie Johnson/Jimmie Johnson/Jimmie Johnson/Jimmie Johnson","Ally Financial | Hendrick Motorsports | Chevrolet/Ally Financial | Hendrick Motorsports | Chevrolet/Ally Financial | Hendrick Motorsports | Chevrolet/Ally Financial | Hendrick Motorsports | Chevrolet","Driver/Driver/Driver/Driver",1,49
"Racing",2022,"Panini","National Treasures","Quad Race Used Tires","Kyle Busch/Kyle Busch/Kyle Busch/Kyle Busch","M&M's | Joe Gibbs Racing | Toyota/M&M's | Joe Gibbs Racing | Toyota/M&M's | Joe Gibbs Racing | Toyota/M&M's | Joe Gibbs Racing | Toyota","Driver/Driver/Driver/Driver",2,49
"Racing",2022,"Panini","National Treasures","Quad Race Used Tires","Jeff Gordon/Jeff Gordon/Jeff Gordon/Jeff Gordon","AXALTA | Hendrick Motorsports | Chevrolet/AXALTA | Hendrick Motorsports | Chevrolet/AXALTA | Hendrick Motorsports | Chevrolet/AXALTA | Hendrick Motorsports | Chevrolet","Driver/Driver/Driver/Driver",3,49
"Racing",2022,"Panini","National Treasures","Quad Race Used Tires","Bubba Wallace/Bubba Wallace/Bubba Wallace/Bubba Wallace","McDonald's | 23XI Racing | Toyota/McDonald's | 23XI Racing | Toyota/McDonald's | 23XI Racing | Toyota/McDonald's | 23XI Racing | Toyota","Driver/Driver/Driver/Driver",5,49
"Racing",2022,"Panini","National Treasures","Quad Race Used Tires","Martin Truex Jr./Martin Truex Jr./Martin Truex Jr./Martin Truex Jr.","Bass Pro Shops | Joe Gibbs Racing | Toyota/Bass Pro Shops | Joe Gibbs Racing | Toyota/Bass Pro Shops | Joe Gibbs Racing | Toyota/Bass Pro Shops | Joe Gibbs Racing | Toyota","Driver/Driver/Driver/Driver",12,49
"Racing",2022,"Panini","National Treasures","Quad Race Used Tires","Kevin Harvick/Kevin Harvick/Kevin Harvick/Kevin Harvick","GearWrench | Stewart-Haas Racing | Ford/GearWrench | Stewart-Haas Racing | Ford/GearWrench | Stewart-Haas Racing | Ford/GearWrench | Stewart-Haas Racing | Ford","Driver/Driver/Driver/Driver",13,49
"Racing",2022,"Panini","National Treasures","Quad Race Used Tires","Joey Logano/Joey Logano/Joey Logano/Joey Logano","Shell-Pennzoil | Team Penske | Ford/Shell-Pennzoil | Team Penske | Ford/Shell-Pennzoil | Team Penske | Ford/Shell-Pennzoil | Team Penske | Ford","Driver/Driver/Driver/Driver",14,49
"Racing",2022,"Panini","National Treasures","Quad Race Used Tires","Chase Elliott/Chase Elliott/Chase Elliott/Chase Elliott","NAPA Auto Parts | Hendrick Motorsports | Chevrolet/NAPA Auto Parts | Hendrick Motorsports | Chevrolet/NAPA Auto Parts | Hendrick Motorsports | Chevrolet/NAPA Auto Parts | Hendrick Motorsports | Chevrolet","Driver/Driver/Driver/Driver",16,49
"Racing",2022,"Panini","National Treasures","Quad Race Used Tires","Brad Keselowski/Brad Keselowski/Brad Keselowski/Brad Keselowski","Kohler | RFK Racing | Ford/Kohler | RFK Racing | Ford/Kohler | RFK Racing | Ford/Kohler | RFK Racing | Ford","Driver/Driver/Driver/Driver",18,49
"Racing",2022,"Panini","National Treasures","Quad Race Used Tires Prime","Jimmie Johnson/Jimmie Johnson/Jimmie Johnson/Jimmie Johnson","Ally Financial | Hendrick Motorsports | Chevrolet/Ally Financial | Hendrick Motorsports | Chevrolet/Ally Financial | Hendrick Motorsports | Chevrolet/Ally Financial | Hendrick Motorsports | Chevrolet","Driver/Driver/Driver/Driver",1,10
"Racing",2022,"Panini","National Treasures","Quad Race Used Tires Prime Platinum Blue","Jimmie Johnson/Jimmie Johnson/Jimmie Johnson/Jimmie Johnson","Ally Financial | Hendrick Motorsports | Chevrolet/Ally Financial | Hendrick Motorsports | Chevrolet/Ally Financial | Hendrick Motorsports | Chevrolet/Ally Financial | Hendrick Motorsports | Chevrolet","Driver/Driver/Driver/Driver",1,1
"Racing",2022,"Panini","National Treasures","Quad Race Used Tires Prime Platinum Blue","Chase Elliott/Chase Elliott/Chase Elliott/Chase Elliott","NAPA Auto Parts | Hendrick Motorsports | Chevrolet/NAPA Auto Parts | Hendrick Motorsports | Chevrolet/NAPA Auto Parts | Hendrick Motorsports | Chevrolet/NAPA Auto Parts | Hendrick Motorsports | Chevrolet","Driver/Driver/Driver/Driver",16,1
"Racing",2022,"Panini","National Treasures","Qualifying Marks","Kasey Kahne","Dodge Dealers | Evernham Motorsports | Dodge","Driver",1,15
"Racing",2022,"Panini","National Treasures","Qualifying Marks","Kyle Busch","M&M's | Joe Gibbs Racing | Toyota","Driver",2,5
"Racing",2022,"Panini","National Treasures","Qualifying Marks","Natalie Decker","NERD Focus | Our Motorsports | Chevrolet","Driver",3,25
"Racing",2022,"Panini","National Treasures","Qualifying Marks","Toni Breidinger","ARCA Menards","Driver",4,5
"Racing",2022,"Panini","National Treasures","Qualifying Marks","Rusty Wallace","Miller Genuine Draft | Team Penske | Pontiac","Driver",5,9
"Racing",2022,"Panini","National Treasures","Qualifying Marks","Jamie McMurray","Cessna | Chip Ganassi Racing | Chevrolet","Driver",6,99
"Racing",2022,"Panini","National Treasures","Qualifying Marks","Ross Chastain","AdventHealth | Trackhouse Racing | Chevrolet","Driver",7,25
"Racing",2022,"Panini","National Treasures","Qualifying Marks","Daniel Suarez","Commscope | Trackhouse Racing | Chevrolet","Driver",8,15
"Racing",2022,"Panini","National Treasures","Qualifying Marks","Hailie Deegan","Monster Energy | DGR-Crosley | Ford","Driver",9,49
"Racing",2022,"Panini","National Treasures","Qualifying Marks","Thad Moffitt","Clean Pacs | David Gilliland Racing | Ford","Driver",10,43
"Racing",2022,"Panini","National Treasures","Qualifying Marks","Mark Martin","Pfizer | Roush Racing | Ford","Driver",11,49
"Racing",2022,"Panini","National Treasures","Qualifying Marks","Bobby Allison","Coca-Cola | Bobby Allison | Dodge","Driver",12,99
"Racing",2022,"Panini","National Treasures","Qualifying Marks","Sam Mayer","Accelerate | JR Motorsports | Chevrolet","Driver",13,69
"Racing",2022,"Panini","National Treasures","Qualifying Marks","Brittney Zamora","Rackley Roofing | Toyota","Driver",14,25
"Racing",2022,"Panini","National Treasures","Qualifying Marks","Ty Gibbs","Monster Energy | Joe Gibbs Racing | Toyota","Driver",15,99
"Racing",2022,"Panini","National Treasures","Qualifying Marks","Danica Patrick","Mobil 1 | Stewart-Haas Racing | Ford","Driver",16,49
"Racing",2022,"Panini","National Treasures","Qualifying Marks","Denny Hamlin","FedEx Express | Joe Gibbs Racing | Toyota","Driver",17,11
"Racing",2022,"Panini","National Treasures","Qualifying Marks","Martin Truex Jr.","Bass Pro Shops | Joe Gibbs Racing | Toyota","Driver",18,5
"Racing",2022,"Panini","National Treasures","Qualifying Marks","Greg Biffle","3M | Roush Fenway Racing | Ford","Driver",19,75
"Racing",2022,"Panini","National Treasures","Qualifying Marks","Jeff Burton","Exide Batteries | Roush Racing | Ford","Driver",20,99
"Racing",2022,"Panini","National Treasures","Qualifying Marks Holo Gold","Kasey Kahne","Dodge Dealers | Evernham Motorsports | Dodge","Driver",1,5
"Racing",2022,"Panini","National Treasures","Qualifying Marks Holo Gold","Kyle Busch","M&M's | Joe Gibbs Racing | Toyota","Driver",2,2
"Racing",2022,"Panini","National Treasures","Qualifying Marks Holo Gold","Natalie Decker","NERD Focus | Our Motorsports | Chevrolet","Driver",3,5
"Racing",2022,"Panini","National Treasures","Qualifying Marks Holo Gold","Toni Breidinger","ARCA Menards","Driver",4,2
"Racing",2022,"Panini","National Treasures","Qualifying Marks Holo Gold","Rusty Wallace","Miller Genuine Draft | Team Penske | Pontiac","Driver",5,2
"Racing",2022,"Panini","National Treasures","Qualifying Marks Holo Gold","Jamie McMurray","Cessna | Chip Ganassi Racing | Chevrolet","Driver",6,10
"Racing",2022,"Panini","National Treasures","Qualifying Marks Holo Gold","Ross Chastain","AdventHealth | Trackhouse Racing | Chevrolet","Driver",7,5
"Racing",2022,"Panini","National Treasures","Qualifying Marks Holo Gold","Daniel Suarez","Commscope | Trackhouse Racing | Chevrolet","Driver",8,3
"Racing",2022,"Panini","National Treasures","Qualifying Marks Holo Gold","Hailie Deegan","Monster Energy | DGR-Crosley | Ford","Driver",9,10
"Racing",2022,"Panini","National Treasures","Qualifying Marks Holo Gold","Thad Moffitt","Clean Pacs | David Gilliland Racing | Ford","Driver",10,10
"Racing",2022,"Panini","National Treasures","Qualifying Marks Holo Gold","Mark Martin","Pfizer | Roush Racing | Ford","Driver",11,10
"Racing",2022,"Panini","National Treasures","Qualifying Marks Holo Gold","Bobby Allison","Coca-Cola | Bobby Allison | Dodge","Driver",12,10
"Racing",2022,"Panini","National Treasures","Qualifying Marks Holo Gold","Sam Mayer","Accelerate | JR Motorsports | Chevrolet","Driver",13,10
"Racing",2022,"Panini","National Treasures","Qualifying Marks Holo Gold","Brittney Zamora","Rackley Roofing | Toyota","Driver",14,10
"Racing",2022,"Panini","National Treasures","Qualifying Marks Holo Gold","Ty Gibbs","Monster Energy | Joe Gibbs Racing | Toyota","Driver",15,10
"Racing",2022,"Panini","National Treasures","Qualifying Marks Holo Gold","Danica Patrick","Mobil 1 | Stewart-Haas Racing | Ford","Driver",16,10
"Racing",2022,"Panini","National Treasures","Qualifying Marks Holo Gold","Denny Hamlin","FedEx Express | Joe Gibbs Racing | Toyota","Driver",17,5
"Racing",2022,"Panini","National Treasures","Qualifying Marks Holo Gold","Martin Truex Jr.","Bass Pro Shops | Joe Gibbs Racing | Toyota","Driver",18,2
"Racing",2022,"Panini","National Treasures","Qualifying Marks Holo Gold","Greg Biffle","3M | Roush Fenway Racing | Ford","Driver",19,10
"Racing",2022,"Panini","National Treasures","Qualifying Marks Holo Gold","Jeff Burton","Exide Batteries | Roush Racing | Ford","Driver",20,10
"Racing",2022,"Panini","National Treasures","Qualifying Marks Holo Platinum Blue","Kasey Kahne","Dodge Dealers | Evernham Motorsports | Dodge","Driver",1,1
"Racing",2022,"Panini","National Treasures","Qualifying Marks Holo Platinum Blue","Kyle Busch","M&M's | Joe Gibbs Racing | Toyota","Driver",2,1
"Racing",2022,"Panini","National Treasures","Qualifying Marks Holo Platinum Blue","Natalie Decker","NERD Focus | Our Motorsports | Chevrolet","Driver",3,1
"Racing",2022,"Panini","National Treasures","Qualifying Marks Holo Platinum Blue","Toni Breidinger","ARCA Menards","Driver",4,1
"Racing",2022,"Panini","National Treasures","Qualifying Marks Holo Platinum Blue","Rusty Wallace","Miller Genuine Draft | Team Penske | Pontiac","Driver",5,1
"Racing",2022,"Panini","National Treasures","Qualifying Marks Holo Platinum Blue","Jamie McMurray","Cessna | Chip Ganassi Racing | Chevrolet","Driver",6,1
"Racing",2022,"Panini","National Treasures","Qualifying Marks Holo Platinum Blue","Ross Chastain","AdventHealth | Trackhouse Racing | Chevrolet","Driver",7,1
"Racing",2022,"Panini","National Treasures","Qualifying Marks Holo Platinum Blue","Daniel Suarez","Commscope | Trackhouse Racing | Chevrolet","Driver",8,1
"Racing",2022,"Panini","National Treasures","Qualifying Marks Holo Platinum Blue","Hailie Deegan","Monster Energy | DGR-Crosley | Ford","Driver",9,1
"Racing",2022,"Panini","National Treasures","Qualifying Marks Holo Platinum Blue","Thad Moffitt","Clean Pacs | David Gilliland Racing | Ford","Driver",10,1
"Racing",2022,"Panini","National Treasures","Qualifying Marks Holo Platinum Blue","Mark Martin","Pfizer | Roush Racing | Ford","Driver",11,1
"Racing",2022,"Panini","National Treasures","Qualifying Marks Holo Platinum Blue","Bobby Allison","Coca-Cola | Bobby Allison | Dodge","Driver",12,1
"Racing",2022,"Panini","National Treasures","Qualifying Marks Holo Platinum Blue","Sam Mayer","Accelerate | JR Motorsports | Chevrolet","Driver",13,1
"Racing",2022,"Panini","National Treasures","Qualifying Marks Holo Platinum Blue","Brittney Zamora","Rackley Roofing | Toyota","Driver",14,1
"Racing",2022,"Panini","National Treasures","Qualifying Marks Holo Platinum Blue","Ty Gibbs","Monster Energy | Joe Gibbs Racing | Toyota","Driver",15,1
"Racing",2022,"Panini","National Treasures","Qualifying Marks Holo Platinum Blue","Danica Patrick","Mobil 1 | Stewart-Haas Racing | Ford","Driver",16,1
"Racing",2022,"Panini","National Treasures","Qualifying Marks Holo Platinum Blue","Denny Hamlin","FedEx Express | Joe Gibbs Racing | Toyota","Driver",17,1
"Racing",2022,"Panini","National Treasures","Qualifying Marks Holo Platinum Blue","Martin Truex Jr.","Bass Pro Shops | Joe Gibbs Racing | Toyota","Driver",18,1
"Racing",2022,"Panini","National Treasures","Qualifying Marks Holo Platinum Blue","Greg Biffle","3M | Roush Fenway Racing | Ford","Driver",19,1
"Racing",2022,"Panini","National Treasures","Qualifying Marks Holo Platinum Blue","Jeff Burton","Exide Batteries | Roush Racing | Ford","Driver",20,1
"Racing",2022,"Panini","National Treasures","Qualifying Marks Silver","Kasey Kahne","Dodge Dealers | Evernham Motorsports | Dodge","Driver",1,10
"Racing",2022,"Panini","National Treasures","Qualifying Marks Silver","Kyle Busch","M&M's | Joe Gibbs Racing | Toyota","Driver",2,3
"Racing",2022,"Panini","National Treasures","Qualifying Marks Silver","Natalie Decker","NERD Focus | Our Motorsports | Chevrolet","Driver",3,10
"Racing",2022,"Panini","National Treasures","Qualifying Marks Silver","Toni Breidinger","ARCA Menards","Driver",4,3
"Racing",2022,"Panini","National Treasures","Qualifying Marks Silver","Rusty Wallace","Miller Genuine Draft | Team Penske | Pontiac","Driver",5,5
"Racing",2022,"Panini","National Treasures","Qualifying Marks Silver","Jamie McMurray","Cessna | Chip Ganassi Racing | Chevrolet","Driver",6,49
"Racing",2022,"Panini","National Treasures","Qualifying Marks Silver","Ross Chastain","AdventHealth | Trackhouse Racing | Chevrolet","Driver",7,10
"Racing",2022,"Panini","National Treasures","Qualifying Marks Silver","Daniel Suarez","Commscope | Trackhouse Racing | Chevrolet","Driver",8,10
"Racing",2022,"Panini","National Treasures","Qualifying Marks Silver","Hailie Deegan","Monster Energy | DGR-Crosley | Ford","Driver",9,25
"Racing",2022,"Panini","National Treasures","Qualifying Marks Silver","Thad Moffitt","Clean Pacs | David Gilliland Racing | Ford","Driver",10,15
"Racing",2022,"Panini","National Treasures","Qualifying Marks Silver","Mark Martin","Pfizer | Roush Racing | Ford","Driver",11,25
"Racing",2022,"Panini","National Treasures","Qualifying Marks Silver","Bobby Allison","Coca-Cola | Bobby Allison | Dodge","Driver",12,25
"Racing",2022,"Panini","National Treasures","Qualifying Marks Silver","Sam Mayer","Accelerate | JR Motorsports | Chevrolet","Driver",13,25
"Racing",2022,"Panini","National Treasures","Qualifying Marks Silver","Brittney Zamora","Rackley Roofing | Toyota","Driver",14,15
"Racing",2022,"Panini","National Treasures","Qualifying Marks Silver","Ty Gibbs","Monster Energy | Joe Gibbs Racing | Toyota","Driver",15,25
"Racing",2022,"Panini","National Treasures","Qualifying Marks Silver","Danica Patrick","Mobil 1 | Stewart-Haas Racing | Ford","Driver",16,25
"Racing",2022,"Panini","National Treasures","Qualifying Marks Silver","Denny Hamlin","FedEx Express | Joe Gibbs Racing | Toyota","Driver",17,7
"Racing",2022,"Panini","National Treasures","Qualifying Marks Silver","Martin Truex Jr.","Bass Pro Shops | Joe Gibbs Racing | Toyota","Driver",18,3
"Racing",2022,"Panini","National Treasures","Qualifying Marks Silver","Greg Biffle","3M | Roush Fenway Racing | Ford","Driver",19,25
"Racing",2022,"Panini","National Treasures","Qualifying Marks Silver","Jeff Burton","Exide Batteries | Roush Racing | Ford","Driver",20,25
"Racing",2022,"Panini","National Treasures","Race Gear Graphs","Cole Custer","Haas Automation | Stewart-Haas Racing | Ford","Driver",2,25
"Racing",2022,"Panini","National Treasures","Race Gear Graphs","Corey LaJoie","Built Bar | Spire Motorsports | Chevrolet","Driver",3,99
"Racing",2022,"Panini","National Treasures","Race Gear Graphs","Daniel Hemric","South Point | Kaulig Racing | Chevrolet","Driver",4,99
"Racing",2022,"Panini","National Treasures","Race Gear Graphs","Erik Jones","Focus Factor | Petty GMS | Chevrolet","Driver",5,99
"Racing",2022,"Panini","National Treasures","Race Gear Graphs","Garrett Smithley","Nurtec | Rick Ware Racing | Ford","Driver",6,75
"Racing",2022,"Panini","National Treasures","Race Gear Graphs","Gray Gaulding","Panini | Chevrolet","Driver",7,99
"Racing",2022,"Panini","National Treasures","Race Gear Graphs","Harrison Burton","Motorcraft | Wood Brothers Racing | Ford","Driver",8,38
"Racing",2022,"Panini","National Treasures","Race Gear Graphs","Jeffrey Earnhardt","ForeverLawn | JD Motorsports | Chevrolet","Driver",9,99
"Racing",2022,"Panini","National Treasures","Race Gear Graphs","Josh Bilicki","Ziegler | DGM | Chevrolet","Driver",10,49
"Racing",2022,"Panini","National Treasures","Race Gear Graphs","Justin Allgaier","Brandt | JR Motorsports | Chevrolet","Driver",11,99
"Racing",2022,"Panini","National Treasures","Race Gear Graphs","Justin Haley","LeafFilter | Kaulig Racing | Chevrolet","Driver",12,99
"Racing",2022,"Panini","National Treasures","Race Gear Graphs","Kaz Grala","Pit Viper | The Money Team | Chevrolet","Driver",13,34
"Racing",2022,"Panini","National Treasures","Race Gear Graphs","Matt DiBenedetto","Rackley Roofing | Rackley WAR | Chevrolet","Driver",14,99
"Racing",2022,"Panini","National Treasures","Race Gear Graphs","Matt Kenseth","DeWalt | Joe Gibbs Racing | Toyota","Driver",15,99
"Racing",2022,"Panini","National Treasures","Race Gear Graphs","Michael McDowell","Love's Travel Stops | Front Row Motorsports | Ford","Driver",16,99
"Racing",2022,"Panini","National Treasures","Race Gear Graphs","Ross Chastain","AdventHealth | Trackhouse Racing | Chevrolet","Driver",18,45
"Racing",2022,"Panini","National Treasures","Race Gear Graphs","Ryan Preece","Kroger | JTG Daugherty Racing | Chevrolet","Driver",19,99
"Racing",2022,"Panini","National Treasures","Race Gear Graphs","Ty Dillon","Black Rifle Coffee | Petty GMS | Chevrolet","Driver",20,99
"Racing",2022,"Panini","National Treasures","Race Gear Graphs Green","Clint Bowyer","WIX Filters | Stewart-Haas Racing | Ford","Driver",1,5
"Racing",2022,"Panini","National Treasures","Race Gear Graphs Green","Cole Custer","Haas Automation | Stewart-Haas Racing | Ford","Driver",2,5
"Racing",2022,"Panini","National Treasures","Race Gear Graphs Green","Corey LaJoie","Built Bar | Spire Motorsports | Chevrolet","Driver",3,5
"Racing",2022,"Panini","National Treasures","Race Gear Graphs Green","Daniel Hemric","South Point | Kaulig Racing | Chevrolet","Driver",4,5
"Racing",2022,"Panini","National Treasures","Race Gear Graphs Green","Erik Jones","Focus Factor | Petty GMS | Chevrolet","Driver",5,5
"Racing",2022,"Panini","National Treasures","Race Gear Graphs Green","Garrett Smithley","Nurtec | Rick Ware Racing | Ford","Driver",6,5
"Racing",2022,"Panini","National Treasures","Race Gear Graphs Green","Gray Gaulding","Panini | Chevrolet","Driver",7,5
"Racing",2022,"Panini","National Treasures","Race Gear Graphs Green","Harrison Burton","Motorcraft | Wood Brothers Racing | Ford","Driver",8,5
"Racing",2022,"Panini","National Treasures","Race Gear Graphs Green","Jeffrey Earnhardt","ForeverLawn | JD Motorsports | Chevrolet","Driver",9,5
"Racing",2022,"Panini","National Treasures","Race Gear Graphs Green","Josh Bilicki","Ziegler | DGM | Chevrolet","Driver",10,5
"Racing",2022,"Panini","National Treasures","Race Gear Graphs Green","Justin Allgaier","Brandt | JR Motorsports | Chevrolet","Driver",11,5
"Racing",2022,"Panini","National Treasures","Race Gear Graphs Green","Justin Haley","LeafFilter | Kaulig Racing | Chevrolet","Driver",12,5
"Racing",2022,"Panini","National Treasures","Race Gear Graphs Green","Kaz Grala","Pit Viper | The Money Team | Chevrolet","Driver",13,5
"Racing",2022,"Panini","National Treasures","Race Gear Graphs Green","Matt DiBenedetto","Rackley Roofing | Rackley WAR | Chevrolet","Driver",14,5
"Racing",2022,"Panini","National Treasures","Race Gear Graphs Green","Matt Kenseth","DeWalt | Joe Gibbs Racing | Toyota","Driver",15,5
"Racing",2022,"Panini","National Treasures","Race Gear Graphs Green","Michael McDowell","Love's Travel Stops | Front Row Motorsports | Ford","Driver",16,5
"Racing",2022,"Panini","National Treasures","Race Gear Graphs Green","Ross Chastain","AdventHealth | Trackhouse Racing | Chevrolet","Driver",18,5
"Racing",2022,"Panini","National Treasures","Race Gear Graphs Green","Ryan Preece","Kroger | JTG Daugherty Racing | Chevrolet","Driver",19,5
"Racing",2022,"Panini","National Treasures","Race Gear Graphs Green","Ty Dillon","Black Rifle Coffee | Petty GMS | Chevrolet","Driver",20,5
"Racing",2022,"Panini","National Treasures","Race Gear Graphs Holo Gold","Clint Bowyer","WIX Filters | Stewart-Haas Racing | Ford","Driver",1,8
"Racing",2022,"Panini","National Treasures","Race Gear Graphs Holo Gold","Cole Custer","Haas Automation | Stewart-Haas Racing | Ford","Driver",2,10
"Racing",2022,"Panini","National Treasures","Race Gear Graphs Holo Gold","Corey LaJoie","Built Bar | Spire Motorsports | Chevrolet","Driver",3,10
"Racing",2022,"Panini","National Treasures","Race Gear Graphs Holo Gold","Daniel Hemric","South Point | Kaulig Racing | Chevrolet","Driver",4,10
"Racing",2022,"Panini","National Treasures","Race Gear Graphs Holo Gold","Erik Jones","Focus Factor | Petty GMS | Chevrolet","Driver",5,10
"Racing",2022,"Panini","National Treasures","Race Gear Graphs Holo Gold","Garrett Smithley","Nurtec | Rick Ware Racing | Ford","Driver",6,10
"Racing",2022,"Panini","National Treasures","Race Gear Graphs Holo Gold","Gray Gaulding","Panini | Chevrolet","Driver",7,10
"Racing",2022,"Panini","National Treasures","Race Gear Graphs Holo Gold","Harrison Burton","Motorcraft | Wood Brothers Racing | Ford","Driver",8,10
"Racing",2022,"Panini","National Treasures","Race Gear Graphs Holo Gold","Jeffrey Earnhardt","ForeverLawn | JD Motorsports | Chevrolet","Driver",9,10
"Racing",2022,"Panini","National Treasures","Race Gear Graphs Holo Gold","Josh Bilicki","Ziegler | DGM | Chevrolet","Driver",10,10
"Racing",2022,"Panini","National Treasures","Race Gear Graphs Holo Gold","Justin Allgaier","Brandt | JR Motorsports | Chevrolet","Driver",11,10
"Racing",2022,"Panini","National Treasures","Race Gear Graphs Holo Gold","Justin Haley","LeafFilter | Kaulig Racing | Chevrolet","Driver",12,10
"Racing",2022,"Panini","National Treasures","Race Gear Graphs Holo Gold","Kaz Grala","Pit Viper | The Money Team | Chevrolet","Driver",13,10
"Racing",2022,"Panini","National Treasures","Race Gear Graphs Holo Gold","Matt DiBenedetto","Rackley Roofing | Rackley WAR | Chevrolet","Driver",14,10
"Racing",2022,"Panini","National Treasures","Race Gear Graphs Holo Gold","Matt Kenseth","DeWalt | Joe Gibbs Racing | Toyota","Driver",15,10
"Racing",2022,"Panini","National Treasures","Race Gear Graphs Holo Gold","Michael McDowell","Love's Travel Stops | Front Row Motorsports | Ford","Driver",16,10
"Racing",2022,"Panini","National Treasures","Race Gear Graphs Holo Gold","Ross Chastain","AdventHealth | Trackhouse Racing | Chevrolet","Driver",18,10
"Racing",2022,"Panini","National Treasures","Race Gear Graphs Holo Gold","Ryan Preece","Kroger | JTG Daugherty Racing | Chevrolet","Driver",19,10
"Racing",2022,"Panini","National Treasures","Race Gear Graphs Holo Gold","Ty Dillon","Black Rifle Coffee | Petty GMS | Chevrolet","Driver",20,10
"Racing",2022,"Panini","National Treasures","Race Gear Graphs Holo Platinum Blue","Clint Bowyer","WIX Filters | Stewart-Haas Racing | Ford","Driver",1,1
"Racing",2022,"Panini","National Treasures","Race Gear Graphs Holo Platinum Blue","Cole Custer","Haas Automation | Stewart-Haas Racing | Ford","Driver",2,1
"Racing",2022,"Panini","National Treasures","Race Gear Graphs Holo Platinum Blue","Corey LaJoie","Built Bar | Spire Motorsports | Chevrolet","Driver",3,1
"Racing",2022,"Panini","National Treasures","Race Gear Graphs Holo Platinum Blue","Daniel Hemric","South Point | Kaulig Racing | Chevrolet","Driver",4,1
"Racing",2022,"Panini","National Treasures","Race Gear Graphs Holo Platinum Blue","Erik Jones","Focus Factor | Petty GMS | Chevrolet","Driver",5,1
"Racing",2022,"Panini","National Treasures","Race Gear Graphs Holo Platinum Blue","Garrett Smithley","Nurtec | Rick Ware Racing | Ford","Driver",6,1
"Racing",2022,"Panini","National Treasures","Race Gear Graphs Holo Platinum Blue","Gray Gaulding","Panini | Chevrolet","Driver",7,1
"Racing",2022,"Panini","National Treasures","Race Gear Graphs Holo Platinum Blue","Harrison Burton","Motorcraft | Wood Brothers Racing | Ford","Driver",8,1
"Racing",2022,"Panini","National Treasures","Race Gear Graphs Holo Platinum Blue","Jeffrey Earnhardt","ForeverLawn | JD Motorsports | Chevrolet","Driver",9,1
"Racing",2022,"Panini","National Treasures","Race Gear Graphs Holo Platinum Blue","Josh Bilicki","Ziegler | DGM | Chevrolet","Driver",10,1
"Racing",2022,"Panini","National Treasures","Race Gear Graphs Holo Platinum Blue","Justin Allgaier","Brandt | JR Motorsports | Chevrolet","Driver",11,1
"Racing",2022,"Panini","National Treasures","Race Gear Graphs Holo Platinum Blue","Justin Haley","LeafFilter | Kaulig Racing | Chevrolet","Driver",12,1
"Racing",2022,"Panini","National Treasures","Race Gear Graphs Holo Platinum Blue","Kaz Grala","Pit Viper | The Money Team | Chevrolet","Driver",13,1
"Racing",2022,"Panini","National Treasures","Race Gear Graphs Holo Platinum Blue","Matt DiBenedetto","Rackley Roofing | Rackley WAR | Chevrolet","Driver",14,1
"Racing",2022,"Panini","National Treasures","Race Gear Graphs Holo Platinum Blue","Matt Kenseth","DeWalt | Joe Gibbs Racing | Toyota","Driver",15,1
"Racing",2022,"Panini","National Treasures","Race Gear Graphs Holo Platinum Blue","Michael McDowell","Love's Travel Stops | Front Row Motorsports | Ford","Driver",16,1
"Racing",2022,"Panini","National Treasures","Race Gear Graphs Holo Platinum Blue","Ross Chastain","AdventHealth | Trackhouse Racing | Chevrolet","Driver",18,1
"Racing",2022,"Panini","National Treasures","Race Gear Graphs Holo Platinum Blue","Ryan Preece","Kroger | JTG Daugherty Racing | Chevrolet","Driver",19,1
"Racing",2022,"Panini","National Treasures","Race Gear Graphs Holo Platinum Blue","Ty Dillon","Black Rifle Coffee | Petty GMS | Chevrolet","Driver",20,1
"Racing",2022,"Panini","National Treasures","Race Gear Graphs Holo Silver","Cole Custer","Haas Automation | Stewart-Haas Racing | Ford","Driver",2,15
"Racing",2022,"Panini","National Treasures","Race Gear Graphs Holo Silver","Corey LaJoie","Built Bar | Spire Motorsports | Chevrolet","Driver",3,49
"Racing",2022,"Panini","National Treasures","Race Gear Graphs Holo Silver","Daniel Hemric","South Point | Kaulig Racing | Chevrolet","Driver",4,49
"Racing",2022,"Panini","National Treasures","Race Gear Graphs Holo Silver","Erik Jones","Focus Factor | Petty GMS | Chevrolet","Driver",5,49
"Racing",2022,"Panini","National Treasures","Race Gear Graphs Holo Silver","Garrett Smithley","Nurtec | Rick Ware Racing | Ford","Driver",6,25
"Racing",2022,"Panini","National Treasures","Race Gear Graphs Holo Silver","Gray Gaulding","Panini | Chevrolet","Driver",7,49
"Racing",2022,"Panini","National Treasures","Race Gear Graphs Holo Silver","Harrison Burton","Motorcraft | Wood Brothers Racing | Ford","Driver",8,15
"Racing",2022,"Panini","National Treasures","Race Gear Graphs Holo Silver","Jeffrey Earnhardt","ForeverLawn | JD Motorsports | Chevrolet","Driver",9,49
"Racing",2022,"Panini","National Treasures","Race Gear Graphs Holo Silver","Josh Bilicki","Ziegler | DGM | Chevrolet","Driver",10,25
"Racing",2022,"Panini","National Treasures","Race Gear Graphs Holo Silver","Justin Allgaier","Brandt | JR Motorsports | Chevrolet","Driver",11,49
"Racing",2022,"Panini","National Treasures","Race Gear Graphs Holo Silver","Justin Haley","LeafFilter | Kaulig Racing | Chevrolet","Driver",12,49
"Racing",2022,"Panini","National Treasures","Race Gear Graphs Holo Silver","Kaz Grala","Pit Viper | The Money Team | Chevrolet","Driver",13,15
"Racing",2022,"Panini","National Treasures","Race Gear Graphs Holo Silver","Matt DiBenedetto","Rackley Roofing | Rackley WAR | Chevrolet","Driver",14,49
"Racing",2022,"Panini","National Treasures","Race Gear Graphs Holo Silver","Matt Kenseth","DeWalt | Joe Gibbs Racing | Toyota","Driver",15,49
"Racing",2022,"Panini","National Treasures","Race Gear Graphs Holo Silver","Michael McDowell","Love's Travel Stops | Front Row Motorsports | Ford","Driver",16,49
"Racing",2022,"Panini","National Treasures","Race Gear Graphs Holo Silver","Ross Chastain","AdventHealth | Trackhouse Racing | Chevrolet","Driver",18,15
"Racing",2022,"Panini","National Treasures","Race Gear Graphs Holo Silver","Ryan Preece","Kroger | JTG Daugherty Racing | Chevrolet","Driver",19,49
"Racing",2022,"Panini","National Treasures","Race Gear Graphs Holo Silver","Ty Dillon","Black Rifle Coffee | Petty GMS | Chevrolet","Driver",20,49
"Racing",2022,"Panini","National Treasures","Race Used Firesuits","Brad Keselowski","Kohler | RFK Racing | Ford","Driver",1,25
"Racing",2022,"Panini","National Treasures","Race Used Firesuits","John Hunter Nemechek","Mobil 1 | Kyle Busch Motorsports | Toyota","Driver",2,25
"Racing",2022,"Panini","National Treasures","Race Used Firesuits","Dale Earnhardt Jr","AXALTA | Hendrick Motorsports | Chevrolet","Driver",3,25
"Racing",2022,"Panini","National Treasures","Race Used Firesuits","Cole Custer","Haas Automation | Stewart-Haas Racing | Ford","Driver",4,25
"Racing",2022,"Panini","National Treasures","Race Used Firesuits","Daniel Suarez","Freeway Insurance | Trackhouse Racing | Chevrolet","Driver",5,25
"Racing",2022,"Panini","National Treasures","Race Used Firesuits","Jimmie Johnson","Ally Financial | Hendrick Motorsports | Chevrolet","Driver",6,25
"Racing",2022,"Panini","National Treasures","Race Used Firesuits","Martin Truex Jr.","Bass Pro Shops | Joe Gibbs Racing | Toyota","Driver",7,25
"Racing",2022,"Panini","National Treasures","Race Used Firesuits","Kyle Busch","M&M's | Joe Gibbs Racing | Toyota","Driver",8,25
"Racing",2022,"Panini","National Treasures","Race Used Firesuits","Erik Jones","Focus Factor | Petty GMS | Chevrolet","Driver",9,25
"Racing",2022,"Panini","National Treasures","Race Used Firesuits","Denny Hamlin","FedEx Freight | Joe Gibbs Racing | Toyota","Driver",10,25
"Racing",2022,"Panini","National Treasures","Race Used Firesuits","Daniel Hemric","Poppy Bank | Kaulig Racing | Chevrolet","Driver",11,25
"Racing",2022,"Panini","National Treasures","Race Used Firesuits","Alex Bowman","Ally Financial | Hendrick Motorsports | Chevrolet","Driver",12,25
"Racing",2022,"Panini","National Treasures","Race Used Firesuits","Aric Almirola","Smithfield Foods | Stewart-Haas Racing | Ford","Driver",13,25
"Racing",2022,"Panini","National Treasures","Race Used Firesuits","Bubba Wallace","McDonald's | 23XI Racing | Toyota","Driver",14,25
"Racing",2022,"Panini","National Treasures","Race Used Firesuits","Ryan Newman","Oscar Mayer | Roush Fenway Racing | Ford","Driver",16,25
"Racing",2022,"Panini","National Treasures","Race Used Firesuits","Ryan Blaney","Menards | Team Penske | Ford","Driver",17,25
"Racing",2022,"Panini","National Treasures","Race Used Firesuits","Ross Chastain","AdventHealth | Trackhouse Racing | Chevrolet","Driver",18,25
"Racing",2022,"Panini","National Treasures","Race Used Firesuits","Ricky Stenhouse Jr","Kroger | JTG Daugherty Racing | Chevrolet","Driver",19,4
"Racing",2022,"Panini","National Treasures","Race Used Firesuits","Noah Gragson","Bass Pro Shops | JR Motorsports | Chevrolet","Driver",20,25
"Racing",2022,"Panini","National Treasures","Race Used Firesuits","Michael McDowell","Love's Travel Stops | Front Row Motorsports | Ford","Driver",21,25
"Racing",2022,"Panini","National Treasures","Race Used Firesuits","Joey Logano","Shell-Pennzoil | Team Penske | Ford","Driver",24,25
"Racing",2022,"Panini","National Treasures","Race Used Firesuits","Corey LaJoie","Built Bar | Spire Motorsports | Chevrolet","Driver",25,25
"Racing",2022,"Panini","National Treasures","Race Used Firesuits Laundry Tags","Brad Keselowski","Kohler | RFK Racing | Ford","Driver",1,1
"Racing",2022,"Panini","National Treasures","Race Used Firesuits Laundry Tags","John Hunter Nemechek","Mobil 1 | Kyle Busch Motorsports | Toyota","Driver",2,1
"Racing",2022,"Panini","National Treasures","Race Used Firesuits Laundry Tags","Dale Earnhardt Jr","AXALTA | Hendrick Motorsports | Chevrolet","Driver",3,1
"Racing",2022,"Panini","National Treasures","Race Used Firesuits Laundry Tags","Cole Custer","Haas Automation | Stewart-Haas Racing | Ford","Driver",4,1
"Racing",2022,"Panini","National Treasures","Race Used Firesuits Laundry Tags","Daniel Suarez","Freeway Insurance | Trackhouse Racing | Chevrolet","Driver",5,1
"Racing",2022,"Panini","National Treasures","Race Used Firesuits Laundry Tags","Jimmie Johnson","Ally Financial | Hendrick Motorsports | Chevrolet","Driver",6,1
"Racing",2022,"Panini","National Treasures","Race Used Firesuits Laundry Tags","Martin Truex Jr.","Bass Pro Shops | Joe Gibbs Racing | Toyota","Driver",7,1
"Racing",2022,"Panini","National Treasures","Race Used Firesuits Laundry Tags","Kyle Busch","M&M's | Joe Gibbs Racing | Toyota","Driver",8,1
"Racing",2022,"Panini","National Treasures","Race Used Firesuits Laundry Tags","Erik Jones","Focus Factor | Petty GMS | Chevrolet","Driver",9,1
"Racing",2022,"Panini","National Treasures","Race Used Firesuits Laundry Tags","Denny Hamlin","FedEx Freight | Joe Gibbs Racing | Toyota","Driver",10,1
"Racing",2022,"Panini","National Treasures","Race Used Firesuits Laundry Tags","Daniel Hemric","Poppy Bank | Kaulig Racing | Chevrolet","Driver",11,1
"Racing",2022,"Panini","National Treasures","Race Used Firesuits Laundry Tags","Alex Bowman","Ally Financial | Hendrick Motorsports | Chevrolet","Driver",12,1
"Racing",2022,"Panini","National Treasures","Race Used Firesuits Laundry Tags","Aric Almirola","Smithfield Foods | Stewart-Haas Racing | Ford","Driver",13,1
"Racing",2022,"Panini","National Treasures","Race Used Firesuits Laundry Tags","Bubba Wallace","McDonald's | 23XI Racing | Toyota","Driver",14,1
"Racing",2022,"Panini","National Treasures","Race Used Firesuits Laundry Tags","William Byron","AXALTA | Hendrick Motorsports | Chevrolet","Driver",15,1
"Racing",2022,"Panini","National Treasures","Race Used Firesuits Laundry Tags","Ryan Newman","Oscar Mayer | Roush Fenway Racing | Ford","Driver",16,1
"Racing",2022,"Panini","National Treasures","Race Used Firesuits Laundry Tags","Ryan Blaney","Menards | Team Penske | Ford","Driver",17,1
"Racing",2022,"Panini","National Treasures","Race Used Firesuits Laundry Tags","Ross Chastain","AdventHealth | Trackhouse Racing | Chevrolet","Driver",18,1
"Racing",2022,"Panini","National Treasures","Race Used Firesuits Laundry Tags","Ricky Stenhouse Jr","Kroger | JTG Daugherty Racing | Chevrolet","Driver",19,1
"Racing",2022,"Panini","National Treasures","Race Used Firesuits Laundry Tags","Noah Gragson","Bass Pro Shops | JR Motorsports | Chevrolet","Driver",20,1
"Racing",2022,"Panini","National Treasures","Race Used Firesuits Laundry Tags","Michael McDowell","Love's Travel Stops | Front Row Motorsports | Ford","Driver",21,1
"Racing",2022,"Panini","National Treasures","Race Used Firesuits Laundry Tags","Kevin Harvick","GearWrench | Stewart-Haas Racing | Ford","Driver",23,1
"Racing",2022,"Panini","National Treasures","Race Used Firesuits Laundry Tags","Corey LaJoie","Built Bar | Spire Motorsports | Chevrolet","Driver",25,1
"Racing",2022,"Panini","National Treasures","Race Used Firesuits Prime","Brad Keselowski","Kohler | RFK Racing | Ford","Driver",1,10
"Racing",2022,"Panini","National Treasures","Race Used Firesuits Prime","John Hunter Nemechek","Mobil 1 | Kyle Busch Motorsports | Toyota","Driver",2,2
"Racing",2022,"Panini","National Treasures","Race Used Firesuits Prime","Dale Earnhardt Jr","AXALTA | Hendrick Motorsports | Chevrolet","Driver",3,1
"Racing",2022,"Panini","National Treasures","Race Used Firesuits Prime","Cole Custer","Haas Automation | Stewart-Haas Racing | Ford","Driver",4,10
"Racing",2022,"Panini","National Treasures","Race Used Firesuits Prime","Daniel Suarez","Freeway Insurance | Trackhouse Racing | Chevrolet","Driver",5,10
"Racing",2022,"Panini","National Treasures","Race Used Firesuits Prime","Jimmie Johnson","Ally Financial | Hendrick Motorsports | Chevrolet","Driver",6,10
"Racing",2022,"Panini","National Treasures","Race Used Firesuits Prime","Martin Truex Jr.","Bass Pro Shops | Joe Gibbs Racing | Toyota","Driver",7,10
"Racing",2022,"Panini","National Treasures","Race Used Firesuits Prime","Kyle Busch","M&M's | Joe Gibbs Racing | Toyota","Driver",8,10
"Racing",2022,"Panini","National Treasures","Race Used Firesuits Prime","Erik Jones","Focus Factor | Petty GMS | Chevrolet","Driver",9,7
"Racing",2022,"Panini","National Treasures","Race Used Firesuits Prime","Denny Hamlin","FedEx Freight | Joe Gibbs Racing | Toyota","Driver",10,1
"Racing",2022,"Panini","National Treasures","Race Used Firesuits Prime","Daniel Hemric","Poppy Bank | Kaulig Racing | Chevrolet","Driver",11,10
"Racing",2022,"Panini","National Treasures","Race Used Firesuits Prime","Alex Bowman","Ally Financial | Hendrick Motorsports | Chevrolet","Driver",12,10
"Racing",2022,"Panini","National Treasures","Race Used Firesuits Prime","Aric Almirola","Smithfield Foods | Stewart-Haas Racing | Ford","Driver",13,8
"Racing",2022,"Panini","National Treasures","Race Used Firesuits Prime","William Byron","AXALTA | Hendrick Motorsports | Chevrolet","Driver",15,10
"Racing",2022,"Panini","National Treasures","Race Used Firesuits Prime","Ryan Newman","Oscar Mayer | Roush Fenway Racing | Ford","Driver",16,1
"Racing",2022,"Panini","National Treasures","Race Used Firesuits Prime","Ross Chastain","AdventHealth | Trackhouse Racing | Chevrolet","Driver",18,10
"Racing",2022,"Panini","National Treasures","Race Used Firesuits Prime","Ricky Stenhouse Jr","Kroger | JTG Daugherty Racing | Chevrolet","Driver",19,1
"Racing",2022,"Panini","National Treasures","Race Used Firesuits Prime","Noah Gragson","Bass Pro Shops | JR Motorsports | Chevrolet","Driver",20,10
"Racing",2022,"Panini","National Treasures","Race Used Firesuits Prime","Michael McDowell","Love's Travel Stops | Front Row Motorsports | Ford","Driver",21,10
"Racing",2022,"Panini","National Treasures","Race Used Firesuits Prime","Joey Logano","Shell-Pennzoil | Team Penske | Ford","Driver",24,2
"Racing",2022,"Panini","National Treasures","Race Used Firesuits Prime","Corey LaJoie","Built Bar | Spire Motorsports | Chevrolet","Driver",25,10
"Racing",2022,"Panini","National Treasures","Race Used Gloves","Brad Keselowski","Kohler | RFK Racing | Ford","Driver",1,25
"Racing",2022,"Panini","National Treasures","Race Used Gloves","John Hunter Nemechek","Mobil 1 | Kyle Busch Motorsports | Toyota","Driver",2,25
"Racing",2022,"Panini","National Treasures","Race Used Gloves","Dale Earnhardt Jr","AXALTA | Hendrick Motorsports | Chevrolet","Driver",3,8
"Racing",2022,"Panini","National Treasures","Race Used Gloves","Cole Custer","Haas Automation | Stewart-Haas Racing | Ford","Driver",4,25
"Racing",2022,"Panini","National Treasures","Race Used Gloves","Daniel Suarez","Freeway Insurance | Trackhouse Racing | Chevrolet","Driver",5,25
"Racing",2022,"Panini","National Treasures","Race Used Gloves","Jimmie Johnson","Ally Financial | Hendrick Motorsports | Chevrolet","Driver",6,21
"Racing",2022,"Panini","National Treasures","Race Used Gloves","Martin Truex Jr.","Bass Pro Shops | Joe Gibbs Racing | Toyota","Driver",7,2
"Racing",2022,"Panini","National Treasures","Race Used Gloves","Erik Jones","Focus Factor | Petty GMS | Chevrolet","Driver",9,14
"Racing",2022,"Panini","National Treasures","Race Used Gloves","Denny Hamlin","FedEx Freight | Joe Gibbs Racing | Toyota","Driver",10,20
"Racing",2022,"Panini","National Treasures","Race Used Gloves","Daniel Hemric","Poppy Bank | Kaulig Racing | Chevrolet","Driver",11,18
"Racing",2022,"Panini","National Treasures","Race Used Gloves","Alex Bowman","Ally Financial | Hendrick Motorsports | Chevrolet","Driver",12,18
"Racing",2022,"Panini","National Treasures","Race Used Gloves","Aric Almirola","Smithfield Foods | Stewart-Haas Racing | Ford","Driver",13,25
"Racing",2022,"Panini","National Treasures","Race Used Gloves","William Byron","AXALTA | Hendrick Motorsports | Chevrolet","Driver",15,1
"Racing",2022,"Panini","National Treasures","Race Used Gloves","Ryan Blaney","Menards | Team Penske | Ford","Driver",17,25
"Racing",2022,"Panini","National Treasures","Race Used Gloves","Ross Chastain","AdventHealth | Trackhouse Racing | Chevrolet","Driver",18,3
"Racing",2022,"Panini","National Treasures","Race Used Gloves","Ricky Stenhouse Jr","Kroger | JTG Daugherty Racing | Chevrolet","Driver",19,2
"Racing",2022,"Panini","National Treasures","Race Used Gloves","Noah Gragson","Bass Pro Shops | JR Motorsports | Chevrolet","Driver",20,25
"Racing",2022,"Panini","National Treasures","Race Used Gloves","Michael McDowell","Love's Travel Stops | Front Row Motorsports | Ford","Driver",21,1
"Racing",2022,"Panini","National Treasures","Race Used Gloves","Joey Logano","Shell-Pennzoil | Team Penske | Ford","Driver",24,7
"Racing",2022,"Panini","National Treasures","Race Used Gloves","Corey LaJoie","Built Bar | Spire Motorsports | Chevrolet","Driver",25,25
"Racing",2022,"Panini","National Treasures","Race Used Sheet Metal","Brad Keselowski","Kohler | RFK Racing | Ford","Driver",1,49
"Racing",2022,"Panini","National Treasures","Race Used Sheet Metal","John Hunter Nemechek","Mobil 1 | Kyle Busch Motorsports | Toyota","Driver",2,49
"Racing",2022,"Panini","National Treasures","Race Used Sheet Metal","Dale Earnhardt Jr","AXALTA | Hendrick Motorsports | Chevrolet","Driver",3,49
"Racing",2022,"Panini","National Treasures","Race Used Sheet Metal","Cole Custer","Haas Automation | Stewart-Haas Racing | Ford","Driver",4,8
"Racing",2022,"Panini","National Treasures","Race Used Sheet Metal","Daniel Suarez","Freeway Insurance | Trackhouse Racing | Chevrolet","Driver",5,49
"Racing",2022,"Panini","National Treasures","Race Used Sheet Metal","Jimmie Johnson","Ally Financial | Hendrick Motorsports | Chevrolet","Driver",6,49
"Racing",2022,"Panini","National Treasures","Race Used Sheet Metal","Martin Truex Jr.","Bass Pro Shops | Joe Gibbs Racing | Toyota","Driver",7,49
"Racing",2022,"Panini","National Treasures","Race Used Sheet Metal","Kyle Busch","M&M's | Joe Gibbs Racing | Toyota","Driver",8,49
"Racing",2022,"Panini","National Treasures","Race Used Sheet Metal","Erik Jones","Focus Factor | Petty GMS | Chevrolet","Driver",9,49
"Racing",2022,"Panini","National Treasures","Race Used Sheet Metal","Denny Hamlin","FedEx Freight | Joe Gibbs Racing | Toyota","Driver",10,42
"Racing",2022,"Panini","National Treasures","Race Used Sheet Metal","Daniel Hemric","Poppy Bank | Kaulig Racing | Chevrolet","Driver",11,49
"Racing",2022,"Panini","National Treasures","Race Used Sheet Metal","Alex Bowman","Ally Financial | Hendrick Motorsports | Chevrolet","Driver",12,49
"Racing",2022,"Panini","National Treasures","Race Used Sheet Metal","Aric Almirola","Smithfield Foods | Stewart-Haas Racing | Ford","Driver",13,49
"Racing",2022,"Panini","National Treasures","Race Used Sheet Metal","Bubba Wallace","McDonald's | 23XI Racing | Toyota","Driver",14,49
"Racing",2022,"Panini","National Treasures","Race Used Sheet Metal","William Byron","AXALTA | Hendrick Motorsports | Chevrolet","Driver",15,49
"Racing",2022,"Panini","National Treasures","Race Used Sheet Metal","Ryan Newman","Oscar Mayer | Roush Fenway Racing | Ford","Driver",16,49
"Racing",2022,"Panini","National Treasures","Race Used Sheet Metal","Ryan Blaney","Menards | Team Penske | Ford","Driver",17,49
"Racing",2022,"Panini","National Treasures","Race Used Sheet Metal","Ross Chastain","AdventHealth | Trackhouse Racing | Chevrolet","Driver",18,49
"Racing",2022,"Panini","National Treasures","Race Used Sheet Metal","Ricky Stenhouse Jr","Kroger | JTG Daugherty Racing | Chevrolet","Driver",19,49
"Racing",2022,"Panini","National Treasures","Race Used Sheet Metal","Noah Gragson","Bass Pro Shops | JR Motorsports | Chevrolet","Driver",20,49
"Racing",2022,"Panini","National Treasures","Race Used Sheet Metal","Michael McDowell","Love's Travel Stops | Front Row Motorsports | Ford","Driver",21,49
"Racing",2022,"Panini","National Treasures","Race Used Sheet Metal","Kevin Harvick","GearWrench | Stewart-Haas Racing | Ford","Driver",23,29
"Racing",2022,"Panini","National Treasures","Race Used Sheet Metal","Corey LaJoie","Built Bar | Spire Motorsports | Chevrolet","Driver",25,49
"Racing",2022,"Panini","National Treasures","Race Used Sheet Metal Platinum Blue","Brad Keselowski","Kohler | RFK Racing | Ford","Driver",1,1
"Racing",2022,"Panini","National Treasures","Race Used Sheet Metal Platinum Blue","John Hunter Nemechek","Mobil 1 | Kyle Busch Motorsports | Toyota","Driver",2,1
"Racing",2022,"Panini","National Treasures","Race Used Sheet Metal Platinum Blue","Dale Earnhardt Jr","AXALTA | Hendrick Motorsports | Chevrolet","Driver",3,1
"Racing",2022,"Panini","National Treasures","Race Used Sheet Metal Platinum Blue","Cole Custer","Haas Automation | Stewart-Haas Racing | Ford","Driver",4,1
"Racing",2022,"Panini","National Treasures","Race Used Sheet Metal Platinum Blue","Daniel Suarez","Freeway Insurance | Trackhouse Racing | Chevrolet","Driver",5,1
"Racing",2022,"Panini","National Treasures","Race Used Sheet Metal Platinum Blue","Jimmie Johnson","Ally Financial | Hendrick Motorsports | Chevrolet","Driver",6,1
"Racing",2022,"Panini","National Treasures","Race Used Sheet Metal Platinum Blue","Martin Truex Jr.","Bass Pro Shops | Joe Gibbs Racing | Toyota","Driver",7,1
"Racing",2022,"Panini","National Treasures","Race Used Sheet Metal Platinum Blue","Kyle Busch","M&M's | Joe Gibbs Racing | Toyota","Driver",8,1
"Racing",2022,"Panini","National Treasures","Race Used Sheet Metal Platinum Blue","Erik Jones","Focus Factor | Petty GMS | Chevrolet","Driver",9,1
"Racing",2022,"Panini","National Treasures","Race Used Sheet Metal Platinum Blue","Denny Hamlin","FedEx Freight | Joe Gibbs Racing | Toyota","Driver",10,1
"Racing",2022,"Panini","National Treasures","Race Used Sheet Metal Platinum Blue","Daniel Hemric","Poppy Bank | Kaulig Racing | Chevrolet","Driver",11,1
"Racing",2022,"Panini","National Treasures","Race Used Sheet Metal Platinum Blue","Alex Bowman","Ally Financial | Hendrick Motorsports | Chevrolet","Driver",12,1
"Racing",2022,"Panini","National Treasures","Race Used Sheet Metal Platinum Blue","Aric Almirola","Smithfield Foods | Stewart-Haas Racing | Ford","Driver",13,1
"Racing",2022,"Panini","National Treasures","Race Used Sheet Metal Platinum Blue","Bubba Wallace","McDonald's | 23XI Racing | Toyota","Driver",14,1
"Racing",2022,"Panini","National Treasures","Race Used Sheet Metal Platinum Blue","William Byron","AXALTA | Hendrick Motorsports | Chevrolet","Driver",15,1
"Racing",2022,"Panini","National Treasures","Race Used Sheet Metal Platinum Blue","Ryan Newman","Oscar Mayer | Roush Fenway Racing | Ford","Driver",16,1
"Racing",2022,"Panini","National Treasures","Race Used Sheet Metal Platinum Blue","Ryan Blaney","Menards | Team Penske | Ford","Driver",17,1
"Racing",2022,"Panini","National Treasures","Race Used Sheet Metal Platinum Blue","Ross Chastain","AdventHealth | Trackhouse Racing | Chevrolet","Driver",18,1
"Racing",2022,"Panini","National Treasures","Race Used Sheet Metal Platinum Blue","Ricky Stenhouse Jr","Kroger | JTG Daugherty Racing | Chevrolet","Driver",19,1
"Racing",2022,"Panini","National Treasures","Race Used Sheet Metal Platinum Blue","Noah Gragson","Bass Pro Shops | JR Motorsports | Chevrolet","Driver",20,1
"Racing",2022,"Panini","National Treasures","Race Used Sheet Metal Platinum Blue","Michael McDowell","Love's Travel Stops | Front Row Motorsports | Ford","Driver",21,1
"Racing",2022,"Panini","National Treasures","Race Used Sheet Metal Platinum Blue","Kevin Harvick","GearWrench | Stewart-Haas Racing | Ford","Driver",23,1
"Racing",2022,"Panini","National Treasures","Race Used Sheet Metal Platinum Blue","Joey Logano","Shell-Pennzoil | Team Penske | Ford","Driver",24,1
"Racing",2022,"Panini","National Treasures","Race Used Sheet Metal Platinum Blue","Corey LaJoie","Built Bar | Spire Motorsports | Chevrolet","Driver",25,1
"Racing",2022,"Panini","National Treasures","Race Used Shoes","Brad Keselowski","Kohler | RFK Racing | Ford","Driver",1,23
"Racing",2022,"Panini","National Treasures","Race Used Shoes","John Hunter Nemechek","Mobil 1 | Kyle Busch Motorsports | Toyota","Driver",2,25
"Racing",2022,"Panini","National Treasures","Race Used Shoes","Dale Earnhardt Jr","AXALTA | Hendrick Motorsports | Chevrolet","Driver",3,3
"Racing",2022,"Panini","National Treasures","Race Used Shoes","Cole Custer","Haas Automation | Stewart-Haas Racing | Ford","Driver",4,25
"Racing",2022,"Panini","National Treasures","Race Used Shoes","Daniel Suarez","Freeway Insurance | Trackhouse Racing | Chevrolet","Driver",5,21
"Racing",2022,"Panini","National Treasures","Race Used Shoes","Jimmie Johnson","Ally Financial | Hendrick Motorsports | Chevrolet","Driver",6,24
"Racing",2022,"Panini","National Treasures","Race Used Shoes","Kyle Busch","M&M's | Joe Gibbs Racing | Toyota","Driver",8,18
"Racing",2022,"Panini","National Treasures","Race Used Shoes","Erik Jones","Focus Factor | Petty GMS | Chevrolet","Driver",9,18
"Racing",2022,"Panini","National Treasures","Race Used Shoes","Denny Hamlin","FedEx Freight | Joe Gibbs Racing | Toyota","Driver",10,25
"Racing",2022,"Panini","National Treasures","Race Used Shoes","Daniel Hemric","Poppy Bank | Kaulig Racing | Chevrolet","Driver",11,25
"Racing",2022,"Panini","National Treasures","Race Used Shoes","Alex Bowman","Ally Financial | Hendrick Motorsports | Chevrolet","Driver",12,6
"Racing",2022,"Panini","National Treasures","Race Used Shoes","Aric Almirola","Smithfield Foods | Stewart-Haas Racing | Ford","Driver",13,10
"Racing",2022,"Panini","National Treasures","Race Used Shoes","Ryan Newman","Oscar Mayer | Roush Fenway Racing | Ford","Driver",16,25
"Racing",2022,"Panini","National Treasures","Race Used Shoes","Ross Chastain","AdventHealth | Trackhouse Racing | Chevrolet","Driver",18,23
"Racing",2022,"Panini","National Treasures","Race Used Shoes","Ricky Stenhouse Jr","Kroger | JTG Daugherty Racing | Chevrolet","Driver",19,25
"Racing",2022,"Panini","National Treasures","Race Used Shoes","Noah Gragson","Bass Pro Shops | JR Motorsports | Chevrolet","Driver",20,15
"Racing",2022,"Panini","National Treasures","Race Used Shoes","Michael McDowell","Love's Travel Stops | Front Row Motorsports | Ford","Driver",21,2
"Racing",2022,"Panini","National Treasures","Race Used Shoes","Corey LaJoie","Built Bar | Spire Motorsports | Chevrolet","Driver",25,25
"Racing",2022,"Panini","National Treasures","Race Used Tires","Brad Keselowski","Kohler | RFK Racing | Ford","Driver",1,49
"Racing",2022,"Panini","National Treasures","Race Used Tires","John Hunter Nemechek","Mobil 1 | Kyle Busch Motorsports | Toyota","Driver",2,49
"Racing",2022,"Panini","National Treasures","Race Used Tires","Cole Custer","Haas Automation | Stewart-Haas Racing | Ford","Driver",4,49
"Racing",2022,"Panini","National Treasures","Race Used Tires","Daniel Suarez","Freeway Insurance | Trackhouse Racing | Chevrolet","Driver",5,49
"Racing",2022,"Panini","National Treasures","Race Used Tires","Jimmie Johnson","Ally Financial | Hendrick Motorsports | Chevrolet","Driver",6,49
"Racing",2022,"Panini","National Treasures","Race Used Tires","Martin Truex Jr.","Bass Pro Shops | Joe Gibbs Racing | Toyota","Driver",7,49
"Racing",2022,"Panini","National Treasures","Race Used Tires","Kyle Busch","M&M's | Joe Gibbs Racing | Toyota","Driver",8,49
"Racing",2022,"Panini","National Treasures","Race Used Tires","Erik Jones","Focus Factor | Petty GMS | Chevrolet","Driver",9,49
"Racing",2022,"Panini","National Treasures","Race Used Tires","Denny Hamlin","FedEx Freight | Joe Gibbs Racing | Toyota","Driver",10,49
"Racing",2022,"Panini","National Treasures","Race Used Tires","Daniel Hemric","Poppy Bank | Kaulig Racing | Chevrolet","Driver",11,49
"Racing",2022,"Panini","National Treasures","Race Used Tires","Alex Bowman","Ally Financial | Hendrick Motorsports | Chevrolet","Driver",12,49
"Racing",2022,"Panini","National Treasures","Race Used Tires","Aric Almirola","Smithfield Foods | Stewart-Haas Racing | Ford","Driver",13,49
"Racing",2022,"Panini","National Treasures","Race Used Tires","Bubba Wallace","McDonald's | 23XI Racing | Toyota","Driver",14,49
"Racing",2022,"Panini","National Treasures","Race Used Tires","William Byron","AXALTA | Hendrick Motorsports | Chevrolet","Driver",15,49
"Racing",2022,"Panini","National Treasures","Race Used Tires","Ryan Newman","Oscar Mayer | Roush Fenway Racing | Ford","Driver",16,49
"Racing",2022,"Panini","National Treasures","Race Used Tires","Ryan Blaney","Menards | Team Penske | Ford","Driver",17,49
"Racing",2022,"Panini","National Treasures","Race Used Tires","Ross Chastain","AdventHealth | Trackhouse Racing | Chevrolet","Driver",18,49
"Racing",2022,"Panini","National Treasures","Race Used Tires","Ricky Stenhouse Jr","Kroger | JTG Daugherty Racing | Chevrolet","Driver",19,49
"Racing",2022,"Panini","National Treasures","Race Used Tires","Noah Gragson","Bass Pro Shops | JR Motorsports | Chevrolet","Driver",20,49
"Racing",2022,"Panini","National Treasures","Race Used Tires","Michael McDowell","Love's Travel Stops | Front Row Motorsports | Ford","Driver",21,49
"Racing",2022,"Panini","National Treasures","Race Used Tires","Jeff Gordon","AXALTA | Hendrick Motorsports | Chevrolet","Driver",22,49
"Racing",2022,"Panini","National Treasures","Race Used Tires","Kevin Harvick","GearWrench | Stewart-Haas Racing | Ford","Driver",23,49
"Racing",2022,"Panini","National Treasures","Race Used Tires","Joey Logano","Shell-Pennzoil | Team Penske | Ford","Driver",24,49
"Racing",2022,"Panini","National Treasures","Race Used Tires","Corey LaJoie","Built Bar | Spire Motorsports | Chevrolet","Driver",25,49
"Racing",2022,"Panini","National Treasures","Race Used Tires Prime","Brad Keselowski","Kohler | RFK Racing | Ford","Driver",1,5
"Racing",2022,"Panini","National Treasures","Race Used Tires Prime","John Hunter Nemechek","Mobil 1 | Kyle Busch Motorsports | Toyota","Driver",2,10
"Racing",2022,"Panini","National Treasures","Race Used Tires Prime","Daniel Suarez","Freeway Insurance | Trackhouse Racing | Chevrolet","Driver",5,2
"Racing",2022,"Panini","National Treasures","Race Used Tires Prime","Jimmie Johnson","Ally Financial | Hendrick Motorsports | Chevrolet","Driver",6,10
"Racing",2022,"Panini","National Treasures","Race Used Tires Prime","Erik Jones","Focus Factor | Petty GMS | Chevrolet","Driver",9,10
"Racing",2022,"Panini","National Treasures","Race Used Tires Prime","Daniel Hemric","Poppy Bank | Kaulig Racing | Chevrolet","Driver",11,4
"Racing",2022,"Panini","National Treasures","Race Used Tires Prime","William Byron","AXALTA | Hendrick Motorsports | Chevrolet","Driver",15,4
"Racing",2022,"Panini","National Treasures","Race Used Tires Prime","Ricky Stenhouse Jr","Kroger | JTG Daugherty Racing | Chevrolet","Driver",19,10
"Racing",2022,"Panini","National Treasures","Race Used Tires Prime","Noah Gragson","Bass Pro Shops | JR Motorsports | Chevrolet","Driver",20,10
"Racing",2022,"Panini","National Treasures","Race Used Tires Prime","Corey LaJoie","Built Bar | Spire Motorsports | Chevrolet","Driver",25,10
"Racing",2022,"Panini","National Treasures","Race Used Tires Prime Platinum Blue","John Hunter Nemechek","Mobil 1 | Kyle Busch Motorsports | Toyota","Driver",2,1
"Racing",2022,"Panini","National Treasures","Race Used Tires Prime Platinum Blue","Jimmie Johnson","Ally Financial | Hendrick Motorsports | Chevrolet","Driver",6,1
"Racing",2022,"Panini","National Treasures","Race Used Tires Prime Platinum Blue","Erik Jones","Focus Factor | Petty GMS | Chevrolet","Driver",9,1
"Racing",2022,"Panini","National Treasures","Race Used Tires Prime Platinum Blue","Daniel Hemric","Poppy Bank | Kaulig Racing | Chevrolet","Driver",11,1
"Racing",2022,"Panini","National Treasures","Race Used Tires Prime Platinum Blue","Ricky Stenhouse Jr","Kroger | JTG Daugherty Racing | Chevrolet","Driver",19,1
"Racing",2022,"Panini","National Treasures","Race Used Tires Prime Platinum Blue","Noah Gragson","Bass Pro Shops | JR Motorsports | Chevrolet","Driver",20,1
"Racing",2022,"Panini","National Treasures","Race Used Tires Prime Platinum Blue","Corey LaJoie","Built Bar | Spire Motorsports | Chevrolet","Driver",25,1
"Racing",2022,"Panini","National Treasures","Retro Signatures","Natalie Decker","NERD Focus | Our Motorsports | Chevrolet","Driver",1,25
"Racing",2022,"Panini","National Treasures","Retro Signatures","Hailie Deegan","Monster Energy | DGR-Crosley | Ford","Driver",2,25
"Racing",2022,"Panini","National Treasures","Retro Signatures","Dale Earnhardt Jr","National Guard | Hendrick Motorsports | Chevrolet","Driver",4,25
"Racing",2022,"Panini","National Treasures","Retro Signatures","Danica Patrick","GoDaddy.com | Premium Motorsports | Chevrolet","Driver",5,49
"Racing",2022,"Panini","National Treasures","Retro Signatures","Jimmie Johnson","Kobalt Tools | Hendrick Motorsports | Chevrolet","Driver",6,25
"Racing",2022,"Panini","National Treasures","Retro Signatures","Carl Edwards","Scotts | Roush Fenway Racing | Ford","Driver",7,78
"Racing",2022,"Panini","National Treasures","Retro Signatures","Kasey Kahne","Dodge Dealers | Evernham Motorsports | Dodge","Driver",8,20
"Racing",2022,"Panini","National Treasures","Retro Signatures","Richard Petty","STP | Petty Enterprises | Plymouth","Driver",9,25
"Racing",2022,"Panini","National Treasures","Retro Signatures","Terry Labonte","Kellogg's Corn Flakes | Hendrick Motorsports | Chevrolet","Driver",10,49
"Racing",2022,"Panini","National Treasures","Retro Signatures","Bobby Labonte","Interstate Batteries | Joe Gibbs Racing | Pontiac","Driver",11,61
"Racing",2022,"Panini","National Treasures","Retro Signatures","Tony Stewart","Bass Pro Shops | Stewart-Haas Racing | Chevrolet","Driver",12,99
"Racing",2022,"Panini","National Treasures","Retro Signatures","Rusty Wallace","Miller Lite | Team Penske | Ford","Driver",13,10
"Racing",2022,"Panini","National Treasures","Retro Signatures","Austin Dillon","Bass Pro Shops | Richard Childress Racing | Chevrolet","Driver",14,52
"Racing",2022,"Panini","National Treasures","Retro Signatures","Martin Truex Jr.","Bass Pro Shops | Joe Gibbs Racing | Toyota","Driver",15,4
"Racing",2022,"Panini","National Treasures","Retro Signatures","Ty Gibbs","Sport Clips | Joe Gibbs Racing | Toyota","Driver",16,49
"Racing",2022,"Panini","National Treasures","Retro Signatures","Brittney Zamora","Rackley Roofing | Toyota","Driver",17,25
"Racing",2022,"Panini","National Treasures","Retro Signatures","Bubba Wallace","Wheaties | 23XI Racing | Toyota","Driver",18,99
"Racing",2022,"Panini","National Treasures","Retro Signatures","Joey Logano","Shell-Pennzoil | Team Penske | Ford","Driver",19,17
"Racing",2022,"Panini","National Treasures","Retro Signatures","Ryan Blaney","BodyArmor | Team Penske | Ford","Driver",20,27
"Racing",2022,"Panini","National Treasures","Retro Signatures","Kyle Larson","Hendrickcars.com | Hendrick Motorsports | Chevrolet","Driver",21,99
"Racing",2022,"Panini","National Treasures","Retro Signatures","Daniel Suarez","Tootsie's | Trackhouse Racing | Chevrolet","Driver",22,13
"Racing",2022,"Panini","National Treasures","Retro Signatures","William Byron","AXALTA | Hendrick Motorsports | Chevrolet","Driver",24,6
"Racing",2022,"Panini","National Treasures","Retro Signatures","Ricky Stenhouse Jr","Kroger | JTG Daugherty Racing | Chevrolet","Driver",25,49
"Racing",2022,"Panini","National Treasures","Retro Signatures Holo Gold","Natalie Decker","NERD Focus | Our Motorsports | Chevrolet","Driver",1,10
"Racing",2022,"Panini","National Treasures","Retro Signatures Holo Gold","Hailie Deegan","Monster Energy | DGR-Crosley | Ford","Driver",2,5
"Racing",2022,"Panini","National Treasures","Retro Signatures Holo Gold","Jeff Gordon","DuPont | Hendrick Motorsports | Chevrolet","Driver",3,2
"Racing",2022,"Panini","National Treasures","Retro Signatures Holo Gold","Dale Earnhardt Jr","National Guard | Hendrick Motorsports | Chevrolet","Driver",4,5
"Racing",2022,"Panini","National Treasures","Retro Signatures Holo Gold","Danica Patrick","GoDaddy.com | Premium Motorsports | Chevrolet","Driver",5,10
"Racing",2022,"Panini","National Treasures","Retro Signatures Holo Gold","Jimmie Johnson","Kobalt Tools | Hendrick Motorsports | Chevrolet","Driver",6,5
"Racing",2022,"Panini","National Treasures","Retro Signatures Holo Gold","Carl Edwards","Scotts | Roush Fenway Racing | Ford","Driver",7,10
"Racing",2022,"Panini","National Treasures","Retro Signatures Holo Gold","Kasey Kahne","Dodge Dealers | Evernham Motorsports | Dodge","Driver",8,10
"Racing",2022,"Panini","National Treasures","Retro Signatures Holo Gold","Richard Petty","STP | Petty Enterprises | Plymouth","Driver",9,5
"Racing",2022,"Panini","National Treasures","Retro Signatures Holo Gold","Terry Labonte","Kellogg's Corn Flakes | Hendrick Motorsports | Chevrolet","Driver",10,10
"Racing",2022,"Panini","National Treasures","Retro Signatures Holo Gold","Bobby Labonte","Interstate Batteries | Joe Gibbs Racing | Pontiac","Driver",11,10
"Racing",2022,"Panini","National Treasures","Retro Signatures Holo Gold","Tony Stewart","Bass Pro Shops | Stewart-Haas Racing | Chevrolet","Driver",12,10
"Racing",2022,"Panini","National Treasures","Retro Signatures Holo Gold","Rusty Wallace","Miller Lite | Team Penske | Ford","Driver",13,2
"Racing",2022,"Panini","National Treasures","Retro Signatures Holo Gold","Austin Dillon","Bass Pro Shops | Richard Childress Racing | Chevrolet","Driver",14,10
"Racing",2022,"Panini","National Treasures","Retro Signatures Holo Gold","Martin Truex Jr.","Bass Pro Shops | Joe Gibbs Racing | Toyota","Driver",15,2
"Racing",2022,"Panini","National Treasures","Retro Signatures Holo Gold","Ty Gibbs","Sport Clips | Joe Gibbs Racing | Toyota","Driver",16,10
"Racing",2022,"Panini","National Treasures","Retro Signatures Holo Gold","Brittney Zamora","Rackley Roofing | Toyota","Driver",17,10
"Racing",2022,"Panini","National Treasures","Retro Signatures Holo Gold","Bubba Wallace","Wheaties | 23XI Racing | Toyota","Driver",18,10
"Racing",2022,"Panini","National Treasures","Retro Signatures Holo Gold","Joey Logano","Shell-Pennzoil | Team Penske | Ford","Driver",19,5
"Racing",2022,"Panini","National Treasures","Retro Signatures Holo Gold","Ryan Blaney","BodyArmor | Team Penske | Ford","Driver",20,10
"Racing",2022,"Panini","National Treasures","Retro Signatures Holo Gold","Kyle Larson","Hendrickcars.com | Hendrick Motorsports | Chevrolet","Driver",21,10
"Racing",2022,"Panini","National Treasures","Retro Signatures Holo Gold","Daniel Suarez","Tootsie's | Trackhouse Racing | Chevrolet","Driver",22,3
"Racing",2022,"Panini","National Treasures","Retro Signatures Holo Gold","Kyle Busch","M&M's | Joe Gibbs Racing | Toyota","Driver",23,2
"Racing",2022,"Panini","National Treasures","Retro Signatures Holo Gold","William Byron","AXALTA | Hendrick Motorsports | Chevrolet","Driver",24,2
"Racing",2022,"Panini","National Treasures","Retro Signatures Holo Gold","Ricky Stenhouse Jr","Kroger | JTG Daugherty Racing | Chevrolet","Driver",25,10
"Racing",2022,"Panini","National Treasures","Retro Signatures Holo Platinum Blue","Natalie Decker","NERD Focus | Our Motorsports | Chevrolet","Driver",1,1
"Racing",2022,"Panini","National Treasures","Retro Signatures Holo Platinum Blue","Hailie Deegan","Monster Energy | DGR-Crosley | Ford","Driver",2,1
"Racing",2022,"Panini","National Treasures","Retro Signatures Holo Platinum Blue","Jeff Gordon","DuPont | Hendrick Motorsports | Chevrolet","Driver",3,1
"Racing",2022,"Panini","National Treasures","Retro Signatures Holo Platinum Blue","Dale Earnhardt Jr","National Guard | Hendrick Motorsports | Chevrolet","Driver",4,1
"Racing",2022,"Panini","National Treasures","Retro Signatures Holo Platinum Blue","Danica Patrick","GoDaddy.com | Premium Motorsports | Chevrolet","Driver",5,1
"Racing",2022,"Panini","National Treasures","Retro Signatures Holo Platinum Blue","Jimmie Johnson","Kobalt Tools | Hendrick Motorsports | Chevrolet","Driver",6,1
"Racing",2022,"Panini","National Treasures","Retro Signatures Holo Platinum Blue","Carl Edwards","Scotts | Roush Fenway Racing | Ford","Driver",7,1
"Racing",2022,"Panini","National Treasures","Retro Signatures Holo Platinum Blue","Kasey Kahne","Dodge Dealers | Evernham Motorsports | Dodge","Driver",8,1
"Racing",2022,"Panini","National Treasures","Retro Signatures Holo Platinum Blue","Richard Petty","STP | Petty Enterprises | Plymouth","Driver",9,1
"Racing",2022,"Panini","National Treasures","Retro Signatures Holo Platinum Blue","Terry Labonte","Kellogg's Corn Flakes | Hendrick Motorsports | Chevrolet","Driver",10,1
"Racing",2022,"Panini","National Treasures","Retro Signatures Holo Platinum Blue","Bobby Labonte","Interstate Batteries | Joe Gibbs Racing | Pontiac","Driver",11,1
"Racing",2022,"Panini","National Treasures","Retro Signatures Holo Platinum Blue","Tony Stewart","Bass Pro Shops | Stewart-Haas Racing | Chevrolet","Driver",12,1
"Racing",2022,"Panini","National Treasures","Retro Signatures Holo Platinum Blue","Rusty Wallace","Miller Lite | Team Penske | Ford","Driver",13,1
"Racing",2022,"Panini","National Treasures","Retro Signatures Holo Platinum Blue","Austin Dillon","Bass Pro Shops | Richard Childress Racing | Chevrolet","Driver",14,1
"Racing",2022,"Panini","National Treasures","Retro Signatures Holo Platinum Blue","Martin Truex Jr.","Bass Pro Shops | Joe Gibbs Racing | Toyota","Driver",15,1
"Racing",2022,"Panini","National Treasures","Retro Signatures Holo Platinum Blue","Ty Gibbs","Sport Clips | Joe Gibbs Racing | Toyota","Driver",16,1
"Racing",2022,"Panini","National Treasures","Retro Signatures Holo Platinum Blue","Brittney Zamora","Rackley Roofing | Toyota","Driver",17,1
"Racing",2022,"Panini","National Treasures","Retro Signatures Holo Platinum Blue","Bubba Wallace","Wheaties | 23XI Racing | Toyota","Driver",18,1
"Racing",2022,"Panini","National Treasures","Retro Signatures Holo Platinum Blue","Joey Logano","Shell-Pennzoil | Team Penske | Ford","Driver",19,1
"Racing",2022,"Panini","National Treasures","Retro Signatures Holo Platinum Blue","Ryan Blaney","BodyArmor | Team Penske | Ford","Driver",20,1
"Racing",2022,"Panini","National Treasures","Retro Signatures Holo Platinum Blue","Kyle Larson","Hendrickcars.com | Hendrick Motorsports | Chevrolet","Driver",21,1
"Racing",2022,"Panini","National Treasures","Retro Signatures Holo Platinum Blue","Daniel Suarez","Tootsie's | Trackhouse Racing | Chevrolet","Driver",22,1
"Racing",2022,"Panini","National Treasures","Retro Signatures Holo Platinum Blue","Kyle Busch","M&M's | Joe Gibbs Racing | Toyota","Driver",23,1
"Racing",2022,"Panini","National Treasures","Retro Signatures Holo Platinum Blue","William Byron","AXALTA | Hendrick Motorsports | Chevrolet","Driver",24,1
"Racing",2022,"Panini","National Treasures","Retro Signatures Holo Platinum Blue","Ricky Stenhouse Jr","Kroger | JTG Daugherty Racing | Chevrolet","Driver",25,1
"Racing",2022,"Panini","National Treasures","Retro Signatures Holo Silver","Natalie Decker","NERD Focus | Our Motorsports | Chevrolet","Driver",1,15
"Racing",2022,"Panini","National Treasures","Retro Signatures Holo Silver","Hailie Deegan","Monster Energy | DGR-Crosley | Ford","Driver",2,10
"Racing",2022,"Panini","National Treasures","Retro Signatures Holo Silver","Dale Earnhardt Jr","National Guard | Hendrick Motorsports | Chevrolet","Driver",4,10
"Racing",2022,"Panini","National Treasures","Retro Signatures Holo Silver","Danica Patrick","GoDaddy.com | Premium Motorsports | Chevrolet","Driver",5,25
"Racing",2022,"Panini","National Treasures","Retro Signatures Holo Silver","Jimmie Johnson","Kobalt Tools | Hendrick Motorsports | Chevrolet","Driver",6,10
"Racing",2022,"Panini","National Treasures","Retro Signatures Holo Silver","Carl Edwards","Scotts | Roush Fenway Racing | Ford","Driver",7,25
"Racing",2022,"Panini","National Treasures","Retro Signatures Holo Silver","Kasey Kahne","Dodge Dealers | Evernham Motorsports | Dodge","Driver",8,15
"Racing",2022,"Panini","National Treasures","Retro Signatures Holo Silver","Richard Petty","STP | Petty Enterprises | Plymouth","Driver",9,10
"Racing",2022,"Panini","National Treasures","Retro Signatures Holo Silver","Terry Labonte","Kellogg's Corn Flakes | Hendrick Motorsports | Chevrolet","Driver",10,25
"Racing",2022,"Panini","National Treasures","Retro Signatures Holo Silver","Bobby Labonte","Interstate Batteries | Joe Gibbs Racing | Pontiac","Driver",11,25
"Racing",2022,"Panini","National Treasures","Retro Signatures Holo Silver","Tony Stewart","Bass Pro Shops | Stewart-Haas Racing | Chevrolet","Driver",12,49
"Racing",2022,"Panini","National Treasures","Retro Signatures Holo Silver","Rusty Wallace","Miller Lite | Team Penske | Ford","Driver",13,5
"Racing",2022,"Panini","National Treasures","Retro Signatures Holo Silver","Austin Dillon","Bass Pro Shops | Richard Childress Racing | Chevrolet","Driver",14,25
"Racing",2022,"Panini","National Treasures","Retro Signatures Holo Silver","Martin Truex Jr.","Bass Pro Shops | Joe Gibbs Racing | Toyota","Driver",15,3
"Racing",2022,"Panini","National Treasures","Retro Signatures Holo Silver","Ty Gibbs","Sport Clips | Joe Gibbs Racing | Toyota","Driver",16,25
"Racing",2022,"Panini","National Treasures","Retro Signatures Holo Silver","Brittney Zamora","Rackley Roofing | Toyota","Driver",17,25
"Racing",2022,"Panini","National Treasures","Retro Signatures Holo Silver","Bubba Wallace","Wheaties | 23XI Racing | Toyota","Driver",18,25
"Racing",2022,"Panini","National Treasures","Retro Signatures Holo Silver","Joey Logano","Shell-Pennzoil | Team Penske | Ford","Driver",19,10
"Racing",2022,"Panini","National Treasures","Retro Signatures Holo Silver","Ryan Blaney","BodyArmor | Team Penske | Ford","Driver",20,15
"Racing",2022,"Panini","National Treasures","Retro Signatures Holo Silver","Kyle Larson","Hendrickcars.com | Hendrick Motorsports | Chevrolet","Driver",21,25
"Racing",2022,"Panini","National Treasures","Retro Signatures Holo Silver","Daniel Suarez","Tootsie's | Trackhouse Racing | Chevrolet","Driver",22,10
"Racing",2022,"Panini","National Treasures","Retro Signatures Holo Silver","Kyle Busch","M&M's | Joe Gibbs Racing | Toyota","Driver",23,3
"Racing",2022,"Panini","National Treasures","Retro Signatures Holo Silver","William Byron","AXALTA | Hendrick Motorsports | Chevrolet","Driver",24,3
"Racing",2022,"Panini","National Treasures","Retro Signatures Holo Silver","Ricky Stenhouse Jr","Kroger | JTG Daugherty Racing | Chevrolet","Driver",25,25
"Racing",2022,"Panini","National Treasures","Rising Stars","Tyler Ankrum","Liuna | HRE| Toyota","Driver",1,25
"Racing",2022,"Panini","National Treasures","Rising Stars","Corey Heim","JBL | Kyle Busch Motorsports | Toyota","Driver",2,57
"Racing",2022,"Panini","National Treasures","Rising Stars","Ryan Ellis","Corvetteparts | B.J. McLeod Motorsports | Chevrolet","Driver",3,37
"Racing",2022,"Panini","National Treasures","Rising Stars","Stefan Parsons","Sokal Digital | B.J. McLeod Motorsports | Chevrolet","Driver",4,52
"Racing",2022,"Panini","National Treasures","Rising Stars","Colby Howard","Gates Hydrolauics | McAnally-Hilgemann Racing | Chevrolet","Driver",5,25
"Racing",2022,"Panini","National Treasures","Rising Stars","Nick Sanchez","ARCA Menards","Driver",6,10
"Racing",2022,"Panini","National Treasures","Rising Stars","Carson Hocevar","Premier Security | Niece Motorsports | Chevrolet","Driver",7,99
"Racing",2022,"Panini","National Treasures","Rising Stars","Daniel Dye","ARCA Menards East Series","Driver",8,28
"Racing",2022,"Panini","National Treasures","Rising Stars","Sammy Smith","ARCA Menards East Series","Driver",9,25
"Racing",2022,"Panini","National Treasures","Rising Stars","Toni Breidinger","ARCA Menards","Driver",10,15
"Racing",2022,"Panini","National Treasures","Rising Stars","B.J. McLeod","Motorsport Games | B.J. McLeod Motorsports | Chevrolet","Driver",11,7
"Racing",2022,"Panini","National Treasures","Rising Stars","Matt Mills","J.F. Electric | B.J. McLeod Motorsports | Chevrolet","Driver",12,50
"Racing",2022,"Panini","National Treasures","Rising Stars","Cole Moore","ARCA Menards West Series","Driver",13,52
"Racing",2022,"Panini","National Treasures","Rising Stars","Jade Buford","Big Machine Racing","Driver",14,21
"Racing",2022,"Panini","National Treasures","Rising Stars","Santino Ferrucci","Toyota Racing | Sam Hunt Racing | Toyota","Driver",15,52
"Racing",2022,"Panini","National Treasures","Rising Stars Holo Gold","Tyler Ankrum","Liuna | HRE| Toyota","Driver",1,5
"Racing",2022,"Panini","National Treasures","Rising Stars Holo Gold","Corey Heim","JBL | Kyle Busch Motorsports | Toyota","Driver",2,10
"Racing",2022,"Panini","National Treasures","Rising Stars Holo Gold","Ryan Ellis","Corvetteparts | B.J. McLeod Motorsports | Chevrolet","Driver",3,10
"Racing",2022,"Panini","National Treasures","Rising Stars Holo Gold","Stefan Parsons","Sokal Digital | B.J. McLeod Motorsports | Chevrolet","Driver",4,10
"Racing",2022,"Panini","National Treasures","Rising Stars Holo Gold","Colby Howard","Gates Hydrolauics | McAnally-Hilgemann Racing | Chevrolet","Driver",5,5
"Racing",2022,"Panini","National Treasures","Rising Stars Holo Gold","Nick Sanchez","ARCA Menards","Driver",6,2
"Racing",2022,"Panini","National Treasures","Rising Stars Holo Gold","Carson Hocevar","Premier Security | Niece Motorsports | Chevrolet","Driver",7,10
"Racing",2022,"Panini","National Treasures","Rising Stars Holo Gold","Daniel Dye","ARCA Menards East Series","Driver",8,5
"Racing",2022,"Panini","National Treasures","Rising Stars Holo Gold","Sammy Smith","ARCA Menards East Series","Driver",9,10
"Racing",2022,"Panini","National Treasures","Rising Stars Holo Gold","Toni Breidinger","ARCA Menards","Driver",10,3
"Racing",2022,"Panini","National Treasures","Rising Stars Holo Gold","B.J. McLeod","Motorsport Games | B.J. McLeod Motorsports | Chevrolet","Driver",11,5
"Racing",2022,"Panini","National Treasures","Rising Stars Holo Gold","Matt Mills","J.F. Electric | B.J. McLeod Motorsports | Chevrolet","Driver",12,10
"Racing",2022,"Panini","National Treasures","Rising Stars Holo Gold","Cole Moore","ARCA Menards West Series","Driver",13,10
"Racing",2022,"Panini","National Treasures","Rising Stars Holo Gold","Jade Buford","Big Machine Racing","Driver",14,10
"Racing",2022,"Panini","National Treasures","Rising Stars Holo Gold","Santino Ferrucci","Toyota Racing | Sam Hunt Racing | Toyota","Driver",15,10
"Racing",2022,"Panini","National Treasures","Rising Stars Holo Platinum Blue","Tyler Ankrum","Liuna | HRE| Toyota","Driver",1,1
"Racing",2022,"Panini","National Treasures","Rising Stars Holo Platinum Blue","Corey Heim","JBL | Kyle Busch Motorsports | Toyota","Driver",2,1
"Racing",2022,"Panini","National Treasures","Rising Stars Holo Platinum Blue","Ryan Ellis","Corvetteparts | B.J. McLeod Motorsports | Chevrolet","Driver",3,1
"Racing",2022,"Panini","National Treasures","Rising Stars Holo Platinum Blue","Stefan Parsons","Sokal Digital | B.J. McLeod Motorsports | Chevrolet","Driver",4,1
"Racing",2022,"Panini","National Treasures","Rising Stars Holo Platinum Blue","Colby Howard","Gates Hydrolauics | McAnally-Hilgemann Racing | Chevrolet","Driver",5,1
"Racing",2022,"Panini","National Treasures","Rising Stars Holo Platinum Blue","Nick Sanchez","ARCA Menards","Driver",6,1
"Racing",2022,"Panini","National Treasures","Rising Stars Holo Platinum Blue","Carson Hocevar","Premier Security | Niece Motorsports | Chevrolet","Driver",7,1
"Racing",2022,"Panini","National Treasures","Rising Stars Holo Platinum Blue","Daniel Dye","ARCA Menards East Series","Driver",8,1
"Racing",2022,"Panini","National Treasures","Rising Stars Holo Platinum Blue","Sammy Smith","ARCA Menards East Series","Driver",9,1
"Racing",2022,"Panini","National Treasures","Rising Stars Holo Platinum Blue","Toni Breidinger","ARCA Menards","Driver",10,1
"Racing",2022,"Panini","National Treasures","Rising Stars Holo Platinum Blue","B.J. McLeod","Motorsport Games | B.J. McLeod Motorsports | Chevrolet","Driver",11,1
"Racing",2022,"Panini","National Treasures","Rising Stars Holo Platinum Blue","Matt Mills","J.F. Electric | B.J. McLeod Motorsports | Chevrolet","Driver",12,1
"Racing",2022,"Panini","National Treasures","Rising Stars Holo Platinum Blue","Cole Moore","ARCA Menards West Series","Driver",13,1
"Racing",2022,"Panini","National Treasures","Rising Stars Holo Platinum Blue","Jade Buford","Big Machine Racing","Driver",14,1
"Racing",2022,"Panini","National Treasures","Rising Stars Holo Platinum Blue","Santino Ferrucci","Toyota Racing | Sam Hunt Racing | Toyota","Driver",15,1
"Racing",2022,"Panini","National Treasures","Rising Stars Holo Silver","Tyler Ankrum","Liuna | HRE| Toyota","Driver",1,10
"Racing",2022,"Panini","National Treasures","Rising Stars Holo Silver","Corey Heim","JBL | Kyle Busch Motorsports | Toyota","Driver",2,25
"Racing",2022,"Panini","National Treasures","Rising Stars Holo Silver","Ryan Ellis","Corvetteparts | B.J. McLeod Motorsports | Chevrolet","Driver",3,25
"Racing",2022,"Panini","National Treasures","Rising Stars Holo Silver","Stefan Parsons","Sokal Digital | B.J. McLeod Motorsports | Chevrolet","Driver",4,25
"Racing",2022,"Panini","National Treasures","Rising Stars Holo Silver","Colby Howard","Gates Hydrolauics | McAnally-Hilgemann Racing | Chevrolet","Driver",5,9
"Racing",2022,"Panini","National Treasures","Rising Stars Holo Silver","Nick Sanchez","ARCA Menards","Driver",6,4
"Racing",2022,"Panini","National Treasures","Rising Stars Holo Silver","Carson Hocevar","Premier Security | Niece Motorsports | Chevrolet","Driver",7,25
"Racing",2022,"Panini","National Treasures","Rising Stars Holo Silver","Daniel Dye","ARCA Menards East Series","Driver",8,10
"Racing",2022,"Panini","National Treasures","Rising Stars Holo Silver","Sammy Smith","ARCA Menards East Series","Driver",9,15
"Racing",2022,"Panini","National Treasures","Rising Stars Holo Silver","Toni Breidinger","ARCA Menards","Driver",10,5
"Racing",2022,"Panini","National Treasures","Rising Stars Holo Silver","B.J. McLeod","Motorsport Games | B.J. McLeod Motorsports | Chevrolet","Driver",11,6
"Racing",2022,"Panini","National Treasures","Rising Stars Holo Silver","Matt Mills","J.F. Electric | B.J. McLeod Motorsports | Chevrolet","Driver",12,25
"Racing",2022,"Panini","National Treasures","Rising Stars Holo Silver","Cole Moore","ARCA Menards West Series","Driver",13,25
"Racing",2022,"Panini","National Treasures","Rising Stars Holo Silver","Jade Buford","Big Machine Racing","Driver",14,15
"Racing",2022,"Panini","National Treasures","Rising Stars Holo Silver","Santino Ferrucci","Toyota Racing | Sam Hunt Racing | Toyota","Driver",15,25
"Racing",2022,"Panini","National Treasures","Rookie Patch Autographs","B.J. McLeod","Motorsport Games | B.J. McLeod Motorsports | Chevrolet","Driver",101,25
"Racing",2022,"Panini","National Treasures","Rookie Patch Autographs","Colby Howard","Gates Hydrolauics | McAnally-Hilgemann Racing | Chevrolet","Driver",102,25
"Racing",2022,"Panini","National Treasures","Rookie Patch Autographs","Matt Mills","J.F. Electric | B.J. McLeod Motorsports | Chevrolet","Driver",103,25
"Racing",2022,"Panini","National Treasures","Rookie Patch Autographs","Nick Sanchez","ARCA Menards","Driver",104,25
"Racing",2022,"Panini","National Treasures","Rookie Patch Autographs","Tyler Ankrum","Liuna | HRE| Toyota","Driver",105,25
"Racing",2022,"Panini","National Treasures","Rookie Patch Autographs","Sammy Smith","ARCA Menards East Series","Driver",106,25
"Racing",2022,"Panini","National Treasures","Rookie Patch Autographs Green","B.J. McLeod","Motorsport Games | B.J. McLeod Motorsports | Chevrolet","Driver",101,2
"Racing",2022,"Panini","National Treasures","Rookie Patch Autographs Green","Colby Howard","Gates Hydrolauics | McAnally-Hilgemann Racing | Chevrolet","Driver",102,2
"Racing",2022,"Panini","National Treasures","Rookie Patch Autographs Green","Matt Mills","J.F. Electric | B.J. McLeod Motorsports | Chevrolet","Driver",103,2
"Racing",2022,"Panini","National Treasures","Rookie Patch Autographs Green","Nick Sanchez","ARCA Menards","Driver",104,2
"Racing",2022,"Panini","National Treasures","Rookie Patch Autographs Green","Tyler Ankrum","Liuna | HRE| Toyota","Driver",105,2
"Racing",2022,"Panini","National Treasures","Rookie Patch Autographs Green","Sammy Smith","ARCA Menards East Series","Driver",106,2
"Racing",2022,"Panini","National Treasures","Rookie Patch Autographs Holo Gold","B.J. McLeod","Motorsport Games | B.J. McLeod Motorsports | Chevrolet","Driver",101,3
"Racing",2022,"Panini","National Treasures","Rookie Patch Autographs Holo Gold","Colby Howard","Gates Hydrolauics | McAnally-Hilgemann Racing | Chevrolet","Driver",102,3
"Racing",2022,"Panini","National Treasures","Rookie Patch Autographs Holo Gold","Matt Mills","J.F. Electric | B.J. McLeod Motorsports | Chevrolet","Driver",103,3
"Racing",2022,"Panini","National Treasures","Rookie Patch Autographs Holo Gold","Nick Sanchez","ARCA Menards","Driver",104,3
"Racing",2022,"Panini","National Treasures","Rookie Patch Autographs Holo Gold","Tyler Ankrum","Liuna | HRE| Toyota","Driver",105,3
"Racing",2022,"Panini","National Treasures","Rookie Patch Autographs Holo Gold","Sammy Smith","ARCA Menards East Series","Driver",106,3
"Racing",2022,"Panini","National Treasures","Rookie Patch Autographs Holo Platinum Blue","B.J. McLeod","Motorsport Games | B.J. McLeod Motorsports | Chevrolet","Driver",101,1
"Racing",2022,"Panini","National Treasures","Rookie Patch Autographs Holo Platinum Blue","Colby Howard","Gates Hydrolauics | McAnally-Hilgemann Racing | Chevrolet","Driver",102,1
"Racing",2022,"Panini","National Treasures","Rookie Patch Autographs Holo Platinum Blue","Matt Mills","J.F. Electric | B.J. McLeod Motorsports | Chevrolet","Driver",103,1
"Racing",2022,"Panini","National Treasures","Rookie Patch Autographs Holo Platinum Blue","Nick Sanchez","ARCA Menards","Driver",104,1
"Racing",2022,"Panini","National Treasures","Rookie Patch Autographs Holo Platinum Blue","Tyler Ankrum","Liuna | HRE| Toyota","Driver",105,1
"Racing",2022,"Panini","National Treasures","Rookie Patch Autographs Holo Platinum Blue","Sammy Smith","ARCA Menards East Series","Driver",106,1
"Racing",2022,"Panini","National Treasures","Rookie Patch Autographs Holo Silver","B.J. McLeod","Motorsport Games | B.J. McLeod Motorsports | Chevrolet","Driver",101,5
"Racing",2022,"Panini","National Treasures","Rookie Patch Autographs Holo Silver","Colby Howard","Gates Hydrolauics | McAnally-Hilgemann Racing | Chevrolet","Driver",102,4
"Racing",2022,"Panini","National Treasures","Rookie Patch Autographs Holo Silver","Matt Mills","J.F. Electric | B.J. McLeod Motorsports | Chevrolet","Driver",103,5
"Racing",2022,"Panini","National Treasures","Rookie Patch Autographs Holo Silver","Nick Sanchez","ARCA Menards","Driver",104,5
"Racing",2022,"Panini","National Treasures","Rookie Patch Autographs Holo Silver","Tyler Ankrum","Liuna | HRE| Toyota","Driver",105,5
"Racing",2022,"Panini","National Treasures","Rookie Patch Autographs Holo Silver","Sammy Smith","ARCA Menards East Series","Driver",106,5
"Racing",2022,"Panini","National Treasures","Rookie Patch Autographs Midnight","B.J. McLeod","Motorsport Games | B.J. McLeod Motorsports | Chevrolet","Driver",101,7
"Racing",2022,"Panini","National Treasures","Rookie Patch Autographs Midnight","Colby Howard","Gates Hydrolauics | McAnally-Hilgemann Racing | Chevrolet","Driver",102,10
"Racing",2022,"Panini","National Treasures","Rookie Patch Autographs Midnight","Matt Mills","J.F. Electric | B.J. McLeod Motorsports | Chevrolet","Driver",103,10
"Racing",2022,"Panini","National Treasures","Rookie Patch Autographs Midnight","Nick Sanchez","ARCA Menards","Driver",104,5
"Racing",2022,"Panini","National Treasures","Rookie Patch Autographs Midnight","Tyler Ankrum","Liuna | HRE| Toyota","Driver",105,5
"Racing",2022,"Panini","National Treasures","Rookie Patch Autographs Midnight","Sammy Smith","ARCA Menards East Series","Driver",106,15
"Racing",2022,"Panini","National Treasures","Rookie Patch Autographs Midnight Green","B.J. McLeod","Motorsport Games | B.J. McLeod Motorsports | Chevrolet","Driver",101,2
"Racing",2022,"Panini","National Treasures","Rookie Patch Autographs Midnight Green","Colby Howard","Gates Hydrolauics | McAnally-Hilgemann Racing | Chevrolet","Driver",102,2
"Racing",2022,"Panini","National Treasures","Rookie Patch Autographs Midnight Green","Matt Mills","J.F. Electric | B.J. McLeod Motorsports | Chevrolet","Driver",103,2
"Racing",2022,"Panini","National Treasures","Rookie Patch Autographs Midnight Green","Nick Sanchez","ARCA Menards","Driver",104,2
"Racing",2022,"Panini","National Treasures","Rookie Patch Autographs Midnight Green","Tyler Ankrum","Liuna | HRE| Toyota","Driver",105,2
"Racing",2022,"Panini","National Treasures","Rookie Patch Autographs Midnight Green","Sammy Smith","ARCA Menards East Series","Driver",106,2
"Racing",2022,"Panini","National Treasures","Rookie Patch Autographs Midnight Holo Gold","B.J. McLeod","Motorsport Games | B.J. McLeod Motorsports | Chevrolet","Driver",101,3
"Racing",2022,"Panini","National Treasures","Rookie Patch Autographs Midnight Holo Gold","Colby Howard","Gates Hydrolauics | McAnally-Hilgemann Racing | Chevrolet","Driver",102,3
"Racing",2022,"Panini","National Treasures","Rookie Patch Autographs Midnight Holo Gold","Matt Mills","J.F. Electric | B.J. McLeod Motorsports | Chevrolet","Driver",103,3
"Racing",2022,"Panini","National Treasures","Rookie Patch Autographs Midnight Holo Gold","Nick Sanchez","ARCA Menards","Driver",104,3
"Racing",2022,"Panini","National Treasures","Rookie Patch Autographs Midnight Holo Gold","Tyler Ankrum","Liuna | HRE| Toyota","Driver",105,3
"Racing",2022,"Panini","National Treasures","Rookie Patch Autographs Midnight Holo Gold","Sammy Smith","ARCA Menards East Series","Driver",106,3
"Racing",2022,"Panini","National Treasures","Rookie Patch Autographs Midnight Holo Platinum Blue","B.J. McLeod","Motorsport Games | B.J. McLeod Motorsports | Chevrolet","Driver",101,1
"Racing",2022,"Panini","National Treasures","Rookie Patch Autographs Midnight Holo Platinum Blue","Colby Howard","Gates Hydrolauics | McAnally-Hilgemann Racing | Chevrolet","Driver",102,1
"Racing",2022,"Panini","National Treasures","Rookie Patch Autographs Midnight Holo Platinum Blue","Matt Mills","J.F. Electric | B.J. McLeod Motorsports | Chevrolet","Driver",103,1
"Racing",2022,"Panini","National Treasures","Rookie Patch Autographs Midnight Holo Platinum Blue","Nick Sanchez","ARCA Menards","Driver",104,1
"Racing",2022,"Panini","National Treasures","Rookie Patch Autographs Midnight Holo Platinum Blue","Tyler Ankrum","Liuna | HRE| Toyota","Driver",105,1
"Racing",2022,"Panini","National Treasures","Rookie Patch Autographs Midnight Holo Platinum Blue","Sammy Smith","ARCA Menards East Series","Driver",106,1
"Racing",2022,"Panini","National Treasures","Rookie Patch Autographs Midnight Holo Silver","B.J. McLeod","Motorsport Games | B.J. McLeod Motorsports | Chevrolet","Driver",101,5
"Racing",2022,"Panini","National Treasures","Rookie Patch Autographs Midnight Holo Silver","Matt Mills","J.F. Electric | B.J. McLeod Motorsports | Chevrolet","Driver",103,5
"Racing",2022,"Panini","National Treasures","Rookie Patch Autographs Midnight Holo Silver","Nick Sanchez","ARCA Menards","Driver",104,4
"Racing",2022,"Panini","National Treasures","Rookie Patch Autographs Midnight Holo Silver","Tyler Ankrum","Liuna | HRE| Toyota","Driver",105,4
"Racing",2022,"Panini","National Treasures","Rookie Patch Autographs Midnight Holo Silver","Sammy Smith","ARCA Menards East Series","Driver",106,10
"Racing",2022,"Panini","National Treasures","Rookie Patch Autographs Stars and Stripes","B.J. McLeod","Motorsport Games | B.J. McLeod Motorsports | Chevrolet","Driver",101,7
"Racing",2022,"Panini","National Treasures","Rookie Patch Autographs Stars and Stripes","Matt Mills","J.F. Electric | B.J. McLeod Motorsports | Chevrolet","Driver",103,10
"Racing",2022,"Panini","National Treasures","Rookie Patch Autographs Stars and Stripes","Nick Sanchez","ARCA Menards","Driver",104,5
"Racing",2022,"Panini","National Treasures","Rookie Patch Autographs Stars and Stripes","Tyler Ankrum","Liuna | HRE| Toyota","Driver",105,5
"Racing",2022,"Panini","National Treasures","Rookie Patch Autographs Stars and Stripes","Sammy Smith","ARCA Menards East Series","Driver",106,15
"Racing",2022,"Panini","National Treasures","Rookie Patch Autographs Stars and Stripes Green","B.J. McLeod","Motorsport Games | B.J. McLeod Motorsports | Chevrolet","Driver",101,2
"Racing",2022,"Panini","National Treasures","Rookie Patch Autographs Stars and Stripes Green","Colby Howard","Gates Hydrolauics | McAnally-Hilgemann Racing | Chevrolet","Driver",102,2
"Racing",2022,"Panini","National Treasures","Rookie Patch Autographs Stars and Stripes Green","Matt Mills","J.F. Electric | B.J. McLeod Motorsports | Chevrolet","Driver",103,2
"Racing",2022,"Panini","National Treasures","Rookie Patch Autographs Stars and Stripes Green","Nick Sanchez","ARCA Menards","Driver",104,2
"Racing",2022,"Panini","National Treasures","Rookie Patch Autographs Stars and Stripes Green","Tyler Ankrum","Liuna | HRE| Toyota","Driver",105,2
"Racing",2022,"Panini","National Treasures","Rookie Patch Autographs Stars and Stripes Green","Sammy Smith","ARCA Menards East Series","Driver",106,2
"Racing",2022,"Panini","National Treasures","Rookie Patch Autographs Stars and Stripes Holo Gold","B.J. McLeod","Motorsport Games | B.J. McLeod Motorsports | Chevrolet","Driver",101,3
"Racing",2022,"Panini","National Treasures","Rookie Patch Autographs Stars and Stripes Holo Gold","Colby Howard","Gates Hydrolauics | McAnally-Hilgemann Racing | Chevrolet","Driver",102,3
"Racing",2022,"Panini","National Treasures","Rookie Patch Autographs Stars and Stripes Holo Gold","Matt Mills","J.F. Electric | B.J. McLeod Motorsports | Chevrolet","Driver",103,3
"Racing",2022,"Panini","National Treasures","Rookie Patch Autographs Stars and Stripes Holo Gold","Nick Sanchez","ARCA Menards","Driver",104,3
"Racing",2022,"Panini","National Treasures","Rookie Patch Autographs Stars and Stripes Holo Gold","Tyler Ankrum","Liuna | HRE| Toyota","Driver",105,3
"Racing",2022,"Panini","National Treasures","Rookie Patch Autographs Stars and Stripes Holo Gold","Sammy Smith","ARCA Menards East Series","Driver",106,3
"Racing",2022,"Panini","National Treasures","Rookie Patch Autographs Stars and Stripes Holo Platinum Blue","B.J. McLeod","Motorsport Games | B.J. McLeod Motorsports | Chevrolet","Driver",101,1
"Racing",2022,"Panini","National Treasures","Rookie Patch Autographs Stars and Stripes Holo Platinum Blue","Colby Howard","Gates Hydrolauics | McAnally-Hilgemann Racing | Chevrolet","Driver",102,1
"Racing",2022,"Panini","National Treasures","Rookie Patch Autographs Stars and Stripes Holo Platinum Blue","Matt Mills","J.F. Electric | B.J. McLeod Motorsports | Chevrolet","Driver",103,1
"Racing",2022,"Panini","National Treasures","Rookie Patch Autographs Stars and Stripes Holo Platinum Blue","Nick Sanchez","ARCA Menards","Driver",104,1
"Racing",2022,"Panini","National Treasures","Rookie Patch Autographs Stars and Stripes Holo Platinum Blue","Tyler Ankrum","Liuna | HRE| Toyota","Driver",105,1
"Racing",2022,"Panini","National Treasures","Rookie Patch Autographs Stars and Stripes Holo Platinum Blue","Sammy Smith","ARCA Menards East Series","Driver",106,1
"Racing",2022,"Panini","National Treasures","Rookie Patch Autographs Stars and Stripes Holo Silver","B.J. McLeod","Motorsport Games | B.J. McLeod Motorsports | Chevrolet","Driver",101,5
"Racing",2022,"Panini","National Treasures","Rookie Patch Autographs Stars and Stripes Holo Silver","Matt Mills","J.F. Electric | B.J. McLeod Motorsports | Chevrolet","Driver",103,5
"Racing",2022,"Panini","National Treasures","Rookie Patch Autographs Stars and Stripes Holo Silver","Nick Sanchez","ARCA Menards","Driver",104,4
"Racing",2022,"Panini","National Treasures","Rookie Patch Autographs Stars and Stripes Holo Silver","Tyler Ankrum","Liuna | HRE| Toyota","Driver",105,4
"Racing",2022,"Panini","National Treasures","Rookie Patch Autographs Stars and Stripes Holo Silver","Sammy Smith","ARCA Menards East Series","Driver",106,10
"Racing",2022,"Panini","National Treasures","Rookie Signatures","Zachary Tinkle","ARCA Menards","Driver",1,99
"Racing",2022,"Panini","National Treasures","Rookie Signatures","Sammy Smith","ARCA Menards East Series","Driver",2,25
"Racing",2022,"Panini","National Treasures","Rookie Signatures","Daniel Dye","ARCA Menards East Series","Driver",3,15
"Racing",2022,"Panini","National Treasures","Rookie Signatures","Nick Sanchez","ARCA Menards","Driver",4,10
"Racing",2022,"Panini","National Treasures","Rookie Signatures","B.J. McLeod","Motorsport Games | B.J. McLeod Motorsports | Chevrolet","Driver",5,15
"Racing",2022,"Panini","National Treasures","Rookie Signatures","Matt Mills","J.F. Electric | B.J. McLeod Motorsports | Chevrolet","Driver",6,50
"Racing",2022,"Panini","National Treasures","Rookie Signatures","Carson Hocevar","Premier Security | Niece Motorsports | Chevrolet","Driver",7,73
"Racing",2022,"Panini","National Treasures","Rookie Signatures","Jade Buford","Big Machine Racing","Driver",8,20
"Racing",2022,"Panini","National Treasures","Rookie Signatures","Santino Ferrucci","Toyota Racing | Sam Hunt Racing | Toyota","Driver",9,25
"Racing",2022,"Panini","National Treasures","Rookie Signatures","Toni Breidinger","ARCA Menards","Driver",10,10
"Racing",2022,"Panini","National Treasures","Rookie Signatures","Stefan Parsons","Sokal Digital | B.J. McLeod Motorsports | Chevrolet","Driver",11,25
"Racing",2022,"Panini","National Treasures","Rookie Signatures","Corey Heim","JBL | Kyle Busch Motorsports | Toyota","Driver",12,25
"Racing",2022,"Panini","National Treasures","Rookie Signatures","Tyler Ankrum","Liuna | HRE| Toyota","Driver",13,25
"Racing",2022,"Panini","National Treasures","Rookie Signatures","Colby Howard","Gates Hydrolauics | McAnally-Hilgemann Racing | Chevrolet","Driver",14,15
"Racing",2022,"Panini","National Treasures","Rookie Signatures","Cole Moore","ARCA Menards West Series","Driver",15,25
"Racing",2022,"Panini","National Treasures","Rookie Signatures Holo Gold","Zachary Tinkle","ARCA Menards","Driver",1,10
"Racing",2022,"Panini","National Treasures","Rookie Signatures Holo Gold","Sammy Smith","ARCA Menards East Series","Driver",2,10
"Racing",2022,"Panini","National Treasures","Rookie Signatures Holo Gold","Daniel Dye","ARCA Menards East Series","Driver",3,5
"Racing",2022,"Panini","National Treasures","Rookie Signatures Holo Gold","Nick Sanchez","ARCA Menards","Driver",4,2
"Racing",2022,"Panini","National Treasures","Rookie Signatures Holo Gold","B.J. McLeod","Motorsport Games | B.J. McLeod Motorsports | Chevrolet","Driver",5,5
"Racing",2022,"Panini","National Treasures","Rookie Signatures Holo Gold","Matt Mills","J.F. Electric | B.J. McLeod Motorsports | Chevrolet","Driver",6,10
"Racing",2022,"Panini","National Treasures","Rookie Signatures Holo Gold","Carson Hocevar","Premier Security | Niece Motorsports | Chevrolet","Driver",7,10
"Racing",2022,"Panini","National Treasures","Rookie Signatures Holo Gold","Jade Buford","Big Machine Racing","Driver",8,10
"Racing",2022,"Panini","National Treasures","Rookie Signatures Holo Gold","Santino Ferrucci","Toyota Racing | Sam Hunt Racing | Toyota","Driver",9,10
"Racing",2022,"Panini","National Treasures","Rookie Signatures Holo Gold","Toni Breidinger","ARCA Menards","Driver",10,3
"Racing",2022,"Panini","National Treasures","Rookie Signatures Holo Gold","Stefan Parsons","Sokal Digital | B.J. McLeod Motorsports | Chevrolet","Driver",11,10
"Racing",2022,"Panini","National Treasures","Rookie Signatures Holo Gold","Corey Heim","JBL | Kyle Busch Motorsports | Toyota","Driver",12,10
"Racing",2022,"Panini","National Treasures","Rookie Signatures Holo Gold","Tyler Ankrum","Liuna | HRE| Toyota","Driver",13,5
"Racing",2022,"Panini","National Treasures","Rookie Signatures Holo Gold","Colby Howard","Gates Hydrolauics | McAnally-Hilgemann Racing | Chevrolet","Driver",14,5
"Racing",2022,"Panini","National Treasures","Rookie Signatures Holo Gold","Cole Moore","ARCA Menards West Series","Driver",15,5
"Racing",2022,"Panini","National Treasures","Rookie Signatures Holo Platinum Blue","Zachary Tinkle","ARCA Menards","Driver",1,1
"Racing",2022,"Panini","National Treasures","Rookie Signatures Holo Platinum Blue","Sammy Smith","ARCA Menards East Series","Driver",2,1
"Racing",2022,"Panini","National Treasures","Rookie Signatures Holo Platinum Blue","Daniel Dye","ARCA Menards East Series","Driver",3,1
"Racing",2022,"Panini","National Treasures","Rookie Signatures Holo Platinum Blue","Nick Sanchez","ARCA Menards","Driver",4,1
"Racing",2022,"Panini","National Treasures","Rookie Signatures Holo Platinum Blue","B.J. McLeod","Motorsport Games | B.J. McLeod Motorsports | Chevrolet","Driver",5,1
"Racing",2022,"Panini","National Treasures","Rookie Signatures Holo Platinum Blue","Matt Mills","J.F. Electric | B.J. McLeod Motorsports | Chevrolet","Driver",6,1
"Racing",2022,"Panini","National Treasures","Rookie Signatures Holo Platinum Blue","Carson Hocevar","Premier Security | Niece Motorsports | Chevrolet","Driver",7,1
"Racing",2022,"Panini","National Treasures","Rookie Signatures Holo Platinum Blue","Jade Buford","Big Machine Racing","Driver",8,1
"Racing",2022,"Panini","National Treasures","Rookie Signatures Holo Platinum Blue","Santino Ferrucci","Toyota Racing | Sam Hunt Racing | Toyota","Driver",9,1
"Racing",2022,"Panini","National Treasures","Rookie Signatures Holo Platinum Blue","Toni Breidinger","ARCA Menards","Driver",10,1
"Racing",2022,"Panini","National Treasures","Rookie Signatures Holo Platinum Blue","Stefan Parsons","Sokal Digital | B.J. McLeod Motorsports | Chevrolet","Driver",11,1
"Racing",2022,"Panini","National Treasures","Rookie Signatures Holo Platinum Blue","Corey Heim","JBL | Kyle Busch Motorsports | Toyota","Driver",12,1
"Racing",2022,"Panini","National Treasures","Rookie Signatures Holo Platinum Blue","Tyler Ankrum","Liuna | HRE| Toyota","Driver",13,1
"Racing",2022,"Panini","National Treasures","Rookie Signatures Holo Platinum Blue","Colby Howard","Gates Hydrolauics | McAnally-Hilgemann Racing | Chevrolet","Driver",14,1
"Racing",2022,"Panini","National Treasures","Rookie Signatures Holo Platinum Blue","Cole Moore","ARCA Menards West Series","Driver",15,1
"Racing",2022,"Panini","National Treasures","Rookie Signatures Holo Silver","Zachary Tinkle","ARCA Menards","Driver",1,34
"Racing",2022,"Panini","National Treasures","Rookie Signatures Holo Silver","Sammy Smith","ARCA Menards East Series","Driver",2,15
"Racing",2022,"Panini","National Treasures","Rookie Signatures Holo Silver","Daniel Dye","ARCA Menards East Series","Driver",3,10
"Racing",2022,"Panini","National Treasures","Rookie Signatures Holo Silver","Nick Sanchez","ARCA Menards","Driver",4,3
"Racing",2022,"Panini","National Treasures","Rookie Signatures Holo Silver","B.J. McLeod","Motorsport Games | B.J. McLeod Motorsports | Chevrolet","Driver",5,10
"Racing",2022,"Panini","National Treasures","Rookie Signatures Holo Silver","Matt Mills","J.F. Electric | B.J. McLeod Motorsports | Chevrolet","Driver",6,25
"Racing",2022,"Panini","National Treasures","Rookie Signatures Holo Silver","Carson Hocevar","Premier Security | Niece Motorsports | Chevrolet","Driver",7,25
"Racing",2022,"Panini","National Treasures","Rookie Signatures Holo Silver","Jade Buford","Big Machine Racing","Driver",8,15
"Racing",2022,"Panini","National Treasures","Rookie Signatures Holo Silver","Santino Ferrucci","Toyota Racing | Sam Hunt Racing | Toyota","Driver",9,20
"Racing",2022,"Panini","National Treasures","Rookie Signatures Holo Silver","Toni Breidinger","ARCA Menards","Driver",10,5
"Racing",2022,"Panini","National Treasures","Rookie Signatures Holo Silver","Stefan Parsons","Sokal Digital | B.J. McLeod Motorsports | Chevrolet","Driver",11,20
"Racing",2022,"Panini","National Treasures","Rookie Signatures Holo Silver","Corey Heim","JBL | Kyle Busch Motorsports | Toyota","Driver",12,15
"Racing",2022,"Panini","National Treasures","Rookie Signatures Holo Silver","Tyler Ankrum","Liuna | HRE| Toyota","Driver",13,15
"Racing",2022,"Panini","National Treasures","Rookie Signatures Holo Silver","Colby Howard","Gates Hydrolauics | McAnally-Hilgemann Racing | Chevrolet","Driver",14,10
"Racing",2022,"Panini","National Treasures","Rookie Signatures Holo Silver","Cole Moore","ARCA Menards West Series","Driver",15,10
"Racing",2022,"Panini","National Treasures","Rookies","Cole Moore","ARCA Menards West Series","Driver",107,25
"Racing",2022,"Panini","National Treasures","Rookies","Corey Heim","JBL | Kyle Busch Motorsports | Toyota","Driver",108,25
"Racing",2022,"Panini","National Treasures","Rookies","Daniel Dye","ARCA Menards East Series","Driver",109,25
"Racing",2022,"Panini","National Treasures","Rookies","Jade Buford","Big Machine Racing","Driver",110,25
"Racing",2022,"Panini","National Treasures","Rookies","Ryan Ellis","Rich Mar Florist | B.J. McLeod Motorsports | Chevrolet","Driver",111,25
"Racing",2022,"Panini","National Treasures","Rookies","Carson Hocevar","Premier Security | Niece Motorsports | Chevrolet","Driver",112,25
"Racing",2022,"Panini","National Treasures","Rookies","Santino Ferrucci","Toyota Racing | Sam Hunt Racing | Toyota","Driver",113,25
"Racing",2022,"Panini","National Treasures","Rookies","Stefan Parsons","Sokal Digital | B.J. McLeod Motorsports | Chevrolet","Driver",114,25
"Racing",2022,"Panini","National Treasures","Rookies","Toni Breidinger","ARCA Menards","Driver",115,25
"Racing",2022,"Panini","National Treasures","Rookies","Zachary Tinkle","ARCA Menards","Driver",116,25
"Racing",2022,"Panini","National Treasures","Rookies Green","Cole Moore","ARCA Menards West Series","Driver",107,5
"Racing",2022,"Panini","National Treasures","Rookies Green","Corey Heim","JBL | Kyle Busch Motorsports | Toyota","Driver",108,5
"Racing",2022,"Panini","National Treasures","Rookies Green","Daniel Dye","ARCA Menards East Series","Driver",109,5
"Racing",2022,"Panini","National Treasures","Rookies Green","Jade Buford","Big Machine Racing","Driver",110,5
"Racing",2022,"Panini","National Treasures","Rookies Green","Ryan Ellis","Rich Mar Florist | B.J. McLeod Motorsports | Chevrolet","Driver",111,5
"Racing",2022,"Panini","National Treasures","Rookies Green","Carson Hocevar","Premier Security | Niece Motorsports | Chevrolet","Driver",112,5
"Racing",2022,"Panini","National Treasures","Rookies Green","Santino Ferrucci","Toyota Racing | Sam Hunt Racing | Toyota","Driver",113,5
"Racing",2022,"Panini","National Treasures","Rookies Green","Stefan Parsons","Sokal Digital | B.J. McLeod Motorsports | Chevrolet","Driver",114,5
"Racing",2022,"Panini","National Treasures","Rookies Green","Toni Breidinger","ARCA Menards","Driver",115,5
"Racing",2022,"Panini","National Treasures","Rookies Green","Zachary Tinkle","ARCA Menards","Driver",116,5
"Racing",2022,"Panini","National Treasures","Rookies Holo Gold","Cole Moore","ARCA Menards West Series","Driver",107,10
"Racing",2022,"Panini","National Treasures","Rookies Holo Gold","Corey Heim","JBL | Kyle Busch Motorsports | Toyota","Driver",108,10
"Racing",2022,"Panini","National Treasures","Rookies Holo Gold","Daniel Dye","ARCA Menards East Series","Driver",109,10
"Racing",2022,"Panini","National Treasures","Rookies Holo Gold","Jade Buford","Big Machine Racing","Driver",110,10
"Racing",2022,"Panini","National Treasures","Rookies Holo Gold","Ryan Ellis","Rich Mar Florist | B.J. McLeod Motorsports | Chevrolet","Driver",111,10
"Racing",2022,"Panini","National Treasures","Rookies Holo Gold","Carson Hocevar","Premier Security | Niece Motorsports | Chevrolet","Driver",112,10
"Racing",2022,"Panini","National Treasures","Rookies Holo Gold","Santino Ferrucci","Toyota Racing | Sam Hunt Racing | Toyota","Driver",113,10
"Racing",2022,"Panini","National Treasures","Rookies Holo Gold","Stefan Parsons","Sokal Digital | B.J. McLeod Motorsports | Chevrolet","Driver",114,10
"Racing",2022,"Panini","National Treasures","Rookies Holo Gold","Toni Breidinger","ARCA Menards","Driver",115,10
"Racing",2022,"Panini","National Treasures","Rookies Holo Gold","Zachary Tinkle","ARCA Menards","Driver",116,10
"Racing",2022,"Panini","National Treasures","Rookies Holo Platinum Blue","Cole Moore","ARCA Menards West Series","Driver",107,1
"Racing",2022,"Panini","National Treasures","Rookies Holo Platinum Blue","Corey Heim","JBL | Kyle Busch Motorsports | Toyota","Driver",108,1
"Racing",2022,"Panini","National Treasures","Rookies Holo Platinum Blue","Daniel Dye","ARCA Menards East Series","Driver",109,1
"Racing",2022,"Panini","National Treasures","Rookies Holo Platinum Blue","Jade Buford","Big Machine Racing","Driver",110,1
"Racing",2022,"Panini","National Treasures","Rookies Holo Platinum Blue","Ryan Ellis","Rich Mar Florist | B.J. McLeod Motorsports | Chevrolet","Driver",111,1
"Racing",2022,"Panini","National Treasures","Rookies Holo Platinum Blue","Carson Hocevar","Premier Security | Niece Motorsports | Chevrolet","Driver",112,1
"Racing",2022,"Panini","National Treasures","Rookies Holo Platinum Blue","Santino Ferrucci","Toyota Racing | Sam Hunt Racing | Toyota","Driver",113,1
"Racing",2022,"Panini","National Treasures","Rookies Holo Platinum Blue","Stefan Parsons","Sokal Digital | B.J. McLeod Motorsports | Chevrolet","Driver",114,1
"Racing",2022,"Panini","National Treasures","Rookies Holo Platinum Blue","Toni Breidinger","ARCA Menards","Driver",115,1
"Racing",2022,"Panini","National Treasures","Rookies Holo Platinum Blue","Zachary Tinkle","ARCA Menards","Driver",116,1
"Racing",2022,"Panini","National Treasures","Rookies Holo Silver","Cole Moore","ARCA Menards West Series","Driver",107,15
"Racing",2022,"Panini","National Treasures","Rookies Holo Silver","Corey Heim","JBL | Kyle Busch Motorsports | Toyota","Driver",108,15
"Racing",2022,"Panini","National Treasures","Rookies Holo Silver","Daniel Dye","ARCA Menards East Series","Driver",109,15
"Racing",2022,"Panini","National Treasures","Rookies Holo Silver","Jade Buford","Big Machine Racing","Driver",110,15
"Racing",2022,"Panini","National Treasures","Rookies Holo Silver","Ryan Ellis","Rich Mar Florist | B.J. McLeod Motorsports | Chevrolet","Driver",111,15
"Racing",2022,"Panini","National Treasures","Rookies Holo Silver","Carson Hocevar","Premier Security | Niece Motorsports | Chevrolet","Driver",112,15
"Racing",2022,"Panini","National Treasures","Rookies Holo Silver","Santino Ferrucci","Toyota Racing | Sam Hunt Racing | Toyota","Driver",113,15
"Racing",2022,"Panini","National Treasures","Rookies Holo Silver","Stefan Parsons","Sokal Digital | B.J. McLeod Motorsports | Chevrolet","Driver",114,15
"Racing",2022,"Panini","National Treasures","Rookies Holo Silver","Toni Breidinger","ARCA Menards","Driver",115,15
"Racing",2022,"Panini","National Treasures","Rookies Holo Silver","Zachary Tinkle","ARCA Menards","Driver",116,15
"Racing",2022,"Panini","National Treasures","Sheet Metal Signatures","Ryan Blaney","BodyArmor | Team Penske | Ford","Driver",3,49
"Racing",2022,"Panini","National Treasures","Sheet Metal Signatures","Bubba Wallace","Leidos | 23XI Racing | Toyota","Driver",6,31
"Racing",2022,"Panini","National Treasures","Sheet Metal Signatures Green","Ryan Blaney","BodyArmor | Team Penske | Ford","Driver",3,5
"Racing",2022,"Panini","National Treasures","Sheet Metal Signatures Green","Joey Logano","Shell-Pennzoil | Team Penske | Ford","Driver",4,5
"Racing",2022,"Panini","National Treasures","Sheet Metal Signatures Green","Martin Truex Jr.","Bass Pro Shops | Joe Gibbs Racing | Toyota","Driver",5,5
"Racing",2022,"Panini","National Treasures","Sheet Metal Signatures Green","Bubba Wallace","Leidos | 23XI Racing | Toyota","Driver",6,5
"Racing",2022,"Panini","National Treasures","Sheet Metal Signatures Holo Gold","Denny Hamlin","FedEx Express | Joe Gibbs Racing | Toyota","Driver",2,3
"Racing",2022,"Panini","National Treasures","Sheet Metal Signatures Holo Gold","Ryan Blaney","BodyArmor | Team Penske | Ford","Driver",3,10
"Racing",2022,"Panini","National Treasures","Sheet Metal Signatures Holo Gold","Joey Logano","Shell-Pennzoil | Team Penske | Ford","Driver",4,10
"Racing",2022,"Panini","National Treasures","Sheet Metal Signatures Holo Gold","Martin Truex Jr.","Bass Pro Shops | Joe Gibbs Racing | Toyota","Driver",5,10
"Racing",2022,"Panini","National Treasures","Sheet Metal Signatures Holo Gold","Bubba Wallace","Leidos | 23XI Racing | Toyota","Driver",6,10
"Racing",2022,"Panini","National Treasures","Sheet Metal Signatures Holo Platinum Blue","Tony Stewart","Mobil 1 | Stewart-Haas Racing | Chevrolet","Driver",1,1
"Racing",2022,"Panini","National Treasures","Sheet Metal Signatures Holo Platinum Blue","Denny Hamlin","FedEx Express | Joe Gibbs Racing | Toyota","Driver",2,1
"Racing",2022,"Panini","National Treasures","Sheet Metal Signatures Holo Platinum Blue","Ryan Blaney","BodyArmor | Team Penske | Ford","Driver",3,1
"Racing",2022,"Panini","National Treasures","Sheet Metal Signatures Holo Platinum Blue","Joey Logano","Shell-Pennzoil | Team Penske | Ford","Driver",4,1
"Racing",2022,"Panini","National Treasures","Sheet Metal Signatures Holo Platinum Blue","Martin Truex Jr.","Bass Pro Shops | Joe Gibbs Racing | Toyota","Driver",5,1
"Racing",2022,"Panini","National Treasures","Sheet Metal Signatures Holo Platinum Blue","Bubba Wallace","Leidos | 23XI Racing | Toyota","Driver",6,1
"Racing",2022,"Panini","National Treasures","Sheet Metal Signatures Holo Silver","Denny Hamlin","FedEx Express | Joe Gibbs Racing | Toyota","Driver",2,4
"Racing",2022,"Panini","National Treasures","Sheet Metal Signatures Holo Silver","Ryan Blaney","BodyArmor | Team Penske | Ford","Driver",3,25
"Racing",2022,"Panini","National Treasures","Sheet Metal Signatures Holo Silver","Martin Truex Jr.","Bass Pro Shops | Joe Gibbs Racing | Toyota","Driver",5,15
"Racing",2022,"Panini","National Treasures","Sheet Metal Signatures Holo Silver","Bubba Wallace","Leidos | 23XI Racing | Toyota","Driver",6,25
"Racing",2022,"Panini","National Treasures","Silhouettes","Bobby Labonte","Interstate Batteries | Joe Gibbs Racing | Pontiac","Driver",1,99
"Racing",2022,"Panini","National Treasures","Silhouettes","Clint Bowyer","Mobil 1 | Stewart-Haas Racing | Ford","Driver",2,99
"Racing",2022,"Panini","National Treasures","Silhouettes","Ernie Irvan","Texaco Havoline | Robert Yates Racing | Ford","Driver",3,99
"Racing",2022,"Panini","National Treasures","Silhouettes","Greg Biffle","3M | Roush Fenway Racing | Ford","Driver",4,99
"Racing",2022,"Panini","National Treasures","Silhouettes","Jamie McMurray","McDonald's | Chip Ganassi Racing | Chevrolet","Driver",5,25
"Racing",2022,"Panini","National Treasures","Silhouettes","Jeff Burton","Citgo | Roush Racing | Ford","Driver",6,99
"Racing",2022,"Panini","National Treasures","Silhouettes","Jimmie Johnson","Lowe's | Hendrick Motorsports | Chevrolet","Driver",7,99
"Racing",2022,"Panini","National Treasures","Silhouettes","Joe Nemechek","How the Grinch Stole Christmas | Ford","Driver",8,99
"Racing",2022,"Panini","National Treasures","Silhouettes","Terry Labonte","Kellogg's Corn Flakes | Hendrick Motorsports | Chevrolet","Driver",9,25
"Racing",2022,"Panini","National Treasures","Silhouettes","Dale Jarrett","Quality Care | Robert Yates Racing | Ford","Driver",10,99
"Racing",2022,"Panini","National Treasures","Silhouettes","Alex Bowman","Ally Financial | Hendrick Motorsports | Chevrolet","Driver",11,99
"Racing",2022,"Panini","National Treasures","Silhouettes","Kevin Harvick","Rheem | Stewart-Haas Racing | Ford","Driver",12,25
"Racing",2022,"Panini","National Treasures","Silhouettes","Ryan Blaney","Menards | Team Penske | Ford","Driver",13,12
"Racing",2022,"Panini","National Treasures","Silhouettes","Martin Truex Jr.","Bass Pro Shops | Joe Gibbs Racing | Toyota","Driver",14,99
"Racing",2022,"Panini","National Treasures","Silhouettes","Bubba Wallace","Columbia | 23XI Racing | Toyota","Driver",15,99
"Racing",2022,"Panini","National Treasures","Silhouettes","Daniel Suarez","Tootsie's | Trackhouse Racing | Chevrolet","Driver",16,99
"Racing",2022,"Panini","National Treasures","Silhouettes","Kyle Busch","M&M's | Joe Gibbs Racing | Toyota","Driver",17,99
"Racing",2022,"Panini","National Treasures","Silhouettes","Erik Jones","Focus Factor | Petty GMS | Chevrolet","Driver",18,99
"Racing",2022,"Panini","National Treasures","Silhouettes","Austin Dillon","Bass Pro Shops | Richard Childress Racing | Chevrolet","Driver",19,25
"Racing",2022,"Panini","National Treasures","Silhouettes","Chris Buescher","Fastenal | RFK Racing | Ford","Driver",20,99
"Racing",2022,"Panini","National Treasures","Silhouettes Green","Bobby Labonte","Interstate Batteries | Joe Gibbs Racing | Pontiac","Driver",1,5
"Racing",2022,"Panini","National Treasures","Silhouettes Green","Clint Bowyer","Mobil 1 | Stewart-Haas Racing | Ford","Driver",2,5
"Racing",2022,"Panini","National Treasures","Silhouettes Green","Ernie Irvan","Texaco Havoline | Robert Yates Racing | Ford","Driver",3,5
"Racing",2022,"Panini","National Treasures","Silhouettes Green","Greg Biffle","3M | Roush Fenway Racing | Ford","Driver",4,5
"Racing",2022,"Panini","National Treasures","Silhouettes Green","Jamie McMurray","McDonald's | Chip Ganassi Racing | Chevrolet","Driver",5,3
"Racing",2022,"Panini","National Treasures","Silhouettes Green","Jeff Burton","Citgo | Roush Racing | Ford","Driver",6,5
"Racing",2022,"Panini","National Treasures","Silhouettes Green","Jimmie Johnson","Lowe's | Hendrick Motorsports | Chevrolet","Driver",7,5
"Racing",2022,"Panini","National Treasures","Silhouettes Green","Joe Nemechek","How the Grinch Stole Christmas | Ford","Driver",8,5
"Racing",2022,"Panini","National Treasures","Silhouettes Green","Terry Labonte","Kellogg's Corn Flakes | Hendrick Motorsports | Chevrolet","Driver",9,2
"Racing",2022,"Panini","National Treasures","Silhouettes Green","Dale Jarrett","Quality Care | Robert Yates Racing | Ford","Driver",10,5
"Racing",2022,"Panini","National Treasures","Silhouettes Green","Alex Bowman","Ally Financial | Hendrick Motorsports | Chevrolet","Driver",11,5
"Racing",2022,"Panini","National Treasures","Silhouettes Green","Kevin Harvick","Rheem | Stewart-Haas Racing | Ford","Driver",12,2
"Racing",2022,"Panini","National Treasures","Silhouettes Green","Ryan Blaney","Menards | Team Penske | Ford","Driver",13,2
"Racing",2022,"Panini","National Treasures","Silhouettes Green","Martin Truex Jr.","Bass Pro Shops | Joe Gibbs Racing | Toyota","Driver",14,5
"Racing",2022,"Panini","National Treasures","Silhouettes Green","Bubba Wallace","Columbia | 23XI Racing | Toyota","Driver",15,5
"Racing",2022,"Panini","National Treasures","Silhouettes Green","Daniel Suarez","Tootsie's | Trackhouse Racing | Chevrolet","Driver",16,5
"Racing",2022,"Panini","National Treasures","Silhouettes Green","Kyle Busch","M&M's | Joe Gibbs Racing | Toyota","Driver",17,5
"Racing",2022,"Panini","National Treasures","Silhouettes Green","Erik Jones","Focus Factor | Petty GMS | Chevrolet","Driver",18,5
"Racing",2022,"Panini","National Treasures","Silhouettes Green","Austin Dillon","Bass Pro Shops | Richard Childress Racing | Chevrolet","Driver",19,3
"Racing",2022,"Panini","National Treasures","Silhouettes Green","Chris Buescher","Fastenal | RFK Racing | Ford","Driver",20,5
"Racing",2022,"Panini","National Treasures","Silhouettes Holo Gold","Bobby Labonte","Interstate Batteries | Joe Gibbs Racing | Pontiac","Driver",1,10
"Racing",2022,"Panini","National Treasures","Silhouettes Holo Gold","Clint Bowyer","Mobil 1 | Stewart-Haas Racing | Ford","Driver",2,10
"Racing",2022,"Panini","National Treasures","Silhouettes Holo Gold","Ernie Irvan","Texaco Havoline | Robert Yates Racing | Ford","Driver",3,10
"Racing",2022,"Panini","National Treasures","Silhouettes Holo Gold","Greg Biffle","3M | Roush Fenway Racing | Ford","Driver",4,10
"Racing",2022,"Panini","National Treasures","Silhouettes Holo Gold","Jamie McMurray","McDonald's | Chip Ganassi Racing | Chevrolet","Driver",5,5
"Racing",2022,"Panini","National Treasures","Silhouettes Holo Gold","Jeff Burton","Citgo | Roush Racing | Ford","Driver",6,10
"Racing",2022,"Panini","National Treasures","Silhouettes Holo Gold","Jimmie Johnson","Lowe's | Hendrick Motorsports | Chevrolet","Driver",7,10
"Racing",2022,"Panini","National Treasures","Silhouettes Holo Gold","Joe Nemechek","How the Grinch Stole Christmas | Ford","Driver",8,10
"Racing",2022,"Panini","National Treasures","Silhouettes Holo Gold","Terry Labonte","Kellogg's Corn Flakes | Hendrick Motorsports | Chevrolet","Driver",9,5
"Racing",2022,"Panini","National Treasures","Silhouettes Holo Gold","Dale Jarrett","Quality Care | Robert Yates Racing | Ford","Driver",10,10
"Racing",2022,"Panini","National Treasures","Silhouettes Holo Gold","Alex Bowman","Ally Financial | Hendrick Motorsports | Chevrolet","Driver",11,10
"Racing",2022,"Panini","National Treasures","Silhouettes Holo Gold","Kevin Harvick","Rheem | Stewart-Haas Racing | Ford","Driver",12,4
"Racing",2022,"Panini","National Treasures","Silhouettes Holo Gold","Ryan Blaney","Menards | Team Penske | Ford","Driver",13,3
"Racing",2022,"Panini","National Treasures","Silhouettes Holo Gold","Martin Truex Jr.","Bass Pro Shops | Joe Gibbs Racing | Toyota","Driver",14,10
"Racing",2022,"Panini","National Treasures","Silhouettes Holo Gold","Bubba Wallace","Columbia | 23XI Racing | Toyota","Driver",15,10
"Racing",2022,"Panini","National Treasures","Silhouettes Holo Gold","Daniel Suarez","Tootsie's | Trackhouse Racing | Chevrolet","Driver",16,10
"Racing",2022,"Panini","National Treasures","Silhouettes Holo Gold","Kyle Busch","M&M's | Joe Gibbs Racing | Toyota","Driver",17,10
"Racing",2022,"Panini","National Treasures","Silhouettes Holo Gold","Erik Jones","Focus Factor | Petty GMS | Chevrolet","Driver",18,10
"Racing",2022,"Panini","National Treasures","Silhouettes Holo Gold","Austin Dillon","Bass Pro Shops | Richard Childress Racing | Chevrolet","Driver",19,5
"Racing",2022,"Panini","National Treasures","Silhouettes Holo Gold","Chris Buescher","Fastenal | RFK Racing | Ford","Driver",20,10
"Racing",2022,"Panini","National Treasures","Silhouettes Holo Platinum Blue","Bobby Labonte","Interstate Batteries | Joe Gibbs Racing | Pontiac","Driver",1,1
"Racing",2022,"Panini","National Treasures","Silhouettes Holo Platinum Blue","Clint Bowyer","Mobil 1 | Stewart-Haas Racing | Ford","Driver",2,1
"Racing",2022,"Panini","National Treasures","Silhouettes Holo Platinum Blue","Ernie Irvan","Texaco Havoline | Robert Yates Racing | Ford","Driver",3,1
"Racing",2022,"Panini","National Treasures","Silhouettes Holo Platinum Blue","Greg Biffle","3M | Roush Fenway Racing | Ford","Driver",4,1
"Racing",2022,"Panini","National Treasures","Silhouettes Holo Platinum Blue","Jamie McMurray","McDonald's | Chip Ganassi Racing | Chevrolet","Driver",5,1
"Racing",2022,"Panini","National Treasures","Silhouettes Holo Platinum Blue","Jeff Burton","Citgo | Roush Racing | Ford","Driver",6,1
"Racing",2022,"Panini","National Treasures","Silhouettes Holo Platinum Blue","Jimmie Johnson","Lowe's | Hendrick Motorsports | Chevrolet","Driver",7,1
"Racing",2022,"Panini","National Treasures","Silhouettes Holo Platinum Blue","Joe Nemechek","How the Grinch Stole Christmas | Ford","Driver",8,1
"Racing",2022,"Panini","National Treasures","Silhouettes Holo Platinum Blue","Terry Labonte","Kellogg's Corn Flakes | Hendrick Motorsports | Chevrolet","Driver",9,1
"Racing",2022,"Panini","National Treasures","Silhouettes Holo Platinum Blue","Dale Jarrett","Quality Care | Robert Yates Racing | Ford","Driver",10,1
"Racing",2022,"Panini","National Treasures","Silhouettes Holo Platinum Blue","Alex Bowman","Ally Financial | Hendrick Motorsports | Chevrolet","Driver",11,1
"Racing",2022,"Panini","National Treasures","Silhouettes Holo Platinum Blue","Kevin Harvick","Rheem | Stewart-Haas Racing | Ford","Driver",12,1
"Racing",2022,"Panini","National Treasures","Silhouettes Holo Platinum Blue","Ryan Blaney","Menards | Team Penske | Ford","Driver",13,1
"Racing",2022,"Panini","National Treasures","Silhouettes Holo Platinum Blue","Martin Truex Jr.","Bass Pro Shops | Joe Gibbs Racing | Toyota","Driver",14,1
"Racing",2022,"Panini","National Treasures","Silhouettes Holo Platinum Blue","Bubba Wallace","Columbia | 23XI Racing | Toyota","Driver",15,1
"Racing",2022,"Panini","National Treasures","Silhouettes Holo Platinum Blue","Daniel Suarez","Tootsie's | Trackhouse Racing | Chevrolet","Driver",16,1
"Racing",2022,"Panini","National Treasures","Silhouettes Holo Platinum Blue","Kyle Busch","M&M's | Joe Gibbs Racing | Toyota","Driver",17,1
"Racing",2022,"Panini","National Treasures","Silhouettes Holo Platinum Blue","Erik Jones","Focus Factor | Petty GMS | Chevrolet","Driver",18,1
"Racing",2022,"Panini","National Treasures","Silhouettes Holo Platinum Blue","Austin Dillon","Bass Pro Shops | Richard Childress Racing | Chevrolet","Driver",19,1
"Racing",2022,"Panini","National Treasures","Silhouettes Holo Platinum Blue","Chris Buescher","Fastenal | RFK Racing | Ford","Driver",20,1
"Racing",2022,"Panini","National Treasures","Silhouettes Holo Silver","Bobby Labonte","Interstate Batteries | Joe Gibbs Racing | Pontiac","Driver",1,25
"Racing",2022,"Panini","National Treasures","Silhouettes Holo Silver","Clint Bowyer","Mobil 1 | Stewart-Haas Racing | Ford","Driver",2,25
"Racing",2022,"Panini","National Treasures","Silhouettes Holo Silver","Ernie Irvan","Texaco Havoline | Robert Yates Racing | Ford","Driver",3,25
"Racing",2022,"Panini","National Treasures","Silhouettes Holo Silver","Greg Biffle","3M | Roush Fenway Racing | Ford","Driver",4,25
"Racing",2022,"Panini","National Treasures","Silhouettes Holo Silver","Jamie McMurray","McDonald's | Chip Ganassi Racing | Chevrolet","Driver",5,15
"Racing",2022,"Panini","National Treasures","Silhouettes Holo Silver","Jeff Burton","Citgo | Roush Racing | Ford","Driver",6,25
"Racing",2022,"Panini","National Treasures","Silhouettes Holo Silver","Jimmie Johnson","Lowe's | Hendrick Motorsports | Chevrolet","Driver",7,25
"Racing",2022,"Panini","National Treasures","Silhouettes Holo Silver","Joe Nemechek","How the Grinch Stole Christmas | Ford","Driver",8,25
"Racing",2022,"Panini","National Treasures","Silhouettes Holo Silver","Terry Labonte","Kellogg's Corn Flakes | Hendrick Motorsports | Chevrolet","Driver",9,10
"Racing",2022,"Panini","National Treasures","Silhouettes Holo Silver","Dale Jarrett","Quality Care | Robert Yates Racing | Ford","Driver",10,25
"Racing",2022,"Panini","National Treasures","Silhouettes Holo Silver","Alex Bowman","Ally Financial | Hendrick Motorsports | Chevrolet","Driver",11,25
"Racing",2022,"Panini","National Treasures","Silhouettes Holo Silver","Kevin Harvick","Rheem | Stewart-Haas Racing | Ford","Driver",12,10
"Racing",2022,"Panini","National Treasures","Silhouettes Holo Silver","Ryan Blaney","Menards | Team Penske | Ford","Driver",13,5
"Racing",2022,"Panini","National Treasures","Silhouettes Holo Silver","Martin Truex Jr.","Bass Pro Shops | Joe Gibbs Racing | Toyota","Driver",14,25
"Racing",2022,"Panini","National Treasures","Silhouettes Holo Silver","Bubba Wallace","Columbia | 23XI Racing | Toyota","Driver",15,25
"Racing",2022,"Panini","National Treasures","Silhouettes Holo Silver","Daniel Suarez","Tootsie's | Trackhouse Racing | Chevrolet","Driver",16,25
"Racing",2022,"Panini","National Treasures","Silhouettes Holo Silver","Kyle Busch","M&M's | Joe Gibbs Racing | Toyota","Driver",17,25
"Racing",2022,"Panini","National Treasures","Silhouettes Holo Silver","Erik Jones","Focus Factor | Petty GMS | Chevrolet","Driver",18,25
"Racing",2022,"Panini","National Treasures","Silhouettes Holo Silver","Austin Dillon","Bass Pro Shops | Richard Childress Racing | Chevrolet","Driver",19,10
"Racing",2022,"Panini","National Treasures","Silhouettes Holo Silver","Chris Buescher","Fastenal | RFK Racing | Ford","Driver",20,25
"Racing",2022,"Panini","National Treasures","Three Wide Signatures","Alex Bowman/Alex Bowman/Alex Bowman","Ally Financial | Hendrick Motorsports | Chevrolet/Ally Financial | Hendrick Motorsports | Chevrolet/Ally Financial | Hendrick Motorsports | Chevrolet","Driver/Driver/Driver",1,20
"Racing",2022,"Panini","National Treasures","Three Wide Signatures","Denny Hamlin/Denny Hamlin/Denny Hamlin","FedEx Express | Joe Gibbs Racing | Toyota/FedEx Express | Joe Gibbs Racing | Toyota/FedEx Express | Joe Gibbs Racing | Toyota","Driver/Driver/Driver",2,11
"Racing",2022,"Panini","National Treasures","Three Wide Signatures","Kurt Busch/Kurt Busch/Kurt Busch","Monster | 23XI Racing | Toyota/Monster | 23XI Racing | Toyota/Monster | 23XI Racing | Toyota","Driver/Driver/Driver",3,20
"Racing",2022,"Panini","National Treasures","Three Wide Signatures","Martin Truex Jr./Martin Truex Jr./Martin Truex Jr.","Bass Pro Shops | Joe Gibbs Racing | Toyota/Bass Pro Shops | Joe Gibbs Racing | Toyota/Bass Pro Shops | Joe Gibbs Racing | Toyota","Driver/Driver/Driver",4,10
"Racing",2022,"Panini","National Treasures","Three Wide Signatures","Ryan Newman/Ryan Newman/Ryan Newman","Acronis | Roush Fenway Racing | Ford/Acronis | Roush Fenway Racing | Ford/Acronis | Roush Fenway Racing | Ford","Driver/Driver/Driver",5,50
"Racing",2022,"Panini","National Treasures","Three Wide Signatures","Daniel Suarez/Daniel Suarez/Daniel Suarez","Tootsie's | Trackhouse Racing | Chevrolet/Tootsie's | Trackhouse Racing | Chevrolet/Tootsie's | Trackhouse Racing | Chevrolet","Driver/Driver/Driver",6,20
"Racing",2022,"Panini","National Treasures","Three Wide Signatures","Brad Keselowski/Brad Keselowski/Brad Keselowski","Kohler | RFK Racing | Ford/Kohler | RFK Racing | Ford/Kohler | RFK Racing | Ford","Driver/Driver/Driver",7,25
"Racing",2022,"Panini","National Treasures","Three Wide Signatures","Chris Buescher/Chris Buescher/Chris Buescher","Fastenal | RFK Racing | Ford/Fastenal | RFK Racing | Ford/Fastenal | RFK Racing | Ford","Driver/Driver/Driver",8,50
"Racing",2022,"Panini","National Treasures","Three Wide Signatures","Joey Logano/Joey Logano/Joey Logano","Shell-Pennzoil | Team Penske | Ford/Shell-Pennzoil | Team Penske | Ford/Shell-Pennzoil | Team Penske | Ford","Driver/Driver/Driver",9,25
"Racing",2022,"Panini","National Treasures","Three Wide Signatures","Ricky Stenhouse Jr/Ricky Stenhouse Jr/Ricky Stenhouse Jr","Kroger | JTG Daugherty Racing | Chevrolet/Kroger | JTG Daugherty Racing | Chevrolet/Kroger | JTG Daugherty Racing | Chevrolet","Driver/Driver/Driver",11,50
"Racing",2022,"Panini","National Treasures","Three Wide Signatures","Tyler Reddick/Tyler Reddick/Tyler Reddick","BetMGM | Richard Childress Racing | Chevrolet/BetMGM | Richard Childress Racing | Chevrolet/BetMGM | Richard Childress Racing | Chevrolet","Driver/Driver/Driver",12,99
"Racing",2022,"Panini","National Treasures","Three Wide Signatures","Aric Almirola/Aric Almirola/Aric Almirola","Smithfield Foods | Stewart-Haas Racing | Ford/Smithfield Foods | Stewart-Haas Racing | Ford/Smithfield Foods | Stewart-Haas Racing | Ford","Driver/Driver/Driver",13,22
"Racing",2022,"Panini","National Treasures","Three Wide Signatures","Bubba Wallace/Bubba Wallace/Bubba Wallace","DoorDash | 23XI Racing | Toyota/DoorDash | 23XI Racing | Toyota/DoorDash | 23XI Racing | Toyota","Driver/Driver/Driver",14,20
"Racing",2022,"Panini","National Treasures","Three Wide Signatures","Christopher Bell/Christopher Bell/Christopher Bell","Rheem | Joe Gibbs Racing | Toyota/Rheem | Joe Gibbs Racing | Toyota/Rheem | Joe Gibbs Racing | Toyota","Driver/Driver/Driver",15,99
"Racing",2022,"Panini","National Treasures","Three Wide Signatures","Kevin Harvick/Kevin Harvick/Kevin Harvick","Hunt Brothers Pizza | Stewart-Haas Racing | Ford/Hunt Brothers Pizza | Stewart-Haas Racing | Ford/Hunt Brothers Pizza | Stewart-Haas Racing | Ford","Driver/Driver/Driver",16,15
"Racing",2022,"Panini","National Treasures","Three Wide Signatures","Kyle Larson/Kyle Larson/Kyle Larson","NationsGuard | Hendrick Motorsports | Chevrolet/NationsGuard | Hendrick Motorsports | Chevrolet/NationsGuard | Hendrick Motorsports | Chevrolet","Driver/Driver/Driver",17,99
"Racing",2022,"Panini","National Treasures","Three Wide Signatures","Ryan Blaney/Ryan Blaney/Ryan Blaney","BodyArmor | Team Penske | Ford/BodyArmor | Team Penske | Ford/BodyArmor | Team Penske | Ford","Driver/Driver/Driver",18,25
"Racing",2022,"Panini","National Treasures","Three Wide Signatures","William Byron/William Byron/William Byron","AXALTA | Hendrick Motorsports | Chevrolet/AXALTA | Hendrick Motorsports | Chevrolet/AXALTA | Hendrick Motorsports | Chevrolet","Driver/Driver/Driver",19,5
"Racing",2022,"Panini","National Treasures","Three Wide Signatures","Chase Elliott/Chase Elliott/Chase Elliott","NAPA Auto Parts | Hendrick Motorsports | Chevrolet/NAPA Auto Parts | Hendrick Motorsports | Chevrolet/NAPA Auto Parts | Hendrick Motorsports | Chevrolet","Driver/Driver/Driver",20,8
"Racing",2022,"Panini","National Treasures","Three Wide Signatures Green","Alex Bowman/Alex Bowman/Alex Bowman","Ally Financial | Hendrick Motorsports | Chevrolet/Ally Financial | Hendrick Motorsports | Chevrolet/Ally Financial | Hendrick Motorsports | Chevrolet","Driver/Driver/Driver",1,3
"Racing",2022,"Panini","National Treasures","Three Wide Signatures Green","Denny Hamlin/Denny Hamlin/Denny Hamlin","FedEx Express | Joe Gibbs Racing | Toyota/FedEx Express | Joe Gibbs Racing | Toyota/FedEx Express | Joe Gibbs Racing | Toyota","Driver/Driver/Driver",2,3
"Racing",2022,"Panini","National Treasures","Three Wide Signatures Green","Kurt Busch/Kurt Busch/Kurt Busch","Monster | 23XI Racing | Toyota/Monster | 23XI Racing | Toyota/Monster | 23XI Racing | Toyota","Driver/Driver/Driver",3,5
"Racing",2022,"Panini","National Treasures","Three Wide Signatures Green","Martin Truex Jr./Martin Truex Jr./Martin Truex Jr.","Bass Pro Shops | Joe Gibbs Racing | Toyota/Bass Pro Shops | Joe Gibbs Racing | Toyota/Bass Pro Shops | Joe Gibbs Racing | Toyota","Driver/Driver/Driver",4,2
"Racing",2022,"Panini","National Treasures","Three Wide Signatures Green","Ryan Newman/Ryan Newman/Ryan Newman","Acronis | Roush Fenway Racing | Ford/Acronis | Roush Fenway Racing | Ford/Acronis | Roush Fenway Racing | Ford","Driver/Driver/Driver",5,5
"Racing",2022,"Panini","National Treasures","Three Wide Signatures Green","Daniel Suarez/Daniel Suarez/Daniel Suarez","Tootsie's | Trackhouse Racing | Chevrolet/Tootsie's | Trackhouse Racing | Chevrolet/Tootsie's | Trackhouse Racing | Chevrolet","Driver/Driver/Driver",6,5
"Racing",2022,"Panini","National Treasures","Three Wide Signatures Green","Brad Keselowski/Brad Keselowski/Brad Keselowski","Kohler | RFK Racing | Ford/Kohler | RFK Racing | Ford/Kohler | RFK Racing | Ford","Driver/Driver/Driver",7,2
"Racing",2022,"Panini","National Treasures","Three Wide Signatures Green","Chris Buescher/Chris Buescher/Chris Buescher","Fastenal | RFK Racing | Ford/Fastenal | RFK Racing | Ford/Fastenal | RFK Racing | Ford","Driver/Driver/Driver",8,5
"Racing",2022,"Panini","National Treasures","Three Wide Signatures Green","Joey Logano/Joey Logano/Joey Logano","Shell-Pennzoil | Team Penske | Ford/Shell-Pennzoil | Team Penske | Ford/Shell-Pennzoil | Team Penske | Ford","Driver/Driver/Driver",9,5
"Racing",2022,"Panini","National Treasures","Three Wide Signatures Green","Kyle Busch/Kyle Busch/Kyle Busch","M&M's | Joe Gibbs Racing | Toyota/M&M's | Joe Gibbs Racing | Toyota/M&M's | Joe Gibbs Racing | Toyota","Driver/Driver/Driver",10,2
"Racing",2022,"Panini","National Treasures","Three Wide Signatures Green","Ricky Stenhouse Jr/Ricky Stenhouse Jr/Ricky Stenhouse Jr","Kroger | JTG Daugherty Racing | Chevrolet/Kroger | JTG Daugherty Racing | Chevrolet/Kroger | JTG Daugherty Racing | Chevrolet","Driver/Driver/Driver",11,5
"Racing",2022,"Panini","National Treasures","Three Wide Signatures Green","Tyler Reddick/Tyler Reddick/Tyler Reddick","BetMGM | Richard Childress Racing | Chevrolet/BetMGM | Richard Childress Racing | Chevrolet/BetMGM | Richard Childress Racing | Chevrolet","Driver/Driver/Driver",12,5
"Racing",2022,"Panini","National Treasures","Three Wide Signatures Green","Aric Almirola/Aric Almirola/Aric Almirola","Smithfield Foods | Stewart-Haas Racing | Ford/Smithfield Foods | Stewart-Haas Racing | Ford/Smithfield Foods | Stewart-Haas Racing | Ford","Driver/Driver/Driver",13,5
"Racing",2022,"Panini","National Treasures","Three Wide Signatures Green","Bubba Wallace/Bubba Wallace/Bubba Wallace","DoorDash | 23XI Racing | Toyota/DoorDash | 23XI Racing | Toyota/DoorDash | 23XI Racing | Toyota","Driver/Driver/Driver",14,5
"Racing",2022,"Panini","National Treasures","Three Wide Signatures Green","Christopher Bell/Christopher Bell/Christopher Bell","Rheem | Joe Gibbs Racing | Toyota/Rheem | Joe Gibbs Racing | Toyota/Rheem | Joe Gibbs Racing | Toyota","Driver/Driver/Driver",15,5
"Racing",2022,"Panini","National Treasures","Three Wide Signatures Green","Kevin Harvick/Kevin Harvick/Kevin Harvick","Hunt Brothers Pizza | Stewart-Haas Racing | Ford/Hunt Brothers Pizza | Stewart-Haas Racing | Ford/Hunt Brothers Pizza | Stewart-Haas Racing | Ford","Driver/Driver/Driver",16,4
"Racing",2022,"Panini","National Treasures","Three Wide Signatures Green","Kyle Larson/Kyle Larson/Kyle Larson","NationsGuard | Hendrick Motorsports | Chevrolet/NationsGuard | Hendrick Motorsports | Chevrolet/NationsGuard | Hendrick Motorsports | Chevrolet","Driver/Driver/Driver",17,5
"Racing",2022,"Panini","National Treasures","Three Wide Signatures Green","Ryan Blaney/Ryan Blaney/Ryan Blaney","BodyArmor | Team Penske | Ford/BodyArmor | Team Penske | Ford/BodyArmor | Team Penske | Ford","Driver/Driver/Driver",18,5
"Racing",2022,"Panini","National Treasures","Three Wide Signatures Green","William Byron/William Byron/William Byron","AXALTA | Hendrick Motorsports | Chevrolet/AXALTA | Hendrick Motorsports | Chevrolet/AXALTA | Hendrick Motorsports | Chevrolet","Driver/Driver/Driver",19,2
"Racing",2022,"Panini","National Treasures","Three Wide Signatures Green","Chase Elliott/Chase Elliott/Chase Elliott","NAPA Auto Parts | Hendrick Motorsports | Chevrolet/NAPA Auto Parts | Hendrick Motorsports | Chevrolet/NAPA Auto Parts | Hendrick Motorsports | Chevrolet","Driver/Driver/Driver",20,2
"Racing",2022,"Panini","National Treasures","Three Wide Signatures Holo Gold","Alex Bowman/Alex Bowman/Alex Bowman","Ally Financial | Hendrick Motorsports | Chevrolet/Ally Financial | Hendrick Motorsports | Chevrolet/Ally Financial | Hendrick Motorsports | Chevrolet","Driver/Driver/Driver",1,10
"Racing",2022,"Panini","National Treasures","Three Wide Signatures Holo Gold","Denny Hamlin/Denny Hamlin/Denny Hamlin","FedEx Express | Joe Gibbs Racing | Toyota/FedEx Express | Joe Gibbs Racing | Toyota/FedEx Express | Joe Gibbs Racing | Toyota","Driver/Driver/Driver",2,5
"Racing",2022,"Panini","National Treasures","Three Wide Signatures Holo Gold","Kurt Busch/Kurt Busch/Kurt Busch","Monster | 23XI Racing | Toyota/Monster | 23XI Racing | Toyota/Monster | 23XI Racing | Toyota","Driver/Driver/Driver",3,10
"Racing",2022,"Panini","National Treasures","Three Wide Signatures Holo Gold","Martin Truex Jr./Martin Truex Jr./Martin Truex Jr.","Bass Pro Shops | Joe Gibbs Racing | Toyota/Bass Pro Shops | Joe Gibbs Racing | Toyota/Bass Pro Shops | Joe Gibbs Racing | Toyota","Driver/Driver/Driver",4,3
"Racing",2022,"Panini","National Treasures","Three Wide Signatures Holo Gold","Ryan Newman/Ryan Newman/Ryan Newman","Acronis | Roush Fenway Racing | Ford/Acronis | Roush Fenway Racing | Ford/Acronis | Roush Fenway Racing | Ford","Driver/Driver/Driver",5,10
"Racing",2022,"Panini","National Treasures","Three Wide Signatures Holo Gold","Daniel Suarez/Daniel Suarez/Daniel Suarez","Tootsie's | Trackhouse Racing | Chevrolet/Tootsie's | Trackhouse Racing | Chevrolet/Tootsie's | Trackhouse Racing | Chevrolet","Driver/Driver/Driver",6,10
"Racing",2022,"Panini","National Treasures","Three Wide Signatures Holo Gold","Brad Keselowski/Brad Keselowski/Brad Keselowski","Kohler | RFK Racing | Ford/Kohler | RFK Racing | Ford/Kohler | RFK Racing | Ford","Driver/Driver/Driver",7,5
"Racing",2022,"Panini","National Treasures","Three Wide Signatures Holo Gold","Chris Buescher/Chris Buescher/Chris Buescher","Fastenal | RFK Racing | Ford/Fastenal | RFK Racing | Ford/Fastenal | RFK Racing | Ford","Driver/Driver/Driver",8,10
"Racing",2022,"Panini","National Treasures","Three Wide Signatures Holo Gold","Joey Logano/Joey Logano/Joey Logano","Shell-Pennzoil | Team Penske | Ford/Shell-Pennzoil | Team Penske | Ford/Shell-Pennzoil | Team Penske | Ford","Driver/Driver/Driver",9,10
"Racing",2022,"Panini","National Treasures","Three Wide Signatures Holo Gold","Kyle Busch/Kyle Busch/Kyle Busch","M&M's | Joe Gibbs Racing | Toyota/M&M's | Joe Gibbs Racing | Toyota/M&M's | Joe Gibbs Racing | Toyota","Driver/Driver/Driver",10,3
"Racing",2022,"Panini","National Treasures","Three Wide Signatures Holo Gold","Ricky Stenhouse Jr/Ricky Stenhouse Jr/Ricky Stenhouse Jr","Kroger | JTG Daugherty Racing | Chevrolet/Kroger | JTG Daugherty Racing | Chevrolet/Kroger | JTG Daugherty Racing | Chevrolet","Driver/Driver/Driver",11,10
"Racing",2022,"Panini","National Treasures","Three Wide Signatures Holo Gold","Tyler Reddick/Tyler Reddick/Tyler Reddick","BetMGM | Richard Childress Racing | Chevrolet/BetMGM | Richard Childress Racing | Chevrolet/BetMGM | Richard Childress Racing | Chevrolet","Driver/Driver/Driver",12,10
"Racing",2022,"Panini","National Treasures","Three Wide Signatures Holo Gold","Aric Almirola/Aric Almirola/Aric Almirola","Smithfield Foods | Stewart-Haas Racing | Ford/Smithfield Foods | Stewart-Haas Racing | Ford/Smithfield Foods | Stewart-Haas Racing | Ford","Driver/Driver/Driver",13,10
"Racing",2022,"Panini","National Treasures","Three Wide Signatures Holo Gold","Bubba Wallace/Bubba Wallace/Bubba Wallace","DoorDash | 23XI Racing | Toyota/DoorDash | 23XI Racing | Toyota/DoorDash | 23XI Racing | Toyota","Driver/Driver/Driver",14,10
"Racing",2022,"Panini","National Treasures","Three Wide Signatures Holo Gold","Christopher Bell/Christopher Bell/Christopher Bell","Rheem | Joe Gibbs Racing | Toyota/Rheem | Joe Gibbs Racing | Toyota/Rheem | Joe Gibbs Racing | Toyota","Driver/Driver/Driver",15,10
"Racing",2022,"Panini","National Treasures","Three Wide Signatures Holo Gold","Kevin Harvick/Kevin Harvick/Kevin Harvick","Hunt Brothers Pizza | Stewart-Haas Racing | Ford/Hunt Brothers Pizza | Stewart-Haas Racing | Ford/Hunt Brothers Pizza | Stewart-Haas Racing | Ford","Driver/Driver/Driver",16,5
"Racing",2022,"Panini","National Treasures","Three Wide Signatures Holo Gold","Kyle Larson/Kyle Larson/Kyle Larson","NationsGuard | Hendrick Motorsports | Chevrolet/NationsGuard | Hendrick Motorsports | Chevrolet/NationsGuard | Hendrick Motorsports | Chevrolet","Driver/Driver/Driver",17,10
"Racing",2022,"Panini","National Treasures","Three Wide Signatures Holo Gold","Ryan Blaney/Ryan Blaney/Ryan Blaney","BodyArmor | Team Penske | Ford/BodyArmor | Team Penske | Ford/BodyArmor | Team Penske | Ford","Driver/Driver/Driver",18,10
"Racing",2022,"Panini","National Treasures","Three Wide Signatures Holo Gold","William Byron/William Byron/William Byron","AXALTA | Hendrick Motorsports | Chevrolet/AXALTA | Hendrick Motorsports | Chevrolet/AXALTA | Hendrick Motorsports | Chevrolet","Driver/Driver/Driver",19,3
"Racing",2022,"Panini","National Treasures","Three Wide Signatures Holo Gold","Chase Elliott/Chase Elliott/Chase Elliott","NAPA Auto Parts | Hendrick Motorsports | Chevrolet/NAPA Auto Parts | Hendrick Motorsports | Chevrolet/NAPA Auto Parts | Hendrick Motorsports | Chevrolet","Driver/Driver/Driver",20,5
"Racing",2022,"Panini","National Treasures","Three Wide Signatures Holo Platinum Blue","Alex Bowman/Alex Bowman/Alex Bowman","Ally Financial | Hendrick Motorsports | Chevrolet/Ally Financial | Hendrick Motorsports | Chevrolet/Ally Financial | Hendrick Motorsports | Chevrolet","Driver/Driver/Driver",1,1
"Racing",2022,"Panini","National Treasures","Three Wide Signatures Holo Platinum Blue","Denny Hamlin/Denny Hamlin/Denny Hamlin","FedEx Express | Joe Gibbs Racing | Toyota/FedEx Express | Joe Gibbs Racing | Toyota/FedEx Express | Joe Gibbs Racing | Toyota","Driver/Driver/Driver",2,1
"Racing",2022,"Panini","National Treasures","Three Wide Signatures Holo Platinum Blue","Kurt Busch/Kurt Busch/Kurt Busch","Monster | 23XI Racing | Toyota/Monster | 23XI Racing | Toyota/Monster | 23XI Racing | Toyota","Driver/Driver/Driver",3,1
"Racing",2022,"Panini","National Treasures","Three Wide Signatures Holo Platinum Blue","Martin Truex Jr./Martin Truex Jr./Martin Truex Jr.","Bass Pro Shops | Joe Gibbs Racing | Toyota/Bass Pro Shops | Joe Gibbs Racing | Toyota/Bass Pro Shops | Joe Gibbs Racing | Toyota","Driver/Driver/Driver",4,1
"Racing",2022,"Panini","National Treasures","Three Wide Signatures Holo Platinum Blue","Ryan Newman/Ryan Newman/Ryan Newman","Acronis | Roush Fenway Racing | Ford/Acronis | Roush Fenway Racing | Ford/Acronis | Roush Fenway Racing | Ford","Driver/Driver/Driver",5,1
"Racing",2022,"Panini","National Treasures","Three Wide Signatures Holo Platinum Blue","Daniel Suarez/Daniel Suarez/Daniel Suarez","Tootsie's | Trackhouse Racing | Chevrolet/Tootsie's | Trackhouse Racing | Chevrolet/Tootsie's | Trackhouse Racing | Chevrolet","Driver/Driver/Driver",6,1
"Racing",2022,"Panini","National Treasures","Three Wide Signatures Holo Platinum Blue","Brad Keselowski/Brad Keselowski/Brad Keselowski","Kohler | RFK Racing | Ford/Kohler | RFK Racing | Ford/Kohler | RFK Racing | Ford","Driver/Driver/Driver",7,1
"Racing",2022,"Panini","National Treasures","Three Wide Signatures Holo Platinum Blue","Chris Buescher/Chris Buescher/Chris Buescher","Fastenal | RFK Racing | Ford/Fastenal | RFK Racing | Ford/Fastenal | RFK Racing | Ford","Driver/Driver/Driver",8,1
"Racing",2022,"Panini","National Treasures","Three Wide Signatures Holo Platinum Blue","Joey Logano/Joey Logano/Joey Logano","Shell-Pennzoil | Team Penske | Ford/Shell-Pennzoil | Team Penske | Ford/Shell-Pennzoil | Team Penske | Ford","Driver/Driver/Driver",9,1
"Racing",2022,"Panini","National Treasures","Three Wide Signatures Holo Platinum Blue","Kyle Busch/Kyle Busch/Kyle Busch","M&M's | Joe Gibbs Racing | Toyota/M&M's | Joe Gibbs Racing | Toyota/M&M's | Joe Gibbs Racing | Toyota","Driver/Driver/Driver",10,1
"Racing",2022,"Panini","National Treasures","Three Wide Signatures Holo Platinum Blue","Ricky Stenhouse Jr/Ricky Stenhouse Jr/Ricky Stenhouse Jr","Kroger | JTG Daugherty Racing | Chevrolet/Kroger | JTG Daugherty Racing | Chevrolet/Kroger | JTG Daugherty Racing | Chevrolet","Driver/Driver/Driver",11,1
"Racing",2022,"Panini","National Treasures","Three Wide Signatures Holo Platinum Blue","Tyler Reddick/Tyler Reddick/Tyler Reddick","BetMGM | Richard Childress Racing | Chevrolet/BetMGM | Richard Childress Racing | Chevrolet/BetMGM | Richard Childress Racing | Chevrolet","Driver/Driver/Driver",12,1
"Racing",2022,"Panini","National Treasures","Three Wide Signatures Holo Platinum Blue","Aric Almirola/Aric Almirola/Aric Almirola","Smithfield Foods | Stewart-Haas Racing | Ford/Smithfield Foods | Stewart-Haas Racing | Ford/Smithfield Foods | Stewart-Haas Racing | Ford","Driver/Driver/Driver",13,1
"Racing",2022,"Panini","National Treasures","Three Wide Signatures Holo Platinum Blue","Bubba Wallace/Bubba Wallace/Bubba Wallace","DoorDash | 23XI Racing | Toyota/DoorDash | 23XI Racing | Toyota/DoorDash | 23XI Racing | Toyota","Driver/Driver/Driver",14,1
"Racing",2022,"Panini","National Treasures","Three Wide Signatures Holo Platinum Blue","Christopher Bell/Christopher Bell/Christopher Bell","Rheem | Joe Gibbs Racing | Toyota/Rheem | Joe Gibbs Racing | Toyota/Rheem | Joe Gibbs Racing | Toyota","Driver/Driver/Driver",15,1
"Racing",2022,"Panini","National Treasures","Three Wide Signatures Holo Platinum Blue","Kevin Harvick/Kevin Harvick/Kevin Harvick","Hunt Brothers Pizza | Stewart-Haas Racing | Ford/Hunt Brothers Pizza | Stewart-Haas Racing | Ford/Hunt Brothers Pizza | Stewart-Haas Racing | Ford","Driver/Driver/Driver",16,1
"Racing",2022,"Panini","National Treasures","Three Wide Signatures Holo Platinum Blue","Kyle Larson/Kyle Larson/Kyle Larson","NationsGuard | Hendrick Motorsports | Chevrolet/NationsGuard | Hendrick Motorsports | Chevrolet/NationsGuard | Hendrick Motorsports | Chevrolet","Driver/Driver/Driver",17,1
"Racing",2022,"Panini","National Treasures","Three Wide Signatures Holo Platinum Blue","Ryan Blaney/Ryan Blaney/Ryan Blaney","BodyArmor | Team Penske | Ford/BodyArmor | Team Penske | Ford/BodyArmor | Team Penske | Ford","Driver/Driver/Driver",18,1
"Racing",2022,"Panini","National Treasures","Three Wide Signatures Holo Platinum Blue","William Byron/William Byron/William Byron","AXALTA | Hendrick Motorsports | Chevrolet/AXALTA | Hendrick Motorsports | Chevrolet/AXALTA | Hendrick Motorsports | Chevrolet","Driver/Driver/Driver",19,1
"Racing",2022,"Panini","National Treasures","Three Wide Signatures Holo Platinum Blue","Chase Elliott/Chase Elliott/Chase Elliott","NAPA Auto Parts | Hendrick Motorsports | Chevrolet/NAPA Auto Parts | Hendrick Motorsports | Chevrolet/NAPA Auto Parts | Hendrick Motorsports | Chevrolet","Driver/Driver/Driver",20,1
"Racing",2022,"Panini","National Treasures","Three Wide Signatures Holo Silver","Alex Bowman/Alex Bowman/Alex Bowman","Ally Financial | Hendrick Motorsports | Chevrolet/Ally Financial | Hendrick Motorsports | Chevrolet/Ally Financial | Hendrick Motorsports | Chevrolet","Driver/Driver/Driver",1,15
"Racing",2022,"Panini","National Treasures","Three Wide Signatures Holo Silver","Denny Hamlin/Denny Hamlin/Denny Hamlin","FedEx Express | Joe Gibbs Racing | Toyota/FedEx Express | Joe Gibbs Racing | Toyota/FedEx Express | Joe Gibbs Racing | Toyota","Driver/Driver/Driver",2,10
"Racing",2022,"Panini","National Treasures","Three Wide Signatures Holo Silver","Kurt Busch/Kurt Busch/Kurt Busch","Monster | 23XI Racing | Toyota/Monster | 23XI Racing | Toyota/Monster | 23XI Racing | Toyota","Driver/Driver/Driver",3,15
"Racing",2022,"Panini","National Treasures","Three Wide Signatures Holo Silver","Martin Truex Jr./Martin Truex Jr./Martin Truex Jr.","Bass Pro Shops | Joe Gibbs Racing | Toyota/Bass Pro Shops | Joe Gibbs Racing | Toyota/Bass Pro Shops | Joe Gibbs Racing | Toyota","Driver/Driver/Driver",4,5
"Racing",2022,"Panini","National Treasures","Three Wide Signatures Holo Silver","Ryan Newman/Ryan Newman/Ryan Newman","Acronis | Roush Fenway Racing | Ford/Acronis | Roush Fenway Racing | Ford/Acronis | Roush Fenway Racing | Ford","Driver/Driver/Driver",5,25
"Racing",2022,"Panini","National Treasures","Three Wide Signatures Holo Silver","Daniel Suarez/Daniel Suarez/Daniel Suarez","Tootsie's | Trackhouse Racing | Chevrolet/Tootsie's | Trackhouse Racing | Chevrolet/Tootsie's | Trackhouse Racing | Chevrolet","Driver/Driver/Driver",6,15
"Racing",2022,"Panini","National Treasures","Three Wide Signatures Holo Silver","Brad Keselowski/Brad Keselowski/Brad Keselowski","Kohler | RFK Racing | Ford/Kohler | RFK Racing | Ford/Kohler | RFK Racing | Ford","Driver/Driver/Driver",7,10
"Racing",2022,"Panini","National Treasures","Three Wide Signatures Holo Silver","Chris Buescher/Chris Buescher/Chris Buescher","Fastenal | RFK Racing | Ford/Fastenal | RFK Racing | Ford/Fastenal | RFK Racing | Ford","Driver/Driver/Driver",8,25
"Racing",2022,"Panini","National Treasures","Three Wide Signatures Holo Silver","Joey Logano/Joey Logano/Joey Logano","Shell-Pennzoil | Team Penske | Ford/Shell-Pennzoil | Team Penske | Ford/Shell-Pennzoil | Team Penske | Ford","Driver/Driver/Driver",9,22
"Racing",2022,"Panini","National Treasures","Three Wide Signatures Holo Silver","Kyle Busch/Kyle Busch/Kyle Busch","M&M's | Joe Gibbs Racing | Toyota/M&M's | Joe Gibbs Racing | Toyota/M&M's | Joe Gibbs Racing | Toyota","Driver/Driver/Driver",10,4
"Racing",2022,"Panini","National Treasures","Three Wide Signatures Holo Silver","Ricky Stenhouse Jr/Ricky Stenhouse Jr/Ricky Stenhouse Jr","Kroger | JTG Daugherty Racing | Chevrolet/Kroger | JTG Daugherty Racing | Chevrolet/Kroger | JTG Daugherty Racing | Chevrolet","Driver/Driver/Driver",11,25
"Racing",2022,"Panini","National Treasures","Three Wide Signatures Holo Silver","Tyler Reddick/Tyler Reddick/Tyler Reddick","BetMGM | Richard Childress Racing | Chevrolet/BetMGM | Richard Childress Racing | Chevrolet/BetMGM | Richard Childress Racing | Chevrolet","Driver/Driver/Driver",12,25
"Racing",2022,"Panini","National Treasures","Three Wide Signatures Holo Silver","Aric Almirola/Aric Almirola/Aric Almirola","Smithfield Foods | Stewart-Haas Racing | Ford/Smithfield Foods | Stewart-Haas Racing | Ford/Smithfield Foods | Stewart-Haas Racing | Ford","Driver/Driver/Driver",13,15
"Racing",2022,"Panini","National Treasures","Three Wide Signatures Holo Silver","Bubba Wallace/Bubba Wallace/Bubba Wallace","DoorDash | 23XI Racing | Toyota/DoorDash | 23XI Racing | Toyota/DoorDash | 23XI Racing | Toyota","Driver/Driver/Driver",14,15
"Racing",2022,"Panini","National Treasures","Three Wide Signatures Holo Silver","Christopher Bell/Christopher Bell/Christopher Bell","Rheem | Joe Gibbs Racing | Toyota/Rheem | Joe Gibbs Racing | Toyota/Rheem | Joe Gibbs Racing | Toyota","Driver/Driver/Driver",15,25
"Racing",2022,"Panini","National Treasures","Three Wide Signatures Holo Silver","Kevin Harvick/Kevin Harvick/Kevin Harvick","Hunt Brothers Pizza | Stewart-Haas Racing | Ford/Hunt Brothers Pizza | Stewart-Haas Racing | Ford/Hunt Brothers Pizza | Stewart-Haas Racing | Ford","Driver/Driver/Driver",16,10
"Racing",2022,"Panini","National Treasures","Three Wide Signatures Holo Silver","Kyle Larson/Kyle Larson/Kyle Larson","NationsGuard | Hendrick Motorsports | Chevrolet/NationsGuard | Hendrick Motorsports | Chevrolet/NationsGuard | Hendrick Motorsports | Chevrolet","Driver/Driver/Driver",17,25
"Racing",2022,"Panini","National Treasures","Three Wide Signatures Holo Silver","Ryan Blaney/Ryan Blaney/Ryan Blaney","BodyArmor | Team Penske | Ford/BodyArmor | Team Penske | Ford/BodyArmor | Team Penske | Ford","Driver/Driver/Driver",18,15
"Racing",2022,"Panini","National Treasures","Three Wide Signatures Holo Silver","William Byron/William Byron/William Byron","AXALTA | Hendrick Motorsports | Chevrolet/AXALTA | Hendrick Motorsports | Chevrolet/AXALTA | Hendrick Motorsports | Chevrolet","Driver/Driver/Driver",19,4
"Racing",2022,"Panini","National Treasures","Three Wide Signatures Holo Silver","Chase Elliott/Chase Elliott/Chase Elliott","NAPA Auto Parts | Hendrick Motorsports | Chevrolet/NAPA Auto Parts | Hendrick Motorsports | Chevrolet/NAPA Auto Parts | Hendrick Motorsports | Chevrolet","Driver/Driver/Driver",20,7
"Racing",2022,"Panini","National Treasures","Trackside Signatures","Natalie Decker","NERD Focus | Our Motorsports | Chevrolet","Driver",1,25
"Racing",2022,"Panini","National Treasures","Trackside Signatures","Brittney Zamora","Rackley Roofing | Toyota","Driver",2,25
"Racing",2022,"Panini","National Treasures","Trackside Signatures","Hailie Deegan","Monster Energy | DGR-Crosley | Ford","Driver",3,49
"Racing",2022,"Panini","National Treasures","Trackside Signatures","Toni Breidinger","ARCA Menards","Driver",4,5
"Racing",2022,"Panini","National Treasures","Trackside Signatures","Jade Buford","Big Machine Racing","Driver",5,25
"Racing",2022,"Panini","National Treasures","Trackside Signatures","Sam Mayer","Accelerate | JR Motorsports | Chevrolet","Driver",6,75
"Racing",2022,"Panini","National Treasures","Trackside Signatures","Thad Moffitt","STP | Reaume Brothers Racing | Chevrolet","Driver",7,43
"Racing",2022,"Panini","National Treasures","Trackside Signatures","Tyler Ankrum","Liuna | HRE| Toyota","Driver",8,20
"Racing",2022,"Panini","National Treasures","Trackside Signatures","Ty Gibbs","Interstate Batteries | Joe Gibbs Racing | Toyota","Driver",9,99
"Racing",2022,"Panini","National Treasures","Trackside Signatures","Rusty Wallace","Miller Genuine Draft | Team Penske | Pontiac","Driver",10,5
"Racing",2022,"Panini","National Treasures","Trackside Signatures","Danica Patrick","Mobil 1 | Stewart-Haas Racing | Ford","Driver",11,53
"Racing",2022,"Panini","National Treasures","Trackside Signatures","Dale Earnhardt Jr","AXALTA | Hendrick Motorsports | Chevrolet","Driver",12,25
"Racing",2022,"Panini","National Treasures","Trackside Signatures","Mark Martin","Pfizer | Roush Racing | Ford","Driver",13,65
"Racing",2022,"Panini","National Treasures","Trackside Signatures","Bobby Allison","Miller High Life | DiGard | Buick","Driver",14,96
"Racing",2022,"Panini","National Treasures","Trackside Signatures","Bill Elliott","Coors | Harry Melling | Ford","Driver",15,99
"Racing",2022,"Panini","National Treasures","Trackside Signatures","Kasey Kahne","Dodge Dealers | Evernham Motorsports | Dodge","Driver",16,15
"Racing",2022,"Panini","National Treasures","Trackside Signatures","Ernie Irvan","M&M's | Ginn Racing | Pontiac","Driver",17,99
"Racing",2022,"Panini","National Treasures","Trackside Signatures","Jeff Burton","Exide Batteries | Roush Racing | Ford","Driver",18,99
"Racing",2022,"Panini","National Treasures","Trackside Signatures","Jamie McMurray","Cessna | Chip Ganassi Racing | Chevrolet","Driver",19,99
"Racing",2022,"Panini","National Treasures","Trackside Signatures","Greg Biffle","3M | Roush Fenway Racing | Ford","Driver",20,49
"Racing",2022,"Panini","National Treasures","Trackside Signatures Holo Gold","Natalie Decker","NERD Focus | Our Motorsports | Chevrolet","Driver",1,5
"Racing",2022,"Panini","National Treasures","Trackside Signatures Holo Gold","Brittney Zamora","Rackley Roofing | Toyota","Driver",2,10
"Racing",2022,"Panini","National Treasures","Trackside Signatures Holo Gold","Hailie Deegan","Monster Energy | DGR-Crosley | Ford","Driver",3,10
"Racing",2022,"Panini","National Treasures","Trackside Signatures Holo Gold","Toni Breidinger","ARCA Menards","Driver",4,2
"Racing",2022,"Panini","National Treasures","Trackside Signatures Holo Gold","Jade Buford","Big Machine Racing","Driver",5,10
"Racing",2022,"Panini","National Treasures","Trackside Signatures Holo Gold","Sam Mayer","Accelerate | JR Motorsports | Chevrolet","Driver",6,10
"Racing",2022,"Panini","National Treasures","Trackside Signatures Holo Gold","Thad Moffitt","STP | Reaume Brothers Racing | Chevrolet","Driver",7,10
"Racing",2022,"Panini","National Treasures","Trackside Signatures Holo Gold","Tyler Ankrum","Liuna | HRE| Toyota","Driver",8,10
"Racing",2022,"Panini","National Treasures","Trackside Signatures Holo Gold","Ty Gibbs","Interstate Batteries | Joe Gibbs Racing | Toyota","Driver",9,10
"Racing",2022,"Panini","National Treasures","Trackside Signatures Holo Gold","Rusty Wallace","Miller Genuine Draft | Team Penske | Pontiac","Driver",10,2
"Racing",2022,"Panini","National Treasures","Trackside Signatures Holo Gold","Danica Patrick","Mobil 1 | Stewart-Haas Racing | Ford","Driver",11,10
"Racing",2022,"Panini","National Treasures","Trackside Signatures Holo Gold","Dale Earnhardt Jr","AXALTA | Hendrick Motorsports | Chevrolet","Driver",12,3
"Racing",2022,"Panini","National Treasures","Trackside Signatures Holo Gold","Mark Martin","Pfizer | Roush Racing | Ford","Driver",13,10
"Racing",2022,"Panini","National Treasures","Trackside Signatures Holo Gold","Bobby Allison","Miller High Life | DiGard | Buick","Driver",14,10
"Racing",2022,"Panini","National Treasures","Trackside Signatures Holo Gold","Bill Elliott","Coors | Harry Melling | Ford","Driver",15,10
"Racing",2022,"Panini","National Treasures","Trackside Signatures Holo Gold","Kasey Kahne","Dodge Dealers | Evernham Motorsports | Dodge","Driver",16,5
"Racing",2022,"Panini","National Treasures","Trackside Signatures Holo Gold","Ernie Irvan","M&M's | Ginn Racing | Pontiac","Driver",17,10
"Racing",2022,"Panini","National Treasures","Trackside Signatures Holo Gold","Jeff Burton","Exide Batteries | Roush Racing | Ford","Driver",18,10
"Racing",2022,"Panini","National Treasures","Trackside Signatures Holo Gold","Jamie McMurray","Cessna | Chip Ganassi Racing | Chevrolet","Driver",19,10
"Racing",2022,"Panini","National Treasures","Trackside Signatures Holo Gold","Greg Biffle","3M | Roush Fenway Racing | Ford","Driver",20,10
"Racing",2022,"Panini","National Treasures","Trackside Signatures Holo Platinum Blue","Natalie Decker","NERD Focus | Our Motorsports | Chevrolet","Driver",1,1
"Racing",2022,"Panini","National Treasures","Trackside Signatures Holo Platinum Blue","Brittney Zamora","Rackley Roofing | Toyota","Driver",2,1
"Racing",2022,"Panini","National Treasures","Trackside Signatures Holo Platinum Blue","Hailie Deegan","Monster Energy | DGR-Crosley | Ford","Driver",3,1
"Racing",2022,"Panini","National Treasures","Trackside Signatures Holo Platinum Blue","Toni Breidinger","ARCA Menards","Driver",4,1
"Racing",2022,"Panini","National Treasures","Trackside Signatures Holo Platinum Blue","Jade Buford","Big Machine Racing","Driver",5,1
"Racing",2022,"Panini","National Treasures","Trackside Signatures Holo Platinum Blue","Sam Mayer","Accelerate | JR Motorsports | Chevrolet","Driver",6,1
"Racing",2022,"Panini","National Treasures","Trackside Signatures Holo Platinum Blue","Thad Moffitt","STP | Reaume Brothers Racing | Chevrolet","Driver",7,1
"Racing",2022,"Panini","National Treasures","Trackside Signatures Holo Platinum Blue","Tyler Ankrum","Liuna | HRE| Toyota","Driver",8,1
"Racing",2022,"Panini","National Treasures","Trackside Signatures Holo Platinum Blue","Ty Gibbs","Interstate Batteries | Joe Gibbs Racing | Toyota","Driver",9,1
"Racing",2022,"Panini","National Treasures","Trackside Signatures Holo Platinum Blue","Rusty Wallace","Miller Genuine Draft | Team Penske | Pontiac","Driver",10,1
"Racing",2022,"Panini","National Treasures","Trackside Signatures Holo Platinum Blue","Danica Patrick","Mobil 1 | Stewart-Haas Racing | Ford","Driver",11,1
"Racing",2022,"Panini","National Treasures","Trackside Signatures Holo Platinum Blue","Dale Earnhardt Jr","AXALTA | Hendrick Motorsports | Chevrolet","Driver",12,1
"Racing",2022,"Panini","National Treasures","Trackside Signatures Holo Platinum Blue","Mark Martin","Pfizer | Roush Racing | Ford","Driver",13,1
"Racing",2022,"Panini","National Treasures","Trackside Signatures Holo Platinum Blue","Bobby Allison","Miller High Life | DiGard | Buick","Driver",14,1
"Racing",2022,"Panini","National Treasures","Trackside Signatures Holo Platinum Blue","Bill Elliott","Coors | Harry Melling | Ford","Driver",15,1
"Racing",2022,"Panini","National Treasures","Trackside Signatures Holo Platinum Blue","Kasey Kahne","Dodge Dealers | Evernham Motorsports | Dodge","Driver",16,1
"Racing",2022,"Panini","National Treasures","Trackside Signatures Holo Platinum Blue","Ernie Irvan","M&M's | Ginn Racing | Pontiac","Driver",17,1
"Racing",2022,"Panini","National Treasures","Trackside Signatures Holo Platinum Blue","Jeff Burton","Exide Batteries | Roush Racing | Ford","Driver",18,1
"Racing",2022,"Panini","National Treasures","Trackside Signatures Holo Platinum Blue","Jamie McMurray","Cessna | Chip Ganassi Racing | Chevrolet","Driver",19,1
"Racing",2022,"Panini","National Treasures","Trackside Signatures Holo Platinum Blue","Greg Biffle","3M | Roush Fenway Racing | Ford","Driver",20,1
"Racing",2022,"Panini","National Treasures","Trackside Signatures Silver","Natalie Decker","NERD Focus | Our Motorsports | Chevrolet","Driver",1,10
"Racing",2022,"Panini","National Treasures","Trackside Signatures Silver","Brittney Zamora","Rackley Roofing | Toyota","Driver",2,15
"Racing",2022,"Panini","National Treasures","Trackside Signatures Silver","Hailie Deegan","Monster Energy | DGR-Crosley | Ford","Driver",3,25
"Racing",2022,"Panini","National Treasures","Trackside Signatures Silver","Toni Breidinger","ARCA Menards","Driver",4,3
"Racing",2022,"Panini","National Treasures","Trackside Signatures Silver","Jade Buford","Big Machine Racing","Driver",5,15
"Racing",2022,"Panini","National Treasures","Trackside Signatures Silver","Sam Mayer","Accelerate | JR Motorsports | Chevrolet","Driver",6,25
"Racing",2022,"Panini","National Treasures","Trackside Signatures Silver","Thad Moffitt","STP | Reaume Brothers Racing | Chevrolet","Driver",7,25
"Racing",2022,"Panini","National Treasures","Trackside Signatures Silver","Tyler Ankrum","Liuna | HRE| Toyota","Driver",8,15
"Racing",2022,"Panini","National Treasures","Trackside Signatures Silver","Ty Gibbs","Interstate Batteries | Joe Gibbs Racing | Toyota","Driver",9,25
"Racing",2022,"Panini","National Treasures","Trackside Signatures Silver","Rusty Wallace","Miller Genuine Draft | Team Penske | Pontiac","Driver",10,3
"Racing",2022,"Panini","National Treasures","Trackside Signatures Silver","Danica Patrick","Mobil 1 | Stewart-Haas Racing | Ford","Driver",11,25
"Racing",2022,"Panini","National Treasures","Trackside Signatures Silver","Dale Earnhardt Jr","AXALTA | Hendrick Motorsports | Chevrolet","Driver",12,8
"Racing",2022,"Panini","National Treasures","Trackside Signatures Silver","Mark Martin","Pfizer | Roush Racing | Ford","Driver",13,25
"Racing",2022,"Panini","National Treasures","Trackside Signatures Silver","Bobby Allison","Miller High Life | DiGard | Buick","Driver",14,25
"Racing",2022,"Panini","National Treasures","Trackside Signatures Silver","Bill Elliott","Coors | Harry Melling | Ford","Driver",15,49
"Racing",2022,"Panini","National Treasures","Trackside Signatures Silver","Kasey Kahne","Dodge Dealers | Evernham Motorsports | Dodge","Driver",16,10
"Racing",2022,"Panini","National Treasures","Trackside Signatures Silver","Ernie Irvan","M&M's | Ginn Racing | Pontiac","Driver",17,49
"Racing",2022,"Panini","National Treasures","Trackside Signatures Silver","Jeff Burton","Exide Batteries | Roush Racing | Ford","Driver",18,20
"Racing",2022,"Panini","National Treasures","Trackside Signatures Silver","Jamie McMurray","Cessna | Chip Ganassi Racing | Chevrolet","Driver",19,49
"Racing",2022,"Panini","National Treasures","Trackside Signatures Silver","Greg Biffle","3M | Roush Fenway Racing | Ford","Driver",20,25
"Racing",2022,"Panini","National Treasures","Trackside Swatches","Brandon Jones/Brandon Jones","Menards | Joe Gibbs Racing | Toyota/Menards | Joe Gibbs Racing | Toyota","Driver/Driver",1,99
"Racing",2022,"Panini","National Treasures","Trackside Swatches","Daniel Hemric/Daniel Hemric","Cirkul | Kaulig Racing | Chevrolet/Cirkul | Kaulig Racing | Chevrolet","Driver/Driver",2,99
"Racing",2022,"Panini","National Treasures","Trackside Swatches","Gray Gaulding/Gray Gaulding","Panini | Chevrolet/Panini | Chevrolet","Driver/Driver",3,99
"Racing",2022,"Panini","National Treasures","Trackside Swatches","Jeb Burton/Jeb Burton","State Water Heaters | JR Motorsports | Chevrolet/State Water Heaters | JR Motorsports | Chevrolet","Driver/Driver",4,99
"Racing",2022,"Panini","National Treasures","Trackside Swatches","John Hunter Nemechek/John Hunter Nemechek","Fire Alarm Services | Chip Ganassi Racing | Chevrolet/Fire Alarm Services | Chip Ganassi Racing | Chevrolet","Driver/Driver",5,99
"Racing",2022,"Panini","National Treasures","Trackside Swatches","Justin Allgaier/Justin Allgaier","Brandt | JR Motorsports | Chevrolet/Brandt | JR Motorsports | Chevrolet","Driver/Driver",6,99
"Racing",2022,"Panini","National Treasures","Trackside Swatches","Landon Cassill/Landon Cassill","Voyager | Kaulig Racing | Chevrolet/Voyager | Kaulig Racing | Chevrolet","Driver/Driver",7,99
"Racing",2022,"Panini","National Treasures","Trackside Swatches","Noah Gragson/Noah Gragson","Bass Pro Shops | JR Motorsports | Chevrolet/Bass Pro Shops | JR Motorsports | Chevrolet","Driver/Driver",8,99
"Racing",2022,"Panini","National Treasures","Trackside Swatches","Ty Dillon/Ty Dillon","Black Rifle Coffee | Petty GMS | Chevrolet/Black Rifle Coffee | Petty GMS | Chevrolet","Driver/Driver",9,99
"Racing",2022,"Panini","National Treasures","Trackside Swatches","Matt DiBenedetto/Matt DiBenedetto","Rackley Roofing | Rackley WAR | Chevrolet/Rackley Roofing | Rackley WAR | Chevrolet","Driver/Driver",10,99
"Racing",2022,"Panini","National Treasures","Trackside Swatches Green","Brandon Jones/Brandon Jones","Menards | Joe Gibbs Racing | Toyota/Menards | Joe Gibbs Racing | Toyota","Driver/Driver",1,5
"Racing",2022,"Panini","National Treasures","Trackside Swatches Green","Daniel Hemric/Daniel Hemric","Cirkul | Kaulig Racing | Chevrolet/Cirkul | Kaulig Racing | Chevrolet","Driver/Driver",2,5
"Racing",2022,"Panini","National Treasures","Trackside Swatches Green","Gray Gaulding/Gray Gaulding","Panini | Chevrolet/Panini | Chevrolet","Driver/Driver",3,5
"Racing",2022,"Panini","National Treasures","Trackside Swatches Green","Jeb Burton/Jeb Burton","State Water Heaters | JR Motorsports | Chevrolet/State Water Heaters | JR Motorsports | Chevrolet","Driver/Driver",4,5
"Racing",2022,"Panini","National Treasures","Trackside Swatches Green","John Hunter Nemechek/John Hunter Nemechek","Fire Alarm Services | Chip Ganassi Racing | Chevrolet/Fire Alarm Services | Chip Ganassi Racing | Chevrolet","Driver/Driver",5,5
"Racing",2022,"Panini","National Treasures","Trackside Swatches Green","Justin Allgaier/Justin Allgaier","Brandt | JR Motorsports | Chevrolet/Brandt | JR Motorsports | Chevrolet","Driver/Driver",6,5
"Racing",2022,"Panini","National Treasures","Trackside Swatches Green","Landon Cassill/Landon Cassill","Voyager | Kaulig Racing | Chevrolet/Voyager | Kaulig Racing | Chevrolet","Driver/Driver",7,5
"Racing",2022,"Panini","National Treasures","Trackside Swatches Green","Noah Gragson/Noah Gragson","Bass Pro Shops | JR Motorsports | Chevrolet/Bass Pro Shops | JR Motorsports | Chevrolet","Driver/Driver",8,5
"Racing",2022,"Panini","National Treasures","Trackside Swatches Green","Ty Dillon/Ty Dillon","Black Rifle Coffee | Petty GMS | Chevrolet/Black Rifle Coffee | Petty GMS | Chevrolet","Driver/Driver",9,5
"Racing",2022,"Panini","National Treasures","Trackside Swatches Green","Matt DiBenedetto/Matt DiBenedetto","Rackley Roofing | Rackley WAR | Chevrolet/Rackley Roofing | Rackley WAR | Chevrolet","Driver/Driver",10,5
"Racing",2022,"Panini","National Treasures","Trackside Swatches Holo Gold","Brandon Jones/Brandon Jones","Menards | Joe Gibbs Racing | Toyota/Menards | Joe Gibbs Racing | Toyota","Driver/Driver",1,10
"Racing",2022,"Panini","National Treasures","Trackside Swatches Holo Gold","Daniel Hemric/Daniel Hemric","Cirkul | Kaulig Racing | Chevrolet/Cirkul | Kaulig Racing | Chevrolet","Driver/Driver",2,10
"Racing",2022,"Panini","National Treasures","Trackside Swatches Holo Gold","Gray Gaulding/Gray Gaulding","Panini | Chevrolet/Panini | Chevrolet","Driver/Driver",3,10
"Racing",2022,"Panini","National Treasures","Trackside Swatches Holo Gold","Jeb Burton/Jeb Burton","State Water Heaters | JR Motorsports | Chevrolet/State Water Heaters | JR Motorsports | Chevrolet","Driver/Driver",4,10
"Racing",2022,"Panini","National Treasures","Trackside Swatches Holo Gold","John Hunter Nemechek/John Hunter Nemechek","Fire Alarm Services | Chip Ganassi Racing | Chevrolet/Fire Alarm Services | Chip Ganassi Racing | Chevrolet","Driver/Driver",5,10
"Racing",2022,"Panini","National Treasures","Trackside Swatches Holo Gold","Justin Allgaier/Justin Allgaier","Brandt | JR Motorsports | Chevrolet/Brandt | JR Motorsports | Chevrolet","Driver/Driver",6,10
"Racing",2022,"Panini","National Treasures","Trackside Swatches Holo Gold","Landon Cassill/Landon Cassill","Voyager | Kaulig Racing | Chevrolet/Voyager | Kaulig Racing | Chevrolet","Driver/Driver",7,10
"Racing",2022,"Panini","National Treasures","Trackside Swatches Holo Gold","Noah Gragson/Noah Gragson","Bass Pro Shops | JR Motorsports | Chevrolet/Bass Pro Shops | JR Motorsports | Chevrolet","Driver/Driver",8,10
"Racing",2022,"Panini","National Treasures","Trackside Swatches Holo Gold","Ty Dillon/Ty Dillon","Black Rifle Coffee | Petty GMS | Chevrolet/Black Rifle Coffee | Petty GMS | Chevrolet","Driver/Driver",9,10
"Racing",2022,"Panini","National Treasures","Trackside Swatches Holo Gold","Matt DiBenedetto/Matt DiBenedetto","Rackley Roofing | Rackley WAR | Chevrolet/Rackley Roofing | Rackley WAR | Chevrolet","Driver/Driver",10,10
"Racing",2022,"Panini","National Treasures","Trackside Swatches Holo Platinum Blue","Brandon Jones/Brandon Jones","Menards | Joe Gibbs Racing | Toyota/Menards | Joe Gibbs Racing | Toyota","Driver/Driver",1,1
"Racing",2022,"Panini","National Treasures","Trackside Swatches Holo Platinum Blue","Daniel Hemric/Daniel Hemric","Cirkul | Kaulig Racing | Chevrolet/Cirkul | Kaulig Racing | Chevrolet","Driver/Driver",2,1
"Racing",2022,"Panini","National Treasures","Trackside Swatches Holo Platinum Blue","Gray Gaulding/Gray Gaulding","Panini | Chevrolet/Panini | Chevrolet","Driver/Driver",3,1
"Racing",2022,"Panini","National Treasures","Trackside Swatches Holo Platinum Blue","Jeb Burton/Jeb Burton","State Water Heaters | JR Motorsports | Chevrolet/State Water Heaters | JR Motorsports | Chevrolet","Driver/Driver",4,1
"Racing",2022,"Panini","National Treasures","Trackside Swatches Holo Platinum Blue","John Hunter Nemechek/John Hunter Nemechek","Fire Alarm Services | Chip Ganassi Racing | Chevrolet/Fire Alarm Services | Chip Ganassi Racing | Chevrolet","Driver/Driver",5,1
"Racing",2022,"Panini","National Treasures","Trackside Swatches Holo Platinum Blue","Justin Allgaier/Justin Allgaier","Brandt | JR Motorsports | Chevrolet/Brandt | JR Motorsports | Chevrolet","Driver/Driver",6,1
"Racing",2022,"Panini","National Treasures","Trackside Swatches Holo Platinum Blue","Landon Cassill/Landon Cassill","Voyager | Kaulig Racing | Chevrolet/Voyager | Kaulig Racing | Chevrolet","Driver/Driver",7,1
"Racing",2022,"Panini","National Treasures","Trackside Swatches Holo Platinum Blue","Noah Gragson/Noah Gragson","Bass Pro Shops | JR Motorsports | Chevrolet/Bass Pro Shops | JR Motorsports | Chevrolet","Driver/Driver",8,1
"Racing",2022,"Panini","National Treasures","Trackside Swatches Holo Platinum Blue","Ty Dillon/Ty Dillon","Black Rifle Coffee | Petty GMS | Chevrolet/Black Rifle Coffee | Petty GMS | Chevrolet","Driver/Driver",9,1
"Racing",2022,"Panini","National Treasures","Trackside Swatches Holo Platinum Blue","Matt DiBenedetto/Matt DiBenedetto","Rackley Roofing | Rackley WAR | Chevrolet/Rackley Roofing | Rackley WAR | Chevrolet","Driver/Driver",10,1
"Racing",2022,"Panini","National Treasures","Trackside Swatches Holo Silver","Brandon Jones/Brandon Jones","Menards | Joe Gibbs Racing | Toyota/Menards | Joe Gibbs Racing | Toyota","Driver/Driver",1,25
"Racing",2022,"Panini","National Treasures","Trackside Swatches Holo Silver","Daniel Hemric/Daniel Hemric","Cirkul | Kaulig Racing | Chevrolet/Cirkul | Kaulig Racing | Chevrolet","Driver/Driver",2,25
"Racing",2022,"Panini","National Treasures","Trackside Swatches Holo Silver","Gray Gaulding/Gray Gaulding","Panini | Chevrolet/Panini | Chevrolet","Driver/Driver",3,25
"Racing",2022,"Panini","National Treasures","Trackside Swatches Holo Silver","Jeb Burton/Jeb Burton","State Water Heaters | JR Motorsports | Chevrolet/State Water Heaters | JR Motorsports | Chevrolet","Driver/Driver",4,25
"Racing",2022,"Panini","National Treasures","Trackside Swatches Holo Silver","John Hunter Nemechek/John Hunter Nemechek","Fire Alarm Services | Chip Ganassi Racing | Chevrolet/Fire Alarm Services | Chip Ganassi Racing | Chevrolet","Driver/Driver",5,25
"Racing",2022,"Panini","National Treasures","Trackside Swatches Holo Silver","Justin Allgaier/Justin Allgaier","Brandt | JR Motorsports | Chevrolet/Brandt | JR Motorsports | Chevrolet","Driver/Driver",6,25
"Racing",2022,"Panini","National Treasures","Trackside Swatches Holo Silver","Landon Cassill/Landon Cassill","Voyager | Kaulig Racing | Chevrolet/Voyager | Kaulig Racing | Chevrolet","Driver/Driver",7,25
"Racing",2022,"Panini","National Treasures","Trackside Swatches Holo Silver","Noah Gragson/Noah Gragson","Bass Pro Shops | JR Motorsports | Chevrolet/Bass Pro Shops | JR Motorsports | Chevrolet","Driver/Driver",8,25
"Racing",2022,"Panini","National Treasures","Trackside Swatches Holo Silver","Ty Dillon/Ty Dillon","Black Rifle Coffee | Petty GMS | Chevrolet/Black Rifle Coffee | Petty GMS | Chevrolet","Driver/Driver",9,25
"Racing",2022,"Panini","National Treasures","Trackside Swatches Holo Silver","Matt DiBenedetto/Matt DiBenedetto","Rackley Roofing | Rackley WAR | Chevrolet/Rackley Roofing | Rackley WAR | Chevrolet","Driver/Driver",10,25
"Racing",2022,"Panini","National Treasures","Treasured Debuts","Terry Labonte","Stratagraph ","Driver",1,32
"Racing",2022,"Panini","National Treasures","Treasured Debuts","Toni Breidinger","ARCA Menards","Driver",2,10
"Racing",2022,"Panini","National Treasures","Treasured Debuts","Daniel Dye","ARCA Menards East Series","Driver",3,15
"Racing",2022,"Panini","National Treasures","Treasured Debuts","Natalie Decker","NERD Focus | Our Motorsports | Chevrolet","Driver",4,25
"Racing",2022,"Panini","National Treasures","Treasured Debuts","Hailie Deegan","Monster Energy | DGR-Crosley | Ford","Driver",6,25
"Racing",2022,"Panini","National Treasures","Treasured Debuts","Mark Martin","Folgers | Roush Racing | Ford","Driver",7,49
"Racing",2022,"Panini","National Treasures","Treasured Debuts","Richard Petty","STP | Petty Enterprises | Plymouth","Driver",8,15
"Racing",2022,"Panini","National Treasures","Treasured Debuts","Dale Earnhardt Jr","AXALTA | Hendrick Motorsports | Chevrolet","Driver",9,20
"Racing",2022,"Panini","National Treasures","Treasured Debuts","Jimmie Johnson","Lowe's | Hendrick Motorsports | Chevrolet","Driver",10,25
"Racing",2022,"Panini","National Treasures","Treasured Debuts Holo Gold","Terry Labonte","Stratagraph ","Driver",1,10
"Racing",2022,"Panini","National Treasures","Treasured Debuts Holo Gold","Toni Breidinger","ARCA Menards","Driver",2,3
"Racing",2022,"Panini","National Treasures","Treasured Debuts Holo Gold","Daniel Dye","ARCA Menards East Series","Driver",3,5
"Racing",2022,"Panini","National Treasures","Treasured Debuts Holo Gold","Natalie Decker","NERD Focus | Our Motorsports | Chevrolet","Driver",4,10
"Racing",2022,"Panini","National Treasures","Treasured Debuts Holo Gold","Jeff Gordon","DuPont | Hendrick Motorsports | Chevrolet","Driver",5,2
"Racing",2022,"Panini","National Treasures","Treasured Debuts Holo Gold","Hailie Deegan","Monster Energy | DGR-Crosley | Ford","Driver",6,5
"Racing",2022,"Panini","National Treasures","Treasured Debuts Holo Gold","Mark Martin","Folgers | Roush Racing | Ford","Driver",7,10
"Racing",2022,"Panini","National Treasures","Treasured Debuts Holo Gold","Richard Petty","STP | Petty Enterprises | Plymouth","Driver",8,5
"Racing",2022,"Panini","National Treasures","Treasured Debuts Holo Gold","Dale Earnhardt Jr","AXALTA | Hendrick Motorsports | Chevrolet","Driver",9,5
"Racing",2022,"Panini","National Treasures","Treasured Debuts Holo Gold","Jimmie Johnson","Lowe's | Hendrick Motorsports | Chevrolet","Driver",10,5
"Racing",2022,"Panini","National Treasures","Treasured Debuts Holo Platinum Blue","Terry Labonte","Stratagraph ","Driver",1,1
"Racing",2022,"Panini","National Treasures","Treasured Debuts Holo Platinum Blue","Toni Breidinger","ARCA Menards","Driver",2,1
"Racing",2022,"Panini","National Treasures","Treasured Debuts Holo Platinum Blue","Daniel Dye","ARCA Menards East Series","Driver",3,1
"Racing",2022,"Panini","National Treasures","Treasured Debuts Holo Platinum Blue","Natalie Decker","NERD Focus | Our Motorsports | Chevrolet","Driver",4,1
"Racing",2022,"Panini","National Treasures","Treasured Debuts Holo Platinum Blue","Jeff Gordon","DuPont | Hendrick Motorsports | Chevrolet","Driver",5,1
"Racing",2022,"Panini","National Treasures","Treasured Debuts Holo Platinum Blue","Hailie Deegan","Monster Energy | DGR-Crosley | Ford","Driver",6,1
"Racing",2022,"Panini","National Treasures","Treasured Debuts Holo Platinum Blue","Mark Martin","Folgers | Roush Racing | Ford","Driver",7,1
"Racing",2022,"Panini","National Treasures","Treasured Debuts Holo Platinum Blue","Richard Petty","STP | Petty Enterprises | Plymouth","Driver",8,1
"Racing",2022,"Panini","National Treasures","Treasured Debuts Holo Platinum Blue","Dale Earnhardt Jr","AXALTA | Hendrick Motorsports | Chevrolet","Driver",9,1
"Racing",2022,"Panini","National Treasures","Treasured Debuts Holo Platinum Blue","Jimmie Johnson","Lowe's | Hendrick Motorsports | Chevrolet","Driver",10,1
"Racing",2022,"Panini","National Treasures","Treasured Debuts Holo Silver","Terry Labonte","Stratagraph ","Driver",1,20
"Racing",2022,"Panini","National Treasures","Treasured Debuts Holo Silver","Toni Breidinger","ARCA Menards","Driver",2,5
"Racing",2022,"Panini","National Treasures","Treasured Debuts Holo Silver","Daniel Dye","ARCA Menards East Series","Driver",3,10
"Racing",2022,"Panini","National Treasures","Treasured Debuts Holo Silver","Natalie Decker","NERD Focus | Our Motorsports | Chevrolet","Driver",4,15
"Racing",2022,"Panini","National Treasures","Treasured Debuts Holo Silver","Hailie Deegan","Monster Energy | DGR-Crosley | Ford","Driver",6,10
"Racing",2022,"Panini","National Treasures","Treasured Debuts Holo Silver","Mark Martin","Folgers | Roush Racing | Ford","Driver",7,25
"Racing",2022,"Panini","National Treasures","Treasured Debuts Holo Silver","Richard Petty","STP | Petty Enterprises | Plymouth","Driver",8,10
"Racing",2022,"Panini","National Treasures","Treasured Debuts Holo Silver","Dale Earnhardt Jr","AXALTA | Hendrick Motorsports | Chevrolet","Driver",9,10
"Racing",2022,"Panini","National Treasures","Treasured Debuts Holo Silver","Jimmie Johnson","Lowe's | Hendrick Motorsports | Chevrolet","Driver",10,10
"Racing",2022,"Panini","National Treasures","Triple Race Used Firesuits","Jimmie Johnson/Jimmie Johnson/Jimmie Johnson","Ally Financial | Hendrick Motorsports | Chevrolet/Ally Financial | Hendrick Motorsports | Chevrolet/Ally Financial | Hendrick Motorsports | Chevrolet","Driver/Driver/Driver",1,49
"Racing",2022,"Panini","National Treasures","Triple Race Used Firesuits","Kyle Busch/Kyle Busch/Kyle Busch","M&M's | Joe Gibbs Racing | Toyota/M&M's | Joe Gibbs Racing | Toyota/M&M's | Joe Gibbs Racing | Toyota","Driver/Driver/Driver",2,49
"Racing",2022,"Panini","National Treasures","Triple Race Used Firesuits","Bubba Wallace/Bubba Wallace/Bubba Wallace","McDonald's | 23XI Racing | Toyota/McDonald's | 23XI Racing | Toyota/McDonald's | 23XI Racing | Toyota","Driver/Driver/Driver",5,49
"Racing",2022,"Panini","National Treasures","Triple Race Used Firesuits","Alex Bowman/Alex Bowman/Alex Bowman","Ally Financial | Hendrick Motorsports | Chevrolet/Ally Financial | Hendrick Motorsports | Chevrolet/Ally Financial | Hendrick Motorsports | Chevrolet","Driver/Driver/Driver",6,49
"Racing",2022,"Panini","National Treasures","Triple Race Used Firesuits","Kurt Busch/Kurt Busch/Kurt Busch","Monster | 23XI Racing | Toyota/Monster | 23XI Racing | Toyota/Monster | 23XI Racing | Toyota","Driver/Driver/Driver",7,49
"Racing",2022,"Panini","National Treasures","Triple Race Used Firesuits","Martin Truex Jr./Martin Truex Jr./Martin Truex Jr.","Bass Pro Shops | Joe Gibbs Racing | Toyota/Bass Pro Shops | Joe Gibbs Racing | Toyota/Bass Pro Shops | Joe Gibbs Racing | Toyota","Driver/Driver/Driver",12,15
"Racing",2022,"Panini","National Treasures","Triple Race Used Firesuits","Joey Logano/Joey Logano/Joey Logano","Shell-Pennzoil | Team Penske | Ford/Shell-Pennzoil | Team Penske | Ford/Shell-Pennzoil | Team Penske | Ford","Driver/Driver/Driver",14,22
"Racing",2022,"Panini","National Treasures","Triple Race Used Firesuits","Chase Elliott/Chase Elliott/Chase Elliott","NAPA Auto Parts | Hendrick Motorsports | Chevrolet/NAPA Auto Parts | Hendrick Motorsports | Chevrolet/NAPA Auto Parts | Hendrick Motorsports | Chevrolet","Driver/Driver/Driver",16,49
"Racing",2022,"Panini","National Treasures","Triple Race Used Firesuits","Brad Keselowski/Brad Keselowski/Brad Keselowski","Kohler | RFK Racing | Ford/Kohler | RFK Racing | Ford/Kohler | RFK Racing | Ford","Driver/Driver/Driver",18,15
"Racing",2022,"Panini","National Treasures","Triple Race Used Firesuits Laundry Tags","Jimmie Johnson/Jimmie Johnson/Jimmie Johnson","Ally Financial | Hendrick Motorsports | Chevrolet/Ally Financial | Hendrick Motorsports | Chevrolet/Ally Financial | Hendrick Motorsports | Chevrolet","Driver/Driver/Driver",1,1
"Racing",2022,"Panini","National Treasures","Triple Race Used Firesuits Laundry Tags","Dale Earnhardt Jr/Dale Earnhardt Jr/Dale Earnhardt Jr","Nationwide | Hendrick Motorsports | Chevrolet/Nationwide | Hendrick Motorsports | Chevrolet/Nationwide | Hendrick Motorsports | Chevrolet","Driver/Driver/Driver",4,1
"Racing",2022,"Panini","National Treasures","Triple Race Used Firesuits Laundry Tags","Bubba Wallace/Bubba Wallace/Bubba Wallace","McDonald's | 23XI Racing | Toyota/McDonald's | 23XI Racing | Toyota/McDonald's | 23XI Racing | Toyota","Driver/Driver/Driver",5,1
"Racing",2022,"Panini","National Treasures","Triple Race Used Firesuits Laundry Tags","Alex Bowman/Alex Bowman/Alex Bowman","Ally Financial | Hendrick Motorsports | Chevrolet/Ally Financial | Hendrick Motorsports | Chevrolet/Ally Financial | Hendrick Motorsports | Chevrolet","Driver/Driver/Driver",6,1
"Racing",2022,"Panini","National Treasures","Triple Race Used Firesuits Laundry Tags","Kurt Busch/Kurt Busch/Kurt Busch","Monster | 23XI Racing | Toyota/Monster | 23XI Racing | Toyota/Monster | 23XI Racing | Toyota","Driver/Driver/Driver",7,1
"Racing",2022,"Panini","National Treasures","Triple Race Used Firesuits Laundry Tags","William Byron/William Byron/William Byron","AXALTA | Hendrick Motorsports | Chevrolet/AXALTA | Hendrick Motorsports | Chevrolet/AXALTA | Hendrick Motorsports | Chevrolet","Driver/Driver/Driver",8,1
"Racing",2022,"Panini","National Treasures","Triple Race Used Firesuits Laundry Tags","Ross Chastain/Ross Chastain/Ross Chastain","AdventHealth | Trackhouse Racing | Chevrolet/AdventHealth | Trackhouse Racing | Chevrolet/AdventHealth | Trackhouse Racing | Chevrolet","Driver/Driver/Driver",11,1
"Racing",2022,"Panini","National Treasures","Triple Race Used Firesuits Laundry Tags","Martin Truex Jr./Martin Truex Jr./Martin Truex Jr.","Bass Pro Shops | Joe Gibbs Racing | Toyota/Bass Pro Shops | Joe Gibbs Racing | Toyota/Bass Pro Shops | Joe Gibbs Racing | Toyota","Driver/Driver/Driver",12,1
"Racing",2022,"Panini","National Treasures","Triple Race Used Firesuits Laundry Tags","Kevin Harvick/Kevin Harvick/Kevin Harvick","GearWrench | Stewart-Haas Racing | Ford/GearWrench | Stewart-Haas Racing | Ford/GearWrench | Stewart-Haas Racing | Ford","Driver/Driver/Driver",13,1
"Racing",2022,"Panini","National Treasures","Triple Race Used Firesuits Laundry Tags","Joey Logano/Joey Logano/Joey Logano","Shell-Pennzoil | Team Penske | Ford/Shell-Pennzoil | Team Penske | Ford/Shell-Pennzoil | Team Penske | Ford","Driver/Driver/Driver",14,1
"Racing",2022,"Panini","National Treasures","Triple Race Used Firesuits Laundry Tags","Chase Elliott/Chase Elliott/Chase Elliott","NAPA Auto Parts | Hendrick Motorsports | Chevrolet/NAPA Auto Parts | Hendrick Motorsports | Chevrolet/NAPA Auto Parts | Hendrick Motorsports | Chevrolet","Driver/Driver/Driver",16,1
"Racing",2022,"Panini","National Treasures","Triple Race Used Firesuits Laundry Tags","Brad Keselowski/Brad Keselowski/Brad Keselowski","Kohler | RFK Racing | Ford/Kohler | RFK Racing | Ford/Kohler | RFK Racing | Ford","Driver/Driver/Driver",18,1
"Racing",2022,"Panini","National Treasures","Triple Race Used Firesuits Prime","Jimmie Johnson/Jimmie Johnson/Jimmie Johnson","Ally Financial | Hendrick Motorsports | Chevrolet/Ally Financial | Hendrick Motorsports | Chevrolet/Ally Financial | Hendrick Motorsports | Chevrolet","Driver/Driver/Driver",1,10
"Racing",2022,"Panini","National Treasures","Triple Race Used Firesuits Prime","Kyle Busch/Kyle Busch/Kyle Busch","M&M's | Joe Gibbs Racing | Toyota/M&M's | Joe Gibbs Racing | Toyota/M&M's | Joe Gibbs Racing | Toyota","Driver/Driver/Driver",2,10
"Racing",2022,"Panini","National Treasures","Triple Race Used Firesuits Prime","Alex Bowman/Alex Bowman/Alex Bowman","Ally Financial | Hendrick Motorsports | Chevrolet/Ally Financial | Hendrick Motorsports | Chevrolet/Ally Financial | Hendrick Motorsports | Chevrolet","Driver/Driver/Driver",6,10
"Racing",2022,"Panini","National Treasures","Triple Race Used Firesuits Prime","William Byron/William Byron/William Byron","AXALTA | Hendrick Motorsports | Chevrolet/AXALTA | Hendrick Motorsports | Chevrolet/AXALTA | Hendrick Motorsports | Chevrolet","Driver/Driver/Driver",8,9
"Racing",2022,"Panini","National Treasures","Triple Race Used Firesuits Prime","Ross Chastain/Ross Chastain/Ross Chastain","AdventHealth | Trackhouse Racing | Chevrolet/AdventHealth | Trackhouse Racing | Chevrolet/AdventHealth | Trackhouse Racing | Chevrolet","Driver/Driver/Driver",11,5
"Racing",2022,"Panini","National Treasures","Triple Race Used Firesuits Prime","Martin Truex Jr./Martin Truex Jr./Martin Truex Jr.","Bass Pro Shops | Joe Gibbs Racing | Toyota/Bass Pro Shops | Joe Gibbs Racing | Toyota/Bass Pro Shops | Joe Gibbs Racing | Toyota","Driver/Driver/Driver",12,10
"Racing",2022,"Panini","National Treasures","Triple Race Used Firesuits Prime","Joey Logano/Joey Logano/Joey Logano","Shell-Pennzoil | Team Penske | Ford/Shell-Pennzoil | Team Penske | Ford/Shell-Pennzoil | Team Penske | Ford","Driver/Driver/Driver",14,10
"Racing",2022,"Panini","National Treasures","Triple Race Used Firesuits Prime","Chase Elliott/Chase Elliott/Chase Elliott","NAPA Auto Parts | Hendrick Motorsports | Chevrolet/NAPA Auto Parts | Hendrick Motorsports | Chevrolet/NAPA Auto Parts | Hendrick Motorsports | Chevrolet","Driver/Driver/Driver",16,10
"Racing",2022,"Panini","National Treasures","Triple Race Used Firesuits Prime","Brad Keselowski/Brad Keselowski/Brad Keselowski","Kohler | RFK Racing | Ford/Kohler | RFK Racing | Ford/Kohler | RFK Racing | Ford","Driver/Driver/Driver",18,10
"Racing",2022,"Panini","National Treasures","Triple Race Used Gloves","Jimmie Johnson/Jimmie Johnson/Jimmie Johnson","Ally Financial | Hendrick Motorsports | Chevrolet/Ally Financial | Hendrick Motorsports | Chevrolet/Ally Financial | Hendrick Motorsports | Chevrolet","Driver/Driver/Driver",1,25
"Racing",2022,"Panini","National Treasures","Triple Race Used Gloves","Kyle Busch/Kyle Busch/Kyle Busch","M&M's | Joe Gibbs Racing | Toyota/M&M's | Joe Gibbs Racing | Toyota/M&M's | Joe Gibbs Racing | Toyota","Driver/Driver/Driver",2,1
"Racing",2022,"Panini","National Treasures","Triple Race Used Gloves","Dale Earnhardt Jr/Dale Earnhardt Jr/Dale Earnhardt Jr","Nationwide | Hendrick Motorsports | Chevrolet/Nationwide | Hendrick Motorsports | Chevrolet/Nationwide | Hendrick Motorsports | Chevrolet","Driver/Driver/Driver",4,4
"Racing",2022,"Panini","National Treasures","Triple Race Used Gloves","Kurt Busch/Kurt Busch/Kurt Busch","Monster | 23XI Racing | Toyota/Monster | 23XI Racing | Toyota/Monster | 23XI Racing | Toyota","Driver/Driver/Driver",7,5
"Racing",2022,"Panini","National Treasures","Triple Race Used Gloves","Tyler Reddick/Tyler Reddick/Tyler Reddick","3CHI | Richard Childress Racing | Chevrolet/3CHI | Richard Childress Racing | Chevrolet/3CHI | Richard Childress Racing | Chevrolet","Driver/Driver/Driver",9,1
"Racing",2022,"Panini","National Treasures","Triple Race Used Gloves","Ross Chastain/Ross Chastain/Ross Chastain","AdventHealth | Trackhouse Racing | Chevrolet/AdventHealth | Trackhouse Racing | Chevrolet/AdventHealth | Trackhouse Racing | Chevrolet","Driver/Driver/Driver",11,1
"Racing",2022,"Panini","National Treasures","Triple Race Used Gloves","Martin Truex Jr./Martin Truex Jr./Martin Truex Jr.","Bass Pro Shops | Joe Gibbs Racing | Toyota/Bass Pro Shops | Joe Gibbs Racing | Toyota/Bass Pro Shops | Joe Gibbs Racing | Toyota","Driver/Driver/Driver",12,1
"Racing",2022,"Panini","National Treasures","Triple Race Used Gloves","Chase Elliott/Chase Elliott/Chase Elliott","NAPA Auto Parts | Hendrick Motorsports | Chevrolet/NAPA Auto Parts | Hendrick Motorsports | Chevrolet/NAPA Auto Parts | Hendrick Motorsports | Chevrolet","Driver/Driver/Driver",16,1
"Racing",2022,"Panini","National Treasures","Triple Race Used Gloves","Brad Keselowski/Brad Keselowski/Brad Keselowski","Kohler | RFK Racing | Ford/Kohler | RFK Racing | Ford/Kohler | RFK Racing | Ford","Driver/Driver/Driver",18,1
"Racing",2022,"Panini","National Treasures","Triple Race Used Sheet Metal","Jimmie Johnson/Jimmie Johnson/Jimmie Johnson","Ally Financial | Hendrick Motorsports | Chevrolet/Ally Financial | Hendrick Motorsports | Chevrolet/Ally Financial | Hendrick Motorsports | Chevrolet","Driver/Driver/Driver",1,49
"Racing",2022,"Panini","National Treasures","Triple Race Used Sheet Metal","Kyle Busch/Kyle Busch/Kyle Busch","M&M's | Joe Gibbs Racing | Toyota/M&M's | Joe Gibbs Racing | Toyota/M&M's | Joe Gibbs Racing | Toyota","Driver/Driver/Driver",2,49
"Racing",2022,"Panini","National Treasures","Triple Race Used Sheet Metal","Bubba Wallace/Bubba Wallace/Bubba Wallace","McDonald's | 23XI Racing | Toyota/McDonald's | 23XI Racing | Toyota/McDonald's | 23XI Racing | Toyota","Driver/Driver/Driver",5,49
"Racing",2022,"Panini","National Treasures","Triple Race Used Sheet Metal","Alex Bowman/Alex Bowman/Alex Bowman","Ally Financial | Hendrick Motorsports | Chevrolet/Ally Financial | Hendrick Motorsports | Chevrolet/Ally Financial | Hendrick Motorsports | Chevrolet","Driver/Driver/Driver",6,15
"Racing",2022,"Panini","National Treasures","Triple Race Used Sheet Metal","William Byron/William Byron/William Byron","AXALTA | Hendrick Motorsports | Chevrolet/AXALTA | Hendrick Motorsports | Chevrolet/AXALTA | Hendrick Motorsports | Chevrolet","Driver/Driver/Driver",8,10
"Racing",2022,"Panini","National Treasures","Triple Race Used Sheet Metal","Martin Truex Jr./Martin Truex Jr./Martin Truex Jr.","Bass Pro Shops | Joe Gibbs Racing | Toyota/Bass Pro Shops | Joe Gibbs Racing | Toyota/Bass Pro Shops | Joe Gibbs Racing | Toyota","Driver/Driver/Driver",12,19
"Racing",2022,"Panini","National Treasures","Triple Race Used Sheet Metal","Chase Elliott/Chase Elliott/Chase Elliott","NAPA Auto Parts | Hendrick Motorsports | Chevrolet/NAPA Auto Parts | Hendrick Motorsports | Chevrolet/NAPA Auto Parts | Hendrick Motorsports | Chevrolet","Driver/Driver/Driver",16,49
"Racing",2022,"Panini","National Treasures","Triple Race Used Sheet Metal Platinum Blue","Jimmie Johnson/Jimmie Johnson/Jimmie Johnson","Ally Financial | Hendrick Motorsports | Chevrolet/Ally Financial | Hendrick Motorsports | Chevrolet/Ally Financial | Hendrick Motorsports | Chevrolet","Driver/Driver/Driver",1,1
"Racing",2022,"Panini","National Treasures","Triple Race Used Sheet Metal Platinum Blue","Kyle Busch/Kyle Busch/Kyle Busch","M&M's | Joe Gibbs Racing | Toyota/M&M's | Joe Gibbs Racing | Toyota/M&M's | Joe Gibbs Racing | Toyota","Driver/Driver/Driver",2,1
"Racing",2022,"Panini","National Treasures","Triple Race Used Sheet Metal Platinum Blue","Bubba Wallace/Bubba Wallace/Bubba Wallace","McDonald's | 23XI Racing | Toyota/McDonald's | 23XI Racing | Toyota/McDonald's | 23XI Racing | Toyota","Driver/Driver/Driver",5,1
"Racing",2022,"Panini","National Treasures","Triple Race Used Sheet Metal Platinum Blue","Alex Bowman/Alex Bowman/Alex Bowman","Ally Financial | Hendrick Motorsports | Chevrolet/Ally Financial | Hendrick Motorsports | Chevrolet/Ally Financial | Hendrick Motorsports | Chevrolet","Driver/Driver/Driver",6,1
"Racing",2022,"Panini","National Treasures","Triple Race Used Sheet Metal Platinum Blue","Kurt Busch/Kurt Busch/Kurt Busch","Monster | 23XI Racing | Toyota/Monster | 23XI Racing | Toyota/Monster | 23XI Racing | Toyota","Driver/Driver/Driver",7,1
"Racing",2022,"Panini","National Treasures","Triple Race Used Sheet Metal Platinum Blue","William Byron/William Byron/William Byron","AXALTA | Hendrick Motorsports | Chevrolet/AXALTA | Hendrick Motorsports | Chevrolet/AXALTA | Hendrick Motorsports | Chevrolet","Driver/Driver/Driver",8,1
"Racing",2022,"Panini","National Treasures","Triple Race Used Sheet Metal Platinum Blue","Tyler Reddick/Tyler Reddick/Tyler Reddick","3CHI | Richard Childress Racing | Chevrolet/3CHI | Richard Childress Racing | Chevrolet/3CHI | Richard Childress Racing | Chevrolet","Driver/Driver/Driver",9,1
"Racing",2022,"Panini","National Treasures","Triple Race Used Sheet Metal Platinum Blue","Ross Chastain/Ross Chastain/Ross Chastain","AdventHealth | Trackhouse Racing | Chevrolet/AdventHealth | Trackhouse Racing | Chevrolet/AdventHealth | Trackhouse Racing | Chevrolet","Driver/Driver/Driver",11,1
"Racing",2022,"Panini","National Treasures","Triple Race Used Sheet Metal Platinum Blue","Martin Truex Jr./Martin Truex Jr./Martin Truex Jr.","Bass Pro Shops | Joe Gibbs Racing | Toyota/Bass Pro Shops | Joe Gibbs Racing | Toyota/Bass Pro Shops | Joe Gibbs Racing | Toyota","Driver/Driver/Driver",12,1
"Racing",2022,"Panini","National Treasures","Triple Race Used Sheet Metal Platinum Blue","Joey Logano/Joey Logano/Joey Logano","Shell-Pennzoil | Team Penske | Ford/Shell-Pennzoil | Team Penske | Ford/Shell-Pennzoil | Team Penske | Ford","Driver/Driver/Driver",14,1
"Racing",2022,"Panini","National Treasures","Triple Race Used Sheet Metal Platinum Blue","Chase Elliott/Chase Elliott/Chase Elliott","NAPA Auto Parts | Hendrick Motorsports | Chevrolet/NAPA Auto Parts | Hendrick Motorsports | Chevrolet/NAPA Auto Parts | Hendrick Motorsports | Chevrolet","Driver/Driver/Driver",16,1
"Racing",2022,"Panini","National Treasures","Triple Race Used Sheet Metal Platinum Blue","Brad Keselowski/Brad Keselowski/Brad Keselowski","Kohler | RFK Racing | Ford/Kohler | RFK Racing | Ford/Kohler | RFK Racing | Ford","Driver/Driver/Driver",18,1
"Racing",2022,"Panini","National Treasures","Triple Race Used Shoes","Jimmie Johnson/Jimmie Johnson/Jimmie Johnson","Ally Financial | Hendrick Motorsports | Chevrolet/Ally Financial | Hendrick Motorsports | Chevrolet/Ally Financial | Hendrick Motorsports | Chevrolet","Driver/Driver/Driver",1,10
"Racing",2022,"Panini","National Treasures","Triple Race Used Shoes","Kyle Busch/Kyle Busch/Kyle Busch","M&M's | Joe Gibbs Racing | Toyota/M&M's | Joe Gibbs Racing | Toyota/M&M's | Joe Gibbs Racing | Toyota","Driver/Driver/Driver",2,1
"Racing",2022,"Panini","National Treasures","Triple Race Used Shoes","Dale Earnhardt Jr/Dale Earnhardt Jr/Dale Earnhardt Jr","Nationwide | Hendrick Motorsports | Chevrolet/Nationwide | Hendrick Motorsports | Chevrolet/Nationwide | Hendrick Motorsports | Chevrolet","Driver/Driver/Driver",4,3
"Racing",2022,"Panini","National Treasures","Triple Race Used Shoes","Tyler Reddick/Tyler Reddick/Tyler Reddick","3CHI | Richard Childress Racing | Chevrolet/3CHI | Richard Childress Racing | Chevrolet/3CHI | Richard Childress Racing | Chevrolet","Driver/Driver/Driver",9,1
"Racing",2022,"Panini","National Treasures","Triple Race Used Shoes","Ross Chastain/Ross Chastain/Ross Chastain","AdventHealth | Trackhouse Racing | Chevrolet/AdventHealth | Trackhouse Racing | Chevrolet/AdventHealth | Trackhouse Racing | Chevrolet","Driver/Driver/Driver",11,1
"Racing",2022,"Panini","National Treasures","Triple Race Used Shoes","Chase Elliott/Chase Elliott/Chase Elliott","NAPA Auto Parts | Hendrick Motorsports | Chevrolet/NAPA Auto Parts | Hendrick Motorsports | Chevrolet/NAPA Auto Parts | Hendrick Motorsports | Chevrolet","Driver/Driver/Driver",16,1
"Racing",2022,"Panini","National Treasures","Triple Race Used Tires","Jimmie Johnson/Jimmie Johnson/Jimmie Johnson","Ally Financial | Hendrick Motorsports | Chevrolet/Ally Financial | Hendrick Motorsports | Chevrolet/Ally Financial | Hendrick Motorsports | Chevrolet","Driver/Driver/Driver",1,49
"Racing",2022,"Panini","National Treasures","Triple Race Used Tires","Kyle Busch/Kyle Busch/Kyle Busch","M&M's | Joe Gibbs Racing | Toyota/M&M's | Joe Gibbs Racing | Toyota/M&M's | Joe Gibbs Racing | Toyota","Driver/Driver/Driver",2,49
"Racing",2022,"Panini","National Treasures","Triple Race Used Tires","Jeff Gordon/Jeff Gordon/Jeff Gordon","AXALTA | Hendrick Motorsports | Chevrolet/AXALTA | Hendrick Motorsports | Chevrolet/AXALTA | Hendrick Motorsports | Chevrolet","Driver/Driver/Driver",3,49
"Racing",2022,"Panini","National Treasures","Triple Race Used Tires","Bubba Wallace/Bubba Wallace/Bubba Wallace","McDonald's | 23XI Racing | Toyota/McDonald's | 23XI Racing | Toyota/McDonald's | 23XI Racing | Toyota","Driver/Driver/Driver",5,49
"Racing",2022,"Panini","National Treasures","Triple Race Used Tires","Kevin Harvick/Kevin Harvick/Kevin Harvick","GearWrench | Stewart-Haas Racing | Ford/GearWrench | Stewart-Haas Racing | Ford/GearWrench | Stewart-Haas Racing | Ford","Driver/Driver/Driver",13,49
"Racing",2022,"Panini","National Treasures","Triple Race Used Tires","Chase Elliott/Chase Elliott/Chase Elliott","NAPA Auto Parts | Hendrick Motorsports | Chevrolet/NAPA Auto Parts | Hendrick Motorsports | Chevrolet/NAPA Auto Parts | Hendrick Motorsports | Chevrolet","Driver/Driver/Driver",16,49
"Racing",2022,"Panini","National Treasures","Triple Race Used Tires Prime","Jimmie Johnson/Jimmie Johnson/Jimmie Johnson","Ally Financial | Hendrick Motorsports | Chevrolet/Ally Financial | Hendrick Motorsports | Chevrolet/Ally Financial | Hendrick Motorsports | Chevrolet","Driver/Driver/Driver",1,10
"Racing",2022,"Panini","National Treasures","Triple Race Used Tires Prime Platinum Blue","Jimmie Johnson/Jimmie Johnson/Jimmie Johnson","Ally Financial | Hendrick Motorsports | Chevrolet/Ally Financial | Hendrick Motorsports | Chevrolet/Ally Financial | Hendrick Motorsports | Chevrolet","Driver/Driver/Driver",1,1
"Racing",2022,"Panini","National Treasures","Triple Race Used Tires Prime Platinum Blue","Chase Elliott/Chase Elliott/Chase Elliott","NAPA Auto Parts | Hendrick Motorsports | Chevrolet/NAPA Auto Parts | Hendrick Motorsports | Chevrolet/NAPA Auto Parts | Hendrick Motorsports | Chevrolet","Driver/Driver/Driver",16,1
"Racing",2022,"Panini","National Treasures","Victory Lane Signatures","Richard Petty","STP | Petty Enterprises | Plymouth","Driver",1,15
"Racing",2022,"Panini","National Treasures","Victory Lane Signatures","Jimmie Johnson","Lowe's | Hendrick Motorsports | Chevrolet","Driver",2,20
"Racing",2022,"Panini","National Treasures","Victory Lane Signatures","Kevin Harvick","Mobil 1 | Stewart-Haas Racing | Ford","Driver",4,12
"Racing",2022,"Panini","National Treasures","Victory Lane Signatures","Chase Elliott","NAPA Auto Parts | Hendrick Motorsports | Chevrolet","Driver",5,5
"Racing",2022,"Panini","National Treasures","Victory Lane Signatures","Martin Truex Jr.","Bass Pro Shops | Joe Gibbs Racing | Toyota","Driver",7,5
"Racing",2022,"Panini","National Treasures","Victory Lane Signatures","Kurt Busch","Jordan Brands | 23XI Racing | Toyota","Driver",9,23
"Racing",2022,"Panini","National Treasures","Victory Lane Signatures","Joey Logano","Shell-Pennzoil | Team Penske | Ford","Driver",10,65
"Racing",2022,"Panini","National Treasures","Victory Lane Signatures Green","Richard Petty","STP | Petty Enterprises | Plymouth","Driver",1,5
"Racing",2022,"Panini","National Treasures","Victory Lane Signatures Green","Jimmie Johnson","Lowe's | Hendrick Motorsports | Chevrolet","Driver",2,5
"Racing",2022,"Panini","National Treasures","Victory Lane Signatures Green","Jeff Gordon","DuPont | Hendrick Motorsports | Chevrolet","Driver",3,2
"Racing",2022,"Panini","National Treasures","Victory Lane Signatures Green","Kevin Harvick","Mobil 1 | Stewart-Haas Racing | Ford","Driver",4,4
"Racing",2022,"Panini","National Treasures","Victory Lane Signatures Green","Chase Elliott","NAPA Auto Parts | Hendrick Motorsports | Chevrolet","Driver",5,2
"Racing",2022,"Panini","National Treasures","Victory Lane Signatures Green","Tony Stewart","Mobil 1 | Stewart-Haas Racing | Chevrolet","Driver",6,5
"Racing",2022,"Panini","National Treasures","Victory Lane Signatures Green","Martin Truex Jr.","Bass Pro Shops | Joe Gibbs Racing | Toyota","Driver",7,2
"Racing",2022,"Panini","National Treasures","Victory Lane Signatures Green","Kyle Busch","M&M's | Joe Gibbs Racing | Toyota","Driver",8,2
"Racing",2022,"Panini","National Treasures","Victory Lane Signatures Green","Kurt Busch","Jordan Brands | 23XI Racing | Toyota","Driver",9,5
"Racing",2022,"Panini","National Treasures","Victory Lane Signatures Green","Joey Logano","Shell-Pennzoil | Team Penske | Ford","Driver",10,5
"Racing",2022,"Panini","National Treasures","Victory Lane Signatures Holo Gold","Richard Petty","STP | Petty Enterprises | Plymouth","Driver",1,7
"Racing",2022,"Panini","National Treasures","Victory Lane Signatures Holo Gold","Jimmie Johnson","Lowe's | Hendrick Motorsports | Chevrolet","Driver",2,10
"Racing",2022,"Panini","National Treasures","Victory Lane Signatures Holo Gold","Kevin Harvick","Mobil 1 | Stewart-Haas Racing | Ford","Driver",4,5
"Racing",2022,"Panini","National Treasures","Victory Lane Signatures Holo Gold","Chase Elliott","NAPA Auto Parts | Hendrick Motorsports | Chevrolet","Driver",5,3
"Racing",2022,"Panini","National Treasures","Victory Lane Signatures Holo Gold","Tony Stewart","Mobil 1 | Stewart-Haas Racing | Chevrolet","Driver",6,8
"Racing",2022,"Panini","National Treasures","Victory Lane Signatures Holo Gold","Martin Truex Jr.","Bass Pro Shops | Joe Gibbs Racing | Toyota","Driver",7,3
"Racing",2022,"Panini","National Treasures","Victory Lane Signatures Holo Gold","Kyle Busch","M&M's | Joe Gibbs Racing | Toyota","Driver",8,3
"Racing",2022,"Panini","National Treasures","Victory Lane Signatures Holo Gold","Kurt Busch","Jordan Brands | 23XI Racing | Toyota","Driver",9,10
"Racing",2022,"Panini","National Treasures","Victory Lane Signatures Holo Gold","Joey Logano","Shell-Pennzoil | Team Penske | Ford","Driver",10,10
"Racing",2022,"Panini","National Treasures","Victory Lane Signatures Holo Platinum Blue","Richard Petty","STP | Petty Enterprises | Plymouth","Driver",1,1
"Racing",2022,"Panini","National Treasures","Victory Lane Signatures Holo Platinum Blue","Jimmie Johnson","Lowe's | Hendrick Motorsports | Chevrolet","Driver",2,1
"Racing",2022,"Panini","National Treasures","Victory Lane Signatures Holo Platinum Blue","Jeff Gordon","DuPont | Hendrick Motorsports | Chevrolet","Driver",3,1
"Racing",2022,"Panini","National Treasures","Victory Lane Signatures Holo Platinum Blue","Kevin Harvick","Mobil 1 | Stewart-Haas Racing | Ford","Driver",4,1
"Racing",2022,"Panini","National Treasures","Victory Lane Signatures Holo Platinum Blue","Chase Elliott","NAPA Auto Parts | Hendrick Motorsports | Chevrolet","Driver",5,1
"Racing",2022,"Panini","National Treasures","Victory Lane Signatures Holo Platinum Blue","Tony Stewart","Mobil 1 | Stewart-Haas Racing | Chevrolet","Driver",6,1
"Racing",2022,"Panini","National Treasures","Victory Lane Signatures Holo Platinum Blue","Martin Truex Jr.","Bass Pro Shops | Joe Gibbs Racing | Toyota","Driver",7,1
"Racing",2022,"Panini","National Treasures","Victory Lane Signatures Holo Platinum Blue","Kyle Busch","M&M's | Joe Gibbs Racing | Toyota","Driver",8,1
"Racing",2022,"Panini","National Treasures","Victory Lane Signatures Holo Platinum Blue","Kurt Busch","Jordan Brands | 23XI Racing | Toyota","Driver",9,1
"Racing",2022,"Panini","National Treasures","Victory Lane Signatures Holo Platinum Blue","Joey Logano","Shell-Pennzoil | Team Penske | Ford","Driver",10,1
"Racing",2022,"Panini","National Treasures","Victory Lane Signatures Holo Silver","Richard Petty","STP | Petty Enterprises | Plymouth","Driver",1,10
"Racing",2022,"Panini","National Treasures","Victory Lane Signatures Holo Silver","Jimmie Johnson","Lowe's | Hendrick Motorsports | Chevrolet","Driver",2,15
"Racing",2022,"Panini","National Treasures","Victory Lane Signatures Holo Silver","Kevin Harvick","Mobil 1 | Stewart-Haas Racing | Ford","Driver",4,10
"Racing",2022,"Panini","National Treasures","Victory Lane Signatures Holo Silver","Chase Elliott","NAPA Auto Parts | Hendrick Motorsports | Chevrolet","Driver",5,4
"Racing",2022,"Panini","National Treasures","Victory Lane Signatures Holo Silver","Martin Truex Jr.","Bass Pro Shops | Joe Gibbs Racing | Toyota","Driver",7,4
"Racing",2022,"Panini","National Treasures","Victory Lane Signatures Holo Silver","Kyle Busch","M&M's | Joe Gibbs Racing | Toyota","Driver",8,4
"Racing",2022,"Panini","National Treasures","Victory Lane Signatures Holo Silver","Kurt Busch","Jordan Brands | 23XI Racing | Toyota","Driver",9,15
"Racing",2022,"Panini","National Treasures","Victory Lane Signatures Holo Silver","Joey Logano","Shell-Pennzoil | Team Penske | Ford","Driver",10,15