"SPORT","YEAR","BRAND","PROGRAM","CARD SET","ATHLETE","TEAM","POSITION","CARD NUMBER","SEQUENCE"
"Racing",2022,"Panini","Chronicles","Absolute","Hailie Deegan","Monster Energy | DGR-Crosley | Ford","Driver",2,
"Racing",2022,"Panini","Chronicles","Absolute","Daniel Hemric","Cequent Performance | Brad Keselowski Racing | Ford","Driver",3,
"Racing",2022,"Panini","Chronicles","Absolute","Bayley Currey ","Fort Worth Screen Printing | Rick Ware Racing | Chevrolet","Driver",4,
"Racing",2022,"Panini","Chronicles","Absolute","Anthony Alfredo","Dude Wipes | Front Row Motorsports | Ford","Driver",5,
"Racing",2022,"Panini","Chronicles","Absolute","Jimmie Johnson","Kobalt Tools | Hendrick Motorsports | Chevrolet","Driver",6,
"Racing",2022,"Panini","Chronicles","Absolute","Danica Patrick","GoDaddy.com | Premium Motorsports | Chevrolet","Driver",7,
"Racing",2022,"Panini","Chronicles","Absolute","William Byron","AXALTA | Hendrick Motorsports | Chevrolet","Driver",9,
"Racing",2022,"Panini","Chronicles","Absolute","Sam Mayer","Tire Pros | JR Motorsports | Chevrolet","Driver",10,
"Racing",2022,"Panini","Chronicles","Absolute","Joey Logano","Shell-Pennzoil | Team Penske | Ford","Driver",11,
"Racing",2022,"Panini","Chronicles","Absolute","Tanner Gray","Ford Performance | DGR-Crosley | Ford","Driver",12,
"Racing",2022,"Panini","Chronicles","Absolute","Matt Crafton","Chi Chi's/Menards | ThorSport Racing | Toyota","Driver",13,
"Racing",2022,"Panini","Chronicles","Absolute","Brennan Poole","DC Solar | Chip Ganassi Racing | Chevrolet","Driver",14,
"Racing",2022,"Panini","Chronicles","Absolute","Kaz Grala","Pit Viper | The Money Team | Chevrolet","Driver",15,
"Racing",2022,"Panini","Chronicles","Absolute","Zane Smith","SpeedCo | Front Row Motorsports | Ford","Driver",16,
"Racing",2022,"Panini","Chronicles","Absolute","Vinnie Miller","UAP.org | B.J. McLeod Motorsports | Toyota","Driver",17,
"Racing",2022,"Panini","Chronicles","Absolute","Martin Truex Jr.","Bass Pro Shops | Joe Gibbs Racing | Toyota","Driver",18,
"Racing",2022,"Panini","Chronicles","Absolute","Carson Hocevar","Premier Security | Niece Motorsports | Chevrolet","Driver",19,
"Racing",2022,"Panini","Chronicles","Absolute","Zachary Tinkle","ARCA Menards","Driver",20,
"Racing",2022,"Panini","Chronicles","Absolute Autographs","Hailie Deegan","Monster Energy | DGR-Crosley | Ford","Driver",2,
"Racing",2022,"Panini","Chronicles","Absolute Autographs","Daniel Hemric","Cequent Performance | Brad Keselowski Racing | Ford","Driver",3,
"Racing",2022,"Panini","Chronicles","Absolute Autographs","Bayley Currey ","Fort Worth Screen Printing | Rick Ware Racing | Chevrolet","Driver",4,
"Racing",2022,"Panini","Chronicles","Absolute Autographs","Danica Patrick","GoDaddy.com | Premium Motorsports | Chevrolet","Driver",7,
"Racing",2022,"Panini","Chronicles","Absolute Autographs","Sam Mayer","Tire Pros | JR Motorsports | Chevrolet","Driver",10,
"Racing",2022,"Panini","Chronicles","Absolute Autographs","Joey Logano","Shell-Pennzoil | Team Penske | Ford","Driver",11,
"Racing",2022,"Panini","Chronicles","Absolute Autographs","Tanner Gray","Ford Performance | DGR-Crosley | Ford","Driver",12,
"Racing",2022,"Panini","Chronicles","Absolute Autographs","Matt Crafton","Chi Chi's/Menards | ThorSport Racing | Toyota","Driver",13,
"Racing",2022,"Panini","Chronicles","Absolute Autographs","Brennan Poole","DC Solar | Chip Ganassi Racing | Chevrolet","Driver",14,
"Racing",2022,"Panini","Chronicles","Absolute Autographs","Kaz Grala","Pit Viper | The Money Team | Chevrolet","Driver",15,
"Racing",2022,"Panini","Chronicles","Absolute Autographs","Zane Smith","SpeedCo | Front Row Motorsports | Ford","Driver",16,
"Racing",2022,"Panini","Chronicles","Absolute Autographs","Carson Hocevar","Premier Security | Niece Motorsports | Chevrolet","Driver",19,
"Racing",2022,"Panini","Chronicles","Absolute Autographs","Zachary Tinkle","ARCA Menards","Driver",20,
"Racing",2022,"Panini","Chronicles","Absolute Autographs Black","Hailie Deegan","Monster Energy | DGR-Crosley | Ford","Driver",2,1
"Racing",2022,"Panini","Chronicles","Absolute Autographs Black","Daniel Hemric","Cequent Performance | Brad Keselowski Racing | Ford","Driver",3,1
"Racing",2022,"Panini","Chronicles","Absolute Autographs Black","Bayley Currey ","Fort Worth Screen Printing | Rick Ware Racing | Chevrolet","Driver",4,1
"Racing",2022,"Panini","Chronicles","Absolute Autographs Black","Anthony Alfredo","Dude Wipes | Front Row Motorsports | Ford","Driver",5,1
"Racing",2022,"Panini","Chronicles","Absolute Autographs Black","Jimmie Johnson","Kobalt Tools | Hendrick Motorsports | Chevrolet","Driver",6,1
"Racing",2022,"Panini","Chronicles","Absolute Autographs Black","Jeremy Clements","First Pacific Funding | Jeremy Clements Racing | Chevrolet","Driver",8,1
"Racing",2022,"Panini","Chronicles","Absolute Autographs Black","William Byron","AXALTA | Hendrick Motorsports | Chevrolet","Driver",9,1
"Racing",2022,"Panini","Chronicles","Absolute Autographs Black","Joey Logano","Shell-Pennzoil | Team Penske | Ford","Driver",11,1
"Racing",2022,"Panini","Chronicles","Absolute Autographs Black","Tanner Gray","Ford Performance | DGR-Crosley | Ford","Driver",12,1
"Racing",2022,"Panini","Chronicles","Absolute Autographs Black","Matt Crafton","Chi Chi's/Menards | ThorSport Racing | Toyota","Driver",13,1
"Racing",2022,"Panini","Chronicles","Absolute Autographs Black","Brennan Poole","DC Solar | Chip Ganassi Racing | Chevrolet","Driver",14,1
"Racing",2022,"Panini","Chronicles","Absolute Autographs Black","Kaz Grala","Pit Viper | The Money Team | Chevrolet","Driver",15,1
"Racing",2022,"Panini","Chronicles","Absolute Autographs Black","Zane Smith","SpeedCo | Front Row Motorsports | Ford","Driver",16,1
"Racing",2022,"Panini","Chronicles","Absolute Autographs Black","Carson Hocevar","Premier Security | Niece Motorsports | Chevrolet","Driver",19,1
"Racing",2022,"Panini","Chronicles","Absolute Autographs Black","Zachary Tinkle","ARCA Menards","Driver",20,1
"Racing",2022,"Panini","Chronicles","Absolute Autographs Gold","Ryan Blaney","Menards | Team Penske | Ford","Driver",1,5
"Racing",2022,"Panini","Chronicles","Absolute Autographs Gold","Hailie Deegan","Monster Energy | DGR-Crosley | Ford","Driver",2,10
"Racing",2022,"Panini","Chronicles","Absolute Autographs Gold","Anthony Alfredo","Dude Wipes | Front Row Motorsports | Ford","Driver",5,10
"Racing",2022,"Panini","Chronicles","Absolute Autographs Gold","Jimmie Johnson","Kobalt Tools | Hendrick Motorsports | Chevrolet","Driver",6,5
"Racing",2022,"Panini","Chronicles","Absolute Autographs Gold","Danica Patrick","GoDaddy.com | Premium Motorsports | Chevrolet","Driver",7,10
"Racing",2022,"Panini","Chronicles","Absolute Autographs Gold","Jeremy Clements","First Pacific Funding | Jeremy Clements Racing | Chevrolet","Driver",8,10
"Racing",2022,"Panini","Chronicles","Absolute Autographs Gold","William Byron","AXALTA | Hendrick Motorsports | Chevrolet","Driver",9,5
"Racing",2022,"Panini","Chronicles","Absolute Autographs Gold","Sam Mayer","Tire Pros | JR Motorsports | Chevrolet","Driver",10,10
"Racing",2022,"Panini","Chronicles","Absolute Autographs Gold","Joey Logano","Shell-Pennzoil | Team Penske | Ford","Driver",11,10
"Racing",2022,"Panini","Chronicles","Absolute Autographs Gold","Tanner Gray","Ford Performance | DGR-Crosley | Ford","Driver",12,10
"Racing",2022,"Panini","Chronicles","Absolute Autographs Gold","Matt Crafton","Chi Chi's/Menards | ThorSport Racing | Toyota","Driver",13,10
"Racing",2022,"Panini","Chronicles","Absolute Autographs Gold","Brennan Poole","DC Solar | Chip Ganassi Racing | Chevrolet","Driver",14,10
"Racing",2022,"Panini","Chronicles","Absolute Autographs Gold","Kaz Grala","Pit Viper | The Money Team | Chevrolet","Driver",15,10
"Racing",2022,"Panini","Chronicles","Absolute Autographs Gold","Zane Smith","SpeedCo | Front Row Motorsports | Ford","Driver",16,10
"Racing",2022,"Panini","Chronicles","Absolute Autographs Gold","Martin Truex Jr.","Bass Pro Shops | Joe Gibbs Racing | Toyota","Driver",18,5
"Racing",2022,"Panini","Chronicles","Absolute Autographs Gold","Carson Hocevar","Premier Security | Niece Motorsports | Chevrolet","Driver",19,10
"Racing",2022,"Panini","Chronicles","Absolute Autographs Purple","Ryan Blaney","Menards | Team Penske | Ford","Driver",1,10
"Racing",2022,"Panini","Chronicles","Absolute Autographs Purple","Hailie Deegan","Monster Energy | DGR-Crosley | Ford","Driver",2,25
"Racing",2022,"Panini","Chronicles","Absolute Autographs Purple","Daniel Hemric","Cequent Performance | Brad Keselowski Racing | Ford","Driver",3,25
"Racing",2022,"Panini","Chronicles","Absolute Autographs Purple","Jimmie Johnson","Kobalt Tools | Hendrick Motorsports | Chevrolet","Driver",6,7
"Racing",2022,"Panini","Chronicles","Absolute Autographs Purple","Danica Patrick","GoDaddy.com | Premium Motorsports | Chevrolet","Driver",7,25
"Racing",2022,"Panini","Chronicles","Absolute Autographs Purple","Jeremy Clements","First Pacific Funding | Jeremy Clements Racing | Chevrolet","Driver",8,25
"Racing",2022,"Panini","Chronicles","Absolute Autographs Purple","William Byron","AXALTA | Hendrick Motorsports | Chevrolet","Driver",9,10
"Racing",2022,"Panini","Chronicles","Absolute Autographs Purple","Sam Mayer","Tire Pros | JR Motorsports | Chevrolet","Driver",10,25
"Racing",2022,"Panini","Chronicles","Absolute Autographs Purple","Joey Logano","Shell-Pennzoil | Team Penske | Ford","Driver",11,15
"Racing",2022,"Panini","Chronicles","Absolute Autographs Purple","Tanner Gray","Ford Performance | DGR-Crosley | Ford","Driver",12,25
"Racing",2022,"Panini","Chronicles","Absolute Autographs Purple","Matt Crafton","Chi Chi's/Menards | ThorSport Racing | Toyota","Driver",13,25
"Racing",2022,"Panini","Chronicles","Absolute Autographs Purple","Brennan Poole","DC Solar | Chip Ganassi Racing | Chevrolet","Driver",14,25
"Racing",2022,"Panini","Chronicles","Absolute Autographs Purple","Kaz Grala","Pit Viper | The Money Team | Chevrolet","Driver",15,25
"Racing",2022,"Panini","Chronicles","Absolute Autographs Purple","Zane Smith","SpeedCo | Front Row Motorsports | Ford","Driver",16,25
"Racing",2022,"Panini","Chronicles","Absolute Autographs Purple","Carson Hocevar","Premier Security | Niece Motorsports | Chevrolet","Driver",19,25
"Racing",2022,"Panini","Chronicles","Absolute Autographs Purple","Zachary Tinkle","ARCA Menards","Driver",20,25
"Racing",2022,"Panini","Chronicles","Absolute Black","Ryan Blaney","Menards | Team Penske | Ford","Driver",1,1
"Racing",2022,"Panini","Chronicles","Absolute Black","Hailie Deegan","Monster Energy | DGR-Crosley | Ford","Driver",2,1
"Racing",2022,"Panini","Chronicles","Absolute Black","Daniel Hemric","Cequent Performance | Brad Keselowski Racing | Ford","Driver",3,1
"Racing",2022,"Panini","Chronicles","Absolute Black","Bayley Currey ","Fort Worth Screen Printing | Rick Ware Racing | Chevrolet","Driver",4,1
"Racing",2022,"Panini","Chronicles","Absolute Black","Anthony Alfredo","Dude Wipes | Front Row Motorsports | Ford","Driver",5,1
"Racing",2022,"Panini","Chronicles","Absolute Black","Jimmie Johnson","Kobalt Tools | Hendrick Motorsports | Chevrolet","Driver",6,1
"Racing",2022,"Panini","Chronicles","Absolute Black","Danica Patrick","GoDaddy.com | Premium Motorsports | Chevrolet","Driver",7,1
"Racing",2022,"Panini","Chronicles","Absolute Black","Jeremy Clements","First Pacific Funding | Jeremy Clements Racing | Chevrolet","Driver",8,1
"Racing",2022,"Panini","Chronicles","Absolute Black","William Byron","AXALTA | Hendrick Motorsports | Chevrolet","Driver",9,1
"Racing",2022,"Panini","Chronicles","Absolute Black","Sam Mayer","Tire Pros | JR Motorsports | Chevrolet","Driver",10,1
"Racing",2022,"Panini","Chronicles","Absolute Black","Tanner Gray","Ford Performance | DGR-Crosley | Ford","Driver",12,1
"Racing",2022,"Panini","Chronicles","Absolute Black","Matt Crafton","Chi Chi's/Menards | ThorSport Racing | Toyota","Driver",13,1
"Racing",2022,"Panini","Chronicles","Absolute Black","Brennan Poole","DC Solar | Chip Ganassi Racing | Chevrolet","Driver",14,1
"Racing",2022,"Panini","Chronicles","Absolute Black","Kaz Grala","Pit Viper | The Money Team | Chevrolet","Driver",15,1
"Racing",2022,"Panini","Chronicles","Absolute Black","Zane Smith","SpeedCo | Front Row Motorsports | Ford","Driver",16,1
"Racing",2022,"Panini","Chronicles","Absolute Black","Martin Truex Jr.","Bass Pro Shops | Joe Gibbs Racing | Toyota","Driver",18,1
"Racing",2022,"Panini","Chronicles","Absolute Black","Carson Hocevar","Premier Security | Niece Motorsports | Chevrolet","Driver",19,1
"Racing",2022,"Panini","Chronicles","Absolute Blue","Ryan Blaney","Menards | Team Penske | Ford","Driver",1,199
"Racing",2022,"Panini","Chronicles","Absolute Blue","Hailie Deegan","Monster Energy | DGR-Crosley | Ford","Driver",2,199
"Racing",2022,"Panini","Chronicles","Absolute Blue","Daniel Hemric","Cequent Performance | Brad Keselowski Racing | Ford","Driver",3,199
"Racing",2022,"Panini","Chronicles","Absolute Blue","Bayley Currey ","Fort Worth Screen Printing | Rick Ware Racing | Chevrolet","Driver",4,199
"Racing",2022,"Panini","Chronicles","Absolute Blue","Anthony Alfredo","Dude Wipes | Front Row Motorsports | Ford","Driver",5,199
"Racing",2022,"Panini","Chronicles","Absolute Blue","Jimmie Johnson","Kobalt Tools | Hendrick Motorsports | Chevrolet","Driver",6,199
"Racing",2022,"Panini","Chronicles","Absolute Blue","Danica Patrick","GoDaddy.com | Premium Motorsports | Chevrolet","Driver",7,199
"Racing",2022,"Panini","Chronicles","Absolute Blue","William Byron","AXALTA | Hendrick Motorsports | Chevrolet","Driver",9,199
"Racing",2022,"Panini","Chronicles","Absolute Blue","Sam Mayer","Tire Pros | JR Motorsports | Chevrolet","Driver",10,199
"Racing",2022,"Panini","Chronicles","Absolute Blue","Tanner Gray","Ford Performance | DGR-Crosley | Ford","Driver",12,199
"Racing",2022,"Panini","Chronicles","Absolute Blue","Matt Crafton","Chi Chi's/Menards | ThorSport Racing | Toyota","Driver",13,199
"Racing",2022,"Panini","Chronicles","Absolute Blue","Brennan Poole","DC Solar | Chip Ganassi Racing | Chevrolet","Driver",14,199
"Racing",2022,"Panini","Chronicles","Absolute Blue","Kaz Grala","Pit Viper | The Money Team | Chevrolet","Driver",15,199
"Racing",2022,"Panini","Chronicles","Absolute Blue","Zane Smith","SpeedCo | Front Row Motorsports | Ford","Driver",16,199
"Racing",2022,"Panini","Chronicles","Absolute Blue","Vinnie Miller","UAP.org | B.J. McLeod Motorsports | Toyota","Driver",17,199
"Racing",2022,"Panini","Chronicles","Absolute Blue","Martin Truex Jr.","Bass Pro Shops | Joe Gibbs Racing | Toyota","Driver",18,199
"Racing",2022,"Panini","Chronicles","Absolute Blue","Carson Hocevar","Premier Security | Niece Motorsports | Chevrolet","Driver",19,199
"Racing",2022,"Panini","Chronicles","Absolute Blue","Zachary Tinkle","ARCA Menards","Driver",20,199
"Racing",2022,"Panini","Chronicles","Absolute Gold","Ryan Blaney","Menards | Team Penske | Ford","Driver",1,10
"Racing",2022,"Panini","Chronicles","Absolute Gold","Hailie Deegan","Monster Energy | DGR-Crosley | Ford","Driver",2,10
"Racing",2022,"Panini","Chronicles","Absolute Gold","Daniel Hemric","Cequent Performance | Brad Keselowski Racing | Ford","Driver",3,10
"Racing",2022,"Panini","Chronicles","Absolute Gold","Bayley Currey ","Fort Worth Screen Printing | Rick Ware Racing | Chevrolet","Driver",4,10
"Racing",2022,"Panini","Chronicles","Absolute Gold","Anthony Alfredo","Dude Wipes | Front Row Motorsports | Ford","Driver",5,10
"Racing",2022,"Panini","Chronicles","Absolute Gold","Jimmie Johnson","Kobalt Tools | Hendrick Motorsports | Chevrolet","Driver",6,10
"Racing",2022,"Panini","Chronicles","Absolute Gold","Danica Patrick","GoDaddy.com | Premium Motorsports | Chevrolet","Driver",7,10
"Racing",2022,"Panini","Chronicles","Absolute Gold","William Byron","AXALTA | Hendrick Motorsports | Chevrolet","Driver",9,10
"Racing",2022,"Panini","Chronicles","Absolute Gold","Sam Mayer","Tire Pros | JR Motorsports | Chevrolet","Driver",10,10
"Racing",2022,"Panini","Chronicles","Absolute Gold","Joey Logano","Shell-Pennzoil | Team Penske | Ford","Driver",11,10
"Racing",2022,"Panini","Chronicles","Absolute Gold","Tanner Gray","Ford Performance | DGR-Crosley | Ford","Driver",12,10
"Racing",2022,"Panini","Chronicles","Absolute Gold","Matt Crafton","Chi Chi's/Menards | ThorSport Racing | Toyota","Driver",13,10
"Racing",2022,"Panini","Chronicles","Absolute Gold","Brennan Poole","DC Solar | Chip Ganassi Racing | Chevrolet","Driver",14,10
"Racing",2022,"Panini","Chronicles","Absolute Gold","Kaz Grala","Pit Viper | The Money Team | Chevrolet","Driver",15,10
"Racing",2022,"Panini","Chronicles","Absolute Gold","Zane Smith","SpeedCo | Front Row Motorsports | Ford","Driver",16,10
"Racing",2022,"Panini","Chronicles","Absolute Gold","Martin Truex Jr.","Bass Pro Shops | Joe Gibbs Racing | Toyota","Driver",18,10
"Racing",2022,"Panini","Chronicles","Absolute Gold","Carson Hocevar","Premier Security | Niece Motorsports | Chevrolet","Driver",19,10
"Racing",2022,"Panini","Chronicles","Absolute Purple","Ryan Blaney","Menards | Team Penske | Ford","Driver",1,25
"Racing",2022,"Panini","Chronicles","Absolute Purple","Hailie Deegan","Monster Energy | DGR-Crosley | Ford","Driver",2,25
"Racing",2022,"Panini","Chronicles","Absolute Purple","Daniel Hemric","Cequent Performance | Brad Keselowski Racing | Ford","Driver",3,25
"Racing",2022,"Panini","Chronicles","Absolute Purple","Bayley Currey ","Fort Worth Screen Printing | Rick Ware Racing | Chevrolet","Driver",4,25
"Racing",2022,"Panini","Chronicles","Absolute Purple","Anthony Alfredo","Dude Wipes | Front Row Motorsports | Ford","Driver",5,25
"Racing",2022,"Panini","Chronicles","Absolute Purple","Jimmie Johnson","Kobalt Tools | Hendrick Motorsports | Chevrolet","Driver",6,25
"Racing",2022,"Panini","Chronicles","Absolute Purple","Danica Patrick","GoDaddy.com | Premium Motorsports | Chevrolet","Driver",7,25
"Racing",2022,"Panini","Chronicles","Absolute Purple","Jeremy Clements","First Pacific Funding | Jeremy Clements Racing | Chevrolet","Driver",8,25
"Racing",2022,"Panini","Chronicles","Absolute Purple","William Byron","AXALTA | Hendrick Motorsports | Chevrolet","Driver",9,25
"Racing",2022,"Panini","Chronicles","Absolute Purple","Sam Mayer","Tire Pros | JR Motorsports | Chevrolet","Driver",10,25
"Racing",2022,"Panini","Chronicles","Absolute Purple","Tanner Gray","Ford Performance | DGR-Crosley | Ford","Driver",12,25
"Racing",2022,"Panini","Chronicles","Absolute Purple","Matt Crafton","Chi Chi's/Menards | ThorSport Racing | Toyota","Driver",13,25
"Racing",2022,"Panini","Chronicles","Absolute Purple","Kaz Grala","Pit Viper | The Money Team | Chevrolet","Driver",15,25
"Racing",2022,"Panini","Chronicles","Absolute Purple","Zane Smith","SpeedCo | Front Row Motorsports | Ford","Driver",16,25
"Racing",2022,"Panini","Chronicles","Absolute Purple","Martin Truex Jr.","Bass Pro Shops | Joe Gibbs Racing | Toyota","Driver",18,25
"Racing",2022,"Panini","Chronicles","Absolute Purple","Carson Hocevar","Premier Security | Niece Motorsports | Chevrolet","Driver",19,25
"Racing",2022,"Panini","Chronicles","Absolute Purple","Zachary Tinkle","ARCA Menards","Driver",20,25
"Racing",2022,"Panini","Chronicles","Absolute Red","Ryan Blaney","Menards | Team Penske | Ford","Driver",1,99
"Racing",2022,"Panini","Chronicles","Absolute Red","Hailie Deegan","Monster Energy | DGR-Crosley | Ford","Driver",2,99
"Racing",2022,"Panini","Chronicles","Absolute Red","Daniel Hemric","Cequent Performance | Brad Keselowski Racing | Ford","Driver",3,99
"Racing",2022,"Panini","Chronicles","Absolute Red","Bayley Currey ","Fort Worth Screen Printing | Rick Ware Racing | Chevrolet","Driver",4,99
"Racing",2022,"Panini","Chronicles","Absolute Red","Anthony Alfredo","Dude Wipes | Front Row Motorsports | Ford","Driver",5,99
"Racing",2022,"Panini","Chronicles","Absolute Red","Jimmie Johnson","Kobalt Tools | Hendrick Motorsports | Chevrolet","Driver",6,99
"Racing",2022,"Panini","Chronicles","Absolute Red","Danica Patrick","GoDaddy.com | Premium Motorsports | Chevrolet","Driver",7,99
"Racing",2022,"Panini","Chronicles","Absolute Red","William Byron","AXALTA | Hendrick Motorsports | Chevrolet","Driver",9,99
"Racing",2022,"Panini","Chronicles","Absolute Red","Sam Mayer","Tire Pros | JR Motorsports | Chevrolet","Driver",10,99
"Racing",2022,"Panini","Chronicles","Absolute Red","Tanner Gray","Ford Performance | DGR-Crosley | Ford","Driver",12,99
"Racing",2022,"Panini","Chronicles","Absolute Red","Matt Crafton","Chi Chi's/Menards | ThorSport Racing | Toyota","Driver",13,99
"Racing",2022,"Panini","Chronicles","Absolute Red","Kaz Grala","Pit Viper | The Money Team | Chevrolet","Driver",15,99
"Racing",2022,"Panini","Chronicles","Absolute Red","Zane Smith","SpeedCo | Front Row Motorsports | Ford","Driver",16,99
"Racing",2022,"Panini","Chronicles","Absolute Red","Martin Truex Jr.","Bass Pro Shops | Joe Gibbs Racing | Toyota","Driver",18,99
"Racing",2022,"Panini","Chronicles","Absolute Red","Carson Hocevar","Premier Security | Niece Motorsports | Chevrolet","Driver",19,99
"Racing",2022,"Panini","Chronicles","Absolute Red","Zachary Tinkle","ARCA Menards","Driver",20,99
"Racing",2022,"Panini","Chronicles","Base - Chronicles","Jimmie Johnson","Lowe's | Hendrick Motorsports | Chevrolet","Driver",1,
"Racing",2022,"Panini","Chronicles","Base - Chronicles","Timmy Hill","CrashClaimsR.us/Icard Merrill | Carl Long Racing | Dodge","Driver",2,
"Racing",2022,"Panini","Chronicles","Base - Chronicles","Kyle Weatherman","Wolfpack Racing | Mike Harmon Racing | Chevrolet","Driver",3,
"Racing",2022,"Panini","Chronicles","Base - Chronicles","Brandon Brown","TradetheChain | Brandonbilt Motorsports | Chevrolet","Driver",4,
"Racing",2022,"Panini","Chronicles","Base - Chronicles","Austin Hill","Bennett | Richard Childress Racing | Chevrolet","Driver",5,
"Racing",2022,"Panini","Chronicles","Base - Chronicles","Chris Buescher","Fastenal | RFK Racing | Ford","Driver",6,
"Racing",2022,"Panini","Chronicles","Base - Chronicles","Corey LaJoie","Built Bar | Spire Motorsports | Chevrolet","Driver",7,
"Racing",2022,"Panini","Chronicles","Base - Chronicles","Ben Rhodes","Tenda | ThorSports Racing | Ford","Driver",8,
"Racing",2022,"Panini","Chronicles","Base - Chronicles","Denny Hamlin","FedEx Express | Joe Gibbs Racing | Toyota","Driver",9,
"Racing",2022,"Panini","Chronicles","Base - Chronicles","Alex Labbe","Can Am | DGM Racing | Chevrolet","Driver",10,
"Racing",2022,"Panini","Chronicles","Base - Chronicles","Derek Kraus","Shockwave | McAnally-Hilgemann Racing | Toyota","Driver",11,
"Racing",2022,"Panini","Chronicles","Base - Chronicles","Toni Breidinger","ARCA Menards","Driver",12,
"Racing",2022,"Panini","Chronicles","Base - Chronicles","Justin Haley","LeafFilter | Kaulig Racing | Chevrolet","Driver",13,
"Racing",2022,"Panini","Chronicles","Base - Chronicles","Noah Gragson","Bass Pro Shops | JR Motorsports | Chevrolet","Driver",14,
"Racing",2022,"Panini","Chronicles","Base - Chronicles","Brandon Jones","Menards | Joe Gibbs Racing | Toyota","Driver",15,
"Racing",2022,"Panini","Chronicles","Base - Chronicles","Spencer Boyd","RimTyme | Young's Motorsports | Chevrolet","Driver",16,
"Racing",2022,"Panini","Chronicles","Base - Chronicles","Dale Earnhardt Jr","Nationwide | Hendrick Motorsports | Chevrolet","Driver",17,
"Racing",2022,"Panini","Chronicles","Base - Chronicles","John Hunter Nemechek","Pye-Barker | Kyle Busch Motorsports | Toyota","Driver",19,
"Racing",2022,"Panini","Chronicles","Base - Chronicles","Harrison Burton","Motorcraft | Wood Brothers Racing | Ford","Driver",20,
"Racing",2022,"Panini","Chronicles","Black","Brittney Zamora","Rackley Roofing | Toyota","Driver",1,
"Racing",2022,"Panini","Chronicles","Black","Jeff Gordon","AARP | Hendrick Motorsports | Chevrolet","Driver",2,
"Racing",2022,"Panini","Chronicles","Black","Ryan Truex","Toyota | Joe Gibbs Racing | Toyota","Driver",3,
"Racing",2022,"Panini","Chronicles","Black","Natalie Decker","NERD Focus | Our Motorsports | Chevrolet","Driver",4,
"Racing",2022,"Panini","Chronicles","Black","Matt Mills","J.F. Electric | B.J. McLeod Motorsports | Chevrolet","Driver",5,
"Racing",2022,"Panini","Chronicles","Black","Denny Hamlin","FedEx Express | Joe Gibbs Racing | Toyota","Driver",6,
"Racing",2022,"Panini","Chronicles","Black","Justin Allgaier","Brandt | JR Motorsports | Chevrolet","Driver",7,
"Racing",2022,"Panini","Chronicles","Black","Ty Gibbs","Monster Energy | Joe Gibbs Racing | Toyota","Driver",8,
"Racing",2022,"Panini","Chronicles","Black","Hailie Deegan","Monster Energy | DGR-Crosley | Ford","Driver",9,
"Racing",2022,"Panini","Chronicles","Black","Kyle Larson","Hendrickcars.com | Hendrick Motorsports | Chevrolet","Driver",10,
"Racing",2022,"Panini","Chronicles","Black","Sheldon Creed","Whelen | Richard Childress Racing | Chevrolet","Driver",11,
"Racing",2022,"Panini","Chronicles","Black","Jimmie Johnson","Kobalt Tools | Hendrick Motorsports | Chevrolet","Driver",12,
"Racing",2022,"Panini","Chronicles","Black","Richard Petty","STP | Petty Enterprises | Plymouth","Driver",13,
"Racing",2022,"Panini","Chronicles","Black","Kevin Harvick","Subway | Stewart-Haas Racing | Ford","Driver",14,
"Racing",2022,"Panini","Chronicles","Black","Dale Earnhardt Jr","National Guard | Hendrick Motorsports | Chevrolet","Driver",15,
"Racing",2022,"Panini","Chronicles","Black","Ross Chastain","AdventHealth | Trackhouse Racing | Chevrolet","Driver",16,
"Racing",2022,"Panini","Chronicles","Black","Tony Stewart","Bass Pro Shops | Stewart-Haas Racing | Chevrolet","Driver",17,
"Racing",2022,"Panini","Chronicles","Black","Chase Elliott","NAPA Auto Parts | Hendrick Motorsports | Chevrolet","Driver",19,
"Racing",2022,"Panini","Chronicles","Black","Erik Jones","Focus Factor | Petty GMS | Chevrolet","Driver",20,
"Racing",2022,"Panini","Chronicles","Black Autographs","Brittney Zamora","Rackley Roofing | Toyota","Driver",1,
"Racing",2022,"Panini","Chronicles","Black Autographs","Ryan Truex","Toyota | Joe Gibbs Racing | Toyota","Driver",3,
"Racing",2022,"Panini","Chronicles","Black Autographs","Natalie Decker","NERD Focus | Our Motorsports | Chevrolet","Driver",4,
"Racing",2022,"Panini","Chronicles","Black Autographs","Matt Mills","J.F. Electric | B.J. McLeod Motorsports | Chevrolet","Driver",5,
"Racing",2022,"Panini","Chronicles","Black Autographs","Denny Hamlin","FedEx Express | Joe Gibbs Racing | Toyota","Driver",6,
"Racing",2022,"Panini","Chronicles","Black Autographs","Justin Allgaier","Brandt | JR Motorsports | Chevrolet","Driver",7,
"Racing",2022,"Panini","Chronicles","Black Autographs","Ty Gibbs","Monster Energy | Joe Gibbs Racing | Toyota","Driver",8,
"Racing",2022,"Panini","Chronicles","Black Autographs","Hailie Deegan","Monster Energy | DGR-Crosley | Ford","Driver",9,
"Racing",2022,"Panini","Chronicles","Black Autographs","Kyle Larson","Hendrickcars.com | Hendrick Motorsports | Chevrolet","Driver",10,
"Racing",2022,"Panini","Chronicles","Black Autographs","Sheldon Creed","Whelen | Richard Childress Racing | Chevrolet","Driver",11,
"Racing",2022,"Panini","Chronicles","Black Autographs","Jimmie Johnson","Kobalt Tools | Hendrick Motorsports | Chevrolet","Driver",12,
"Racing",2022,"Panini","Chronicles","Black Autographs","Richard Petty","STP | Petty Enterprises | Plymouth","Driver",13,
"Racing",2022,"Panini","Chronicles","Black Autographs","Kevin Harvick","Subway | Stewart-Haas Racing | Ford","Driver",14,
"Racing",2022,"Panini","Chronicles","Black Autographs","Dale Earnhardt Jr","National Guard | Hendrick Motorsports | Chevrolet","Driver",15,
"Racing",2022,"Panini","Chronicles","Black Autographs","Ross Chastain","AdventHealth | Trackhouse Racing | Chevrolet","Driver",16,
"Racing",2022,"Panini","Chronicles","Black Autographs","Tony Stewart","Bass Pro Shops | Stewart-Haas Racing | Chevrolet","Driver",17,
"Racing",2022,"Panini","Chronicles","Black Autographs","Alex Bowman","Ally Financial | Hendrick Motorsports | Chevrolet","Driver",18,
"Racing",2022,"Panini","Chronicles","Black Autographs","Chase Elliott","NAPA Auto Parts | Hendrick Motorsports | Chevrolet","Driver",19,
"Racing",2022,"Panini","Chronicles","Black Autographs","Erik Jones","Focus Factor | Petty GMS | Chevrolet","Driver",20,
"Racing",2022,"Panini","Chronicles","Black Autographs Holo Platinum Blue","Brittney Zamora","Rackley Roofing | Toyota","Driver",1,1
"Racing",2022,"Panini","Chronicles","Black Autographs Holo Platinum Blue","Jeff Gordon","AARP | Hendrick Motorsports | Chevrolet","Driver",2,1
"Racing",2022,"Panini","Chronicles","Black Autographs Holo Platinum Blue","Ryan Truex","Toyota | Joe Gibbs Racing | Toyota","Driver",3,1
"Racing",2022,"Panini","Chronicles","Black Autographs Holo Platinum Blue","Natalie Decker","NERD Focus | Our Motorsports | Chevrolet","Driver",4,1
"Racing",2022,"Panini","Chronicles","Black Autographs Holo Platinum Blue","Matt Mills","J.F. Electric | B.J. McLeod Motorsports | Chevrolet","Driver",5,1
"Racing",2022,"Panini","Chronicles","Black Autographs Holo Platinum Blue","Justin Allgaier","Brandt | JR Motorsports | Chevrolet","Driver",7,1
"Racing",2022,"Panini","Chronicles","Black Autographs Holo Platinum Blue","Ty Gibbs","Monster Energy | Joe Gibbs Racing | Toyota","Driver",8,1
"Racing",2022,"Panini","Chronicles","Black Autographs Holo Platinum Blue","Hailie Deegan","Monster Energy | DGR-Crosley | Ford","Driver",9,1
"Racing",2022,"Panini","Chronicles","Black Autographs Holo Platinum Blue","Kyle Larson","Hendrickcars.com | Hendrick Motorsports | Chevrolet","Driver",10,1
"Racing",2022,"Panini","Chronicles","Black Autographs Holo Platinum Blue","Sheldon Creed","Whelen | Richard Childress Racing | Chevrolet","Driver",11,1
"Racing",2022,"Panini","Chronicles","Black Autographs Holo Platinum Blue","Jimmie Johnson","Kobalt Tools | Hendrick Motorsports | Chevrolet","Driver",12,1
"Racing",2022,"Panini","Chronicles","Black Autographs Holo Platinum Blue","Richard Petty","STP | Petty Enterprises | Plymouth","Driver",13,1
"Racing",2022,"Panini","Chronicles","Black Autographs Holo Platinum Blue","Kevin Harvick","Subway | Stewart-Haas Racing | Ford","Driver",14,1
"Racing",2022,"Panini","Chronicles","Black Autographs Holo Platinum Blue","Dale Earnhardt Jr","National Guard | Hendrick Motorsports | Chevrolet","Driver",15,1
"Racing",2022,"Panini","Chronicles","Black Autographs Holo Platinum Blue","Ross Chastain","AdventHealth | Trackhouse Racing | Chevrolet","Driver",16,1
"Racing",2022,"Panini","Chronicles","Black Autographs Holo Platinum Blue","Tony Stewart","Bass Pro Shops | Stewart-Haas Racing | Chevrolet","Driver",17,1
"Racing",2022,"Panini","Chronicles","Black Autographs Holo Platinum Blue","Alex Bowman","Ally Financial | Hendrick Motorsports | Chevrolet","Driver",18,1
"Racing",2022,"Panini","Chronicles","Black Autographs Holo Platinum Blue","Chase Elliott","NAPA Auto Parts | Hendrick Motorsports | Chevrolet","Driver",19,1
"Racing",2022,"Panini","Chronicles","Black Autographs Holo Silver","Brittney Zamora","Rackley Roofing | Toyota","Driver",1,10
"Racing",2022,"Panini","Chronicles","Black Autographs Holo Silver","Jeff Gordon","AARP | Hendrick Motorsports | Chevrolet","Driver",2,2
"Racing",2022,"Panini","Chronicles","Black Autographs Holo Silver","Ryan Truex","Toyota | Joe Gibbs Racing | Toyota","Driver",3,10
"Racing",2022,"Panini","Chronicles","Black Autographs Holo Silver","Natalie Decker","NERD Focus | Our Motorsports | Chevrolet","Driver",4,10
"Racing",2022,"Panini","Chronicles","Black Autographs Holo Silver","Matt Mills","J.F. Electric | B.J. McLeod Motorsports | Chevrolet","Driver",5,10
"Racing",2022,"Panini","Chronicles","Black Autographs Holo Silver","Justin Allgaier","Brandt | JR Motorsports | Chevrolet","Driver",7,10
"Racing",2022,"Panini","Chronicles","Black Autographs Holo Silver","Ty Gibbs","Monster Energy | Joe Gibbs Racing | Toyota","Driver",8,10
"Racing",2022,"Panini","Chronicles","Black Autographs Holo Silver","Kyle Larson","Hendrickcars.com | Hendrick Motorsports | Chevrolet","Driver",10,10
"Racing",2022,"Panini","Chronicles","Black Autographs Holo Silver","Sheldon Creed","Whelen | Richard Childress Racing | Chevrolet","Driver",11,10
"Racing",2022,"Panini","Chronicles","Black Autographs Holo Silver","Jimmie Johnson","Kobalt Tools | Hendrick Motorsports | Chevrolet","Driver",12,7
"Racing",2022,"Panini","Chronicles","Black Autographs Holo Silver","Richard Petty","STP | Petty Enterprises | Plymouth","Driver",13,5
"Racing",2022,"Panini","Chronicles","Black Autographs Holo Silver","Kevin Harvick","Subway | Stewart-Haas Racing | Ford","Driver",14,4
"Racing",2022,"Panini","Chronicles","Black Autographs Holo Silver","Dale Earnhardt Jr","National Guard | Hendrick Motorsports | Chevrolet","Driver",15,10
"Racing",2022,"Panini","Chronicles","Black Autographs Holo Silver","Ross Chastain","AdventHealth | Trackhouse Racing | Chevrolet","Driver",16,10
"Racing",2022,"Panini","Chronicles","Black Autographs Holo Silver","Tony Stewart","Bass Pro Shops | Stewart-Haas Racing | Chevrolet","Driver",17,5
"Racing",2022,"Panini","Chronicles","Black Autographs Holo Silver","Alex Bowman","Ally Financial | Hendrick Motorsports | Chevrolet","Driver",18,5
"Racing",2022,"Panini","Chronicles","Black Autographs Holo Silver","Chase Elliott","NAPA Auto Parts | Hendrick Motorsports | Chevrolet","Driver",19,8
"Racing",2022,"Panini","Chronicles","Black Autographs Holo Silver","Erik Jones","Focus Factor | Petty GMS | Chevrolet","Driver",20,10
"Racing",2022,"Panini","Chronicles","Black Blue","Jeff Gordon","AARP | Hendrick Motorsports | Chevrolet","Driver",2,199
"Racing",2022,"Panini","Chronicles","Black Blue","Ryan Truex","Toyota | Joe Gibbs Racing | Toyota","Driver",3,199
"Racing",2022,"Panini","Chronicles","Black Blue","Natalie Decker","NERD Focus | Our Motorsports | Chevrolet","Driver",4,199
"Racing",2022,"Panini","Chronicles","Black Blue","Matt Mills","J.F. Electric | B.J. McLeod Motorsports | Chevrolet","Driver",5,199
"Racing",2022,"Panini","Chronicles","Black Blue","Denny Hamlin","FedEx Express | Joe Gibbs Racing | Toyota","Driver",6,199
"Racing",2022,"Panini","Chronicles","Black Blue","Justin Allgaier","Brandt | JR Motorsports | Chevrolet","Driver",7,199
"Racing",2022,"Panini","Chronicles","Black Blue","Ty Gibbs","Monster Energy | Joe Gibbs Racing | Toyota","Driver",8,199
"Racing",2022,"Panini","Chronicles","Black Blue","Hailie Deegan","Monster Energy | DGR-Crosley | Ford","Driver",9,199
"Racing",2022,"Panini","Chronicles","Black Blue","Kyle Larson","Hendrickcars.com | Hendrick Motorsports | Chevrolet","Driver",10,199
"Racing",2022,"Panini","Chronicles","Black Blue","Sheldon Creed","Whelen | Richard Childress Racing | Chevrolet","Driver",11,199
"Racing",2022,"Panini","Chronicles","Black Blue","Jimmie Johnson","Kobalt Tools | Hendrick Motorsports | Chevrolet","Driver",12,199
"Racing",2022,"Panini","Chronicles","Black Blue","Richard Petty","STP | Petty Enterprises | Plymouth","Driver",13,199
"Racing",2022,"Panini","Chronicles","Black Blue","Kevin Harvick","Subway | Stewart-Haas Racing | Ford","Driver",14,199
"Racing",2022,"Panini","Chronicles","Black Blue","Ross Chastain","AdventHealth | Trackhouse Racing | Chevrolet","Driver",16,199
"Racing",2022,"Panini","Chronicles","Black Blue","Tony Stewart","Bass Pro Shops | Stewart-Haas Racing | Chevrolet","Driver",17,199
"Racing",2022,"Panini","Chronicles","Black Blue","Alex Bowman","Ally Financial | Hendrick Motorsports | Chevrolet","Driver",18,199
"Racing",2022,"Panini","Chronicles","Black Blue","Chase Elliott","NAPA Auto Parts | Hendrick Motorsports | Chevrolet","Driver",19,199
"Racing",2022,"Panini","Chronicles","Black Blue","Erik Jones","Focus Factor | Petty GMS | Chevrolet","Driver",20,199
"Racing",2022,"Panini","Chronicles","Black Green","Brittney Zamora","Rackley Roofing | Toyota","Driver",1,
"Racing",2022,"Panini","Chronicles","Black Green","Jeff Gordon","AARP | Hendrick Motorsports | Chevrolet","Driver",2,
"Racing",2022,"Panini","Chronicles","Black Green","Ryan Truex","Toyota | Joe Gibbs Racing | Toyota","Driver",3,
"Racing",2022,"Panini","Chronicles","Black Green","Natalie Decker","NERD Focus | Our Motorsports | Chevrolet","Driver",4,
"Racing",2022,"Panini","Chronicles","Black Green","Matt Mills","J.F. Electric | B.J. McLeod Motorsports | Chevrolet","Driver",5,
"Racing",2022,"Panini","Chronicles","Black Green","Denny Hamlin","FedEx Express | Joe Gibbs Racing | Toyota","Driver",6,
"Racing",2022,"Panini","Chronicles","Black Green","Justin Allgaier","Brandt | JR Motorsports | Chevrolet","Driver",7,
"Racing",2022,"Panini","Chronicles","Black Green","Ty Gibbs","Monster Energy | Joe Gibbs Racing | Toyota","Driver",8,
"Racing",2022,"Panini","Chronicles","Black Green","Hailie Deegan","Monster Energy | DGR-Crosley | Ford","Driver",9,
"Racing",2022,"Panini","Chronicles","Black Green","Kyle Larson","Hendrickcars.com | Hendrick Motorsports | Chevrolet","Driver",10,
"Racing",2022,"Panini","Chronicles","Black Green","Sheldon Creed","Whelen | Richard Childress Racing | Chevrolet","Driver",11,
"Racing",2022,"Panini","Chronicles","Black Green","Richard Petty","STP | Petty Enterprises | Plymouth","Driver",13,
"Racing",2022,"Panini","Chronicles","Black Green","Kevin Harvick","Subway | Stewart-Haas Racing | Ford","Driver",14,
"Racing",2022,"Panini","Chronicles","Black Green","Ross Chastain","AdventHealth | Trackhouse Racing | Chevrolet","Driver",16,
"Racing",2022,"Panini","Chronicles","Black Green","Tony Stewart","Bass Pro Shops | Stewart-Haas Racing | Chevrolet","Driver",17,
"Racing",2022,"Panini","Chronicles","Black Green","Alex Bowman","Ally Financial | Hendrick Motorsports | Chevrolet","Driver",18,
"Racing",2022,"Panini","Chronicles","Black Green","Chase Elliott","NAPA Auto Parts | Hendrick Motorsports | Chevrolet","Driver",19,
"Racing",2022,"Panini","Chronicles","Black Green","Erik Jones","Focus Factor | Petty GMS | Chevrolet","Driver",20,
"Racing",2022,"Panini","Chronicles","Black Holo Platinum Blue","Brittney Zamora","Rackley Roofing | Toyota","Driver",1,1
"Racing",2022,"Panini","Chronicles","Black Holo Platinum Blue","Jeff Gordon","AARP | Hendrick Motorsports | Chevrolet","Driver",2,1
"Racing",2022,"Panini","Chronicles","Black Holo Platinum Blue","Ryan Truex","Toyota | Joe Gibbs Racing | Toyota","Driver",3,1
"Racing",2022,"Panini","Chronicles","Black Holo Platinum Blue","Natalie Decker","NERD Focus | Our Motorsports | Chevrolet","Driver",4,1
"Racing",2022,"Panini","Chronicles","Black Holo Platinum Blue","Matt Mills","J.F. Electric | B.J. McLeod Motorsports | Chevrolet","Driver",5,1
"Racing",2022,"Panini","Chronicles","Black Holo Platinum Blue","Denny Hamlin","FedEx Express | Joe Gibbs Racing | Toyota","Driver",6,1
"Racing",2022,"Panini","Chronicles","Black Holo Platinum Blue","Justin Allgaier","Brandt | JR Motorsports | Chevrolet","Driver",7,1
"Racing",2022,"Panini","Chronicles","Black Holo Platinum Blue","Ty Gibbs","Monster Energy | Joe Gibbs Racing | Toyota","Driver",8,1
"Racing",2022,"Panini","Chronicles","Black Holo Platinum Blue","Hailie Deegan","Monster Energy | DGR-Crosley | Ford","Driver",9,1
"Racing",2022,"Panini","Chronicles","Black Holo Platinum Blue","Kyle Larson","Hendrickcars.com | Hendrick Motorsports | Chevrolet","Driver",10,1
"Racing",2022,"Panini","Chronicles","Black Holo Platinum Blue","Sheldon Creed","Whelen | Richard Childress Racing | Chevrolet","Driver",11,1
"Racing",2022,"Panini","Chronicles","Black Holo Platinum Blue","Jimmie Johnson","Kobalt Tools | Hendrick Motorsports | Chevrolet","Driver",12,1
"Racing",2022,"Panini","Chronicles","Black Holo Platinum Blue","Richard Petty","STP | Petty Enterprises | Plymouth","Driver",13,1
"Racing",2022,"Panini","Chronicles","Black Holo Platinum Blue","Kevin Harvick","Subway | Stewart-Haas Racing | Ford","Driver",14,1
"Racing",2022,"Panini","Chronicles","Black Holo Platinum Blue","Dale Earnhardt Jr","National Guard | Hendrick Motorsports | Chevrolet","Driver",15,1
"Racing",2022,"Panini","Chronicles","Black Holo Platinum Blue","Ross Chastain","AdventHealth | Trackhouse Racing | Chevrolet","Driver",16,1
"Racing",2022,"Panini","Chronicles","Black Holo Platinum Blue","Tony Stewart","Bass Pro Shops | Stewart-Haas Racing | Chevrolet","Driver",17,1
"Racing",2022,"Panini","Chronicles","Black Holo Platinum Blue","Alex Bowman","Ally Financial | Hendrick Motorsports | Chevrolet","Driver",18,1
"Racing",2022,"Panini","Chronicles","Black Holo Platinum Blue","Chase Elliott","NAPA Auto Parts | Hendrick Motorsports | Chevrolet","Driver",19,1
"Racing",2022,"Panini","Chronicles","Black Holo Platinum Blue","Erik Jones","Focus Factor | Petty GMS | Chevrolet","Driver",20,1
"Racing",2022,"Panini","Chronicles","Black Holo Silver","Brittney Zamora","Rackley Roofing | Toyota","Driver",1,10
"Racing",2022,"Panini","Chronicles","Black Holo Silver","Jeff Gordon","AARP | Hendrick Motorsports | Chevrolet","Driver",2,10
"Racing",2022,"Panini","Chronicles","Black Holo Silver","Ryan Truex","Toyota | Joe Gibbs Racing | Toyota","Driver",3,10
"Racing",2022,"Panini","Chronicles","Black Holo Silver","Matt Mills","J.F. Electric | B.J. McLeod Motorsports | Chevrolet","Driver",5,10
"Racing",2022,"Panini","Chronicles","Black Holo Silver","Denny Hamlin","FedEx Express | Joe Gibbs Racing | Toyota","Driver",6,10
"Racing",2022,"Panini","Chronicles","Black Holo Silver","Ty Gibbs","Monster Energy | Joe Gibbs Racing | Toyota","Driver",8,10
"Racing",2022,"Panini","Chronicles","Black Holo Silver","Hailie Deegan","Monster Energy | DGR-Crosley | Ford","Driver",9,10
"Racing",2022,"Panini","Chronicles","Black Holo Silver","Kyle Larson","Hendrickcars.com | Hendrick Motorsports | Chevrolet","Driver",10,10
"Racing",2022,"Panini","Chronicles","Black Holo Silver","Sheldon Creed","Whelen | Richard Childress Racing | Chevrolet","Driver",11,10
"Racing",2022,"Panini","Chronicles","Black Holo Silver","Jimmie Johnson","Kobalt Tools | Hendrick Motorsports | Chevrolet","Driver",12,10
"Racing",2022,"Panini","Chronicles","Black Holo Silver","Richard Petty","STP | Petty Enterprises | Plymouth","Driver",13,10
"Racing",2022,"Panini","Chronicles","Black Holo Silver","Kevin Harvick","Subway | Stewart-Haas Racing | Ford","Driver",14,10
"Racing",2022,"Panini","Chronicles","Black Holo Silver","Dale Earnhardt Jr","National Guard | Hendrick Motorsports | Chevrolet","Driver",15,10
"Racing",2022,"Panini","Chronicles","Black Holo Silver","Ross Chastain","AdventHealth | Trackhouse Racing | Chevrolet","Driver",16,10
"Racing",2022,"Panini","Chronicles","Black Holo Silver","Tony Stewart","Bass Pro Shops | Stewart-Haas Racing | Chevrolet","Driver",17,10
"Racing",2022,"Panini","Chronicles","Black Holo Silver","Chase Elliott","NAPA Auto Parts | Hendrick Motorsports | Chevrolet","Driver",19,10
"Racing",2022,"Panini","Chronicles","Black Holo Silver","Erik Jones","Focus Factor | Petty GMS | Chevrolet","Driver",20,10
"Racing",2022,"Panini","Chronicles","Black Purple","Jeff Gordon","AARP | Hendrick Motorsports | Chevrolet","Driver",2,25
"Racing",2022,"Panini","Chronicles","Black Purple","Ryan Truex","Toyota | Joe Gibbs Racing | Toyota","Driver",3,25
"Racing",2022,"Panini","Chronicles","Black Purple","Natalie Decker","NERD Focus | Our Motorsports | Chevrolet","Driver",4,25
"Racing",2022,"Panini","Chronicles","Black Purple","Matt Mills","J.F. Electric | B.J. McLeod Motorsports | Chevrolet","Driver",5,25
"Racing",2022,"Panini","Chronicles","Black Purple","Denny Hamlin","FedEx Express | Joe Gibbs Racing | Toyota","Driver",6,25
"Racing",2022,"Panini","Chronicles","Black Purple","Justin Allgaier","Brandt | JR Motorsports | Chevrolet","Driver",7,25
"Racing",2022,"Panini","Chronicles","Black Purple","Ty Gibbs","Monster Energy | Joe Gibbs Racing | Toyota","Driver",8,25
"Racing",2022,"Panini","Chronicles","Black Purple","Hailie Deegan","Monster Energy | DGR-Crosley | Ford","Driver",9,25
"Racing",2022,"Panini","Chronicles","Black Purple","Kyle Larson","Hendrickcars.com | Hendrick Motorsports | Chevrolet","Driver",10,25
"Racing",2022,"Panini","Chronicles","Black Purple","Sheldon Creed","Whelen | Richard Childress Racing | Chevrolet","Driver",11,25
"Racing",2022,"Panini","Chronicles","Black Purple","Jimmie Johnson","Kobalt Tools | Hendrick Motorsports | Chevrolet","Driver",12,25
"Racing",2022,"Panini","Chronicles","Black Purple","Richard Petty","STP | Petty Enterprises | Plymouth","Driver",13,25
"Racing",2022,"Panini","Chronicles","Black Purple","Kevin Harvick","Subway | Stewart-Haas Racing | Ford","Driver",14,25
"Racing",2022,"Panini","Chronicles","Black Purple","Dale Earnhardt Jr","National Guard | Hendrick Motorsports | Chevrolet","Driver",15,25
"Racing",2022,"Panini","Chronicles","Black Purple","Ross Chastain","AdventHealth | Trackhouse Racing | Chevrolet","Driver",16,25
"Racing",2022,"Panini","Chronicles","Black Purple","Tony Stewart","Bass Pro Shops | Stewart-Haas Racing | Chevrolet","Driver",17,25
"Racing",2022,"Panini","Chronicles","Black Purple","Alex Bowman","Ally Financial | Hendrick Motorsports | Chevrolet","Driver",18,25
"Racing",2022,"Panini","Chronicles","Black Purple","Chase Elliott","NAPA Auto Parts | Hendrick Motorsports | Chevrolet","Driver",19,25
"Racing",2022,"Panini","Chronicles","Black Purple","Erik Jones","Focus Factor | Petty GMS | Chevrolet","Driver",20,25
"Racing",2022,"Panini","Chronicles","Black Red","Jeff Gordon","AARP | Hendrick Motorsports | Chevrolet","Driver",2,99
"Racing",2022,"Panini","Chronicles","Black Red","Ryan Truex","Toyota | Joe Gibbs Racing | Toyota","Driver",3,99
"Racing",2022,"Panini","Chronicles","Black Red","Matt Mills","J.F. Electric | B.J. McLeod Motorsports | Chevrolet","Driver",5,99
"Racing",2022,"Panini","Chronicles","Black Red","Denny Hamlin","FedEx Express | Joe Gibbs Racing | Toyota","Driver",6,99
"Racing",2022,"Panini","Chronicles","Black Red","Justin Allgaier","Brandt | JR Motorsports | Chevrolet","Driver",7,99
"Racing",2022,"Panini","Chronicles","Black Red","Ty Gibbs","Monster Energy | Joe Gibbs Racing | Toyota","Driver",8,99
"Racing",2022,"Panini","Chronicles","Black Red","Hailie Deegan","Monster Energy | DGR-Crosley | Ford","Driver",9,99
"Racing",2022,"Panini","Chronicles","Black Red","Kyle Larson","Hendrickcars.com | Hendrick Motorsports | Chevrolet","Driver",10,99
"Racing",2022,"Panini","Chronicles","Black Red","Sheldon Creed","Whelen | Richard Childress Racing | Chevrolet","Driver",11,99
"Racing",2022,"Panini","Chronicles","Black Red","Jimmie Johnson","Kobalt Tools | Hendrick Motorsports | Chevrolet","Driver",12,99
"Racing",2022,"Panini","Chronicles","Black Red","Richard Petty","STP | Petty Enterprises | Plymouth","Driver",13,99
"Racing",2022,"Panini","Chronicles","Black Red","Kevin Harvick","Subway | Stewart-Haas Racing | Ford","Driver",14,99
"Racing",2022,"Panini","Chronicles","Black Red","Dale Earnhardt Jr","National Guard | Hendrick Motorsports | Chevrolet","Driver",15,99
"Racing",2022,"Panini","Chronicles","Black Red","Ross Chastain","AdventHealth | Trackhouse Racing | Chevrolet","Driver",16,99
"Racing",2022,"Panini","Chronicles","Black Red","Tony Stewart","Bass Pro Shops | Stewart-Haas Racing | Chevrolet","Driver",17,99
"Racing",2022,"Panini","Chronicles","Black Red","Chase Elliott","NAPA Auto Parts | Hendrick Motorsports | Chevrolet","Driver",19,99
"Racing",2022,"Panini","Chronicles","Black Red","Erik Jones","Focus Factor | Petty GMS | Chevrolet","Driver",20,99
"Racing",2022,"Panini","Chronicles","Chronicles Autographs","Timmy Hill","CrashClaimsR.us/Icard Merrill | Carl Long Racing | Dodge","Driver",2,
"Racing",2022,"Panini","Chronicles","Chronicles Autographs","Kyle Weatherman","Wolfpack Racing | Mike Harmon Racing | Chevrolet","Driver",3,
"Racing",2022,"Panini","Chronicles","Chronicles Autographs","Brandon Brown","Vero | Brandonbilt Motorsports | Chevrolet","Driver",4,
"Racing",2022,"Panini","Chronicles","Chronicles Autographs","Austin Hill","United Rentals | Hattori Racing Enterprises | Toyota","Driver",5,
"Racing",2022,"Panini","Chronicles","Chronicles Autographs","Chris Buescher","Fastenal | RFK Racing | Ford","Driver",6,
"Racing",2022,"Panini","Chronicles","Chronicles Autographs","Corey LaJoie","Built Bar | Spire Motorsports | Chevrolet","Driver",7,
"Racing",2022,"Panini","Chronicles","Chronicles Autographs","Denny Hamlin","FedEx Express | Joe Gibbs Racing | Toyota","Driver",9,
"Racing",2022,"Panini","Chronicles","Chronicles Autographs","Alex Labbe","Can Am | DGM Racing | Chevrolet","Driver",10,
"Racing",2022,"Panini","Chronicles","Chronicles Autographs","Derek Kraus","NAPA | Bill McAnally Racing | Toyota","Driver",11,
"Racing",2022,"Panini","Chronicles","Chronicles Autographs","Toni Breidinger","ARCA Menards","Driver",12,
"Racing",2022,"Panini","Chronicles","Chronicles Autographs","Justin Haley","LeafFilter | Kaulig Racing | Chevrolet","Driver",13,
"Racing",2022,"Panini","Chronicles","Chronicles Autographs","Noah Gragson","Bass Pro Shops | JR Motorsports | Chevrolet","Driver",14,
"Racing",2022,"Panini","Chronicles","Chronicles Autographs","Brandon Jones","Menards | Joe Gibbs Racing | Toyota","Driver",15,
"Racing",2022,"Panini","Chronicles","Chronicles Autographs","Spencer Boyd","1A Auto | Young Motorsports | Chevrolet","Driver",16,
"Racing",2022,"Panini","Chronicles","Chronicles Autographs","Dale Earnhardt Jr","Nationwide | Hendrick Motorsports | Chevrolet","Driver",17,
"Racing",2022,"Panini","Chronicles","Chronicles Autographs","Austin Cindric","Menards | Team Penske | Ford","Driver",18,
"Racing",2022,"Panini","Chronicles","Chronicles Autographs","John Hunter Nemechek","Mobil 1 | Kyle Busch Motorsports | Toyota","Driver",19,
"Racing",2022,"Panini","Chronicles","Chronicles Autographs","Harrison Burton","Sports Force Parks | Toyota","Driver",20,
"Racing",2022,"Panini","Chronicles","Chronicles Autographs Black","Jimmie Johnson","Lowe's | Hendrick Motorsports | Chevrolet","Driver",1,1
"Racing",2022,"Panini","Chronicles","Chronicles Autographs Black","Kyle Weatherman","Wolfpack Racing | Mike Harmon Racing | Chevrolet","Driver",3,1
"Racing",2022,"Panini","Chronicles","Chronicles Autographs Black","Brandon Brown","Vero | Brandonbilt Motorsports | Chevrolet","Driver",4,1
"Racing",2022,"Panini","Chronicles","Chronicles Autographs Black","Austin Hill","United Rentals | Hattori Racing Enterprises | Toyota","Driver",5,1
"Racing",2022,"Panini","Chronicles","Chronicles Autographs Black","Chris Buescher","Fastenal | RFK Racing | Ford","Driver",6,1
"Racing",2022,"Panini","Chronicles","Chronicles Autographs Black","Corey LaJoie","Built Bar | Spire Motorsports | Chevrolet","Driver",7,1
"Racing",2022,"Panini","Chronicles","Chronicles Autographs Black","Denny Hamlin","FedEx Express | Joe Gibbs Racing | Toyota","Driver",9,1
"Racing",2022,"Panini","Chronicles","Chronicles Autographs Black","Alex Labbe","Can Am | DGM Racing | Chevrolet","Driver",10,1
"Racing",2022,"Panini","Chronicles","Chronicles Autographs Black","Derek Kraus","NAPA | Bill McAnally Racing | Toyota","Driver",11,1
"Racing",2022,"Panini","Chronicles","Chronicles Autographs Black","Toni Breidinger","ARCA Menards","Driver",12,1
"Racing",2022,"Panini","Chronicles","Chronicles Autographs Black","Justin Haley","LeafFilter | Kaulig Racing | Chevrolet","Driver",13,1
"Racing",2022,"Panini","Chronicles","Chronicles Autographs Black","Noah Gragson","Bass Pro Shops | JR Motorsports | Chevrolet","Driver",14,1
"Racing",2022,"Panini","Chronicles","Chronicles Autographs Black","Brandon Jones","Menards | Joe Gibbs Racing | Toyota","Driver",15,1
"Racing",2022,"Panini","Chronicles","Chronicles Autographs Black","Spencer Boyd","1A Auto | Young Motorsports | Chevrolet","Driver",16,1
"Racing",2022,"Panini","Chronicles","Chronicles Autographs Black","Dale Earnhardt Jr","Nationwide | Hendrick Motorsports | Chevrolet","Driver",17,1
"Racing",2022,"Panini","Chronicles","Chronicles Autographs Black","Austin Cindric","Menards | Team Penske | Ford","Driver",18,1
"Racing",2022,"Panini","Chronicles","Chronicles Autographs Black","John Hunter Nemechek","Mobil 1 | Kyle Busch Motorsports | Toyota","Driver",19,1
"Racing",2022,"Panini","Chronicles","Chronicles Autographs Black","Harrison Burton","Sports Force Parks | Toyota","Driver",20,1
"Racing",2022,"Panini","Chronicles","Chronicles Autographs Gold","Jimmie Johnson","Lowe's | Hendrick Motorsports | Chevrolet","Driver",1,5
"Racing",2022,"Panini","Chronicles","Chronicles Autographs Gold","Kyle Weatherman","Wolfpack Racing | Mike Harmon Racing | Chevrolet","Driver",3,10
"Racing",2022,"Panini","Chronicles","Chronicles Autographs Gold","Brandon Brown","Vero | Brandonbilt Motorsports | Chevrolet","Driver",4,10
"Racing",2022,"Panini","Chronicles","Chronicles Autographs Gold","Austin Hill","United Rentals | Hattori Racing Enterprises | Toyota","Driver",5,10
"Racing",2022,"Panini","Chronicles","Chronicles Autographs Gold","Chris Buescher","Fastenal | RFK Racing | Ford","Driver",6,10
"Racing",2022,"Panini","Chronicles","Chronicles Autographs Gold","Corey LaJoie","Built Bar | Spire Motorsports | Chevrolet","Driver",7,10
"Racing",2022,"Panini","Chronicles","Chronicles Autographs Gold","Ben Rhodes","Bombardier | ThorSport Racing | Toyota","Driver",8,10
"Racing",2022,"Panini","Chronicles","Chronicles Autographs Gold","Denny Hamlin","FedEx Express | Joe Gibbs Racing | Toyota","Driver",9,10
"Racing",2022,"Panini","Chronicles","Chronicles Autographs Gold","Alex Labbe","Can Am | DGM Racing | Chevrolet","Driver",10,10
"Racing",2022,"Panini","Chronicles","Chronicles Autographs Gold","Toni Breidinger","ARCA Menards","Driver",12,10
"Racing",2022,"Panini","Chronicles","Chronicles Autographs Gold","Justin Haley","LeafFilter | Kaulig Racing | Chevrolet","Driver",13,10
"Racing",2022,"Panini","Chronicles","Chronicles Autographs Gold","Noah Gragson","Bass Pro Shops | JR Motorsports | Chevrolet","Driver",14,10
"Racing",2022,"Panini","Chronicles","Chronicles Autographs Gold","Brandon Jones","Menards | Joe Gibbs Racing | Toyota","Driver",15,10
"Racing",2022,"Panini","Chronicles","Chronicles Autographs Gold","Spencer Boyd","1A Auto | Young Motorsports | Chevrolet","Driver",16,10
"Racing",2022,"Panini","Chronicles","Chronicles Autographs Gold","Dale Earnhardt Jr","Nationwide | Hendrick Motorsports | Chevrolet","Driver",17,5
"Racing",2022,"Panini","Chronicles","Chronicles Autographs Gold","Austin Cindric","Menards | Team Penske | Ford","Driver",18,10
"Racing",2022,"Panini","Chronicles","Chronicles Autographs Gold","John Hunter Nemechek","Mobil 1 | Kyle Busch Motorsports | Toyota","Driver",19,10
"Racing",2022,"Panini","Chronicles","Chronicles Autographs Gold","Harrison Burton","Sports Force Parks | Toyota","Driver",20,10
"Racing",2022,"Panini","Chronicles","Chronicles Autographs Purple","Jimmie Johnson","Lowe's | Hendrick Motorsports | Chevrolet","Driver",1,7
"Racing",2022,"Panini","Chronicles","Chronicles Autographs Purple","Kyle Weatherman","Wolfpack Racing | Mike Harmon Racing | Chevrolet","Driver",3,25
"Racing",2022,"Panini","Chronicles","Chronicles Autographs Purple","Brandon Brown","Vero | Brandonbilt Motorsports | Chevrolet","Driver",4,25
"Racing",2022,"Panini","Chronicles","Chronicles Autographs Purple","Chris Buescher","Fastenal | RFK Racing | Ford","Driver",6,25
"Racing",2022,"Panini","Chronicles","Chronicles Autographs Purple","Corey LaJoie","Built Bar | Spire Motorsports | Chevrolet","Driver",7,25
"Racing",2022,"Panini","Chronicles","Chronicles Autographs Purple","Ben Rhodes","Bombardier | ThorSport Racing | Toyota","Driver",8,25
"Racing",2022,"Panini","Chronicles","Chronicles Autographs Purple","Denny Hamlin","FedEx Express | Joe Gibbs Racing | Toyota","Driver",9,25
"Racing",2022,"Panini","Chronicles","Chronicles Autographs Purple","Alex Labbe","Can Am | DGM Racing | Chevrolet","Driver",10,25
"Racing",2022,"Panini","Chronicles","Chronicles Autographs Purple","Derek Kraus","NAPA | Bill McAnally Racing | Toyota","Driver",11,25
"Racing",2022,"Panini","Chronicles","Chronicles Autographs Purple","Toni Breidinger","ARCA Menards","Driver",12,25
"Racing",2022,"Panini","Chronicles","Chronicles Autographs Purple","Justin Haley","LeafFilter | Kaulig Racing | Chevrolet","Driver",13,25
"Racing",2022,"Panini","Chronicles","Chronicles Autographs Purple","Noah Gragson","Bass Pro Shops | JR Motorsports | Chevrolet","Driver",14,25
"Racing",2022,"Panini","Chronicles","Chronicles Autographs Purple","Brandon Jones","Menards | Joe Gibbs Racing | Toyota","Driver",15,25
"Racing",2022,"Panini","Chronicles","Chronicles Autographs Purple","Spencer Boyd","1A Auto | Young Motorsports | Chevrolet","Driver",16,25
"Racing",2022,"Panini","Chronicles","Chronicles Autographs Purple","Dale Earnhardt Jr","Nationwide | Hendrick Motorsports | Chevrolet","Driver",17,10
"Racing",2022,"Panini","Chronicles","Chronicles Autographs Purple","Austin Cindric","Menards | Team Penske | Ford","Driver",18,25
"Racing",2022,"Panini","Chronicles","Chronicles Autographs Purple","John Hunter Nemechek","Mobil 1 | Kyle Busch Motorsports | Toyota","Driver",19,25
"Racing",2022,"Panini","Chronicles","Chronicles Autographs Purple","Harrison Burton","Sports Force Parks | Toyota","Driver",20,25
"Racing",2022,"Panini","Chronicles","Chronicles Black","Jimmie Johnson","Lowe's | Hendrick Motorsports | Chevrolet","Driver",1,1
"Racing",2022,"Panini","Chronicles","Chronicles Black","Kyle Weatherman","Wolfpack Racing | Mike Harmon Racing | Chevrolet","Driver",3,1
"Racing",2022,"Panini","Chronicles","Chronicles Black","Brandon Brown","TradetheChain | Brandonbilt Motorsports | Chevrolet","Driver",4,1
"Racing",2022,"Panini","Chronicles","Chronicles Black","Austin Hill","Bennett | Richard Childress Racing | Chevrolet","Driver",5,1
"Racing",2022,"Panini","Chronicles","Chronicles Black","Chris Buescher","Fastenal | RFK Racing | Ford","Driver",6,1
"Racing",2022,"Panini","Chronicles","Chronicles Black","Corey LaJoie","Built Bar | Spire Motorsports | Chevrolet","Driver",7,1
"Racing",2022,"Panini","Chronicles","Chronicles Black","Denny Hamlin","FedEx Express | Joe Gibbs Racing | Toyota","Driver",9,1
"Racing",2022,"Panini","Chronicles","Chronicles Black","Alex Labbe","Can Am | DGM Racing | Chevrolet","Driver",10,1
"Racing",2022,"Panini","Chronicles","Chronicles Black","Derek Kraus","Shockwave | McAnally-Hilgemann Racing | Toyota","Driver",11,1
"Racing",2022,"Panini","Chronicles","Chronicles Black","Toni Breidinger","ARCA Menards","Driver",12,1
"Racing",2022,"Panini","Chronicles","Chronicles Black","Justin Haley","LeafFilter | Kaulig Racing | Chevrolet","Driver",13,1
"Racing",2022,"Panini","Chronicles","Chronicles Black","Noah Gragson","Bass Pro Shops | JR Motorsports | Chevrolet","Driver",14,1
"Racing",2022,"Panini","Chronicles","Chronicles Black","Brandon Jones","Menards | Joe Gibbs Racing | Toyota","Driver",15,1
"Racing",2022,"Panini","Chronicles","Chronicles Black","Spencer Boyd","RimTyme | Young's Motorsports | Chevrolet","Driver",16,1
"Racing",2022,"Panini","Chronicles","Chronicles Black","Dale Earnhardt Jr","Nationwide | Hendrick Motorsports | Chevrolet","Driver",17,1
"Racing",2022,"Panini","Chronicles","Chronicles Black","Austin Cindric","Quaker State | Team Penske | Ford","Driver",18,1
"Racing",2022,"Panini","Chronicles","Chronicles Black","Harrison Burton","Motorcraft | Wood Brothers Racing | Ford","Driver",20,1
"Racing",2022,"Panini","Chronicles","Chronicles Blue","Jimmie Johnson","Lowe's | Hendrick Motorsports | Chevrolet","Driver",1,199
"Racing",2022,"Panini","Chronicles","Chronicles Blue","Timmy Hill","CrashClaimsR.us/Icard Merrill | Carl Long Racing | Dodge","Driver",2,199
"Racing",2022,"Panini","Chronicles","Chronicles Blue","Kyle Weatherman","Wolfpack Racing | Mike Harmon Racing | Chevrolet","Driver",3,199
"Racing",2022,"Panini","Chronicles","Chronicles Blue","Brandon Brown","TradetheChain | Brandonbilt Motorsports | Chevrolet","Driver",4,199
"Racing",2022,"Panini","Chronicles","Chronicles Blue","Austin Hill","Bennett | Richard Childress Racing | Chevrolet","Driver",5,199
"Racing",2022,"Panini","Chronicles","Chronicles Blue","Chris Buescher","Fastenal | RFK Racing | Ford","Driver",6,199
"Racing",2022,"Panini","Chronicles","Chronicles Blue","Corey LaJoie","Built Bar | Spire Motorsports | Chevrolet","Driver",7,199
"Racing",2022,"Panini","Chronicles","Chronicles Blue","Denny Hamlin","FedEx Express | Joe Gibbs Racing | Toyota","Driver",9,199
"Racing",2022,"Panini","Chronicles","Chronicles Blue","Alex Labbe","Can Am | DGM Racing | Chevrolet","Driver",10,199
"Racing",2022,"Panini","Chronicles","Chronicles Blue","Derek Kraus","Shockwave | McAnally-Hilgemann Racing | Toyota","Driver",11,199
"Racing",2022,"Panini","Chronicles","Chronicles Blue","Toni Breidinger","ARCA Menards","Driver",12,199
"Racing",2022,"Panini","Chronicles","Chronicles Blue","Justin Haley","LeafFilter | Kaulig Racing | Chevrolet","Driver",13,199
"Racing",2022,"Panini","Chronicles","Chronicles Blue","Noah Gragson","Bass Pro Shops | JR Motorsports | Chevrolet","Driver",14,199
"Racing",2022,"Panini","Chronicles","Chronicles Blue","Brandon Jones","Menards | Joe Gibbs Racing | Toyota","Driver",15,199
"Racing",2022,"Panini","Chronicles","Chronicles Blue","Dale Earnhardt Jr","Nationwide | Hendrick Motorsports | Chevrolet","Driver",17,199
"Racing",2022,"Panini","Chronicles","Chronicles Blue","Austin Cindric","Quaker State | Team Penske | Ford","Driver",18,199
"Racing",2022,"Panini","Chronicles","Chronicles Blue","John Hunter Nemechek","Pye-Barker | Kyle Busch Motorsports | Toyota","Driver",19,199
"Racing",2022,"Panini","Chronicles","Chronicles Blue","Harrison Burton","Motorcraft | Wood Brothers Racing | Ford","Driver",20,199
"Racing",2022,"Panini","Chronicles","Chronicles Gold","Jimmie Johnson","Lowe's | Hendrick Motorsports | Chevrolet","Driver",1,10
"Racing",2022,"Panini","Chronicles","Chronicles Gold","Timmy Hill","CrashClaimsR.us/Icard Merrill | Carl Long Racing | Dodge","Driver",2,10
"Racing",2022,"Panini","Chronicles","Chronicles Gold","Kyle Weatherman","Wolfpack Racing | Mike Harmon Racing | Chevrolet","Driver",3,10
"Racing",2022,"Panini","Chronicles","Chronicles Gold","Brandon Brown","TradetheChain | Brandonbilt Motorsports | Chevrolet","Driver",4,10
"Racing",2022,"Panini","Chronicles","Chronicles Gold","Austin Hill","Bennett | Richard Childress Racing | Chevrolet","Driver",5,10
"Racing",2022,"Panini","Chronicles","Chronicles Gold","Chris Buescher","Fastenal | RFK Racing | Ford","Driver",6,10
"Racing",2022,"Panini","Chronicles","Chronicles Gold","Corey LaJoie","Built Bar | Spire Motorsports | Chevrolet","Driver",7,10
"Racing",2022,"Panini","Chronicles","Chronicles Gold","Ben Rhodes","Tenda | ThorSports Racing | Ford","Driver",8,10
"Racing",2022,"Panini","Chronicles","Chronicles Gold","Denny Hamlin","FedEx Express | Joe Gibbs Racing | Toyota","Driver",9,10
"Racing",2022,"Panini","Chronicles","Chronicles Gold","Alex Labbe","Can Am | DGM Racing | Chevrolet","Driver",10,10
"Racing",2022,"Panini","Chronicles","Chronicles Gold","Derek Kraus","Shockwave | McAnally-Hilgemann Racing | Toyota","Driver",11,10
"Racing",2022,"Panini","Chronicles","Chronicles Gold","Toni Breidinger","ARCA Menards","Driver",12,10
"Racing",2022,"Panini","Chronicles","Chronicles Gold","Justin Haley","LeafFilter | Kaulig Racing | Chevrolet","Driver",13,10
"Racing",2022,"Panini","Chronicles","Chronicles Gold","Noah Gragson","Bass Pro Shops | JR Motorsports | Chevrolet","Driver",14,10
"Racing",2022,"Panini","Chronicles","Chronicles Gold","Brandon Jones","Menards | Joe Gibbs Racing | Toyota","Driver",15,10
"Racing",2022,"Panini","Chronicles","Chronicles Gold","Spencer Boyd","RimTyme | Young's Motorsports | Chevrolet","Driver",16,10
"Racing",2022,"Panini","Chronicles","Chronicles Gold","Dale Earnhardt Jr","Nationwide | Hendrick Motorsports | Chevrolet","Driver",17,10
"Racing",2022,"Panini","Chronicles","Chronicles Gold","Austin Cindric","Quaker State | Team Penske | Ford","Driver",18,10
"Racing",2022,"Panini","Chronicles","Chronicles Gold","John Hunter Nemechek","Pye-Barker | Kyle Busch Motorsports | Toyota","Driver",19,10
"Racing",2022,"Panini","Chronicles","Chronicles Gold","Harrison Burton","Motorcraft | Wood Brothers Racing | Ford","Driver",20,10
"Racing",2022,"Panini","Chronicles","Chronicles Purple","Jimmie Johnson","Lowe's | Hendrick Motorsports | Chevrolet","Driver",1,25
"Racing",2022,"Panini","Chronicles","Chronicles Purple","Timmy Hill","CrashClaimsR.us/Icard Merrill | Carl Long Racing | Dodge","Driver",2,25
"Racing",2022,"Panini","Chronicles","Chronicles Purple","Kyle Weatherman","Wolfpack Racing | Mike Harmon Racing | Chevrolet","Driver",3,25
"Racing",2022,"Panini","Chronicles","Chronicles Purple","Brandon Brown","TradetheChain | Brandonbilt Motorsports | Chevrolet","Driver",4,25
"Racing",2022,"Panini","Chronicles","Chronicles Purple","Chris Buescher","Fastenal | RFK Racing | Ford","Driver",6,25
"Racing",2022,"Panini","Chronicles","Chronicles Purple","Corey LaJoie","Built Bar | Spire Motorsports | Chevrolet","Driver",7,25
"Racing",2022,"Panini","Chronicles","Chronicles Purple","Ben Rhodes","Tenda | ThorSports Racing | Ford","Driver",8,25
"Racing",2022,"Panini","Chronicles","Chronicles Purple","Denny Hamlin","FedEx Express | Joe Gibbs Racing | Toyota","Driver",9,25
"Racing",2022,"Panini","Chronicles","Chronicles Purple","Alex Labbe","Can Am | DGM Racing | Chevrolet","Driver",10,25
"Racing",2022,"Panini","Chronicles","Chronicles Purple","Derek Kraus","Shockwave | McAnally-Hilgemann Racing | Toyota","Driver",11,25
"Racing",2022,"Panini","Chronicles","Chronicles Purple","Toni Breidinger","ARCA Menards","Driver",12,25
"Racing",2022,"Panini","Chronicles","Chronicles Purple","Justin Haley","LeafFilter | Kaulig Racing | Chevrolet","Driver",13,25
"Racing",2022,"Panini","Chronicles","Chronicles Purple","Noah Gragson","Bass Pro Shops | JR Motorsports | Chevrolet","Driver",14,25
"Racing",2022,"Panini","Chronicles","Chronicles Purple","Brandon Jones","Menards | Joe Gibbs Racing | Toyota","Driver",15,25
"Racing",2022,"Panini","Chronicles","Chronicles Purple","Spencer Boyd","RimTyme | Young's Motorsports | Chevrolet","Driver",16,25
"Racing",2022,"Panini","Chronicles","Chronicles Purple","Dale Earnhardt Jr","Nationwide | Hendrick Motorsports | Chevrolet","Driver",17,25
"Racing",2022,"Panini","Chronicles","Chronicles Purple","Austin Cindric","Quaker State | Team Penske | Ford","Driver",18,25
"Racing",2022,"Panini","Chronicles","Chronicles Purple","Harrison Burton","Motorcraft | Wood Brothers Racing | Ford","Driver",20,25
"Racing",2022,"Panini","Chronicles","Chronicles Red","Jimmie Johnson","Lowe's | Hendrick Motorsports | Chevrolet","Driver",1,99
"Racing",2022,"Panini","Chronicles","Chronicles Red","Timmy Hill","CrashClaimsR.us/Icard Merrill | Carl Long Racing | Dodge","Driver",2,99
"Racing",2022,"Panini","Chronicles","Chronicles Red","Kyle Weatherman","Wolfpack Racing | Mike Harmon Racing | Chevrolet","Driver",3,99
"Racing",2022,"Panini","Chronicles","Chronicles Red","Brandon Brown","TradetheChain | Brandonbilt Motorsports | Chevrolet","Driver",4,99
"Racing",2022,"Panini","Chronicles","Chronicles Red","Austin Hill","Bennett | Richard Childress Racing | Chevrolet","Driver",5,99
"Racing",2022,"Panini","Chronicles","Chronicles Red","Chris Buescher","Fastenal | RFK Racing | Ford","Driver",6,99
"Racing",2022,"Panini","Chronicles","Chronicles Red","Corey LaJoie","Built Bar | Spire Motorsports | Chevrolet","Driver",7,99
"Racing",2022,"Panini","Chronicles","Chronicles Red","Ben Rhodes","Tenda | ThorSports Racing | Ford","Driver",8,99
"Racing",2022,"Panini","Chronicles","Chronicles Red","Denny Hamlin","FedEx Express | Joe Gibbs Racing | Toyota","Driver",9,99
"Racing",2022,"Panini","Chronicles","Chronicles Red","Alex Labbe","Can Am | DGM Racing | Chevrolet","Driver",10,99
"Racing",2022,"Panini","Chronicles","Chronicles Red","Derek Kraus","Shockwave | McAnally-Hilgemann Racing | Toyota","Driver",11,99
"Racing",2022,"Panini","Chronicles","Chronicles Red","Toni Breidinger","ARCA Menards","Driver",12,99
"Racing",2022,"Panini","Chronicles","Chronicles Red","Justin Haley","LeafFilter | Kaulig Racing | Chevrolet","Driver",13,99
"Racing",2022,"Panini","Chronicles","Chronicles Red","Noah Gragson","Bass Pro Shops | JR Motorsports | Chevrolet","Driver",14,99
"Racing",2022,"Panini","Chronicles","Chronicles Red","Brandon Jones","Menards | Joe Gibbs Racing | Toyota","Driver",15,99
"Racing",2022,"Panini","Chronicles","Chronicles Red","Dale Earnhardt Jr","Nationwide | Hendrick Motorsports | Chevrolet","Driver",17,99
"Racing",2022,"Panini","Chronicles","Chronicles Red","Austin Cindric","Quaker State | Team Penske | Ford","Driver",18,99
"Racing",2022,"Panini","Chronicles","Chronicles Red","John Hunter Nemechek","Pye-Barker | Kyle Busch Motorsports | Toyota","Driver",19,99
"Racing",2022,"Panini","Chronicles","Chronicles Red","Harrison Burton","Motorcraft | Wood Brothers Racing | Ford","Driver",20,99
"Racing",2022,"Panini","Chronicles","Chronicles Swatches","Anthony Alfredo","Dude Wipes | Front Row Motorsports | Ford","Driver",1,
"Racing",2022,"Panini","Chronicles","Chronicles Swatches","Aric Almirola","Smithfield Foods | Stewart-Haas Racing | Ford","Driver",2,
"Racing",2022,"Panini","Chronicles","Chronicles Swatches","Daniel Suarez","Tootsie's | Trackhouse Racing | Chevrolet","Driver",4,
"Racing",2022,"Panini","Chronicles","Chronicles Swatches","John Hunter Nemechek","Mobil 1 | Kyle Busch Motorsports | Toyota","Driver",5,
"Racing",2022,"Panini","Chronicles","Chronicles Swatches","Ryan Blaney","Menards | Team Penske | Ford","Driver",7,
"Racing",2022,"Panini","Chronicles","Chronicles Swatches","Tyler Reddick","Caterpillar | Richard Childress Racing | Chevrolet","Driver",8,
"Racing",2022,"Panini","Chronicles","Chronicles Swatches","Kyle Busch","M&M's | Joe Gibbs Racing | Toyota","Driver",9,
"Racing",2022,"Panini","Chronicles","Chronicles Swatches","Chase Elliott","NAPA Auto Parts | Hendrick Motorsports | Chevrolet","Driver",10,
"Racing",2022,"Panini","Chronicles","Chronicles Swatches Holo Gold","Anthony Alfredo","Dude Wipes | Front Row Motorsports | Ford","Driver",1,10
"Racing",2022,"Panini","Chronicles","Chronicles Swatches Holo Gold","Aric Almirola","Smithfield Foods | Stewart-Haas Racing | Ford","Driver",2,10
"Racing",2022,"Panini","Chronicles","Chronicles Swatches Holo Gold","Daniel Suarez","Tootsie's | Trackhouse Racing | Chevrolet","Driver",4,10
"Racing",2022,"Panini","Chronicles","Chronicles Swatches Holo Gold","John Hunter Nemechek","Mobil 1 | Kyle Busch Motorsports | Toyota","Driver",5,10
"Racing",2022,"Panini","Chronicles","Chronicles Swatches Holo Gold","Ryan Blaney","Menards | Team Penske | Ford","Driver",7,10
"Racing",2022,"Panini","Chronicles","Chronicles Swatches Holo Gold","Tyler Reddick","Caterpillar | Richard Childress Racing | Chevrolet","Driver",8,10
"Racing",2022,"Panini","Chronicles","Chronicles Swatches Holo Gold","Kyle Busch","M&M's | Joe Gibbs Racing | Toyota","Driver",9,10
"Racing",2022,"Panini","Chronicles","Chronicles Swatches Holo Gold","Chase Elliott","NAPA Auto Parts | Hendrick Motorsports | Chevrolet","Driver",10,10
"Racing",2022,"Panini","Chronicles","Chronicles Swatches Holo Platinum Blue","Anthony Alfredo","Dude Wipes | Front Row Motorsports | Ford","Driver",1,1
"Racing",2022,"Panini","Chronicles","Chronicles Swatches Holo Platinum Blue","Aric Almirola","Smithfield Foods | Stewart-Haas Racing | Ford","Driver",2,1
"Racing",2022,"Panini","Chronicles","Chronicles Swatches Holo Platinum Blue","Daniel Suarez","Tootsie's | Trackhouse Racing | Chevrolet","Driver",4,1
"Racing",2022,"Panini","Chronicles","Chronicles Swatches Holo Platinum Blue","John Hunter Nemechek","Mobil 1 | Kyle Busch Motorsports | Toyota","Driver",5,1
"Racing",2022,"Panini","Chronicles","Chronicles Swatches Holo Platinum Blue","Ryan Blaney","Menards | Team Penske | Ford","Driver",7,1
"Racing",2022,"Panini","Chronicles","Chronicles Swatches Holo Platinum Blue","Tyler Reddick","Caterpillar | Richard Childress Racing | Chevrolet","Driver",8,1
"Racing",2022,"Panini","Chronicles","Chronicles Swatches Holo Platinum Blue","Kyle Busch","M&M's | Joe Gibbs Racing | Toyota","Driver",9,1
"Racing",2022,"Panini","Chronicles","Chronicles Swatches Holo Platinum Blue","Chase Elliott","NAPA Auto Parts | Hendrick Motorsports | Chevrolet","Driver",10,1
"Racing",2022,"Panini","Chronicles","Chronicles Swatches Holo Silver","Anthony Alfredo","Dude Wipes | Front Row Motorsports | Ford","Driver",1,25
"Racing",2022,"Panini","Chronicles","Chronicles Swatches Holo Silver","Daniel Suarez","Tootsie's | Trackhouse Racing | Chevrolet","Driver",4,25
"Racing",2022,"Panini","Chronicles","Chronicles Swatches Holo Silver","John Hunter Nemechek","Mobil 1 | Kyle Busch Motorsports | Toyota","Driver",5,25
"Racing",2022,"Panini","Chronicles","Chronicles Swatches Holo Silver","Ryan Blaney","Menards | Team Penske | Ford","Driver",7,25
"Racing",2022,"Panini","Chronicles","Chronicles Swatches Holo Silver","Tyler Reddick","Caterpillar | Richard Childress Racing | Chevrolet","Driver",8,25
"Racing",2022,"Panini","Chronicles","Chronicles Swatches Holo Silver","Kyle Busch","M&M's | Joe Gibbs Racing | Toyota","Driver",9,25
"Racing",2022,"Panini","Chronicles","Chronicles Swatches Holo Silver","Chase Elliott","NAPA Auto Parts | Hendrick Motorsports | Chevrolet","Driver",10,25
"Racing",2022,"Panini","Chronicles","Chronicles Swatches Laundry Tags","Anthony Alfredo","Dude Wipes | Front Row Motorsports | Ford","Driver",1,1
"Racing",2022,"Panini","Chronicles","Chronicles Swatches Laundry Tags","Aric Almirola","Smithfield Foods | Stewart-Haas Racing | Ford","Driver",2,1
"Racing",2022,"Panini","Chronicles","Chronicles Swatches Laundry Tags","Daniel Suarez","Tootsie's | Trackhouse Racing | Chevrolet","Driver",4,1
"Racing",2022,"Panini","Chronicles","Chronicles Swatches Laundry Tags","John Hunter Nemechek","Mobil 1 | Kyle Busch Motorsports | Toyota","Driver",5,1
"Racing",2022,"Panini","Chronicles","Chronicles Swatches Laundry Tags","Ryan Blaney","Menards | Team Penske | Ford","Driver",7,1
"Racing",2022,"Panini","Chronicles","Chronicles Swatches Laundry Tags","Tyler Reddick","Caterpillar | Richard Childress Racing | Chevrolet","Driver",8,1
"Racing",2022,"Panini","Chronicles","Chronicles Swatches Laundry Tags","Kyle Busch","M&M's | Joe Gibbs Racing | Toyota","Driver",9,1
"Racing",2022,"Panini","Chronicles","Chronicles Swatches Laundry Tags","Chase Elliott","NAPA Auto Parts | Hendrick Motorsports | Chevrolet","Driver",10,1
"Racing",2022,"Panini","Chronicles","Chronicles Swatches Red","Anthony Alfredo","Dude Wipes | Front Row Motorsports | Ford","Driver",1,99
"Racing",2022,"Panini","Chronicles","Chronicles Swatches Red","Aric Almirola","Smithfield Foods | Stewart-Haas Racing | Ford","Driver",2,99
"Racing",2022,"Panini","Chronicles","Chronicles Swatches Red","Daniel Suarez","Tootsie's | Trackhouse Racing | Chevrolet","Driver",4,99
"Racing",2022,"Panini","Chronicles","Chronicles Swatches Red","John Hunter Nemechek","Mobil 1 | Kyle Busch Motorsports | Toyota","Driver",5,99
"Racing",2022,"Panini","Chronicles","Chronicles Swatches Red","Ryan Blaney","Menards | Team Penske | Ford","Driver",7,99
"Racing",2022,"Panini","Chronicles","Chronicles Swatches Red","Tyler Reddick","Caterpillar | Richard Childress Racing | Chevrolet","Driver",8,99
"Racing",2022,"Panini","Chronicles","Chronicles Swatches Red","Chase Elliott","NAPA Auto Parts | Hendrick Motorsports | Chevrolet","Driver",10,99
"Racing",2022,"Panini","Chronicles","Clear Vision","Jeff Gordon","DuPont | Hendrick Motorsports | Chevrolet","Driver",1,
"Racing",2022,"Panini","Chronicles","Clear Vision","Santino Ferrucci","Toyota Racing | Sam Hunt Racing | Toyota","Driver",2,
"Racing",2022,"Panini","Chronicles","Clear Vision","Brad Keselowski","Violet Defense | RFK Racing | Ford","Driver",3,
"Racing",2022,"Panini","Chronicles","Clear Vision","Kyle Busch","M&M's | Joe Gibbs Racing | Toyota","Driver",4,
"Racing",2022,"Panini","Chronicles","Clear Vision","Jimmie Johnson","Lowe's | Hendrick Motorsports | Chevrolet","Driver",5,
"Racing",2022,"Panini","Chronicles","Clear Vision","Toni Breidinger","ARCA Menards","Driver",6,
"Racing",2022,"Panini","Chronicles","Clear Vision","Brittney Zamora","Rackley Roofing | Toyota","Driver",7,
"Racing",2022,"Panini","Chronicles","Clear Vision","William Byron","AXALTA | Hendrick Motorsports | Chevrolet","Driver",8,
"Racing",2022,"Panini","Chronicles","Clear Vision","Tony Stewart","Bass Pro Shops | Stewart-Haas Racing | Chevrolet","Driver",9,
"Racing",2022,"Panini","Chronicles","Clear Vision","Joey Logano","Shell-Pennzoil | Team Penske | Ford","Driver",10,
"Racing",2022,"Panini","Chronicles","Clear Vision","Bubba Wallace","McDonald's | 23XI Racing | Toyota","Driver",11,
"Racing",2022,"Panini","Chronicles","Clear Vision","Dale Earnhardt Jr","National Guard | Hendrick Motorsports | Chevrolet","Driver",13,
"Racing",2022,"Panini","Chronicles","Clear Vision","Nick Sanchez","ARCA Menards","Driver",14,
"Racing",2022,"Panini","Chronicles","Clear Vision","Hailie Deegan","Monster Energy | DGR-Crosley | Ford","Driver",16,
"Racing",2022,"Panini","Chronicles","Clear Vision","Ryan Ellis","Four Loko | Alpha Prime Racing | Chevrolet","Driver",17,
"Racing",2022,"Panini","Chronicles","Clear Vision","Jade Buford","Big Machine Racing","Driver",18,
"Racing",2022,"Panini","Chronicles","Clear Vision","Richard Petty","STP | Petty Enterprises | Plymouth","Driver",19,
"Racing",2022,"Panini","Chronicles","Clear Vision","Stefan Parsons","Sokal Digital | B.J. McLeod Motorsports | Chevrolet","Driver",20,
"Racing",2022,"Panini","Chronicles","Clear Vision","Denny Hamlin","FedEx Express | Joe Gibbs Racing | Toyota","Driver",21,
"Racing",2022,"Panini","Chronicles","Clear Vision","Kyle Larson","Hendrickcars.com | Hendrick Motorsports | Chevrolet","Driver",22,
"Racing",2022,"Panini","Chronicles","Clear Vision","Danica Patrick","GoDaddy.com | Premium Motorsports | Chevrolet","Driver",23,
"Racing",2022,"Panini","Chronicles","Clear Vision","Tyler Ankrum","Liuna | GMS Racing | Chevrolet","Driver",25,
"Racing",2022,"Panini","Chronicles","Clear Vision","Ty Gibbs","Monster Energy | Joe Gibbs Racing | Toyota","Driver",26,
"Racing",2022,"Panini","Chronicles","Clear Vision","Alex Bowman","Ally Financial | Hendrick Motorsports | Chevrolet","Driver",27,
"Racing",2022,"Panini","Chronicles","Clear Vision","Ryan Blaney","Menards | Team Penske | Ford","Driver",28,
"Racing",2022,"Panini","Chronicles","Clear Vision","Austin Dillon","Bass Pro Shops | Richard Childress Racing | Chevrolet","Driver",29,
"Racing",2022,"Panini","Chronicles","Clear Vision","Chase Elliott","NAPA Auto Parts | Hendrick Motorsports | Chevrolet","Driver",30,
"Racing",2022,"Panini","Chronicles","Clear Vision Black","Jeff Gordon","DuPont | Hendrick Motorsports | Chevrolet","Driver",1,1
"Racing",2022,"Panini","Chronicles","Clear Vision Black","Santino Ferrucci","Toyota Racing | Sam Hunt Racing | Toyota","Driver",2,1
"Racing",2022,"Panini","Chronicles","Clear Vision Black","Brad Keselowski","Violet Defense | RFK Racing | Ford","Driver",3,1
"Racing",2022,"Panini","Chronicles","Clear Vision Black","Kyle Busch","M&M's | Joe Gibbs Racing | Toyota","Driver",4,1
"Racing",2022,"Panini","Chronicles","Clear Vision Black","Jimmie Johnson","Lowe's | Hendrick Motorsports | Chevrolet","Driver",5,1
"Racing",2022,"Panini","Chronicles","Clear Vision Black","Toni Breidinger","ARCA Menards","Driver",6,1
"Racing",2022,"Panini","Chronicles","Clear Vision Black","Brittney Zamora","Rackley Roofing | Toyota","Driver",7,1
"Racing",2022,"Panini","Chronicles","Clear Vision Black","William Byron","AXALTA | Hendrick Motorsports | Chevrolet","Driver",8,1
"Racing",2022,"Panini","Chronicles","Clear Vision Black","Tony Stewart","Bass Pro Shops | Stewart-Haas Racing | Chevrolet","Driver",9,1
"Racing",2022,"Panini","Chronicles","Clear Vision Black","Joey Logano","Shell-Pennzoil | Team Penske | Ford","Driver",10,1
"Racing",2022,"Panini","Chronicles","Clear Vision Black","Bubba Wallace","McDonald's | 23XI Racing | Toyota","Driver",11,1
"Racing",2022,"Panini","Chronicles","Clear Vision Black","Kevin Harvick","Hunt Brothers Pizza | Stewart-Haas Racing | Ford","Driver",12,1
"Racing",2022,"Panini","Chronicles","Clear Vision Black","Dale Earnhardt Jr","National Guard | Hendrick Motorsports | Chevrolet","Driver",13,1
"Racing",2022,"Panini","Chronicles","Clear Vision Black","Nick Sanchez","ARCA Menards","Driver",14,1
"Racing",2022,"Panini","Chronicles","Clear Vision Black","Martin Truex Jr.","Bass Pro Shops | Joe Gibbs Racing | Toyota","Driver",15,1
"Racing",2022,"Panini","Chronicles","Clear Vision Black","Hailie Deegan","Monster Energy | DGR-Crosley | Ford","Driver",16,1
"Racing",2022,"Panini","Chronicles","Clear Vision Black","Ryan Ellis","Four Loko | Alpha Prime Racing | Chevrolet","Driver",17,1
"Racing",2022,"Panini","Chronicles","Clear Vision Black","Jade Buford","Big Machine Racing","Driver",18,1
"Racing",2022,"Panini","Chronicles","Clear Vision Black","Stefan Parsons","Sokal Digital | B.J. McLeod Motorsports | Chevrolet","Driver",20,1
"Racing",2022,"Panini","Chronicles","Clear Vision Black","Denny Hamlin","FedEx Express | Joe Gibbs Racing | Toyota","Driver",21,1
"Racing",2022,"Panini","Chronicles","Clear Vision Black","Kyle Larson","Hendrickcars.com | Hendrick Motorsports | Chevrolet","Driver",22,1
"Racing",2022,"Panini","Chronicles","Clear Vision Black","Danica Patrick","GoDaddy.com | Premium Motorsports | Chevrolet","Driver",23,1
"Racing",2022,"Panini","Chronicles","Clear Vision Black","Sammy Smith","ARCA Menards East Series","Driver",24,1
"Racing",2022,"Panini","Chronicles","Clear Vision Black","Tyler Ankrum","Liuna | GMS Racing | Chevrolet","Driver",25,1
"Racing",2022,"Panini","Chronicles","Clear Vision Black","Ty Gibbs","Monster Energy | Joe Gibbs Racing | Toyota","Driver",26,1
"Racing",2022,"Panini","Chronicles","Clear Vision Black","Alex Bowman","Ally Financial | Hendrick Motorsports | Chevrolet","Driver",27,1
"Racing",2022,"Panini","Chronicles","Clear Vision Black","Ryan Blaney","Menards | Team Penske | Ford","Driver",28,1
"Racing",2022,"Panini","Chronicles","Clear Vision Black","Austin Dillon","Bass Pro Shops | Richard Childress Racing | Chevrolet","Driver",29,1
"Racing",2022,"Panini","Chronicles","Clear Vision Black","Chase Elliott","NAPA Auto Parts | Hendrick Motorsports | Chevrolet","Driver",30,1
"Racing",2022,"Panini","Chronicles","Clear Vision Blue","Jeff Gordon","DuPont | Hendrick Motorsports | Chevrolet","Driver",1,50
"Racing",2022,"Panini","Chronicles","Clear Vision Blue","Santino Ferrucci","Toyota Racing | Sam Hunt Racing | Toyota","Driver",2,50
"Racing",2022,"Panini","Chronicles","Clear Vision Blue","Brad Keselowski","Violet Defense | RFK Racing | Ford","Driver",3,50
"Racing",2022,"Panini","Chronicles","Clear Vision Blue","Jimmie Johnson","Lowe's | Hendrick Motorsports | Chevrolet","Driver",5,50
"Racing",2022,"Panini","Chronicles","Clear Vision Blue","Toni Breidinger","ARCA Menards","Driver",6,50
"Racing",2022,"Panini","Chronicles","Clear Vision Blue","Brittney Zamora","Rackley Roofing | Toyota","Driver",7,50
"Racing",2022,"Panini","Chronicles","Clear Vision Blue","William Byron","AXALTA | Hendrick Motorsports | Chevrolet","Driver",8,50
"Racing",2022,"Panini","Chronicles","Clear Vision Blue","Tony Stewart","Bass Pro Shops | Stewart-Haas Racing | Chevrolet","Driver",9,50
"Racing",2022,"Panini","Chronicles","Clear Vision Blue","Joey Logano","Shell-Pennzoil | Team Penske | Ford","Driver",10,50
"Racing",2022,"Panini","Chronicles","Clear Vision Blue","Bubba Wallace","McDonald's | 23XI Racing | Toyota","Driver",11,50
"Racing",2022,"Panini","Chronicles","Clear Vision Blue","Kevin Harvick","Hunt Brothers Pizza | Stewart-Haas Racing | Ford","Driver",12,50
"Racing",2022,"Panini","Chronicles","Clear Vision Blue","Dale Earnhardt Jr","National Guard | Hendrick Motorsports | Chevrolet","Driver",13,50
"Racing",2022,"Panini","Chronicles","Clear Vision Blue","Martin Truex Jr.","Bass Pro Shops | Joe Gibbs Racing | Toyota","Driver",15,50
"Racing",2022,"Panini","Chronicles","Clear Vision Blue","Hailie Deegan","Monster Energy | DGR-Crosley | Ford","Driver",16,50
"Racing",2022,"Panini","Chronicles","Clear Vision Blue","Ryan Ellis","Four Loko | Alpha Prime Racing | Chevrolet","Driver",17,50
"Racing",2022,"Panini","Chronicles","Clear Vision Blue","Jade Buford","Big Machine Racing","Driver",18,50
"Racing",2022,"Panini","Chronicles","Clear Vision Blue","Richard Petty","STP | Petty Enterprises | Plymouth","Driver",19,50
"Racing",2022,"Panini","Chronicles","Clear Vision Blue","Stefan Parsons","Sokal Digital | B.J. McLeod Motorsports | Chevrolet","Driver",20,50
"Racing",2022,"Panini","Chronicles","Clear Vision Blue","Denny Hamlin","FedEx Express | Joe Gibbs Racing | Toyota","Driver",21,50
"Racing",2022,"Panini","Chronicles","Clear Vision Blue","Kyle Larson","Hendrickcars.com | Hendrick Motorsports | Chevrolet","Driver",22,50
"Racing",2022,"Panini","Chronicles","Clear Vision Blue","Danica Patrick","GoDaddy.com | Premium Motorsports | Chevrolet","Driver",23,50
"Racing",2022,"Panini","Chronicles","Clear Vision Blue","Sammy Smith","ARCA Menards East Series","Driver",24,50
"Racing",2022,"Panini","Chronicles","Clear Vision Blue","Tyler Ankrum","Liuna | GMS Racing | Chevrolet","Driver",25,50
"Racing",2022,"Panini","Chronicles","Clear Vision Blue","Ryan Blaney","Menards | Team Penske | Ford","Driver",28,50
"Racing",2022,"Panini","Chronicles","Clear Vision Blue","Austin Dillon","Bass Pro Shops | Richard Childress Racing | Chevrolet","Driver",29,50
"Racing",2022,"Panini","Chronicles","Clear Vision Blue","Chase Elliott","NAPA Auto Parts | Hendrick Motorsports | Chevrolet","Driver",30,50
"Racing",2022,"Panini","Chronicles","Clear Vision Gold","Jeff Gordon","DuPont | Hendrick Motorsports | Chevrolet","Driver",1,10
"Racing",2022,"Panini","Chronicles","Clear Vision Gold","Santino Ferrucci","Toyota Racing | Sam Hunt Racing | Toyota","Driver",2,10
"Racing",2022,"Panini","Chronicles","Clear Vision Gold","Brad Keselowski","Violet Defense | RFK Racing | Ford","Driver",3,10
"Racing",2022,"Panini","Chronicles","Clear Vision Gold","Kyle Busch","M&M's | Joe Gibbs Racing | Toyota","Driver",4,10
"Racing",2022,"Panini","Chronicles","Clear Vision Gold","Brittney Zamora","Rackley Roofing | Toyota","Driver",7,10
"Racing",2022,"Panini","Chronicles","Clear Vision Gold","William Byron","AXALTA | Hendrick Motorsports | Chevrolet","Driver",8,10
"Racing",2022,"Panini","Chronicles","Clear Vision Gold","Tony Stewart","Bass Pro Shops | Stewart-Haas Racing | Chevrolet","Driver",9,10
"Racing",2022,"Panini","Chronicles","Clear Vision Gold","Joey Logano","Shell-Pennzoil | Team Penske | Ford","Driver",10,10
"Racing",2022,"Panini","Chronicles","Clear Vision Gold","Bubba Wallace","McDonald's | 23XI Racing | Toyota","Driver",11,10
"Racing",2022,"Panini","Chronicles","Clear Vision Gold","Kevin Harvick","Hunt Brothers Pizza | Stewart-Haas Racing | Ford","Driver",12,10
"Racing",2022,"Panini","Chronicles","Clear Vision Gold","Dale Earnhardt Jr","National Guard | Hendrick Motorsports | Chevrolet","Driver",13,10
"Racing",2022,"Panini","Chronicles","Clear Vision Gold","Nick Sanchez","ARCA Menards","Driver",14,10
"Racing",2022,"Panini","Chronicles","Clear Vision Gold","Martin Truex Jr.","Bass Pro Shops | Joe Gibbs Racing | Toyota","Driver",15,10
"Racing",2022,"Panini","Chronicles","Clear Vision Gold","Hailie Deegan","Monster Energy | DGR-Crosley | Ford","Driver",16,10
"Racing",2022,"Panini","Chronicles","Clear Vision Gold","Ryan Ellis","Four Loko | Alpha Prime Racing | Chevrolet","Driver",17,10
"Racing",2022,"Panini","Chronicles","Clear Vision Gold","Jade Buford","Big Machine Racing","Driver",18,10
"Racing",2022,"Panini","Chronicles","Clear Vision Gold","Richard Petty","STP | Petty Enterprises | Plymouth","Driver",19,10
"Racing",2022,"Panini","Chronicles","Clear Vision Gold","Stefan Parsons","Sokal Digital | B.J. McLeod Motorsports | Chevrolet","Driver",20,10
"Racing",2022,"Panini","Chronicles","Clear Vision Gold","Denny Hamlin","FedEx Express | Joe Gibbs Racing | Toyota","Driver",21,10
"Racing",2022,"Panini","Chronicles","Clear Vision Gold","Kyle Larson","Hendrickcars.com | Hendrick Motorsports | Chevrolet","Driver",22,10
"Racing",2022,"Panini","Chronicles","Clear Vision Gold","Danica Patrick","GoDaddy.com | Premium Motorsports | Chevrolet","Driver",23,10
"Racing",2022,"Panini","Chronicles","Clear Vision Gold","Sammy Smith","ARCA Menards East Series","Driver",24,10
"Racing",2022,"Panini","Chronicles","Clear Vision Gold","Tyler Ankrum","Liuna | GMS Racing | Chevrolet","Driver",25,10
"Racing",2022,"Panini","Chronicles","Clear Vision Gold","Ty Gibbs","Monster Energy | Joe Gibbs Racing | Toyota","Driver",26,10
"Racing",2022,"Panini","Chronicles","Clear Vision Gold","Alex Bowman","Ally Financial | Hendrick Motorsports | Chevrolet","Driver",27,10
"Racing",2022,"Panini","Chronicles","Clear Vision Gold","Ryan Blaney","Menards | Team Penske | Ford","Driver",28,10
"Racing",2022,"Panini","Chronicles","Clear Vision Gold","Austin Dillon","Bass Pro Shops | Richard Childress Racing | Chevrolet","Driver",29,10
"Racing",2022,"Panini","Chronicles","Clear Vision Gold","Chase Elliott","NAPA Auto Parts | Hendrick Motorsports | Chevrolet","Driver",30,10
"Racing",2022,"Panini","Chronicles","Clear Vision Green","Jeff Gordon","DuPont | Hendrick Motorsports | Chevrolet","Driver",1,5
"Racing",2022,"Panini","Chronicles","Clear Vision Green","Santino Ferrucci","Toyota Racing | Sam Hunt Racing | Toyota","Driver",2,5
"Racing",2022,"Panini","Chronicles","Clear Vision Green","Brad Keselowski","Violet Defense | RFK Racing | Ford","Driver",3,5
"Racing",2022,"Panini","Chronicles","Clear Vision Green","Kyle Busch","M&M's | Joe Gibbs Racing | Toyota","Driver",4,5
"Racing",2022,"Panini","Chronicles","Clear Vision Green","Jimmie Johnson","Lowe's | Hendrick Motorsports | Chevrolet","Driver",5,5
"Racing",2022,"Panini","Chronicles","Clear Vision Green","Toni Breidinger","ARCA Menards","Driver",6,5
"Racing",2022,"Panini","Chronicles","Clear Vision Green","Brittney Zamora","Rackley Roofing | Toyota","Driver",7,5
"Racing",2022,"Panini","Chronicles","Clear Vision Green","William Byron","AXALTA | Hendrick Motorsports | Chevrolet","Driver",8,5
"Racing",2022,"Panini","Chronicles","Clear Vision Green","Tony Stewart","Bass Pro Shops | Stewart-Haas Racing | Chevrolet","Driver",9,5
"Racing",2022,"Panini","Chronicles","Clear Vision Green","Joey Logano","Shell-Pennzoil | Team Penske | Ford","Driver",10,5
"Racing",2022,"Panini","Chronicles","Clear Vision Green","Kevin Harvick","Hunt Brothers Pizza | Stewart-Haas Racing | Ford","Driver",12,5
"Racing",2022,"Panini","Chronicles","Clear Vision Green","Dale Earnhardt Jr","National Guard | Hendrick Motorsports | Chevrolet","Driver",13,5
"Racing",2022,"Panini","Chronicles","Clear Vision Green","Nick Sanchez","ARCA Menards","Driver",14,5
"Racing",2022,"Panini","Chronicles","Clear Vision Green","Martin Truex Jr.","Bass Pro Shops | Joe Gibbs Racing | Toyota","Driver",15,5
"Racing",2022,"Panini","Chronicles","Clear Vision Green","Hailie Deegan","Monster Energy | DGR-Crosley | Ford","Driver",16,5
"Racing",2022,"Panini","Chronicles","Clear Vision Green","Ryan Ellis","Four Loko | Alpha Prime Racing | Chevrolet","Driver",17,5
"Racing",2022,"Panini","Chronicles","Clear Vision Green","Jade Buford","Big Machine Racing","Driver",18,5
"Racing",2022,"Panini","Chronicles","Clear Vision Green","Richard Petty","STP | Petty Enterprises | Plymouth","Driver",19,5
"Racing",2022,"Panini","Chronicles","Clear Vision Green","Stefan Parsons","Sokal Digital | B.J. McLeod Motorsports | Chevrolet","Driver",20,5
"Racing",2022,"Panini","Chronicles","Clear Vision Green","Denny Hamlin","FedEx Express | Joe Gibbs Racing | Toyota","Driver",21,5
"Racing",2022,"Panini","Chronicles","Clear Vision Green","Kyle Larson","Hendrickcars.com | Hendrick Motorsports | Chevrolet","Driver",22,5
"Racing",2022,"Panini","Chronicles","Clear Vision Green","Danica Patrick","GoDaddy.com | Premium Motorsports | Chevrolet","Driver",23,5
"Racing",2022,"Panini","Chronicles","Clear Vision Green","Sammy Smith","ARCA Menards East Series","Driver",24,5
"Racing",2022,"Panini","Chronicles","Clear Vision Green","Tyler Ankrum","Liuna | GMS Racing | Chevrolet","Driver",25,5
"Racing",2022,"Panini","Chronicles","Clear Vision Green","Ty Gibbs","Monster Energy | Joe Gibbs Racing | Toyota","Driver",26,5
"Racing",2022,"Panini","Chronicles","Clear Vision Green","Alex Bowman","Ally Financial | Hendrick Motorsports | Chevrolet","Driver",27,5
"Racing",2022,"Panini","Chronicles","Clear Vision Green","Ryan Blaney","Menards | Team Penske | Ford","Driver",28,5
"Racing",2022,"Panini","Chronicles","Clear Vision Green","Austin Dillon","Bass Pro Shops | Richard Childress Racing | Chevrolet","Driver",29,5
"Racing",2022,"Panini","Chronicles","Clear Vision Green","Chase Elliott","NAPA Auto Parts | Hendrick Motorsports | Chevrolet","Driver",30,5
"Racing",2022,"Panini","Chronicles","Clear Vision Purple","Santino Ferrucci","Toyota Racing | Sam Hunt Racing | Toyota","Driver",2,25
"Racing",2022,"Panini","Chronicles","Clear Vision Purple","Brad Keselowski","Violet Defense | RFK Racing | Ford","Driver",3,25
"Racing",2022,"Panini","Chronicles","Clear Vision Purple","Kyle Busch","M&M's | Joe Gibbs Racing | Toyota","Driver",4,25
"Racing",2022,"Panini","Chronicles","Clear Vision Purple","Jimmie Johnson","Lowe's | Hendrick Motorsports | Chevrolet","Driver",5,25
"Racing",2022,"Panini","Chronicles","Clear Vision Purple","Toni Breidinger","ARCA Menards","Driver",6,25
"Racing",2022,"Panini","Chronicles","Clear Vision Purple","Brittney Zamora","Rackley Roofing | Toyota","Driver",7,25
"Racing",2022,"Panini","Chronicles","Clear Vision Purple","William Byron","AXALTA | Hendrick Motorsports | Chevrolet","Driver",8,25
"Racing",2022,"Panini","Chronicles","Clear Vision Purple","Tony Stewart","Bass Pro Shops | Stewart-Haas Racing | Chevrolet","Driver",9,25
"Racing",2022,"Panini","Chronicles","Clear Vision Purple","Joey Logano","Shell-Pennzoil | Team Penske | Ford","Driver",10,25
"Racing",2022,"Panini","Chronicles","Clear Vision Purple","Bubba Wallace","McDonald's | 23XI Racing | Toyota","Driver",11,25
"Racing",2022,"Panini","Chronicles","Clear Vision Purple","Dale Earnhardt Jr","National Guard | Hendrick Motorsports | Chevrolet","Driver",13,25
"Racing",2022,"Panini","Chronicles","Clear Vision Purple","Nick Sanchez","ARCA Menards","Driver",14,25
"Racing",2022,"Panini","Chronicles","Clear Vision Purple","Hailie Deegan","Monster Energy | DGR-Crosley | Ford","Driver",16,25
"Racing",2022,"Panini","Chronicles","Clear Vision Purple","Ryan Ellis","Four Loko | Alpha Prime Racing | Chevrolet","Driver",17,25
"Racing",2022,"Panini","Chronicles","Clear Vision Purple","Jade Buford","Big Machine Racing","Driver",18,25
"Racing",2022,"Panini","Chronicles","Clear Vision Purple","Richard Petty","STP | Petty Enterprises | Plymouth","Driver",19,25
"Racing",2022,"Panini","Chronicles","Clear Vision Purple","Denny Hamlin","FedEx Express | Joe Gibbs Racing | Toyota","Driver",21,25
"Racing",2022,"Panini","Chronicles","Clear Vision Purple","Kyle Larson","Hendrickcars.com | Hendrick Motorsports | Chevrolet","Driver",22,25
"Racing",2022,"Panini","Chronicles","Clear Vision Purple","Sammy Smith","ARCA Menards East Series","Driver",24,25
"Racing",2022,"Panini","Chronicles","Clear Vision Purple","Tyler Ankrum","Liuna | GMS Racing | Chevrolet","Driver",25,25
"Racing",2022,"Panini","Chronicles","Clear Vision Purple","Ty Gibbs","Monster Energy | Joe Gibbs Racing | Toyota","Driver",26,25
"Racing",2022,"Panini","Chronicles","Clear Vision Purple","Alex Bowman","Ally Financial | Hendrick Motorsports | Chevrolet","Driver",27,25
"Racing",2022,"Panini","Chronicles","Clear Vision Purple","Ryan Blaney","Menards | Team Penske | Ford","Driver",28,25
"Racing",2022,"Panini","Chronicles","Clear Vision Purple","Austin Dillon","Bass Pro Shops | Richard Childress Racing | Chevrolet","Driver",29,25
"Racing",2022,"Panini","Chronicles","Clear Vision Purple","Chase Elliott","NAPA Auto Parts | Hendrick Motorsports | Chevrolet","Driver",30,25
"Racing",2022,"Panini","Chronicles","Clear Vision Red","Santino Ferrucci","Toyota Racing | Sam Hunt Racing | Toyota","Driver",2,100
"Racing",2022,"Panini","Chronicles","Clear Vision Red","Brad Keselowski","Violet Defense | RFK Racing | Ford","Driver",3,100
"Racing",2022,"Panini","Chronicles","Clear Vision Red","Kyle Busch","M&M's | Joe Gibbs Racing | Toyota","Driver",4,100
"Racing",2022,"Panini","Chronicles","Clear Vision Red","Jimmie Johnson","Lowe's | Hendrick Motorsports | Chevrolet","Driver",5,100
"Racing",2022,"Panini","Chronicles","Clear Vision Red","Toni Breidinger","ARCA Menards","Driver",6,100
"Racing",2022,"Panini","Chronicles","Clear Vision Red","Brittney Zamora","Rackley Roofing | Toyota","Driver",7,100
"Racing",2022,"Panini","Chronicles","Clear Vision Red","Tony Stewart","Bass Pro Shops | Stewart-Haas Racing | Chevrolet","Driver",9,100
"Racing",2022,"Panini","Chronicles","Clear Vision Red","Joey Logano","Shell-Pennzoil | Team Penske | Ford","Driver",10,100
"Racing",2022,"Panini","Chronicles","Clear Vision Red","Bubba Wallace","McDonald's | 23XI Racing | Toyota","Driver",11,100
"Racing",2022,"Panini","Chronicles","Clear Vision Red","Kevin Harvick","Hunt Brothers Pizza | Stewart-Haas Racing | Ford","Driver",12,100
"Racing",2022,"Panini","Chronicles","Clear Vision Red","Dale Earnhardt Jr","National Guard | Hendrick Motorsports | Chevrolet","Driver",13,100
"Racing",2022,"Panini","Chronicles","Clear Vision Red","Nick Sanchez","ARCA Menards","Driver",14,100
"Racing",2022,"Panini","Chronicles","Clear Vision Red","Martin Truex Jr.","Bass Pro Shops | Joe Gibbs Racing | Toyota","Driver",15,100
"Racing",2022,"Panini","Chronicles","Clear Vision Red","Hailie Deegan","Monster Energy | DGR-Crosley | Ford","Driver",16,100
"Racing",2022,"Panini","Chronicles","Clear Vision Red","Ryan Ellis","Four Loko | Alpha Prime Racing | Chevrolet","Driver",17,100
"Racing",2022,"Panini","Chronicles","Clear Vision Red","Jade Buford","Big Machine Racing","Driver",18,100
"Racing",2022,"Panini","Chronicles","Clear Vision Red","Richard Petty","STP | Petty Enterprises | Plymouth","Driver",19,100
"Racing",2022,"Panini","Chronicles","Clear Vision Red","Denny Hamlin","FedEx Express | Joe Gibbs Racing | Toyota","Driver",21,100
"Racing",2022,"Panini","Chronicles","Clear Vision Red","Kyle Larson","Hendrickcars.com | Hendrick Motorsports | Chevrolet","Driver",22,100
"Racing",2022,"Panini","Chronicles","Clear Vision Red","Sammy Smith","ARCA Menards East Series","Driver",24,100
"Racing",2022,"Panini","Chronicles","Clear Vision Red","Tyler Ankrum","Liuna | GMS Racing | Chevrolet","Driver",25,100
"Racing",2022,"Panini","Chronicles","Clear Vision Red","Ty Gibbs","Monster Energy | Joe Gibbs Racing | Toyota","Driver",26,100
"Racing",2022,"Panini","Chronicles","Clear Vision Red","Alex Bowman","Ally Financial | Hendrick Motorsports | Chevrolet","Driver",27,100
"Racing",2022,"Panini","Chronicles","Clear Vision Red","Ryan Blaney","Menards | Team Penske | Ford","Driver",28,100
"Racing",2022,"Panini","Chronicles","Clear Vision Red","Chase Elliott","NAPA Auto Parts | Hendrick Motorsports | Chevrolet","Driver",30,100
"Racing",2022,"Panini","Chronicles","Clearly Donruss","Danica Patrick","GoDaddy.com | Premium Motorsports | Chevrolet","Driver",1,
"Racing",2022,"Panini","Chronicles","Clearly Donruss","Hailie Deegan","Monster Energy | DGR-Crosley | Ford","Driver",2,
"Racing",2022,"Panini","Chronicles","Clearly Donruss","Denny Hamlin","FedEx Express | Joe Gibbs Racing | Toyota","Driver",3,
"Racing",2022,"Panini","Chronicles","Clearly Donruss","William Byron","AXALTA | Hendrick Motorsports | Chevrolet","Driver",4,
"Racing",2022,"Panini","Chronicles","Clearly Donruss","Brittney Zamora","Rackley Roofing | Toyota","Driver",5,
"Racing",2022,"Panini","Chronicles","Clearly Donruss","Alex Bowman","Ally Financial | Hendrick Motorsports | Chevrolet","Driver",8,
"Racing",2022,"Panini","Chronicles","Clearly Donruss","Kevin Harvick","Subway | Stewart-Haas Racing | Ford","Driver",9,
"Racing",2022,"Panini","Chronicles","Clearly Donruss","Kyle Larson","Hendrickcars.com | Hendrick Motorsports | Chevrolet","Driver",10,
"Racing",2022,"Panini","Chronicles","Clearly Donruss","Dale Earnhardt Jr","National Guard | Hendrick Motorsports | Chevrolet","Driver",11,
"Racing",2022,"Panini","Chronicles","Clearly Donruss","Jimmie Johnson","Lowe's | Hendrick Motorsports | Chevrolet","Driver",12,
"Racing",2022,"Panini","Chronicles","Clearly Donruss","Kyle Busch","M&M's | Joe Gibbs Racing | Toyota","Driver",13,
"Racing",2022,"Panini","Chronicles","Clearly Donruss","Tony Stewart","Bass Pro Shops | Stewart-Haas Racing | Chevrolet","Driver",14,
"Racing",2022,"Panini","Chronicles","Clearly Donruss","Ryan Blaney","Wurth | Team Penske | Ford","Driver",15,
"Racing",2022,"Panini","Chronicles","Clearly Donruss","Joey Logano","Shell-Pennzoil | Team Penske | Ford","Driver",16,
"Racing",2022,"Panini","Chronicles","Clearly Donruss","Chase Elliott","NAPA Auto Parts | Hendrick Motorsports | Chevrolet","Driver",17,
"Racing",2022,"Panini","Chronicles","Clearly Donruss","Richard Petty","STP | Petty Enterprises | Plymouth","Driver",18,
"Racing",2022,"Panini","Chronicles","Clearly Donruss","Bubba Wallace","McDonald's | 23XI Racing | Toyota","Driver",19,
"Racing",2022,"Panini","Chronicles","Clearly Donruss","Austin Dillon","Dow Chemical | Richard Childress Racing | Chevrolet","Driver",20,
"Racing",2022,"Panini","Chronicles","Clearly Donruss Black","Danica Patrick","GoDaddy.com | Premium Motorsports | Chevrolet","Driver",1,1
"Racing",2022,"Panini","Chronicles","Clearly Donruss Black","Hailie Deegan","Monster Energy | DGR-Crosley | Ford","Driver",2,1
"Racing",2022,"Panini","Chronicles","Clearly Donruss Black","Denny Hamlin","FedEx Express | Joe Gibbs Racing | Toyota","Driver",3,1
"Racing",2022,"Panini","Chronicles","Clearly Donruss Black","William Byron","AXALTA | Hendrick Motorsports | Chevrolet","Driver",4,1
"Racing",2022,"Panini","Chronicles","Clearly Donruss Black","Brittney Zamora","Rackley Roofing | Toyota","Driver",5,1
"Racing",2022,"Panini","Chronicles","Clearly Donruss Black","Martin Truex Jr.","Bass Pro Shops | Joe Gibbs Racing | Toyota","Driver",6,1
"Racing",2022,"Panini","Chronicles","Clearly Donruss Black","Jeff Gordon","DuPont | Hendrick Motorsports | Chevrolet","Driver",7,1
"Racing",2022,"Panini","Chronicles","Clearly Donruss Black","Alex Bowman","Ally Financial | Hendrick Motorsports | Chevrolet","Driver",8,1
"Racing",2022,"Panini","Chronicles","Clearly Donruss Black","Kevin Harvick","Subway | Stewart-Haas Racing | Ford","Driver",9,1
"Racing",2022,"Panini","Chronicles","Clearly Donruss Black","Dale Earnhardt Jr","National Guard | Hendrick Motorsports | Chevrolet","Driver",11,1
"Racing",2022,"Panini","Chronicles","Clearly Donruss Black","Jimmie Johnson","Lowe's | Hendrick Motorsports | Chevrolet","Driver",12,1
"Racing",2022,"Panini","Chronicles","Clearly Donruss Black","Kyle Busch","M&M's | Joe Gibbs Racing | Toyota","Driver",13,1
"Racing",2022,"Panini","Chronicles","Clearly Donruss Black","Tony Stewart","Bass Pro Shops | Stewart-Haas Racing | Chevrolet","Driver",14,1
"Racing",2022,"Panini","Chronicles","Clearly Donruss Black","Ryan Blaney","Wurth | Team Penske | Ford","Driver",15,1
"Racing",2022,"Panini","Chronicles","Clearly Donruss Black","Chase Elliott","NAPA Auto Parts | Hendrick Motorsports | Chevrolet","Driver",17,1
"Racing",2022,"Panini","Chronicles","Clearly Donruss Black","Richard Petty","STP | Petty Enterprises | Plymouth","Driver",18,1
"Racing",2022,"Panini","Chronicles","Clearly Donruss Black","Bubba Wallace","McDonald's | 23XI Racing | Toyota","Driver",19,1
"Racing",2022,"Panini","Chronicles","Clearly Donruss Black","Austin Dillon","Dow Chemical | Richard Childress Racing | Chevrolet","Driver",20,1
"Racing",2022,"Panini","Chronicles","Clearly Donruss Blue","Danica Patrick","GoDaddy.com | Premium Motorsports | Chevrolet","Driver",1,50
"Racing",2022,"Panini","Chronicles","Clearly Donruss Blue","Hailie Deegan","Monster Energy | DGR-Crosley | Ford","Driver",2,50
"Racing",2022,"Panini","Chronicles","Clearly Donruss Blue","Denny Hamlin","FedEx Express | Joe Gibbs Racing | Toyota","Driver",3,50
"Racing",2022,"Panini","Chronicles","Clearly Donruss Blue","William Byron","AXALTA | Hendrick Motorsports | Chevrolet","Driver",4,50
"Racing",2022,"Panini","Chronicles","Clearly Donruss Blue","Brittney Zamora","Rackley Roofing | Toyota","Driver",5,50
"Racing",2022,"Panini","Chronicles","Clearly Donruss Blue","Martin Truex Jr.","Bass Pro Shops | Joe Gibbs Racing | Toyota","Driver",6,50
"Racing",2022,"Panini","Chronicles","Clearly Donruss Blue","Jeff Gordon","DuPont | Hendrick Motorsports | Chevrolet","Driver",7,50
"Racing",2022,"Panini","Chronicles","Clearly Donruss Blue","Alex Bowman","Ally Financial | Hendrick Motorsports | Chevrolet","Driver",8,50
"Racing",2022,"Panini","Chronicles","Clearly Donruss Blue","Kevin Harvick","Subway | Stewart-Haas Racing | Ford","Driver",9,50
"Racing",2022,"Panini","Chronicles","Clearly Donruss Blue","Kyle Larson","Hendrickcars.com | Hendrick Motorsports | Chevrolet","Driver",10,50
"Racing",2022,"Panini","Chronicles","Clearly Donruss Blue","Jimmie Johnson","Lowe's | Hendrick Motorsports | Chevrolet","Driver",12,50
"Racing",2022,"Panini","Chronicles","Clearly Donruss Blue","Kyle Busch","M&M's | Joe Gibbs Racing | Toyota","Driver",13,50
"Racing",2022,"Panini","Chronicles","Clearly Donruss Blue","Tony Stewart","Bass Pro Shops | Stewart-Haas Racing | Chevrolet","Driver",14,50
"Racing",2022,"Panini","Chronicles","Clearly Donruss Blue","Ryan Blaney","Wurth | Team Penske | Ford","Driver",15,50
"Racing",2022,"Panini","Chronicles","Clearly Donruss Blue","Joey Logano","Shell-Pennzoil | Team Penske | Ford","Driver",16,50
"Racing",2022,"Panini","Chronicles","Clearly Donruss Blue","Chase Elliott","NAPA Auto Parts | Hendrick Motorsports | Chevrolet","Driver",17,50
"Racing",2022,"Panini","Chronicles","Clearly Donruss Blue","Richard Petty","STP | Petty Enterprises | Plymouth","Driver",18,50
"Racing",2022,"Panini","Chronicles","Clearly Donruss Blue","Bubba Wallace","McDonald's | 23XI Racing | Toyota","Driver",19,50
"Racing",2022,"Panini","Chronicles","Clearly Donruss Blue","Austin Dillon","Dow Chemical | Richard Childress Racing | Chevrolet","Driver",20,50
"Racing",2022,"Panini","Chronicles","Clearly Donruss Gold","Danica Patrick","GoDaddy.com | Premium Motorsports | Chevrolet","Driver",1,10
"Racing",2022,"Panini","Chronicles","Clearly Donruss Gold","Hailie Deegan","Monster Energy | DGR-Crosley | Ford","Driver",2,10
"Racing",2022,"Panini","Chronicles","Clearly Donruss Gold","Denny Hamlin","FedEx Express | Joe Gibbs Racing | Toyota","Driver",3,10
"Racing",2022,"Panini","Chronicles","Clearly Donruss Gold","William Byron","AXALTA | Hendrick Motorsports | Chevrolet","Driver",4,10
"Racing",2022,"Panini","Chronicles","Clearly Donruss Gold","Brittney Zamora","Rackley Roofing | Toyota","Driver",5,10
"Racing",2022,"Panini","Chronicles","Clearly Donruss Gold","Martin Truex Jr.","Bass Pro Shops | Joe Gibbs Racing | Toyota","Driver",6,10
"Racing",2022,"Panini","Chronicles","Clearly Donruss Gold","Jeff Gordon","DuPont | Hendrick Motorsports | Chevrolet","Driver",7,10
"Racing",2022,"Panini","Chronicles","Clearly Donruss Gold","Alex Bowman","Ally Financial | Hendrick Motorsports | Chevrolet","Driver",8,10
"Racing",2022,"Panini","Chronicles","Clearly Donruss Gold","Kevin Harvick","Subway | Stewart-Haas Racing | Ford","Driver",9,10
"Racing",2022,"Panini","Chronicles","Clearly Donruss Gold","Kyle Larson","Hendrickcars.com | Hendrick Motorsports | Chevrolet","Driver",10,10
"Racing",2022,"Panini","Chronicles","Clearly Donruss Gold","Dale Earnhardt Jr","National Guard | Hendrick Motorsports | Chevrolet","Driver",11,10
"Racing",2022,"Panini","Chronicles","Clearly Donruss Gold","Jimmie Johnson","Lowe's | Hendrick Motorsports | Chevrolet","Driver",12,10
"Racing",2022,"Panini","Chronicles","Clearly Donruss Gold","Kyle Busch","M&M's | Joe Gibbs Racing | Toyota","Driver",13,10
"Racing",2022,"Panini","Chronicles","Clearly Donruss Gold","Tony Stewart","Bass Pro Shops | Stewart-Haas Racing | Chevrolet","Driver",14,10
"Racing",2022,"Panini","Chronicles","Clearly Donruss Gold","Joey Logano","Shell-Pennzoil | Team Penske | Ford","Driver",16,10
"Racing",2022,"Panini","Chronicles","Clearly Donruss Gold","Chase Elliott","NAPA Auto Parts | Hendrick Motorsports | Chevrolet","Driver",17,10
"Racing",2022,"Panini","Chronicles","Clearly Donruss Gold","Richard Petty","STP | Petty Enterprises | Plymouth","Driver",18,10
"Racing",2022,"Panini","Chronicles","Clearly Donruss Gold","Austin Dillon","Dow Chemical | Richard Childress Racing | Chevrolet","Driver",20,10
"Racing",2022,"Panini","Chronicles","Clearly Donruss Green","Danica Patrick","GoDaddy.com | Premium Motorsports | Chevrolet","Driver",1,5
"Racing",2022,"Panini","Chronicles","Clearly Donruss Green","Hailie Deegan","Monster Energy | DGR-Crosley | Ford","Driver",2,5
"Racing",2022,"Panini","Chronicles","Clearly Donruss Green","Denny Hamlin","FedEx Express | Joe Gibbs Racing | Toyota","Driver",3,5
"Racing",2022,"Panini","Chronicles","Clearly Donruss Green","William Byron","AXALTA | Hendrick Motorsports | Chevrolet","Driver",4,5
"Racing",2022,"Panini","Chronicles","Clearly Donruss Green","Brittney Zamora","Rackley Roofing | Toyota","Driver",5,5
"Racing",2022,"Panini","Chronicles","Clearly Donruss Green","Martin Truex Jr.","Bass Pro Shops | Joe Gibbs Racing | Toyota","Driver",6,5
"Racing",2022,"Panini","Chronicles","Clearly Donruss Green","Jeff Gordon","DuPont | Hendrick Motorsports | Chevrolet","Driver",7,5
"Racing",2022,"Panini","Chronicles","Clearly Donruss Green","Alex Bowman","Ally Financial | Hendrick Motorsports | Chevrolet","Driver",8,5
"Racing",2022,"Panini","Chronicles","Clearly Donruss Green","Kevin Harvick","Subway | Stewart-Haas Racing | Ford","Driver",9,5
"Racing",2022,"Panini","Chronicles","Clearly Donruss Green","Kyle Larson","Hendrickcars.com | Hendrick Motorsports | Chevrolet","Driver",10,5
"Racing",2022,"Panini","Chronicles","Clearly Donruss Green","Dale Earnhardt Jr","National Guard | Hendrick Motorsports | Chevrolet","Driver",11,5
"Racing",2022,"Panini","Chronicles","Clearly Donruss Green","Jimmie Johnson","Lowe's | Hendrick Motorsports | Chevrolet","Driver",12,5
"Racing",2022,"Panini","Chronicles","Clearly Donruss Green","Kyle Busch","M&M's | Joe Gibbs Racing | Toyota","Driver",13,5
"Racing",2022,"Panini","Chronicles","Clearly Donruss Green","Tony Stewart","Bass Pro Shops | Stewart-Haas Racing | Chevrolet","Driver",14,5
"Racing",2022,"Panini","Chronicles","Clearly Donruss Green","Ryan Blaney","Wurth | Team Penske | Ford","Driver",15,5
"Racing",2022,"Panini","Chronicles","Clearly Donruss Green","Chase Elliott","NAPA Auto Parts | Hendrick Motorsports | Chevrolet","Driver",17,5
"Racing",2022,"Panini","Chronicles","Clearly Donruss Green","Richard Petty","STP | Petty Enterprises | Plymouth","Driver",18,5
"Racing",2022,"Panini","Chronicles","Clearly Donruss Green","Bubba Wallace","McDonald's | 23XI Racing | Toyota","Driver",19,5
"Racing",2022,"Panini","Chronicles","Clearly Donruss Green","Austin Dillon","Dow Chemical | Richard Childress Racing | Chevrolet","Driver",20,5
"Racing",2022,"Panini","Chronicles","Clearly Donruss Purple","Danica Patrick","GoDaddy.com | Premium Motorsports | Chevrolet","Driver",1,25
"Racing",2022,"Panini","Chronicles","Clearly Donruss Purple","Hailie Deegan","Monster Energy | DGR-Crosley | Ford","Driver",2,25
"Racing",2022,"Panini","Chronicles","Clearly Donruss Purple","Denny Hamlin","FedEx Express | Joe Gibbs Racing | Toyota","Driver",3,25
"Racing",2022,"Panini","Chronicles","Clearly Donruss Purple","William Byron","AXALTA | Hendrick Motorsports | Chevrolet","Driver",4,25
"Racing",2022,"Panini","Chronicles","Clearly Donruss Purple","Brittney Zamora","Rackley Roofing | Toyota","Driver",5,25
"Racing",2022,"Panini","Chronicles","Clearly Donruss Purple","Martin Truex Jr.","Bass Pro Shops | Joe Gibbs Racing | Toyota","Driver",6,25
"Racing",2022,"Panini","Chronicles","Clearly Donruss Purple","Jeff Gordon","DuPont | Hendrick Motorsports | Chevrolet","Driver",7,25
"Racing",2022,"Panini","Chronicles","Clearly Donruss Purple","Alex Bowman","Ally Financial | Hendrick Motorsports | Chevrolet","Driver",8,25
"Racing",2022,"Panini","Chronicles","Clearly Donruss Purple","Kevin Harvick","Subway | Stewart-Haas Racing | Ford","Driver",9,25
"Racing",2022,"Panini","Chronicles","Clearly Donruss Purple","Kyle Larson","Hendrickcars.com | Hendrick Motorsports | Chevrolet","Driver",10,25
"Racing",2022,"Panini","Chronicles","Clearly Donruss Purple","Dale Earnhardt Jr","National Guard | Hendrick Motorsports | Chevrolet","Driver",11,25
"Racing",2022,"Panini","Chronicles","Clearly Donruss Purple","Jimmie Johnson","Lowe's | Hendrick Motorsports | Chevrolet","Driver",12,25
"Racing",2022,"Panini","Chronicles","Clearly Donruss Purple","Kyle Busch","M&M's | Joe Gibbs Racing | Toyota","Driver",13,25
"Racing",2022,"Panini","Chronicles","Clearly Donruss Purple","Tony Stewart","Bass Pro Shops | Stewart-Haas Racing | Chevrolet","Driver",14,25
"Racing",2022,"Panini","Chronicles","Clearly Donruss Purple","Ryan Blaney","Wurth | Team Penske | Ford","Driver",15,25
"Racing",2022,"Panini","Chronicles","Clearly Donruss Purple","Joey Logano","Shell-Pennzoil | Team Penske | Ford","Driver",16,25
"Racing",2022,"Panini","Chronicles","Clearly Donruss Purple","Richard Petty","STP | Petty Enterprises | Plymouth","Driver",18,25
"Racing",2022,"Panini","Chronicles","Clearly Donruss Purple","Bubba Wallace","McDonald's | 23XI Racing | Toyota","Driver",19,25
"Racing",2022,"Panini","Chronicles","Clearly Donruss Rated Rookies","Stefan Parsons","Sokal Digital | B.J. McLeod Motorsports | Chevrolet","Driver",22,
"Racing",2022,"Panini","Chronicles","Clearly Donruss Rated Rookies","Matt Mills","J.F. Electric | B.J. McLeod Motorsports | Chevrolet","Driver",24,
"Racing",2022,"Panini","Chronicles","Clearly Donruss Rated Rookies","Nick Sanchez","ARCA Menards","Driver",25,
"Racing",2022,"Panini","Chronicles","Clearly Donruss Rated Rookies","Colby Howard","Gates Hydrolauics | McAnally-Hilgemann Racing | Chevrolet","Driver",26,
"Racing",2022,"Panini","Chronicles","Clearly Donruss Rated Rookies","Ryan Ellis","Four Loko | Alpha Prime Racing | Chevrolet","Driver",27,
"Racing",2022,"Panini","Chronicles","Clearly Donruss Rated Rookies","Toni Breidinger","ARCA Menards","Driver",28,
"Racing",2022,"Panini","Chronicles","Clearly Donruss Rated Rookies","Cole Moore","ARCA Menards West Series","Driver",29,
"Racing",2022,"Panini","Chronicles","Clearly Donruss Rated Rookies","B.J. McLeod","Batteries Plus Bulbs | B.J. McLeod Motorsports | Ford","Driver",31,
"Racing",2022,"Panini","Chronicles","Clearly Donruss Rated Rookies","Corey Heim","JBL | Kyle Busch Motorsports | Toyota","Driver",32,
"Racing",2022,"Panini","Chronicles","Clearly Donruss Rated Rookies","Jade Buford","Big Machine Racing","Driver",33,
"Racing",2022,"Panini","Chronicles","Clearly Donruss Rated Rookies","Carson Hocevar","Premier Security | Niece Motorsports | Chevrolet","Driver",34,
"Racing",2022,"Panini","Chronicles","Clearly Donruss Rated Rookies","Sammy Smith","ARCA Menards East Series","Driver",35,
"Racing",2022,"Panini","Chronicles","Clearly Donruss Rated Rookies Black","Stefan Parsons","Sokal Digital | B.J. McLeod Motorsports | Chevrolet","Driver",22,1
"Racing",2022,"Panini","Chronicles","Clearly Donruss Rated Rookies Black","Daniel Dye","ARCA Menards East Series","Driver",23,1
"Racing",2022,"Panini","Chronicles","Clearly Donruss Rated Rookies Black","Matt Mills","J.F. Electric | B.J. McLeod Motorsports | Chevrolet","Driver",24,1
"Racing",2022,"Panini","Chronicles","Clearly Donruss Rated Rookies Black","Colby Howard","Gates Hydrolauics | McAnally-Hilgemann Racing | Chevrolet","Driver",26,1
"Racing",2022,"Panini","Chronicles","Clearly Donruss Rated Rookies Black","Ryan Ellis","Four Loko | Alpha Prime Racing | Chevrolet","Driver",27,1
"Racing",2022,"Panini","Chronicles","Clearly Donruss Rated Rookies Black","Toni Breidinger","ARCA Menards","Driver",28,1
"Racing",2022,"Panini","Chronicles","Clearly Donruss Rated Rookies Black","Cole Moore","ARCA Menards West Series","Driver",29,1
"Racing",2022,"Panini","Chronicles","Clearly Donruss Rated Rookies Black","Tyler Ankrum","Liuna | GMS Racing | Chevrolet","Driver",30,1
"Racing",2022,"Panini","Chronicles","Clearly Donruss Rated Rookies Black","B.J. McLeod","Batteries Plus Bulbs | B.J. McLeod Motorsports | Ford","Driver",31,1
"Racing",2022,"Panini","Chronicles","Clearly Donruss Rated Rookies Black","Corey Heim","JBL | Kyle Busch Motorsports | Toyota","Driver",32,1
"Racing",2022,"Panini","Chronicles","Clearly Donruss Rated Rookies Black","Jade Buford","Big Machine Racing","Driver",33,1
"Racing",2022,"Panini","Chronicles","Clearly Donruss Rated Rookies Black","Carson Hocevar","Premier Security | Niece Motorsports | Chevrolet","Driver",34,1
"Racing",2022,"Panini","Chronicles","Clearly Donruss Rated Rookies Black","Sammy Smith","ARCA Menards East Series","Driver",35,1
"Racing",2022,"Panini","Chronicles","Clearly Donruss Rated Rookies Blue","Santino Ferrucci","Toyota Racing | Sam Hunt Racing | Toyota","Driver",21,50
"Racing",2022,"Panini","Chronicles","Clearly Donruss Rated Rookies Blue","Stefan Parsons","Sokal Digital | B.J. McLeod Motorsports | Chevrolet","Driver",22,50
"Racing",2022,"Panini","Chronicles","Clearly Donruss Rated Rookies Blue","Daniel Dye","ARCA Menards East Series","Driver",23,50
"Racing",2022,"Panini","Chronicles","Clearly Donruss Rated Rookies Blue","Matt Mills","J.F. Electric | B.J. McLeod Motorsports | Chevrolet","Driver",24,50
"Racing",2022,"Panini","Chronicles","Clearly Donruss Rated Rookies Blue","Nick Sanchez","ARCA Menards","Driver",25,50
"Racing",2022,"Panini","Chronicles","Clearly Donruss Rated Rookies Blue","Colby Howard","Gates Hydrolauics | McAnally-Hilgemann Racing | Chevrolet","Driver",26,50
"Racing",2022,"Panini","Chronicles","Clearly Donruss Rated Rookies Blue","Toni Breidinger","ARCA Menards","Driver",28,50
"Racing",2022,"Panini","Chronicles","Clearly Donruss Rated Rookies Blue","Cole Moore","ARCA Menards West Series","Driver",29,50
"Racing",2022,"Panini","Chronicles","Clearly Donruss Rated Rookies Blue","Tyler Ankrum","Liuna | GMS Racing | Chevrolet","Driver",30,50
"Racing",2022,"Panini","Chronicles","Clearly Donruss Rated Rookies Blue","B.J. McLeod","Batteries Plus Bulbs | B.J. McLeod Motorsports | Ford","Driver",31,50
"Racing",2022,"Panini","Chronicles","Clearly Donruss Rated Rookies Blue","Corey Heim","JBL | Kyle Busch Motorsports | Toyota","Driver",32,50
"Racing",2022,"Panini","Chronicles","Clearly Donruss Rated Rookies Blue","Jade Buford","Big Machine Racing","Driver",33,50
"Racing",2022,"Panini","Chronicles","Clearly Donruss Rated Rookies Blue","Carson Hocevar","Premier Security | Niece Motorsports | Chevrolet","Driver",34,50
"Racing",2022,"Panini","Chronicles","Clearly Donruss Rated Rookies Blue","Sammy Smith","ARCA Menards East Series","Driver",35,50
"Racing",2022,"Panini","Chronicles","Clearly Donruss Rated Rookies Gold","Santino Ferrucci","Toyota Racing | Sam Hunt Racing | Toyota","Driver",21,10
"Racing",2022,"Panini","Chronicles","Clearly Donruss Rated Rookies Gold","Stefan Parsons","Sokal Digital | B.J. McLeod Motorsports | Chevrolet","Driver",22,10
"Racing",2022,"Panini","Chronicles","Clearly Donruss Rated Rookies Gold","Daniel Dye","ARCA Menards East Series","Driver",23,10
"Racing",2022,"Panini","Chronicles","Clearly Donruss Rated Rookies Gold","Nick Sanchez","ARCA Menards","Driver",25,10
"Racing",2022,"Panini","Chronicles","Clearly Donruss Rated Rookies Gold","Colby Howard","Gates Hydrolauics | McAnally-Hilgemann Racing | Chevrolet","Driver",26,10
"Racing",2022,"Panini","Chronicles","Clearly Donruss Rated Rookies Gold","Ryan Ellis","Four Loko | Alpha Prime Racing | Chevrolet","Driver",27,10
"Racing",2022,"Panini","Chronicles","Clearly Donruss Rated Rookies Gold","Toni Breidinger","ARCA Menards","Driver",28,10
"Racing",2022,"Panini","Chronicles","Clearly Donruss Rated Rookies Gold","Cole Moore","ARCA Menards West Series","Driver",29,10
"Racing",2022,"Panini","Chronicles","Clearly Donruss Rated Rookies Gold","Tyler Ankrum","Liuna | GMS Racing | Chevrolet","Driver",30,10
"Racing",2022,"Panini","Chronicles","Clearly Donruss Rated Rookies Gold","B.J. McLeod","Batteries Plus Bulbs | B.J. McLeod Motorsports | Ford","Driver",31,10
"Racing",2022,"Panini","Chronicles","Clearly Donruss Rated Rookies Gold","Jade Buford","Big Machine Racing","Driver",33,10
"Racing",2022,"Panini","Chronicles","Clearly Donruss Rated Rookies Gold","Carson Hocevar","Premier Security | Niece Motorsports | Chevrolet","Driver",34,10
"Racing",2022,"Panini","Chronicles","Clearly Donruss Rated Rookies Gold","Sammy Smith","ARCA Menards East Series","Driver",35,10
"Racing",2022,"Panini","Chronicles","Clearly Donruss Rated Rookies Green","Santino Ferrucci","Toyota Racing | Sam Hunt Racing | Toyota","Driver",21,5
"Racing",2022,"Panini","Chronicles","Clearly Donruss Rated Rookies Green","Daniel Dye","ARCA Menards East Series","Driver",23,5
"Racing",2022,"Panini","Chronicles","Clearly Donruss Rated Rookies Green","Matt Mills","J.F. Electric | B.J. McLeod Motorsports | Chevrolet","Driver",24,5
"Racing",2022,"Panini","Chronicles","Clearly Donruss Rated Rookies Green","Nick Sanchez","ARCA Menards","Driver",25,5
"Racing",2022,"Panini","Chronicles","Clearly Donruss Rated Rookies Green","Colby Howard","Gates Hydrolauics | McAnally-Hilgemann Racing | Chevrolet","Driver",26,5
"Racing",2022,"Panini","Chronicles","Clearly Donruss Rated Rookies Green","Toni Breidinger","ARCA Menards","Driver",28,5
"Racing",2022,"Panini","Chronicles","Clearly Donruss Rated Rookies Green","Tyler Ankrum","Liuna | GMS Racing | Chevrolet","Driver",30,5
"Racing",2022,"Panini","Chronicles","Clearly Donruss Rated Rookies Green","B.J. McLeod","Batteries Plus Bulbs | B.J. McLeod Motorsports | Ford","Driver",31,5
"Racing",2022,"Panini","Chronicles","Clearly Donruss Rated Rookies Green","Corey Heim","JBL | Kyle Busch Motorsports | Toyota","Driver",32,5
"Racing",2022,"Panini","Chronicles","Clearly Donruss Rated Rookies Green","Jade Buford","Big Machine Racing","Driver",33,5
"Racing",2022,"Panini","Chronicles","Clearly Donruss Rated Rookies Green","Carson Hocevar","Premier Security | Niece Motorsports | Chevrolet","Driver",34,5
"Racing",2022,"Panini","Chronicles","Clearly Donruss Rated Rookies Green","Sammy Smith","ARCA Menards East Series","Driver",35,5
"Racing",2022,"Panini","Chronicles","Clearly Donruss Rated Rookies Purple","Santino Ferrucci","Toyota Racing | Sam Hunt Racing | Toyota","Driver",21,25
"Racing",2022,"Panini","Chronicles","Clearly Donruss Rated Rookies Purple","Stefan Parsons","Sokal Digital | B.J. McLeod Motorsports | Chevrolet","Driver",22,25
"Racing",2022,"Panini","Chronicles","Clearly Donruss Rated Rookies Purple","Daniel Dye","ARCA Menards East Series","Driver",23,25
"Racing",2022,"Panini","Chronicles","Clearly Donruss Rated Rookies Purple","Matt Mills","J.F. Electric | B.J. McLeod Motorsports | Chevrolet","Driver",24,25
"Racing",2022,"Panini","Chronicles","Clearly Donruss Rated Rookies Purple","Nick Sanchez","ARCA Menards","Driver",25,25
"Racing",2022,"Panini","Chronicles","Clearly Donruss Rated Rookies Purple","Colby Howard","Gates Hydrolauics | McAnally-Hilgemann Racing | Chevrolet","Driver",26,25
"Racing",2022,"Panini","Chronicles","Clearly Donruss Rated Rookies Purple","Ryan Ellis","Four Loko | Alpha Prime Racing | Chevrolet","Driver",27,25
"Racing",2022,"Panini","Chronicles","Clearly Donruss Rated Rookies Purple","Cole Moore","ARCA Menards West Series","Driver",29,25
"Racing",2022,"Panini","Chronicles","Clearly Donruss Rated Rookies Purple","Tyler Ankrum","Liuna | GMS Racing | Chevrolet","Driver",30,25
"Racing",2022,"Panini","Chronicles","Clearly Donruss Rated Rookies Purple","B.J. McLeod","Batteries Plus Bulbs | B.J. McLeod Motorsports | Ford","Driver",31,25
"Racing",2022,"Panini","Chronicles","Clearly Donruss Rated Rookies Purple","Corey Heim","JBL | Kyle Busch Motorsports | Toyota","Driver",32,25
"Racing",2022,"Panini","Chronicles","Clearly Donruss Rated Rookies Purple","Jade Buford","Big Machine Racing","Driver",33,25
"Racing",2022,"Panini","Chronicles","Clearly Donruss Rated Rookies Purple","Carson Hocevar","Premier Security | Niece Motorsports | Chevrolet","Driver",34,25
"Racing",2022,"Panini","Chronicles","Clearly Donruss Rated Rookies Purple","Sammy Smith","ARCA Menards East Series","Driver",35,25
"Racing",2022,"Panini","Chronicles","Clearly Donruss Rated Rookies Red","Santino Ferrucci","Toyota Racing | Sam Hunt Racing | Toyota","Driver",21,100
"Racing",2022,"Panini","Chronicles","Clearly Donruss Rated Rookies Red","Stefan Parsons","Sokal Digital | B.J. McLeod Motorsports | Chevrolet","Driver",22,100
"Racing",2022,"Panini","Chronicles","Clearly Donruss Rated Rookies Red","Daniel Dye","ARCA Menards East Series","Driver",23,100
"Racing",2022,"Panini","Chronicles","Clearly Donruss Rated Rookies Red","Matt Mills","J.F. Electric | B.J. McLeod Motorsports | Chevrolet","Driver",24,100
"Racing",2022,"Panini","Chronicles","Clearly Donruss Rated Rookies Red","Nick Sanchez","ARCA Menards","Driver",25,100
"Racing",2022,"Panini","Chronicles","Clearly Donruss Rated Rookies Red","Colby Howard","Gates Hydrolauics | McAnally-Hilgemann Racing | Chevrolet","Driver",26,100
"Racing",2022,"Panini","Chronicles","Clearly Donruss Rated Rookies Red","Ryan Ellis","Four Loko | Alpha Prime Racing | Chevrolet","Driver",27,100
"Racing",2022,"Panini","Chronicles","Clearly Donruss Rated Rookies Red","Toni Breidinger","ARCA Menards","Driver",28,100
"Racing",2022,"Panini","Chronicles","Clearly Donruss Rated Rookies Red","Cole Moore","ARCA Menards West Series","Driver",29,100
"Racing",2022,"Panini","Chronicles","Clearly Donruss Rated Rookies Red","Tyler Ankrum","Liuna | GMS Racing | Chevrolet","Driver",30,100
"Racing",2022,"Panini","Chronicles","Clearly Donruss Rated Rookies Red","B.J. McLeod","Batteries Plus Bulbs | B.J. McLeod Motorsports | Ford","Driver",31,100
"Racing",2022,"Panini","Chronicles","Clearly Donruss Rated Rookies Red","Corey Heim","JBL | Kyle Busch Motorsports | Toyota","Driver",32,100
"Racing",2022,"Panini","Chronicles","Clearly Donruss Rated Rookies Red","Jade Buford","Big Machine Racing","Driver",33,100
"Racing",2022,"Panini","Chronicles","Clearly Donruss Rated Rookies Red","Carson Hocevar","Premier Security | Niece Motorsports | Chevrolet","Driver",34,100
"Racing",2022,"Panini","Chronicles","Clearly Donruss Rated Rookies Red","Sammy Smith","ARCA Menards East Series","Driver",35,100
"Racing",2022,"Panini","Chronicles","Clearly Donruss Red","Danica Patrick","GoDaddy.com | Premium Motorsports | Chevrolet","Driver",1,100
"Racing",2022,"Panini","Chronicles","Clearly Donruss Red","Hailie Deegan","Monster Energy | DGR-Crosley | Ford","Driver",2,100
"Racing",2022,"Panini","Chronicles","Clearly Donruss Red","Denny Hamlin","FedEx Express | Joe Gibbs Racing | Toyota","Driver",3,100
"Racing",2022,"Panini","Chronicles","Clearly Donruss Red","Brittney Zamora","Rackley Roofing | Toyota","Driver",5,100
"Racing",2022,"Panini","Chronicles","Clearly Donruss Red","Martin Truex Jr.","Bass Pro Shops | Joe Gibbs Racing | Toyota","Driver",6,100
"Racing",2022,"Panini","Chronicles","Clearly Donruss Red","Jeff Gordon","DuPont | Hendrick Motorsports | Chevrolet","Driver",7,100
"Racing",2022,"Panini","Chronicles","Clearly Donruss Red","Alex Bowman","Ally Financial | Hendrick Motorsports | Chevrolet","Driver",8,100
"Racing",2022,"Panini","Chronicles","Clearly Donruss Red","Kevin Harvick","Subway | Stewart-Haas Racing | Ford","Driver",9,100
"Racing",2022,"Panini","Chronicles","Clearly Donruss Red","Kyle Larson","Hendrickcars.com | Hendrick Motorsports | Chevrolet","Driver",10,100
"Racing",2022,"Panini","Chronicles","Clearly Donruss Red","Dale Earnhardt Jr","National Guard | Hendrick Motorsports | Chevrolet","Driver",11,100
"Racing",2022,"Panini","Chronicles","Clearly Donruss Red","Jimmie Johnson","Lowe's | Hendrick Motorsports | Chevrolet","Driver",12,100
"Racing",2022,"Panini","Chronicles","Clearly Donruss Red","Kyle Busch","M&M's | Joe Gibbs Racing | Toyota","Driver",13,100
"Racing",2022,"Panini","Chronicles","Clearly Donruss Red","Tony Stewart","Bass Pro Shops | Stewart-Haas Racing | Chevrolet","Driver",14,100
"Racing",2022,"Panini","Chronicles","Clearly Donruss Red","Ryan Blaney","Wurth | Team Penske | Ford","Driver",15,100
"Racing",2022,"Panini","Chronicles","Clearly Donruss Red","Joey Logano","Shell-Pennzoil | Team Penske | Ford","Driver",16,100
"Racing",2022,"Panini","Chronicles","Clearly Donruss Red","Chase Elliott","NAPA Auto Parts | Hendrick Motorsports | Chevrolet","Driver",17,100
"Racing",2022,"Panini","Chronicles","Clearly Donruss Red","Richard Petty","STP | Petty Enterprises | Plymouth","Driver",18,100
"Racing",2022,"Panini","Chronicles","Clearly Donruss Red","Bubba Wallace","McDonald's | 23XI Racing | Toyota","Driver",19,100
"Racing",2022,"Panini","Chronicles","Clearly Donruss Red","Austin Dillon","Dow Chemical | Richard Childress Racing | Chevrolet","Driver",20,100
"Racing",2022,"Panini","Chronicles","Contenders Optic","Chris Buescher","Fastenal | RFK Racing | Ford","Driver",1,
"Racing",2022,"Panini","Chronicles","Contenders Optic","Mike Harmon","Mike Harmon Racing | Chevrolet","Driver",2,
"Racing",2022,"Panini","Chronicles","Contenders Optic","Christian Eckes","AHI | ThorSport Racing | Toyota","Driver",3,
"Racing",2022,"Panini","Chronicles","Contenders Optic","Sheldon Creed","Whelen | Richard Childress Racing | Chevrolet","Driver",4,
"Racing",2022,"Panini","Chronicles","Contenders Optic","Bayley Currey ","Fort Worth Screen Printing | Rick Ware Racing | Chevrolet","Driver",5,
"Racing",2022,"Panini","Chronicles","Contenders Optic","Dale Earnhardt Jr","National Guard | Hendrick Motorsports | Chevrolet","Driver",6,
"Racing",2022,"Panini","Chronicles","Contenders Optic","Tommy Joe Martins","Alpha Prime Racing | Chevrolet","Driver",8,
"Racing",2022,"Panini","Chronicles","Contenders Optic","Chase Elliott","NAPA Auto Parts | Hendrick Motorsports | Chevrolet","Driver",9,
"Racing",2022,"Panini","Chronicles","Contenders Optic","Brittney Zamora","Rackley Roofing | Toyota","Driver",10,
"Racing",2022,"Panini","Chronicles","Contenders Optic","Kyle Busch","M&M's | Joe Gibbs Racing | Toyota","Driver",11,
"Racing",2022,"Panini","Chronicles","Contenders Optic","Kevin Harvick","GearWrench | Stewart-Haas Racing | Ford","Driver",12,
"Racing",2022,"Panini","Chronicles","Contenders Optic","Natalie Decker","NERD Focus | Our Motorsports | Chevrolet","Driver",13,
"Racing",2022,"Panini","Chronicles","Contenders Optic","Josh Williams","Alloy | B.J. McLeod Motorsports | Chevrolet","Driver",14,
"Racing",2022,"Panini","Chronicles","Contenders Optic","Kyle Larson","Hendrickcars.com | Hendrick Motorsports | Chevrolet","Driver",15,
"Racing",2022,"Panini","Chronicles","Contenders Optic","Brandon Brown","Vero | Brandonbilt Motorsports | Chevrolet","Driver",17,
"Racing",2022,"Panini","Chronicles","Contenders Optic","Jade Buford","Big Machine Racing","Driver",18,
"Racing",2022,"Panini","Chronicles","Contenders Optic","Ricky Stenhouse Jr","Kroger | JTG Daugherty Racing | Chevrolet","Driver",19,
"Racing",2022,"Panini","Chronicles","Contenders Optic","Sam Mayer","Tire Pros | JR Motorsports | Chevrolet","Driver",20,
"Racing",2022,"Panini","Chronicles","Contenders Optic Autographs","Chris Buescher","Fastenal | RFK Racing | Ford","Driver",1,
"Racing",2022,"Panini","Chronicles","Contenders Optic Autographs","Mike Harmon","Mike Harmon Racing | Chevrolet","Driver",2,
"Racing",2022,"Panini","Chronicles","Contenders Optic Autographs","Christian Eckes","AHI | ThorSport Racing | Toyota","Driver",3,
"Racing",2022,"Panini","Chronicles","Contenders Optic Autographs","Sheldon Creed","Whelen | Richard Childress Racing | Chevrolet","Driver",4,
"Racing",2022,"Panini","Chronicles","Contenders Optic Autographs","Bayley Currey ","Fort Worth Screen Printing | Rick Ware Racing | Chevrolet","Driver",5,
"Racing",2022,"Panini","Chronicles","Contenders Optic Autographs","Dale Earnhardt Jr","National Guard | Hendrick Motorsports | Chevrolet","Driver",6,
"Racing",2022,"Panini","Chronicles","Contenders Optic Autographs","Tommy Joe Martins","Alpha Prime Racing | Chevrolet","Driver",8,
"Racing",2022,"Panini","Chronicles","Contenders Optic Autographs","Chase Elliott","NAPA Auto Parts | Hendrick Motorsports | Chevrolet","Driver",9,
"Racing",2022,"Panini","Chronicles","Contenders Optic Autographs","Kyle Busch","M&M's | Joe Gibbs Racing | Toyota","Driver",11,
"Racing",2022,"Panini","Chronicles","Contenders Optic Autographs","Kevin Harvick","GearWrench | Stewart-Haas Racing | Ford","Driver",12,
"Racing",2022,"Panini","Chronicles","Contenders Optic Autographs","Natalie Decker","NERD Focus | Our Motorsports | Chevrolet","Driver",13,
"Racing",2022,"Panini","Chronicles","Contenders Optic Autographs","Josh Williams","Alloy | B.J. McLeod Motorsports | Chevrolet","Driver",14,
"Racing",2022,"Panini","Chronicles","Contenders Optic Autographs","Kyle Larson","Hendrickcars.com | Hendrick Motorsports | Chevrolet","Driver",15,
"Racing",2022,"Panini","Chronicles","Contenders Optic Autographs","Nick Sanchez","ARCA Menards","Driver",16,
"Racing",2022,"Panini","Chronicles","Contenders Optic Autographs","Brandon Brown","Vero | Brandonbilt Motorsports | Chevrolet","Driver",17,
"Racing",2022,"Panini","Chronicles","Contenders Optic Autographs","Jade Buford","Big Machine Racing","Driver",18,
"Racing",2022,"Panini","Chronicles","Contenders Optic Autographs","Ricky Stenhouse Jr","Kroger | JTG Daugherty Racing | Chevrolet","Driver",19,
"Racing",2022,"Panini","Chronicles","Contenders Optic Autographs","Sam Mayer","Tire Pros | JR Motorsports | Chevrolet","Driver",20,
"Racing",2022,"Panini","Chronicles","Contenders Optic Autographs Gold","Chris Buescher","Fastenal | RFK Racing | Ford","Driver",1,10
"Racing",2022,"Panini","Chronicles","Contenders Optic Autographs Gold","Mike Harmon","Mike Harmon Racing | Chevrolet","Driver",2,10
"Racing",2022,"Panini","Chronicles","Contenders Optic Autographs Gold","Christian Eckes","AHI | ThorSport Racing | Toyota","Driver",3,10
"Racing",2022,"Panini","Chronicles","Contenders Optic Autographs Gold","Dale Earnhardt Jr","National Guard | Hendrick Motorsports | Chevrolet","Driver",6,10
"Racing",2022,"Panini","Chronicles","Contenders Optic Autographs Gold","Martin Truex Jr.","Bass Pro Shops | Joe Gibbs Racing | Toyota","Driver",7,5
"Racing",2022,"Panini","Chronicles","Contenders Optic Autographs Gold","Tommy Joe Martins","Alpha Prime Racing | Chevrolet","Driver",8,10
"Racing",2022,"Panini","Chronicles","Contenders Optic Autographs Gold","Chase Elliott","NAPA Auto Parts | Hendrick Motorsports | Chevrolet","Driver",9,10
"Racing",2022,"Panini","Chronicles","Contenders Optic Autographs Gold","Brittney Zamora","Rackley Roofing | Toyota","Driver",10,10
"Racing",2022,"Panini","Chronicles","Contenders Optic Autographs Gold","Kyle Busch","M&M's | Joe Gibbs Racing | Toyota","Driver",11,3
"Racing",2022,"Panini","Chronicles","Contenders Optic Autographs Gold","Kevin Harvick","GearWrench | Stewart-Haas Racing | Ford","Driver",12,4
"Racing",2022,"Panini","Chronicles","Contenders Optic Autographs Gold","Josh Williams","Alloy | B.J. McLeod Motorsports | Chevrolet","Driver",14,10
"Racing",2022,"Panini","Chronicles","Contenders Optic Autographs Gold","Kyle Larson","Hendrickcars.com | Hendrick Motorsports | Chevrolet","Driver",15,5
"Racing",2022,"Panini","Chronicles","Contenders Optic Autographs Gold","Nick Sanchez","ARCA Menards","Driver",16,10
"Racing",2022,"Panini","Chronicles","Contenders Optic Autographs Gold","Brandon Brown","Vero | Brandonbilt Motorsports | Chevrolet","Driver",17,10
"Racing",2022,"Panini","Chronicles","Contenders Optic Autographs Gold","Jade Buford","Big Machine Racing","Driver",18,10
"Racing",2022,"Panini","Chronicles","Contenders Optic Autographs Gold","Ricky Stenhouse Jr","Kroger | JTG Daugherty Racing | Chevrolet","Driver",19,10
"Racing",2022,"Panini","Chronicles","Contenders Optic Autographs Gold","Sam Mayer","Tire Pros | JR Motorsports | Chevrolet","Driver",20,10
"Racing",2022,"Panini","Chronicles","Contenders Optic Autographs Gold Vinyl","Chris Buescher","Fastenal | RFK Racing | Ford","Driver",1,1
"Racing",2022,"Panini","Chronicles","Contenders Optic Autographs Gold Vinyl","Mike Harmon","Mike Harmon Racing | Chevrolet","Driver",2,1
"Racing",2022,"Panini","Chronicles","Contenders Optic Autographs Gold Vinyl","Sheldon Creed","Whelen | Richard Childress Racing | Chevrolet","Driver",4,1
"Racing",2022,"Panini","Chronicles","Contenders Optic Autographs Gold Vinyl","Bayley Currey ","Fort Worth Screen Printing | Rick Ware Racing | Chevrolet","Driver",5,1
"Racing",2022,"Panini","Chronicles","Contenders Optic Autographs Gold Vinyl","Martin Truex Jr.","Bass Pro Shops | Joe Gibbs Racing | Toyota","Driver",7,1
"Racing",2022,"Panini","Chronicles","Contenders Optic Autographs Gold Vinyl","Tommy Joe Martins","Alpha Prime Racing | Chevrolet","Driver",8,1
"Racing",2022,"Panini","Chronicles","Contenders Optic Autographs Gold Vinyl","Chase Elliott","NAPA Auto Parts | Hendrick Motorsports | Chevrolet","Driver",9,1
"Racing",2022,"Panini","Chronicles","Contenders Optic Autographs Gold Vinyl","Brittney Zamora","Rackley Roofing | Toyota","Driver",10,1
"Racing",2022,"Panini","Chronicles","Contenders Optic Autographs Gold Vinyl","Kyle Busch","M&M's | Joe Gibbs Racing | Toyota","Driver",11,1
"Racing",2022,"Panini","Chronicles","Contenders Optic Autographs Gold Vinyl","Natalie Decker","NERD Focus | Our Motorsports | Chevrolet","Driver",13,1
"Racing",2022,"Panini","Chronicles","Contenders Optic Autographs Gold Vinyl","Josh Williams","Alloy | B.J. McLeod Motorsports | Chevrolet","Driver",14,1
"Racing",2022,"Panini","Chronicles","Contenders Optic Autographs Gold Vinyl","Nick Sanchez","ARCA Menards","Driver",16,1
"Racing",2022,"Panini","Chronicles","Contenders Optic Autographs Gold Vinyl","Brandon Brown","Vero | Brandonbilt Motorsports | Chevrolet","Driver",17,1
"Racing",2022,"Panini","Chronicles","Contenders Optic Autographs Gold Vinyl","Jade Buford","Big Machine Racing","Driver",18,1
"Racing",2022,"Panini","Chronicles","Contenders Optic Autographs Gold Vinyl","Ricky Stenhouse Jr","Kroger | JTG Daugherty Racing | Chevrolet","Driver",19,1
"Racing",2022,"Panini","Chronicles","Contenders Optic Autographs Gold Vinyl","Sam Mayer","Tire Pros | JR Motorsports | Chevrolet","Driver",20,1
"Racing",2022,"Panini","Chronicles","Contenders Optic Blue","Chris Buescher","Fastenal | RFK Racing | Ford","Driver",1,199
"Racing",2022,"Panini","Chronicles","Contenders Optic Blue","Mike Harmon","Mike Harmon Racing | Chevrolet","Driver",2,199
"Racing",2022,"Panini","Chronicles","Contenders Optic Blue","Sheldon Creed","Whelen | Richard Childress Racing | Chevrolet","Driver",4,199
"Racing",2022,"Panini","Chronicles","Contenders Optic Blue","Bayley Currey ","Fort Worth Screen Printing | Rick Ware Racing | Chevrolet","Driver",5,199
"Racing",2022,"Panini","Chronicles","Contenders Optic Blue","Dale Earnhardt Jr","National Guard | Hendrick Motorsports | Chevrolet","Driver",6,199
"Racing",2022,"Panini","Chronicles","Contenders Optic Blue","Martin Truex Jr.","Bass Pro Shops | Joe Gibbs Racing | Toyota","Driver",7,199
"Racing",2022,"Panini","Chronicles","Contenders Optic Blue","Tommy Joe Martins","Alpha Prime Racing | Chevrolet","Driver",8,199
"Racing",2022,"Panini","Chronicles","Contenders Optic Blue","Chase Elliott","NAPA Auto Parts | Hendrick Motorsports | Chevrolet","Driver",9,199
"Racing",2022,"Panini","Chronicles","Contenders Optic Blue","Brittney Zamora","Rackley Roofing | Toyota","Driver",10,199
"Racing",2022,"Panini","Chronicles","Contenders Optic Blue","Kyle Busch","M&M's | Joe Gibbs Racing | Toyota","Driver",11,199
"Racing",2022,"Panini","Chronicles","Contenders Optic Blue","Kevin Harvick","GearWrench | Stewart-Haas Racing | Ford","Driver",12,199
"Racing",2022,"Panini","Chronicles","Contenders Optic Blue","Natalie Decker","NERD Focus | Our Motorsports | Chevrolet","Driver",13,199
"Racing",2022,"Panini","Chronicles","Contenders Optic Blue","Josh Williams","Alloy | B.J. McLeod Motorsports | Chevrolet","Driver",14,199
"Racing",2022,"Panini","Chronicles","Contenders Optic Blue","Kyle Larson","Hendrickcars.com | Hendrick Motorsports | Chevrolet","Driver",15,199
"Racing",2022,"Panini","Chronicles","Contenders Optic Blue","Nick Sanchez","ARCA Menards","Driver",16,199
"Racing",2022,"Panini","Chronicles","Contenders Optic Blue","Jade Buford","Big Machine Racing","Driver",18,199
"Racing",2022,"Panini","Chronicles","Contenders Optic Blue","Ricky Stenhouse Jr","Kroger | JTG Daugherty Racing | Chevrolet","Driver",19,199
"Racing",2022,"Panini","Chronicles","Contenders Optic Gold","Chris Buescher","Fastenal | RFK Racing | Ford","Driver",1,10
"Racing",2022,"Panini","Chronicles","Contenders Optic Gold","Mike Harmon","Mike Harmon Racing | Chevrolet","Driver",2,10
"Racing",2022,"Panini","Chronicles","Contenders Optic Gold","Christian Eckes","AHI | ThorSport Racing | Toyota","Driver",3,10
"Racing",2022,"Panini","Chronicles","Contenders Optic Gold","Sheldon Creed","Whelen | Richard Childress Racing | Chevrolet","Driver",4,10
"Racing",2022,"Panini","Chronicles","Contenders Optic Gold","Bayley Currey ","Fort Worth Screen Printing | Rick Ware Racing | Chevrolet","Driver",5,10
"Racing",2022,"Panini","Chronicles","Contenders Optic Gold","Dale Earnhardt Jr","National Guard | Hendrick Motorsports | Chevrolet","Driver",6,10
"Racing",2022,"Panini","Chronicles","Contenders Optic Gold","Martin Truex Jr.","Bass Pro Shops | Joe Gibbs Racing | Toyota","Driver",7,10
"Racing",2022,"Panini","Chronicles","Contenders Optic Gold","Tommy Joe Martins","Alpha Prime Racing | Chevrolet","Driver",8,10
"Racing",2022,"Panini","Chronicles","Contenders Optic Gold","Brittney Zamora","Rackley Roofing | Toyota","Driver",10,10
"Racing",2022,"Panini","Chronicles","Contenders Optic Gold","Kyle Busch","M&M's | Joe Gibbs Racing | Toyota","Driver",11,10
"Racing",2022,"Panini","Chronicles","Contenders Optic Gold","Kevin Harvick","GearWrench | Stewart-Haas Racing | Ford","Driver",12,10
"Racing",2022,"Panini","Chronicles","Contenders Optic Gold","Natalie Decker","NERD Focus | Our Motorsports | Chevrolet","Driver",13,10
"Racing",2022,"Panini","Chronicles","Contenders Optic Gold","Josh Williams","Alloy | B.J. McLeod Motorsports | Chevrolet","Driver",14,10
"Racing",2022,"Panini","Chronicles","Contenders Optic Gold","Kyle Larson","Hendrickcars.com | Hendrick Motorsports | Chevrolet","Driver",15,10
"Racing",2022,"Panini","Chronicles","Contenders Optic Gold","Nick Sanchez","ARCA Menards","Driver",16,10
"Racing",2022,"Panini","Chronicles","Contenders Optic Gold","Brandon Brown","Vero | Brandonbilt Motorsports | Chevrolet","Driver",17,10
"Racing",2022,"Panini","Chronicles","Contenders Optic Gold","Jade Buford","Big Machine Racing","Driver",18,10
"Racing",2022,"Panini","Chronicles","Contenders Optic Gold","Ricky Stenhouse Jr","Kroger | JTG Daugherty Racing | Chevrolet","Driver",19,10
"Racing",2022,"Panini","Chronicles","Contenders Optic Gold","Sam Mayer","Tire Pros | JR Motorsports | Chevrolet","Driver",20,10
"Racing",2022,"Panini","Chronicles","Contenders Optic Gold Vinyl","Chris Buescher","Fastenal | RFK Racing | Ford","Driver",1,1
"Racing",2022,"Panini","Chronicles","Contenders Optic Gold Vinyl","Mike Harmon","Mike Harmon Racing | Chevrolet","Driver",2,1
"Racing",2022,"Panini","Chronicles","Contenders Optic Gold Vinyl","Sheldon Creed","Whelen | Richard Childress Racing | Chevrolet","Driver",4,1
"Racing",2022,"Panini","Chronicles","Contenders Optic Gold Vinyl","Bayley Currey ","Fort Worth Screen Printing | Rick Ware Racing | Chevrolet","Driver",5,1
"Racing",2022,"Panini","Chronicles","Contenders Optic Gold Vinyl","Dale Earnhardt Jr","National Guard | Hendrick Motorsports | Chevrolet","Driver",6,1
"Racing",2022,"Panini","Chronicles","Contenders Optic Gold Vinyl","Martin Truex Jr.","Bass Pro Shops | Joe Gibbs Racing | Toyota","Driver",7,1
"Racing",2022,"Panini","Chronicles","Contenders Optic Gold Vinyl","Tommy Joe Martins","Alpha Prime Racing | Chevrolet","Driver",8,1
"Racing",2022,"Panini","Chronicles","Contenders Optic Gold Vinyl","Brittney Zamora","Rackley Roofing | Toyota","Driver",10,1
"Racing",2022,"Panini","Chronicles","Contenders Optic Gold Vinyl","Kyle Busch","M&M's | Joe Gibbs Racing | Toyota","Driver",11,1
"Racing",2022,"Panini","Chronicles","Contenders Optic Gold Vinyl","Kevin Harvick","GearWrench | Stewart-Haas Racing | Ford","Driver",12,1
"Racing",2022,"Panini","Chronicles","Contenders Optic Gold Vinyl","Natalie Decker","NERD Focus | Our Motorsports | Chevrolet","Driver",13,1
"Racing",2022,"Panini","Chronicles","Contenders Optic Gold Vinyl","Josh Williams","Alloy | B.J. McLeod Motorsports | Chevrolet","Driver",14,1
"Racing",2022,"Panini","Chronicles","Contenders Optic Gold Vinyl","Kyle Larson","Hendrickcars.com | Hendrick Motorsports | Chevrolet","Driver",15,1
"Racing",2022,"Panini","Chronicles","Contenders Optic Gold Vinyl","Nick Sanchez","ARCA Menards","Driver",16,1
"Racing",2022,"Panini","Chronicles","Contenders Optic Gold Vinyl","Brandon Brown","Vero | Brandonbilt Motorsports | Chevrolet","Driver",17,1
"Racing",2022,"Panini","Chronicles","Contenders Optic Gold Vinyl","Jade Buford","Big Machine Racing","Driver",18,1
"Racing",2022,"Panini","Chronicles","Contenders Optic Gold Vinyl","Ricky Stenhouse Jr","Kroger | JTG Daugherty Racing | Chevrolet","Driver",19,1
"Racing",2022,"Panini","Chronicles","Contenders Optic Green","Chris Buescher","Fastenal | RFK Racing | Ford","Driver",1,
"Racing",2022,"Panini","Chronicles","Contenders Optic Green","Mike Harmon","Mike Harmon Racing | Chevrolet","Driver",2,
"Racing",2022,"Panini","Chronicles","Contenders Optic Green","Sheldon Creed","Whelen | Richard Childress Racing | Chevrolet","Driver",4,
"Racing",2022,"Panini","Chronicles","Contenders Optic Green","Bayley Currey ","Fort Worth Screen Printing | Rick Ware Racing | Chevrolet","Driver",5,
"Racing",2022,"Panini","Chronicles","Contenders Optic Green","Dale Earnhardt Jr","National Guard | Hendrick Motorsports | Chevrolet","Driver",6,
"Racing",2022,"Panini","Chronicles","Contenders Optic Green","Martin Truex Jr.","Bass Pro Shops | Joe Gibbs Racing | Toyota","Driver",7,
"Racing",2022,"Panini","Chronicles","Contenders Optic Green","Tommy Joe Martins","Alpha Prime Racing | Chevrolet","Driver",8,
"Racing",2022,"Panini","Chronicles","Contenders Optic Green","Chase Elliott","NAPA Auto Parts | Hendrick Motorsports | Chevrolet","Driver",9,
"Racing",2022,"Panini","Chronicles","Contenders Optic Green","Brittney Zamora","Rackley Roofing | Toyota","Driver",10,
"Racing",2022,"Panini","Chronicles","Contenders Optic Green","Kyle Busch","M&M's | Joe Gibbs Racing | Toyota","Driver",11,
"Racing",2022,"Panini","Chronicles","Contenders Optic Green","Kevin Harvick","GearWrench | Stewart-Haas Racing | Ford","Driver",12,
"Racing",2022,"Panini","Chronicles","Contenders Optic Green","Natalie Decker","NERD Focus | Our Motorsports | Chevrolet","Driver",13,
"Racing",2022,"Panini","Chronicles","Contenders Optic Green","Josh Williams","Alloy | B.J. McLeod Motorsports | Chevrolet","Driver",14,
"Racing",2022,"Panini","Chronicles","Contenders Optic Green","Kyle Larson","Hendrickcars.com | Hendrick Motorsports | Chevrolet","Driver",15,
"Racing",2022,"Panini","Chronicles","Contenders Optic Green","Nick Sanchez","ARCA Menards","Driver",16,
"Racing",2022,"Panini","Chronicles","Contenders Optic Green","Jade Buford","Big Machine Racing","Driver",18,
"Racing",2022,"Panini","Chronicles","Contenders Optic Green","Ricky Stenhouse Jr","Kroger | JTG Daugherty Racing | Chevrolet","Driver",19,
"Racing",2022,"Panini","Chronicles","Contenders Optic Green","Sam Mayer","Tire Pros | JR Motorsports | Chevrolet","Driver",20,
"Racing",2022,"Panini","Chronicles","Contenders Optic Holo","Chris Buescher","Fastenal | RFK Racing | Ford","Driver",1,
"Racing",2022,"Panini","Chronicles","Contenders Optic Holo","Mike Harmon","Mike Harmon Racing | Chevrolet","Driver",2,
"Racing",2022,"Panini","Chronicles","Contenders Optic Holo","Christian Eckes","AHI | ThorSport Racing | Toyota","Driver",3,
"Racing",2022,"Panini","Chronicles","Contenders Optic Holo","Sheldon Creed","Whelen | Richard Childress Racing | Chevrolet","Driver",4,
"Racing",2022,"Panini","Chronicles","Contenders Optic Holo","Bayley Currey ","Fort Worth Screen Printing | Rick Ware Racing | Chevrolet","Driver",5,
"Racing",2022,"Panini","Chronicles","Contenders Optic Holo","Dale Earnhardt Jr","National Guard | Hendrick Motorsports | Chevrolet","Driver",6,
"Racing",2022,"Panini","Chronicles","Contenders Optic Holo","Martin Truex Jr.","Bass Pro Shops | Joe Gibbs Racing | Toyota","Driver",7,
"Racing",2022,"Panini","Chronicles","Contenders Optic Holo","Tommy Joe Martins","Alpha Prime Racing | Chevrolet","Driver",8,
"Racing",2022,"Panini","Chronicles","Contenders Optic Holo","Chase Elliott","NAPA Auto Parts | Hendrick Motorsports | Chevrolet","Driver",9,
"Racing",2022,"Panini","Chronicles","Contenders Optic Holo","Brittney Zamora","Rackley Roofing | Toyota","Driver",10,
"Racing",2022,"Panini","Chronicles","Contenders Optic Holo","Kyle Busch","M&M's | Joe Gibbs Racing | Toyota","Driver",11,
"Racing",2022,"Panini","Chronicles","Contenders Optic Holo","Kevin Harvick","GearWrench | Stewart-Haas Racing | Ford","Driver",12,
"Racing",2022,"Panini","Chronicles","Contenders Optic Holo","Natalie Decker","NERD Focus | Our Motorsports | Chevrolet","Driver",13,
"Racing",2022,"Panini","Chronicles","Contenders Optic Holo","Kyle Larson","Hendrickcars.com | Hendrick Motorsports | Chevrolet","Driver",15,
"Racing",2022,"Panini","Chronicles","Contenders Optic Holo","Nick Sanchez","ARCA Menards","Driver",16,
"Racing",2022,"Panini","Chronicles","Contenders Optic Holo","Brandon Brown","Vero | Brandonbilt Motorsports | Chevrolet","Driver",17,
"Racing",2022,"Panini","Chronicles","Contenders Optic Holo","Jade Buford","Big Machine Racing","Driver",18,
"Racing",2022,"Panini","Chronicles","Contenders Optic Holo","Ricky Stenhouse Jr","Kroger | JTG Daugherty Racing | Chevrolet","Driver",19,
"Racing",2022,"Panini","Chronicles","Contenders Optic Purple","Chris Buescher","Fastenal | RFK Racing | Ford","Driver",1,25
"Racing",2022,"Panini","Chronicles","Contenders Optic Purple","Mike Harmon","Mike Harmon Racing | Chevrolet","Driver",2,25
"Racing",2022,"Panini","Chronicles","Contenders Optic Purple","Sheldon Creed","Whelen | Richard Childress Racing | Chevrolet","Driver",4,25
"Racing",2022,"Panini","Chronicles","Contenders Optic Purple","Bayley Currey ","Fort Worth Screen Printing | Rick Ware Racing | Chevrolet","Driver",5,25
"Racing",2022,"Panini","Chronicles","Contenders Optic Purple","Martin Truex Jr.","Bass Pro Shops | Joe Gibbs Racing | Toyota","Driver",7,25
"Racing",2022,"Panini","Chronicles","Contenders Optic Purple","Tommy Joe Martins","Alpha Prime Racing | Chevrolet","Driver",8,25
"Racing",2022,"Panini","Chronicles","Contenders Optic Purple","Brittney Zamora","Rackley Roofing | Toyota","Driver",10,25
"Racing",2022,"Panini","Chronicles","Contenders Optic Purple","Kyle Busch","M&M's | Joe Gibbs Racing | Toyota","Driver",11,25
"Racing",2022,"Panini","Chronicles","Contenders Optic Purple","Kevin Harvick","GearWrench | Stewart-Haas Racing | Ford","Driver",12,25
"Racing",2022,"Panini","Chronicles","Contenders Optic Purple","Natalie Decker","NERD Focus | Our Motorsports | Chevrolet","Driver",13,25
"Racing",2022,"Panini","Chronicles","Contenders Optic Purple","Josh Williams","Alloy | B.J. McLeod Motorsports | Chevrolet","Driver",14,25
"Racing",2022,"Panini","Chronicles","Contenders Optic Purple","Kyle Larson","Hendrickcars.com | Hendrick Motorsports | Chevrolet","Driver",15,25
"Racing",2022,"Panini","Chronicles","Contenders Optic Purple","Nick Sanchez","ARCA Menards","Driver",16,25
"Racing",2022,"Panini","Chronicles","Contenders Optic Purple","Brandon Brown","Vero | Brandonbilt Motorsports | Chevrolet","Driver",17,25
"Racing",2022,"Panini","Chronicles","Contenders Optic Purple","Jade Buford","Big Machine Racing","Driver",18,25
"Racing",2022,"Panini","Chronicles","Contenders Optic Purple","Ricky Stenhouse Jr","Kroger | JTG Daugherty Racing | Chevrolet","Driver",19,25
"Racing",2022,"Panini","Chronicles","Contenders Optic Red","Chris Buescher","Fastenal | RFK Racing | Ford","Driver",1,99
"Racing",2022,"Panini","Chronicles","Contenders Optic Red","Mike Harmon","Mike Harmon Racing | Chevrolet","Driver",2,99
"Racing",2022,"Panini","Chronicles","Contenders Optic Red","Sheldon Creed","Whelen | Richard Childress Racing | Chevrolet","Driver",4,99
"Racing",2022,"Panini","Chronicles","Contenders Optic Red","Bayley Currey ","Fort Worth Screen Printing | Rick Ware Racing | Chevrolet","Driver",5,99
"Racing",2022,"Panini","Chronicles","Contenders Optic Red","Martin Truex Jr.","Bass Pro Shops | Joe Gibbs Racing | Toyota","Driver",7,99
"Racing",2022,"Panini","Chronicles","Contenders Optic Red","Tommy Joe Martins","Alpha Prime Racing | Chevrolet","Driver",8,99
"Racing",2022,"Panini","Chronicles","Contenders Optic Red","Chase Elliott","NAPA Auto Parts | Hendrick Motorsports | Chevrolet","Driver",9,99
"Racing",2022,"Panini","Chronicles","Contenders Optic Red","Brittney Zamora","Rackley Roofing | Toyota","Driver",10,99
"Racing",2022,"Panini","Chronicles","Contenders Optic Red","Kyle Busch","M&M's | Joe Gibbs Racing | Toyota","Driver",11,99
"Racing",2022,"Panini","Chronicles","Contenders Optic Red","Kevin Harvick","GearWrench | Stewart-Haas Racing | Ford","Driver",12,99
"Racing",2022,"Panini","Chronicles","Contenders Optic Red","Natalie Decker","NERD Focus | Our Motorsports | Chevrolet","Driver",13,99
"Racing",2022,"Panini","Chronicles","Contenders Optic Red","Josh Williams","Alloy | B.J. McLeod Motorsports | Chevrolet","Driver",14,99
"Racing",2022,"Panini","Chronicles","Contenders Optic Red","Kyle Larson","Hendrickcars.com | Hendrick Motorsports | Chevrolet","Driver",15,99
"Racing",2022,"Panini","Chronicles","Contenders Optic Red","Nick Sanchez","ARCA Menards","Driver",16,99
"Racing",2022,"Panini","Chronicles","Contenders Optic Red","Jade Buford","Big Machine Racing","Driver",18,99
"Racing",2022,"Panini","Chronicles","Contenders Optic Red","Ricky Stenhouse Jr","Kroger | JTG Daugherty Racing | Chevrolet","Driver",19,99
"Racing",2022,"Panini","Chronicles","Contenders Optic Red","Sam Mayer","Tire Pros | JR Motorsports | Chevrolet","Driver",20,99
"Racing",2022,"Panini","Chronicles","Cornerstones Materials Signatures","Bubba Wallace/Bubba Wallace/Bubba Wallace/Bubba Wallace","McDonald's | 23XI Racing | Toyota/McDonald's | 23XI Racing | Toyota/McDonald's | 23XI Racing | Toyota/McDonald's | 23XI Racing | Toyota","Driver/Driver/Driver/Driver",1,
"Racing",2022,"Panini","Chronicles","Cornerstones Materials Signatures","Jimmie Johnson/Jimmie Johnson/Jimmie Johnson/Jimmie Johnson","Lowe's | Hendrick Motorsports | Chevrolet/Lowe's | Hendrick Motorsports | Chevrolet/Lowe's | Hendrick Motorsports | Chevrolet/Lowe's | Hendrick Motorsports | Chevrolet","Driver/Driver/Driver/Driver",2,
"Racing",2022,"Panini","Chronicles","Cornerstones Materials Signatures","Chase Elliott/Chase Elliott/Chase Elliott/Chase Elliott","NAPA Auto Parts | Hendrick Motorsports | Chevrolet/NAPA Auto Parts | Hendrick Motorsports | Chevrolet/NAPA Auto Parts | Hendrick Motorsports | Chevrolet/NAPA Auto Parts | Hendrick Motorsports | Chevrolet","Driver/Driver/Driver/Driver",4,
"Racing",2022,"Panini","Chronicles","Cornerstones Materials Signatures","Alex Bowman/Alex Bowman/Alex Bowman/Alex Bowman","Ally Financial | Hendrick Motorsports | Chevrolet/Ally Financial | Hendrick Motorsports | Chevrolet/Ally Financial | Hendrick Motorsports | Chevrolet/Ally Financial | Hendrick Motorsports | Chevrolet","Driver/Driver/Driver/Driver",5,
"Racing",2022,"Panini","Chronicles","Cornerstones Materials Signatures","Joey Logano/Joey Logano/Joey Logano/Joey Logano","Shell-Pennzoil | Team Penske | Ford/Shell-Pennzoil | Team Penske | Ford/Shell-Pennzoil | Team Penske | Ford/Shell-Pennzoil | Team Penske | Ford","Driver/Driver/Driver/Driver",7,
"Racing",2022,"Panini","Chronicles","Cornerstones Materials Signatures","Ryan Newman/Ryan Newman/Ryan Newman/Ryan Newman","Kohler Generators | Rousch Fenway Racing | Ford/Kohler Generators | Rousch Fenway Racing | Ford/Kohler Generators | Rousch Fenway Racing | Ford/Kohler Generators | Rousch Fenway Racing | Ford","Driver/Driver/Driver/Driver",8,
"Racing",2022,"Panini","Chronicles","Cornerstones Materials Signatures","William Byron/William Byron/William Byron/William Byron","AXALTA | Hendrick Motorsports | Chevrolet/AXALTA | Hendrick Motorsports | Chevrolet/AXALTA | Hendrick Motorsports | Chevrolet/AXALTA | Hendrick Motorsports | Chevrolet","Driver/Driver/Driver/Driver",9,
"Racing",2022,"Panini","Chronicles","Cornerstones Materials Signatures","Aric Almirola/Aric Almirola/Aric Almirola/Aric Almirola","Smithfield Foods | Stewart-Haas Racing | Ford/Smithfield Foods | Stewart-Haas Racing | Ford/Smithfield Foods | Stewart-Haas Racing | Ford/Smithfield Foods | Stewart-Haas Racing | Ford","Driver/Driver/Driver/Driver",10,
"Racing",2022,"Panini","Chronicles","Cornerstones Materials Signatures Holo Gold","Bubba Wallace/Bubba Wallace/Bubba Wallace/Bubba Wallace","McDonald's | 23XI Racing | Toyota/McDonald's | 23XI Racing | Toyota/McDonald's | 23XI Racing | Toyota/McDonald's | 23XI Racing | Toyota","Driver/Driver/Driver/Driver",1,2
"Racing",2022,"Panini","Chronicles","Cornerstones Materials Signatures Holo Gold","Jimmie Johnson/Jimmie Johnson/Jimmie Johnson/Jimmie Johnson","Lowe's | Hendrick Motorsports | Chevrolet/Lowe's | Hendrick Motorsports | Chevrolet/Lowe's | Hendrick Motorsports | Chevrolet/Lowe's | Hendrick Motorsports | Chevrolet","Driver/Driver/Driver/Driver",2,10
"Racing",2022,"Panini","Chronicles","Cornerstones Materials Signatures Holo Gold","Hailie Deegan/Hailie Deegan/Hailie Deegan/Hailie Deegan","Monster Energy | DGR-Crosley | Ford/Monster Energy | DGR-Crosley | Ford/Monster Energy | DGR-Crosley | Ford/Monster Energy | DGR-Crosley | Ford","Driver/Driver/Driver/Driver",3,5
"Racing",2022,"Panini","Chronicles","Cornerstones Materials Signatures Holo Gold","Alex Bowman/Alex Bowman/Alex Bowman/Alex Bowman","Ally Financial | Hendrick Motorsports | Chevrolet/Ally Financial | Hendrick Motorsports | Chevrolet/Ally Financial | Hendrick Motorsports | Chevrolet/Ally Financial | Hendrick Motorsports | Chevrolet","Driver/Driver/Driver/Driver",5,10
"Racing",2022,"Panini","Chronicles","Cornerstones Materials Signatures Holo Gold","Austin Dillon/Austin Dillon/Austin Dillon/Austin Dillon","Bass Pro Shops | Richard Childress Racing | Chevrolet/Bass Pro Shops | Richard Childress Racing | Chevrolet/Bass Pro Shops | Richard Childress Racing | Chevrolet/Bass Pro Shops | Richard Childress Racing | Chevrolet","Driver/Driver/Driver/Driver",6,5
"Racing",2022,"Panini","Chronicles","Cornerstones Materials Signatures Holo Gold","Joey Logano/Joey Logano/Joey Logano/Joey Logano","Shell-Pennzoil | Team Penske | Ford/Shell-Pennzoil | Team Penske | Ford/Shell-Pennzoil | Team Penske | Ford/Shell-Pennzoil | Team Penske | Ford","Driver/Driver/Driver/Driver",7,10
"Racing",2022,"Panini","Chronicles","Cornerstones Materials Signatures Holo Gold","Ryan Newman/Ryan Newman/Ryan Newman/Ryan Newman","Kohler Generators | Rousch Fenway Racing | Ford/Kohler Generators | Rousch Fenway Racing | Ford/Kohler Generators | Rousch Fenway Racing | Ford/Kohler Generators | Rousch Fenway Racing | Ford","Driver/Driver/Driver/Driver",8,5
"Racing",2022,"Panini","Chronicles","Cornerstones Materials Signatures Holo Gold","William Byron/William Byron/William Byron/William Byron","AXALTA | Hendrick Motorsports | Chevrolet/AXALTA | Hendrick Motorsports | Chevrolet/AXALTA | Hendrick Motorsports | Chevrolet/AXALTA | Hendrick Motorsports | Chevrolet","Driver/Driver/Driver/Driver",9,5
"Racing",2022,"Panini","Chronicles","Cornerstones Materials Signatures Holo Platinum Blue","Bubba Wallace/Bubba Wallace/Bubba Wallace/Bubba Wallace","McDonald's | 23XI Racing | Toyota/McDonald's | 23XI Racing | Toyota/McDonald's | 23XI Racing | Toyota/McDonald's | 23XI Racing | Toyota","Driver/Driver/Driver/Driver",1,1
"Racing",2022,"Panini","Chronicles","Cornerstones Materials Signatures Holo Platinum Blue","Jimmie Johnson/Jimmie Johnson/Jimmie Johnson/Jimmie Johnson","Lowe's | Hendrick Motorsports | Chevrolet/Lowe's | Hendrick Motorsports | Chevrolet/Lowe's | Hendrick Motorsports | Chevrolet/Lowe's | Hendrick Motorsports | Chevrolet","Driver/Driver/Driver/Driver",2,1
"Racing",2022,"Panini","Chronicles","Cornerstones Materials Signatures Holo Platinum Blue","Hailie Deegan/Hailie Deegan/Hailie Deegan/Hailie Deegan","Monster Energy | DGR-Crosley | Ford/Monster Energy | DGR-Crosley | Ford/Monster Energy | DGR-Crosley | Ford/Monster Energy | DGR-Crosley | Ford","Driver/Driver/Driver/Driver",3,1
"Racing",2022,"Panini","Chronicles","Cornerstones Materials Signatures Holo Platinum Blue","Alex Bowman/Alex Bowman/Alex Bowman/Alex Bowman","Ally Financial | Hendrick Motorsports | Chevrolet/Ally Financial | Hendrick Motorsports | Chevrolet/Ally Financial | Hendrick Motorsports | Chevrolet/Ally Financial | Hendrick Motorsports | Chevrolet","Driver/Driver/Driver/Driver",5,1
"Racing",2022,"Panini","Chronicles","Cornerstones Materials Signatures Holo Platinum Blue","Austin Dillon/Austin Dillon/Austin Dillon/Austin Dillon","Bass Pro Shops | Richard Childress Racing | Chevrolet/Bass Pro Shops | Richard Childress Racing | Chevrolet/Bass Pro Shops | Richard Childress Racing | Chevrolet/Bass Pro Shops | Richard Childress Racing | Chevrolet","Driver/Driver/Driver/Driver",6,1
"Racing",2022,"Panini","Chronicles","Cornerstones Materials Signatures Holo Platinum Blue","Joey Logano/Joey Logano/Joey Logano/Joey Logano","Shell-Pennzoil | Team Penske | Ford/Shell-Pennzoil | Team Penske | Ford/Shell-Pennzoil | Team Penske | Ford/Shell-Pennzoil | Team Penske | Ford","Driver/Driver/Driver/Driver",7,1
"Racing",2022,"Panini","Chronicles","Cornerstones Materials Signatures Holo Platinum Blue","Ryan Newman/Ryan Newman/Ryan Newman/Ryan Newman","Kohler Generators | Rousch Fenway Racing | Ford/Kohler Generators | Rousch Fenway Racing | Ford/Kohler Generators | Rousch Fenway Racing | Ford/Kohler Generators | Rousch Fenway Racing | Ford","Driver/Driver/Driver/Driver",8,1
"Racing",2022,"Panini","Chronicles","Cornerstones Materials Signatures Holo Platinum Blue","William Byron/William Byron/William Byron/William Byron","AXALTA | Hendrick Motorsports | Chevrolet/AXALTA | Hendrick Motorsports | Chevrolet/AXALTA | Hendrick Motorsports | Chevrolet/AXALTA | Hendrick Motorsports | Chevrolet","Driver/Driver/Driver/Driver",9,1
"Racing",2022,"Panini","Chronicles","Cornerstones Materials Signatures Holo Silver","Bubba Wallace/Bubba Wallace/Bubba Wallace/Bubba Wallace","McDonald's | 23XI Racing | Toyota/McDonald's | 23XI Racing | Toyota/McDonald's | 23XI Racing | Toyota/McDonald's | 23XI Racing | Toyota","Driver/Driver/Driver/Driver",1,10
"Racing",2022,"Panini","Chronicles","Cornerstones Materials Signatures Holo Silver","Jimmie Johnson/Jimmie Johnson/Jimmie Johnson/Jimmie Johnson","Lowe's | Hendrick Motorsports | Chevrolet/Lowe's | Hendrick Motorsports | Chevrolet/Lowe's | Hendrick Motorsports | Chevrolet/Lowe's | Hendrick Motorsports | Chevrolet","Driver/Driver/Driver/Driver",2,15
"Racing",2022,"Panini","Chronicles","Cornerstones Materials Signatures Holo Silver","Hailie Deegan/Hailie Deegan/Hailie Deegan/Hailie Deegan","Monster Energy | DGR-Crosley | Ford/Monster Energy | DGR-Crosley | Ford/Monster Energy | DGR-Crosley | Ford/Monster Energy | DGR-Crosley | Ford","Driver/Driver/Driver/Driver",3,10
"Racing",2022,"Panini","Chronicles","Cornerstones Materials Signatures Holo Silver","Chase Elliott/Chase Elliott/Chase Elliott/Chase Elliott","NAPA Auto Parts | Hendrick Motorsports | Chevrolet/NAPA Auto Parts | Hendrick Motorsports | Chevrolet/NAPA Auto Parts | Hendrick Motorsports | Chevrolet/NAPA Auto Parts | Hendrick Motorsports | Chevrolet","Driver/Driver/Driver/Driver",4,8
"Racing",2022,"Panini","Chronicles","Cornerstones Materials Signatures Holo Silver","Alex Bowman/Alex Bowman/Alex Bowman/Alex Bowman","Ally Financial | Hendrick Motorsports | Chevrolet/Ally Financial | Hendrick Motorsports | Chevrolet/Ally Financial | Hendrick Motorsports | Chevrolet/Ally Financial | Hendrick Motorsports | Chevrolet","Driver/Driver/Driver/Driver",5,15
"Racing",2022,"Panini","Chronicles","Cornerstones Materials Signatures Holo Silver","Austin Dillon/Austin Dillon/Austin Dillon/Austin Dillon","Bass Pro Shops | Richard Childress Racing | Chevrolet/Bass Pro Shops | Richard Childress Racing | Chevrolet/Bass Pro Shops | Richard Childress Racing | Chevrolet/Bass Pro Shops | Richard Childress Racing | Chevrolet","Driver/Driver/Driver/Driver",6,10
"Racing",2022,"Panini","Chronicles","Cornerstones Materials Signatures Holo Silver","Joey Logano/Joey Logano/Joey Logano/Joey Logano","Shell-Pennzoil | Team Penske | Ford/Shell-Pennzoil | Team Penske | Ford/Shell-Pennzoil | Team Penske | Ford/Shell-Pennzoil | Team Penske | Ford","Driver/Driver/Driver/Driver",7,15
"Racing",2022,"Panini","Chronicles","Cornerstones Materials Signatures Holo Silver","Ryan Newman/Ryan Newman/Ryan Newman/Ryan Newman","Kohler Generators | Rousch Fenway Racing | Ford/Kohler Generators | Rousch Fenway Racing | Ford/Kohler Generators | Rousch Fenway Racing | Ford/Kohler Generators | Rousch Fenway Racing | Ford","Driver/Driver/Driver/Driver",8,10
"Racing",2022,"Panini","Chronicles","Cornerstones Materials Signatures Holo Silver","William Byron/William Byron/William Byron/William Byron","AXALTA | Hendrick Motorsports | Chevrolet/AXALTA | Hendrick Motorsports | Chevrolet/AXALTA | Hendrick Motorsports | Chevrolet/AXALTA | Hendrick Motorsports | Chevrolet","Driver/Driver/Driver/Driver",9,10
"Racing",2022,"Panini","Chronicles","Cornerstones Materials Signatures Laundry Tags","Bubba Wallace/Bubba Wallace/Bubba Wallace/Bubba Wallace","McDonald's | 23XI Racing | Toyota/McDonald's | 23XI Racing | Toyota/McDonald's | 23XI Racing | Toyota/McDonald's | 23XI Racing | Toyota","Driver/Driver/Driver/Driver",1,1
"Racing",2022,"Panini","Chronicles","Cornerstones Materials Signatures Laundry Tags","Jimmie Johnson/Jimmie Johnson/Jimmie Johnson/Jimmie Johnson","Lowe's | Hendrick Motorsports | Chevrolet/Lowe's | Hendrick Motorsports | Chevrolet/Lowe's | Hendrick Motorsports | Chevrolet/Lowe's | Hendrick Motorsports | Chevrolet","Driver/Driver/Driver/Driver",2,1
"Racing",2022,"Panini","Chronicles","Cornerstones Materials Signatures Laundry Tags","Chase Elliott/Chase Elliott/Chase Elliott/Chase Elliott","NAPA Auto Parts | Hendrick Motorsports | Chevrolet/NAPA Auto Parts | Hendrick Motorsports | Chevrolet/NAPA Auto Parts | Hendrick Motorsports | Chevrolet/NAPA Auto Parts | Hendrick Motorsports | Chevrolet","Driver/Driver/Driver/Driver",4,1
"Racing",2022,"Panini","Chronicles","Cornerstones Materials Signatures Laundry Tags","Alex Bowman/Alex Bowman/Alex Bowman/Alex Bowman","Ally Financial | Hendrick Motorsports | Chevrolet/Ally Financial | Hendrick Motorsports | Chevrolet/Ally Financial | Hendrick Motorsports | Chevrolet/Ally Financial | Hendrick Motorsports | Chevrolet","Driver/Driver/Driver/Driver",5,1
"Racing",2022,"Panini","Chronicles","Cornerstones Materials Signatures Laundry Tags","Austin Dillon/Austin Dillon/Austin Dillon/Austin Dillon","Bass Pro Shops | Richard Childress Racing | Chevrolet/Bass Pro Shops | Richard Childress Racing | Chevrolet/Bass Pro Shops | Richard Childress Racing | Chevrolet/Bass Pro Shops | Richard Childress Racing | Chevrolet","Driver/Driver/Driver/Driver",6,1
"Racing",2022,"Panini","Chronicles","Cornerstones Materials Signatures Laundry Tags","Ryan Newman/Ryan Newman/Ryan Newman/Ryan Newman","Kohler Generators | Rousch Fenway Racing | Ford/Kohler Generators | Rousch Fenway Racing | Ford/Kohler Generators | Rousch Fenway Racing | Ford/Kohler Generators | Rousch Fenway Racing | Ford","Driver/Driver/Driver/Driver",8,1
"Racing",2022,"Panini","Chronicles","Cornerstones Materials Signatures Laundry Tags","William Byron/William Byron/William Byron/William Byron","AXALTA | Hendrick Motorsports | Chevrolet/AXALTA | Hendrick Motorsports | Chevrolet/AXALTA | Hendrick Motorsports | Chevrolet/AXALTA | Hendrick Motorsports | Chevrolet","Driver/Driver/Driver/Driver",9,1
"Racing",2022,"Panini","Chronicles","Cornerstones Materials Signatures Red","Bubba Wallace/Bubba Wallace/Bubba Wallace/Bubba Wallace","McDonald's | 23XI Racing | Toyota/McDonald's | 23XI Racing | Toyota/McDonald's | 23XI Racing | Toyota/McDonald's | 23XI Racing | Toyota","Driver/Driver/Driver/Driver",1,15
"Racing",2022,"Panini","Chronicles","Cornerstones Materials Signatures Red","Jimmie Johnson/Jimmie Johnson/Jimmie Johnson/Jimmie Johnson","Lowe's | Hendrick Motorsports | Chevrolet/Lowe's | Hendrick Motorsports | Chevrolet/Lowe's | Hendrick Motorsports | Chevrolet/Lowe's | Hendrick Motorsports | Chevrolet","Driver/Driver/Driver/Driver",2,20
"Racing",2022,"Panini","Chronicles","Cornerstones Materials Signatures Red","Hailie Deegan/Hailie Deegan/Hailie Deegan/Hailie Deegan","Monster Energy | DGR-Crosley | Ford/Monster Energy | DGR-Crosley | Ford/Monster Energy | DGR-Crosley | Ford/Monster Energy | DGR-Crosley | Ford","Driver/Driver/Driver/Driver",3,15
"Racing",2022,"Panini","Chronicles","Cornerstones Materials Signatures Red","Chase Elliott/Chase Elliott/Chase Elliott/Chase Elliott","NAPA Auto Parts | Hendrick Motorsports | Chevrolet/NAPA Auto Parts | Hendrick Motorsports | Chevrolet/NAPA Auto Parts | Hendrick Motorsports | Chevrolet/NAPA Auto Parts | Hendrick Motorsports | Chevrolet","Driver/Driver/Driver/Driver",4,10
"Racing",2022,"Panini","Chronicles","Cornerstones Materials Signatures Red","Alex Bowman/Alex Bowman/Alex Bowman/Alex Bowman","Ally Financial | Hendrick Motorsports | Chevrolet/Ally Financial | Hendrick Motorsports | Chevrolet/Ally Financial | Hendrick Motorsports | Chevrolet/Ally Financial | Hendrick Motorsports | Chevrolet","Driver/Driver/Driver/Driver",5,20
"Racing",2022,"Panini","Chronicles","Cornerstones Materials Signatures Red","Austin Dillon/Austin Dillon/Austin Dillon/Austin Dillon","Bass Pro Shops | Richard Childress Racing | Chevrolet/Bass Pro Shops | Richard Childress Racing | Chevrolet/Bass Pro Shops | Richard Childress Racing | Chevrolet/Bass Pro Shops | Richard Childress Racing | Chevrolet","Driver/Driver/Driver/Driver",6,15
"Racing",2022,"Panini","Chronicles","Cornerstones Materials Signatures Red","Joey Logano/Joey Logano/Joey Logano/Joey Logano","Shell-Pennzoil | Team Penske | Ford/Shell-Pennzoil | Team Penske | Ford/Shell-Pennzoil | Team Penske | Ford/Shell-Pennzoil | Team Penske | Ford","Driver/Driver/Driver/Driver",7,22
"Racing",2022,"Panini","Chronicles","Cornerstones Materials Signatures Red","Ryan Newman/Ryan Newman/Ryan Newman/Ryan Newman","Kohler Generators | Rousch Fenway Racing | Ford/Kohler Generators | Rousch Fenway Racing | Ford/Kohler Generators | Rousch Fenway Racing | Ford/Kohler Generators | Rousch Fenway Racing | Ford","Driver/Driver/Driver/Driver",8,15
"Racing",2022,"Panini","Chronicles","Cornerstones Materials Signatures Red","William Byron/William Byron/William Byron/William Byron","AXALTA | Hendrick Motorsports | Chevrolet/AXALTA | Hendrick Motorsports | Chevrolet/AXALTA | Hendrick Motorsports | Chevrolet/AXALTA | Hendrick Motorsports | Chevrolet","Driver/Driver/Driver/Driver",9,15
"Racing",2022,"Panini","Chronicles","Crown Royale Silhouette Signatures","Richard Petty","STP | Petty Enterprises | Plymouth","Driver",1,
"Racing",2022,"Panini","Chronicles","Crown Royale Silhouette Signatures","Kyle Busch","M&M's | Joe Gibbs Racing | Toyota","Driver",2,
"Racing",2022,"Panini","Chronicles","Crown Royale Silhouette Signatures","Denny Hamlin","FedEx Express | Joe Gibbs Racing | Toyota","Driver",3,
"Racing",2022,"Panini","Chronicles","Crown Royale Silhouette Signatures","Ryan Blaney","Menards | Team Penske | Ford","Driver",4,
"Racing",2022,"Panini","Chronicles","Crown Royale Silhouette Signatures","Kyle Larson","Hendrickcars.com | Hendrick Motorsports | Chevrolet","Driver",6,
"Racing",2022,"Panini","Chronicles","Crown Royale Silhouette Signatures","Daniel Suarez","Camping World | Trackhouse Racing | Chevrolet","Driver",7,
"Racing",2022,"Panini","Chronicles","Crown Royale Silhouette Signatures Holo Gold","Richard Petty","STP | Petty Enterprises | Plymouth","Driver",1,5
"Racing",2022,"Panini","Chronicles","Crown Royale Silhouette Signatures Holo Gold","Denny Hamlin","FedEx Express | Joe Gibbs Racing | Toyota","Driver",3,5
"Racing",2022,"Panini","Chronicles","Crown Royale Silhouette Signatures Holo Gold","Ryan Blaney","Menards | Team Penske | Ford","Driver",4,5
"Racing",2022,"Panini","Chronicles","Crown Royale Silhouette Signatures Holo Gold","Kevin Harvick","Hunt Brothers Pizza | Stewart-Haas Racing | Ford","Driver",5,4
"Racing",2022,"Panini","Chronicles","Crown Royale Silhouette Signatures Holo Gold","Kyle Larson","Hendrickcars.com | Hendrick Motorsports | Chevrolet","Driver",6,5
"Racing",2022,"Panini","Chronicles","Crown Royale Silhouette Signatures Holo Gold","Daniel Suarez","Camping World | Trackhouse Racing | Chevrolet","Driver",7,10
"Racing",2022,"Panini","Chronicles","Crown Royale Silhouette Signatures Holo Gold","Kurt Busch","Monster | 23XI Racing | Toyota","Driver",8,5
"Racing",2022,"Panini","Chronicles","Crown Royale Silhouette Signatures Holo Gold","Tony Stewart","Bass Pro Shops | Stewart-Haas Racing | Chevrolet","Driver",9,5
"Racing",2022,"Panini","Chronicles","Crown Royale Silhouette Signatures Holo Gold","Martin Truex Jr.","Bass Pro Shops | Joe Gibbs Racing | Toyota","Driver",10,5
"Racing",2022,"Panini","Chronicles","Crown Royale Silhouette Signatures Holo Platinum Blue","Richard Petty","STP | Petty Enterprises | Plymouth","Driver",1,1
"Racing",2022,"Panini","Chronicles","Crown Royale Silhouette Signatures Holo Platinum Blue","Kyle Busch","M&M's | Joe Gibbs Racing | Toyota","Driver",2,1
"Racing",2022,"Panini","Chronicles","Crown Royale Silhouette Signatures Holo Platinum Blue","Denny Hamlin","FedEx Express | Joe Gibbs Racing | Toyota","Driver",3,1
"Racing",2022,"Panini","Chronicles","Crown Royale Silhouette Signatures Holo Platinum Blue","Ryan Blaney","Menards | Team Penske | Ford","Driver",4,1
"Racing",2022,"Panini","Chronicles","Crown Royale Silhouette Signatures Holo Platinum Blue","Kevin Harvick","Hunt Brothers Pizza | Stewart-Haas Racing | Ford","Driver",5,1
"Racing",2022,"Panini","Chronicles","Crown Royale Silhouette Signatures Holo Platinum Blue","Daniel Suarez","Camping World | Trackhouse Racing | Chevrolet","Driver",7,1
"Racing",2022,"Panini","Chronicles","Crown Royale Silhouette Signatures Holo Platinum Blue","Kurt Busch","Monster | 23XI Racing | Toyota","Driver",8,1
"Racing",2022,"Panini","Chronicles","Crown Royale Silhouette Signatures Holo Platinum Blue","Tony Stewart","Bass Pro Shops | Stewart-Haas Racing | Chevrolet","Driver",9,1
"Racing",2022,"Panini","Chronicles","Crown Royale Silhouette Signatures Holo Platinum Blue","Martin Truex Jr.","Bass Pro Shops | Joe Gibbs Racing | Toyota","Driver",10,1
"Racing",2022,"Panini","Chronicles","Crown Royale Silhouette Signatures Holo Silver","Richard Petty","STP | Petty Enterprises | Plymouth","Driver",1,10
"Racing",2022,"Panini","Chronicles","Crown Royale Silhouette Signatures Holo Silver","Kyle Busch","M&M's | Joe Gibbs Racing | Toyota","Driver",2,10
"Racing",2022,"Panini","Chronicles","Crown Royale Silhouette Signatures Holo Silver","Denny Hamlin","FedEx Express | Joe Gibbs Racing | Toyota","Driver",3,11
"Racing",2022,"Panini","Chronicles","Crown Royale Silhouette Signatures Holo Silver","Ryan Blaney","Menards | Team Penske | Ford","Driver",4,10
"Racing",2022,"Panini","Chronicles","Crown Royale Silhouette Signatures Holo Silver","Kevin Harvick","Hunt Brothers Pizza | Stewart-Haas Racing | Ford","Driver",5,5
"Racing",2022,"Panini","Chronicles","Crown Royale Silhouette Signatures Holo Silver","Kyle Larson","Hendrickcars.com | Hendrick Motorsports | Chevrolet","Driver",6,10
"Racing",2022,"Panini","Chronicles","Crown Royale Silhouette Signatures Holo Silver","Daniel Suarez","Camping World | Trackhouse Racing | Chevrolet","Driver",7,15
"Racing",2022,"Panini","Chronicles","Crown Royale Silhouette Signatures Holo Silver","Kurt Busch","Monster | 23XI Racing | Toyota","Driver",8,10
"Racing",2022,"Panini","Chronicles","Crown Royale Silhouette Signatures Holo Silver","Tony Stewart","Bass Pro Shops | Stewart-Haas Racing | Chevrolet","Driver",9,10
"Racing",2022,"Panini","Chronicles","Crown Royale Silhouette Signatures Holo Silver","Martin Truex Jr.","Bass Pro Shops | Joe Gibbs Racing | Toyota","Driver",10,10
"Racing",2022,"Panini","Chronicles","Crown Royale Silhouette Signatures Laundry Tags","Richard Petty","STP | Petty Enterprises | Plymouth","Driver",1,1
"Racing",2022,"Panini","Chronicles","Crown Royale Silhouette Signatures Laundry Tags","Kyle Busch","M&M's | Joe Gibbs Racing | Toyota","Driver",2,1
"Racing",2022,"Panini","Chronicles","Crown Royale Silhouette Signatures Laundry Tags","Denny Hamlin","FedEx Express | Joe Gibbs Racing | Toyota","Driver",3,1
"Racing",2022,"Panini","Chronicles","Crown Royale Silhouette Signatures Laundry Tags","Ryan Blaney","Menards | Team Penske | Ford","Driver",4,1
"Racing",2022,"Panini","Chronicles","Crown Royale Silhouette Signatures Laundry Tags","Kevin Harvick","Hunt Brothers Pizza | Stewart-Haas Racing | Ford","Driver",5,1
"Racing",2022,"Panini","Chronicles","Crown Royale Silhouette Signatures Laundry Tags","Daniel Suarez","Camping World | Trackhouse Racing | Chevrolet","Driver",7,1
"Racing",2022,"Panini","Chronicles","Crown Royale Silhouette Signatures Laundry Tags","Kurt Busch","Monster | 23XI Racing | Toyota","Driver",8,1
"Racing",2022,"Panini","Chronicles","Crown Royale Silhouette Signatures Laundry Tags","Martin Truex Jr.","Bass Pro Shops | Joe Gibbs Racing | Toyota","Driver",10,1
"Racing",2022,"Panini","Chronicles","Crown Royale Silhouette Signatures Red","Richard Petty","STP | Petty Enterprises | Plymouth","Driver",1,15
"Racing",2022,"Panini","Chronicles","Crown Royale Silhouette Signatures Red","Kyle Busch","M&M's | Joe Gibbs Racing | Toyota","Driver",2,15
"Racing",2022,"Panini","Chronicles","Crown Royale Silhouette Signatures Red","Denny Hamlin","FedEx Express | Joe Gibbs Racing | Toyota","Driver",3,15
"Racing",2022,"Panini","Chronicles","Crown Royale Silhouette Signatures Red","Ryan Blaney","Menards | Team Penske | Ford","Driver",4,15
"Racing",2022,"Panini","Chronicles","Crown Royale Silhouette Signatures Red","Kevin Harvick","Hunt Brothers Pizza | Stewart-Haas Racing | Ford","Driver",5,10
"Racing",2022,"Panini","Chronicles","Crown Royale Silhouette Signatures Red","Kyle Larson","Hendrickcars.com | Hendrick Motorsports | Chevrolet","Driver",6,15
"Racing",2022,"Panini","Chronicles","Crown Royale Silhouette Signatures Red","Daniel Suarez","Camping World | Trackhouse Racing | Chevrolet","Driver",7,25
"Racing",2022,"Panini","Chronicles","Crown Royale Silhouette Signatures Red","Kurt Busch","Monster | 23XI Racing | Toyota","Driver",8,15
"Racing",2022,"Panini","Chronicles","Crown Royale Silhouette Signatures Red","Tony Stewart","Bass Pro Shops | Stewart-Haas Racing | Chevrolet","Driver",9,15
"Racing",2022,"Panini","Chronicles","Crusade","Brittney Zamora","Rackley Roofing | Toyota","Driver",1,
"Racing",2022,"Panini","Chronicles","Crusade","John Hunter Nemechek","Mobil 1 | Kyle Busch Motorsports | Toyota","Driver",2,
"Racing",2022,"Panini","Chronicles","Crusade","Jeff Gordon","Pepsi | Hendrick Motorsports | Chevrolet","Driver",3,
"Racing",2022,"Panini","Chronicles","Crusade","Tony Stewart","Office Depot | Stewart-Haas Racing | Chevrolet","Driver",4,
"Racing",2022,"Panini","Chronicles","Crusade","Dale Earnhardt Jr","National Guard | Hendrick Motorsports | Chevrolet","Driver",5,
"Racing",2022,"Panini","Chronicles","Crusade","Zane Smith","SpeedCo | Front Row Motorsports | Ford","Driver",6,
"Racing",2022,"Panini","Chronicles","Crusade","Josh Bilicki","Ziegler | DGM | Chevrolet","Driver",7,
"Racing",2022,"Panini","Chronicles","Crusade","Hailie Deegan","Monster Energy | DGR-Crosley | Ford","Driver",8,
"Racing",2022,"Panini","Chronicles","Crusade","Kevin Harvick","Hunt Brothers Pizza | Stewart-Haas Racing | Ford","Driver",9,
"Racing",2022,"Panini","Chronicles","Crusade","Jimmie Johnson","Kobalt Tools | Hendrick Motorsports | Chevrolet","Driver",10,
"Racing",2022,"Panini","Chronicles","Crusade","Austin Dillon","Bass Pro Shops | Richard Childress Racing | Chevrolet","Driver",11,
"Racing",2022,"Panini","Chronicles","Crusade","Jade Buford","Big Machine Racing","Driver",13,
"Racing",2022,"Panini","Chronicles","Crusade","Ricky Stenhouse Jr","Kroger | JTG Daugherty Racing | Chevrolet","Driver",14,
"Racing",2022,"Panini","Chronicles","Crusade","Jeb Burton","State Water Heaters | JR Motorsports | Chevrolet","Driver",15,
"Racing",2022,"Panini","Chronicles","Crusade","Ryan Blaney","Menards | Team Penske | Ford","Driver",16,
"Racing",2022,"Panini","Chronicles","Crusade","William Byron","AXALTA | Hendrick Motorsports | Chevrolet","Driver",17,
"Racing",2022,"Panini","Chronicles","Crusade","Tyler Ankrum","Liuna | GMS Racing | Chevrolet","Driver",18,
"Racing",2022,"Panini","Chronicles","Crusade","Christopher Bell","DeWalt | Joe Gibbs Racing | Toyota","Driver",19,
"Racing",2022,"Panini","Chronicles","Crusade","Michael McDowell","Love's Travel Stops | Front Row Motorsports | Ford","Driver",20,
"Racing",2022,"Panini","Chronicles","Crusade Autographs","Brittney Zamora","Rackley Roofing | Toyota","Driver",1,
"Racing",2022,"Panini","Chronicles","Crusade Autographs","John Hunter Nemechek","Mobil 1 | Kyle Busch Motorsports | Toyota","Driver",2,
"Racing",2022,"Panini","Chronicles","Crusade Autographs","Dale Earnhardt Jr","National Guard | Hendrick Motorsports | Chevrolet","Driver",5,
"Racing",2022,"Panini","Chronicles","Crusade Autographs","Zane Smith","SpeedCo | Front Row Motorsports | Ford","Driver",6,
"Racing",2022,"Panini","Chronicles","Crusade Autographs","Josh Bilicki","Ziegler | DGM | Chevrolet","Driver",7,
"Racing",2022,"Panini","Chronicles","Crusade Autographs","Hailie Deegan","Monster Energy | DGR-Crosley | Ford","Driver",8,
"Racing",2022,"Panini","Chronicles","Crusade Autographs","Kevin Harvick","Hunt Brothers Pizza | Stewart-Haas Racing | Ford","Driver",9,
"Racing",2022,"Panini","Chronicles","Crusade Autographs","Jimmie Johnson","Kobalt Tools | Hendrick Motorsports | Chevrolet","Driver",10,
"Racing",2022,"Panini","Chronicles","Crusade Autographs","Austin Dillon","Bass Pro Shops | Richard Childress Racing | Chevrolet","Driver",11,
"Racing",2022,"Panini","Chronicles","Crusade Autographs","Thad Moffitt","Empire Racing Group","Driver",12,
"Racing",2022,"Panini","Chronicles","Crusade Autographs","Jade Buford","Big Machine Racing","Driver",13,
"Racing",2022,"Panini","Chronicles","Crusade Autographs","Ricky Stenhouse Jr","Kroger | JTG Daugherty Racing | Chevrolet","Driver",14,
"Racing",2022,"Panini","Chronicles","Crusade Autographs","Jeb Burton","State Water Heaters | JR Motorsports | Chevrolet","Driver",15,
"Racing",2022,"Panini","Chronicles","Crusade Autographs","Tyler Ankrum","Liuna | GMS Racing | Chevrolet","Driver",18,
"Racing",2022,"Panini","Chronicles","Crusade Autographs","Christopher Bell","DeWalt | Joe Gibbs Racing | Toyota","Driver",19,
"Racing",2022,"Panini","Chronicles","Crusade Autographs","Michael McDowell","Love's Travel Stops | Front Row Motorsports | Ford","Driver",20,
"Racing",2022,"Panini","Chronicles","Crusade Autographs Gold","Brittney Zamora","Rackley Roofing | Toyota","Driver",1,10
"Racing",2022,"Panini","Chronicles","Crusade Autographs Gold","John Hunter Nemechek","Mobil 1 | Kyle Busch Motorsports | Toyota","Driver",2,10
"Racing",2022,"Panini","Chronicles","Crusade Autographs Gold","Jeff Gordon","Pepsi | Hendrick Motorsports | Chevrolet","Driver",3,2
"Racing",2022,"Panini","Chronicles","Crusade Autographs Gold","Dale Earnhardt Jr","National Guard | Hendrick Motorsports | Chevrolet","Driver",5,10
"Racing",2022,"Panini","Chronicles","Crusade Autographs Gold","Zane Smith","SpeedCo | Front Row Motorsports | Ford","Driver",6,10
"Racing",2022,"Panini","Chronicles","Crusade Autographs Gold","Josh Bilicki","Ziegler | DGM | Chevrolet","Driver",7,10
"Racing",2022,"Panini","Chronicles","Crusade Autographs Gold","Hailie Deegan","Monster Energy | DGR-Crosley | Ford","Driver",8,10
"Racing",2022,"Panini","Chronicles","Crusade Autographs Gold","Kevin Harvick","Hunt Brothers Pizza | Stewart-Haas Racing | Ford","Driver",9,4
"Racing",2022,"Panini","Chronicles","Crusade Autographs Gold","Jimmie Johnson","Kobalt Tools | Hendrick Motorsports | Chevrolet","Driver",10,7
"Racing",2022,"Panini","Chronicles","Crusade Autographs Gold","Austin Dillon","Bass Pro Shops | Richard Childress Racing | Chevrolet","Driver",11,10
"Racing",2022,"Panini","Chronicles","Crusade Autographs Gold","Thad Moffitt","Empire Racing Group","Driver",12,10
"Racing",2022,"Panini","Chronicles","Crusade Autographs Gold","Jade Buford","Big Machine Racing","Driver",13,10
"Racing",2022,"Panini","Chronicles","Crusade Autographs Gold","Ricky Stenhouse Jr","Kroger | JTG Daugherty Racing | Chevrolet","Driver",14,10
"Racing",2022,"Panini","Chronicles","Crusade Autographs Gold","Jeb Burton","State Water Heaters | JR Motorsports | Chevrolet","Driver",15,10
"Racing",2022,"Panini","Chronicles","Crusade Autographs Gold","Ryan Blaney","Menards | Team Penske | Ford","Driver",16,5
"Racing",2022,"Panini","Chronicles","Crusade Autographs Gold","William Byron","AXALTA | Hendrick Motorsports | Chevrolet","Driver",17,10
"Racing",2022,"Panini","Chronicles","Crusade Autographs Gold","Tyler Ankrum","Liuna | GMS Racing | Chevrolet","Driver",18,10
"Racing",2022,"Panini","Chronicles","Crusade Autographs Gold","Christopher Bell","DeWalt | Joe Gibbs Racing | Toyota","Driver",19,10
"Racing",2022,"Panini","Chronicles","Crusade Autographs Gold","Michael McDowell","Love's Travel Stops | Front Row Motorsports | Ford","Driver",20,10
"Racing",2022,"Panini","Chronicles","Crusade Autographs Gold Vinyl","Brittney Zamora","Rackley Roofing | Toyota","Driver",1,1
"Racing",2022,"Panini","Chronicles","Crusade Autographs Gold Vinyl","John Hunter Nemechek","Mobil 1 | Kyle Busch Motorsports | Toyota","Driver",2,1
"Racing",2022,"Panini","Chronicles","Crusade Autographs Gold Vinyl","Jeff Gordon","Pepsi | Hendrick Motorsports | Chevrolet","Driver",3,1
"Racing",2022,"Panini","Chronicles","Crusade Autographs Gold Vinyl","Tony Stewart","Office Depot | Stewart-Haas Racing | Chevrolet","Driver",4,1
"Racing",2022,"Panini","Chronicles","Crusade Autographs Gold Vinyl","Dale Earnhardt Jr","National Guard | Hendrick Motorsports | Chevrolet","Driver",5,1
"Racing",2022,"Panini","Chronicles","Crusade Autographs Gold Vinyl","Zane Smith","SpeedCo | Front Row Motorsports | Ford","Driver",6,1
"Racing",2022,"Panini","Chronicles","Crusade Autographs Gold Vinyl","Josh Bilicki","Ziegler | DGM | Chevrolet","Driver",7,1
"Racing",2022,"Panini","Chronicles","Crusade Autographs Gold Vinyl","Hailie Deegan","Monster Energy | DGR-Crosley | Ford","Driver",8,1
"Racing",2022,"Panini","Chronicles","Crusade Autographs Gold Vinyl","Kevin Harvick","Hunt Brothers Pizza | Stewart-Haas Racing | Ford","Driver",9,1
"Racing",2022,"Panini","Chronicles","Crusade Autographs Gold Vinyl","Jimmie Johnson","Kobalt Tools | Hendrick Motorsports | Chevrolet","Driver",10,1
"Racing",2022,"Panini","Chronicles","Crusade Autographs Gold Vinyl","Austin Dillon","Bass Pro Shops | Richard Childress Racing | Chevrolet","Driver",11,1
"Racing",2022,"Panini","Chronicles","Crusade Autographs Gold Vinyl","Thad Moffitt","Empire Racing Group","Driver",12,1
"Racing",2022,"Panini","Chronicles","Crusade Autographs Gold Vinyl","Jade Buford","Big Machine Racing","Driver",13,1
"Racing",2022,"Panini","Chronicles","Crusade Autographs Gold Vinyl","Ricky Stenhouse Jr","Kroger | JTG Daugherty Racing | Chevrolet","Driver",14,1
"Racing",2022,"Panini","Chronicles","Crusade Autographs Gold Vinyl","Ryan Blaney","Menards | Team Penske | Ford","Driver",16,1
"Racing",2022,"Panini","Chronicles","Crusade Autographs Gold Vinyl","William Byron","AXALTA | Hendrick Motorsports | Chevrolet","Driver",17,1
"Racing",2022,"Panini","Chronicles","Crusade Autographs Gold Vinyl","Tyler Ankrum","Liuna | GMS Racing | Chevrolet","Driver",18,1
"Racing",2022,"Panini","Chronicles","Crusade Autographs Gold Vinyl","Christopher Bell","DeWalt | Joe Gibbs Racing | Toyota","Driver",19,1
"Racing",2022,"Panini","Chronicles","Crusade Autographs Gold Vinyl","Michael McDowell","Love's Travel Stops | Front Row Motorsports | Ford","Driver",20,1
"Racing",2022,"Panini","Chronicles","Crusade Blue","Brittney Zamora","Rackley Roofing | Toyota","Driver",1,199
"Racing",2022,"Panini","Chronicles","Crusade Blue","John Hunter Nemechek","Mobil 1 | Kyle Busch Motorsports | Toyota","Driver",2,199
"Racing",2022,"Panini","Chronicles","Crusade Blue","Jeff Gordon","Pepsi | Hendrick Motorsports | Chevrolet","Driver",3,199
"Racing",2022,"Panini","Chronicles","Crusade Blue","Dale Earnhardt Jr","National Guard | Hendrick Motorsports | Chevrolet","Driver",5,199
"Racing",2022,"Panini","Chronicles","Crusade Blue","Zane Smith","SpeedCo | Front Row Motorsports | Ford","Driver",6,199
"Racing",2022,"Panini","Chronicles","Crusade Blue","Hailie Deegan","Monster Energy | DGR-Crosley | Ford","Driver",8,199
"Racing",2022,"Panini","Chronicles","Crusade Blue","Kevin Harvick","Hunt Brothers Pizza | Stewart-Haas Racing | Ford","Driver",9,199
"Racing",2022,"Panini","Chronicles","Crusade Blue","Austin Dillon","Bass Pro Shops | Richard Childress Racing | Chevrolet","Driver",11,199
"Racing",2022,"Panini","Chronicles","Crusade Blue","Thad Moffitt","Empire Racing Group","Driver",12,199
"Racing",2022,"Panini","Chronicles","Crusade Blue","Ricky Stenhouse Jr","Kroger | JTG Daugherty Racing | Chevrolet","Driver",14,199
"Racing",2022,"Panini","Chronicles","Crusade Blue","Jeb Burton","State Water Heaters | JR Motorsports | Chevrolet","Driver",15,199
"Racing",2022,"Panini","Chronicles","Crusade Blue","Ryan Blaney","Menards | Team Penske | Ford","Driver",16,199
"Racing",2022,"Panini","Chronicles","Crusade Blue","William Byron","AXALTA | Hendrick Motorsports | Chevrolet","Driver",17,199
"Racing",2022,"Panini","Chronicles","Crusade Blue","Tyler Ankrum","Liuna | GMS Racing | Chevrolet","Driver",18,199
"Racing",2022,"Panini","Chronicles","Crusade Blue","Christopher Bell","DeWalt | Joe Gibbs Racing | Toyota","Driver",19,199
"Racing",2022,"Panini","Chronicles","Crusade Blue","Michael McDowell","Love's Travel Stops | Front Row Motorsports | Ford","Driver",20,199
"Racing",2022,"Panini","Chronicles","Crusade Gold","Brittney Zamora","Rackley Roofing | Toyota","Driver",1,10
"Racing",2022,"Panini","Chronicles","Crusade Gold","John Hunter Nemechek","Mobil 1 | Kyle Busch Motorsports | Toyota","Driver",2,10
"Racing",2022,"Panini","Chronicles","Crusade Gold","Jeff Gordon","Pepsi | Hendrick Motorsports | Chevrolet","Driver",3,10
"Racing",2022,"Panini","Chronicles","Crusade Gold","Tony Stewart","Office Depot | Stewart-Haas Racing | Chevrolet","Driver",4,10
"Racing",2022,"Panini","Chronicles","Crusade Gold","Dale Earnhardt Jr","National Guard | Hendrick Motorsports | Chevrolet","Driver",5,10
"Racing",2022,"Panini","Chronicles","Crusade Gold","Zane Smith","SpeedCo | Front Row Motorsports | Ford","Driver",6,10
"Racing",2022,"Panini","Chronicles","Crusade Gold","Josh Bilicki","Ziegler | DGM | Chevrolet","Driver",7,10
"Racing",2022,"Panini","Chronicles","Crusade Gold","Hailie Deegan","Monster Energy | DGR-Crosley | Ford","Driver",8,10
"Racing",2022,"Panini","Chronicles","Crusade Gold","Kevin Harvick","Hunt Brothers Pizza | Stewart-Haas Racing | Ford","Driver",9,10
"Racing",2022,"Panini","Chronicles","Crusade Gold","Austin Dillon","Bass Pro Shops | Richard Childress Racing | Chevrolet","Driver",11,10
"Racing",2022,"Panini","Chronicles","Crusade Gold","Thad Moffitt","Empire Racing Group","Driver",12,10
"Racing",2022,"Panini","Chronicles","Crusade Gold","Jade Buford","Big Machine Racing","Driver",13,10
"Racing",2022,"Panini","Chronicles","Crusade Gold","Ricky Stenhouse Jr","Kroger | JTG Daugherty Racing | Chevrolet","Driver",14,10
"Racing",2022,"Panini","Chronicles","Crusade Gold","Jeb Burton","State Water Heaters | JR Motorsports | Chevrolet","Driver",15,10
"Racing",2022,"Panini","Chronicles","Crusade Gold","William Byron","AXALTA | Hendrick Motorsports | Chevrolet","Driver",17,10
"Racing",2022,"Panini","Chronicles","Crusade Gold","Tyler Ankrum","Liuna | GMS Racing | Chevrolet","Driver",18,10
"Racing",2022,"Panini","Chronicles","Crusade Gold","Michael McDowell","Love's Travel Stops | Front Row Motorsports | Ford","Driver",20,10
"Racing",2022,"Panini","Chronicles","Crusade Gold Vinyl","Brittney Zamora","Rackley Roofing | Toyota","Driver",1,1
"Racing",2022,"Panini","Chronicles","Crusade Gold Vinyl","John Hunter Nemechek","Mobil 1 | Kyle Busch Motorsports | Toyota","Driver",2,1
"Racing",2022,"Panini","Chronicles","Crusade Gold Vinyl","Jeff Gordon","Pepsi | Hendrick Motorsports | Chevrolet","Driver",3,1
"Racing",2022,"Panini","Chronicles","Crusade Gold Vinyl","Tony Stewart","Office Depot | Stewart-Haas Racing | Chevrolet","Driver",4,1
"Racing",2022,"Panini","Chronicles","Crusade Gold Vinyl","Dale Earnhardt Jr","National Guard | Hendrick Motorsports | Chevrolet","Driver",5,1
"Racing",2022,"Panini","Chronicles","Crusade Gold Vinyl","Zane Smith","SpeedCo | Front Row Motorsports | Ford","Driver",6,1
"Racing",2022,"Panini","Chronicles","Crusade Gold Vinyl","Josh Bilicki","Ziegler | DGM | Chevrolet","Driver",7,1
"Racing",2022,"Panini","Chronicles","Crusade Gold Vinyl","Hailie Deegan","Monster Energy | DGR-Crosley | Ford","Driver",8,1
"Racing",2022,"Panini","Chronicles","Crusade Gold Vinyl","Kevin Harvick","Hunt Brothers Pizza | Stewart-Haas Racing | Ford","Driver",9,1
"Racing",2022,"Panini","Chronicles","Crusade Gold Vinyl","Jimmie Johnson","Kobalt Tools | Hendrick Motorsports | Chevrolet","Driver",10,1
"Racing",2022,"Panini","Chronicles","Crusade Gold Vinyl","Austin Dillon","Bass Pro Shops | Richard Childress Racing | Chevrolet","Driver",11,1
"Racing",2022,"Panini","Chronicles","Crusade Gold Vinyl","Thad Moffitt","Empire Racing Group","Driver",12,1
"Racing",2022,"Panini","Chronicles","Crusade Gold Vinyl","Jade Buford","Big Machine Racing","Driver",13,1
"Racing",2022,"Panini","Chronicles","Crusade Gold Vinyl","Ricky Stenhouse Jr","Kroger | JTG Daugherty Racing | Chevrolet","Driver",14,1
"Racing",2022,"Panini","Chronicles","Crusade Gold Vinyl","Jeb Burton","State Water Heaters | JR Motorsports | Chevrolet","Driver",15,1
"Racing",2022,"Panini","Chronicles","Crusade Gold Vinyl","Ryan Blaney","Menards | Team Penske | Ford","Driver",16,1
"Racing",2022,"Panini","Chronicles","Crusade Gold Vinyl","William Byron","AXALTA | Hendrick Motorsports | Chevrolet","Driver",17,1
"Racing",2022,"Panini","Chronicles","Crusade Gold Vinyl","Tyler Ankrum","Liuna | GMS Racing | Chevrolet","Driver",18,1
"Racing",2022,"Panini","Chronicles","Crusade Gold Vinyl","Christopher Bell","DeWalt | Joe Gibbs Racing | Toyota","Driver",19,1
"Racing",2022,"Panini","Chronicles","Crusade Gold Vinyl","Michael McDowell","Love's Travel Stops | Front Row Motorsports | Ford","Driver",20,1
"Racing",2022,"Panini","Chronicles","Crusade Green","Brittney Zamora","Rackley Roofing | Toyota","Driver",1,
"Racing",2022,"Panini","Chronicles","Crusade Green","John Hunter Nemechek","Mobil 1 | Kyle Busch Motorsports | Toyota","Driver",2,
"Racing",2022,"Panini","Chronicles","Crusade Green","Jeff Gordon","Pepsi | Hendrick Motorsports | Chevrolet","Driver",3,
"Racing",2022,"Panini","Chronicles","Crusade Green","Tony Stewart","Office Depot | Stewart-Haas Racing | Chevrolet","Driver",4,
"Racing",2022,"Panini","Chronicles","Crusade Green","Dale Earnhardt Jr","National Guard | Hendrick Motorsports | Chevrolet","Driver",5,
"Racing",2022,"Panini","Chronicles","Crusade Green","Zane Smith","SpeedCo | Front Row Motorsports | Ford","Driver",6,
"Racing",2022,"Panini","Chronicles","Crusade Green","Hailie Deegan","Monster Energy | DGR-Crosley | Ford","Driver",8,
"Racing",2022,"Panini","Chronicles","Crusade Green","Kevin Harvick","Hunt Brothers Pizza | Stewart-Haas Racing | Ford","Driver",9,
"Racing",2022,"Panini","Chronicles","Crusade Green","Austin Dillon","Bass Pro Shops | Richard Childress Racing | Chevrolet","Driver",11,
"Racing",2022,"Panini","Chronicles","Crusade Green","Thad Moffitt","Empire Racing Group","Driver",12,
"Racing",2022,"Panini","Chronicles","Crusade Green","Jade Buford","Big Machine Racing","Driver",13,
"Racing",2022,"Panini","Chronicles","Crusade Green","Ricky Stenhouse Jr","Kroger | JTG Daugherty Racing | Chevrolet","Driver",14,
"Racing",2022,"Panini","Chronicles","Crusade Green","Jeb Burton","State Water Heaters | JR Motorsports | Chevrolet","Driver",15,
"Racing",2022,"Panini","Chronicles","Crusade Green","Ryan Blaney","Menards | Team Penske | Ford","Driver",16,
"Racing",2022,"Panini","Chronicles","Crusade Green","William Byron","AXALTA | Hendrick Motorsports | Chevrolet","Driver",17,
"Racing",2022,"Panini","Chronicles","Crusade Green","Tyler Ankrum","Liuna | GMS Racing | Chevrolet","Driver",18,
"Racing",2022,"Panini","Chronicles","Crusade Green","Christopher Bell","DeWalt | Joe Gibbs Racing | Toyota","Driver",19,
"Racing",2022,"Panini","Chronicles","Crusade Green","Michael McDowell","Love's Travel Stops | Front Row Motorsports | Ford","Driver",20,
"Racing",2022,"Panini","Chronicles","Crusade Holo","Brittney Zamora","Rackley Roofing | Toyota","Driver",1,
"Racing",2022,"Panini","Chronicles","Crusade Holo","John Hunter Nemechek","Mobil 1 | Kyle Busch Motorsports | Toyota","Driver",2,
"Racing",2022,"Panini","Chronicles","Crusade Holo","Jeff Gordon","Pepsi | Hendrick Motorsports | Chevrolet","Driver",3,
"Racing",2022,"Panini","Chronicles","Crusade Holo","Dale Earnhardt Jr","National Guard | Hendrick Motorsports | Chevrolet","Driver",5,
"Racing",2022,"Panini","Chronicles","Crusade Holo","Zane Smith","SpeedCo | Front Row Motorsports | Ford","Driver",6,
"Racing",2022,"Panini","Chronicles","Crusade Holo","Josh Bilicki","Ziegler | DGM | Chevrolet","Driver",7,
"Racing",2022,"Panini","Chronicles","Crusade Holo","Hailie Deegan","Monster Energy | DGR-Crosley | Ford","Driver",8,
"Racing",2022,"Panini","Chronicles","Crusade Holo","Kevin Harvick","Hunt Brothers Pizza | Stewart-Haas Racing | Ford","Driver",9,
"Racing",2022,"Panini","Chronicles","Crusade Holo","Austin Dillon","Bass Pro Shops | Richard Childress Racing | Chevrolet","Driver",11,
"Racing",2022,"Panini","Chronicles","Crusade Holo","Thad Moffitt","Empire Racing Group","Driver",12,
"Racing",2022,"Panini","Chronicles","Crusade Holo","Ricky Stenhouse Jr","Kroger | JTG Daugherty Racing | Chevrolet","Driver",14,
"Racing",2022,"Panini","Chronicles","Crusade Holo","Jeb Burton","State Water Heaters | JR Motorsports | Chevrolet","Driver",15,
"Racing",2022,"Panini","Chronicles","Crusade Holo","Ryan Blaney","Menards | Team Penske | Ford","Driver",16,
"Racing",2022,"Panini","Chronicles","Crusade Holo","William Byron","AXALTA | Hendrick Motorsports | Chevrolet","Driver",17,
"Racing",2022,"Panini","Chronicles","Crusade Holo","Tyler Ankrum","Liuna | GMS Racing | Chevrolet","Driver",18,
"Racing",2022,"Panini","Chronicles","Crusade Holo","Christopher Bell","DeWalt | Joe Gibbs Racing | Toyota","Driver",19,
"Racing",2022,"Panini","Chronicles","Crusade Holo","Michael McDowell","Love's Travel Stops | Front Row Motorsports | Ford","Driver",20,
"Racing",2022,"Panini","Chronicles","Crusade Purple","Brittney Zamora","Rackley Roofing | Toyota","Driver",1,25
"Racing",2022,"Panini","Chronicles","Crusade Purple","John Hunter Nemechek","Mobil 1 | Kyle Busch Motorsports | Toyota","Driver",2,25
"Racing",2022,"Panini","Chronicles","Crusade Purple","Jeff Gordon","Pepsi | Hendrick Motorsports | Chevrolet","Driver",3,25
"Racing",2022,"Panini","Chronicles","Crusade Purple","Tony Stewart","Office Depot | Stewart-Haas Racing | Chevrolet","Driver",4,25
"Racing",2022,"Panini","Chronicles","Crusade Purple","Dale Earnhardt Jr","National Guard | Hendrick Motorsports | Chevrolet","Driver",5,25
"Racing",2022,"Panini","Chronicles","Crusade Purple","Zane Smith","SpeedCo | Front Row Motorsports | Ford","Driver",6,25
"Racing",2022,"Panini","Chronicles","Crusade Purple","Hailie Deegan","Monster Energy | DGR-Crosley | Ford","Driver",8,25
"Racing",2022,"Panini","Chronicles","Crusade Purple","Kevin Harvick","Hunt Brothers Pizza | Stewart-Haas Racing | Ford","Driver",9,25
"Racing",2022,"Panini","Chronicles","Crusade Purple","Austin Dillon","Bass Pro Shops | Richard Childress Racing | Chevrolet","Driver",11,25
"Racing",2022,"Panini","Chronicles","Crusade Purple","Thad Moffitt","Empire Racing Group","Driver",12,25
"Racing",2022,"Panini","Chronicles","Crusade Purple","Ricky Stenhouse Jr","Kroger | JTG Daugherty Racing | Chevrolet","Driver",14,25
"Racing",2022,"Panini","Chronicles","Crusade Purple","Jeb Burton","State Water Heaters | JR Motorsports | Chevrolet","Driver",15,25
"Racing",2022,"Panini","Chronicles","Crusade Purple","William Byron","AXALTA | Hendrick Motorsports | Chevrolet","Driver",17,25
"Racing",2022,"Panini","Chronicles","Crusade Purple","Tyler Ankrum","Liuna | GMS Racing | Chevrolet","Driver",18,25
"Racing",2022,"Panini","Chronicles","Crusade Purple","Christopher Bell","DeWalt | Joe Gibbs Racing | Toyota","Driver",19,25
"Racing",2022,"Panini","Chronicles","Crusade Purple","Michael McDowell","Love's Travel Stops | Front Row Motorsports | Ford","Driver",20,25
"Racing",2022,"Panini","Chronicles","Crusade Red","Brittney Zamora","Rackley Roofing | Toyota","Driver",1,99
"Racing",2022,"Panini","Chronicles","Crusade Red","John Hunter Nemechek","Mobil 1 | Kyle Busch Motorsports | Toyota","Driver",2,99
"Racing",2022,"Panini","Chronicles","Crusade Red","Jeff Gordon","Pepsi | Hendrick Motorsports | Chevrolet","Driver",3,99
"Racing",2022,"Panini","Chronicles","Crusade Red","Tony Stewart","Office Depot | Stewart-Haas Racing | Chevrolet","Driver",4,99
"Racing",2022,"Panini","Chronicles","Crusade Red","Dale Earnhardt Jr","National Guard | Hendrick Motorsports | Chevrolet","Driver",5,99
"Racing",2022,"Panini","Chronicles","Crusade Red","Zane Smith","SpeedCo | Front Row Motorsports | Ford","Driver",6,99
"Racing",2022,"Panini","Chronicles","Crusade Red","Josh Bilicki","Ziegler | DGM | Chevrolet","Driver",7,99
"Racing",2022,"Panini","Chronicles","Crusade Red","Hailie Deegan","Monster Energy | DGR-Crosley | Ford","Driver",8,99
"Racing",2022,"Panini","Chronicles","Crusade Red","Kevin Harvick","Hunt Brothers Pizza | Stewart-Haas Racing | Ford","Driver",9,99
"Racing",2022,"Panini","Chronicles","Crusade Red","Jimmie Johnson","Kobalt Tools | Hendrick Motorsports | Chevrolet","Driver",10,99
"Racing",2022,"Panini","Chronicles","Crusade Red","Austin Dillon","Bass Pro Shops | Richard Childress Racing | Chevrolet","Driver",11,99
"Racing",2022,"Panini","Chronicles","Crusade Red","Thad Moffitt","Empire Racing Group","Driver",12,99
"Racing",2022,"Panini","Chronicles","Crusade Red","Ricky Stenhouse Jr","Kroger | JTG Daugherty Racing | Chevrolet","Driver",14,99
"Racing",2022,"Panini","Chronicles","Crusade Red","Jeb Burton","State Water Heaters | JR Motorsports | Chevrolet","Driver",15,99
"Racing",2022,"Panini","Chronicles","Crusade Red","William Byron","AXALTA | Hendrick Motorsports | Chevrolet","Driver",17,99
"Racing",2022,"Panini","Chronicles","Crusade Red","Tyler Ankrum","Liuna | GMS Racing | Chevrolet","Driver",18,99
"Racing",2022,"Panini","Chronicles","Crusade Red","Christopher Bell","DeWalt | Joe Gibbs Racing | Toyota","Driver",19,99
"Racing",2022,"Panini","Chronicles","Crusade Red","Michael McDowell","Love's Travel Stops | Front Row Motorsports | Ford","Driver",20,99
"Racing",2022,"Panini","Chronicles","Gold Standard Newly Minted Memorabilia","Ryan Blaney/Ryan Blaney/Ryan Blaney","Menards | Team Penske | Ford/Menards | Team Penske | Ford/Menards | Team Penske | Ford","Driver/Driver/Driver",1,
"Racing",2022,"Panini","Chronicles","Gold Standard Newly Minted Memorabilia","Tyler Reddick/Tyler Reddick/Tyler Reddick","3CHI | Richard Childress Racing | Chevrolet/3CHI | Richard Childress Racing | Chevrolet/3CHI | Richard Childress Racing | Chevrolet","Driver/Driver/Driver",2,
"Racing",2022,"Panini","Chronicles","Gold Standard Newly Minted Memorabilia","Ross Chastain/Ross Chastain/Ross Chastain","AdventHealth | Trackhouse Racing | Chevrolet/AdventHealth | Trackhouse Racing | Chevrolet/AdventHealth | Trackhouse Racing | Chevrolet","Driver/Driver/Driver",3,
"Racing",2022,"Panini","Chronicles","Gold Standard Newly Minted Memorabilia","Austin Dillon/Austin Dillon/Austin Dillon","Bass Pro Shops | Richard Childress Racing | Chevrolet/Bass Pro Shops | Richard Childress Racing | Chevrolet/Bass Pro Shops | Richard Childress Racing | Chevrolet","Driver/Driver/Driver",4,
"Racing",2022,"Panini","Chronicles","Gold Standard Newly Minted Memorabilia","Daniel Suarez/Daniel Suarez/Daniel Suarez","Camping World | Trackhouse Racing | Chevrolet/Camping World | Trackhouse Racing | Chevrolet/Camping World | Trackhouse Racing | Chevrolet","Driver/Driver/Driver",5,
"Racing",2022,"Panini","Chronicles","Gold Standard Newly Minted Memorabilia","Joey Logano/Joey Logano/Joey Logano","Shell-Pennzoil | Team Penske | Ford/Shell-Pennzoil | Team Penske | Ford/Shell-Pennzoil | Team Penske | Ford","Driver/Driver/Driver",9,
"Racing",2022,"Panini","Chronicles","Gold Standard Newly Minted Memorabilia","Dale Earnhardt Jr/Dale Earnhardt Jr/Dale Earnhardt Jr","National Guard | Hendrick Motorsports | Chevrolet/National Guard | Hendrick Motorsports | Chevrolet/National Guard | Hendrick Motorsports | Chevrolet","Driver/Driver/Driver",10,
"Racing",2022,"Panini","Chronicles","Gold Standard Newly Minted Memorabilia Holo Gold","Tyler Reddick/Tyler Reddick/Tyler Reddick","3CHI | Richard Childress Racing | Chevrolet/3CHI | Richard Childress Racing | Chevrolet/3CHI | Richard Childress Racing | Chevrolet","Driver/Driver/Driver",2,10
"Racing",2022,"Panini","Chronicles","Gold Standard Newly Minted Memorabilia Holo Gold","Austin Dillon/Austin Dillon/Austin Dillon","Bass Pro Shops | Richard Childress Racing | Chevrolet/Bass Pro Shops | Richard Childress Racing | Chevrolet/Bass Pro Shops | Richard Childress Racing | Chevrolet","Driver/Driver/Driver",4,10
"Racing",2022,"Panini","Chronicles","Gold Standard Newly Minted Memorabilia Holo Gold","Daniel Suarez/Daniel Suarez/Daniel Suarez","Camping World | Trackhouse Racing | Chevrolet/Camping World | Trackhouse Racing | Chevrolet/Camping World | Trackhouse Racing | Chevrolet","Driver/Driver/Driver",5,10
"Racing",2022,"Panini","Chronicles","Gold Standard Newly Minted Memorabilia Holo Gold","Matt DiBenedetto/Matt DiBenedetto/Matt DiBenedetto","Toyota | Leavine Family Racing | Toyota/Toyota | Leavine Family Racing | Toyota/Toyota | Leavine Family Racing | Toyota","Driver/Driver/Driver",6,10
"Racing",2022,"Panini","Chronicles","Gold Standard Newly Minted Memorabilia Holo Gold","Michael McDowell/Michael McDowell/Michael McDowell","Love's Travel Stops | Front Row Motorsports | Ford/Love's Travel Stops | Front Row Motorsports | Ford/Love's Travel Stops | Front Row Motorsports | Ford","Driver/Driver/Driver",7,10
"Racing",2022,"Panini","Chronicles","Gold Standard Newly Minted Memorabilia Holo Gold","John Hunter Nemechek/John Hunter Nemechek/John Hunter Nemechek","Mobil 1 | Kyle Busch Motorsports | Toyota/Mobil 1 | Kyle Busch Motorsports | Toyota/Mobil 1 | Kyle Busch Motorsports | Toyota","Driver/Driver/Driver",8,10
"Racing",2022,"Panini","Chronicles","Gold Standard Newly Minted Memorabilia Holo Gold","Joey Logano/Joey Logano/Joey Logano","Shell-Pennzoil | Team Penske | Ford/Shell-Pennzoil | Team Penske | Ford/Shell-Pennzoil | Team Penske | Ford","Driver/Driver/Driver",9,10
"Racing",2022,"Panini","Chronicles","Gold Standard Newly Minted Memorabilia Holo Gold","Dale Earnhardt Jr/Dale Earnhardt Jr/Dale Earnhardt Jr","National Guard | Hendrick Motorsports | Chevrolet/National Guard | Hendrick Motorsports | Chevrolet/National Guard | Hendrick Motorsports | Chevrolet","Driver/Driver/Driver",10,5
"Racing",2022,"Panini","Chronicles","Gold Standard Newly Minted Memorabilia Holo Platinum Blue","Ryan Blaney/Ryan Blaney/Ryan Blaney","Menards | Team Penske | Ford/Menards | Team Penske | Ford/Menards | Team Penske | Ford","Driver/Driver/Driver",1,1
"Racing",2022,"Panini","Chronicles","Gold Standard Newly Minted Memorabilia Holo Platinum Blue","Tyler Reddick/Tyler Reddick/Tyler Reddick","3CHI | Richard Childress Racing | Chevrolet/3CHI | Richard Childress Racing | Chevrolet/3CHI | Richard Childress Racing | Chevrolet","Driver/Driver/Driver",2,1
"Racing",2022,"Panini","Chronicles","Gold Standard Newly Minted Memorabilia Holo Platinum Blue","Ross Chastain/Ross Chastain/Ross Chastain","AdventHealth | Trackhouse Racing | Chevrolet/AdventHealth | Trackhouse Racing | Chevrolet/AdventHealth | Trackhouse Racing | Chevrolet","Driver/Driver/Driver",3,1
"Racing",2022,"Panini","Chronicles","Gold Standard Newly Minted Memorabilia Holo Platinum Blue","Austin Dillon/Austin Dillon/Austin Dillon","Bass Pro Shops | Richard Childress Racing | Chevrolet/Bass Pro Shops | Richard Childress Racing | Chevrolet/Bass Pro Shops | Richard Childress Racing | Chevrolet","Driver/Driver/Driver",4,1
"Racing",2022,"Panini","Chronicles","Gold Standard Newly Minted Memorabilia Holo Platinum Blue","Daniel Suarez/Daniel Suarez/Daniel Suarez","Camping World | Trackhouse Racing | Chevrolet/Camping World | Trackhouse Racing | Chevrolet/Camping World | Trackhouse Racing | Chevrolet","Driver/Driver/Driver",5,1
"Racing",2022,"Panini","Chronicles","Gold Standard Newly Minted Memorabilia Holo Platinum Blue","Matt DiBenedetto/Matt DiBenedetto/Matt DiBenedetto","Toyota | Leavine Family Racing | Toyota/Toyota | Leavine Family Racing | Toyota/Toyota | Leavine Family Racing | Toyota","Driver/Driver/Driver",6,1
"Racing",2022,"Panini","Chronicles","Gold Standard Newly Minted Memorabilia Holo Platinum Blue","Michael McDowell/Michael McDowell/Michael McDowell","Love's Travel Stops | Front Row Motorsports | Ford/Love's Travel Stops | Front Row Motorsports | Ford/Love's Travel Stops | Front Row Motorsports | Ford","Driver/Driver/Driver",7,1
"Racing",2022,"Panini","Chronicles","Gold Standard Newly Minted Memorabilia Holo Platinum Blue","John Hunter Nemechek/John Hunter Nemechek/John Hunter Nemechek","Mobil 1 | Kyle Busch Motorsports | Toyota/Mobil 1 | Kyle Busch Motorsports | Toyota/Mobil 1 | Kyle Busch Motorsports | Toyota","Driver/Driver/Driver",8,1
"Racing",2022,"Panini","Chronicles","Gold Standard Newly Minted Memorabilia Holo Platinum Blue","Joey Logano/Joey Logano/Joey Logano","Shell-Pennzoil | Team Penske | Ford/Shell-Pennzoil | Team Penske | Ford/Shell-Pennzoil | Team Penske | Ford","Driver/Driver/Driver",9,1
"Racing",2022,"Panini","Chronicles","Gold Standard Newly Minted Memorabilia Holo Platinum Blue","Dale Earnhardt Jr/Dale Earnhardt Jr/Dale Earnhardt Jr","National Guard | Hendrick Motorsports | Chevrolet/National Guard | Hendrick Motorsports | Chevrolet/National Guard | Hendrick Motorsports | Chevrolet","Driver/Driver/Driver",10,1
"Racing",2022,"Panini","Chronicles","Gold Standard Newly Minted Memorabilia Holo Silver","Ryan Blaney/Ryan Blaney/Ryan Blaney","Menards | Team Penske | Ford/Menards | Team Penske | Ford/Menards | Team Penske | Ford","Driver/Driver/Driver",1,25
"Racing",2022,"Panini","Chronicles","Gold Standard Newly Minted Memorabilia Holo Silver","Tyler Reddick/Tyler Reddick/Tyler Reddick","3CHI | Richard Childress Racing | Chevrolet/3CHI | Richard Childress Racing | Chevrolet/3CHI | Richard Childress Racing | Chevrolet","Driver/Driver/Driver",2,25
"Racing",2022,"Panini","Chronicles","Gold Standard Newly Minted Memorabilia Holo Silver","Austin Dillon/Austin Dillon/Austin Dillon","Bass Pro Shops | Richard Childress Racing | Chevrolet/Bass Pro Shops | Richard Childress Racing | Chevrolet/Bass Pro Shops | Richard Childress Racing | Chevrolet","Driver/Driver/Driver",4,25
"Racing",2022,"Panini","Chronicles","Gold Standard Newly Minted Memorabilia Holo Silver","Daniel Suarez/Daniel Suarez/Daniel Suarez","Camping World | Trackhouse Racing | Chevrolet/Camping World | Trackhouse Racing | Chevrolet/Camping World | Trackhouse Racing | Chevrolet","Driver/Driver/Driver",5,25
"Racing",2022,"Panini","Chronicles","Gold Standard Newly Minted Memorabilia Holo Silver","Michael McDowell/Michael McDowell/Michael McDowell","Love's Travel Stops | Front Row Motorsports | Ford/Love's Travel Stops | Front Row Motorsports | Ford/Love's Travel Stops | Front Row Motorsports | Ford","Driver/Driver/Driver",7,25
"Racing",2022,"Panini","Chronicles","Gold Standard Newly Minted Memorabilia Holo Silver","John Hunter Nemechek/John Hunter Nemechek/John Hunter Nemechek","Mobil 1 | Kyle Busch Motorsports | Toyota/Mobil 1 | Kyle Busch Motorsports | Toyota/Mobil 1 | Kyle Busch Motorsports | Toyota","Driver/Driver/Driver",8,25
"Racing",2022,"Panini","Chronicles","Gold Standard Newly Minted Memorabilia Holo Silver","Joey Logano/Joey Logano/Joey Logano","Shell-Pennzoil | Team Penske | Ford/Shell-Pennzoil | Team Penske | Ford/Shell-Pennzoil | Team Penske | Ford","Driver/Driver/Driver",9,25
"Racing",2022,"Panini","Chronicles","Gold Standard Newly Minted Memorabilia Holo Silver","Dale Earnhardt Jr/Dale Earnhardt Jr/Dale Earnhardt Jr","National Guard | Hendrick Motorsports | Chevrolet/National Guard | Hendrick Motorsports | Chevrolet/National Guard | Hendrick Motorsports | Chevrolet","Driver/Driver/Driver",10,10
"Racing",2022,"Panini","Chronicles","Gold Standard Newly Minted Memorabilia Laundry Tags","Ryan Blaney/Ryan Blaney/Ryan Blaney","Menards | Team Penske | Ford/Menards | Team Penske | Ford/Menards | Team Penske | Ford","Driver/Driver/Driver",1,1
"Racing",2022,"Panini","Chronicles","Gold Standard Newly Minted Memorabilia Laundry Tags","Tyler Reddick/Tyler Reddick/Tyler Reddick","3CHI | Richard Childress Racing | Chevrolet/3CHI | Richard Childress Racing | Chevrolet/3CHI | Richard Childress Racing | Chevrolet","Driver/Driver/Driver",2,1
"Racing",2022,"Panini","Chronicles","Gold Standard Newly Minted Memorabilia Laundry Tags","Ross Chastain/Ross Chastain/Ross Chastain","AdventHealth | Trackhouse Racing | Chevrolet/AdventHealth | Trackhouse Racing | Chevrolet/AdventHealth | Trackhouse Racing | Chevrolet","Driver/Driver/Driver",3,1
"Racing",2022,"Panini","Chronicles","Gold Standard Newly Minted Memorabilia Laundry Tags","Austin Dillon/Austin Dillon/Austin Dillon","Bass Pro Shops | Richard Childress Racing | Chevrolet/Bass Pro Shops | Richard Childress Racing | Chevrolet/Bass Pro Shops | Richard Childress Racing | Chevrolet","Driver/Driver/Driver",4,1
"Racing",2022,"Panini","Chronicles","Gold Standard Newly Minted Memorabilia Laundry Tags","Daniel Suarez/Daniel Suarez/Daniel Suarez","Camping World | Trackhouse Racing | Chevrolet/Camping World | Trackhouse Racing | Chevrolet/Camping World | Trackhouse Racing | Chevrolet","Driver/Driver/Driver",5,1
"Racing",2022,"Panini","Chronicles","Gold Standard Newly Minted Memorabilia Laundry Tags","Matt DiBenedetto/Matt DiBenedetto/Matt DiBenedetto","Toyota | Leavine Family Racing | Toyota/Toyota | Leavine Family Racing | Toyota/Toyota | Leavine Family Racing | Toyota","Driver/Driver/Driver",6,1
"Racing",2022,"Panini","Chronicles","Gold Standard Newly Minted Memorabilia Laundry Tags","Michael McDowell/Michael McDowell/Michael McDowell","Love's Travel Stops | Front Row Motorsports | Ford/Love's Travel Stops | Front Row Motorsports | Ford/Love's Travel Stops | Front Row Motorsports | Ford","Driver/Driver/Driver",7,1
"Racing",2022,"Panini","Chronicles","Gold Standard Newly Minted Memorabilia Laundry Tags","John Hunter Nemechek/John Hunter Nemechek/John Hunter Nemechek","Mobil 1 | Kyle Busch Motorsports | Toyota/Mobil 1 | Kyle Busch Motorsports | Toyota/Mobil 1 | Kyle Busch Motorsports | Toyota","Driver/Driver/Driver",8,1
"Racing",2022,"Panini","Chronicles","Gold Standard Newly Minted Memorabilia Laundry Tags","Dale Earnhardt Jr/Dale Earnhardt Jr/Dale Earnhardt Jr","National Guard | Hendrick Motorsports | Chevrolet/National Guard | Hendrick Motorsports | Chevrolet/National Guard | Hendrick Motorsports | Chevrolet","Driver/Driver/Driver",10,1
"Racing",2022,"Panini","Chronicles","Gold Standard Newly Minted Memorabilia Red","Ryan Blaney/Ryan Blaney/Ryan Blaney","Menards | Team Penske | Ford/Menards | Team Penske | Ford/Menards | Team Penske | Ford","Driver/Driver/Driver",1,99
"Racing",2022,"Panini","Chronicles","Gold Standard Newly Minted Memorabilia Red","Tyler Reddick/Tyler Reddick/Tyler Reddick","3CHI | Richard Childress Racing | Chevrolet/3CHI | Richard Childress Racing | Chevrolet/3CHI | Richard Childress Racing | Chevrolet","Driver/Driver/Driver",2,99
"Racing",2022,"Panini","Chronicles","Gold Standard Newly Minted Memorabilia Red","Ross Chastain/Ross Chastain/Ross Chastain","AdventHealth | Trackhouse Racing | Chevrolet/AdventHealth | Trackhouse Racing | Chevrolet/AdventHealth | Trackhouse Racing | Chevrolet","Driver/Driver/Driver",3,99
"Racing",2022,"Panini","Chronicles","Gold Standard Newly Minted Memorabilia Red","Matt DiBenedetto/Matt DiBenedetto/Matt DiBenedetto","Toyota | Leavine Family Racing | Toyota/Toyota | Leavine Family Racing | Toyota/Toyota | Leavine Family Racing | Toyota","Driver/Driver/Driver",6,99
"Racing",2022,"Panini","Chronicles","Gold Standard Newly Minted Memorabilia Red","Michael McDowell/Michael McDowell/Michael McDowell","Love's Travel Stops | Front Row Motorsports | Ford/Love's Travel Stops | Front Row Motorsports | Ford/Love's Travel Stops | Front Row Motorsports | Ford","Driver/Driver/Driver",7,99
"Racing",2022,"Panini","Chronicles","Gold Standard Newly Minted Memorabilia Red","John Hunter Nemechek/John Hunter Nemechek/John Hunter Nemechek","Mobil 1 | Kyle Busch Motorsports | Toyota/Mobil 1 | Kyle Busch Motorsports | Toyota/Mobil 1 | Kyle Busch Motorsports | Toyota","Driver/Driver/Driver",8,99
"Racing",2022,"Panini","Chronicles","Gold Standard Newly Minted Memorabilia Red","Joey Logano/Joey Logano/Joey Logano","Shell-Pennzoil | Team Penske | Ford/Shell-Pennzoil | Team Penske | Ford/Shell-Pennzoil | Team Penske | Ford","Driver/Driver/Driver",9,99
"Racing",2022,"Panini","Chronicles","Gold Standard Newly Minted Memorabilia Red","Dale Earnhardt Jr/Dale Earnhardt Jr/Dale Earnhardt Jr","National Guard | Hendrick Motorsports | Chevrolet/National Guard | Hendrick Motorsports | Chevrolet/National Guard | Hendrick Motorsports | Chevrolet","Driver/Driver/Driver",10,25
"Racing",2022,"Panini","Chronicles","Jet Black Materials","Richard Petty/Richard Petty","STP | Petty Enterprises | Plymouth/STP | Petty Enterprises | Plymouth","Driver/Driver",1,
"Racing",2022,"Panini","Chronicles","Jet Black Materials","Jimmie Johnson/Jimmie Johnson","Lowe's | Hendrick Motorsports | Chevrolet/Lowe's | Hendrick Motorsports | Chevrolet","Driver/Driver",2,
"Racing",2022,"Panini","Chronicles","Jet Black Materials","Matt DiBenedetto/Matt DiBenedetto","Toyota | Leavine Family Racing | Toyota/Toyota | Leavine Family Racing | Toyota","Driver/Driver",3,
"Racing",2022,"Panini","Chronicles","Jet Black Materials","Austin Dillon/Austin Dillon","Bass Pro Shops | Richard Childress Racing | Chevrolet/Bass Pro Shops | Richard Childress Racing | Chevrolet","Driver/Driver",4,
"Racing",2022,"Panini","Chronicles","Jet Black Materials","Chris Buescher/Chris Buescher","Fastenal | RFK Racing | Ford/Fastenal | RFK Racing | Ford","Driver/Driver",5,
"Racing",2022,"Panini","Chronicles","Jet Black Materials","Ryan Newman/Ryan Newman","Kohler Generators | Rousch Fenway Racing | Ford/Kohler Generators | Rousch Fenway Racing | Ford","Driver/Driver",7,
"Racing",2022,"Panini","Chronicles","Jet Black Materials","Ross Chastain/Ross Chastain","AdventHealth | Trackhouse Racing | Chevrolet/AdventHealth | Trackhouse Racing | Chevrolet","Driver/Driver",8,
"Racing",2022,"Panini","Chronicles","Jet Black Materials","Ricky Stenhouse Jr/Ricky Stenhouse Jr","Kroger | JTG Daugherty Racing | Chevrolet/Kroger | JTG Daugherty Racing | Chevrolet","Driver/Driver",9,
"Racing",2022,"Panini","Chronicles","Jet Black Materials","Michael McDowell/Michael McDowell","Love's Travel Stops | Front Row Motorsports | Ford/Love's Travel Stops | Front Row Motorsports | Ford","Driver/Driver",10,
"Racing",2022,"Panini","Chronicles","Jet Black Materials Holo Gold","Richard Petty/Richard Petty","STP | Petty Enterprises | Plymouth/STP | Petty Enterprises | Plymouth","Driver/Driver",1,10
"Racing",2022,"Panini","Chronicles","Jet Black Materials Holo Gold","Jimmie Johnson/Jimmie Johnson","Lowe's | Hendrick Motorsports | Chevrolet/Lowe's | Hendrick Motorsports | Chevrolet","Driver/Driver",2,10
"Racing",2022,"Panini","Chronicles","Jet Black Materials Holo Gold","Matt DiBenedetto/Matt DiBenedetto","Toyota | Leavine Family Racing | Toyota/Toyota | Leavine Family Racing | Toyota","Driver/Driver",3,10
"Racing",2022,"Panini","Chronicles","Jet Black Materials Holo Gold","Austin Dillon/Austin Dillon","Bass Pro Shops | Richard Childress Racing | Chevrolet/Bass Pro Shops | Richard Childress Racing | Chevrolet","Driver/Driver",4,10
"Racing",2022,"Panini","Chronicles","Jet Black Materials Holo Gold","Chris Buescher/Chris Buescher","Fastenal | RFK Racing | Ford/Fastenal | RFK Racing | Ford","Driver/Driver",5,10
"Racing",2022,"Panini","Chronicles","Jet Black Materials Holo Gold","Joey Logano/Joey Logano","Shell-Pennzoil | Team Penske | Ford/Shell-Pennzoil | Team Penske | Ford","Driver/Driver",6,10
"Racing",2022,"Panini","Chronicles","Jet Black Materials Holo Gold","Ryan Newman/Ryan Newman","Kohler Generators | Rousch Fenway Racing | Ford/Kohler Generators | Rousch Fenway Racing | Ford","Driver/Driver",7,10
"Racing",2022,"Panini","Chronicles","Jet Black Materials Holo Gold","Ricky Stenhouse Jr/Ricky Stenhouse Jr","Kroger | JTG Daugherty Racing | Chevrolet/Kroger | JTG Daugherty Racing | Chevrolet","Driver/Driver",9,10
"Racing",2022,"Panini","Chronicles","Jet Black Materials Holo Gold","Michael McDowell/Michael McDowell","Love's Travel Stops | Front Row Motorsports | Ford/Love's Travel Stops | Front Row Motorsports | Ford","Driver/Driver",10,10
"Racing",2022,"Panini","Chronicles","Jet Black Materials Holo Platinum Blue","Richard Petty/Richard Petty","STP | Petty Enterprises | Plymouth/STP | Petty Enterprises | Plymouth","Driver/Driver",1,1
"Racing",2022,"Panini","Chronicles","Jet Black Materials Holo Platinum Blue","Jimmie Johnson/Jimmie Johnson","Lowe's | Hendrick Motorsports | Chevrolet/Lowe's | Hendrick Motorsports | Chevrolet","Driver/Driver",2,1
"Racing",2022,"Panini","Chronicles","Jet Black Materials Holo Platinum Blue","Matt DiBenedetto/Matt DiBenedetto","Toyota | Leavine Family Racing | Toyota/Toyota | Leavine Family Racing | Toyota","Driver/Driver",3,1
"Racing",2022,"Panini","Chronicles","Jet Black Materials Holo Platinum Blue","Austin Dillon/Austin Dillon","Bass Pro Shops | Richard Childress Racing | Chevrolet/Bass Pro Shops | Richard Childress Racing | Chevrolet","Driver/Driver",4,1
"Racing",2022,"Panini","Chronicles","Jet Black Materials Holo Platinum Blue","Chris Buescher/Chris Buescher","Fastenal | RFK Racing | Ford/Fastenal | RFK Racing | Ford","Driver/Driver",5,1
"Racing",2022,"Panini","Chronicles","Jet Black Materials Holo Platinum Blue","Joey Logano/Joey Logano","Shell-Pennzoil | Team Penske | Ford/Shell-Pennzoil | Team Penske | Ford","Driver/Driver",6,1
"Racing",2022,"Panini","Chronicles","Jet Black Materials Holo Platinum Blue","Ryan Newman/Ryan Newman","Kohler Generators | Rousch Fenway Racing | Ford/Kohler Generators | Rousch Fenway Racing | Ford","Driver/Driver",7,1
"Racing",2022,"Panini","Chronicles","Jet Black Materials Holo Platinum Blue","Ricky Stenhouse Jr/Ricky Stenhouse Jr","Kroger | JTG Daugherty Racing | Chevrolet/Kroger | JTG Daugherty Racing | Chevrolet","Driver/Driver",9,1
"Racing",2022,"Panini","Chronicles","Jet Black Materials Holo Platinum Blue","Michael McDowell/Michael McDowell","Love's Travel Stops | Front Row Motorsports | Ford/Love's Travel Stops | Front Row Motorsports | Ford","Driver/Driver",10,1
"Racing",2022,"Panini","Chronicles","Jet Black Materials Holo Silver","Richard Petty/Richard Petty","STP | Petty Enterprises | Plymouth/STP | Petty Enterprises | Plymouth","Driver/Driver",1,25
"Racing",2022,"Panini","Chronicles","Jet Black Materials Holo Silver","Jimmie Johnson/Jimmie Johnson","Lowe's | Hendrick Motorsports | Chevrolet/Lowe's | Hendrick Motorsports | Chevrolet","Driver/Driver",2,25
"Racing",2022,"Panini","Chronicles","Jet Black Materials Holo Silver","Matt DiBenedetto/Matt DiBenedetto","Toyota | Leavine Family Racing | Toyota/Toyota | Leavine Family Racing | Toyota","Driver/Driver",3,25
"Racing",2022,"Panini","Chronicles","Jet Black Materials Holo Silver","Austin Dillon/Austin Dillon","Bass Pro Shops | Richard Childress Racing | Chevrolet/Bass Pro Shops | Richard Childress Racing | Chevrolet","Driver/Driver",4,25
"Racing",2022,"Panini","Chronicles","Jet Black Materials Holo Silver","Chris Buescher/Chris Buescher","Fastenal | RFK Racing | Ford/Fastenal | RFK Racing | Ford","Driver/Driver",5,25
"Racing",2022,"Panini","Chronicles","Jet Black Materials Holo Silver","Joey Logano/Joey Logano","Shell-Pennzoil | Team Penske | Ford/Shell-Pennzoil | Team Penske | Ford","Driver/Driver",6,25
"Racing",2022,"Panini","Chronicles","Jet Black Materials Holo Silver","Ryan Newman/Ryan Newman","Kohler Generators | Rousch Fenway Racing | Ford/Kohler Generators | Rousch Fenway Racing | Ford","Driver/Driver",7,25
"Racing",2022,"Panini","Chronicles","Jet Black Materials Holo Silver","Ross Chastain/Ross Chastain","AdventHealth | Trackhouse Racing | Chevrolet/AdventHealth | Trackhouse Racing | Chevrolet","Driver/Driver",8,25
"Racing",2022,"Panini","Chronicles","Jet Black Materials Holo Silver","Ricky Stenhouse Jr/Ricky Stenhouse Jr","Kroger | JTG Daugherty Racing | Chevrolet/Kroger | JTG Daugherty Racing | Chevrolet","Driver/Driver",9,25
"Racing",2022,"Panini","Chronicles","Jet Black Materials Holo Silver","Michael McDowell/Michael McDowell","Love's Travel Stops | Front Row Motorsports | Ford/Love's Travel Stops | Front Row Motorsports | Ford","Driver/Driver",10,25
"Racing",2022,"Panini","Chronicles","Jet Black Materials Laundry Tags","Richard Petty/Richard Petty","STP | Petty Enterprises | Plymouth/STP | Petty Enterprises | Plymouth","Driver/Driver",1,1
"Racing",2022,"Panini","Chronicles","Jet Black Materials Laundry Tags","Matt DiBenedetto/Matt DiBenedetto","Toyota | Leavine Family Racing | Toyota/Toyota | Leavine Family Racing | Toyota","Driver/Driver",3,1
"Racing",2022,"Panini","Chronicles","Jet Black Materials Laundry Tags","Austin Dillon/Austin Dillon","Bass Pro Shops | Richard Childress Racing | Chevrolet/Bass Pro Shops | Richard Childress Racing | Chevrolet","Driver/Driver",4,1
"Racing",2022,"Panini","Chronicles","Jet Black Materials Laundry Tags","Chris Buescher/Chris Buescher","Fastenal | RFK Racing | Ford/Fastenal | RFK Racing | Ford","Driver/Driver",5,1
"Racing",2022,"Panini","Chronicles","Jet Black Materials Laundry Tags","Joey Logano/Joey Logano","Shell-Pennzoil | Team Penske | Ford/Shell-Pennzoil | Team Penske | Ford","Driver/Driver",6,1
"Racing",2022,"Panini","Chronicles","Jet Black Materials Laundry Tags","Ryan Newman/Ryan Newman","Kohler Generators | Rousch Fenway Racing | Ford/Kohler Generators | Rousch Fenway Racing | Ford","Driver/Driver",7,1
"Racing",2022,"Panini","Chronicles","Jet Black Materials Laundry Tags","Ross Chastain/Ross Chastain","AdventHealth | Trackhouse Racing | Chevrolet/AdventHealth | Trackhouse Racing | Chevrolet","Driver/Driver",8,1
"Racing",2022,"Panini","Chronicles","Jet Black Materials Laundry Tags","Ricky Stenhouse Jr/Ricky Stenhouse Jr","Kroger | JTG Daugherty Racing | Chevrolet/Kroger | JTG Daugherty Racing | Chevrolet","Driver/Driver",9,1
"Racing",2022,"Panini","Chronicles","Jet Black Materials Laundry Tags","Michael McDowell/Michael McDowell","Love's Travel Stops | Front Row Motorsports | Ford/Love's Travel Stops | Front Row Motorsports | Ford","Driver/Driver",10,1
"Racing",2022,"Panini","Chronicles","Jet Black Materials Red","Richard Petty/Richard Petty","STP | Petty Enterprises | Plymouth/STP | Petty Enterprises | Plymouth","Driver/Driver",1,99
"Racing",2022,"Panini","Chronicles","Jet Black Materials Red","Jimmie Johnson/Jimmie Johnson","Lowe's | Hendrick Motorsports | Chevrolet/Lowe's | Hendrick Motorsports | Chevrolet","Driver/Driver",2,99
"Racing",2022,"Panini","Chronicles","Jet Black Materials Red","Matt DiBenedetto/Matt DiBenedetto","Toyota | Leavine Family Racing | Toyota/Toyota | Leavine Family Racing | Toyota","Driver/Driver",3,99
"Racing",2022,"Panini","Chronicles","Jet Black Materials Red","Austin Dillon/Austin Dillon","Bass Pro Shops | Richard Childress Racing | Chevrolet/Bass Pro Shops | Richard Childress Racing | Chevrolet","Driver/Driver",4,99
"Racing",2022,"Panini","Chronicles","Jet Black Materials Red","Chris Buescher/Chris Buescher","Fastenal | RFK Racing | Ford/Fastenal | RFK Racing | Ford","Driver/Driver",5,99
"Racing",2022,"Panini","Chronicles","Jet Black Materials Red","Joey Logano/Joey Logano","Shell-Pennzoil | Team Penske | Ford/Shell-Pennzoil | Team Penske | Ford","Driver/Driver",6,99
"Racing",2022,"Panini","Chronicles","Jet Black Materials Red","Ryan Newman/Ryan Newman","Kohler Generators | Rousch Fenway Racing | Ford/Kohler Generators | Rousch Fenway Racing | Ford","Driver/Driver",7,99
"Racing",2022,"Panini","Chronicles","Jet Black Materials Red","Ross Chastain/Ross Chastain","AdventHealth | Trackhouse Racing | Chevrolet/AdventHealth | Trackhouse Racing | Chevrolet","Driver/Driver",8,99
"Racing",2022,"Panini","Chronicles","Jet Black Materials Red","Ricky Stenhouse Jr/Ricky Stenhouse Jr","Kroger | JTG Daugherty Racing | Chevrolet/Kroger | JTG Daugherty Racing | Chevrolet","Driver/Driver",9,99
"Racing",2022,"Panini","Chronicles","Jet Black Materials Red","Michael McDowell/Michael McDowell","Love's Travel Stops | Front Row Motorsports | Ford/Love's Travel Stops | Front Row Motorsports | Ford","Driver/Driver",10,99
"Racing",2022,"Panini","Chronicles","Limited","Kurt Busch","Monster | 23XI Racing | Toyota","Driver",1,
"Racing",2022,"Panini","Chronicles","Limited","Richard Petty","STP | Petty Enterprises | Plymouth","Driver",2,
"Racing",2022,"Panini","Chronicles","Limited","Martin Truex Jr.","Bass Pro Shops | Joe Gibbs Racing | Toyota","Driver",3,
"Racing",2022,"Panini","Chronicles","Limited","B.J. McLeod","Batteries Plus Bulbs | B.J. McLeod Motorsports | Ford","Driver",4,
"Racing",2022,"Panini","Chronicles","Limited","Ryan Blaney","Menards | Team Penske | Ford","Driver",5,
"Racing",2022,"Panini","Chronicles","Limited","Tony Stewart","Mobil 1 | Stewart-Haas Racing | Chevrolet","Driver",6,
"Racing",2022,"Panini","Chronicles","Limited","Dale Earnhardt Jr","National Guard | Hendrick Motorsports | Chevrolet","Driver",7,
"Racing",2022,"Panini","Chronicles","Limited","Austin Dillon","Bass Pro Shops | Richard Childress Racing | Chevrolet","Driver",8,
"Racing",2022,"Panini","Chronicles","Limited","Zane Smith","SpeedCo | Front Row Motorsports | Ford","Driver",9,
"Racing",2022,"Panini","Chronicles","Limited","Kyle Larson","Hendrickcars.com | Hendrick Motorsports | Chevrolet","Driver",11,
"Racing",2022,"Panini","Chronicles","Limited","Kody Vanderwal","Flyin Dutchman Racing ","Driver",12,
"Racing",2022,"Panini","Chronicles","Limited","Corey LaJoie","Built Bar | Spire Motorsports | Chevrolet","Driver",13,
"Racing",2022,"Panini","Chronicles","Limited","Danica Patrick","GoDaddy.com | Premium Motorsports | Chevrolet","Driver",14,
"Racing",2022,"Panini","Chronicles","Limited","Tyler Ankrum","Liuna | GMS Racing | Chevrolet","Driver",15,
"Racing",2022,"Panini","Chronicles","Limited","Justin Haley","LeafFilter | Kaulig Racing | Chevrolet","Driver",16,
"Racing",2022,"Panini","Chronicles","Limited","Ryan Newman","Kohler Generators | Rousch Fenway Racing | Ford","Driver",17,
"Racing",2022,"Panini","Chronicles","Limited","Brad Keselowski","Kohler | RFK Racing | Ford","Driver",18,
"Racing",2022,"Panini","Chronicles","Limited","Gray Gaulding","Panini | Chevrolet","Driver",19,
"Racing",2022,"Panini","Chronicles","Limited","Tyler Reddick","3CHI | Richard Childress Racing | Chevrolet","Driver",20,
"Racing",2022,"Panini","Chronicles","Limited Autographs","B.J. McLeod","Batteries Plus Bulbs | B.J. McLeod Motorsports | Ford","Driver",4,
"Racing",2022,"Panini","Chronicles","Limited Autographs","Dale Earnhardt Jr","National Guard | Hendrick Motorsports | Chevrolet","Driver",7,
"Racing",2022,"Panini","Chronicles","Limited Autographs","Austin Dillon","Bass Pro Shops | Richard Childress Racing | Chevrolet","Driver",8,
"Racing",2022,"Panini","Chronicles","Limited Autographs","Zane Smith","SpeedCo | Front Row Motorsports | Ford","Driver",9,
"Racing",2022,"Panini","Chronicles","Limited Autographs","Bubba Wallace","McDonald's | 23XI Racing | Toyota","Driver",10,
"Racing",2022,"Panini","Chronicles","Limited Autographs","Kyle Larson","Hendrickcars.com | Hendrick Motorsports | Chevrolet","Driver",11,
"Racing",2022,"Panini","Chronicles","Limited Autographs","Kody Vanderwal","Flyin Dutchman Racing ","Driver",12,
"Racing",2022,"Panini","Chronicles","Limited Autographs","Corey LaJoie","Built Bar | Spire Motorsports | Chevrolet","Driver",13,
"Racing",2022,"Panini","Chronicles","Limited Autographs","Tyler Ankrum","Liuna | GMS Racing | Chevrolet","Driver",15,
"Racing",2022,"Panini","Chronicles","Limited Autographs","Justin Haley","LeafFilter | Kaulig Racing | Chevrolet","Driver",16,
"Racing",2022,"Panini","Chronicles","Limited Autographs","Brad Keselowski","Kohler | RFK Racing | Ford","Driver",18,
"Racing",2022,"Panini","Chronicles","Limited Autographs","Gray Gaulding","Panini | Chevrolet","Driver",19,
"Racing",2022,"Panini","Chronicles","Limited Autographs","Tyler Reddick","3CHI | Richard Childress Racing | Chevrolet","Driver",20,
"Racing",2022,"Panini","Chronicles","Limited Autographs Black","Kurt Busch","Monster | 23XI Racing | Toyota","Driver",1,1
"Racing",2022,"Panini","Chronicles","Limited Autographs Black","Richard Petty","STP | Petty Enterprises | Plymouth","Driver",2,1
"Racing",2022,"Panini","Chronicles","Limited Autographs Black","Martin Truex Jr.","Bass Pro Shops | Joe Gibbs Racing | Toyota","Driver",3,1
"Racing",2022,"Panini","Chronicles","Limited Autographs Black","B.J. McLeod","Batteries Plus Bulbs | B.J. McLeod Motorsports | Ford","Driver",4,1
"Racing",2022,"Panini","Chronicles","Limited Autographs Black","Ryan Blaney","Menards | Team Penske | Ford","Driver",5,1
"Racing",2022,"Panini","Chronicles","Limited Autographs Black","Tony Stewart","Mobil 1 | Stewart-Haas Racing | Chevrolet","Driver",6,1
"Racing",2022,"Panini","Chronicles","Limited Autographs Black","Dale Earnhardt Jr","National Guard | Hendrick Motorsports | Chevrolet","Driver",7,1
"Racing",2022,"Panini","Chronicles","Limited Autographs Black","Austin Dillon","Bass Pro Shops | Richard Childress Racing | Chevrolet","Driver",8,1
"Racing",2022,"Panini","Chronicles","Limited Autographs Black","Zane Smith","SpeedCo | Front Row Motorsports | Ford","Driver",9,1
"Racing",2022,"Panini","Chronicles","Limited Autographs Black","Bubba Wallace","McDonald's | 23XI Racing | Toyota","Driver",10,1
"Racing",2022,"Panini","Chronicles","Limited Autographs Black","Kyle Larson","Hendrickcars.com | Hendrick Motorsports | Chevrolet","Driver",11,1
"Racing",2022,"Panini","Chronicles","Limited Autographs Black","Kody Vanderwal","Flyin Dutchman Racing ","Driver",12,1
"Racing",2022,"Panini","Chronicles","Limited Autographs Black","Danica Patrick","GoDaddy.com | Premium Motorsports | Chevrolet","Driver",14,1
"Racing",2022,"Panini","Chronicles","Limited Autographs Black","Tyler Ankrum","Liuna | GMS Racing | Chevrolet","Driver",15,1
"Racing",2022,"Panini","Chronicles","Limited Autographs Black","Justin Haley","LeafFilter | Kaulig Racing | Chevrolet","Driver",16,1
"Racing",2022,"Panini","Chronicles","Limited Autographs Black","Ryan Newman","Kohler Generators | Rousch Fenway Racing | Ford","Driver",17,1
"Racing",2022,"Panini","Chronicles","Limited Autographs Black","Brad Keselowski","Kohler | RFK Racing | Ford","Driver",18,1
"Racing",2022,"Panini","Chronicles","Limited Autographs Black","Gray Gaulding","Panini | Chevrolet","Driver",19,1
"Racing",2022,"Panini","Chronicles","Limited Autographs Black","Tyler Reddick","3CHI | Richard Childress Racing | Chevrolet","Driver",20,1
"Racing",2022,"Panini","Chronicles","Limited Autographs Gold","Kurt Busch","Monster | 23XI Racing | Toyota","Driver",1,5
"Racing",2022,"Panini","Chronicles","Limited Autographs Gold","Richard Petty","STP | Petty Enterprises | Plymouth","Driver",2,5
"Racing",2022,"Panini","Chronicles","Limited Autographs Gold","Martin Truex Jr.","Bass Pro Shops | Joe Gibbs Racing | Toyota","Driver",3,5
"Racing",2022,"Panini","Chronicles","Limited Autographs Gold","Ryan Blaney","Menards | Team Penske | Ford","Driver",5,5
"Racing",2022,"Panini","Chronicles","Limited Autographs Gold","Tony Stewart","Mobil 1 | Stewart-Haas Racing | Chevrolet","Driver",6,5
"Racing",2022,"Panini","Chronicles","Limited Autographs Gold","Dale Earnhardt Jr","National Guard | Hendrick Motorsports | Chevrolet","Driver",7,5
"Racing",2022,"Panini","Chronicles","Limited Autographs Gold","Austin Dillon","Bass Pro Shops | Richard Childress Racing | Chevrolet","Driver",8,5
"Racing",2022,"Panini","Chronicles","Limited Autographs Gold","Zane Smith","SpeedCo | Front Row Motorsports | Ford","Driver",9,10
"Racing",2022,"Panini","Chronicles","Limited Autographs Gold","Kyle Larson","Hendrickcars.com | Hendrick Motorsports | Chevrolet","Driver",11,5
"Racing",2022,"Panini","Chronicles","Limited Autographs Gold","Kody Vanderwal","Flyin Dutchman Racing ","Driver",12,10
"Racing",2022,"Panini","Chronicles","Limited Autographs Gold","Corey LaJoie","Built Bar | Spire Motorsports | Chevrolet","Driver",13,10
"Racing",2022,"Panini","Chronicles","Limited Autographs Gold","Danica Patrick","GoDaddy.com | Premium Motorsports | Chevrolet","Driver",14,10
"Racing",2022,"Panini","Chronicles","Limited Autographs Gold","Tyler Ankrum","Liuna | GMS Racing | Chevrolet","Driver",15,10
"Racing",2022,"Panini","Chronicles","Limited Autographs Gold","Justin Haley","LeafFilter | Kaulig Racing | Chevrolet","Driver",16,10
"Racing",2022,"Panini","Chronicles","Limited Autographs Gold","Ryan Newman","Kohler Generators | Rousch Fenway Racing | Ford","Driver",17,5
"Racing",2022,"Panini","Chronicles","Limited Autographs Gold","Brad Keselowski","Kohler | RFK Racing | Ford","Driver",18,10
"Racing",2022,"Panini","Chronicles","Limited Autographs Gold","Gray Gaulding","Panini | Chevrolet","Driver",19,10
"Racing",2022,"Panini","Chronicles","Limited Autographs Gold","Tyler Reddick","3CHI | Richard Childress Racing | Chevrolet","Driver",20,10
"Racing",2022,"Panini","Chronicles","Limited Autographs Purple","Kurt Busch","Monster | 23XI Racing | Toyota","Driver",1,10
"Racing",2022,"Panini","Chronicles","Limited Autographs Purple","Richard Petty","STP | Petty Enterprises | Plymouth","Driver",2,10
"Racing",2022,"Panini","Chronicles","Limited Autographs Purple","Ryan Blaney","Menards | Team Penske | Ford","Driver",5,10
"Racing",2022,"Panini","Chronicles","Limited Autographs Purple","Dale Earnhardt Jr","National Guard | Hendrick Motorsports | Chevrolet","Driver",7,10
"Racing",2022,"Panini","Chronicles","Limited Autographs Purple","Austin Dillon","Bass Pro Shops | Richard Childress Racing | Chevrolet","Driver",8,10
"Racing",2022,"Panini","Chronicles","Limited Autographs Purple","Zane Smith","SpeedCo | Front Row Motorsports | Ford","Driver",9,25
"Racing",2022,"Panini","Chronicles","Limited Autographs Purple","Kyle Larson","Hendrickcars.com | Hendrick Motorsports | Chevrolet","Driver",11,10
"Racing",2022,"Panini","Chronicles","Limited Autographs Purple","Kody Vanderwal","Flyin Dutchman Racing ","Driver",12,25
"Racing",2022,"Panini","Chronicles","Limited Autographs Purple","Danica Patrick","GoDaddy.com | Premium Motorsports | Chevrolet","Driver",14,25
"Racing",2022,"Panini","Chronicles","Limited Autographs Purple","Tyler Ankrum","Liuna | GMS Racing | Chevrolet","Driver",15,25
"Racing",2022,"Panini","Chronicles","Limited Autographs Purple","Justin Haley","LeafFilter | Kaulig Racing | Chevrolet","Driver",16,25
"Racing",2022,"Panini","Chronicles","Limited Autographs Purple","Ryan Newman","Kohler Generators | Rousch Fenway Racing | Ford","Driver",17,10
"Racing",2022,"Panini","Chronicles","Limited Autographs Purple","Brad Keselowski","Kohler | RFK Racing | Ford","Driver",18,25
"Racing",2022,"Panini","Chronicles","Limited Autographs Purple","Gray Gaulding","Panini | Chevrolet","Driver",19,25
"Racing",2022,"Panini","Chronicles","Limited Autographs Purple","Tyler Reddick","3CHI | Richard Childress Racing | Chevrolet","Driver",20,25
"Racing",2022,"Panini","Chronicles","Limited Black","Kurt Busch","Monster | 23XI Racing | Toyota","Driver",1,1
"Racing",2022,"Panini","Chronicles","Limited Black","Richard Petty","STP | Petty Enterprises | Plymouth","Driver",2,1
"Racing",2022,"Panini","Chronicles","Limited Black","Martin Truex Jr.","Bass Pro Shops | Joe Gibbs Racing | Toyota","Driver",3,1
"Racing",2022,"Panini","Chronicles","Limited Black","B.J. McLeod","Batteries Plus Bulbs | B.J. McLeod Motorsports | Ford","Driver",4,1
"Racing",2022,"Panini","Chronicles","Limited Black","Tony Stewart","Mobil 1 | Stewart-Haas Racing | Chevrolet","Driver",6,1
"Racing",2022,"Panini","Chronicles","Limited Black","Dale Earnhardt Jr","National Guard | Hendrick Motorsports | Chevrolet","Driver",7,1
"Racing",2022,"Panini","Chronicles","Limited Black","Austin Dillon","Bass Pro Shops | Richard Childress Racing | Chevrolet","Driver",8,1
"Racing",2022,"Panini","Chronicles","Limited Black","Zane Smith","SpeedCo | Front Row Motorsports | Ford","Driver",9,1
"Racing",2022,"Panini","Chronicles","Limited Black","Bubba Wallace","McDonald's | 23XI Racing | Toyota","Driver",10,1
"Racing",2022,"Panini","Chronicles","Limited Black","Kody Vanderwal","Flyin Dutchman Racing ","Driver",12,1
"Racing",2022,"Panini","Chronicles","Limited Black","Corey LaJoie","Built Bar | Spire Motorsports | Chevrolet","Driver",13,1
"Racing",2022,"Panini","Chronicles","Limited Black","Danica Patrick","GoDaddy.com | Premium Motorsports | Chevrolet","Driver",14,1
"Racing",2022,"Panini","Chronicles","Limited Black","Tyler Ankrum","Liuna | GMS Racing | Chevrolet","Driver",15,1
"Racing",2022,"Panini","Chronicles","Limited Black","Justin Haley","LeafFilter | Kaulig Racing | Chevrolet","Driver",16,1
"Racing",2022,"Panini","Chronicles","Limited Black","Ryan Newman","Kohler Generators | Rousch Fenway Racing | Ford","Driver",17,1
"Racing",2022,"Panini","Chronicles","Limited Black","Brad Keselowski","Kohler | RFK Racing | Ford","Driver",18,1
"Racing",2022,"Panini","Chronicles","Limited Black","Gray Gaulding","Panini | Chevrolet","Driver",19,1
"Racing",2022,"Panini","Chronicles","Limited Black","Tyler Reddick","3CHI | Richard Childress Racing | Chevrolet","Driver",20,1
"Racing",2022,"Panini","Chronicles","Limited Blue","Kurt Busch","Monster | 23XI Racing | Toyota","Driver",1,199
"Racing",2022,"Panini","Chronicles","Limited Blue","Richard Petty","STP | Petty Enterprises | Plymouth","Driver",2,199
"Racing",2022,"Panini","Chronicles","Limited Blue","Martin Truex Jr.","Bass Pro Shops | Joe Gibbs Racing | Toyota","Driver",3,199
"Racing",2022,"Panini","Chronicles","Limited Blue","B.J. McLeod","Batteries Plus Bulbs | B.J. McLeod Motorsports | Ford","Driver",4,199
"Racing",2022,"Panini","Chronicles","Limited Blue","Ryan Blaney","Menards | Team Penske | Ford","Driver",5,199
"Racing",2022,"Panini","Chronicles","Limited Blue","Tony Stewart","Mobil 1 | Stewart-Haas Racing | Chevrolet","Driver",6,199
"Racing",2022,"Panini","Chronicles","Limited Blue","Dale Earnhardt Jr","National Guard | Hendrick Motorsports | Chevrolet","Driver",7,199
"Racing",2022,"Panini","Chronicles","Limited Blue","Zane Smith","SpeedCo | Front Row Motorsports | Ford","Driver",9,199
"Racing",2022,"Panini","Chronicles","Limited Blue","Bubba Wallace","McDonald's | 23XI Racing | Toyota","Driver",10,199
"Racing",2022,"Panini","Chronicles","Limited Blue","Kody Vanderwal","Flyin Dutchman Racing ","Driver",12,199
"Racing",2022,"Panini","Chronicles","Limited Blue","Corey LaJoie","Built Bar | Spire Motorsports | Chevrolet","Driver",13,199
"Racing",2022,"Panini","Chronicles","Limited Blue","Danica Patrick","GoDaddy.com | Premium Motorsports | Chevrolet","Driver",14,199
"Racing",2022,"Panini","Chronicles","Limited Blue","Tyler Ankrum","Liuna | GMS Racing | Chevrolet","Driver",15,199
"Racing",2022,"Panini","Chronicles","Limited Blue","Justin Haley","LeafFilter | Kaulig Racing | Chevrolet","Driver",16,199
"Racing",2022,"Panini","Chronicles","Limited Blue","Ryan Newman","Kohler Generators | Rousch Fenway Racing | Ford","Driver",17,199
"Racing",2022,"Panini","Chronicles","Limited Blue","Brad Keselowski","Kohler | RFK Racing | Ford","Driver",18,199
"Racing",2022,"Panini","Chronicles","Limited Blue","Gray Gaulding","Panini | Chevrolet","Driver",19,199
"Racing",2022,"Panini","Chronicles","Limited Blue","Tyler Reddick","3CHI | Richard Childress Racing | Chevrolet","Driver",20,199
"Racing",2022,"Panini","Chronicles","Limited Gold","Kurt Busch","Monster | 23XI Racing | Toyota","Driver",1,10
"Racing",2022,"Panini","Chronicles","Limited Gold","Richard Petty","STP | Petty Enterprises | Plymouth","Driver",2,10
"Racing",2022,"Panini","Chronicles","Limited Gold","Martin Truex Jr.","Bass Pro Shops | Joe Gibbs Racing | Toyota","Driver",3,10
"Racing",2022,"Panini","Chronicles","Limited Gold","B.J. McLeod","Batteries Plus Bulbs | B.J. McLeod Motorsports | Ford","Driver",4,10
"Racing",2022,"Panini","Chronicles","Limited Gold","Tony Stewart","Mobil 1 | Stewart-Haas Racing | Chevrolet","Driver",6,10
"Racing",2022,"Panini","Chronicles","Limited Gold","Dale Earnhardt Jr","National Guard | Hendrick Motorsports | Chevrolet","Driver",7,10
"Racing",2022,"Panini","Chronicles","Limited Gold","Zane Smith","SpeedCo | Front Row Motorsports | Ford","Driver",9,10
"Racing",2022,"Panini","Chronicles","Limited Gold","Bubba Wallace","McDonald's | 23XI Racing | Toyota","Driver",10,10
"Racing",2022,"Panini","Chronicles","Limited Gold","Kyle Larson","Hendrickcars.com | Hendrick Motorsports | Chevrolet","Driver",11,10
"Racing",2022,"Panini","Chronicles","Limited Gold","Kody Vanderwal","Flyin Dutchman Racing ","Driver",12,10
"Racing",2022,"Panini","Chronicles","Limited Gold","Corey LaJoie","Built Bar | Spire Motorsports | Chevrolet","Driver",13,10
"Racing",2022,"Panini","Chronicles","Limited Gold","Tyler Ankrum","Liuna | GMS Racing | Chevrolet","Driver",15,10
"Racing",2022,"Panini","Chronicles","Limited Gold","Justin Haley","LeafFilter | Kaulig Racing | Chevrolet","Driver",16,10
"Racing",2022,"Panini","Chronicles","Limited Gold","Ryan Newman","Kohler Generators | Rousch Fenway Racing | Ford","Driver",17,10
"Racing",2022,"Panini","Chronicles","Limited Gold","Brad Keselowski","Kohler | RFK Racing | Ford","Driver",18,10
"Racing",2022,"Panini","Chronicles","Limited Gold","Gray Gaulding","Panini | Chevrolet","Driver",19,10
"Racing",2022,"Panini","Chronicles","Limited Gold","Tyler Reddick","3CHI | Richard Childress Racing | Chevrolet","Driver",20,10
"Racing",2022,"Panini","Chronicles","Limited Purple","Kurt Busch","Monster | 23XI Racing | Toyota","Driver",1,25
"Racing",2022,"Panini","Chronicles","Limited Purple","Richard Petty","STP | Petty Enterprises | Plymouth","Driver",2,25
"Racing",2022,"Panini","Chronicles","Limited Purple","Martin Truex Jr.","Bass Pro Shops | Joe Gibbs Racing | Toyota","Driver",3,25
"Racing",2022,"Panini","Chronicles","Limited Purple","B.J. McLeod","Batteries Plus Bulbs | B.J. McLeod Motorsports | Ford","Driver",4,25
"Racing",2022,"Panini","Chronicles","Limited Purple","Tony Stewart","Mobil 1 | Stewart-Haas Racing | Chevrolet","Driver",6,25
"Racing",2022,"Panini","Chronicles","Limited Purple","Dale Earnhardt Jr","National Guard | Hendrick Motorsports | Chevrolet","Driver",7,25
"Racing",2022,"Panini","Chronicles","Limited Purple","Austin Dillon","Bass Pro Shops | Richard Childress Racing | Chevrolet","Driver",8,25
"Racing",2022,"Panini","Chronicles","Limited Purple","Zane Smith","SpeedCo | Front Row Motorsports | Ford","Driver",9,25
"Racing",2022,"Panini","Chronicles","Limited Purple","Bubba Wallace","McDonald's | 23XI Racing | Toyota","Driver",10,25
"Racing",2022,"Panini","Chronicles","Limited Purple","Kody Vanderwal","Flyin Dutchman Racing ","Driver",12,25
"Racing",2022,"Panini","Chronicles","Limited Purple","Corey LaJoie","Built Bar | Spire Motorsports | Chevrolet","Driver",13,25
"Racing",2022,"Panini","Chronicles","Limited Purple","Tyler Ankrum","Liuna | GMS Racing | Chevrolet","Driver",15,25
"Racing",2022,"Panini","Chronicles","Limited Purple","Justin Haley","LeafFilter | Kaulig Racing | Chevrolet","Driver",16,25
"Racing",2022,"Panini","Chronicles","Limited Purple","Ryan Newman","Kohler Generators | Rousch Fenway Racing | Ford","Driver",17,25
"Racing",2022,"Panini","Chronicles","Limited Purple","Brad Keselowski","Kohler | RFK Racing | Ford","Driver",18,25
"Racing",2022,"Panini","Chronicles","Limited Purple","Gray Gaulding","Panini | Chevrolet","Driver",19,25
"Racing",2022,"Panini","Chronicles","Limited Purple","Tyler Reddick","3CHI | Richard Childress Racing | Chevrolet","Driver",20,25
"Racing",2022,"Panini","Chronicles","Limited Red","Kurt Busch","Monster | 23XI Racing | Toyota","Driver",1,99
"Racing",2022,"Panini","Chronicles","Limited Red","Martin Truex Jr.","Bass Pro Shops | Joe Gibbs Racing | Toyota","Driver",3,99
"Racing",2022,"Panini","Chronicles","Limited Red","B.J. McLeod","Batteries Plus Bulbs | B.J. McLeod Motorsports | Ford","Driver",4,99
"Racing",2022,"Panini","Chronicles","Limited Red","Ryan Blaney","Menards | Team Penske | Ford","Driver",5,99
"Racing",2022,"Panini","Chronicles","Limited Red","Tony Stewart","Mobil 1 | Stewart-Haas Racing | Chevrolet","Driver",6,99
"Racing",2022,"Panini","Chronicles","Limited Red","Dale Earnhardt Jr","National Guard | Hendrick Motorsports | Chevrolet","Driver",7,99
"Racing",2022,"Panini","Chronicles","Limited Red","Zane Smith","SpeedCo | Front Row Motorsports | Ford","Driver",9,99
"Racing",2022,"Panini","Chronicles","Limited Red","Bubba Wallace","McDonald's | 23XI Racing | Toyota","Driver",10,99
"Racing",2022,"Panini","Chronicles","Limited Red","Kody Vanderwal","Flyin Dutchman Racing ","Driver",12,99
"Racing",2022,"Panini","Chronicles","Limited Red","Corey LaJoie","Built Bar | Spire Motorsports | Chevrolet","Driver",13,99
"Racing",2022,"Panini","Chronicles","Limited Red","Danica Patrick","GoDaddy.com | Premium Motorsports | Chevrolet","Driver",14,99
"Racing",2022,"Panini","Chronicles","Limited Red","Tyler Ankrum","Liuna | GMS Racing | Chevrolet","Driver",15,99
"Racing",2022,"Panini","Chronicles","Limited Red","Justin Haley","LeafFilter | Kaulig Racing | Chevrolet","Driver",16,99
"Racing",2022,"Panini","Chronicles","Limited Red","Ryan Newman","Kohler Generators | Rousch Fenway Racing | Ford","Driver",17,99
"Racing",2022,"Panini","Chronicles","Limited Red","Brad Keselowski","Kohler | RFK Racing | Ford","Driver",18,99
"Racing",2022,"Panini","Chronicles","Limited Red","Gray Gaulding","Panini | Chevrolet","Driver",19,99
"Racing",2022,"Panini","Chronicles","Limited Red","Tyler Reddick","3CHI | Richard Childress Racing | Chevrolet","Driver",20,99
"Racing",2022,"Panini","Chronicles","Magnitude","Jade Buford","Big Machine Racing","Driver",1,
"Racing",2022,"Panini","Chronicles","Magnitude","Toni Breidinger","ARCA Menards","Driver",2,
"Racing",2022,"Panini","Chronicles","Magnitude","Danica Patrick","GoDaddy.com | Premium Motorsports | Chevrolet","Driver",3,
"Racing",2022,"Panini","Chronicles","Magnitude","Daniel Dye","ARCA Menards East Series","Driver",4,
"Racing",2022,"Panini","Chronicles","Magnitude","Kyle Larson","Hendrickcars.com | Hendrick Motorsports | Chevrolet","Driver",7,
"Racing",2022,"Panini","Chronicles","Magnitude","Brittney Zamora","Rackley Roofing | Toyota","Driver",8,
"Racing",2022,"Panini","Chronicles","Magnitude","Ty Gibbs","Monster Energy | Joe Gibbs Racing | Toyota","Driver",9,
"Racing",2022,"Panini","Chronicles","Magnitude","Denny Hamlin","FedEx Express | Joe Gibbs Racing | Toyota","Driver",10,
"Racing",2022,"Panini","Chronicles","Magnitude","Richard Petty","STP | Petty Enterprises | Plymouth","Driver",11,
"Racing",2022,"Panini","Chronicles","Magnitude","Aric Almirola","Smithfield Foods | Stewart-Haas Racing | Ford","Driver",12,
"Racing",2022,"Panini","Chronicles","Magnitude","Chase Elliott","NAPA Auto Parts | Hendrick Motorsports | Chevrolet","Driver",13,
"Racing",2022,"Panini","Chronicles","Magnitude","Nick Sanchez","ARCA Menards","Driver",14,
"Racing",2022,"Panini","Chronicles","Magnitude","Tony Stewart","Bass Pro Shops | Stewart-Haas Racing | Chevrolet","Driver",15,
"Racing",2022,"Panini","Chronicles","Magnitude","Joey Logano","Shell-Pennzoil | Team Penske | Ford","Driver",16,
"Racing",2022,"Panini","Chronicles","Magnitude","Stefan Parsons","Sokal Digital | B.J. McLeod Motorsports | Chevrolet","Driver",17,
"Racing",2022,"Panini","Chronicles","Magnitude","Ryan Blaney","Menards | Team Penske | Ford","Driver",18,
"Racing",2022,"Panini","Chronicles","Magnitude","Santino Ferrucci","Toyota Racing | Sam Hunt Racing | Toyota","Driver",19,
"Racing",2022,"Panini","Chronicles","Magnitude","Martin Truex Jr.","Bass Pro Shops | Joe Gibbs Racing | Toyota","Driver",20,
"Racing",2022,"Panini","Chronicles","Magnitude","Jimmie Johnson","Lowe's | Hendrick Motorsports | Chevrolet","Driver",22,
"Racing",2022,"Panini","Chronicles","Magnitude","William Byron","AXALTA | Hendrick Motorsports | Chevrolet","Driver",23,
"Racing",2022,"Panini","Chronicles","Magnitude","Cole Moore","ARCA Menards West Series","Driver",25,
"Racing",2022,"Panini","Chronicles","Magnitude","Ryan Ellis","Four Loko | Alpha Prime Racing | Chevrolet","Driver",26,
"Racing",2022,"Panini","Chronicles","Magnitude","Brad Keselowski","Kohler | RFK Racing | Ford","Driver",27,
"Racing",2022,"Panini","Chronicles","Magnitude","Jeff Gordon","DuPont | Hendrick Motorsports | Chevrolet","Driver",28,
"Racing",2022,"Panini","Chronicles","Magnitude","Tyler Ankrum","Liuna | GMS Racing | Chevrolet","Driver",29,
"Racing",2022,"Panini","Chronicles","Magnitude","Alex Bowman","Ally Financial | Hendrick Motorsports | Chevrolet","Driver",30,
"Racing",2022,"Panini","Chronicles","Magnitude","Hailie Deegan","Monster Energy | DGR-Crosley | Ford","Driver",31,
"Racing",2022,"Panini","Chronicles","Magnitude","Sammy Smith","ARCA Menards East Series","Driver",32,
"Racing",2022,"Panini","Chronicles","Magnitude","Dale Earnhardt Jr","National Guard | Hendrick Motorsports | Chevrolet","Driver",33,
"Racing",2022,"Panini","Chronicles","Magnitude","Austin Dillon","Bass Pro Shops | Richard Childress Racing | Chevrolet","Driver",34,
"Racing",2022,"Panini","Chronicles","Magnitude","Kyle Busch","M&M's | Joe Gibbs Racing | Toyota","Driver",35,
"Racing",2022,"Panini","Chronicles","Magnitude Black","Jade Buford","Big Machine Racing","Driver",1,1
"Racing",2022,"Panini","Chronicles","Magnitude Black","Toni Breidinger","ARCA Menards","Driver",2,1
"Racing",2022,"Panini","Chronicles","Magnitude Black","Daniel Dye","ARCA Menards East Series","Driver",4,1
"Racing",2022,"Panini","Chronicles","Magnitude Black","Corey Heim","JBL | Kyle Busch Motorsports | Toyota","Driver",5,1
"Racing",2022,"Panini","Chronicles","Magnitude Black","Bubba Wallace","McDonald's | 23XI Racing | Toyota","Driver",6,1
"Racing",2022,"Panini","Chronicles","Magnitude Black","Kyle Larson","Hendrickcars.com | Hendrick Motorsports | Chevrolet","Driver",7,1
"Racing",2022,"Panini","Chronicles","Magnitude Black","Brittney Zamora","Rackley Roofing | Toyota","Driver",8,1
"Racing",2022,"Panini","Chronicles","Magnitude Black","Ty Gibbs","Monster Energy | Joe Gibbs Racing | Toyota","Driver",9,1
"Racing",2022,"Panini","Chronicles","Magnitude Black","Denny Hamlin","FedEx Express | Joe Gibbs Racing | Toyota","Driver",10,1
"Racing",2022,"Panini","Chronicles","Magnitude Black","Richard Petty","STP | Petty Enterprises | Plymouth","Driver",11,1
"Racing",2022,"Panini","Chronicles","Magnitude Black","Aric Almirola","Smithfield Foods | Stewart-Haas Racing | Ford","Driver",12,1
"Racing",2022,"Panini","Chronicles","Magnitude Black","Chase Elliott","NAPA Auto Parts | Hendrick Motorsports | Chevrolet","Driver",13,1
"Racing",2022,"Panini","Chronicles","Magnitude Black","Tony Stewart","Bass Pro Shops | Stewart-Haas Racing | Chevrolet","Driver",15,1
"Racing",2022,"Panini","Chronicles","Magnitude Black","Joey Logano","Shell-Pennzoil | Team Penske | Ford","Driver",16,1
"Racing",2022,"Panini","Chronicles","Magnitude Black","Stefan Parsons","Sokal Digital | B.J. McLeod Motorsports | Chevrolet","Driver",17,1
"Racing",2022,"Panini","Chronicles","Magnitude Black","Ryan Blaney","Menards | Team Penske | Ford","Driver",18,1
"Racing",2022,"Panini","Chronicles","Magnitude Black","Santino Ferrucci","Toyota Racing | Sam Hunt Racing | Toyota","Driver",19,1
"Racing",2022,"Panini","Chronicles","Magnitude Black","Matt Mills","J.F. Electric | B.J. McLeod Motorsports | Chevrolet","Driver",21,1
"Racing",2022,"Panini","Chronicles","Magnitude Black","Jimmie Johnson","Lowe's | Hendrick Motorsports | Chevrolet","Driver",22,1
"Racing",2022,"Panini","Chronicles","Magnitude Black","William Byron","AXALTA | Hendrick Motorsports | Chevrolet","Driver",23,1
"Racing",2022,"Panini","Chronicles","Magnitude Black","Cole Moore","ARCA Menards West Series","Driver",25,1
"Racing",2022,"Panini","Chronicles","Magnitude Black","Ryan Ellis","Four Loko | Alpha Prime Racing | Chevrolet","Driver",26,1
"Racing",2022,"Panini","Chronicles","Magnitude Black","Brad Keselowski","Kohler | RFK Racing | Ford","Driver",27,1
"Racing",2022,"Panini","Chronicles","Magnitude Black","Jeff Gordon","DuPont | Hendrick Motorsports | Chevrolet","Driver",28,1
"Racing",2022,"Panini","Chronicles","Magnitude Black","Alex Bowman","Ally Financial | Hendrick Motorsports | Chevrolet","Driver",30,1
"Racing",2022,"Panini","Chronicles","Magnitude Black","Hailie Deegan","Monster Energy | DGR-Crosley | Ford","Driver",31,1
"Racing",2022,"Panini","Chronicles","Magnitude Black","Sammy Smith","ARCA Menards East Series","Driver",32,1
"Racing",2022,"Panini","Chronicles","Magnitude Black","Dale Earnhardt Jr","National Guard | Hendrick Motorsports | Chevrolet","Driver",33,1
"Racing",2022,"Panini","Chronicles","Magnitude Black","Austin Dillon","Bass Pro Shops | Richard Childress Racing | Chevrolet","Driver",34,1
"Racing",2022,"Panini","Chronicles","Magnitude Black","Kyle Busch","M&M's | Joe Gibbs Racing | Toyota","Driver",35,1
"Racing",2022,"Panini","Chronicles","Magnitude Blue","Jade Buford","Big Machine Racing","Driver",1,50
"Racing",2022,"Panini","Chronicles","Magnitude Blue","Toni Breidinger","ARCA Menards","Driver",2,50
"Racing",2022,"Panini","Chronicles","Magnitude Blue","Daniel Dye","ARCA Menards East Series","Driver",4,50
"Racing",2022,"Panini","Chronicles","Magnitude Blue","Corey Heim","JBL | Kyle Busch Motorsports | Toyota","Driver",5,50
"Racing",2022,"Panini","Chronicles","Magnitude Blue","Bubba Wallace","McDonald's | 23XI Racing | Toyota","Driver",6,50
"Racing",2022,"Panini","Chronicles","Magnitude Blue","Kyle Larson","Hendrickcars.com | Hendrick Motorsports | Chevrolet","Driver",7,50
"Racing",2022,"Panini","Chronicles","Magnitude Blue","Brittney Zamora","Rackley Roofing | Toyota","Driver",8,50
"Racing",2022,"Panini","Chronicles","Magnitude Blue","Ty Gibbs","Monster Energy | Joe Gibbs Racing | Toyota","Driver",9,50
"Racing",2022,"Panini","Chronicles","Magnitude Blue","Denny Hamlin","FedEx Express | Joe Gibbs Racing | Toyota","Driver",10,50
"Racing",2022,"Panini","Chronicles","Magnitude Blue","Richard Petty","STP | Petty Enterprises | Plymouth","Driver",11,50
"Racing",2022,"Panini","Chronicles","Magnitude Blue","Aric Almirola","Smithfield Foods | Stewart-Haas Racing | Ford","Driver",12,50
"Racing",2022,"Panini","Chronicles","Magnitude Blue","Chase Elliott","NAPA Auto Parts | Hendrick Motorsports | Chevrolet","Driver",13,50
"Racing",2022,"Panini","Chronicles","Magnitude Blue","Tony Stewart","Bass Pro Shops | Stewart-Haas Racing | Chevrolet","Driver",15,50
"Racing",2022,"Panini","Chronicles","Magnitude Blue","Joey Logano","Shell-Pennzoil | Team Penske | Ford","Driver",16,50
"Racing",2022,"Panini","Chronicles","Magnitude Blue","Stefan Parsons","Sokal Digital | B.J. McLeod Motorsports | Chevrolet","Driver",17,50
"Racing",2022,"Panini","Chronicles","Magnitude Blue","Ryan Blaney","Menards | Team Penske | Ford","Driver",18,50
"Racing",2022,"Panini","Chronicles","Magnitude Blue","Martin Truex Jr.","Bass Pro Shops | Joe Gibbs Racing | Toyota","Driver",20,50
"Racing",2022,"Panini","Chronicles","Magnitude Blue","Matt Mills","J.F. Electric | B.J. McLeod Motorsports | Chevrolet","Driver",21,50
"Racing",2022,"Panini","Chronicles","Magnitude Blue","Jimmie Johnson","Lowe's | Hendrick Motorsports | Chevrolet","Driver",22,50
"Racing",2022,"Panini","Chronicles","Magnitude Blue","William Byron","AXALTA | Hendrick Motorsports | Chevrolet","Driver",23,50
"Racing",2022,"Panini","Chronicles","Magnitude Blue","Kevin Harvick","Subway | Stewart-Haas Racing | Ford","Driver",24,50
"Racing",2022,"Panini","Chronicles","Magnitude Blue","Cole Moore","ARCA Menards West Series","Driver",25,50
"Racing",2022,"Panini","Chronicles","Magnitude Blue","Ryan Ellis","Four Loko | Alpha Prime Racing | Chevrolet","Driver",26,50
"Racing",2022,"Panini","Chronicles","Magnitude Blue","Brad Keselowski","Kohler | RFK Racing | Ford","Driver",27,50
"Racing",2022,"Panini","Chronicles","Magnitude Blue","Jeff Gordon","DuPont | Hendrick Motorsports | Chevrolet","Driver",28,50
"Racing",2022,"Panini","Chronicles","Magnitude Blue","Tyler Ankrum","Liuna | GMS Racing | Chevrolet","Driver",29,50
"Racing",2022,"Panini","Chronicles","Magnitude Blue","Alex Bowman","Ally Financial | Hendrick Motorsports | Chevrolet","Driver",30,50
"Racing",2022,"Panini","Chronicles","Magnitude Blue","Hailie Deegan","Monster Energy | DGR-Crosley | Ford","Driver",31,50
"Racing",2022,"Panini","Chronicles","Magnitude Blue","Sammy Smith","ARCA Menards East Series","Driver",32,50
"Racing",2022,"Panini","Chronicles","Magnitude Blue","Dale Earnhardt Jr","National Guard | Hendrick Motorsports | Chevrolet","Driver",33,50
"Racing",2022,"Panini","Chronicles","Magnitude Blue","Kyle Busch","M&M's | Joe Gibbs Racing | Toyota","Driver",35,50
"Racing",2022,"Panini","Chronicles","Magnitude Gold","Jade Buford","Big Machine Racing","Driver",1,10
"Racing",2022,"Panini","Chronicles","Magnitude Gold","Toni Breidinger","ARCA Menards","Driver",2,10
"Racing",2022,"Panini","Chronicles","Magnitude Gold","Danica Patrick","GoDaddy.com | Premium Motorsports | Chevrolet","Driver",3,10
"Racing",2022,"Panini","Chronicles","Magnitude Gold","Daniel Dye","ARCA Menards East Series","Driver",4,10
"Racing",2022,"Panini","Chronicles","Magnitude Gold","Corey Heim","JBL | Kyle Busch Motorsports | Toyota","Driver",5,10
"Racing",2022,"Panini","Chronicles","Magnitude Gold","Bubba Wallace","McDonald's | 23XI Racing | Toyota","Driver",6,10
"Racing",2022,"Panini","Chronicles","Magnitude Gold","Kyle Larson","Hendrickcars.com | Hendrick Motorsports | Chevrolet","Driver",7,10
"Racing",2022,"Panini","Chronicles","Magnitude Gold","Brittney Zamora","Rackley Roofing | Toyota","Driver",8,10
"Racing",2022,"Panini","Chronicles","Magnitude Gold","Denny Hamlin","FedEx Express | Joe Gibbs Racing | Toyota","Driver",10,10
"Racing",2022,"Panini","Chronicles","Magnitude Gold","Richard Petty","STP | Petty Enterprises | Plymouth","Driver",11,10
"Racing",2022,"Panini","Chronicles","Magnitude Gold","Aric Almirola","Smithfield Foods | Stewart-Haas Racing | Ford","Driver",12,10
"Racing",2022,"Panini","Chronicles","Magnitude Gold","Chase Elliott","NAPA Auto Parts | Hendrick Motorsports | Chevrolet","Driver",13,10
"Racing",2022,"Panini","Chronicles","Magnitude Gold","Nick Sanchez","ARCA Menards","Driver",14,10
"Racing",2022,"Panini","Chronicles","Magnitude Gold","Tony Stewart","Bass Pro Shops | Stewart-Haas Racing | Chevrolet","Driver",15,10
"Racing",2022,"Panini","Chronicles","Magnitude Gold","Joey Logano","Shell-Pennzoil | Team Penske | Ford","Driver",16,10
"Racing",2022,"Panini","Chronicles","Magnitude Gold","Stefan Parsons","Sokal Digital | B.J. McLeod Motorsports | Chevrolet","Driver",17,10
"Racing",2022,"Panini","Chronicles","Magnitude Gold","Ryan Blaney","Menards | Team Penske | Ford","Driver",18,10
"Racing",2022,"Panini","Chronicles","Magnitude Gold","Santino Ferrucci","Toyota Racing | Sam Hunt Racing | Toyota","Driver",19,10
"Racing",2022,"Panini","Chronicles","Magnitude Gold","Martin Truex Jr.","Bass Pro Shops | Joe Gibbs Racing | Toyota","Driver",20,10
"Racing",2022,"Panini","Chronicles","Magnitude Gold","Matt Mills","J.F. Electric | B.J. McLeod Motorsports | Chevrolet","Driver",21,10
"Racing",2022,"Panini","Chronicles","Magnitude Gold","William Byron","AXALTA | Hendrick Motorsports | Chevrolet","Driver",23,10
"Racing",2022,"Panini","Chronicles","Magnitude Gold","Kevin Harvick","Subway | Stewart-Haas Racing | Ford","Driver",24,10
"Racing",2022,"Panini","Chronicles","Magnitude Gold","Cole Moore","ARCA Menards West Series","Driver",25,10
"Racing",2022,"Panini","Chronicles","Magnitude Gold","Ryan Ellis","Four Loko | Alpha Prime Racing | Chevrolet","Driver",26,10
"Racing",2022,"Panini","Chronicles","Magnitude Gold","Brad Keselowski","Kohler | RFK Racing | Ford","Driver",27,10
"Racing",2022,"Panini","Chronicles","Magnitude Gold","Jeff Gordon","DuPont | Hendrick Motorsports | Chevrolet","Driver",28,10
"Racing",2022,"Panini","Chronicles","Magnitude Gold","Tyler Ankrum","Liuna | GMS Racing | Chevrolet","Driver",29,10
"Racing",2022,"Panini","Chronicles","Magnitude Gold","Alex Bowman","Ally Financial | Hendrick Motorsports | Chevrolet","Driver",30,10
"Racing",2022,"Panini","Chronicles","Magnitude Gold","Hailie Deegan","Monster Energy | DGR-Crosley | Ford","Driver",31,10
"Racing",2022,"Panini","Chronicles","Magnitude Gold","Sammy Smith","ARCA Menards East Series","Driver",32,10
"Racing",2022,"Panini","Chronicles","Magnitude Gold","Dale Earnhardt Jr","National Guard | Hendrick Motorsports | Chevrolet","Driver",33,10
"Racing",2022,"Panini","Chronicles","Magnitude Gold","Austin Dillon","Bass Pro Shops | Richard Childress Racing | Chevrolet","Driver",34,10
"Racing",2022,"Panini","Chronicles","Magnitude Gold","Kyle Busch","M&M's | Joe Gibbs Racing | Toyota","Driver",35,10
"Racing",2022,"Panini","Chronicles","Magnitude Green","Jade Buford","Big Machine Racing","Driver",1,5
"Racing",2022,"Panini","Chronicles","Magnitude Green","Toni Breidinger","ARCA Menards","Driver",2,5
"Racing",2022,"Panini","Chronicles","Magnitude Green","Danica Patrick","GoDaddy.com | Premium Motorsports | Chevrolet","Driver",3,5
"Racing",2022,"Panini","Chronicles","Magnitude Green","Daniel Dye","ARCA Menards East Series","Driver",4,5
"Racing",2022,"Panini","Chronicles","Magnitude Green","Corey Heim","JBL | Kyle Busch Motorsports | Toyota","Driver",5,5
"Racing",2022,"Panini","Chronicles","Magnitude Green","Bubba Wallace","McDonald's | 23XI Racing | Toyota","Driver",6,5
"Racing",2022,"Panini","Chronicles","Magnitude Green","Kyle Larson","Hendrickcars.com | Hendrick Motorsports | Chevrolet","Driver",7,5
"Racing",2022,"Panini","Chronicles","Magnitude Green","Brittney Zamora","Rackley Roofing | Toyota","Driver",8,5
"Racing",2022,"Panini","Chronicles","Magnitude Green","Ty Gibbs","Monster Energy | Joe Gibbs Racing | Toyota","Driver",9,5
"Racing",2022,"Panini","Chronicles","Magnitude Green","Denny Hamlin","FedEx Express | Joe Gibbs Racing | Toyota","Driver",10,5
"Racing",2022,"Panini","Chronicles","Magnitude Green","Richard Petty","STP | Petty Enterprises | Plymouth","Driver",11,5
"Racing",2022,"Panini","Chronicles","Magnitude Green","Aric Almirola","Smithfield Foods | Stewart-Haas Racing | Ford","Driver",12,5
"Racing",2022,"Panini","Chronicles","Magnitude Green","Nick Sanchez","ARCA Menards","Driver",14,5
"Racing",2022,"Panini","Chronicles","Magnitude Green","Tony Stewart","Bass Pro Shops | Stewart-Haas Racing | Chevrolet","Driver",15,5
"Racing",2022,"Panini","Chronicles","Magnitude Green","Joey Logano","Shell-Pennzoil | Team Penske | Ford","Driver",16,5
"Racing",2022,"Panini","Chronicles","Magnitude Green","Stefan Parsons","Sokal Digital | B.J. McLeod Motorsports | Chevrolet","Driver",17,5
"Racing",2022,"Panini","Chronicles","Magnitude Green","Ryan Blaney","Menards | Team Penske | Ford","Driver",18,5
"Racing",2022,"Panini","Chronicles","Magnitude Green","Santino Ferrucci","Toyota Racing | Sam Hunt Racing | Toyota","Driver",19,5
"Racing",2022,"Panini","Chronicles","Magnitude Green","Martin Truex Jr.","Bass Pro Shops | Joe Gibbs Racing | Toyota","Driver",20,5
"Racing",2022,"Panini","Chronicles","Magnitude Green","Matt Mills","J.F. Electric | B.J. McLeod Motorsports | Chevrolet","Driver",21,5
"Racing",2022,"Panini","Chronicles","Magnitude Green","Jimmie Johnson","Lowe's | Hendrick Motorsports | Chevrolet","Driver",22,5
"Racing",2022,"Panini","Chronicles","Magnitude Green","William Byron","AXALTA | Hendrick Motorsports | Chevrolet","Driver",23,5
"Racing",2022,"Panini","Chronicles","Magnitude Green","Kevin Harvick","Subway | Stewart-Haas Racing | Ford","Driver",24,5
"Racing",2022,"Panini","Chronicles","Magnitude Green","Brad Keselowski","Kohler | RFK Racing | Ford","Driver",27,5
"Racing",2022,"Panini","Chronicles","Magnitude Green","Jeff Gordon","DuPont | Hendrick Motorsports | Chevrolet","Driver",28,5
"Racing",2022,"Panini","Chronicles","Magnitude Green","Tyler Ankrum","Liuna | GMS Racing | Chevrolet","Driver",29,5
"Racing",2022,"Panini","Chronicles","Magnitude Green","Hailie Deegan","Monster Energy | DGR-Crosley | Ford","Driver",31,5
"Racing",2022,"Panini","Chronicles","Magnitude Green","Sammy Smith","ARCA Menards East Series","Driver",32,5
"Racing",2022,"Panini","Chronicles","Magnitude Green","Dale Earnhardt Jr","National Guard | Hendrick Motorsports | Chevrolet","Driver",33,5
"Racing",2022,"Panini","Chronicles","Magnitude Green","Austin Dillon","Bass Pro Shops | Richard Childress Racing | Chevrolet","Driver",34,5
"Racing",2022,"Panini","Chronicles","Magnitude Green","Kyle Busch","M&M's | Joe Gibbs Racing | Toyota","Driver",35,5
"Racing",2022,"Panini","Chronicles","Magnitude Purple","Jade Buford","Big Machine Racing","Driver",1,25
"Racing",2022,"Panini","Chronicles","Magnitude Purple","Toni Breidinger","ARCA Menards","Driver",2,25
"Racing",2022,"Panini","Chronicles","Magnitude Purple","Danica Patrick","GoDaddy.com | Premium Motorsports | Chevrolet","Driver",3,25
"Racing",2022,"Panini","Chronicles","Magnitude Purple","Daniel Dye","ARCA Menards East Series","Driver",4,25
"Racing",2022,"Panini","Chronicles","Magnitude Purple","Corey Heim","JBL | Kyle Busch Motorsports | Toyota","Driver",5,25
"Racing",2022,"Panini","Chronicles","Magnitude Purple","Bubba Wallace","McDonald's | 23XI Racing | Toyota","Driver",6,25
"Racing",2022,"Panini","Chronicles","Magnitude Purple","Brittney Zamora","Rackley Roofing | Toyota","Driver",8,25
"Racing",2022,"Panini","Chronicles","Magnitude Purple","Ty Gibbs","Monster Energy | Joe Gibbs Racing | Toyota","Driver",9,25
"Racing",2022,"Panini","Chronicles","Magnitude Purple","Denny Hamlin","FedEx Express | Joe Gibbs Racing | Toyota","Driver",10,25
"Racing",2022,"Panini","Chronicles","Magnitude Purple","Richard Petty","STP | Petty Enterprises | Plymouth","Driver",11,25
"Racing",2022,"Panini","Chronicles","Magnitude Purple","Aric Almirola","Smithfield Foods | Stewart-Haas Racing | Ford","Driver",12,25
"Racing",2022,"Panini","Chronicles","Magnitude Purple","Chase Elliott","NAPA Auto Parts | Hendrick Motorsports | Chevrolet","Driver",13,25
"Racing",2022,"Panini","Chronicles","Magnitude Purple","Nick Sanchez","ARCA Menards","Driver",14,25
"Racing",2022,"Panini","Chronicles","Magnitude Purple","Tony Stewart","Bass Pro Shops | Stewart-Haas Racing | Chevrolet","Driver",15,25
"Racing",2022,"Panini","Chronicles","Magnitude Purple","Joey Logano","Shell-Pennzoil | Team Penske | Ford","Driver",16,25
"Racing",2022,"Panini","Chronicles","Magnitude Purple","Stefan Parsons","Sokal Digital | B.J. McLeod Motorsports | Chevrolet","Driver",17,25
"Racing",2022,"Panini","Chronicles","Magnitude Purple","Ryan Blaney","Menards | Team Penske | Ford","Driver",18,25
"Racing",2022,"Panini","Chronicles","Magnitude Purple","Santino Ferrucci","Toyota Racing | Sam Hunt Racing | Toyota","Driver",19,25
"Racing",2022,"Panini","Chronicles","Magnitude Purple","Martin Truex Jr.","Bass Pro Shops | Joe Gibbs Racing | Toyota","Driver",20,25
"Racing",2022,"Panini","Chronicles","Magnitude Purple","Matt Mills","J.F. Electric | B.J. McLeod Motorsports | Chevrolet","Driver",21,25
"Racing",2022,"Panini","Chronicles","Magnitude Purple","Jimmie Johnson","Lowe's | Hendrick Motorsports | Chevrolet","Driver",22,25
"Racing",2022,"Panini","Chronicles","Magnitude Purple","William Byron","AXALTA | Hendrick Motorsports | Chevrolet","Driver",23,25
"Racing",2022,"Panini","Chronicles","Magnitude Purple","Kevin Harvick","Subway | Stewart-Haas Racing | Ford","Driver",24,25
"Racing",2022,"Panini","Chronicles","Magnitude Purple","Cole Moore","ARCA Menards West Series","Driver",25,25
"Racing",2022,"Panini","Chronicles","Magnitude Purple","Ryan Ellis","Four Loko | Alpha Prime Racing | Chevrolet","Driver",26,25
"Racing",2022,"Panini","Chronicles","Magnitude Purple","Brad Keselowski","Kohler | RFK Racing | Ford","Driver",27,25
"Racing",2022,"Panini","Chronicles","Magnitude Purple","Jeff Gordon","DuPont | Hendrick Motorsports | Chevrolet","Driver",28,25
"Racing",2022,"Panini","Chronicles","Magnitude Purple","Tyler Ankrum","Liuna | GMS Racing | Chevrolet","Driver",29,25
"Racing",2022,"Panini","Chronicles","Magnitude Purple","Alex Bowman","Ally Financial | Hendrick Motorsports | Chevrolet","Driver",30,25
"Racing",2022,"Panini","Chronicles","Magnitude Purple","Hailie Deegan","Monster Energy | DGR-Crosley | Ford","Driver",31,25
"Racing",2022,"Panini","Chronicles","Magnitude Purple","Austin Dillon","Bass Pro Shops | Richard Childress Racing | Chevrolet","Driver",34,25
"Racing",2022,"Panini","Chronicles","Magnitude Purple","Kyle Busch","M&M's | Joe Gibbs Racing | Toyota","Driver",35,25
"Racing",2022,"Panini","Chronicles","Magnitude Red","Jade Buford","Big Machine Racing","Driver",1,100
"Racing",2022,"Panini","Chronicles","Magnitude Red","Toni Breidinger","ARCA Menards","Driver",2,100
"Racing",2022,"Panini","Chronicles","Magnitude Red","Danica Patrick","GoDaddy.com | Premium Motorsports | Chevrolet","Driver",3,100
"Racing",2022,"Panini","Chronicles","Magnitude Red","Daniel Dye","ARCA Menards East Series","Driver",4,100
"Racing",2022,"Panini","Chronicles","Magnitude Red","Corey Heim","JBL | Kyle Busch Motorsports | Toyota","Driver",5,100
"Racing",2022,"Panini","Chronicles","Magnitude Red","Bubba Wallace","McDonald's | 23XI Racing | Toyota","Driver",6,100
"Racing",2022,"Panini","Chronicles","Magnitude Red","Kyle Larson","Hendrickcars.com | Hendrick Motorsports | Chevrolet","Driver",7,100
"Racing",2022,"Panini","Chronicles","Magnitude Red","Brittney Zamora","Rackley Roofing | Toyota","Driver",8,100
"Racing",2022,"Panini","Chronicles","Magnitude Red","Ty Gibbs","Monster Energy | Joe Gibbs Racing | Toyota","Driver",9,100
"Racing",2022,"Panini","Chronicles","Magnitude Red","Denny Hamlin","FedEx Express | Joe Gibbs Racing | Toyota","Driver",10,100
"Racing",2022,"Panini","Chronicles","Magnitude Red","Richard Petty","STP | Petty Enterprises | Plymouth","Driver",11,100
"Racing",2022,"Panini","Chronicles","Magnitude Red","Aric Almirola","Smithfield Foods | Stewart-Haas Racing | Ford","Driver",12,100
"Racing",2022,"Panini","Chronicles","Magnitude Red","Chase Elliott","NAPA Auto Parts | Hendrick Motorsports | Chevrolet","Driver",13,100
"Racing",2022,"Panini","Chronicles","Magnitude Red","Nick Sanchez","ARCA Menards","Driver",14,100
"Racing",2022,"Panini","Chronicles","Magnitude Red","Tony Stewart","Bass Pro Shops | Stewart-Haas Racing | Chevrolet","Driver",15,100
"Racing",2022,"Panini","Chronicles","Magnitude Red","Joey Logano","Shell-Pennzoil | Team Penske | Ford","Driver",16,100
"Racing",2022,"Panini","Chronicles","Magnitude Red","Stefan Parsons","Sokal Digital | B.J. McLeod Motorsports | Chevrolet","Driver",17,100
"Racing",2022,"Panini","Chronicles","Magnitude Red","Ryan Blaney","Menards | Team Penske | Ford","Driver",18,100
"Racing",2022,"Panini","Chronicles","Magnitude Red","Santino Ferrucci","Toyota Racing | Sam Hunt Racing | Toyota","Driver",19,100
"Racing",2022,"Panini","Chronicles","Magnitude Red","Martin Truex Jr.","Bass Pro Shops | Joe Gibbs Racing | Toyota","Driver",20,100
"Racing",2022,"Panini","Chronicles","Magnitude Red","Matt Mills","J.F. Electric | B.J. McLeod Motorsports | Chevrolet","Driver",21,100
"Racing",2022,"Panini","Chronicles","Magnitude Red","Jimmie Johnson","Lowe's | Hendrick Motorsports | Chevrolet","Driver",22,100
"Racing",2022,"Panini","Chronicles","Magnitude Red","William Byron","AXALTA | Hendrick Motorsports | Chevrolet","Driver",23,100
"Racing",2022,"Panini","Chronicles","Magnitude Red","Kevin Harvick","Subway | Stewart-Haas Racing | Ford","Driver",24,100
"Racing",2022,"Panini","Chronicles","Magnitude Red","Cole Moore","ARCA Menards West Series","Driver",25,100
"Racing",2022,"Panini","Chronicles","Magnitude Red","Ryan Ellis","Four Loko | Alpha Prime Racing | Chevrolet","Driver",26,100
"Racing",2022,"Panini","Chronicles","Magnitude Red","Brad Keselowski","Kohler | RFK Racing | Ford","Driver",27,100
"Racing",2022,"Panini","Chronicles","Magnitude Red","Jeff Gordon","DuPont | Hendrick Motorsports | Chevrolet","Driver",28,100
"Racing",2022,"Panini","Chronicles","Magnitude Red","Hailie Deegan","Monster Energy | DGR-Crosley | Ford","Driver",31,100
"Racing",2022,"Panini","Chronicles","Magnitude Red","Sammy Smith","ARCA Menards East Series","Driver",32,100
"Racing",2022,"Panini","Chronicles","Magnitude Red","Dale Earnhardt Jr","National Guard | Hendrick Motorsports | Chevrolet","Driver",33,100
"Racing",2022,"Panini","Chronicles","Magnitude Red","Austin Dillon","Bass Pro Shops | Richard Childress Racing | Chevrolet","Driver",34,100
"Racing",2022,"Panini","Chronicles","Magnitude Red","Kyle Busch","M&M's | Joe Gibbs Racing | Toyota","Driver",35,100
"Racing",2022,"Panini","Chronicles","Obsidian","Ernie Irvan","Skittles |  Nelson Bowers | Pontiac","Driver",2,
"Racing",2022,"Panini","Chronicles","Obsidian","Brad Keselowski","Kohler | RFK Racing | Ford","Driver",4,
"Racing",2022,"Panini","Chronicles","Obsidian","Bill Elliott","Coors | Harry Melling | Ford","Driver",5,
"Racing",2022,"Panini","Chronicles","Obsidian","Hailie Deegan","Monster Energy | DGR-Crosley | Ford","Driver",6,
"Racing",2022,"Panini","Chronicles","Obsidian","Ty Gibbs","Monster Energy | Joe Gibbs Racing | Toyota","Driver",7,
"Racing",2022,"Panini","Chronicles","Obsidian","Jimmie Johnson","Lowe's | Hendrick Motorsports | Chevrolet","Driver",8,
"Racing",2022,"Panini","Chronicles","Obsidian","Toni Breidinger","ARCA Menards","Driver",9,
"Racing",2022,"Panini","Chronicles","Obsidian","Jade Buford","Big Machine Racing","Driver",10,
"Racing",2022,"Panini","Chronicles","Obsidian","Kyle Busch","M&M's | Joe Gibbs Racing | Toyota","Driver",11,
"Racing",2022,"Panini","Chronicles","Obsidian","Dale Earnhardt Jr","Mountain Dew | Hendrick Motorsports | Chevrolet","Driver",12,
"Racing",2022,"Panini","Chronicles","Obsidian","Rusty Wallace","Miller Lite | Team Penske | Ford","Driver",14,
"Racing",2022,"Panini","Chronicles","Obsidian","Bubba Wallace","McDonald's | 23XI Racing | Toyota","Driver",15,
"Racing",2022,"Panini","Chronicles","Obsidian","Alex Bowman","Ally Financial | Hendrick Motorsports | Chevrolet","Driver",16,
"Racing",2022,"Panini","Chronicles","Obsidian","Corey Heim","JBL | Kyle Busch Motorsports | Toyota","Driver",17,
"Racing",2022,"Panini","Chronicles","Obsidian","Danica Patrick","GoDaddy.com | Premium Motorsports | Chevrolet","Driver",18,
"Racing",2022,"Panini","Chronicles","Obsidian","Colby Howard","Wing Nutz | JD Motorsports | Chevrolet","Driver",19,
"Racing",2022,"Panini","Chronicles","Obsidian","Richard Petty","STP | Petty Enterprises | Plymouth","Driver",20,
"Racing",2022,"Panini","Chronicles","Obsidian","Joey Logano","Shell-Pennzoil | Team Penske | Ford","Driver",21,
"Racing",2022,"Panini","Chronicles","Obsidian","Mark Martin","Pfizer | Roush Racing | Ford","Driver",22,
"Racing",2022,"Panini","Chronicles","Obsidian","Jeff Gordon","Pepsi | Hendrick Motorsports | Chevrolet","Driver",23,
"Racing",2022,"Panini","Chronicles","Obsidian","Dale Jarrett","UPS | Robert Yates Racing | Ford","Driver",24,
"Racing",2022,"Panini","Chronicles","Obsidian","Jeff Gordon","DuPont | Hendrick Motorsports | Chevrolet","Driver",25,
"Racing",2022,"Panini","Chronicles","Obsidian","Carl Edwards","Scotts | Roush Fenway Racing | Ford","Driver",26,
"Racing",2022,"Panini","Chronicles","Obsidian","Martin Truex Jr.","Bass Pro Shops | Joe Gibbs Racing | Toyota","Driver",27,
"Racing",2022,"Panini","Chronicles","Obsidian","Terry Labonte","Kellogg's Corn Flakes | Hendrick Motorsports | Chevrolet","Driver",28,
"Racing",2022,"Panini","Chronicles","Obsidian","Brittney Zamora","Rackley Roofing | Toyota","Driver",29,
"Racing",2022,"Panini","Chronicles","Obsidian","Chase Elliott","NAPA Auto Parts | Hendrick Motorsports | Chevrolet","Driver",30,
"Racing",2022,"Panini","Chronicles","Obsidian","Nick Sanchez","ARCA Menards","Driver",31,
"Racing",2022,"Panini","Chronicles","Obsidian","Sammy Smith","ARCA Menards East Series","Driver",32,
"Racing",2022,"Panini","Chronicles","Obsidian","Daniel Dye","ARCA Menards East Series","Driver",33,
"Racing",2022,"Panini","Chronicles","Obsidian","Tyler Ankrum","Liuna | GMS Racing | Chevrolet","Driver",34,
"Racing",2022,"Panini","Chronicles","Obsidian","Matt Kenseth","DeWalt | Joe Gibbs Racing | Toyota","Driver",35,
"Racing",2022,"Panini","Chronicles","Obsidian","Denny Hamlin","FedEx Express | Joe Gibbs Racing | Toyota","Driver",36,
"Racing",2022,"Panini","Chronicles","Obsidian","Kevin Harvick","Mobil 1 | Stewart-Haas Racing | Ford","Driver",37,
"Racing",2022,"Panini","Chronicles","Obsidian","Cole Moore","ARCA Menards West Series","Driver",38,
"Racing",2022,"Panini","Chronicles","Obsidian","Matt Mills","J.F. Electric | B.J. McLeod Motorsports | Chevrolet","Driver",39,
"Racing",2022,"Panini","Chronicles","Obsidian","Dale Earnhardt Jr","National Guard | Hendrick Motorsports | Chevrolet","Driver",40,
"Racing",2022,"Panini","Chronicles","Obsidian","Austin Dillon","Bass Pro Shops | Richard Childress Racing | Chevrolet","Driver",41,
"Racing",2022,"Panini","Chronicles","Obsidian","B.J. McLeod","Batteries Plus Bulbs | B.J. McLeod Motorsports | Ford","Driver",42,
"Racing",2022,"Panini","Chronicles","Obsidian","Stefan Parsons","Sokal Digital | B.J. McLeod Motorsports | Chevrolet","Driver",43,
"Racing",2022,"Panini","Chronicles","Obsidian","Aric Almirola","Smithfield Foods | Stewart-Haas Racing | Ford","Driver",44,
"Racing",2022,"Panini","Chronicles","Obsidian","William Byron","AXALTA | Hendrick Motorsports | Chevrolet","Driver",45,
"Racing",2022,"Panini","Chronicles","Obsidian","Zachary Tinkle","ARCA Menards","Driver",46,
"Racing",2022,"Panini","Chronicles","Obsidian","Santino Ferrucci","Toyota Racing | Sam Hunt Racing | Toyota","Driver",47,
"Racing",2022,"Panini","Chronicles","Obsidian","Natalie Decker","NERD Focus | Our Motorsports | Chevrolet","Driver",48,
"Racing",2022,"Panini","Chronicles","Obsidian","Ryan Ellis","Rich Mar Florist | B.J. McLeod Motorsports | Chevrolet","Driver",49,
"Racing",2022,"Panini","Chronicles","Obsidian","Tony Stewart","Bass Pro Shops | Stewart-Haas Racing | Chevrolet","Driver",50,
"Racing",2022,"Panini","Chronicles","Obsidian Cars","Kyle Larson","Hendrickcars.com | Hendrick Motorsports | Chevrolet","Driver",51,
"Racing",2022,"Panini","Chronicles","Obsidian Cars","William Byron","AXALTA | Hendrick Motorsports | Chevrolet","Driver",52,
"Racing",2022,"Panini","Chronicles","Obsidian Cars","Hailie Deegan","Monster Energy | DGR-Crosley | Ford","Driver",53,
"Racing",2022,"Panini","Chronicles","Obsidian Cars","Ty Gibbs","Interstate Batteries | Joe Gibbs Racing | Toyota","Driver",54,
"Racing",2022,"Panini","Chronicles","Obsidian Cars","Toni Breidinger","ARCA Menards","Driver",55,
"Racing",2022,"Panini","Chronicles","Obsidian Cars","Jade Buford","Big Machine Racing","Driver",56,
"Racing",2022,"Panini","Chronicles","Obsidian Cars","Kyle Busch","M&M's | Joe Gibbs Racing | Toyota","Driver",57,
"Racing",2022,"Panini","Chronicles","Obsidian Cars","Bubba Wallace","McDonald's | 23XI Racing | Toyota","Driver",58,
"Racing",2022,"Panini","Chronicles","Obsidian Cars","Alex Bowman","Ally Financial | Hendrick Motorsports | Chevrolet","Driver",59,
"Racing",2022,"Panini","Chronicles","Obsidian Cars","Joey Logano","Shell-Pennzoil | Team Penske | Ford","Driver",60,
"Racing",2022,"Panini","Chronicles","Obsidian Cars","Jeff Gordon","Pepsi | Hendrick Motorsports | Chevrolet","Driver",61,
"Racing",2022,"Panini","Chronicles","Obsidian Cars","Martin Truex Jr.","Bass Pro Shops | Joe Gibbs Racing | Toyota","Driver",62,
"Racing",2022,"Panini","Chronicles","Obsidian Cars","Chase Elliott","NAPA Auto Parts | Hendrick Motorsports | Chevrolet","Driver",63,
"Racing",2022,"Panini","Chronicles","Obsidian Cars","Denny Hamlin","FedEx Express | Joe Gibbs Racing | Toyota","Driver",64,
"Racing",2022,"Panini","Chronicles","Obsidian Cars","Kevin Harvick","Mobil 1 | Stewart-Haas Racing | Ford","Driver",65,
"Racing",2022,"Panini","Chronicles","Obsidian Cars Electric Etch Pink","Kyle Larson","Hendrickcars.com | Hendrick Motorsports | Chevrolet","Driver",51,25
"Racing",2022,"Panini","Chronicles","Obsidian Cars Electric Etch Pink","William Byron","AXALTA | Hendrick Motorsports | Chevrolet","Driver",52,25
"Racing",2022,"Panini","Chronicles","Obsidian Cars Electric Etch Pink","Hailie Deegan","Monster Energy | DGR-Crosley | Ford","Driver",53,25
"Racing",2022,"Panini","Chronicles","Obsidian Cars Electric Etch Pink","Toni Breidinger","ARCA Menards","Driver",55,25
"Racing",2022,"Panini","Chronicles","Obsidian Cars Electric Etch Pink","Jade Buford","Big Machine Racing","Driver",56,25
"Racing",2022,"Panini","Chronicles","Obsidian Cars Electric Etch Pink","Kyle Busch","M&M's | Joe Gibbs Racing | Toyota","Driver",57,25
"Racing",2022,"Panini","Chronicles","Obsidian Cars Electric Etch Pink","Bubba Wallace","McDonald's | 23XI Racing | Toyota","Driver",58,25
"Racing",2022,"Panini","Chronicles","Obsidian Cars Electric Etch Pink","Alex Bowman","Ally Financial | Hendrick Motorsports | Chevrolet","Driver",59,25
"Racing",2022,"Panini","Chronicles","Obsidian Cars Electric Etch Pink","Joey Logano","Shell-Pennzoil | Team Penske | Ford","Driver",60,25
"Racing",2022,"Panini","Chronicles","Obsidian Cars Electric Etch Pink","Jeff Gordon","Pepsi | Hendrick Motorsports | Chevrolet","Driver",61,25
"Racing",2022,"Panini","Chronicles","Obsidian Cars Electric Etch Pink","Martin Truex Jr.","Bass Pro Shops | Joe Gibbs Racing | Toyota","Driver",62,25
"Racing",2022,"Panini","Chronicles","Obsidian Cars Electric Etch Pink","Chase Elliott","NAPA Auto Parts | Hendrick Motorsports | Chevrolet","Driver",63,25
"Racing",2022,"Panini","Chronicles","Obsidian Cars Electric Etch Pink","Denny Hamlin","FedEx Express | Joe Gibbs Racing | Toyota","Driver",64,25
"Racing",2022,"Panini","Chronicles","Obsidian Cars Electric Etch Pink","Kevin Harvick","Mobil 1 | Stewart-Haas Racing | Ford","Driver",65,25
"Racing",2022,"Panini","Chronicles","Obsidian Cars Electric Etch White Mojo","Kyle Larson","Hendrickcars.com | Hendrick Motorsports | Chevrolet","Driver",51,1
"Racing",2022,"Panini","Chronicles","Obsidian Cars Electric Etch White Mojo","William Byron","AXALTA | Hendrick Motorsports | Chevrolet","Driver",52,1
"Racing",2022,"Panini","Chronicles","Obsidian Cars Electric Etch White Mojo","Hailie Deegan","Monster Energy | DGR-Crosley | Ford","Driver",53,1
"Racing",2022,"Panini","Chronicles","Obsidian Cars Electric Etch White Mojo","Ty Gibbs","Interstate Batteries | Joe Gibbs Racing | Toyota","Driver",54,1
"Racing",2022,"Panini","Chronicles","Obsidian Cars Electric Etch White Mojo","Toni Breidinger","ARCA Menards","Driver",55,1
"Racing",2022,"Panini","Chronicles","Obsidian Cars Electric Etch White Mojo","Jade Buford","Big Machine Racing","Driver",56,1
"Racing",2022,"Panini","Chronicles","Obsidian Cars Electric Etch White Mojo","Kyle Busch","M&M's | Joe Gibbs Racing | Toyota","Driver",57,1
"Racing",2022,"Panini","Chronicles","Obsidian Cars Electric Etch White Mojo","Bubba Wallace","McDonald's | 23XI Racing | Toyota","Driver",58,1
"Racing",2022,"Panini","Chronicles","Obsidian Cars Electric Etch White Mojo","Alex Bowman","Ally Financial | Hendrick Motorsports | Chevrolet","Driver",59,1
"Racing",2022,"Panini","Chronicles","Obsidian Cars Electric Etch White Mojo","Joey Logano","Shell-Pennzoil | Team Penske | Ford","Driver",60,1
"Racing",2022,"Panini","Chronicles","Obsidian Cars Electric Etch White Mojo","Jeff Gordon","Pepsi | Hendrick Motorsports | Chevrolet","Driver",61,1
"Racing",2022,"Panini","Chronicles","Obsidian Cars Electric Etch White Mojo","Martin Truex Jr.","Bass Pro Shops | Joe Gibbs Racing | Toyota","Driver",62,1
"Racing",2022,"Panini","Chronicles","Obsidian Cars Electric Etch White Mojo","Chase Elliott","NAPA Auto Parts | Hendrick Motorsports | Chevrolet","Driver",63,1
"Racing",2022,"Panini","Chronicles","Obsidian Cars Electric Etch White Mojo","Denny Hamlin","FedEx Express | Joe Gibbs Racing | Toyota","Driver",64,1
"Racing",2022,"Panini","Chronicles","Obsidian Cars Electric Etch White Mojo","Kevin Harvick","Mobil 1 | Stewart-Haas Racing | Ford","Driver",65,1
"Racing",2022,"Panini","Chronicles","Obsidian Cars Electric Etch Yellow","Kyle Larson","Hendrickcars.com | Hendrick Motorsports | Chevrolet","Driver",51,10
"Racing",2022,"Panini","Chronicles","Obsidian Cars Electric Etch Yellow","William Byron","AXALTA | Hendrick Motorsports | Chevrolet","Driver",52,10
"Racing",2022,"Panini","Chronicles","Obsidian Cars Electric Etch Yellow","Hailie Deegan","Monster Energy | DGR-Crosley | Ford","Driver",53,10
"Racing",2022,"Panini","Chronicles","Obsidian Cars Electric Etch Yellow","Ty Gibbs","Interstate Batteries | Joe Gibbs Racing | Toyota","Driver",54,10
"Racing",2022,"Panini","Chronicles","Obsidian Cars Electric Etch Yellow","Toni Breidinger","ARCA Menards","Driver",55,10
"Racing",2022,"Panini","Chronicles","Obsidian Cars Electric Etch Yellow","Jade Buford","Big Machine Racing","Driver",56,10
"Racing",2022,"Panini","Chronicles","Obsidian Cars Electric Etch Yellow","Kyle Busch","M&M's | Joe Gibbs Racing | Toyota","Driver",57,10
"Racing",2022,"Panini","Chronicles","Obsidian Cars Electric Etch Yellow","Bubba Wallace","McDonald's | 23XI Racing | Toyota","Driver",58,10
"Racing",2022,"Panini","Chronicles","Obsidian Cars Electric Etch Yellow","Joey Logano","Shell-Pennzoil | Team Penske | Ford","Driver",60,10
"Racing",2022,"Panini","Chronicles","Obsidian Cars Electric Etch Yellow","Jeff Gordon","Pepsi | Hendrick Motorsports | Chevrolet","Driver",61,10
"Racing",2022,"Panini","Chronicles","Obsidian Cars Electric Etch Yellow","Martin Truex Jr.","Bass Pro Shops | Joe Gibbs Racing | Toyota","Driver",62,10
"Racing",2022,"Panini","Chronicles","Obsidian Cars Electric Etch Yellow","Chase Elliott","NAPA Auto Parts | Hendrick Motorsports | Chevrolet","Driver",63,10
"Racing",2022,"Panini","Chronicles","Obsidian Cars Electric Etch Yellow","Denny Hamlin","FedEx Express | Joe Gibbs Racing | Toyota","Driver",64,10
"Racing",2022,"Panini","Chronicles","Obsidian Electric Etch Pink","Kyle Larson","Hendrickcars.com | Hendrick Motorsports | Chevrolet","Driver",1,25
"Racing",2022,"Panini","Chronicles","Obsidian Electric Etch Pink","Ernie Irvan","Skittles |  Nelson Bowers | Pontiac","Driver",2,25
"Racing",2022,"Panini","Chronicles","Obsidian Electric Etch Pink","Ryan Blaney","Menards | Team Penske | Ford","Driver",3,25
"Racing",2022,"Panini","Chronicles","Obsidian Electric Etch Pink","Bill Elliott","Coors | Harry Melling | Ford","Driver",5,25
"Racing",2022,"Panini","Chronicles","Obsidian Electric Etch Pink","Hailie Deegan","Monster Energy | DGR-Crosley | Ford","Driver",6,25
"Racing",2022,"Panini","Chronicles","Obsidian Electric Etch Pink","Ty Gibbs","Monster Energy | Joe Gibbs Racing | Toyota","Driver",7,25
"Racing",2022,"Panini","Chronicles","Obsidian Electric Etch Pink","Jimmie Johnson","Lowe's | Hendrick Motorsports | Chevrolet","Driver",8,25
"Racing",2022,"Panini","Chronicles","Obsidian Electric Etch Pink","Toni Breidinger","ARCA Menards","Driver",9,25
"Racing",2022,"Panini","Chronicles","Obsidian Electric Etch Pink","Jade Buford","Big Machine Racing","Driver",10,25
"Racing",2022,"Panini","Chronicles","Obsidian Electric Etch Pink","Kyle Busch","M&M's | Joe Gibbs Racing | Toyota","Driver",11,25
"Racing",2022,"Panini","Chronicles","Obsidian Electric Etch Pink","Dale Earnhardt Jr","Mountain Dew | Hendrick Motorsports | Chevrolet","Driver",12,25
"Racing",2022,"Panini","Chronicles","Obsidian Electric Etch Pink","Kasey Kahne","Dodge Dealers | Evernham Motorsports | Dodge","Driver",13,25
"Racing",2022,"Panini","Chronicles","Obsidian Electric Etch Pink","Rusty Wallace","Miller Lite | Team Penske | Ford","Driver",14,25
"Racing",2022,"Panini","Chronicles","Obsidian Electric Etch Pink","Bubba Wallace","McDonald's | 23XI Racing | Toyota","Driver",15,25
"Racing",2022,"Panini","Chronicles","Obsidian Electric Etch Pink","Alex Bowman","Ally Financial | Hendrick Motorsports | Chevrolet","Driver",16,25
"Racing",2022,"Panini","Chronicles","Obsidian Electric Etch Pink","Corey Heim","JBL | Kyle Busch Motorsports | Toyota","Driver",17,25
"Racing",2022,"Panini","Chronicles","Obsidian Electric Etch Pink","Danica Patrick","GoDaddy.com | Premium Motorsports | Chevrolet","Driver",18,25
"Racing",2022,"Panini","Chronicles","Obsidian Electric Etch Pink","Colby Howard","Wing Nutz | JD Motorsports | Chevrolet","Driver",19,25
"Racing",2022,"Panini","Chronicles","Obsidian Electric Etch Pink","Richard Petty","STP | Petty Enterprises | Plymouth","Driver",20,25
"Racing",2022,"Panini","Chronicles","Obsidian Electric Etch Pink","Joey Logano","Shell-Pennzoil | Team Penske | Ford","Driver",21,25
"Racing",2022,"Panini","Chronicles","Obsidian Electric Etch Pink","Jeff Gordon","Pepsi | Hendrick Motorsports | Chevrolet","Driver",23,25
"Racing",2022,"Panini","Chronicles","Obsidian Electric Etch Pink","Jeff Gordon","DuPont | Hendrick Motorsports | Chevrolet","Driver",25,25
"Racing",2022,"Panini","Chronicles","Obsidian Electric Etch Pink","Carl Edwards","Scotts | Roush Fenway Racing | Ford","Driver",26,25
"Racing",2022,"Panini","Chronicles","Obsidian Electric Etch Pink","Brittney Zamora","Rackley Roofing | Toyota","Driver",29,25
"Racing",2022,"Panini","Chronicles","Obsidian Electric Etch Pink","Chase Elliott","NAPA Auto Parts | Hendrick Motorsports | Chevrolet","Driver",30,25
"Racing",2022,"Panini","Chronicles","Obsidian Electric Etch Pink","Nick Sanchez","ARCA Menards","Driver",31,25
"Racing",2022,"Panini","Chronicles","Obsidian Electric Etch Pink","Sammy Smith","ARCA Menards East Series","Driver",32,25
"Racing",2022,"Panini","Chronicles","Obsidian Electric Etch Pink","Daniel Dye","ARCA Menards East Series","Driver",33,25
"Racing",2022,"Panini","Chronicles","Obsidian Electric Etch Pink","Tyler Ankrum","Liuna | GMS Racing | Chevrolet","Driver",34,25
"Racing",2022,"Panini","Chronicles","Obsidian Electric Etch Pink","Matt Kenseth","DeWalt | Joe Gibbs Racing | Toyota","Driver",35,25
"Racing",2022,"Panini","Chronicles","Obsidian Electric Etch Pink","Denny Hamlin","FedEx Express | Joe Gibbs Racing | Toyota","Driver",36,25
"Racing",2022,"Panini","Chronicles","Obsidian Electric Etch Pink","Kevin Harvick","Mobil 1 | Stewart-Haas Racing | Ford","Driver",37,25
"Racing",2022,"Panini","Chronicles","Obsidian Electric Etch Pink","Matt Mills","J.F. Electric | B.J. McLeod Motorsports | Chevrolet","Driver",39,25
"Racing",2022,"Panini","Chronicles","Obsidian Electric Etch Pink","Dale Earnhardt Jr","National Guard | Hendrick Motorsports | Chevrolet","Driver",40,25
"Racing",2022,"Panini","Chronicles","Obsidian Electric Etch Pink","Austin Dillon","Bass Pro Shops | Richard Childress Racing | Chevrolet","Driver",41,25
"Racing",2022,"Panini","Chronicles","Obsidian Electric Etch Pink","B.J. McLeod","Batteries Plus Bulbs | B.J. McLeod Motorsports | Ford","Driver",42,25
"Racing",2022,"Panini","Chronicles","Obsidian Electric Etch Pink","Stefan Parsons","Sokal Digital | B.J. McLeod Motorsports | Chevrolet","Driver",43,25
"Racing",2022,"Panini","Chronicles","Obsidian Electric Etch Pink","Aric Almirola","Smithfield Foods | Stewart-Haas Racing | Ford","Driver",44,25
"Racing",2022,"Panini","Chronicles","Obsidian Electric Etch Pink","William Byron","AXALTA | Hendrick Motorsports | Chevrolet","Driver",45,25
"Racing",2022,"Panini","Chronicles","Obsidian Electric Etch Pink","Zachary Tinkle","ARCA Menards","Driver",46,25
"Racing",2022,"Panini","Chronicles","Obsidian Electric Etch Pink","Santino Ferrucci","Toyota Racing | Sam Hunt Racing | Toyota","Driver",47,25
"Racing",2022,"Panini","Chronicles","Obsidian Electric Etch Pink","Ryan Ellis","Rich Mar Florist | B.J. McLeod Motorsports | Chevrolet","Driver",49,25
"Racing",2022,"Panini","Chronicles","Obsidian Electric Etch Pink","Tony Stewart","Bass Pro Shops | Stewart-Haas Racing | Chevrolet","Driver",50,25
"Racing",2022,"Panini","Chronicles","Obsidian Electric Etch White Mojo","Kyle Larson","Hendrickcars.com | Hendrick Motorsports | Chevrolet","Driver",1,1
"Racing",2022,"Panini","Chronicles","Obsidian Electric Etch White Mojo","Ernie Irvan","Skittles |  Nelson Bowers | Pontiac","Driver",2,1
"Racing",2022,"Panini","Chronicles","Obsidian Electric Etch White Mojo","Ryan Blaney","Menards | Team Penske | Ford","Driver",3,1
"Racing",2022,"Panini","Chronicles","Obsidian Electric Etch White Mojo","Brad Keselowski","Kohler | RFK Racing | Ford","Driver",4,1
"Racing",2022,"Panini","Chronicles","Obsidian Electric Etch White Mojo","Bill Elliott","Coors | Harry Melling | Ford","Driver",5,1
"Racing",2022,"Panini","Chronicles","Obsidian Electric Etch White Mojo","Hailie Deegan","Monster Energy | DGR-Crosley | Ford","Driver",6,1
"Racing",2022,"Panini","Chronicles","Obsidian Electric Etch White Mojo","Ty Gibbs","Monster Energy | Joe Gibbs Racing | Toyota","Driver",7,1
"Racing",2022,"Panini","Chronicles","Obsidian Electric Etch White Mojo","Jimmie Johnson","Lowe's | Hendrick Motorsports | Chevrolet","Driver",8,1
"Racing",2022,"Panini","Chronicles","Obsidian Electric Etch White Mojo","Toni Breidinger","ARCA Menards","Driver",9,1
"Racing",2022,"Panini","Chronicles","Obsidian Electric Etch White Mojo","Jade Buford","Big Machine Racing","Driver",10,1
"Racing",2022,"Panini","Chronicles","Obsidian Electric Etch White Mojo","Kyle Busch","M&M's | Joe Gibbs Racing | Toyota","Driver",11,1
"Racing",2022,"Panini","Chronicles","Obsidian Electric Etch White Mojo","Dale Earnhardt Jr","Mountain Dew | Hendrick Motorsports | Chevrolet","Driver",12,1
"Racing",2022,"Panini","Chronicles","Obsidian Electric Etch White Mojo","Kasey Kahne","Dodge Dealers | Evernham Motorsports | Dodge","Driver",13,1
"Racing",2022,"Panini","Chronicles","Obsidian Electric Etch White Mojo","Rusty Wallace","Miller Lite | Team Penske | Ford","Driver",14,1
"Racing",2022,"Panini","Chronicles","Obsidian Electric Etch White Mojo","Bubba Wallace","McDonald's | 23XI Racing | Toyota","Driver",15,1
"Racing",2022,"Panini","Chronicles","Obsidian Electric Etch White Mojo","Corey Heim","JBL | Kyle Busch Motorsports | Toyota","Driver",17,1
"Racing",2022,"Panini","Chronicles","Obsidian Electric Etch White Mojo","Danica Patrick","GoDaddy.com | Premium Motorsports | Chevrolet","Driver",18,1
"Racing",2022,"Panini","Chronicles","Obsidian Electric Etch White Mojo","Richard Petty","STP | Petty Enterprises | Plymouth","Driver",20,1
"Racing",2022,"Panini","Chronicles","Obsidian Electric Etch White Mojo","Joey Logano","Shell-Pennzoil | Team Penske | Ford","Driver",21,1
"Racing",2022,"Panini","Chronicles","Obsidian Electric Etch White Mojo","Mark Martin","Pfizer | Roush Racing | Ford","Driver",22,1
"Racing",2022,"Panini","Chronicles","Obsidian Electric Etch White Mojo","Jeff Gordon","Pepsi | Hendrick Motorsports | Chevrolet","Driver",23,1
"Racing",2022,"Panini","Chronicles","Obsidian Electric Etch White Mojo","Dale Jarrett","UPS | Robert Yates Racing | Ford","Driver",24,1
"Racing",2022,"Panini","Chronicles","Obsidian Electric Etch White Mojo","Jeff Gordon","DuPont | Hendrick Motorsports | Chevrolet","Driver",25,1
"Racing",2022,"Panini","Chronicles","Obsidian Electric Etch White Mojo","Carl Edwards","Scotts | Roush Fenway Racing | Ford","Driver",26,1
"Racing",2022,"Panini","Chronicles","Obsidian Electric Etch White Mojo","Martin Truex Jr.","Bass Pro Shops | Joe Gibbs Racing | Toyota","Driver",27,1
"Racing",2022,"Panini","Chronicles","Obsidian Electric Etch White Mojo","Terry Labonte","Kellogg's Corn Flakes | Hendrick Motorsports | Chevrolet","Driver",28,1
"Racing",2022,"Panini","Chronicles","Obsidian Electric Etch White Mojo","Brittney Zamora","Rackley Roofing | Toyota","Driver",29,1
"Racing",2022,"Panini","Chronicles","Obsidian Electric Etch White Mojo","Nick Sanchez","ARCA Menards","Driver",31,1
"Racing",2022,"Panini","Chronicles","Obsidian Electric Etch White Mojo","Sammy Smith","ARCA Menards East Series","Driver",32,1
"Racing",2022,"Panini","Chronicles","Obsidian Electric Etch White Mojo","Daniel Dye","ARCA Menards East Series","Driver",33,1
"Racing",2022,"Panini","Chronicles","Obsidian Electric Etch White Mojo","Tyler Ankrum","Liuna | GMS Racing | Chevrolet","Driver",34,1
"Racing",2022,"Panini","Chronicles","Obsidian Electric Etch White Mojo","Matt Kenseth","DeWalt | Joe Gibbs Racing | Toyota","Driver",35,1
"Racing",2022,"Panini","Chronicles","Obsidian Electric Etch White Mojo","Denny Hamlin","FedEx Express | Joe Gibbs Racing | Toyota","Driver",36,1
"Racing",2022,"Panini","Chronicles","Obsidian Electric Etch White Mojo","Kevin Harvick","Mobil 1 | Stewart-Haas Racing | Ford","Driver",37,1
"Racing",2022,"Panini","Chronicles","Obsidian Electric Etch White Mojo","Cole Moore","ARCA Menards West Series","Driver",38,1
"Racing",2022,"Panini","Chronicles","Obsidian Electric Etch White Mojo","Matt Mills","J.F. Electric | B.J. McLeod Motorsports | Chevrolet","Driver",39,1
"Racing",2022,"Panini","Chronicles","Obsidian Electric Etch White Mojo","Dale Earnhardt Jr","National Guard | Hendrick Motorsports | Chevrolet","Driver",40,1
"Racing",2022,"Panini","Chronicles","Obsidian Electric Etch White Mojo","Austin Dillon","Bass Pro Shops | Richard Childress Racing | Chevrolet","Driver",41,1
"Racing",2022,"Panini","Chronicles","Obsidian Electric Etch White Mojo","B.J. McLeod","Batteries Plus Bulbs | B.J. McLeod Motorsports | Ford","Driver",42,1
"Racing",2022,"Panini","Chronicles","Obsidian Electric Etch White Mojo","Stefan Parsons","Sokal Digital | B.J. McLeod Motorsports | Chevrolet","Driver",43,1
"Racing",2022,"Panini","Chronicles","Obsidian Electric Etch White Mojo","Aric Almirola","Smithfield Foods | Stewart-Haas Racing | Ford","Driver",44,1
"Racing",2022,"Panini","Chronicles","Obsidian Electric Etch White Mojo","William Byron","AXALTA | Hendrick Motorsports | Chevrolet","Driver",45,1
"Racing",2022,"Panini","Chronicles","Obsidian Electric Etch White Mojo","Zachary Tinkle","ARCA Menards","Driver",46,1
"Racing",2022,"Panini","Chronicles","Obsidian Electric Etch White Mojo","Santino Ferrucci","Toyota Racing | Sam Hunt Racing | Toyota","Driver",47,1
"Racing",2022,"Panini","Chronicles","Obsidian Electric Etch White Mojo","Natalie Decker","NERD Focus | Our Motorsports | Chevrolet","Driver",48,1
"Racing",2022,"Panini","Chronicles","Obsidian Electric Etch White Mojo","Ryan Ellis","Rich Mar Florist | B.J. McLeod Motorsports | Chevrolet","Driver",49,1
"Racing",2022,"Panini","Chronicles","Obsidian Electric Etch Yellow","Kyle Larson","Hendrickcars.com | Hendrick Motorsports | Chevrolet","Driver",1,10
"Racing",2022,"Panini","Chronicles","Obsidian Electric Etch Yellow","Ernie Irvan","Skittles |  Nelson Bowers | Pontiac","Driver",2,10
"Racing",2022,"Panini","Chronicles","Obsidian Electric Etch Yellow","Ryan Blaney","Menards | Team Penske | Ford","Driver",3,10
"Racing",2022,"Panini","Chronicles","Obsidian Electric Etch Yellow","Brad Keselowski","Kohler | RFK Racing | Ford","Driver",4,10
"Racing",2022,"Panini","Chronicles","Obsidian Electric Etch Yellow","Hailie Deegan","Monster Energy | DGR-Crosley | Ford","Driver",6,10
"Racing",2022,"Panini","Chronicles","Obsidian Electric Etch Yellow","Ty Gibbs","Monster Energy | Joe Gibbs Racing | Toyota","Driver",7,10
"Racing",2022,"Panini","Chronicles","Obsidian Electric Etch Yellow","Jimmie Johnson","Lowe's | Hendrick Motorsports | Chevrolet","Driver",8,10
"Racing",2022,"Panini","Chronicles","Obsidian Electric Etch Yellow","Toni Breidinger","ARCA Menards","Driver",9,10
"Racing",2022,"Panini","Chronicles","Obsidian Electric Etch Yellow","Jade Buford","Big Machine Racing","Driver",10,10
"Racing",2022,"Panini","Chronicles","Obsidian Electric Etch Yellow","Dale Earnhardt Jr","Mountain Dew | Hendrick Motorsports | Chevrolet","Driver",12,10
"Racing",2022,"Panini","Chronicles","Obsidian Electric Etch Yellow","Kasey Kahne","Dodge Dealers | Evernham Motorsports | Dodge","Driver",13,10
"Racing",2022,"Panini","Chronicles","Obsidian Electric Etch Yellow","Rusty Wallace","Miller Lite | Team Penske | Ford","Driver",14,10
"Racing",2022,"Panini","Chronicles","Obsidian Electric Etch Yellow","Bubba Wallace","McDonald's | 23XI Racing | Toyota","Driver",15,10
"Racing",2022,"Panini","Chronicles","Obsidian Electric Etch Yellow","Alex Bowman","Ally Financial | Hendrick Motorsports | Chevrolet","Driver",16,10
"Racing",2022,"Panini","Chronicles","Obsidian Electric Etch Yellow","Corey Heim","JBL | Kyle Busch Motorsports | Toyota","Driver",17,10
"Racing",2022,"Panini","Chronicles","Obsidian Electric Etch Yellow","Danica Patrick","GoDaddy.com | Premium Motorsports | Chevrolet","Driver",18,10
"Racing",2022,"Panini","Chronicles","Obsidian Electric Etch Yellow","Colby Howard","Wing Nutz | JD Motorsports | Chevrolet","Driver",19,10
"Racing",2022,"Panini","Chronicles","Obsidian Electric Etch Yellow","Joey Logano","Shell-Pennzoil | Team Penske | Ford","Driver",21,10
"Racing",2022,"Panini","Chronicles","Obsidian Electric Etch Yellow","Mark Martin","Pfizer | Roush Racing | Ford","Driver",22,10
"Racing",2022,"Panini","Chronicles","Obsidian Electric Etch Yellow","Jeff Gordon","Pepsi | Hendrick Motorsports | Chevrolet","Driver",23,10
"Racing",2022,"Panini","Chronicles","Obsidian Electric Etch Yellow","Dale Jarrett","UPS | Robert Yates Racing | Ford","Driver",24,10
"Racing",2022,"Panini","Chronicles","Obsidian Electric Etch Yellow","Jeff Gordon","DuPont | Hendrick Motorsports | Chevrolet","Driver",25,10
"Racing",2022,"Panini","Chronicles","Obsidian Electric Etch Yellow","Carl Edwards","Scotts | Roush Fenway Racing | Ford","Driver",26,10
"Racing",2022,"Panini","Chronicles","Obsidian Electric Etch Yellow","Martin Truex Jr.","Bass Pro Shops | Joe Gibbs Racing | Toyota","Driver",27,10
"Racing",2022,"Panini","Chronicles","Obsidian Electric Etch Yellow","Terry Labonte","Kellogg's Corn Flakes | Hendrick Motorsports | Chevrolet","Driver",28,10
"Racing",2022,"Panini","Chronicles","Obsidian Electric Etch Yellow","Brittney Zamora","Rackley Roofing | Toyota","Driver",29,10
"Racing",2022,"Panini","Chronicles","Obsidian Electric Etch Yellow","Chase Elliott","NAPA Auto Parts | Hendrick Motorsports | Chevrolet","Driver",30,10
"Racing",2022,"Panini","Chronicles","Obsidian Electric Etch Yellow","Nick Sanchez","ARCA Menards","Driver",31,10
"Racing",2022,"Panini","Chronicles","Obsidian Electric Etch Yellow","Sammy Smith","ARCA Menards East Series","Driver",32,10
"Racing",2022,"Panini","Chronicles","Obsidian Electric Etch Yellow","Daniel Dye","ARCA Menards East Series","Driver",33,10
"Racing",2022,"Panini","Chronicles","Obsidian Electric Etch Yellow","Tyler Ankrum","Liuna | GMS Racing | Chevrolet","Driver",34,10
"Racing",2022,"Panini","Chronicles","Obsidian Electric Etch Yellow","Matt Kenseth","DeWalt | Joe Gibbs Racing | Toyota","Driver",35,10
"Racing",2022,"Panini","Chronicles","Obsidian Electric Etch Yellow","Denny Hamlin","FedEx Express | Joe Gibbs Racing | Toyota","Driver",36,10
"Racing",2022,"Panini","Chronicles","Obsidian Electric Etch Yellow","Kevin Harvick","Mobil 1 | Stewart-Haas Racing | Ford","Driver",37,10
"Racing",2022,"Panini","Chronicles","Obsidian Electric Etch Yellow","Cole Moore","ARCA Menards West Series","Driver",38,10
"Racing",2022,"Panini","Chronicles","Obsidian Electric Etch Yellow","Matt Mills","J.F. Electric | B.J. McLeod Motorsports | Chevrolet","Driver",39,10
"Racing",2022,"Panini","Chronicles","Obsidian Electric Etch Yellow","Dale Earnhardt Jr","National Guard | Hendrick Motorsports | Chevrolet","Driver",40,10
"Racing",2022,"Panini","Chronicles","Obsidian Electric Etch Yellow","Austin Dillon","Bass Pro Shops | Richard Childress Racing | Chevrolet","Driver",41,10
"Racing",2022,"Panini","Chronicles","Obsidian Electric Etch Yellow","B.J. McLeod","Batteries Plus Bulbs | B.J. McLeod Motorsports | Ford","Driver",42,10
"Racing",2022,"Panini","Chronicles","Obsidian Electric Etch Yellow","Stefan Parsons","Sokal Digital | B.J. McLeod Motorsports | Chevrolet","Driver",43,10
"Racing",2022,"Panini","Chronicles","Obsidian Electric Etch Yellow","Aric Almirola","Smithfield Foods | Stewart-Haas Racing | Ford","Driver",44,10
"Racing",2022,"Panini","Chronicles","Obsidian Electric Etch Yellow","William Byron","AXALTA | Hendrick Motorsports | Chevrolet","Driver",45,10
"Racing",2022,"Panini","Chronicles","Obsidian Electric Etch Yellow","Zachary Tinkle","ARCA Menards","Driver",46,10
"Racing",2022,"Panini","Chronicles","Obsidian Electric Etch Yellow","Santino Ferrucci","Toyota Racing | Sam Hunt Racing | Toyota","Driver",47,10
"Racing",2022,"Panini","Chronicles","Obsidian Electric Etch Yellow","Natalie Decker","NERD Focus | Our Motorsports | Chevrolet","Driver",48,10
"Racing",2022,"Panini","Chronicles","Obsidian Electric Etch Yellow","Ryan Ellis","Rich Mar Florist | B.J. McLeod Motorsports | Chevrolet","Driver",49,10
"Racing",2022,"Panini","Chronicles","Obsidian Electric Etch Yellow","Tony Stewart","Bass Pro Shops | Stewart-Haas Racing | Chevrolet","Driver",50,10
"Racing",2022,"Panini","Chronicles","Obsidian Signatures","Kyle Larson","Hendrickcars.com | Hendrick Motorsports | Chevrolet","Driver",1,
"Racing",2022,"Panini","Chronicles","Obsidian Signatures","Brad Keselowski","Violet Defense | RFK Racing | Ford","Driver",3,
"Racing",2022,"Panini","Chronicles","Obsidian Signatures","Hailie Deegan","Monster Energy | DGR-Crosley | Ford","Driver",4,
"Racing",2022,"Panini","Chronicles","Obsidian Signatures","Ty Gibbs","Monster Energy | Joe Gibbs Racing | Toyota","Driver",5,
"Racing",2022,"Panini","Chronicles","Obsidian Signatures","Toni Breidinger","ARCA Menards","Driver",6,
"Racing",2022,"Panini","Chronicles","Obsidian Signatures","Jade Buford","Big Machine Racing","Driver",7,
"Racing",2022,"Panini","Chronicles","Obsidian Signatures","Kyle Busch","M&M's | Joe Gibbs Racing | Toyota","Driver",8,
"Racing",2022,"Panini","Chronicles","Obsidian Signatures","Bubba Wallace","McDonald's | 23XI Racing | Toyota","Driver",9,
"Racing",2022,"Panini","Chronicles","Obsidian Signatures","Alex Bowman","Ally Financial | Hendrick Motorsports | Chevrolet","Driver",10,
"Racing",2022,"Panini","Chronicles","Obsidian Signatures","Corey Heim","JBL | Kyle Busch Motorsports | Toyota","Driver",11,
"Racing",2022,"Panini","Chronicles","Obsidian Signatures","Danica Patrick","GoDaddy.com | Premium Motorsports | Chevrolet","Driver",12,
"Racing",2022,"Panini","Chronicles","Obsidian Signatures","Colby Howard","Gates Hydrolauics | McAnally-Hilgemann Racing | Chevrolet","Driver",13,
"Racing",2022,"Panini","Chronicles","Obsidian Signatures","Joey Logano","Shell-Pennzoil | Team Penske | Ford","Driver",14,
"Racing",2022,"Panini","Chronicles","Obsidian Signatures","Brittney Zamora","Rackley Roofing | Toyota","Driver",18,
"Racing",2022,"Panini","Chronicles","Obsidian Signatures","Chase Elliott","NAPA Auto Parts | Hendrick Motorsports | Chevrolet","Driver",19,
"Racing",2022,"Panini","Chronicles","Obsidian Signatures","Nick Sanchez","ARCA Menards","Driver",20,
"Racing",2022,"Panini","Chronicles","Obsidian Signatures","Daniel Dye","ARCA Menards East Series","Driver",22,
"Racing",2022,"Panini","Chronicles","Obsidian Signatures","Tyler Ankrum","Liuna | GMS Racing | Chevrolet","Driver",23,
"Racing",2022,"Panini","Chronicles","Obsidian Signatures","Kevin Harvick","Mobil 1 | Stewart-Haas Racing | Ford","Driver",25,
"Racing",2022,"Panini","Chronicles","Obsidian Signatures","Cole Moore","ARCA Menards West Series","Driver",26,
"Racing",2022,"Panini","Chronicles","Obsidian Signatures","Matt Mills","J.F. Electric | B.J. McLeod Motorsports | Chevrolet","Driver",27,
"Racing",2022,"Panini","Chronicles","Obsidian Signatures","Austin Dillon","Bass Pro Shops | Richard Childress Racing | Chevrolet","Driver",28,
"Racing",2022,"Panini","Chronicles","Obsidian Signatures","B.J. McLeod","Batteries Plus Bulbs | B.J. McLeod Motorsports | Ford","Driver",29,
"Racing",2022,"Panini","Chronicles","Obsidian Signatures","Stefan Parsons","Sokal Digital | B.J. McLeod Motorsports | Chevrolet","Driver",30,
"Racing",2022,"Panini","Chronicles","Obsidian Signatures","Aric Almirola","Smithfield Foods | Stewart-Haas Racing | Ford","Driver",31,
"Racing",2022,"Panini","Chronicles","Obsidian Signatures","Zachary Tinkle","ARCA Menards","Driver",33,
"Racing",2022,"Panini","Chronicles","Obsidian Signatures","Santino Ferrucci","Toyota Racing | Sam Hunt Racing | Toyota","Driver",34,
"Racing",2022,"Panini","Chronicles","Obsidian Signatures","Ryan Ellis","Rich Mar Florist | B.J. McLeod Motorsports | Chevrolet","Driver",35,
"Racing",2022,"Panini","Chronicles","Obsidian Signatures Electric Etch Pink","Kyle Larson","Hendrickcars.com | Hendrick Motorsports | Chevrolet","Driver",1,10
"Racing",2022,"Panini","Chronicles","Obsidian Signatures Electric Etch Pink","Ryan Blaney","Menards | Team Penske | Ford","Driver",2,10
"Racing",2022,"Panini","Chronicles","Obsidian Signatures Electric Etch Pink","Brad Keselowski","Violet Defense | RFK Racing | Ford","Driver",3,25
"Racing",2022,"Panini","Chronicles","Obsidian Signatures Electric Etch Pink","Hailie Deegan","Monster Energy | DGR-Crosley | Ford","Driver",4,10
"Racing",2022,"Panini","Chronicles","Obsidian Signatures Electric Etch Pink","Ty Gibbs","Monster Energy | Joe Gibbs Racing | Toyota","Driver",5,25
"Racing",2022,"Panini","Chronicles","Obsidian Signatures Electric Etch Pink","Toni Breidinger","ARCA Menards","Driver",6,25
"Racing",2022,"Panini","Chronicles","Obsidian Signatures Electric Etch Pink","Jade Buford","Big Machine Racing","Driver",7,25
"Racing",2022,"Panini","Chronicles","Obsidian Signatures Electric Etch Pink","Kyle Busch","M&M's | Joe Gibbs Racing | Toyota","Driver",8,10
"Racing",2022,"Panini","Chronicles","Obsidian Signatures Electric Etch Pink","Bubba Wallace","McDonald's | 23XI Racing | Toyota","Driver",9,25
"Racing",2022,"Panini","Chronicles","Obsidian Signatures Electric Etch Pink","Corey Heim","JBL | Kyle Busch Motorsports | Toyota","Driver",11,25
"Racing",2022,"Panini","Chronicles","Obsidian Signatures Electric Etch Pink","Danica Patrick","GoDaddy.com | Premium Motorsports | Chevrolet","Driver",12,25
"Racing",2022,"Panini","Chronicles","Obsidian Signatures Electric Etch Pink","Joey Logano","Shell-Pennzoil | Team Penske | Ford","Driver",14,10
"Racing",2022,"Panini","Chronicles","Obsidian Signatures Electric Etch Pink","Martin Truex Jr.","Bass Pro Shops | Joe Gibbs Racing | Toyota","Driver",17,10
"Racing",2022,"Panini","Chronicles","Obsidian Signatures Electric Etch Pink","Brittney Zamora","Rackley Roofing | Toyota","Driver",18,25
"Racing",2022,"Panini","Chronicles","Obsidian Signatures Electric Etch Pink","Chase Elliott","NAPA Auto Parts | Hendrick Motorsports | Chevrolet","Driver",19,8
"Racing",2022,"Panini","Chronicles","Obsidian Signatures Electric Etch Pink","Nick Sanchez","ARCA Menards","Driver",20,25
"Racing",2022,"Panini","Chronicles","Obsidian Signatures Electric Etch Pink","Sammy Smith","ARCA Menards East Series","Driver",21,25
"Racing",2022,"Panini","Chronicles","Obsidian Signatures Electric Etch Pink","Daniel Dye","ARCA Menards East Series","Driver",22,25
"Racing",2022,"Panini","Chronicles","Obsidian Signatures Electric Etch Pink","Tyler Ankrum","Liuna | GMS Racing | Chevrolet","Driver",23,25
"Racing",2022,"Panini","Chronicles","Obsidian Signatures Electric Etch Pink","Kevin Harvick","Mobil 1 | Stewart-Haas Racing | Ford","Driver",25,5
"Racing",2022,"Panini","Chronicles","Obsidian Signatures Electric Etch Pink","Cole Moore","ARCA Menards West Series","Driver",26,25
"Racing",2022,"Panini","Chronicles","Obsidian Signatures Electric Etch Pink","Matt Mills","J.F. Electric | B.J. McLeod Motorsports | Chevrolet","Driver",27,25
"Racing",2022,"Panini","Chronicles","Obsidian Signatures Electric Etch Pink","Austin Dillon","Bass Pro Shops | Richard Childress Racing | Chevrolet","Driver",28,10
"Racing",2022,"Panini","Chronicles","Obsidian Signatures Electric Etch Pink","B.J. McLeod","Batteries Plus Bulbs | B.J. McLeod Motorsports | Ford","Driver",29,25
"Racing",2022,"Panini","Chronicles","Obsidian Signatures Electric Etch Pink","Stefan Parsons","Sokal Digital | B.J. McLeod Motorsports | Chevrolet","Driver",30,25
"Racing",2022,"Panini","Chronicles","Obsidian Signatures Electric Etch Pink","Aric Almirola","Smithfield Foods | Stewart-Haas Racing | Ford","Driver",31,25
"Racing",2022,"Panini","Chronicles","Obsidian Signatures Electric Etch Pink","William Byron","AXALTA | Hendrick Motorsports | Chevrolet","Driver",32,10
"Racing",2022,"Panini","Chronicles","Obsidian Signatures Electric Etch Pink","Zachary Tinkle","ARCA Menards","Driver",33,25
"Racing",2022,"Panini","Chronicles","Obsidian Signatures Electric Etch Pink","Santino Ferrucci","Toyota Racing | Sam Hunt Racing | Toyota","Driver",34,25
"Racing",2022,"Panini","Chronicles","Obsidian Signatures Electric Etch Pink","Ryan Ellis","Rich Mar Florist | B.J. McLeod Motorsports | Chevrolet","Driver",35,25
"Racing",2022,"Panini","Chronicles","Obsidian Signatures Electric Etch White Mojo","Kyle Larson","Hendrickcars.com | Hendrick Motorsports | Chevrolet","Driver",1,1
"Racing",2022,"Panini","Chronicles","Obsidian Signatures Electric Etch White Mojo","Ryan Blaney","Menards | Team Penske | Ford","Driver",2,1
"Racing",2022,"Panini","Chronicles","Obsidian Signatures Electric Etch White Mojo","Brad Keselowski","Violet Defense | RFK Racing | Ford","Driver",3,1
"Racing",2022,"Panini","Chronicles","Obsidian Signatures Electric Etch White Mojo","Hailie Deegan","Monster Energy | DGR-Crosley | Ford","Driver",4,1
"Racing",2022,"Panini","Chronicles","Obsidian Signatures Electric Etch White Mojo","Ty Gibbs","Monster Energy | Joe Gibbs Racing | Toyota","Driver",5,1
"Racing",2022,"Panini","Chronicles","Obsidian Signatures Electric Etch White Mojo","Toni Breidinger","ARCA Menards","Driver",6,1
"Racing",2022,"Panini","Chronicles","Obsidian Signatures Electric Etch White Mojo","Jade Buford","Big Machine Racing","Driver",7,1
"Racing",2022,"Panini","Chronicles","Obsidian Signatures Electric Etch White Mojo","Kyle Busch","M&M's | Joe Gibbs Racing | Toyota","Driver",8,1
"Racing",2022,"Panini","Chronicles","Obsidian Signatures Electric Etch White Mojo","Alex Bowman","Ally Financial | Hendrick Motorsports | Chevrolet","Driver",10,1
"Racing",2022,"Panini","Chronicles","Obsidian Signatures Electric Etch White Mojo","Corey Heim","JBL | Kyle Busch Motorsports | Toyota","Driver",11,1
"Racing",2022,"Panini","Chronicles","Obsidian Signatures Electric Etch White Mojo","Danica Patrick","GoDaddy.com | Premium Motorsports | Chevrolet","Driver",12,1
"Racing",2022,"Panini","Chronicles","Obsidian Signatures Electric Etch White Mojo","Colby Howard","Gates Hydrolauics | McAnally-Hilgemann Racing | Chevrolet","Driver",13,1
"Racing",2022,"Panini","Chronicles","Obsidian Signatures Electric Etch White Mojo","Joey Logano","Shell-Pennzoil | Team Penske | Ford","Driver",14,1
"Racing",2022,"Panini","Chronicles","Obsidian Signatures Electric Etch White Mojo","Jeff Gordon","DuPont | Hendrick Motorsports | Chevrolet","Driver",15,1
"Racing",2022,"Panini","Chronicles","Obsidian Signatures Electric Etch White Mojo","Carl Edwards","Scotts | Roush Fenway Racing | Ford","Driver",16,1
"Racing",2022,"Panini","Chronicles","Obsidian Signatures Electric Etch White Mojo","Martin Truex Jr.","Bass Pro Shops | Joe Gibbs Racing | Toyota","Driver",17,1
"Racing",2022,"Panini","Chronicles","Obsidian Signatures Electric Etch White Mojo","Brittney Zamora","Rackley Roofing | Toyota","Driver",18,1
"Racing",2022,"Panini","Chronicles","Obsidian Signatures Electric Etch White Mojo","Chase Elliott","NAPA Auto Parts | Hendrick Motorsports | Chevrolet","Driver",19,1
"Racing",2022,"Panini","Chronicles","Obsidian Signatures Electric Etch White Mojo","Nick Sanchez","ARCA Menards","Driver",20,1
"Racing",2022,"Panini","Chronicles","Obsidian Signatures Electric Etch White Mojo","Sammy Smith","ARCA Menards East Series","Driver",21,1
"Racing",2022,"Panini","Chronicles","Obsidian Signatures Electric Etch White Mojo","Daniel Dye","ARCA Menards East Series","Driver",22,1
"Racing",2022,"Panini","Chronicles","Obsidian Signatures Electric Etch White Mojo","Tyler Ankrum","Liuna | GMS Racing | Chevrolet","Driver",23,1
"Racing",2022,"Panini","Chronicles","Obsidian Signatures Electric Etch White Mojo","Kevin Harvick","Mobil 1 | Stewart-Haas Racing | Ford","Driver",25,1
"Racing",2022,"Panini","Chronicles","Obsidian Signatures Electric Etch White Mojo","Cole Moore","ARCA Menards West Series","Driver",26,1
"Racing",2022,"Panini","Chronicles","Obsidian Signatures Electric Etch White Mojo","Matt Mills","J.F. Electric | B.J. McLeod Motorsports | Chevrolet","Driver",27,1
"Racing",2022,"Panini","Chronicles","Obsidian Signatures Electric Etch White Mojo","Austin Dillon","Bass Pro Shops | Richard Childress Racing | Chevrolet","Driver",28,1
"Racing",2022,"Panini","Chronicles","Obsidian Signatures Electric Etch White Mojo","B.J. McLeod","Batteries Plus Bulbs | B.J. McLeod Motorsports | Ford","Driver",29,1
"Racing",2022,"Panini","Chronicles","Obsidian Signatures Electric Etch White Mojo","Stefan Parsons","Sokal Digital | B.J. McLeod Motorsports | Chevrolet","Driver",30,1
"Racing",2022,"Panini","Chronicles","Obsidian Signatures Electric Etch White Mojo","Aric Almirola","Smithfield Foods | Stewart-Haas Racing | Ford","Driver",31,1
"Racing",2022,"Panini","Chronicles","Obsidian Signatures Electric Etch White Mojo","William Byron","AXALTA | Hendrick Motorsports | Chevrolet","Driver",32,1
"Racing",2022,"Panini","Chronicles","Obsidian Signatures Electric Etch White Mojo","Zachary Tinkle","ARCA Menards","Driver",33,1
"Racing",2022,"Panini","Chronicles","Obsidian Signatures Electric Etch White Mojo","Santino Ferrucci","Toyota Racing | Sam Hunt Racing | Toyota","Driver",34,1
"Racing",2022,"Panini","Chronicles","Obsidian Signatures Electric Etch White Mojo","Ryan Ellis","Rich Mar Florist | B.J. McLeod Motorsports | Chevrolet","Driver",35,1
"Racing",2022,"Panini","Chronicles","Obsidian Signatures Electric Etch Yellow","Kyle Larson","Hendrickcars.com | Hendrick Motorsports | Chevrolet","Driver",1,5
"Racing",2022,"Panini","Chronicles","Obsidian Signatures Electric Etch Yellow","Ryan Blaney","Menards | Team Penske | Ford","Driver",2,5
"Racing",2022,"Panini","Chronicles","Obsidian Signatures Electric Etch Yellow","Brad Keselowski","Violet Defense | RFK Racing | Ford","Driver",3,10
"Racing",2022,"Panini","Chronicles","Obsidian Signatures Electric Etch Yellow","Hailie Deegan","Monster Energy | DGR-Crosley | Ford","Driver",4,5
"Racing",2022,"Panini","Chronicles","Obsidian Signatures Electric Etch Yellow","Ty Gibbs","Monster Energy | Joe Gibbs Racing | Toyota","Driver",5,10
"Racing",2022,"Panini","Chronicles","Obsidian Signatures Electric Etch Yellow","Toni Breidinger","ARCA Menards","Driver",6,10
"Racing",2022,"Panini","Chronicles","Obsidian Signatures Electric Etch Yellow","Jade Buford","Big Machine Racing","Driver",7,10
"Racing",2022,"Panini","Chronicles","Obsidian Signatures Electric Etch Yellow","Kyle Busch","M&M's | Joe Gibbs Racing | Toyota","Driver",8,5
"Racing",2022,"Panini","Chronicles","Obsidian Signatures Electric Etch Yellow","Bubba Wallace","McDonald's | 23XI Racing | Toyota","Driver",9,10
"Racing",2022,"Panini","Chronicles","Obsidian Signatures Electric Etch Yellow","Alex Bowman","Ally Financial | Hendrick Motorsports | Chevrolet","Driver",10,5
"Racing",2022,"Panini","Chronicles","Obsidian Signatures Electric Etch Yellow","Corey Heim","JBL | Kyle Busch Motorsports | Toyota","Driver",11,10
"Racing",2022,"Panini","Chronicles","Obsidian Signatures Electric Etch Yellow","Colby Howard","Gates Hydrolauics | McAnally-Hilgemann Racing | Chevrolet","Driver",13,10
"Racing",2022,"Panini","Chronicles","Obsidian Signatures Electric Etch Yellow","Joey Logano","Shell-Pennzoil | Team Penske | Ford","Driver",14,5
"Racing",2022,"Panini","Chronicles","Obsidian Signatures Electric Etch Yellow","Jeff Gordon","DuPont | Hendrick Motorsports | Chevrolet","Driver",15,2
"Racing",2022,"Panini","Chronicles","Obsidian Signatures Electric Etch Yellow","Martin Truex Jr.","Bass Pro Shops | Joe Gibbs Racing | Toyota","Driver",17,5
"Racing",2022,"Panini","Chronicles","Obsidian Signatures Electric Etch Yellow","Brittney Zamora","Rackley Roofing | Toyota","Driver",18,10
"Racing",2022,"Panini","Chronicles","Obsidian Signatures Electric Etch Yellow","Chase Elliott","NAPA Auto Parts | Hendrick Motorsports | Chevrolet","Driver",19,5
"Racing",2022,"Panini","Chronicles","Obsidian Signatures Electric Etch Yellow","Nick Sanchez","ARCA Menards","Driver",20,10
"Racing",2022,"Panini","Chronicles","Obsidian Signatures Electric Etch Yellow","Sammy Smith","ARCA Menards East Series","Driver",21,10
"Racing",2022,"Panini","Chronicles","Obsidian Signatures Electric Etch Yellow","Daniel Dye","ARCA Menards East Series","Driver",22,10
"Racing",2022,"Panini","Chronicles","Obsidian Signatures Electric Etch Yellow","Tyler Ankrum","Liuna | GMS Racing | Chevrolet","Driver",23,10
"Racing",2022,"Panini","Chronicles","Obsidian Signatures Electric Etch Yellow","Kevin Harvick","Mobil 1 | Stewart-Haas Racing | Ford","Driver",25,4
"Racing",2022,"Panini","Chronicles","Obsidian Signatures Electric Etch Yellow","Cole Moore","ARCA Menards West Series","Driver",26,10
"Racing",2022,"Panini","Chronicles","Obsidian Signatures Electric Etch Yellow","Matt Mills","J.F. Electric | B.J. McLeod Motorsports | Chevrolet","Driver",27,10
"Racing",2022,"Panini","Chronicles","Obsidian Signatures Electric Etch Yellow","Austin Dillon","Bass Pro Shops | Richard Childress Racing | Chevrolet","Driver",28,5
"Racing",2022,"Panini","Chronicles","Obsidian Signatures Electric Etch Yellow","Stefan Parsons","Sokal Digital | B.J. McLeod Motorsports | Chevrolet","Driver",30,10
"Racing",2022,"Panini","Chronicles","Obsidian Signatures Electric Etch Yellow","Aric Almirola","Smithfield Foods | Stewart-Haas Racing | Ford","Driver",31,10
"Racing",2022,"Panini","Chronicles","Obsidian Signatures Electric Etch Yellow","William Byron","AXALTA | Hendrick Motorsports | Chevrolet","Driver",32,5
"Racing",2022,"Panini","Chronicles","Obsidian Signatures Electric Etch Yellow","Zachary Tinkle","ARCA Menards","Driver",33,10
"Racing",2022,"Panini","Chronicles","Obsidian Signatures Electric Etch Yellow","Santino Ferrucci","Toyota Racing | Sam Hunt Racing | Toyota","Driver",34,10
"Racing",2022,"Panini","Chronicles","Obsidian Signatures Electric Etch Yellow","Ryan Ellis","Rich Mar Florist | B.J. McLeod Motorsports | Chevrolet","Driver",35,10
"Racing",2022,"Panini","Chronicles","Overdrive","Jimmie Johnson","Ally Financial | Hendrick Motorsports | Chevrolet","Driver",1,
"Racing",2022,"Panini","Chronicles","Overdrive","Joey Logano","Shell-Pennzoil | Team Penske | Ford","Driver",2,
"Racing",2022,"Panini","Chronicles","Overdrive","Danica Patrick","GoDaddy.com | Premium Motorsports | Chevrolet","Driver",3,
"Racing",2022,"Panini","Chronicles","Overdrive","Ty Gibbs","Monster Energy | Joe Gibbs Racing | Toyota","Driver",4,
"Racing",2022,"Panini","Chronicles","Overdrive","Jeffrey Earnhardt","ForeverLawn | JD Motorsports | Chevrolet","Driver",5,
"Racing",2022,"Panini","Chronicles","Overdrive","Bubba Wallace","McDonald's | 23XI Racing | Toyota","Driver",6,
"Racing",2022,"Panini","Chronicles","Overdrive","Tyler Reddick","Cheddar's | Richard Childress Racing | Chevrolet","Driver",7,
"Racing",2022,"Panini","Chronicles","Overdrive","Ricky Stenhouse Jr","Kroger | JTG Daugherty Racing | Chevrolet","Driver",8,
"Racing",2022,"Panini","Chronicles","Overdrive","Stefan Parsons","Sokal Digital | B.J. McLeod Motorsports | Chevrolet","Driver",9,
"Racing",2022,"Panini","Chronicles","Overdrive","Brandon Brown","TradetheChain | Brandonbilt Motorsports | Chevrolet","Driver",10,
"Racing",2022,"Panini","Chronicles","Overdrive","Matt Mills","J.F. Electric | B.J. McLeod Motorsports | Chevrolet","Driver",11,
"Racing",2022,"Panini","Chronicles","Overdrive","Jeff Gordon","Pepsi | Hendrick Motorsports | Chevrolet","Driver",12,
"Racing",2022,"Panini","Chronicles","Overdrive","Thad Moffitt","Empire Racing Group","Driver",13,
"Racing",2022,"Panini","Chronicles","Overdrive","Chase Elliott","NAPA Auto Parts | Hendrick Motorsports | Chevrolet","Driver",14,
"Racing",2022,"Panini","Chronicles","Overdrive","Tommy Joe Martins","Alpha Prime Racing | Chevrolet","Driver",15,
"Racing",2022,"Panini","Chronicles","Overdrive","Kyle Busch","M&M's | Joe Gibbs Racing | Toyota","Driver",16,
"Racing",2022,"Panini","Chronicles","Overdrive","Hailie Deegan","Monster Energy | DGR-Crosley | Ford","Driver",17,
"Racing",2022,"Panini","Chronicles","Overdrive","Richard Petty","STP | Petty Enterprises | Plymouth","Driver",18,
"Racing",2022,"Panini","Chronicles","Overdrive","Michael Self","ARCA Menards","Driver",19,
"Racing",2022,"Panini","Chronicles","Overdrive","Kyle Larson","Hendrickcars.com | Hendrick Motorsports | Chevrolet","Driver",20,
"Racing",2022,"Panini","Chronicles","Overdrive Autographs","Jimmie Johnson","Ally Financial | Hendrick Motorsports | Chevrolet","Driver",1,
"Racing",2022,"Panini","Chronicles","Overdrive Autographs","Joey Logano","Shell-Pennzoil | Team Penske | Ford","Driver",2,
"Racing",2022,"Panini","Chronicles","Overdrive Autographs","Danica Patrick","GoDaddy.com | Premium Motorsports | Chevrolet","Driver",3,
"Racing",2022,"Panini","Chronicles","Overdrive Autographs","Ty Gibbs","Monster Energy | Joe Gibbs Racing | Toyota","Driver",4,
"Racing",2022,"Panini","Chronicles","Overdrive Autographs","Jeffrey Earnhardt","ForeverLawn | JD Motorsports | Chevrolet","Driver",5,
"Racing",2022,"Panini","Chronicles","Overdrive Autographs","Bubba Wallace","McDonald's | 23XI Racing | Toyota","Driver",6,
"Racing",2022,"Panini","Chronicles","Overdrive Autographs","Tyler Reddick","Cheddar's | Richard Childress Racing | Chevrolet","Driver",7,
"Racing",2022,"Panini","Chronicles","Overdrive Autographs","Ricky Stenhouse Jr","Kroger | JTG Daugherty Racing | Chevrolet","Driver",8,
"Racing",2022,"Panini","Chronicles","Overdrive Autographs","Stefan Parsons","Sokal Digital | B.J. McLeod Motorsports | Chevrolet","Driver",9,
"Racing",2022,"Panini","Chronicles","Overdrive Autographs","Brandon Brown","TradetheChain | Brandonbilt Motorsports | Chevrolet","Driver",10,
"Racing",2022,"Panini","Chronicles","Overdrive Autographs","Matt Mills","J.F. Electric | B.J. McLeod Motorsports | Chevrolet","Driver",11,
"Racing",2022,"Panini","Chronicles","Overdrive Autographs","Thad Moffitt","Empire Racing Group","Driver",13,
"Racing",2022,"Panini","Chronicles","Overdrive Autographs","Chase Elliott","NAPA Auto Parts | Hendrick Motorsports | Chevrolet","Driver",14,
"Racing",2022,"Panini","Chronicles","Overdrive Autographs","Tommy Joe Martins","Alpha Prime Racing | Chevrolet","Driver",15,
"Racing",2022,"Panini","Chronicles","Overdrive Autographs","Kyle Busch","M&M's | Joe Gibbs Racing | Toyota","Driver",16,
"Racing",2022,"Panini","Chronicles","Overdrive Autographs","Hailie Deegan","Monster Energy | DGR-Crosley | Ford","Driver",17,
"Racing",2022,"Panini","Chronicles","Overdrive Autographs","Richard Petty","STP | Petty Enterprises | Plymouth","Driver",18,
"Racing",2022,"Panini","Chronicles","Overdrive Autographs","Kyle Larson","Hendrickcars.com | Hendrick Motorsports | Chevrolet","Driver",20,
"Racing",2022,"Panini","Chronicles","Overdrive Autographs Gold","Jimmie Johnson","Ally Financial | Hendrick Motorsports | Chevrolet","Driver",1,7
"Racing",2022,"Panini","Chronicles","Overdrive Autographs Gold","Joey Logano","Shell-Pennzoil | Team Penske | Ford","Driver",2,10
"Racing",2022,"Panini","Chronicles","Overdrive Autographs Gold","Danica Patrick","GoDaddy.com | Premium Motorsports | Chevrolet","Driver",3,10
"Racing",2022,"Panini","Chronicles","Overdrive Autographs Gold","Ty Gibbs","Monster Energy | Joe Gibbs Racing | Toyota","Driver",4,10
"Racing",2022,"Panini","Chronicles","Overdrive Autographs Gold","Jeffrey Earnhardt","ForeverLawn | JD Motorsports | Chevrolet","Driver",5,10
"Racing",2022,"Panini","Chronicles","Overdrive Autographs Gold","Bubba Wallace","McDonald's | 23XI Racing | Toyota","Driver",6,10
"Racing",2022,"Panini","Chronicles","Overdrive Autographs Gold","Tyler Reddick","Cheddar's | Richard Childress Racing | Chevrolet","Driver",7,10
"Racing",2022,"Panini","Chronicles","Overdrive Autographs Gold","Ricky Stenhouse Jr","Kroger | JTG Daugherty Racing | Chevrolet","Driver",8,10
"Racing",2022,"Panini","Chronicles","Overdrive Autographs Gold","Stefan Parsons","Sokal Digital | B.J. McLeod Motorsports | Chevrolet","Driver",9,10
"Racing",2022,"Panini","Chronicles","Overdrive Autographs Gold","Brandon Brown","TradetheChain | Brandonbilt Motorsports | Chevrolet","Driver",10,10
"Racing",2022,"Panini","Chronicles","Overdrive Autographs Gold","Matt Mills","J.F. Electric | B.J. McLeod Motorsports | Chevrolet","Driver",11,10
"Racing",2022,"Panini","Chronicles","Overdrive Autographs Gold","Thad Moffitt","Empire Racing Group","Driver",13,10
"Racing",2022,"Panini","Chronicles","Overdrive Autographs Gold","Chase Elliott","NAPA Auto Parts | Hendrick Motorsports | Chevrolet","Driver",14,10
"Racing",2022,"Panini","Chronicles","Overdrive Autographs Gold","Tommy Joe Martins","Alpha Prime Racing | Chevrolet","Driver",15,10
"Racing",2022,"Panini","Chronicles","Overdrive Autographs Gold","Kyle Busch","M&M's | Joe Gibbs Racing | Toyota","Driver",16,3
"Racing",2022,"Panini","Chronicles","Overdrive Autographs Gold","Hailie Deegan","Monster Energy | DGR-Crosley | Ford","Driver",17,10
"Racing",2022,"Panini","Chronicles","Overdrive Autographs Gold","Michael Self","ARCA Menards","Driver",19,10
"Racing",2022,"Panini","Chronicles","Overdrive Autographs Gold","Kyle Larson","Hendrickcars.com | Hendrick Motorsports | Chevrolet","Driver",20,5
"Racing",2022,"Panini","Chronicles","Overdrive Autographs Gold Vinyl","Jimmie Johnson","Ally Financial | Hendrick Motorsports | Chevrolet","Driver",1,1
"Racing",2022,"Panini","Chronicles","Overdrive Autographs Gold Vinyl","Joey Logano","Shell-Pennzoil | Team Penske | Ford","Driver",2,1
"Racing",2022,"Panini","Chronicles","Overdrive Autographs Gold Vinyl","Danica Patrick","GoDaddy.com | Premium Motorsports | Chevrolet","Driver",3,1
"Racing",2022,"Panini","Chronicles","Overdrive Autographs Gold Vinyl","Ty Gibbs","Monster Energy | Joe Gibbs Racing | Toyota","Driver",4,1
"Racing",2022,"Panini","Chronicles","Overdrive Autographs Gold Vinyl","Bubba Wallace","McDonald's | 23XI Racing | Toyota","Driver",6,1
"Racing",2022,"Panini","Chronicles","Overdrive Autographs Gold Vinyl","Tyler Reddick","Cheddar's | Richard Childress Racing | Chevrolet","Driver",7,1
"Racing",2022,"Panini","Chronicles","Overdrive Autographs Gold Vinyl","Ricky Stenhouse Jr","Kroger | JTG Daugherty Racing | Chevrolet","Driver",8,1
"Racing",2022,"Panini","Chronicles","Overdrive Autographs Gold Vinyl","Stefan Parsons","Sokal Digital | B.J. McLeod Motorsports | Chevrolet","Driver",9,1
"Racing",2022,"Panini","Chronicles","Overdrive Autographs Gold Vinyl","Brandon Brown","TradetheChain | Brandonbilt Motorsports | Chevrolet","Driver",10,1
"Racing",2022,"Panini","Chronicles","Overdrive Autographs Gold Vinyl","Matt Mills","J.F. Electric | B.J. McLeod Motorsports | Chevrolet","Driver",11,1
"Racing",2022,"Panini","Chronicles","Overdrive Autographs Gold Vinyl","Jeff Gordon","Pepsi | Hendrick Motorsports | Chevrolet","Driver",12,1
"Racing",2022,"Panini","Chronicles","Overdrive Autographs Gold Vinyl","Thad Moffitt","Empire Racing Group","Driver",13,1
"Racing",2022,"Panini","Chronicles","Overdrive Autographs Gold Vinyl","Chase Elliott","NAPA Auto Parts | Hendrick Motorsports | Chevrolet","Driver",14,1
"Racing",2022,"Panini","Chronicles","Overdrive Autographs Gold Vinyl","Tommy Joe Martins","Alpha Prime Racing | Chevrolet","Driver",15,1
"Racing",2022,"Panini","Chronicles","Overdrive Autographs Gold Vinyl","Kyle Busch","M&M's | Joe Gibbs Racing | Toyota","Driver",16,1
"Racing",2022,"Panini","Chronicles","Overdrive Autographs Gold Vinyl","Hailie Deegan","Monster Energy | DGR-Crosley | Ford","Driver",17,1
"Racing",2022,"Panini","Chronicles","Overdrive Autographs Gold Vinyl","Richard Petty","STP | Petty Enterprises | Plymouth","Driver",18,1
"Racing",2022,"Panini","Chronicles","Overdrive Autographs Gold Vinyl","Michael Self","ARCA Menards","Driver",19,1
"Racing",2022,"Panini","Chronicles","Overdrive Autographs Gold Vinyl","Kyle Larson","Hendrickcars.com | Hendrick Motorsports | Chevrolet","Driver",20,1
"Racing",2022,"Panini","Chronicles","Overdrive Blue","Jimmie Johnson","Ally Financial | Hendrick Motorsports | Chevrolet","Driver",1,199
"Racing",2022,"Panini","Chronicles","Overdrive Blue","Joey Logano","Shell-Pennzoil | Team Penske | Ford","Driver",2,199
"Racing",2022,"Panini","Chronicles","Overdrive Blue","Danica Patrick","GoDaddy.com | Premium Motorsports | Chevrolet","Driver",3,199
"Racing",2022,"Panini","Chronicles","Overdrive Blue","Ty Gibbs","Monster Energy | Joe Gibbs Racing | Toyota","Driver",4,199
"Racing",2022,"Panini","Chronicles","Overdrive Blue","Jeffrey Earnhardt","ForeverLawn | JD Motorsports | Chevrolet","Driver",5,199
"Racing",2022,"Panini","Chronicles","Overdrive Blue","Bubba Wallace","McDonald's | 23XI Racing | Toyota","Driver",6,199
"Racing",2022,"Panini","Chronicles","Overdrive Blue","Tyler Reddick","Cheddar's | Richard Childress Racing | Chevrolet","Driver",7,199
"Racing",2022,"Panini","Chronicles","Overdrive Blue","Ricky Stenhouse Jr","Kroger | JTG Daugherty Racing | Chevrolet","Driver",8,199
"Racing",2022,"Panini","Chronicles","Overdrive Blue","Stefan Parsons","Sokal Digital | B.J. McLeod Motorsports | Chevrolet","Driver",9,199
"Racing",2022,"Panini","Chronicles","Overdrive Blue","Brandon Brown","TradetheChain | Brandonbilt Motorsports | Chevrolet","Driver",10,199
"Racing",2022,"Panini","Chronicles","Overdrive Blue","Matt Mills","J.F. Electric | B.J. McLeod Motorsports | Chevrolet","Driver",11,199
"Racing",2022,"Panini","Chronicles","Overdrive Blue","Jeff Gordon","Pepsi | Hendrick Motorsports | Chevrolet","Driver",12,199
"Racing",2022,"Panini","Chronicles","Overdrive Blue","Thad Moffitt","Empire Racing Group","Driver",13,199
"Racing",2022,"Panini","Chronicles","Overdrive Blue","Chase Elliott","NAPA Auto Parts | Hendrick Motorsports | Chevrolet","Driver",14,199
"Racing",2022,"Panini","Chronicles","Overdrive Blue","Tommy Joe Martins","Alpha Prime Racing | Chevrolet","Driver",15,199
"Racing",2022,"Panini","Chronicles","Overdrive Blue","Kyle Busch","M&M's | Joe Gibbs Racing | Toyota","Driver",16,199
"Racing",2022,"Panini","Chronicles","Overdrive Blue","Richard Petty","STP | Petty Enterprises | Plymouth","Driver",18,199
"Racing",2022,"Panini","Chronicles","Overdrive Blue","Michael Self","ARCA Menards","Driver",19,199
"Racing",2022,"Panini","Chronicles","Overdrive Blue","Kyle Larson","Hendrickcars.com | Hendrick Motorsports | Chevrolet","Driver",20,199
"Racing",2022,"Panini","Chronicles","Overdrive Gold","Jimmie Johnson","Ally Financial | Hendrick Motorsports | Chevrolet","Driver",1,10
"Racing",2022,"Panini","Chronicles","Overdrive Gold","Joey Logano","Shell-Pennzoil | Team Penske | Ford","Driver",2,10
"Racing",2022,"Panini","Chronicles","Overdrive Gold","Danica Patrick","GoDaddy.com | Premium Motorsports | Chevrolet","Driver",3,10
"Racing",2022,"Panini","Chronicles","Overdrive Gold","Ty Gibbs","Monster Energy | Joe Gibbs Racing | Toyota","Driver",4,10
"Racing",2022,"Panini","Chronicles","Overdrive Gold","Jeffrey Earnhardt","ForeverLawn | JD Motorsports | Chevrolet","Driver",5,10
"Racing",2022,"Panini","Chronicles","Overdrive Gold","Bubba Wallace","McDonald's | 23XI Racing | Toyota","Driver",6,10
"Racing",2022,"Panini","Chronicles","Overdrive Gold","Tyler Reddick","Cheddar's | Richard Childress Racing | Chevrolet","Driver",7,10
"Racing",2022,"Panini","Chronicles","Overdrive Gold","Ricky Stenhouse Jr","Kroger | JTG Daugherty Racing | Chevrolet","Driver",8,10
"Racing",2022,"Panini","Chronicles","Overdrive Gold","Stefan Parsons","Sokal Digital | B.J. McLeod Motorsports | Chevrolet","Driver",9,10
"Racing",2022,"Panini","Chronicles","Overdrive Gold","Brandon Brown","TradetheChain | Brandonbilt Motorsports | Chevrolet","Driver",10,10
"Racing",2022,"Panini","Chronicles","Overdrive Gold","Matt Mills","J.F. Electric | B.J. McLeod Motorsports | Chevrolet","Driver",11,10
"Racing",2022,"Panini","Chronicles","Overdrive Gold","Jeff Gordon","Pepsi | Hendrick Motorsports | Chevrolet","Driver",12,10
"Racing",2022,"Panini","Chronicles","Overdrive Gold","Thad Moffitt","Empire Racing Group","Driver",13,10
"Racing",2022,"Panini","Chronicles","Overdrive Gold","Chase Elliott","NAPA Auto Parts | Hendrick Motorsports | Chevrolet","Driver",14,10
"Racing",2022,"Panini","Chronicles","Overdrive Gold","Tommy Joe Martins","Alpha Prime Racing | Chevrolet","Driver",15,10
"Racing",2022,"Panini","Chronicles","Overdrive Gold","Kyle Busch","M&M's | Joe Gibbs Racing | Toyota","Driver",16,10
"Racing",2022,"Panini","Chronicles","Overdrive Gold","Hailie Deegan","Monster Energy | DGR-Crosley | Ford","Driver",17,10
"Racing",2022,"Panini","Chronicles","Overdrive Gold","Richard Petty","STP | Petty Enterprises | Plymouth","Driver",18,10
"Racing",2022,"Panini","Chronicles","Overdrive Gold","Michael Self","ARCA Menards","Driver",19,10
"Racing",2022,"Panini","Chronicles","Overdrive Gold","Kyle Larson","Hendrickcars.com | Hendrick Motorsports | Chevrolet","Driver",20,10
"Racing",2022,"Panini","Chronicles","Overdrive Gold Vinyl","Jimmie Johnson","Ally Financial | Hendrick Motorsports | Chevrolet","Driver",1,1
"Racing",2022,"Panini","Chronicles","Overdrive Gold Vinyl","Joey Logano","Shell-Pennzoil | Team Penske | Ford","Driver",2,1
"Racing",2022,"Panini","Chronicles","Overdrive Gold Vinyl","Danica Patrick","GoDaddy.com | Premium Motorsports | Chevrolet","Driver",3,1
"Racing",2022,"Panini","Chronicles","Overdrive Gold Vinyl","Ty Gibbs","Monster Energy | Joe Gibbs Racing | Toyota","Driver",4,1
"Racing",2022,"Panini","Chronicles","Overdrive Gold Vinyl","Jeffrey Earnhardt","ForeverLawn | JD Motorsports | Chevrolet","Driver",5,1
"Racing",2022,"Panini","Chronicles","Overdrive Gold Vinyl","Bubba Wallace","McDonald's | 23XI Racing | Toyota","Driver",6,1
"Racing",2022,"Panini","Chronicles","Overdrive Gold Vinyl","Tyler Reddick","Cheddar's | Richard Childress Racing | Chevrolet","Driver",7,1
"Racing",2022,"Panini","Chronicles","Overdrive Gold Vinyl","Ricky Stenhouse Jr","Kroger | JTG Daugherty Racing | Chevrolet","Driver",8,1
"Racing",2022,"Panini","Chronicles","Overdrive Gold Vinyl","Stefan Parsons","Sokal Digital | B.J. McLeod Motorsports | Chevrolet","Driver",9,1
"Racing",2022,"Panini","Chronicles","Overdrive Gold Vinyl","Brandon Brown","TradetheChain | Brandonbilt Motorsports | Chevrolet","Driver",10,1
"Racing",2022,"Panini","Chronicles","Overdrive Gold Vinyl","Jeff Gordon","Pepsi | Hendrick Motorsports | Chevrolet","Driver",12,1
"Racing",2022,"Panini","Chronicles","Overdrive Gold Vinyl","Thad Moffitt","Empire Racing Group","Driver",13,1
"Racing",2022,"Panini","Chronicles","Overdrive Gold Vinyl","Chase Elliott","NAPA Auto Parts | Hendrick Motorsports | Chevrolet","Driver",14,1
"Racing",2022,"Panini","Chronicles","Overdrive Gold Vinyl","Tommy Joe Martins","Alpha Prime Racing | Chevrolet","Driver",15,1
"Racing",2022,"Panini","Chronicles","Overdrive Gold Vinyl","Kyle Busch","M&M's | Joe Gibbs Racing | Toyota","Driver",16,1
"Racing",2022,"Panini","Chronicles","Overdrive Gold Vinyl","Hailie Deegan","Monster Energy | DGR-Crosley | Ford","Driver",17,1
"Racing",2022,"Panini","Chronicles","Overdrive Gold Vinyl","Richard Petty","STP | Petty Enterprises | Plymouth","Driver",18,1
"Racing",2022,"Panini","Chronicles","Overdrive Gold Vinyl","Michael Self","ARCA Menards","Driver",19,1
"Racing",2022,"Panini","Chronicles","Overdrive Gold Vinyl","Kyle Larson","Hendrickcars.com | Hendrick Motorsports | Chevrolet","Driver",20,1
"Racing",2022,"Panini","Chronicles","Overdrive Green","Jimmie Johnson","Ally Financial | Hendrick Motorsports | Chevrolet","Driver",1,
"Racing",2022,"Panini","Chronicles","Overdrive Green","Danica Patrick","GoDaddy.com | Premium Motorsports | Chevrolet","Driver",3,
"Racing",2022,"Panini","Chronicles","Overdrive Green","Ty Gibbs","Monster Energy | Joe Gibbs Racing | Toyota","Driver",4,
"Racing",2022,"Panini","Chronicles","Overdrive Green","Jeffrey Earnhardt","ForeverLawn | JD Motorsports | Chevrolet","Driver",5,
"Racing",2022,"Panini","Chronicles","Overdrive Green","Bubba Wallace","McDonald's | 23XI Racing | Toyota","Driver",6,
"Racing",2022,"Panini","Chronicles","Overdrive Green","Tyler Reddick","Cheddar's | Richard Childress Racing | Chevrolet","Driver",7,
"Racing",2022,"Panini","Chronicles","Overdrive Green","Ricky Stenhouse Jr","Kroger | JTG Daugherty Racing | Chevrolet","Driver",8,
"Racing",2022,"Panini","Chronicles","Overdrive Green","Stefan Parsons","Sokal Digital | B.J. McLeod Motorsports | Chevrolet","Driver",9,
"Racing",2022,"Panini","Chronicles","Overdrive Green","Brandon Brown","TradetheChain | Brandonbilt Motorsports | Chevrolet","Driver",10,
"Racing",2022,"Panini","Chronicles","Overdrive Green","Matt Mills","J.F. Electric | B.J. McLeod Motorsports | Chevrolet","Driver",11,
"Racing",2022,"Panini","Chronicles","Overdrive Green","Jeff Gordon","Pepsi | Hendrick Motorsports | Chevrolet","Driver",12,
"Racing",2022,"Panini","Chronicles","Overdrive Green","Thad Moffitt","Empire Racing Group","Driver",13,
"Racing",2022,"Panini","Chronicles","Overdrive Green","Chase Elliott","NAPA Auto Parts | Hendrick Motorsports | Chevrolet","Driver",14,
"Racing",2022,"Panini","Chronicles","Overdrive Green","Tommy Joe Martins","Alpha Prime Racing | Chevrolet","Driver",15,
"Racing",2022,"Panini","Chronicles","Overdrive Green","Kyle Busch","M&M's | Joe Gibbs Racing | Toyota","Driver",16,
"Racing",2022,"Panini","Chronicles","Overdrive Green","Hailie Deegan","Monster Energy | DGR-Crosley | Ford","Driver",17,
"Racing",2022,"Panini","Chronicles","Overdrive Green","Richard Petty","STP | Petty Enterprises | Plymouth","Driver",18,
"Racing",2022,"Panini","Chronicles","Overdrive Green","Michael Self","ARCA Menards","Driver",19,
"Racing",2022,"Panini","Chronicles","Overdrive Green","Kyle Larson","Hendrickcars.com | Hendrick Motorsports | Chevrolet","Driver",20,
"Racing",2022,"Panini","Chronicles","Overdrive Holo","Jimmie Johnson","Ally Financial | Hendrick Motorsports | Chevrolet","Driver",1,
"Racing",2022,"Panini","Chronicles","Overdrive Holo","Joey Logano","Shell-Pennzoil | Team Penske | Ford","Driver",2,
"Racing",2022,"Panini","Chronicles","Overdrive Holo","Danica Patrick","GoDaddy.com | Premium Motorsports | Chevrolet","Driver",3,
"Racing",2022,"Panini","Chronicles","Overdrive Holo","Ty Gibbs","Monster Energy | Joe Gibbs Racing | Toyota","Driver",4,
"Racing",2022,"Panini","Chronicles","Overdrive Holo","Jeffrey Earnhardt","ForeverLawn | JD Motorsports | Chevrolet","Driver",5,
"Racing",2022,"Panini","Chronicles","Overdrive Holo","Bubba Wallace","McDonald's | 23XI Racing | Toyota","Driver",6,
"Racing",2022,"Panini","Chronicles","Overdrive Holo","Tyler Reddick","Cheddar's | Richard Childress Racing | Chevrolet","Driver",7,
"Racing",2022,"Panini","Chronicles","Overdrive Holo","Stefan Parsons","Sokal Digital | B.J. McLeod Motorsports | Chevrolet","Driver",9,
"Racing",2022,"Panini","Chronicles","Overdrive Holo","Brandon Brown","TradetheChain | Brandonbilt Motorsports | Chevrolet","Driver",10,
"Racing",2022,"Panini","Chronicles","Overdrive Holo","Matt Mills","J.F. Electric | B.J. McLeod Motorsports | Chevrolet","Driver",11,
"Racing",2022,"Panini","Chronicles","Overdrive Holo","Jeff Gordon","Pepsi | Hendrick Motorsports | Chevrolet","Driver",12,
"Racing",2022,"Panini","Chronicles","Overdrive Holo","Thad Moffitt","Empire Racing Group","Driver",13,
"Racing",2022,"Panini","Chronicles","Overdrive Holo","Tommy Joe Martins","Alpha Prime Racing | Chevrolet","Driver",15,
"Racing",2022,"Panini","Chronicles","Overdrive Holo","Kyle Busch","M&M's | Joe Gibbs Racing | Toyota","Driver",16,
"Racing",2022,"Panini","Chronicles","Overdrive Holo","Hailie Deegan","Monster Energy | DGR-Crosley | Ford","Driver",17,
"Racing",2022,"Panini","Chronicles","Overdrive Holo","Richard Petty","STP | Petty Enterprises | Plymouth","Driver",18,
"Racing",2022,"Panini","Chronicles","Overdrive Holo","Michael Self","ARCA Menards","Driver",19,
"Racing",2022,"Panini","Chronicles","Overdrive Holo","Kyle Larson","Hendrickcars.com | Hendrick Motorsports | Chevrolet","Driver",20,
"Racing",2022,"Panini","Chronicles","Overdrive Purple","Jimmie Johnson","Ally Financial | Hendrick Motorsports | Chevrolet","Driver",1,25
"Racing",2022,"Panini","Chronicles","Overdrive Purple","Joey Logano","Shell-Pennzoil | Team Penske | Ford","Driver",2,25
"Racing",2022,"Panini","Chronicles","Overdrive Purple","Danica Patrick","GoDaddy.com | Premium Motorsports | Chevrolet","Driver",3,25
"Racing",2022,"Panini","Chronicles","Overdrive Purple","Ty Gibbs","Monster Energy | Joe Gibbs Racing | Toyota","Driver",4,25
"Racing",2022,"Panini","Chronicles","Overdrive Purple","Jeffrey Earnhardt","ForeverLawn | JD Motorsports | Chevrolet","Driver",5,25
"Racing",2022,"Panini","Chronicles","Overdrive Purple","Bubba Wallace","McDonald's | 23XI Racing | Toyota","Driver",6,25
"Racing",2022,"Panini","Chronicles","Overdrive Purple","Tyler Reddick","Cheddar's | Richard Childress Racing | Chevrolet","Driver",7,25
"Racing",2022,"Panini","Chronicles","Overdrive Purple","Ricky Stenhouse Jr","Kroger | JTG Daugherty Racing | Chevrolet","Driver",8,25
"Racing",2022,"Panini","Chronicles","Overdrive Purple","Stefan Parsons","Sokal Digital | B.J. McLeod Motorsports | Chevrolet","Driver",9,25
"Racing",2022,"Panini","Chronicles","Overdrive Purple","Brandon Brown","TradetheChain | Brandonbilt Motorsports | Chevrolet","Driver",10,25
"Racing",2022,"Panini","Chronicles","Overdrive Purple","Jeff Gordon","Pepsi | Hendrick Motorsports | Chevrolet","Driver",12,25
"Racing",2022,"Panini","Chronicles","Overdrive Purple","Thad Moffitt","Empire Racing Group","Driver",13,25
"Racing",2022,"Panini","Chronicles","Overdrive Purple","Chase Elliott","NAPA Auto Parts | Hendrick Motorsports | Chevrolet","Driver",14,25
"Racing",2022,"Panini","Chronicles","Overdrive Purple","Tommy Joe Martins","Alpha Prime Racing | Chevrolet","Driver",15,25
"Racing",2022,"Panini","Chronicles","Overdrive Purple","Kyle Busch","M&M's | Joe Gibbs Racing | Toyota","Driver",16,25
"Racing",2022,"Panini","Chronicles","Overdrive Purple","Richard Petty","STP | Petty Enterprises | Plymouth","Driver",18,25
"Racing",2022,"Panini","Chronicles","Overdrive Purple","Michael Self","ARCA Menards","Driver",19,25
"Racing",2022,"Panini","Chronicles","Overdrive Red","Jimmie Johnson","Ally Financial | Hendrick Motorsports | Chevrolet","Driver",1,99
"Racing",2022,"Panini","Chronicles","Overdrive Red","Joey Logano","Shell-Pennzoil | Team Penske | Ford","Driver",2,99
"Racing",2022,"Panini","Chronicles","Overdrive Red","Danica Patrick","GoDaddy.com | Premium Motorsports | Chevrolet","Driver",3,99
"Racing",2022,"Panini","Chronicles","Overdrive Red","Ty Gibbs","Monster Energy | Joe Gibbs Racing | Toyota","Driver",4,99
"Racing",2022,"Panini","Chronicles","Overdrive Red","Jeffrey Earnhardt","ForeverLawn | JD Motorsports | Chevrolet","Driver",5,99
"Racing",2022,"Panini","Chronicles","Overdrive Red","Bubba Wallace","McDonald's | 23XI Racing | Toyota","Driver",6,99
"Racing",2022,"Panini","Chronicles","Overdrive Red","Tyler Reddick","Cheddar's | Richard Childress Racing | Chevrolet","Driver",7,99
"Racing",2022,"Panini","Chronicles","Overdrive Red","Stefan Parsons","Sokal Digital | B.J. McLeod Motorsports | Chevrolet","Driver",9,99
"Racing",2022,"Panini","Chronicles","Overdrive Red","Brandon Brown","TradetheChain | Brandonbilt Motorsports | Chevrolet","Driver",10,99
"Racing",2022,"Panini","Chronicles","Overdrive Red","Jeff Gordon","Pepsi | Hendrick Motorsports | Chevrolet","Driver",12,99
"Racing",2022,"Panini","Chronicles","Overdrive Red","Thad Moffitt","Empire Racing Group","Driver",13,99
"Racing",2022,"Panini","Chronicles","Overdrive Red","Chase Elliott","NAPA Auto Parts | Hendrick Motorsports | Chevrolet","Driver",14,99
"Racing",2022,"Panini","Chronicles","Overdrive Red","Tommy Joe Martins","Alpha Prime Racing | Chevrolet","Driver",15,99
"Racing",2022,"Panini","Chronicles","Overdrive Red","Kyle Busch","M&M's | Joe Gibbs Racing | Toyota","Driver",16,99
"Racing",2022,"Panini","Chronicles","Overdrive Red","Richard Petty","STP | Petty Enterprises | Plymouth","Driver",18,99
"Racing",2022,"Panini","Chronicles","Overdrive Red","Michael Self","ARCA Menards","Driver",19,99
"Racing",2022,"Panini","Chronicles","Overdrive Red","Kyle Larson","Hendrickcars.com | Hendrick Motorsports | Chevrolet","Driver",20,99
"Racing",2022,"Panini","Chronicles","Pedal to the Metal","Ryan Newman","Kohler Generators | Rousch Fenway Racing | Ford","Driver",1,
"Racing",2022,"Panini","Chronicles","Pedal to the Metal","Taylor Gray","Ford Performance | DGR-Crosley | Ford","Driver",2,
"Racing",2022,"Panini","Chronicles","Pedal to the Metal","Riley Herbst","Monster | Stewart-Haas Racing | Ford","Driver",3,
"Racing",2022,"Panini","Chronicles","Pedal to the Metal","Daniel Suarez","Freeway Insurance | Trackhouse Racing | Chevrolet","Driver",4,
"Racing",2022,"Panini","Chronicles","Pedal to the Metal","Ty Gibbs","Monster Energy | Joe Gibbs Racing | Toyota","Driver",5,
"Racing",2022,"Panini","Chronicles","Pedal to the Metal","Brad Keselowski","Kohler | RFK Racing | Ford","Driver",6,
"Racing",2022,"Panini","Chronicles","Pedal to the Metal","Kevin Harvick","Hunt Brothers Pizza | Stewart-Haas Racing | Ford","Driver",7,
"Racing",2022,"Panini","Chronicles","Pedal to the Metal","Hailie Deegan","Monster Energy | DGR-Crosley | Ford","Driver",8,
"Racing",2022,"Panini","Chronicles","Pedal to the Metal","Jeff Gordon","DuPont | Hendrick Motorsports | Chevrolet","Driver",9,
"Racing",2022,"Panini","Chronicles","Pedal to the Metal","Kyle Busch","M&M's | Joe Gibbs Racing | Toyota","Driver",10,
"Racing",2022,"Panini","Chronicles","Pedal to the Metal","Myatt Snider","TaxSlayer | Richard Childress Racing | Chevrolet","Driver",11,
"Racing",2022,"Panini","Chronicles","Pedal to the Metal","Bubba Wallace","McDonald's | 23XI Racing | Toyota","Driver",12,
"Racing",2022,"Panini","Chronicles","Pedal to the Metal","Natalie Decker","Red Street Records | Our Motorsports | Chevrolet","Driver",13,
"Racing",2022,"Panini","Chronicles","Pedal to the Metal","Santino Ferrucci","Toyota Racing | Sam Hunt Racing | Toyota","Driver",14,
"Racing",2022,"Panini","Chronicles","Pedal to the Metal","William Byron","AXALTA | Hendrick Motorsports | Chevrolet","Driver",15,
"Racing",2022,"Panini","Chronicles","Pedal to the Metal","Chase Elliott","NAPA Auto Parts | Hendrick Motorsports | Chevrolet","Driver",16,
"Racing",2022,"Panini","Chronicles","Pedal to the Metal","Tony Stewart","Bass Pro Shops | Stewart-Haas Racing | Chevrolet","Driver",17,
"Racing",2022,"Panini","Chronicles","Pedal to the Metal","Jade Buford","Big Machine Racing","Driver",18,
"Racing",2022,"Panini","Chronicles","Pedal to the Metal","Ryan Ellis","Four Loko | Alpha Prime Racing | Chevrolet","Driver",20,
"Racing",2022,"Panini","Chronicles","Pedal to the Metal Autographs","Ryan Newman","Kohler Generators | Rousch Fenway Racing | Ford","Driver",1,
"Racing",2022,"Panini","Chronicles","Pedal to the Metal Autographs","Taylor Gray","Ford Performance | DGR-Crosley | Ford","Driver",2,
"Racing",2022,"Panini","Chronicles","Pedal to the Metal Autographs","Riley Herbst","Monster | Stewart-Haas Racing | Ford","Driver",3,
"Racing",2022,"Panini","Chronicles","Pedal to the Metal Autographs","Daniel Suarez","Freeway Insurance | Trackhouse Racing | Chevrolet","Driver",4,
"Racing",2022,"Panini","Chronicles","Pedal to the Metal Autographs","Ty Gibbs","Monster Energy | Joe Gibbs Racing | Toyota","Driver",5,
"Racing",2022,"Panini","Chronicles","Pedal to the Metal Autographs","Brad Keselowski","Kohler | RFK Racing | Ford","Driver",6,
"Racing",2022,"Panini","Chronicles","Pedal to the Metal Autographs","Kevin Harvick","Hunt Brothers Pizza | Stewart-Haas Racing | Ford","Driver",7,
"Racing",2022,"Panini","Chronicles","Pedal to the Metal Autographs","Hailie Deegan","Monster Energy | DGR-Crosley | Ford","Driver",8,
"Racing",2022,"Panini","Chronicles","Pedal to the Metal Autographs","Kyle Busch","M&M's | Joe Gibbs Racing | Toyota","Driver",10,
"Racing",2022,"Panini","Chronicles","Pedal to the Metal Autographs","Myatt Snider","TaxSlayer | Richard Childress Racing | Chevrolet","Driver",11,
"Racing",2022,"Panini","Chronicles","Pedal to the Metal Autographs","Bubba Wallace","McDonald's | 23XI Racing | Toyota","Driver",12,
"Racing",2022,"Panini","Chronicles","Pedal to the Metal Autographs","Natalie Decker","Red Street Records | Our Motorsports | Chevrolet","Driver",13,
"Racing",2022,"Panini","Chronicles","Pedal to the Metal Autographs","Santino Ferrucci","Toyota Racing | Sam Hunt Racing | Toyota","Driver",14,
"Racing",2022,"Panini","Chronicles","Pedal to the Metal Autographs","William Byron","AXALTA | Hendrick Motorsports | Chevrolet","Driver",15,
"Racing",2022,"Panini","Chronicles","Pedal to the Metal Autographs","Chase Elliott","NAPA Auto Parts | Hendrick Motorsports | Chevrolet","Driver",16,
"Racing",2022,"Panini","Chronicles","Pedal to the Metal Autographs","Tony Stewart","Bass Pro Shops | Stewart-Haas Racing | Chevrolet","Driver",17,
"Racing",2022,"Panini","Chronicles","Pedal to the Metal Autographs","Jade Buford","Big Machine Racing","Driver",18,
"Racing",2022,"Panini","Chronicles","Pedal to the Metal Autographs","Kyle Larson","Hendrickcars.com | Hendrick Motorsports | Chevrolet","Driver",19,
"Racing",2022,"Panini","Chronicles","Pedal to the Metal Autographs","Ryan Ellis","Four Loko | Alpha Prime Racing | Chevrolet","Driver",20,
"Racing",2022,"Panini","Chronicles","Pedal to the Metal Autographs Holo Platinum Blue","Ryan Newman","Kohler Generators | Rousch Fenway Racing | Ford","Driver",1,1
"Racing",2022,"Panini","Chronicles","Pedal to the Metal Autographs Holo Platinum Blue","Taylor Gray","Ford Performance | DGR-Crosley | Ford","Driver",2,1
"Racing",2022,"Panini","Chronicles","Pedal to the Metal Autographs Holo Platinum Blue","Riley Herbst","Monster | Stewart-Haas Racing | Ford","Driver",3,1
"Racing",2022,"Panini","Chronicles","Pedal to the Metal Autographs Holo Platinum Blue","Daniel Suarez","Freeway Insurance | Trackhouse Racing | Chevrolet","Driver",4,1
"Racing",2022,"Panini","Chronicles","Pedal to the Metal Autographs Holo Platinum Blue","Brad Keselowski","Kohler | RFK Racing | Ford","Driver",6,1
"Racing",2022,"Panini","Chronicles","Pedal to the Metal Autographs Holo Platinum Blue","Kevin Harvick","Hunt Brothers Pizza | Stewart-Haas Racing | Ford","Driver",7,1
"Racing",2022,"Panini","Chronicles","Pedal to the Metal Autographs Holo Platinum Blue","Hailie Deegan","Monster Energy | DGR-Crosley | Ford","Driver",8,1
"Racing",2022,"Panini","Chronicles","Pedal to the Metal Autographs Holo Platinum Blue","Jeff Gordon","DuPont | Hendrick Motorsports | Chevrolet","Driver",9,1
"Racing",2022,"Panini","Chronicles","Pedal to the Metal Autographs Holo Platinum Blue","Kyle Busch","M&M's | Joe Gibbs Racing | Toyota","Driver",10,1
"Racing",2022,"Panini","Chronicles","Pedal to the Metal Autographs Holo Platinum Blue","Myatt Snider","TaxSlayer | Richard Childress Racing | Chevrolet","Driver",11,1
"Racing",2022,"Panini","Chronicles","Pedal to the Metal Autographs Holo Platinum Blue","Bubba Wallace","McDonald's | 23XI Racing | Toyota","Driver",12,1
"Racing",2022,"Panini","Chronicles","Pedal to the Metal Autographs Holo Platinum Blue","Natalie Decker","Red Street Records | Our Motorsports | Chevrolet","Driver",13,1
"Racing",2022,"Panini","Chronicles","Pedal to the Metal Autographs Holo Platinum Blue","Santino Ferrucci","Toyota Racing | Sam Hunt Racing | Toyota","Driver",14,1
"Racing",2022,"Panini","Chronicles","Pedal to the Metal Autographs Holo Platinum Blue","William Byron","AXALTA | Hendrick Motorsports | Chevrolet","Driver",15,1
"Racing",2022,"Panini","Chronicles","Pedal to the Metal Autographs Holo Platinum Blue","Chase Elliott","NAPA Auto Parts | Hendrick Motorsports | Chevrolet","Driver",16,1
"Racing",2022,"Panini","Chronicles","Pedal to the Metal Autographs Holo Platinum Blue","Tony Stewart","Bass Pro Shops | Stewart-Haas Racing | Chevrolet","Driver",17,1
"Racing",2022,"Panini","Chronicles","Pedal to the Metal Autographs Holo Platinum Blue","Jade Buford","Big Machine Racing","Driver",18,1
"Racing",2022,"Panini","Chronicles","Pedal to the Metal Autographs Holo Platinum Blue","Kyle Larson","Hendrickcars.com | Hendrick Motorsports | Chevrolet","Driver",19,1
"Racing",2022,"Panini","Chronicles","Pedal to the Metal Autographs Holo Platinum Blue","Ryan Ellis","Four Loko | Alpha Prime Racing | Chevrolet","Driver",20,1
"Racing",2022,"Panini","Chronicles","Pedal to the Metal Autographs Holo Silver","Ryan Newman","Kohler Generators | Rousch Fenway Racing | Ford","Driver",1,5
"Racing",2022,"Panini","Chronicles","Pedal to the Metal Autographs Holo Silver","Taylor Gray","Ford Performance | DGR-Crosley | Ford","Driver",2,10
"Racing",2022,"Panini","Chronicles","Pedal to the Metal Autographs Holo Silver","Riley Herbst","Monster | Stewart-Haas Racing | Ford","Driver",3,10
"Racing",2022,"Panini","Chronicles","Pedal to the Metal Autographs Holo Silver","Daniel Suarez","Freeway Insurance | Trackhouse Racing | Chevrolet","Driver",4,10
"Racing",2022,"Panini","Chronicles","Pedal to the Metal Autographs Holo Silver","Ty Gibbs","Monster Energy | Joe Gibbs Racing | Toyota","Driver",5,10
"Racing",2022,"Panini","Chronicles","Pedal to the Metal Autographs Holo Silver","Brad Keselowski","Kohler | RFK Racing | Ford","Driver",6,10
"Racing",2022,"Panini","Chronicles","Pedal to the Metal Autographs Holo Silver","Kevin Harvick","Hunt Brothers Pizza | Stewart-Haas Racing | Ford","Driver",7,4
"Racing",2022,"Panini","Chronicles","Pedal to the Metal Autographs Holo Silver","Kyle Busch","M&M's | Joe Gibbs Racing | Toyota","Driver",10,3
"Racing",2022,"Panini","Chronicles","Pedal to the Metal Autographs Holo Silver","Myatt Snider","TaxSlayer | Richard Childress Racing | Chevrolet","Driver",11,10
"Racing",2022,"Panini","Chronicles","Pedal to the Metal Autographs Holo Silver","Bubba Wallace","McDonald's | 23XI Racing | Toyota","Driver",12,10
"Racing",2022,"Panini","Chronicles","Pedal to the Metal Autographs Holo Silver","Natalie Decker","Red Street Records | Our Motorsports | Chevrolet","Driver",13,10
"Racing",2022,"Panini","Chronicles","Pedal to the Metal Autographs Holo Silver","Santino Ferrucci","Toyota Racing | Sam Hunt Racing | Toyota","Driver",14,10
"Racing",2022,"Panini","Chronicles","Pedal to the Metal Autographs Holo Silver","William Byron","AXALTA | Hendrick Motorsports | Chevrolet","Driver",15,5
"Racing",2022,"Panini","Chronicles","Pedal to the Metal Autographs Holo Silver","Chase Elliott","NAPA Auto Parts | Hendrick Motorsports | Chevrolet","Driver",16,8
"Racing",2022,"Panini","Chronicles","Pedal to the Metal Autographs Holo Silver","Tony Stewart","Bass Pro Shops | Stewart-Haas Racing | Chevrolet","Driver",17,5
"Racing",2022,"Panini","Chronicles","Pedal to the Metal Autographs Holo Silver","Jade Buford","Big Machine Racing","Driver",18,10
"Racing",2022,"Panini","Chronicles","Pedal to the Metal Autographs Holo Silver","Kyle Larson","Hendrickcars.com | Hendrick Motorsports | Chevrolet","Driver",19,5
"Racing",2022,"Panini","Chronicles","Pedal to the Metal Autographs Holo Silver","Ryan Ellis","Four Loko | Alpha Prime Racing | Chevrolet","Driver",20,10
"Racing",2022,"Panini","Chronicles","Pedal to the Metal Blue","Ryan Newman","Kohler Generators | Rousch Fenway Racing | Ford","Driver",1,199
"Racing",2022,"Panini","Chronicles","Pedal to the Metal Blue","Taylor Gray","Ford Performance | DGR-Crosley | Ford","Driver",2,199
"Racing",2022,"Panini","Chronicles","Pedal to the Metal Blue","Daniel Suarez","Freeway Insurance | Trackhouse Racing | Chevrolet","Driver",4,199
"Racing",2022,"Panini","Chronicles","Pedal to the Metal Blue","Ty Gibbs","Monster Energy | Joe Gibbs Racing | Toyota","Driver",5,199
"Racing",2022,"Panini","Chronicles","Pedal to the Metal Blue","Kevin Harvick","Hunt Brothers Pizza | Stewart-Haas Racing | Ford","Driver",7,199
"Racing",2022,"Panini","Chronicles","Pedal to the Metal Blue","Hailie Deegan","Monster Energy | DGR-Crosley | Ford","Driver",8,199
"Racing",2022,"Panini","Chronicles","Pedal to the Metal Blue","Kyle Busch","M&M's | Joe Gibbs Racing | Toyota","Driver",10,199
"Racing",2022,"Panini","Chronicles","Pedal to the Metal Blue","Myatt Snider","TaxSlayer | Richard Childress Racing | Chevrolet","Driver",11,199
"Racing",2022,"Panini","Chronicles","Pedal to the Metal Blue","Bubba Wallace","McDonald's | 23XI Racing | Toyota","Driver",12,199
"Racing",2022,"Panini","Chronicles","Pedal to the Metal Blue","Natalie Decker","Red Street Records | Our Motorsports | Chevrolet","Driver",13,199
"Racing",2022,"Panini","Chronicles","Pedal to the Metal Blue","Santino Ferrucci","Toyota Racing | Sam Hunt Racing | Toyota","Driver",14,199
"Racing",2022,"Panini","Chronicles","Pedal to the Metal Blue","William Byron","AXALTA | Hendrick Motorsports | Chevrolet","Driver",15,199
"Racing",2022,"Panini","Chronicles","Pedal to the Metal Blue","Chase Elliott","NAPA Auto Parts | Hendrick Motorsports | Chevrolet","Driver",16,199
"Racing",2022,"Panini","Chronicles","Pedal to the Metal Blue","Tony Stewart","Bass Pro Shops | Stewart-Haas Racing | Chevrolet","Driver",17,199
"Racing",2022,"Panini","Chronicles","Pedal to the Metal Blue","Jade Buford","Big Machine Racing","Driver",18,199
"Racing",2022,"Panini","Chronicles","Pedal to the Metal Blue","Kyle Larson","Hendrickcars.com | Hendrick Motorsports | Chevrolet","Driver",19,199
"Racing",2022,"Panini","Chronicles","Pedal to the Metal Blue","Ryan Ellis","Four Loko | Alpha Prime Racing | Chevrolet","Driver",20,199
"Racing",2022,"Panini","Chronicles","Pedal to the Metal Green","Ryan Newman","Kohler Generators | Rousch Fenway Racing | Ford","Driver",1,
"Racing",2022,"Panini","Chronicles","Pedal to the Metal Green","Taylor Gray","Ford Performance | DGR-Crosley | Ford","Driver",2,
"Racing",2022,"Panini","Chronicles","Pedal to the Metal Green","Riley Herbst","Monster | Stewart-Haas Racing | Ford","Driver",3,
"Racing",2022,"Panini","Chronicles","Pedal to the Metal Green","Daniel Suarez","Freeway Insurance | Trackhouse Racing | Chevrolet","Driver",4,
"Racing",2022,"Panini","Chronicles","Pedal to the Metal Green","Ty Gibbs","Monster Energy | Joe Gibbs Racing | Toyota","Driver",5,
"Racing",2022,"Panini","Chronicles","Pedal to the Metal Green","Kevin Harvick","Hunt Brothers Pizza | Stewart-Haas Racing | Ford","Driver",7,
"Racing",2022,"Panini","Chronicles","Pedal to the Metal Green","Hailie Deegan","Monster Energy | DGR-Crosley | Ford","Driver",8,
"Racing",2022,"Panini","Chronicles","Pedal to the Metal Green","Jeff Gordon","DuPont | Hendrick Motorsports | Chevrolet","Driver",9,
"Racing",2022,"Panini","Chronicles","Pedal to the Metal Green","Kyle Busch","M&M's | Joe Gibbs Racing | Toyota","Driver",10,
"Racing",2022,"Panini","Chronicles","Pedal to the Metal Green","Myatt Snider","TaxSlayer | Richard Childress Racing | Chevrolet","Driver",11,
"Racing",2022,"Panini","Chronicles","Pedal to the Metal Green","Bubba Wallace","McDonald's | 23XI Racing | Toyota","Driver",12,
"Racing",2022,"Panini","Chronicles","Pedal to the Metal Green","Santino Ferrucci","Toyota Racing | Sam Hunt Racing | Toyota","Driver",14,
"Racing",2022,"Panini","Chronicles","Pedal to the Metal Green","William Byron","AXALTA | Hendrick Motorsports | Chevrolet","Driver",15,
"Racing",2022,"Panini","Chronicles","Pedal to the Metal Green","Chase Elliott","NAPA Auto Parts | Hendrick Motorsports | Chevrolet","Driver",16,
"Racing",2022,"Panini","Chronicles","Pedal to the Metal Green","Tony Stewart","Bass Pro Shops | Stewart-Haas Racing | Chevrolet","Driver",17,
"Racing",2022,"Panini","Chronicles","Pedal to the Metal Green","Jade Buford","Big Machine Racing","Driver",18,
"Racing",2022,"Panini","Chronicles","Pedal to the Metal Green","Kyle Larson","Hendrickcars.com | Hendrick Motorsports | Chevrolet","Driver",19,
"Racing",2022,"Panini","Chronicles","Pedal to the Metal Green","Ryan Ellis","Four Loko | Alpha Prime Racing | Chevrolet","Driver",20,
"Racing",2022,"Panini","Chronicles","Pedal to the Metal Holo Platinum Blue","Ryan Newman","Kohler Generators | Rousch Fenway Racing | Ford","Driver",1,1
"Racing",2022,"Panini","Chronicles","Pedal to the Metal Holo Platinum Blue","Taylor Gray","Ford Performance | DGR-Crosley | Ford","Driver",2,1
"Racing",2022,"Panini","Chronicles","Pedal to the Metal Holo Platinum Blue","Riley Herbst","Monster | Stewart-Haas Racing | Ford","Driver",3,1
"Racing",2022,"Panini","Chronicles","Pedal to the Metal Holo Platinum Blue","Daniel Suarez","Freeway Insurance | Trackhouse Racing | Chevrolet","Driver",4,1
"Racing",2022,"Panini","Chronicles","Pedal to the Metal Holo Platinum Blue","Ty Gibbs","Monster Energy | Joe Gibbs Racing | Toyota","Driver",5,1
"Racing",2022,"Panini","Chronicles","Pedal to the Metal Holo Platinum Blue","Brad Keselowski","Kohler | RFK Racing | Ford","Driver",6,1
"Racing",2022,"Panini","Chronicles","Pedal to the Metal Holo Platinum Blue","Kevin Harvick","Hunt Brothers Pizza | Stewart-Haas Racing | Ford","Driver",7,1
"Racing",2022,"Panini","Chronicles","Pedal to the Metal Holo Platinum Blue","Hailie Deegan","Monster Energy | DGR-Crosley | Ford","Driver",8,1
"Racing",2022,"Panini","Chronicles","Pedal to the Metal Holo Platinum Blue","Jeff Gordon","DuPont | Hendrick Motorsports | Chevrolet","Driver",9,1
"Racing",2022,"Panini","Chronicles","Pedal to the Metal Holo Platinum Blue","Kyle Busch","M&M's | Joe Gibbs Racing | Toyota","Driver",10,1
"Racing",2022,"Panini","Chronicles","Pedal to the Metal Holo Platinum Blue","Myatt Snider","TaxSlayer | Richard Childress Racing | Chevrolet","Driver",11,1
"Racing",2022,"Panini","Chronicles","Pedal to the Metal Holo Platinum Blue","Bubba Wallace","McDonald's | 23XI Racing | Toyota","Driver",12,1
"Racing",2022,"Panini","Chronicles","Pedal to the Metal Holo Platinum Blue","Natalie Decker","Red Street Records | Our Motorsports | Chevrolet","Driver",13,1
"Racing",2022,"Panini","Chronicles","Pedal to the Metal Holo Platinum Blue","Santino Ferrucci","Toyota Racing | Sam Hunt Racing | Toyota","Driver",14,1
"Racing",2022,"Panini","Chronicles","Pedal to the Metal Holo Platinum Blue","William Byron","AXALTA | Hendrick Motorsports | Chevrolet","Driver",15,1
"Racing",2022,"Panini","Chronicles","Pedal to the Metal Holo Platinum Blue","Chase Elliott","NAPA Auto Parts | Hendrick Motorsports | Chevrolet","Driver",16,1
"Racing",2022,"Panini","Chronicles","Pedal to the Metal Holo Platinum Blue","Tony Stewart","Bass Pro Shops | Stewart-Haas Racing | Chevrolet","Driver",17,1
"Racing",2022,"Panini","Chronicles","Pedal to the Metal Holo Platinum Blue","Jade Buford","Big Machine Racing","Driver",18,1
"Racing",2022,"Panini","Chronicles","Pedal to the Metal Holo Platinum Blue","Kyle Larson","Hendrickcars.com | Hendrick Motorsports | Chevrolet","Driver",19,1
"Racing",2022,"Panini","Chronicles","Pedal to the Metal Holo Platinum Blue","Ryan Ellis","Four Loko | Alpha Prime Racing | Chevrolet","Driver",20,1
"Racing",2022,"Panini","Chronicles","Pedal to the Metal Holo Silver","Ryan Newman","Kohler Generators | Rousch Fenway Racing | Ford","Driver",1,10
"Racing",2022,"Panini","Chronicles","Pedal to the Metal Holo Silver","Taylor Gray","Ford Performance | DGR-Crosley | Ford","Driver",2,10
"Racing",2022,"Panini","Chronicles","Pedal to the Metal Holo Silver","Riley Herbst","Monster | Stewart-Haas Racing | Ford","Driver",3,10
"Racing",2022,"Panini","Chronicles","Pedal to the Metal Holo Silver","Daniel Suarez","Freeway Insurance | Trackhouse Racing | Chevrolet","Driver",4,10
"Racing",2022,"Panini","Chronicles","Pedal to the Metal Holo Silver","Ty Gibbs","Monster Energy | Joe Gibbs Racing | Toyota","Driver",5,10
"Racing",2022,"Panini","Chronicles","Pedal to the Metal Holo Silver","Kevin Harvick","Hunt Brothers Pizza | Stewart-Haas Racing | Ford","Driver",7,10
"Racing",2022,"Panini","Chronicles","Pedal to the Metal Holo Silver","Hailie Deegan","Monster Energy | DGR-Crosley | Ford","Driver",8,10
"Racing",2022,"Panini","Chronicles","Pedal to the Metal Holo Silver","Jeff Gordon","DuPont | Hendrick Motorsports | Chevrolet","Driver",9,10
"Racing",2022,"Panini","Chronicles","Pedal to the Metal Holo Silver","Kyle Busch","M&M's | Joe Gibbs Racing | Toyota","Driver",10,10
"Racing",2022,"Panini","Chronicles","Pedal to the Metal Holo Silver","Myatt Snider","TaxSlayer | Richard Childress Racing | Chevrolet","Driver",11,10
"Racing",2022,"Panini","Chronicles","Pedal to the Metal Holo Silver","Natalie Decker","Red Street Records | Our Motorsports | Chevrolet","Driver",13,10
"Racing",2022,"Panini","Chronicles","Pedal to the Metal Holo Silver","Santino Ferrucci","Toyota Racing | Sam Hunt Racing | Toyota","Driver",14,10
"Racing",2022,"Panini","Chronicles","Pedal to the Metal Holo Silver","William Byron","AXALTA | Hendrick Motorsports | Chevrolet","Driver",15,10
"Racing",2022,"Panini","Chronicles","Pedal to the Metal Holo Silver","Chase Elliott","NAPA Auto Parts | Hendrick Motorsports | Chevrolet","Driver",16,10
"Racing",2022,"Panini","Chronicles","Pedal to the Metal Holo Silver","Tony Stewart","Bass Pro Shops | Stewart-Haas Racing | Chevrolet","Driver",17,10
"Racing",2022,"Panini","Chronicles","Pedal to the Metal Holo Silver","Jade Buford","Big Machine Racing","Driver",18,10
"Racing",2022,"Panini","Chronicles","Pedal to the Metal Holo Silver","Ryan Ellis","Four Loko | Alpha Prime Racing | Chevrolet","Driver",20,10
"Racing",2022,"Panini","Chronicles","Pedal to the Metal Purple","Ryan Newman","Kohler Generators | Rousch Fenway Racing | Ford","Driver",1,25
"Racing",2022,"Panini","Chronicles","Pedal to the Metal Purple","Taylor Gray","Ford Performance | DGR-Crosley | Ford","Driver",2,25
"Racing",2022,"Panini","Chronicles","Pedal to the Metal Purple","Riley Herbst","Monster | Stewart-Haas Racing | Ford","Driver",3,25
"Racing",2022,"Panini","Chronicles","Pedal to the Metal Purple","Daniel Suarez","Freeway Insurance | Trackhouse Racing | Chevrolet","Driver",4,25
"Racing",2022,"Panini","Chronicles","Pedal to the Metal Purple","Ty Gibbs","Monster Energy | Joe Gibbs Racing | Toyota","Driver",5,25
"Racing",2022,"Panini","Chronicles","Pedal to the Metal Purple","Kevin Harvick","Hunt Brothers Pizza | Stewart-Haas Racing | Ford","Driver",7,25
"Racing",2022,"Panini","Chronicles","Pedal to the Metal Purple","Hailie Deegan","Monster Energy | DGR-Crosley | Ford","Driver",8,25
"Racing",2022,"Panini","Chronicles","Pedal to the Metal Purple","Kyle Busch","M&M's | Joe Gibbs Racing | Toyota","Driver",10,25
"Racing",2022,"Panini","Chronicles","Pedal to the Metal Purple","Myatt Snider","TaxSlayer | Richard Childress Racing | Chevrolet","Driver",11,25
"Racing",2022,"Panini","Chronicles","Pedal to the Metal Purple","Bubba Wallace","McDonald's | 23XI Racing | Toyota","Driver",12,25
"Racing",2022,"Panini","Chronicles","Pedal to the Metal Purple","Natalie Decker","Red Street Records | Our Motorsports | Chevrolet","Driver",13,25
"Racing",2022,"Panini","Chronicles","Pedal to the Metal Purple","Santino Ferrucci","Toyota Racing | Sam Hunt Racing | Toyota","Driver",14,25
"Racing",2022,"Panini","Chronicles","Pedal to the Metal Purple","William Byron","AXALTA | Hendrick Motorsports | Chevrolet","Driver",15,25
"Racing",2022,"Panini","Chronicles","Pedal to the Metal Purple","Chase Elliott","NAPA Auto Parts | Hendrick Motorsports | Chevrolet","Driver",16,25
"Racing",2022,"Panini","Chronicles","Pedal to the Metal Purple","Tony Stewart","Bass Pro Shops | Stewart-Haas Racing | Chevrolet","Driver",17,25
"Racing",2022,"Panini","Chronicles","Pedal to the Metal Purple","Jade Buford","Big Machine Racing","Driver",18,25
"Racing",2022,"Panini","Chronicles","Pedal to the Metal Purple","Kyle Larson","Hendrickcars.com | Hendrick Motorsports | Chevrolet","Driver",19,25
"Racing",2022,"Panini","Chronicles","Pedal to the Metal Purple","Ryan Ellis","Four Loko | Alpha Prime Racing | Chevrolet","Driver",20,25
"Racing",2022,"Panini","Chronicles","Pedal to the Metal Red","Ryan Newman","Kohler Generators | Rousch Fenway Racing | Ford","Driver",1,99
"Racing",2022,"Panini","Chronicles","Pedal to the Metal Red","Taylor Gray","Ford Performance | DGR-Crosley | Ford","Driver",2,99
"Racing",2022,"Panini","Chronicles","Pedal to the Metal Red","Riley Herbst","Monster | Stewart-Haas Racing | Ford","Driver",3,99
"Racing",2022,"Panini","Chronicles","Pedal to the Metal Red","Daniel Suarez","Freeway Insurance | Trackhouse Racing | Chevrolet","Driver",4,99
"Racing",2022,"Panini","Chronicles","Pedal to the Metal Red","Ty Gibbs","Monster Energy | Joe Gibbs Racing | Toyota","Driver",5,99
"Racing",2022,"Panini","Chronicles","Pedal to the Metal Red","Brad Keselowski","Kohler | RFK Racing | Ford","Driver",6,99
"Racing",2022,"Panini","Chronicles","Pedal to the Metal Red","Kevin Harvick","Hunt Brothers Pizza | Stewart-Haas Racing | Ford","Driver",7,99
"Racing",2022,"Panini","Chronicles","Pedal to the Metal Red","Hailie Deegan","Monster Energy | DGR-Crosley | Ford","Driver",8,99
"Racing",2022,"Panini","Chronicles","Pedal to the Metal Red","Kyle Busch","M&M's | Joe Gibbs Racing | Toyota","Driver",10,99
"Racing",2022,"Panini","Chronicles","Pedal to the Metal Red","Myatt Snider","TaxSlayer | Richard Childress Racing | Chevrolet","Driver",11,99
"Racing",2022,"Panini","Chronicles","Pedal to the Metal Red","Natalie Decker","Red Street Records | Our Motorsports | Chevrolet","Driver",13,99
"Racing",2022,"Panini","Chronicles","Pedal to the Metal Red","Santino Ferrucci","Toyota Racing | Sam Hunt Racing | Toyota","Driver",14,99
"Racing",2022,"Panini","Chronicles","Pedal to the Metal Red","William Byron","AXALTA | Hendrick Motorsports | Chevrolet","Driver",15,99
"Racing",2022,"Panini","Chronicles","Pedal to the Metal Red","Chase Elliott","NAPA Auto Parts | Hendrick Motorsports | Chevrolet","Driver",16,99
"Racing",2022,"Panini","Chronicles","Pedal to the Metal Red","Tony Stewart","Bass Pro Shops | Stewart-Haas Racing | Chevrolet","Driver",17,99
"Racing",2022,"Panini","Chronicles","Pedal to the Metal Red","Jade Buford","Big Machine Racing","Driver",18,99
"Racing",2022,"Panini","Chronicles","Pedal to the Metal Red","Kyle Larson","Hendrickcars.com | Hendrick Motorsports | Chevrolet","Driver",19,99
"Racing",2022,"Panini","Chronicles","Pedal to the Metal Red","Ryan Ellis","Four Loko | Alpha Prime Racing | Chevrolet","Driver",20,99
"Racing",2022,"Panini","Chronicles","Phoenix","Jeff Gordon","DuPont | Hendrick Motorsports | Chevrolet","Driver",1,
"Racing",2022,"Panini","Chronicles","Phoenix","Bubba Wallace","McDonald's | 23XI Racing | Toyota","Driver",2,
"Racing",2022,"Panini","Chronicles","Phoenix","Sheldon Creed","Whelen | Richard Childress Racing | Chevrolet","Driver",3,
"Racing",2022,"Panini","Chronicles","Phoenix","Brandon Brown","TradetheChain | Brandonbilt Motorsports | Chevrolet","Driver",4,
"Racing",2022,"Panini","Chronicles","Phoenix","Daniel Dye","ARCA Menards East Series","Driver",5,
"Racing",2022,"Panini","Chronicles","Phoenix","William Byron","AXALTA | Hendrick Motorsports | Chevrolet","Driver",6,
"Racing",2022,"Panini","Chronicles","Phoenix","Brad Keselowski","Violet Defense | RFK Racing | Ford","Driver",7,
"Racing",2022,"Panini","Chronicles","Phoenix","Chase Briscoe","Mahindra | Stewart-Haas Racing| Ford","Driver",8,
"Racing",2022,"Panini","Chronicles","Phoenix","Martin Truex Jr.","Bass Pro Shops | Joe Gibbs Racing | Toyota","Driver",9,
"Racing",2022,"Panini","Chronicles","Phoenix","Kyle Larson","Hendrickcars.com | Hendrick Motorsports | Chevrolet","Driver",10,
"Racing",2022,"Panini","Chronicles","Phoenix","Kyle Busch","M&M's | Joe Gibbs Racing | Toyota","Driver",11,
"Racing",2022,"Panini","Chronicles","Phoenix","Ty Gibbs","Monster Energy | Joe Gibbs Racing | Toyota","Driver",12,
"Racing",2022,"Panini","Chronicles","Phoenix","Chase Elliott","NAPA Auto Parts | Hendrick Motorsports | Chevrolet","Driver",13,
"Racing",2022,"Panini","Chronicles","Phoenix","Kevin Harvick","Hunt Brothers Pizza | Stewart-Haas Racing | Ford","Driver",14,
"Racing",2022,"Panini","Chronicles","Phoenix","Todd Gilliland","First Phase | Front Row Motorsports | Ford","Driver",15,
"Racing",2022,"Panini","Chronicles","Phoenix","Austin Dillon","Bass Pro Shops | Richard Childress Racing | Chevrolet","Driver",16,
"Racing",2022,"Panini","Chronicles","Phoenix","Ray Black Jr.","CDA | SS Greenlight | Chevrolet","Driver",17,
"Racing",2022,"Panini","Chronicles","Phoenix","Dale Earnhardt Jr","Mountain Dew | Hendrick Motorsports | Chevrolet","Driver",18,
"Racing",2022,"Panini","Chronicles","Phoenix","Kurt Busch","Monster | 23XI Racing | Toyota","Driver",20,
"Racing",2022,"Panini","Chronicles","Phoenix Autographs","Bubba Wallace","McDonald's | 23XI Racing | Toyota","Driver",2,
"Racing",2022,"Panini","Chronicles","Phoenix Autographs","Sheldon Creed","Whelen | Richard Childress Racing | Chevrolet","Driver",3,
"Racing",2022,"Panini","Chronicles","Phoenix Autographs","Brandon Brown","TradetheChain | Brandonbilt Motorsports | Chevrolet","Driver",4,
"Racing",2022,"Panini","Chronicles","Phoenix Autographs","Daniel Dye","ARCA Menards East Series","Driver",5,
"Racing",2022,"Panini","Chronicles","Phoenix Autographs","Brad Keselowski","Violet Defense | RFK Racing | Ford","Driver",7,
"Racing",2022,"Panini","Chronicles","Phoenix Autographs","Chase Briscoe","Mahindra | Stewart-Haas Racing| Ford","Driver",8,
"Racing",2022,"Panini","Chronicles","Phoenix Autographs","Kyle Larson","Hendrickcars.com | Hendrick Motorsports | Chevrolet","Driver",10,
"Racing",2022,"Panini","Chronicles","Phoenix Autographs","Kyle Busch","M&M's | Joe Gibbs Racing | Toyota","Driver",11,
"Racing",2022,"Panini","Chronicles","Phoenix Autographs","Ty Gibbs","Monster Energy | Joe Gibbs Racing | Toyota","Driver",12,
"Racing",2022,"Panini","Chronicles","Phoenix Autographs","Chase Elliott","NAPA Auto Parts | Hendrick Motorsports | Chevrolet","Driver",13,
"Racing",2022,"Panini","Chronicles","Phoenix Autographs","Todd Gilliland","First Phase | Front Row Motorsports | Ford","Driver",15,
"Racing",2022,"Panini","Chronicles","Phoenix Autographs","Austin Dillon","Bass Pro Shops | Richard Childress Racing | Chevrolet","Driver",16,
"Racing",2022,"Panini","Chronicles","Phoenix Autographs","Dale Earnhardt Jr","Mountain Dew | Hendrick Motorsports | Chevrolet","Driver",18,
"Racing",2022,"Panini","Chronicles","Phoenix Autographs","Joey Logano","Shell-Pennzoil | Team Penske | Ford","Driver",19,
"Racing",2022,"Panini","Chronicles","Phoenix Autographs Gold","Jeff Gordon","DuPont | Hendrick Motorsports | Chevrolet","Driver",1,2
"Racing",2022,"Panini","Chronicles","Phoenix Autographs Gold","Bubba Wallace","McDonald's | 23XI Racing | Toyota","Driver",2,10
"Racing",2022,"Panini","Chronicles","Phoenix Autographs Gold","Sheldon Creed","Whelen | Richard Childress Racing | Chevrolet","Driver",3,10
"Racing",2022,"Panini","Chronicles","Phoenix Autographs Gold","Brandon Brown","TradetheChain | Brandonbilt Motorsports | Chevrolet","Driver",4,10
"Racing",2022,"Panini","Chronicles","Phoenix Autographs Gold","Daniel Dye","ARCA Menards East Series","Driver",5,10
"Racing",2022,"Panini","Chronicles","Phoenix Autographs Gold","William Byron","AXALTA | Hendrick Motorsports | Chevrolet","Driver",6,10
"Racing",2022,"Panini","Chronicles","Phoenix Autographs Gold","Brad Keselowski","Violet Defense | RFK Racing | Ford","Driver",7,10
"Racing",2022,"Panini","Chronicles","Phoenix Autographs Gold","Chase Briscoe","Mahindra | Stewart-Haas Racing| Ford","Driver",8,10
"Racing",2022,"Panini","Chronicles","Phoenix Autographs Gold","Martin Truex Jr.","Bass Pro Shops | Joe Gibbs Racing | Toyota","Driver",9,5
"Racing",2022,"Panini","Chronicles","Phoenix Autographs Gold","Kyle Larson","Hendrickcars.com | Hendrick Motorsports | Chevrolet","Driver",10,5
"Racing",2022,"Panini","Chronicles","Phoenix Autographs Gold","Kyle Busch","M&M's | Joe Gibbs Racing | Toyota","Driver",11,3
"Racing",2022,"Panini","Chronicles","Phoenix Autographs Gold","Ty Gibbs","Monster Energy | Joe Gibbs Racing | Toyota","Driver",12,10
"Racing",2022,"Panini","Chronicles","Phoenix Autographs Gold","Chase Elliott","NAPA Auto Parts | Hendrick Motorsports | Chevrolet","Driver",13,10
"Racing",2022,"Panini","Chronicles","Phoenix Autographs Gold","Kevin Harvick","Hunt Brothers Pizza | Stewart-Haas Racing | Ford","Driver",14,4
"Racing",2022,"Panini","Chronicles","Phoenix Autographs Gold","Todd Gilliland","First Phase | Front Row Motorsports | Ford","Driver",15,10
"Racing",2022,"Panini","Chronicles","Phoenix Autographs Gold","Austin Dillon","Bass Pro Shops | Richard Childress Racing | Chevrolet","Driver",16,10
"Racing",2022,"Panini","Chronicles","Phoenix Autographs Gold","Ray Black Jr.","CDA | SS Greenlight | Chevrolet","Driver",17,10
"Racing",2022,"Panini","Chronicles","Phoenix Autographs Gold","Joey Logano","Shell-Pennzoil | Team Penske | Ford","Driver",19,10
"Racing",2022,"Panini","Chronicles","Phoenix Autographs Gold","Kurt Busch","Monster | 23XI Racing | Toyota","Driver",20,5
"Racing",2022,"Panini","Chronicles","Phoenix Autographs Gold Vinyl","Bubba Wallace","McDonald's | 23XI Racing | Toyota","Driver",2,1
"Racing",2022,"Panini","Chronicles","Phoenix Autographs Gold Vinyl","Sheldon Creed","Whelen | Richard Childress Racing | Chevrolet","Driver",3,1
"Racing",2022,"Panini","Chronicles","Phoenix Autographs Gold Vinyl","Brandon Brown","TradetheChain | Brandonbilt Motorsports | Chevrolet","Driver",4,1
"Racing",2022,"Panini","Chronicles","Phoenix Autographs Gold Vinyl","Daniel Dye","ARCA Menards East Series","Driver",5,1
"Racing",2022,"Panini","Chronicles","Phoenix Autographs Gold Vinyl","William Byron","AXALTA | Hendrick Motorsports | Chevrolet","Driver",6,1
"Racing",2022,"Panini","Chronicles","Phoenix Autographs Gold Vinyl","Brad Keselowski","Violet Defense | RFK Racing | Ford","Driver",7,1
"Racing",2022,"Panini","Chronicles","Phoenix Autographs Gold Vinyl","Chase Briscoe","Mahindra | Stewart-Haas Racing| Ford","Driver",8,1
"Racing",2022,"Panini","Chronicles","Phoenix Autographs Gold Vinyl","Martin Truex Jr.","Bass Pro Shops | Joe Gibbs Racing | Toyota","Driver",9,1
"Racing",2022,"Panini","Chronicles","Phoenix Autographs Gold Vinyl","Kyle Larson","Hendrickcars.com | Hendrick Motorsports | Chevrolet","Driver",10,1
"Racing",2022,"Panini","Chronicles","Phoenix Autographs Gold Vinyl","Kyle Busch","M&M's | Joe Gibbs Racing | Toyota","Driver",11,1
"Racing",2022,"Panini","Chronicles","Phoenix Autographs Gold Vinyl","Ty Gibbs","Monster Energy | Joe Gibbs Racing | Toyota","Driver",12,1
"Racing",2022,"Panini","Chronicles","Phoenix Autographs Gold Vinyl","Chase Elliott","NAPA Auto Parts | Hendrick Motorsports | Chevrolet","Driver",13,1
"Racing",2022,"Panini","Chronicles","Phoenix Autographs Gold Vinyl","Kevin Harvick","Hunt Brothers Pizza | Stewart-Haas Racing | Ford","Driver",14,1
"Racing",2022,"Panini","Chronicles","Phoenix Autographs Gold Vinyl","Todd Gilliland","First Phase | Front Row Motorsports | Ford","Driver",15,1
"Racing",2022,"Panini","Chronicles","Phoenix Autographs Gold Vinyl","Austin Dillon","Bass Pro Shops | Richard Childress Racing | Chevrolet","Driver",16,1
"Racing",2022,"Panini","Chronicles","Phoenix Autographs Gold Vinyl","Ray Black Jr.","CDA | SS Greenlight | Chevrolet","Driver",17,1
"Racing",2022,"Panini","Chronicles","Phoenix Autographs Gold Vinyl","Dale Earnhardt Jr","Mountain Dew | Hendrick Motorsports | Chevrolet","Driver",18,1
"Racing",2022,"Panini","Chronicles","Phoenix Autographs Gold Vinyl","Joey Logano","Shell-Pennzoil | Team Penske | Ford","Driver",19,1
"Racing",2022,"Panini","Chronicles","Phoenix Autographs Gold Vinyl","Kurt Busch","Monster | 23XI Racing | Toyota","Driver",20,1
"Racing",2022,"Panini","Chronicles","Phoenix Blue","Jeff Gordon","DuPont | Hendrick Motorsports | Chevrolet","Driver",1,199
"Racing",2022,"Panini","Chronicles","Phoenix Blue","Bubba Wallace","McDonald's | 23XI Racing | Toyota","Driver",2,199
"Racing",2022,"Panini","Chronicles","Phoenix Blue","Sheldon Creed","Whelen | Richard Childress Racing | Chevrolet","Driver",3,199
"Racing",2022,"Panini","Chronicles","Phoenix Blue","Brandon Brown","TradetheChain | Brandonbilt Motorsports | Chevrolet","Driver",4,199
"Racing",2022,"Panini","Chronicles","Phoenix Blue","Daniel Dye","ARCA Menards East Series","Driver",5,199
"Racing",2022,"Panini","Chronicles","Phoenix Blue","William Byron","AXALTA | Hendrick Motorsports | Chevrolet","Driver",6,199
"Racing",2022,"Panini","Chronicles","Phoenix Blue","Brad Keselowski","Violet Defense | RFK Racing | Ford","Driver",7,199
"Racing",2022,"Panini","Chronicles","Phoenix Blue","Chase Briscoe","Mahindra | Stewart-Haas Racing| Ford","Driver",8,199
"Racing",2022,"Panini","Chronicles","Phoenix Blue","Martin Truex Jr.","Bass Pro Shops | Joe Gibbs Racing | Toyota","Driver",9,199
"Racing",2022,"Panini","Chronicles","Phoenix Blue","Kyle Larson","Hendrickcars.com | Hendrick Motorsports | Chevrolet","Driver",10,199
"Racing",2022,"Panini","Chronicles","Phoenix Blue","Kyle Busch","M&M's | Joe Gibbs Racing | Toyota","Driver",11,199
"Racing",2022,"Panini","Chronicles","Phoenix Blue","Ty Gibbs","Monster Energy | Joe Gibbs Racing | Toyota","Driver",12,199
"Racing",2022,"Panini","Chronicles","Phoenix Blue","Chase Elliott","NAPA Auto Parts | Hendrick Motorsports | Chevrolet","Driver",13,199
"Racing",2022,"Panini","Chronicles","Phoenix Blue","Kevin Harvick","Hunt Brothers Pizza | Stewart-Haas Racing | Ford","Driver",14,199
"Racing",2022,"Panini","Chronicles","Phoenix Blue","Todd Gilliland","First Phase | Front Row Motorsports | Ford","Driver",15,199
"Racing",2022,"Panini","Chronicles","Phoenix Blue","Austin Dillon","Bass Pro Shops | Richard Childress Racing | Chevrolet","Driver",16,199
"Racing",2022,"Panini","Chronicles","Phoenix Blue","Ray Black Jr.","CDA | SS Greenlight | Chevrolet","Driver",17,199
"Racing",2022,"Panini","Chronicles","Phoenix Blue","Joey Logano","Shell-Pennzoil | Team Penske | Ford","Driver",19,199
"Racing",2022,"Panini","Chronicles","Phoenix Blue","Kurt Busch","Monster | 23XI Racing | Toyota","Driver",20,199
"Racing",2022,"Panini","Chronicles","Phoenix Gold","Jeff Gordon","DuPont | Hendrick Motorsports | Chevrolet","Driver",1,10
"Racing",2022,"Panini","Chronicles","Phoenix Gold","Bubba Wallace","McDonald's | 23XI Racing | Toyota","Driver",2,10
"Racing",2022,"Panini","Chronicles","Phoenix Gold","Sheldon Creed","Whelen | Richard Childress Racing | Chevrolet","Driver",3,10
"Racing",2022,"Panini","Chronicles","Phoenix Gold","Brandon Brown","TradetheChain | Brandonbilt Motorsports | Chevrolet","Driver",4,10
"Racing",2022,"Panini","Chronicles","Phoenix Gold","Daniel Dye","ARCA Menards East Series","Driver",5,10
"Racing",2022,"Panini","Chronicles","Phoenix Gold","William Byron","AXALTA | Hendrick Motorsports | Chevrolet","Driver",6,10
"Racing",2022,"Panini","Chronicles","Phoenix Gold","Brad Keselowski","Violet Defense | RFK Racing | Ford","Driver",7,10
"Racing",2022,"Panini","Chronicles","Phoenix Gold","Chase Briscoe","Mahindra | Stewart-Haas Racing| Ford","Driver",8,10
"Racing",2022,"Panini","Chronicles","Phoenix Gold","Martin Truex Jr.","Bass Pro Shops | Joe Gibbs Racing | Toyota","Driver",9,10
"Racing",2022,"Panini","Chronicles","Phoenix Gold","Kyle Larson","Hendrickcars.com | Hendrick Motorsports | Chevrolet","Driver",10,10
"Racing",2022,"Panini","Chronicles","Phoenix Gold","Kyle Busch","M&M's | Joe Gibbs Racing | Toyota","Driver",11,10
"Racing",2022,"Panini","Chronicles","Phoenix Gold","Ty Gibbs","Monster Energy | Joe Gibbs Racing | Toyota","Driver",12,10
"Racing",2022,"Panini","Chronicles","Phoenix Gold","Chase Elliott","NAPA Auto Parts | Hendrick Motorsports | Chevrolet","Driver",13,10
"Racing",2022,"Panini","Chronicles","Phoenix Gold","Kevin Harvick","Hunt Brothers Pizza | Stewart-Haas Racing | Ford","Driver",14,10
"Racing",2022,"Panini","Chronicles","Phoenix Gold","Todd Gilliland","First Phase | Front Row Motorsports | Ford","Driver",15,10
"Racing",2022,"Panini","Chronicles","Phoenix Gold","Austin Dillon","Bass Pro Shops | Richard Childress Racing | Chevrolet","Driver",16,10
"Racing",2022,"Panini","Chronicles","Phoenix Gold","Ray Black Jr.","CDA | SS Greenlight | Chevrolet","Driver",17,10
"Racing",2022,"Panini","Chronicles","Phoenix Gold","Dale Earnhardt Jr","Mountain Dew | Hendrick Motorsports | Chevrolet","Driver",18,10
"Racing",2022,"Panini","Chronicles","Phoenix Gold","Joey Logano","Shell-Pennzoil | Team Penske | Ford","Driver",19,10
"Racing",2022,"Panini","Chronicles","Phoenix Gold","Kurt Busch","Monster | 23XI Racing | Toyota","Driver",20,10
"Racing",2022,"Panini","Chronicles","Phoenix Gold Vinyl","Jeff Gordon","DuPont | Hendrick Motorsports | Chevrolet","Driver",1,1
"Racing",2022,"Panini","Chronicles","Phoenix Gold Vinyl","Bubba Wallace","McDonald's | 23XI Racing | Toyota","Driver",2,1
"Racing",2022,"Panini","Chronicles","Phoenix Gold Vinyl","Sheldon Creed","Whelen | Richard Childress Racing | Chevrolet","Driver",3,1
"Racing",2022,"Panini","Chronicles","Phoenix Gold Vinyl","Brandon Brown","TradetheChain | Brandonbilt Motorsports | Chevrolet","Driver",4,1
"Racing",2022,"Panini","Chronicles","Phoenix Gold Vinyl","Daniel Dye","ARCA Menards East Series","Driver",5,1
"Racing",2022,"Panini","Chronicles","Phoenix Gold Vinyl","William Byron","AXALTA | Hendrick Motorsports | Chevrolet","Driver",6,1
"Racing",2022,"Panini","Chronicles","Phoenix Gold Vinyl","Brad Keselowski","Violet Defense | RFK Racing | Ford","Driver",7,1
"Racing",2022,"Panini","Chronicles","Phoenix Gold Vinyl","Chase Briscoe","Mahindra | Stewart-Haas Racing| Ford","Driver",8,1
"Racing",2022,"Panini","Chronicles","Phoenix Gold Vinyl","Kyle Larson","Hendrickcars.com | Hendrick Motorsports | Chevrolet","Driver",10,1
"Racing",2022,"Panini","Chronicles","Phoenix Gold Vinyl","Kyle Busch","M&M's | Joe Gibbs Racing | Toyota","Driver",11,1
"Racing",2022,"Panini","Chronicles","Phoenix Gold Vinyl","Ty Gibbs","Monster Energy | Joe Gibbs Racing | Toyota","Driver",12,1
"Racing",2022,"Panini","Chronicles","Phoenix Gold Vinyl","Chase Elliott","NAPA Auto Parts | Hendrick Motorsports | Chevrolet","Driver",13,1
"Racing",2022,"Panini","Chronicles","Phoenix Gold Vinyl","Kevin Harvick","Hunt Brothers Pizza | Stewart-Haas Racing | Ford","Driver",14,1
"Racing",2022,"Panini","Chronicles","Phoenix Gold Vinyl","Todd Gilliland","First Phase | Front Row Motorsports | Ford","Driver",15,1
"Racing",2022,"Panini","Chronicles","Phoenix Gold Vinyl","Austin Dillon","Bass Pro Shops | Richard Childress Racing | Chevrolet","Driver",16,1
"Racing",2022,"Panini","Chronicles","Phoenix Gold Vinyl","Ray Black Jr.","CDA | SS Greenlight | Chevrolet","Driver",17,1
"Racing",2022,"Panini","Chronicles","Phoenix Gold Vinyl","Dale Earnhardt Jr","Mountain Dew | Hendrick Motorsports | Chevrolet","Driver",18,1
"Racing",2022,"Panini","Chronicles","Phoenix Gold Vinyl","Joey Logano","Shell-Pennzoil | Team Penske | Ford","Driver",19,1
"Racing",2022,"Panini","Chronicles","Phoenix Gold Vinyl","Kurt Busch","Monster | 23XI Racing | Toyota","Driver",20,1
"Racing",2022,"Panini","Chronicles","Phoenix Green","Jeff Gordon","DuPont | Hendrick Motorsports | Chevrolet","Driver",1,
"Racing",2022,"Panini","Chronicles","Phoenix Green","Bubba Wallace","McDonald's | 23XI Racing | Toyota","Driver",2,
"Racing",2022,"Panini","Chronicles","Phoenix Green","Brandon Brown","TradetheChain | Brandonbilt Motorsports | Chevrolet","Driver",4,
"Racing",2022,"Panini","Chronicles","Phoenix Green","Daniel Dye","ARCA Menards East Series","Driver",5,
"Racing",2022,"Panini","Chronicles","Phoenix Green","William Byron","AXALTA | Hendrick Motorsports | Chevrolet","Driver",6,
"Racing",2022,"Panini","Chronicles","Phoenix Green","Brad Keselowski","Violet Defense | RFK Racing | Ford","Driver",7,
"Racing",2022,"Panini","Chronicles","Phoenix Green","Chase Briscoe","Mahindra | Stewart-Haas Racing| Ford","Driver",8,
"Racing",2022,"Panini","Chronicles","Phoenix Green","Kyle Larson","Hendrickcars.com | Hendrick Motorsports | Chevrolet","Driver",10,
"Racing",2022,"Panini","Chronicles","Phoenix Green","Kyle Busch","M&M's | Joe Gibbs Racing | Toyota","Driver",11,
"Racing",2022,"Panini","Chronicles","Phoenix Green","Ty Gibbs","Monster Energy | Joe Gibbs Racing | Toyota","Driver",12,
"Racing",2022,"Panini","Chronicles","Phoenix Green","Chase Elliott","NAPA Auto Parts | Hendrick Motorsports | Chevrolet","Driver",13,
"Racing",2022,"Panini","Chronicles","Phoenix Green","Kevin Harvick","Hunt Brothers Pizza | Stewart-Haas Racing | Ford","Driver",14,
"Racing",2022,"Panini","Chronicles","Phoenix Green","Todd Gilliland","First Phase | Front Row Motorsports | Ford","Driver",15,
"Racing",2022,"Panini","Chronicles","Phoenix Green","Austin Dillon","Bass Pro Shops | Richard Childress Racing | Chevrolet","Driver",16,
"Racing",2022,"Panini","Chronicles","Phoenix Green","Ray Black Jr.","CDA | SS Greenlight | Chevrolet","Driver",17,
"Racing",2022,"Panini","Chronicles","Phoenix Green","Dale Earnhardt Jr","Mountain Dew | Hendrick Motorsports | Chevrolet","Driver",18,
"Racing",2022,"Panini","Chronicles","Phoenix Green","Joey Logano","Shell-Pennzoil | Team Penske | Ford","Driver",19,
"Racing",2022,"Panini","Chronicles","Phoenix Green","Kurt Busch","Monster | 23XI Racing | Toyota","Driver",20,
"Racing",2022,"Panini","Chronicles","Phoenix Holo","Bubba Wallace","McDonald's | 23XI Racing | Toyota","Driver",2,
"Racing",2022,"Panini","Chronicles","Phoenix Holo","Sheldon Creed","Whelen | Richard Childress Racing | Chevrolet","Driver",3,
"Racing",2022,"Panini","Chronicles","Phoenix Holo","Brandon Brown","TradetheChain | Brandonbilt Motorsports | Chevrolet","Driver",4,
"Racing",2022,"Panini","Chronicles","Phoenix Holo","Daniel Dye","ARCA Menards East Series","Driver",5,
"Racing",2022,"Panini","Chronicles","Phoenix Holo","William Byron","AXALTA | Hendrick Motorsports | Chevrolet","Driver",6,
"Racing",2022,"Panini","Chronicles","Phoenix Holo","Brad Keselowski","Violet Defense | RFK Racing | Ford","Driver",7,
"Racing",2022,"Panini","Chronicles","Phoenix Holo","Martin Truex Jr.","Bass Pro Shops | Joe Gibbs Racing | Toyota","Driver",9,
"Racing",2022,"Panini","Chronicles","Phoenix Holo","Kyle Larson","Hendrickcars.com | Hendrick Motorsports | Chevrolet","Driver",10,
"Racing",2022,"Panini","Chronicles","Phoenix Holo","Kyle Busch","M&M's | Joe Gibbs Racing | Toyota","Driver",11,
"Racing",2022,"Panini","Chronicles","Phoenix Holo","Ty Gibbs","Monster Energy | Joe Gibbs Racing | Toyota","Driver",12,
"Racing",2022,"Panini","Chronicles","Phoenix Holo","Chase Elliott","NAPA Auto Parts | Hendrick Motorsports | Chevrolet","Driver",13,
"Racing",2022,"Panini","Chronicles","Phoenix Holo","Kevin Harvick","Hunt Brothers Pizza | Stewart-Haas Racing | Ford","Driver",14,
"Racing",2022,"Panini","Chronicles","Phoenix Holo","Austin Dillon","Bass Pro Shops | Richard Childress Racing | Chevrolet","Driver",16,
"Racing",2022,"Panini","Chronicles","Phoenix Holo","Ray Black Jr.","CDA | SS Greenlight | Chevrolet","Driver",17,
"Racing",2022,"Panini","Chronicles","Phoenix Holo","Dale Earnhardt Jr","Mountain Dew | Hendrick Motorsports | Chevrolet","Driver",18,
"Racing",2022,"Panini","Chronicles","Phoenix Holo","Joey Logano","Shell-Pennzoil | Team Penske | Ford","Driver",19,
"Racing",2022,"Panini","Chronicles","Phoenix Holo","Kurt Busch","Monster | 23XI Racing | Toyota","Driver",20,
"Racing",2022,"Panini","Chronicles","Phoenix Purple","Bubba Wallace","McDonald's | 23XI Racing | Toyota","Driver",2,25
"Racing",2022,"Panini","Chronicles","Phoenix Purple","Sheldon Creed","Whelen | Richard Childress Racing | Chevrolet","Driver",3,25
"Racing",2022,"Panini","Chronicles","Phoenix Purple","Brandon Brown","TradetheChain | Brandonbilt Motorsports | Chevrolet","Driver",4,25
"Racing",2022,"Panini","Chronicles","Phoenix Purple","Daniel Dye","ARCA Menards East Series","Driver",5,25
"Racing",2022,"Panini","Chronicles","Phoenix Purple","William Byron","AXALTA | Hendrick Motorsports | Chevrolet","Driver",6,25
"Racing",2022,"Panini","Chronicles","Phoenix Purple","Brad Keselowski","Violet Defense | RFK Racing | Ford","Driver",7,25
"Racing",2022,"Panini","Chronicles","Phoenix Purple","Chase Briscoe","Mahindra | Stewart-Haas Racing| Ford","Driver",8,25
"Racing",2022,"Panini","Chronicles","Phoenix Purple","Martin Truex Jr.","Bass Pro Shops | Joe Gibbs Racing | Toyota","Driver",9,25
"Racing",2022,"Panini","Chronicles","Phoenix Purple","Kyle Busch","M&M's | Joe Gibbs Racing | Toyota","Driver",11,25
"Racing",2022,"Panini","Chronicles","Phoenix Purple","Ty Gibbs","Monster Energy | Joe Gibbs Racing | Toyota","Driver",12,25
"Racing",2022,"Panini","Chronicles","Phoenix Purple","Kevin Harvick","Hunt Brothers Pizza | Stewart-Haas Racing | Ford","Driver",14,25
"Racing",2022,"Panini","Chronicles","Phoenix Purple","Todd Gilliland","First Phase | Front Row Motorsports | Ford","Driver",15,25
"Racing",2022,"Panini","Chronicles","Phoenix Purple","Austin Dillon","Bass Pro Shops | Richard Childress Racing | Chevrolet","Driver",16,25
"Racing",2022,"Panini","Chronicles","Phoenix Purple","Ray Black Jr.","CDA | SS Greenlight | Chevrolet","Driver",17,25
"Racing",2022,"Panini","Chronicles","Phoenix Purple","Dale Earnhardt Jr","Mountain Dew | Hendrick Motorsports | Chevrolet","Driver",18,25
"Racing",2022,"Panini","Chronicles","Phoenix Purple","Joey Logano","Shell-Pennzoil | Team Penske | Ford","Driver",19,25
"Racing",2022,"Panini","Chronicles","Phoenix Purple","Kurt Busch","Monster | 23XI Racing | Toyota","Driver",20,25
"Racing",2022,"Panini","Chronicles","Phoenix Red","Jeff Gordon","DuPont | Hendrick Motorsports | Chevrolet","Driver",1,99
"Racing",2022,"Panini","Chronicles","Phoenix Red","Bubba Wallace","McDonald's | 23XI Racing | Toyota","Driver",2,99
"Racing",2022,"Panini","Chronicles","Phoenix Red","Sheldon Creed","Whelen | Richard Childress Racing | Chevrolet","Driver",3,99
"Racing",2022,"Panini","Chronicles","Phoenix Red","Daniel Dye","ARCA Menards East Series","Driver",5,99
"Racing",2022,"Panini","Chronicles","Phoenix Red","William Byron","AXALTA | Hendrick Motorsports | Chevrolet","Driver",6,99
"Racing",2022,"Panini","Chronicles","Phoenix Red","Brad Keselowski","Violet Defense | RFK Racing | Ford","Driver",7,99
"Racing",2022,"Panini","Chronicles","Phoenix Red","Chase Briscoe","Mahindra | Stewart-Haas Racing| Ford","Driver",8,99
"Racing",2022,"Panini","Chronicles","Phoenix Red","Martin Truex Jr.","Bass Pro Shops | Joe Gibbs Racing | Toyota","Driver",9,99
"Racing",2022,"Panini","Chronicles","Phoenix Red","Kyle Busch","M&M's | Joe Gibbs Racing | Toyota","Driver",11,99
"Racing",2022,"Panini","Chronicles","Phoenix Red","Ty Gibbs","Monster Energy | Joe Gibbs Racing | Toyota","Driver",12,99
"Racing",2022,"Panini","Chronicles","Phoenix Red","Kevin Harvick","Hunt Brothers Pizza | Stewart-Haas Racing | Ford","Driver",14,99
"Racing",2022,"Panini","Chronicles","Phoenix Red","Todd Gilliland","First Phase | Front Row Motorsports | Ford","Driver",15,99
"Racing",2022,"Panini","Chronicles","Phoenix Red","Austin Dillon","Bass Pro Shops | Richard Childress Racing | Chevrolet","Driver",16,99
"Racing",2022,"Panini","Chronicles","Phoenix Red","Ray Black Jr.","CDA | SS Greenlight | Chevrolet","Driver",17,99
"Racing",2022,"Panini","Chronicles","Phoenix Red","Dale Earnhardt Jr","Mountain Dew | Hendrick Motorsports | Chevrolet","Driver",18,99
"Racing",2022,"Panini","Chronicles","Phoenix Red","Joey Logano","Shell-Pennzoil | Team Penske | Ford","Driver",19,99
"Racing",2022,"Panini","Chronicles","Phoenix Red","Kurt Busch","Monster | 23XI Racing | Toyota","Driver",20,99
"Racing",2022,"Panini","Chronicles","Pinnacle","Kaz Grala","Pit Viper | The Money Team | Chevrolet","Driver",1,
"Racing",2022,"Panini","Chronicles","Pinnacle","Tyler Reddick","Caterpillar | Richard Childress Racing | Chevrolet","Driver",2,
"Racing",2022,"Panini","Chronicles","Pinnacle","Noah Gragson","Bass Pro Shops | JR Motorsports | Chevrolet","Driver",3,
"Racing",2022,"Panini","Chronicles","Pinnacle","Jimmie Johnson","Ally Financial | Hendrick Motorsports | Chevrolet","Driver",4,
"Racing",2022,"Panini","Chronicles","Pinnacle","Austin Dillon","Bass Pro Shops | Richard Childress Racing | Chevrolet","Driver",5,
"Racing",2022,"Panini","Chronicles","Pinnacle","Kyle Larson","Hendrickcars.com | Hendrick Motorsports | Chevrolet","Driver",6,
"Racing",2022,"Panini","Chronicles","Pinnacle","Ty Gibbs","Monster Energy | Joe Gibbs Racing | Toyota","Driver",8,
"Racing",2022,"Panini","Chronicles","Pinnacle","Todd Gilliland","Front Row Motorsports","Driver",9,
"Racing",2022,"Panini","Chronicles","Pinnacle","Corey Heim","JBL | Kyle Busch Motorsports | Toyota","Driver",10,
"Racing",2022,"Panini","Chronicles","Pinnacle","Martin Truex Jr.","Bass Pro Shops | Joe Gibbs Racing | Toyota","Driver",11,
"Racing",2022,"Panini","Chronicles","Pinnacle","William Byron","AXALTA | Hendrick Motorsports | Chevrolet","Driver",12,
"Racing",2022,"Panini","Chronicles","Pinnacle","Cole Moore","ARCA Menards West Series","Driver",13,
"Racing",2022,"Panini","Chronicles","Pinnacle","Dale Earnhardt Jr","AXALTA | Hendrick Motorsports | Chevrolet","Driver",14,
"Racing",2022,"Panini","Chronicles","Pinnacle","Kevin Harvick","Hunt Brothers Pizza | Stewart-Haas Racing | Ford","Driver",15,
"Racing",2022,"Panini","Chronicles","Pinnacle","Bret Holmes","ARCA Menards","Driver",17,
"Racing",2022,"Panini","Chronicles","Pinnacle","Matt DiBenedetto","Rackley Roofing | Rackley WAR | Chevrolet","Driver",18,
"Racing",2022,"Panini","Chronicles","Pinnacle","Brandon Brown","TradetheChain | Brandonbilt Motorsports | Chevrolet","Driver",19,
"Racing",2022,"Panini","Chronicles","Pinnacle","Brittney Zamora","Rackley Roofing | Toyota","Driver",20,
"Racing",2022,"Panini","Chronicles","Pinnacle Autographs","Kaz Grala","Pit Viper | The Money Team | Chevrolet","Driver",1,
"Racing",2022,"Panini","Chronicles","Pinnacle Autographs","Noah Gragson","Bass Pro Shops | JR Motorsports | Chevrolet","Driver",3,
"Racing",2022,"Panini","Chronicles","Pinnacle Autographs","Austin Dillon","Bass Pro Shops | Richard Childress Racing | Chevrolet","Driver",5,
"Racing",2022,"Panini","Chronicles","Pinnacle Autographs","Kyle Larson","Hendrickcars.com | Hendrick Motorsports | Chevrolet","Driver",6,
"Racing",2022,"Panini","Chronicles","Pinnacle Autographs","Sam Mayer","Tire Pros | JR Motorsports | Chevrolet","Driver",7,
"Racing",2022,"Panini","Chronicles","Pinnacle Autographs","Ty Gibbs","Monster Energy | Joe Gibbs Racing | Toyota","Driver",8,
"Racing",2022,"Panini","Chronicles","Pinnacle Autographs","Todd Gilliland","Front Row Motorsports","Driver",9,
"Racing",2022,"Panini","Chronicles","Pinnacle Autographs","Corey Heim","JBL | Kyle Busch Motorsports | Toyota","Driver",10,
"Racing",2022,"Panini","Chronicles","Pinnacle Autographs","Cole Moore","ARCA Menards West Series","Driver",13,
"Racing",2022,"Panini","Chronicles","Pinnacle Autographs","Dale Earnhardt Jr","AXALTA | Hendrick Motorsports | Chevrolet","Driver",14,
"Racing",2022,"Panini","Chronicles","Pinnacle Autographs","Bret Holmes","ARCA Menards","Driver",17,
"Racing",2022,"Panini","Chronicles","Pinnacle Autographs","Matt DiBenedetto","Rackley Roofing | Rackley WAR | Chevrolet","Driver",18,
"Racing",2022,"Panini","Chronicles","Pinnacle Autographs","Brandon Brown","TradetheChain | Brandonbilt Motorsports | Chevrolet","Driver",19,
"Racing",2022,"Panini","Chronicles","Pinnacle Autographs","Brittney Zamora","Rackley Roofing | Toyota","Driver",20,
"Racing",2022,"Panini","Chronicles","Pinnacle Autographs Black","Kaz Grala","Pit Viper | The Money Team | Chevrolet","Driver",1,1
"Racing",2022,"Panini","Chronicles","Pinnacle Autographs Black","Tyler Reddick","Caterpillar | Richard Childress Racing | Chevrolet","Driver",2,1
"Racing",2022,"Panini","Chronicles","Pinnacle Autographs Black","Noah Gragson","Bass Pro Shops | JR Motorsports | Chevrolet","Driver",3,1
"Racing",2022,"Panini","Chronicles","Pinnacle Autographs Black","Jimmie Johnson","Ally Financial | Hendrick Motorsports | Chevrolet","Driver",4,1
"Racing",2022,"Panini","Chronicles","Pinnacle Autographs Black","Austin Dillon","Bass Pro Shops | Richard Childress Racing | Chevrolet","Driver",5,1
"Racing",2022,"Panini","Chronicles","Pinnacle Autographs Black","Kyle Larson","Hendrickcars.com | Hendrick Motorsports | Chevrolet","Driver",6,1
"Racing",2022,"Panini","Chronicles","Pinnacle Autographs Black","Sam Mayer","Tire Pros | JR Motorsports | Chevrolet","Driver",7,1
"Racing",2022,"Panini","Chronicles","Pinnacle Autographs Black","Ty Gibbs","Monster Energy | Joe Gibbs Racing | Toyota","Driver",8,1
"Racing",2022,"Panini","Chronicles","Pinnacle Autographs Black","Todd Gilliland","Front Row Motorsports","Driver",9,1
"Racing",2022,"Panini","Chronicles","Pinnacle Autographs Black","Corey Heim","JBL | Kyle Busch Motorsports | Toyota","Driver",10,1
"Racing",2022,"Panini","Chronicles","Pinnacle Autographs Black","Martin Truex Jr.","Bass Pro Shops | Joe Gibbs Racing | Toyota","Driver",11,1
"Racing",2022,"Panini","Chronicles","Pinnacle Autographs Black","William Byron","AXALTA | Hendrick Motorsports | Chevrolet","Driver",12,1
"Racing",2022,"Panini","Chronicles","Pinnacle Autographs Black","Cole Moore","ARCA Menards West Series","Driver",13,1
"Racing",2022,"Panini","Chronicles","Pinnacle Autographs Black","Dale Earnhardt Jr","AXALTA | Hendrick Motorsports | Chevrolet","Driver",14,1
"Racing",2022,"Panini","Chronicles","Pinnacle Autographs Black","Jesse Love","Mobil 1 | Toyota","Driver",16,1
"Racing",2022,"Panini","Chronicles","Pinnacle Autographs Black","Bret Holmes","ARCA Menards","Driver",17,1
"Racing",2022,"Panini","Chronicles","Pinnacle Autographs Black","Brandon Brown","TradetheChain | Brandonbilt Motorsports | Chevrolet","Driver",19,1
"Racing",2022,"Panini","Chronicles","Pinnacle Autographs Black","Brittney Zamora","Rackley Roofing | Toyota","Driver",20,1
"Racing",2022,"Panini","Chronicles","Pinnacle Autographs Gold","Kaz Grala","Pit Viper | The Money Team | Chevrolet","Driver",1,10
"Racing",2022,"Panini","Chronicles","Pinnacle Autographs Gold","Tyler Reddick","Caterpillar | Richard Childress Racing | Chevrolet","Driver",2,10
"Racing",2022,"Panini","Chronicles","Pinnacle Autographs Gold","Noah Gragson","Bass Pro Shops | JR Motorsports | Chevrolet","Driver",3,10
"Racing",2022,"Panini","Chronicles","Pinnacle Autographs Gold","Jimmie Johnson","Ally Financial | Hendrick Motorsports | Chevrolet","Driver",4,5
"Racing",2022,"Panini","Chronicles","Pinnacle Autographs Gold","Austin Dillon","Bass Pro Shops | Richard Childress Racing | Chevrolet","Driver",5,5
"Racing",2022,"Panini","Chronicles","Pinnacle Autographs Gold","Kyle Larson","Hendrickcars.com | Hendrick Motorsports | Chevrolet","Driver",6,5
"Racing",2022,"Panini","Chronicles","Pinnacle Autographs Gold","Sam Mayer","Tire Pros | JR Motorsports | Chevrolet","Driver",7,10
"Racing",2022,"Panini","Chronicles","Pinnacle Autographs Gold","Ty Gibbs","Monster Energy | Joe Gibbs Racing | Toyota","Driver",8,10
"Racing",2022,"Panini","Chronicles","Pinnacle Autographs Gold","Todd Gilliland","Front Row Motorsports","Driver",9,10
"Racing",2022,"Panini","Chronicles","Pinnacle Autographs Gold","Corey Heim","JBL | Kyle Busch Motorsports | Toyota","Driver",10,10
"Racing",2022,"Panini","Chronicles","Pinnacle Autographs Gold","Martin Truex Jr.","Bass Pro Shops | Joe Gibbs Racing | Toyota","Driver",11,5
"Racing",2022,"Panini","Chronicles","Pinnacle Autographs Gold","William Byron","AXALTA | Hendrick Motorsports | Chevrolet","Driver",12,5
"Racing",2022,"Panini","Chronicles","Pinnacle Autographs Gold","Cole Moore","ARCA Menards West Series","Driver",13,10
"Racing",2022,"Panini","Chronicles","Pinnacle Autographs Gold","Kevin Harvick","Hunt Brothers Pizza | Stewart-Haas Racing | Ford","Driver",15,4
"Racing",2022,"Panini","Chronicles","Pinnacle Autographs Gold","Jesse Love","Mobil 1 | Toyota","Driver",16,10
"Racing",2022,"Panini","Chronicles","Pinnacle Autographs Gold","Bret Holmes","ARCA Menards","Driver",17,10
"Racing",2022,"Panini","Chronicles","Pinnacle Autographs Gold","Matt DiBenedetto","Rackley Roofing | Rackley WAR | Chevrolet","Driver",18,10
"Racing",2022,"Panini","Chronicles","Pinnacle Autographs Gold","Brandon Brown","TradetheChain | Brandonbilt Motorsports | Chevrolet","Driver",19,10
"Racing",2022,"Panini","Chronicles","Pinnacle Autographs Purple","Kaz Grala","Pit Viper | The Money Team | Chevrolet","Driver",1,25
"Racing",2022,"Panini","Chronicles","Pinnacle Autographs Purple","Noah Gragson","Bass Pro Shops | JR Motorsports | Chevrolet","Driver",3,25
"Racing",2022,"Panini","Chronicles","Pinnacle Autographs Purple","Jimmie Johnson","Ally Financial | Hendrick Motorsports | Chevrolet","Driver",4,7
"Racing",2022,"Panini","Chronicles","Pinnacle Autographs Purple","Austin Dillon","Bass Pro Shops | Richard Childress Racing | Chevrolet","Driver",5,10
"Racing",2022,"Panini","Chronicles","Pinnacle Autographs Purple","Kyle Larson","Hendrickcars.com | Hendrick Motorsports | Chevrolet","Driver",6,10
"Racing",2022,"Panini","Chronicles","Pinnacle Autographs Purple","Sam Mayer","Tire Pros | JR Motorsports | Chevrolet","Driver",7,25
"Racing",2022,"Panini","Chronicles","Pinnacle Autographs Purple","Ty Gibbs","Monster Energy | Joe Gibbs Racing | Toyota","Driver",8,25
"Racing",2022,"Panini","Chronicles","Pinnacle Autographs Purple","Todd Gilliland","Front Row Motorsports","Driver",9,25
"Racing",2022,"Panini","Chronicles","Pinnacle Autographs Purple","Corey Heim","JBL | Kyle Busch Motorsports | Toyota","Driver",10,25
"Racing",2022,"Panini","Chronicles","Pinnacle Autographs Purple","William Byron","AXALTA | Hendrick Motorsports | Chevrolet","Driver",12,10
"Racing",2022,"Panini","Chronicles","Pinnacle Autographs Purple","Cole Moore","ARCA Menards West Series","Driver",13,25
"Racing",2022,"Panini","Chronicles","Pinnacle Autographs Purple","Dale Earnhardt Jr","AXALTA | Hendrick Motorsports | Chevrolet","Driver",14,10
"Racing",2022,"Panini","Chronicles","Pinnacle Autographs Purple","Kevin Harvick","Hunt Brothers Pizza | Stewart-Haas Racing | Ford","Driver",15,5
"Racing",2022,"Panini","Chronicles","Pinnacle Autographs Purple","Jesse Love","Mobil 1 | Toyota","Driver",16,25
"Racing",2022,"Panini","Chronicles","Pinnacle Autographs Purple","Bret Holmes","ARCA Menards","Driver",17,25
"Racing",2022,"Panini","Chronicles","Pinnacle Autographs Purple","Matt DiBenedetto","Rackley Roofing | Rackley WAR | Chevrolet","Driver",18,25
"Racing",2022,"Panini","Chronicles","Pinnacle Autographs Purple","Brandon Brown","TradetheChain | Brandonbilt Motorsports | Chevrolet","Driver",19,25
"Racing",2022,"Panini","Chronicles","Pinnacle Autographs Purple","Brittney Zamora","Rackley Roofing | Toyota","Driver",20,25
"Racing",2022,"Panini","Chronicles","Pinnacle Black","Kaz Grala","Pit Viper | The Money Team | Chevrolet","Driver",1,1
"Racing",2022,"Panini","Chronicles","Pinnacle Black","Tyler Reddick","Caterpillar | Richard Childress Racing | Chevrolet","Driver",2,1
"Racing",2022,"Panini","Chronicles","Pinnacle Black","Noah Gragson","Bass Pro Shops | JR Motorsports | Chevrolet","Driver",3,1
"Racing",2022,"Panini","Chronicles","Pinnacle Black","Jimmie Johnson","Ally Financial | Hendrick Motorsports | Chevrolet","Driver",4,1
"Racing",2022,"Panini","Chronicles","Pinnacle Black","Austin Dillon","Bass Pro Shops | Richard Childress Racing | Chevrolet","Driver",5,1
"Racing",2022,"Panini","Chronicles","Pinnacle Black","Kyle Larson","Hendrickcars.com | Hendrick Motorsports | Chevrolet","Driver",6,1
"Racing",2022,"Panini","Chronicles","Pinnacle Black","Sam Mayer","Tire Pros | JR Motorsports | Chevrolet","Driver",7,1
"Racing",2022,"Panini","Chronicles","Pinnacle Black","Ty Gibbs","Monster Energy | Joe Gibbs Racing | Toyota","Driver",8,1
"Racing",2022,"Panini","Chronicles","Pinnacle Black","Todd Gilliland","Front Row Motorsports","Driver",9,1
"Racing",2022,"Panini","Chronicles","Pinnacle Black","Corey Heim","JBL | Kyle Busch Motorsports | Toyota","Driver",10,1
"Racing",2022,"Panini","Chronicles","Pinnacle Black","Martin Truex Jr.","Bass Pro Shops | Joe Gibbs Racing | Toyota","Driver",11,1
"Racing",2022,"Panini","Chronicles","Pinnacle Black","William Byron","AXALTA | Hendrick Motorsports | Chevrolet","Driver",12,1
"Racing",2022,"Panini","Chronicles","Pinnacle Black","Dale Earnhardt Jr","AXALTA | Hendrick Motorsports | Chevrolet","Driver",14,1
"Racing",2022,"Panini","Chronicles","Pinnacle Black","Kevin Harvick","Hunt Brothers Pizza | Stewart-Haas Racing | Ford","Driver",15,1
"Racing",2022,"Panini","Chronicles","Pinnacle Black","Jesse Love","Mobil 1 | Toyota","Driver",16,1
"Racing",2022,"Panini","Chronicles","Pinnacle Black","Bret Holmes","ARCA Menards","Driver",17,1
"Racing",2022,"Panini","Chronicles","Pinnacle Black","Matt DiBenedetto","Rackley Roofing | Rackley WAR | Chevrolet","Driver",18,1
"Racing",2022,"Panini","Chronicles","Pinnacle Black","Brandon Brown","TradetheChain | Brandonbilt Motorsports | Chevrolet","Driver",19,1
"Racing",2022,"Panini","Chronicles","Pinnacle Black","Brittney Zamora","Rackley Roofing | Toyota","Driver",20,1
"Racing",2022,"Panini","Chronicles","Pinnacle Blue","Kaz Grala","Pit Viper | The Money Team | Chevrolet","Driver",1,199
"Racing",2022,"Panini","Chronicles","Pinnacle Blue","Noah Gragson","Bass Pro Shops | JR Motorsports | Chevrolet","Driver",3,199
"Racing",2022,"Panini","Chronicles","Pinnacle Blue","Jimmie Johnson","Ally Financial | Hendrick Motorsports | Chevrolet","Driver",4,199
"Racing",2022,"Panini","Chronicles","Pinnacle Blue","Austin Dillon","Bass Pro Shops | Richard Childress Racing | Chevrolet","Driver",5,199
"Racing",2022,"Panini","Chronicles","Pinnacle Blue","Kyle Larson","Hendrickcars.com | Hendrick Motorsports | Chevrolet","Driver",6,199
"Racing",2022,"Panini","Chronicles","Pinnacle Blue","Sam Mayer","Tire Pros | JR Motorsports | Chevrolet","Driver",7,199
"Racing",2022,"Panini","Chronicles","Pinnacle Blue","Ty Gibbs","Monster Energy | Joe Gibbs Racing | Toyota","Driver",8,199
"Racing",2022,"Panini","Chronicles","Pinnacle Blue","Todd Gilliland","Front Row Motorsports","Driver",9,199
"Racing",2022,"Panini","Chronicles","Pinnacle Blue","Corey Heim","JBL | Kyle Busch Motorsports | Toyota","Driver",10,199
"Racing",2022,"Panini","Chronicles","Pinnacle Blue","Martin Truex Jr.","Bass Pro Shops | Joe Gibbs Racing | Toyota","Driver",11,199
"Racing",2022,"Panini","Chronicles","Pinnacle Blue","William Byron","AXALTA | Hendrick Motorsports | Chevrolet","Driver",12,199
"Racing",2022,"Panini","Chronicles","Pinnacle Blue","Cole Moore","ARCA Menards West Series","Driver",13,199
"Racing",2022,"Panini","Chronicles","Pinnacle Blue","Dale Earnhardt Jr","AXALTA | Hendrick Motorsports | Chevrolet","Driver",14,199
"Racing",2022,"Panini","Chronicles","Pinnacle Blue","Kevin Harvick","Hunt Brothers Pizza | Stewart-Haas Racing | Ford","Driver",15,199
"Racing",2022,"Panini","Chronicles","Pinnacle Blue","Jesse Love","Mobil 1 | Toyota","Driver",16,199
"Racing",2022,"Panini","Chronicles","Pinnacle Blue","Bret Holmes","ARCA Menards","Driver",17,199
"Racing",2022,"Panini","Chronicles","Pinnacle Blue","Matt DiBenedetto","Rackley Roofing | Rackley WAR | Chevrolet","Driver",18,199
"Racing",2022,"Panini","Chronicles","Pinnacle Blue","Brandon Brown","TradetheChain | Brandonbilt Motorsports | Chevrolet","Driver",19,199
"Racing",2022,"Panini","Chronicles","Pinnacle Blue","Brittney Zamora","Rackley Roofing | Toyota","Driver",20,199
"Racing",2022,"Panini","Chronicles","Pinnacle Gold","Kaz Grala","Pit Viper | The Money Team | Chevrolet","Driver",1,10
"Racing",2022,"Panini","Chronicles","Pinnacle Gold","Tyler Reddick","Caterpillar | Richard Childress Racing | Chevrolet","Driver",2,10
"Racing",2022,"Panini","Chronicles","Pinnacle Gold","Noah Gragson","Bass Pro Shops | JR Motorsports | Chevrolet","Driver",3,10
"Racing",2022,"Panini","Chronicles","Pinnacle Gold","Jimmie Johnson","Ally Financial | Hendrick Motorsports | Chevrolet","Driver",4,10
"Racing",2022,"Panini","Chronicles","Pinnacle Gold","Austin Dillon","Bass Pro Shops | Richard Childress Racing | Chevrolet","Driver",5,10
"Racing",2022,"Panini","Chronicles","Pinnacle Gold","Kyle Larson","Hendrickcars.com | Hendrick Motorsports | Chevrolet","Driver",6,10
"Racing",2022,"Panini","Chronicles","Pinnacle Gold","Sam Mayer","Tire Pros | JR Motorsports | Chevrolet","Driver",7,10
"Racing",2022,"Panini","Chronicles","Pinnacle Gold","Ty Gibbs","Monster Energy | Joe Gibbs Racing | Toyota","Driver",8,10
"Racing",2022,"Panini","Chronicles","Pinnacle Gold","Todd Gilliland","Front Row Motorsports","Driver",9,10
"Racing",2022,"Panini","Chronicles","Pinnacle Gold","Corey Heim","JBL | Kyle Busch Motorsports | Toyota","Driver",10,10
"Racing",2022,"Panini","Chronicles","Pinnacle Gold","Martin Truex Jr.","Bass Pro Shops | Joe Gibbs Racing | Toyota","Driver",11,10
"Racing",2022,"Panini","Chronicles","Pinnacle Gold","William Byron","AXALTA | Hendrick Motorsports | Chevrolet","Driver",12,10
"Racing",2022,"Panini","Chronicles","Pinnacle Gold","Cole Moore","ARCA Menards West Series","Driver",13,10
"Racing",2022,"Panini","Chronicles","Pinnacle Gold","Dale Earnhardt Jr","AXALTA | Hendrick Motorsports | Chevrolet","Driver",14,10
"Racing",2022,"Panini","Chronicles","Pinnacle Gold","Kevin Harvick","Hunt Brothers Pizza | Stewart-Haas Racing | Ford","Driver",15,10
"Racing",2022,"Panini","Chronicles","Pinnacle Gold","Jesse Love","Mobil 1 | Toyota","Driver",16,10
"Racing",2022,"Panini","Chronicles","Pinnacle Gold","Bret Holmes","ARCA Menards","Driver",17,10
"Racing",2022,"Panini","Chronicles","Pinnacle Gold","Matt DiBenedetto","Rackley Roofing | Rackley WAR | Chevrolet","Driver",18,10
"Racing",2022,"Panini","Chronicles","Pinnacle Gold","Brandon Brown","TradetheChain | Brandonbilt Motorsports | Chevrolet","Driver",19,10
"Racing",2022,"Panini","Chronicles","Pinnacle Gold","Brittney Zamora","Rackley Roofing | Toyota","Driver",20,10
"Racing",2022,"Panini","Chronicles","Pinnacle Purple","Kaz Grala","Pit Viper | The Money Team | Chevrolet","Driver",1,25
"Racing",2022,"Panini","Chronicles","Pinnacle Purple","Tyler Reddick","Caterpillar | Richard Childress Racing | Chevrolet","Driver",2,25
"Racing",2022,"Panini","Chronicles","Pinnacle Purple","Noah Gragson","Bass Pro Shops | JR Motorsports | Chevrolet","Driver",3,25
"Racing",2022,"Panini","Chronicles","Pinnacle Purple","Jimmie Johnson","Ally Financial | Hendrick Motorsports | Chevrolet","Driver",4,25
"Racing",2022,"Panini","Chronicles","Pinnacle Purple","Kyle Larson","Hendrickcars.com | Hendrick Motorsports | Chevrolet","Driver",6,25
"Racing",2022,"Panini","Chronicles","Pinnacle Purple","Sam Mayer","Tire Pros | JR Motorsports | Chevrolet","Driver",7,25
"Racing",2022,"Panini","Chronicles","Pinnacle Purple","Ty Gibbs","Monster Energy | Joe Gibbs Racing | Toyota","Driver",8,25
"Racing",2022,"Panini","Chronicles","Pinnacle Purple","Todd Gilliland","Front Row Motorsports","Driver",9,25
"Racing",2022,"Panini","Chronicles","Pinnacle Purple","Corey Heim","JBL | Kyle Busch Motorsports | Toyota","Driver",10,25
"Racing",2022,"Panini","Chronicles","Pinnacle Purple","Martin Truex Jr.","Bass Pro Shops | Joe Gibbs Racing | Toyota","Driver",11,25
"Racing",2022,"Panini","Chronicles","Pinnacle Purple","William Byron","AXALTA | Hendrick Motorsports | Chevrolet","Driver",12,25
"Racing",2022,"Panini","Chronicles","Pinnacle Purple","Cole Moore","ARCA Menards West Series","Driver",13,25
"Racing",2022,"Panini","Chronicles","Pinnacle Purple","Dale Earnhardt Jr","AXALTA | Hendrick Motorsports | Chevrolet","Driver",14,25
"Racing",2022,"Panini","Chronicles","Pinnacle Purple","Kevin Harvick","Hunt Brothers Pizza | Stewart-Haas Racing | Ford","Driver",15,25
"Racing",2022,"Panini","Chronicles","Pinnacle Purple","Jesse Love","Mobil 1 | Toyota","Driver",16,25
"Racing",2022,"Panini","Chronicles","Pinnacle Purple","Bret Holmes","ARCA Menards","Driver",17,25
"Racing",2022,"Panini","Chronicles","Pinnacle Purple","Matt DiBenedetto","Rackley Roofing | Rackley WAR | Chevrolet","Driver",18,25
"Racing",2022,"Panini","Chronicles","Pinnacle Purple","Brandon Brown","TradetheChain | Brandonbilt Motorsports | Chevrolet","Driver",19,25
"Racing",2022,"Panini","Chronicles","Pinnacle Purple","Brittney Zamora","Rackley Roofing | Toyota","Driver",20,25
"Racing",2022,"Panini","Chronicles","Pinnacle Red","Kaz Grala","Pit Viper | The Money Team | Chevrolet","Driver",1,99
"Racing",2022,"Panini","Chronicles","Pinnacle Red","Noah Gragson","Bass Pro Shops | JR Motorsports | Chevrolet","Driver",3,99
"Racing",2022,"Panini","Chronicles","Pinnacle Red","Jimmie Johnson","Ally Financial | Hendrick Motorsports | Chevrolet","Driver",4,99
"Racing",2022,"Panini","Chronicles","Pinnacle Red","Austin Dillon","Bass Pro Shops | Richard Childress Racing | Chevrolet","Driver",5,99
"Racing",2022,"Panini","Chronicles","Pinnacle Red","Kyle Larson","Hendrickcars.com | Hendrick Motorsports | Chevrolet","Driver",6,99
"Racing",2022,"Panini","Chronicles","Pinnacle Red","Sam Mayer","Tire Pros | JR Motorsports | Chevrolet","Driver",7,99
"Racing",2022,"Panini","Chronicles","Pinnacle Red","Ty Gibbs","Monster Energy | Joe Gibbs Racing | Toyota","Driver",8,99
"Racing",2022,"Panini","Chronicles","Pinnacle Red","Todd Gilliland","Front Row Motorsports","Driver",9,99
"Racing",2022,"Panini","Chronicles","Pinnacle Red","Corey Heim","JBL | Kyle Busch Motorsports | Toyota","Driver",10,99
"Racing",2022,"Panini","Chronicles","Pinnacle Red","Martin Truex Jr.","Bass Pro Shops | Joe Gibbs Racing | Toyota","Driver",11,99
"Racing",2022,"Panini","Chronicles","Pinnacle Red","William Byron","AXALTA | Hendrick Motorsports | Chevrolet","Driver",12,99
"Racing",2022,"Panini","Chronicles","Pinnacle Red","Cole Moore","ARCA Menards West Series","Driver",13,99
"Racing",2022,"Panini","Chronicles","Pinnacle Red","Dale Earnhardt Jr","AXALTA | Hendrick Motorsports | Chevrolet","Driver",14,99
"Racing",2022,"Panini","Chronicles","Pinnacle Red","Kevin Harvick","Hunt Brothers Pizza | Stewart-Haas Racing | Ford","Driver",15,99
"Racing",2022,"Panini","Chronicles","Pinnacle Red","Jesse Love","Mobil 1 | Toyota","Driver",16,99
"Racing",2022,"Panini","Chronicles","Pinnacle Red","Bret Holmes","ARCA Menards","Driver",17,99
"Racing",2022,"Panini","Chronicles","Pinnacle Red","Matt DiBenedetto","Rackley Roofing | Rackley WAR | Chevrolet","Driver",18,99
"Racing",2022,"Panini","Chronicles","Pinnacle Red","Brandon Brown","TradetheChain | Brandonbilt Motorsports | Chevrolet","Driver",19,99
"Racing",2022,"Panini","Chronicles","Pinnacle Red","Brittney Zamora","Rackley Roofing | Toyota","Driver",20,99
"Racing",2022,"Panini","Chronicles","Prime Jumbo Associate Sponsor 1","Chase Elliott","NAPA Auto Parts | Hendrick Motorsports | Chevrolet","Driver",1,1
"Racing",2022,"Panini","Chronicles","Prime Jumbo Associate Sponsor 1","Dale Earnhardt Jr","Nationwide | Hendrick Motorsports | Chevrolet","Driver",2,1
"Racing",2022,"Panini","Chronicles","Prime Jumbo Associate Sponsor 1","Daniel Suarez","Camping World | Trackhouse Racing | Chevrolet","Driver",3,1
"Racing",2022,"Panini","Chronicles","Prime Jumbo Associate Sponsor 1","Jimmie Johnson","Lowe's | Hendrick Motorsports | Chevrolet","Driver",4,1
"Racing",2022,"Panini","Chronicles","Prime Jumbo Associate Sponsor 1","Joey Logano","Shell-Pennzoil | Team Penske | Ford","Driver",5,1
"Racing",2022,"Panini","Chronicles","Prime Jumbo Associate Sponsor 1","Martin Truex Jr.","Bass Pro Shops | Joe Gibbs Racing | Toyota","Driver",6,1
"Racing",2022,"Panini","Chronicles","Prime Jumbo Associate Sponsor 1","Alex Bowman","Ally Financial | Hendrick Motorsports | Chevrolet","Driver",7,1
"Racing",2022,"Panini","Chronicles","Prime Jumbo Associate Sponsor 1","Aric Almirola","Smithfield Foods | Stewart-Haas Racing | Ford","Driver",8,1
"Racing",2022,"Panini","Chronicles","Prime Jumbo Associate Sponsor 1","Austin Dillon","Bass Pro Shops | Richard Childress Racing | Chevrolet","Driver",9,1
"Racing",2022,"Panini","Chronicles","Prime Jumbo Associate Sponsor 1","Brad Keselowski","Miller Lite | Team Penske | Ford","Driver",10,1
"Racing",2022,"Panini","Chronicles","Prime Jumbo Associate Sponsor 1","Brandon Brown","Vero | Brandonbilt Motorsports | Chevrolet","Driver",11,1
"Racing",2022,"Panini","Chronicles","Prime Jumbo Associate Sponsor 1","Brandon Jones","Menards | Joe Gibbs Racing | Toyota","Driver",12,1
"Racing",2022,"Panini","Chronicles","Prime Jumbo Associate Sponsor 1","Chris Buescher","Fastenal | RFK Racing | Ford","Driver",13,1
"Racing",2022,"Panini","Chronicles","Prime Jumbo Associate Sponsor 1","Clint Bowyer","Rush Truck Centers | Stewart-Haas Racing| Ford","Driver",14,1
"Racing",2022,"Panini","Chronicles","Prime Jumbo Associate Sponsor 1","Erik Jones","RP Funding | Richard Petty Motorsports | Chevrolet","Driver",15,1
"Racing",2022,"Panini","Chronicles","Prime Jumbo Associate Sponsor 1","Jeremy Clements","First Pacific Funding | Jeremy Clements Racing | Chevrolet","Driver",16,1
"Racing",2022,"Panini","Chronicles","Prime Jumbo Associate Sponsor 1","Josh Berry","Tire Pros | JR Motorsports | Chevrolet","Driver",17,1
"Racing",2022,"Panini","Chronicles","Prime Jumbo Associate Sponsor 1","Kevin Harvick","Mobil 1 | Stewart-Haas Racing | Ford","Driver",19,1
"Racing",2022,"Panini","Chronicles","Prime Jumbo Associate Sponsor 1","Kurt Busch","Monster | 23XI Racing | Toyota","Driver",20,1
"Racing",2022,"Panini","Chronicles","Prime Jumbo Associate Sponsor 1","Kyle Busch","M&M's | Joe Gibbs Racing | Toyota","Driver",21,1
"Racing",2022,"Panini","Chronicles","Prime Jumbo Associate Sponsor 1","Landon Cassill","Voyager | JD Motorsports | Chevrolet","Driver",22,1
"Racing",2022,"Panini","Chronicles","Prime Jumbo Associate Sponsor 1","Ross Chastain","AdventHealth | Trackhouse Racing | Chevrolet","Driver",23,1
"Racing",2022,"Panini","Chronicles","Prime Jumbo Associate Sponsor 1","William Byron","AXALTA | Hendrick Motorsports | Chevrolet","Driver",24,1
"Racing",2022,"Panini","Chronicles","Prime Jumbo Associate Sponsor 1","Bubba Wallace","McDonald's | 23XI Racing | Toyota","Driver",25,1
"Racing",2022,"Panini","Chronicles","Prime Jumbo Associate Sponsor 1","Denny Hamlin","FedEx Express | Joe Gibbs Racing | Toyota","Driver",26,1
"Racing",2022,"Panini","Chronicles","Prime Jumbo Associate Sponsor 1","Justin Haley","LeafFilter | Kaulig Racing | Chevrolet","Driver",27,1
"Racing",2022,"Panini","Chronicles","Prime Jumbo Associate Sponsor 1","Kasey Kahne","Farmers Insurance | Hendrick Motorsports | Chevrolet","Driver",28,1
"Racing",2022,"Panini","Chronicles","Prime Jumbo Associate Sponsor 1","Myatt Snider","TaxSlayer | Richard Childress Racing | Chevrolet","Driver",29,1
"Racing",2022,"Panini","Chronicles","Prime Jumbo Associate Sponsor 1","Ryan Blaney","Menards | Team Penske | Ford","Driver",30,1
"Racing",2022,"Panini","Chronicles","Prime Jumbo Associate Sponsor 10","Chase Elliott","NAPA Auto Parts | Hendrick Motorsports | Chevrolet","Driver",1,1
"Racing",2022,"Panini","Chronicles","Prime Jumbo Associate Sponsor 10","Daniel Suarez","Camping World | Trackhouse Racing | Chevrolet","Driver",3,1
"Racing",2022,"Panini","Chronicles","Prime Jumbo Associate Sponsor 10","Jimmie Johnson","Lowe's | Hendrick Motorsports | Chevrolet","Driver",4,1
"Racing",2022,"Panini","Chronicles","Prime Jumbo Associate Sponsor 10","Joey Logano","Shell-Pennzoil | Team Penske | Ford","Driver",5,1
"Racing",2022,"Panini","Chronicles","Prime Jumbo Associate Sponsor 10","Martin Truex Jr.","Bass Pro Shops | Joe Gibbs Racing | Toyota","Driver",6,1
"Racing",2022,"Panini","Chronicles","Prime Jumbo Associate Sponsor 10","Brad Keselowski","Miller Lite | Team Penske | Ford","Driver",10,1
"Racing",2022,"Panini","Chronicles","Prime Jumbo Associate Sponsor 10","Brandon Brown","Vero | Brandonbilt Motorsports | Chevrolet","Driver",11,1
"Racing",2022,"Panini","Chronicles","Prime Jumbo Associate Sponsor 10","Brandon Jones","Menards | Joe Gibbs Racing | Toyota","Driver",12,1
"Racing",2022,"Panini","Chronicles","Prime Jumbo Associate Sponsor 10","Chris Buescher","Fastenal | RFK Racing | Ford","Driver",13,1
"Racing",2022,"Panini","Chronicles","Prime Jumbo Associate Sponsor 10","Josh Berry","Tire Pros | JR Motorsports | Chevrolet","Driver",17,1
"Racing",2022,"Panini","Chronicles","Prime Jumbo Associate Sponsor 10","Kevin Harvick","Mobil 1 | Stewart-Haas Racing | Ford","Driver",19,1
"Racing",2022,"Panini","Chronicles","Prime Jumbo Associate Sponsor 10","Kyle Busch","M&M's | Joe Gibbs Racing | Toyota","Driver",21,1
"Racing",2022,"Panini","Chronicles","Prime Jumbo Associate Sponsor 10","Landon Cassill","Voyager | JD Motorsports | Chevrolet","Driver",22,1
"Racing",2022,"Panini","Chronicles","Prime Jumbo Associate Sponsor 10","Ross Chastain","AdventHealth | Trackhouse Racing | Chevrolet","Driver",23,1
"Racing",2022,"Panini","Chronicles","Prime Jumbo Associate Sponsor 10","Bubba Wallace","McDonald's | 23XI Racing | Toyota","Driver",25,1
"Racing",2022,"Panini","Chronicles","Prime Jumbo Associate Sponsor 10","Myatt Snider","TaxSlayer | Richard Childress Racing | Chevrolet","Driver",29,1
"Racing",2022,"Panini","Chronicles","Prime Jumbo Associate Sponsor 10","Ryan Blaney","Menards | Team Penske | Ford","Driver",30,1
"Racing",2022,"Panini","Chronicles","Prime Jumbo Associate Sponsor 11","Chase Elliott","NAPA Auto Parts | Hendrick Motorsports | Chevrolet","Driver",1,1
"Racing",2022,"Panini","Chronicles","Prime Jumbo Associate Sponsor 11","Joey Logano","Shell-Pennzoil | Team Penske | Ford","Driver",5,1
"Racing",2022,"Panini","Chronicles","Prime Jumbo Associate Sponsor 11","Martin Truex Jr.","Bass Pro Shops | Joe Gibbs Racing | Toyota","Driver",6,1
"Racing",2022,"Panini","Chronicles","Prime Jumbo Associate Sponsor 11","Brad Keselowski","Miller Lite | Team Penske | Ford","Driver",10,1
"Racing",2022,"Panini","Chronicles","Prime Jumbo Associate Sponsor 11","Brandon Brown","Vero | Brandonbilt Motorsports | Chevrolet","Driver",11,1
"Racing",2022,"Panini","Chronicles","Prime Jumbo Associate Sponsor 11","Brandon Jones","Menards | Joe Gibbs Racing | Toyota","Driver",12,1
"Racing",2022,"Panini","Chronicles","Prime Jumbo Associate Sponsor 11","Chris Buescher","Fastenal | RFK Racing | Ford","Driver",13,1
"Racing",2022,"Panini","Chronicles","Prime Jumbo Associate Sponsor 11","Josh Berry","Tire Pros | JR Motorsports | Chevrolet","Driver",17,1
"Racing",2022,"Panini","Chronicles","Prime Jumbo Associate Sponsor 11","Landon Cassill","Voyager | JD Motorsports | Chevrolet","Driver",22,1
"Racing",2022,"Panini","Chronicles","Prime Jumbo Associate Sponsor 11","Ross Chastain","AdventHealth | Trackhouse Racing | Chevrolet","Driver",23,1
"Racing",2022,"Panini","Chronicles","Prime Jumbo Associate Sponsor 11","Bubba Wallace","McDonald's | 23XI Racing | Toyota","Driver",25,1
"Racing",2022,"Panini","Chronicles","Prime Jumbo Associate Sponsor 11","Myatt Snider","TaxSlayer | Richard Childress Racing | Chevrolet","Driver",29,1
"Racing",2022,"Panini","Chronicles","Prime Jumbo Associate Sponsor 11","Ryan Blaney","Menards | Team Penske | Ford","Driver",30,1
"Racing",2022,"Panini","Chronicles","Prime Jumbo Associate Sponsor 12","Jimmie Johnson","Lowe's | Hendrick Motorsports | Chevrolet","Driver",4,1
"Racing",2022,"Panini","Chronicles","Prime Jumbo Associate Sponsor 12","Joey Logano","Shell-Pennzoil | Team Penske | Ford","Driver",5,1
"Racing",2022,"Panini","Chronicles","Prime Jumbo Associate Sponsor 12","Brad Keselowski","Miller Lite | Team Penske | Ford","Driver",10,1
"Racing",2022,"Panini","Chronicles","Prime Jumbo Associate Sponsor 12","Chris Buescher","Fastenal | RFK Racing | Ford","Driver",13,1
"Racing",2022,"Panini","Chronicles","Prime Jumbo Associate Sponsor 12","Josh Berry","Tire Pros | JR Motorsports | Chevrolet","Driver",17,1
"Racing",2022,"Panini","Chronicles","Prime Jumbo Associate Sponsor 12","Kyle Busch","M&M's | Joe Gibbs Racing | Toyota","Driver",21,1
"Racing",2022,"Panini","Chronicles","Prime Jumbo Associate Sponsor 12","Landon Cassill","Voyager | JD Motorsports | Chevrolet","Driver",22,1
"Racing",2022,"Panini","Chronicles","Prime Jumbo Associate Sponsor 12","Ross Chastain","AdventHealth | Trackhouse Racing | Chevrolet","Driver",23,1
"Racing",2022,"Panini","Chronicles","Prime Jumbo Associate Sponsor 12","Bubba Wallace","McDonald's | 23XI Racing | Toyota","Driver",25,1
"Racing",2022,"Panini","Chronicles","Prime Jumbo Associate Sponsor 12","Ryan Blaney","Menards | Team Penske | Ford","Driver",30,1
"Racing",2022,"Panini","Chronicles","Prime Jumbo Associate Sponsor 13","Jimmie Johnson","Lowe's | Hendrick Motorsports | Chevrolet","Driver",4,1
"Racing",2022,"Panini","Chronicles","Prime Jumbo Associate Sponsor 13","Brad Keselowski","Miller Lite | Team Penske | Ford","Driver",10,1
"Racing",2022,"Panini","Chronicles","Prime Jumbo Associate Sponsor 13","Chris Buescher","Fastenal | RFK Racing | Ford","Driver",13,1
"Racing",2022,"Panini","Chronicles","Prime Jumbo Associate Sponsor 13","Landon Cassill","Voyager | JD Motorsports | Chevrolet","Driver",22,1
"Racing",2022,"Panini","Chronicles","Prime Jumbo Associate Sponsor 13","Ross Chastain","AdventHealth | Trackhouse Racing | Chevrolet","Driver",23,1
"Racing",2022,"Panini","Chronicles","Prime Jumbo Associate Sponsor 13","Ryan Blaney","Menards | Team Penske | Ford","Driver",30,1
"Racing",2022,"Panini","Chronicles","Prime Jumbo Associate Sponsor 14","Jimmie Johnson","Lowe's | Hendrick Motorsports | Chevrolet","Driver",4,1
"Racing",2022,"Panini","Chronicles","Prime Jumbo Associate Sponsor 14","Joey Logano","Shell-Pennzoil | Team Penske | Ford","Driver",5,1
"Racing",2022,"Panini","Chronicles","Prime Jumbo Associate Sponsor 14","Chris Buescher","Fastenal | RFK Racing | Ford","Driver",13,1
"Racing",2022,"Panini","Chronicles","Prime Jumbo Associate Sponsor 14","Landon Cassill","Voyager | JD Motorsports | Chevrolet","Driver",22,1
"Racing",2022,"Panini","Chronicles","Prime Jumbo Associate Sponsor 14","Ross Chastain","AdventHealth | Trackhouse Racing | Chevrolet","Driver",23,1
"Racing",2022,"Panini","Chronicles","Prime Jumbo Associate Sponsor 14","Bubba Wallace","McDonald's | 23XI Racing | Toyota","Driver",25,1
"Racing",2022,"Panini","Chronicles","Prime Jumbo Associate Sponsor 14","Ryan Blaney","Menards | Team Penske | Ford","Driver",30,1
"Racing",2022,"Panini","Chronicles","Prime Jumbo Associate Sponsor 15","Joey Logano","Shell-Pennzoil | Team Penske | Ford","Driver",5,1
"Racing",2022,"Panini","Chronicles","Prime Jumbo Associate Sponsor 15","Chris Buescher","Fastenal | RFK Racing | Ford","Driver",13,1
"Racing",2022,"Panini","Chronicles","Prime Jumbo Associate Sponsor 15","Landon Cassill","Voyager | JD Motorsports | Chevrolet","Driver",22,1
"Racing",2022,"Panini","Chronicles","Prime Jumbo Associate Sponsor 15","Ryan Blaney","Menards | Team Penske | Ford","Driver",30,1
"Racing",2022,"Panini","Chronicles","Prime Jumbo Associate Sponsor 2","Chase Elliott","NAPA Auto Parts | Hendrick Motorsports | Chevrolet","Driver",1,1
"Racing",2022,"Panini","Chronicles","Prime Jumbo Associate Sponsor 2","Dale Earnhardt Jr","Nationwide | Hendrick Motorsports | Chevrolet","Driver",2,1
"Racing",2022,"Panini","Chronicles","Prime Jumbo Associate Sponsor 2","Daniel Suarez","Camping World | Trackhouse Racing | Chevrolet","Driver",3,1
"Racing",2022,"Panini","Chronicles","Prime Jumbo Associate Sponsor 2","Jimmie Johnson","Lowe's | Hendrick Motorsports | Chevrolet","Driver",4,1
"Racing",2022,"Panini","Chronicles","Prime Jumbo Associate Sponsor 2","Joey Logano","Shell-Pennzoil | Team Penske | Ford","Driver",5,1
"Racing",2022,"Panini","Chronicles","Prime Jumbo Associate Sponsor 2","Martin Truex Jr.","Bass Pro Shops | Joe Gibbs Racing | Toyota","Driver",6,1
"Racing",2022,"Panini","Chronicles","Prime Jumbo Associate Sponsor 2","Alex Bowman","Ally Financial | Hendrick Motorsports | Chevrolet","Driver",7,1
"Racing",2022,"Panini","Chronicles","Prime Jumbo Associate Sponsor 2","Austin Dillon","Bass Pro Shops | Richard Childress Racing | Chevrolet","Driver",9,1
"Racing",2022,"Panini","Chronicles","Prime Jumbo Associate Sponsor 2","Brad Keselowski","Miller Lite | Team Penske | Ford","Driver",10,1
"Racing",2022,"Panini","Chronicles","Prime Jumbo Associate Sponsor 2","Brandon Brown","Vero | Brandonbilt Motorsports | Chevrolet","Driver",11,1
"Racing",2022,"Panini","Chronicles","Prime Jumbo Associate Sponsor 2","Brandon Jones","Menards | Joe Gibbs Racing | Toyota","Driver",12,1
"Racing",2022,"Panini","Chronicles","Prime Jumbo Associate Sponsor 2","Chris Buescher","Fastenal | RFK Racing | Ford","Driver",13,1
"Racing",2022,"Panini","Chronicles","Prime Jumbo Associate Sponsor 2","Erik Jones","RP Funding | Richard Petty Motorsports | Chevrolet","Driver",15,1
"Racing",2022,"Panini","Chronicles","Prime Jumbo Associate Sponsor 2","Jeremy Clements","First Pacific Funding | Jeremy Clements Racing | Chevrolet","Driver",16,1
"Racing",2022,"Panini","Chronicles","Prime Jumbo Associate Sponsor 2","Josh Berry","Tire Pros | JR Motorsports | Chevrolet","Driver",17,1
"Racing",2022,"Panini","Chronicles","Prime Jumbo Associate Sponsor 2","Justin Allgaier","TaxSlayer.com | JR Motorsports | Chevrolet","Driver",18,1
"Racing",2022,"Panini","Chronicles","Prime Jumbo Associate Sponsor 2","Kevin Harvick","Mobil 1 | Stewart-Haas Racing | Ford","Driver",19,1
"Racing",2022,"Panini","Chronicles","Prime Jumbo Associate Sponsor 2","Kyle Busch","M&M's | Joe Gibbs Racing | Toyota","Driver",21,1
"Racing",2022,"Panini","Chronicles","Prime Jumbo Associate Sponsor 2","Landon Cassill","Voyager | JD Motorsports | Chevrolet","Driver",22,1
"Racing",2022,"Panini","Chronicles","Prime Jumbo Associate Sponsor 2","Ross Chastain","AdventHealth | Trackhouse Racing | Chevrolet","Driver",23,1
"Racing",2022,"Panini","Chronicles","Prime Jumbo Associate Sponsor 2","William Byron","AXALTA | Hendrick Motorsports | Chevrolet","Driver",24,1
"Racing",2022,"Panini","Chronicles","Prime Jumbo Associate Sponsor 2","Bubba Wallace","McDonald's | 23XI Racing | Toyota","Driver",25,1
"Racing",2022,"Panini","Chronicles","Prime Jumbo Associate Sponsor 2","Denny Hamlin","FedEx Express | Joe Gibbs Racing | Toyota","Driver",26,1
"Racing",2022,"Panini","Chronicles","Prime Jumbo Associate Sponsor 2","Justin Haley","LeafFilter | Kaulig Racing | Chevrolet","Driver",27,1
"Racing",2022,"Panini","Chronicles","Prime Jumbo Associate Sponsor 2","Kasey Kahne","Farmers Insurance | Hendrick Motorsports | Chevrolet","Driver",28,1
"Racing",2022,"Panini","Chronicles","Prime Jumbo Associate Sponsor 2","Myatt Snider","TaxSlayer | Richard Childress Racing | Chevrolet","Driver",29,1
"Racing",2022,"Panini","Chronicles","Prime Jumbo Associate Sponsor 2","Ryan Blaney","Menards | Team Penske | Ford","Driver",30,1
"Racing",2022,"Panini","Chronicles","Prime Jumbo Associate Sponsor 3","Chase Elliott","NAPA Auto Parts | Hendrick Motorsports | Chevrolet","Driver",1,1
"Racing",2022,"Panini","Chronicles","Prime Jumbo Associate Sponsor 3","Dale Earnhardt Jr","Nationwide | Hendrick Motorsports | Chevrolet","Driver",2,1
"Racing",2022,"Panini","Chronicles","Prime Jumbo Associate Sponsor 3","Daniel Suarez","Camping World | Trackhouse Racing | Chevrolet","Driver",3,1
"Racing",2022,"Panini","Chronicles","Prime Jumbo Associate Sponsor 3","Jimmie Johnson","Lowe's | Hendrick Motorsports | Chevrolet","Driver",4,1
"Racing",2022,"Panini","Chronicles","Prime Jumbo Associate Sponsor 3","Joey Logano","Shell-Pennzoil | Team Penske | Ford","Driver",5,1
"Racing",2022,"Panini","Chronicles","Prime Jumbo Associate Sponsor 3","Alex Bowman","Ally Financial | Hendrick Motorsports | Chevrolet","Driver",7,1
"Racing",2022,"Panini","Chronicles","Prime Jumbo Associate Sponsor 3","Aric Almirola","Smithfield Foods | Stewart-Haas Racing | Ford","Driver",8,1
"Racing",2022,"Panini","Chronicles","Prime Jumbo Associate Sponsor 3","Brad Keselowski","Miller Lite | Team Penske | Ford","Driver",10,1
"Racing",2022,"Panini","Chronicles","Prime Jumbo Associate Sponsor 3","Brandon Brown","Vero | Brandonbilt Motorsports | Chevrolet","Driver",11,1
"Racing",2022,"Panini","Chronicles","Prime Jumbo Associate Sponsor 3","Brandon Jones","Menards | Joe Gibbs Racing | Toyota","Driver",12,1
"Racing",2022,"Panini","Chronicles","Prime Jumbo Associate Sponsor 3","Chris Buescher","Fastenal | RFK Racing | Ford","Driver",13,1
"Racing",2022,"Panini","Chronicles","Prime Jumbo Associate Sponsor 3","Clint Bowyer","Rush Truck Centers | Stewart-Haas Racing| Ford","Driver",14,1
"Racing",2022,"Panini","Chronicles","Prime Jumbo Associate Sponsor 3","Erik Jones","RP Funding | Richard Petty Motorsports | Chevrolet","Driver",15,1
"Racing",2022,"Panini","Chronicles","Prime Jumbo Associate Sponsor 3","Jeremy Clements","First Pacific Funding | Jeremy Clements Racing | Chevrolet","Driver",16,1
"Racing",2022,"Panini","Chronicles","Prime Jumbo Associate Sponsor 3","Josh Berry","Tire Pros | JR Motorsports | Chevrolet","Driver",17,1
"Racing",2022,"Panini","Chronicles","Prime Jumbo Associate Sponsor 3","Justin Allgaier","TaxSlayer.com | JR Motorsports | Chevrolet","Driver",18,1
"Racing",2022,"Panini","Chronicles","Prime Jumbo Associate Sponsor 3","Kevin Harvick","Mobil 1 | Stewart-Haas Racing | Ford","Driver",19,1
"Racing",2022,"Panini","Chronicles","Prime Jumbo Associate Sponsor 3","Kurt Busch","Monster | 23XI Racing | Toyota","Driver",20,1
"Racing",2022,"Panini","Chronicles","Prime Jumbo Associate Sponsor 3","Kyle Busch","M&M's | Joe Gibbs Racing | Toyota","Driver",21,1
"Racing",2022,"Panini","Chronicles","Prime Jumbo Associate Sponsor 3","Landon Cassill","Voyager | JD Motorsports | Chevrolet","Driver",22,1
"Racing",2022,"Panini","Chronicles","Prime Jumbo Associate Sponsor 3","William Byron","AXALTA | Hendrick Motorsports | Chevrolet","Driver",24,1
"Racing",2022,"Panini","Chronicles","Prime Jumbo Associate Sponsor 3","Bubba Wallace","McDonald's | 23XI Racing | Toyota","Driver",25,1
"Racing",2022,"Panini","Chronicles","Prime Jumbo Associate Sponsor 3","Denny Hamlin","FedEx Express | Joe Gibbs Racing | Toyota","Driver",26,1
"Racing",2022,"Panini","Chronicles","Prime Jumbo Associate Sponsor 3","Justin Haley","LeafFilter | Kaulig Racing | Chevrolet","Driver",27,1
"Racing",2022,"Panini","Chronicles","Prime Jumbo Associate Sponsor 3","Ryan Blaney","Menards | Team Penske | Ford","Driver",30,1
"Racing",2022,"Panini","Chronicles","Prime Jumbo Associate Sponsor 4","Chase Elliott","NAPA Auto Parts | Hendrick Motorsports | Chevrolet","Driver",1,1
"Racing",2022,"Panini","Chronicles","Prime Jumbo Associate Sponsor 4","Daniel Suarez","Camping World | Trackhouse Racing | Chevrolet","Driver",3,1
"Racing",2022,"Panini","Chronicles","Prime Jumbo Associate Sponsor 4","Jimmie Johnson","Lowe's | Hendrick Motorsports | Chevrolet","Driver",4,1
"Racing",2022,"Panini","Chronicles","Prime Jumbo Associate Sponsor 4","Joey Logano","Shell-Pennzoil | Team Penske | Ford","Driver",5,1
"Racing",2022,"Panini","Chronicles","Prime Jumbo Associate Sponsor 4","Martin Truex Jr.","Bass Pro Shops | Joe Gibbs Racing | Toyota","Driver",6,1
"Racing",2022,"Panini","Chronicles","Prime Jumbo Associate Sponsor 4","Alex Bowman","Ally Financial | Hendrick Motorsports | Chevrolet","Driver",7,1
"Racing",2022,"Panini","Chronicles","Prime Jumbo Associate Sponsor 4","Aric Almirola","Smithfield Foods | Stewart-Haas Racing | Ford","Driver",8,1
"Racing",2022,"Panini","Chronicles","Prime Jumbo Associate Sponsor 4","Austin Dillon","Bass Pro Shops | Richard Childress Racing | Chevrolet","Driver",9,1
"Racing",2022,"Panini","Chronicles","Prime Jumbo Associate Sponsor 4","Brad Keselowski","Miller Lite | Team Penske | Ford","Driver",10,1
"Racing",2022,"Panini","Chronicles","Prime Jumbo Associate Sponsor 4","Brandon Brown","Vero | Brandonbilt Motorsports | Chevrolet","Driver",11,1
"Racing",2022,"Panini","Chronicles","Prime Jumbo Associate Sponsor 4","Brandon Jones","Menards | Joe Gibbs Racing | Toyota","Driver",12,1
"Racing",2022,"Panini","Chronicles","Prime Jumbo Associate Sponsor 4","Clint Bowyer","Rush Truck Centers | Stewart-Haas Racing| Ford","Driver",14,1
"Racing",2022,"Panini","Chronicles","Prime Jumbo Associate Sponsor 4","Erik Jones","RP Funding | Richard Petty Motorsports | Chevrolet","Driver",15,1
"Racing",2022,"Panini","Chronicles","Prime Jumbo Associate Sponsor 4","Jeremy Clements","First Pacific Funding | Jeremy Clements Racing | Chevrolet","Driver",16,1
"Racing",2022,"Panini","Chronicles","Prime Jumbo Associate Sponsor 4","Josh Berry","Tire Pros | JR Motorsports | Chevrolet","Driver",17,1
"Racing",2022,"Panini","Chronicles","Prime Jumbo Associate Sponsor 4","Justin Allgaier","TaxSlayer.com | JR Motorsports | Chevrolet","Driver",18,1
"Racing",2022,"Panini","Chronicles","Prime Jumbo Associate Sponsor 4","Kevin Harvick","Mobil 1 | Stewart-Haas Racing | Ford","Driver",19,1
"Racing",2022,"Panini","Chronicles","Prime Jumbo Associate Sponsor 4","Kyle Busch","M&M's | Joe Gibbs Racing | Toyota","Driver",21,1
"Racing",2022,"Panini","Chronicles","Prime Jumbo Associate Sponsor 4","Ross Chastain","AdventHealth | Trackhouse Racing | Chevrolet","Driver",23,1
"Racing",2022,"Panini","Chronicles","Prime Jumbo Associate Sponsor 4","William Byron","AXALTA | Hendrick Motorsports | Chevrolet","Driver",24,1
"Racing",2022,"Panini","Chronicles","Prime Jumbo Associate Sponsor 4","Bubba Wallace","McDonald's | 23XI Racing | Toyota","Driver",25,1
"Racing",2022,"Panini","Chronicles","Prime Jumbo Associate Sponsor 4","Denny Hamlin","FedEx Express | Joe Gibbs Racing | Toyota","Driver",26,1
"Racing",2022,"Panini","Chronicles","Prime Jumbo Associate Sponsor 4","Justin Haley","LeafFilter | Kaulig Racing | Chevrolet","Driver",27,1
"Racing",2022,"Panini","Chronicles","Prime Jumbo Associate Sponsor 4","Myatt Snider","TaxSlayer | Richard Childress Racing | Chevrolet","Driver",29,1
"Racing",2022,"Panini","Chronicles","Prime Jumbo Associate Sponsor 4","Ryan Blaney","Menards | Team Penske | Ford","Driver",30,1
"Racing",2022,"Panini","Chronicles","Prime Jumbo Associate Sponsor 5","Chase Elliott","NAPA Auto Parts | Hendrick Motorsports | Chevrolet","Driver",1,1
"Racing",2022,"Panini","Chronicles","Prime Jumbo Associate Sponsor 5","Daniel Suarez","Camping World | Trackhouse Racing | Chevrolet","Driver",3,1
"Racing",2022,"Panini","Chronicles","Prime Jumbo Associate Sponsor 5","Jimmie Johnson","Lowe's | Hendrick Motorsports | Chevrolet","Driver",4,1
"Racing",2022,"Panini","Chronicles","Prime Jumbo Associate Sponsor 5","Joey Logano","Shell-Pennzoil | Team Penske | Ford","Driver",5,1
"Racing",2022,"Panini","Chronicles","Prime Jumbo Associate Sponsor 5","Martin Truex Jr.","Bass Pro Shops | Joe Gibbs Racing | Toyota","Driver",6,1
"Racing",2022,"Panini","Chronicles","Prime Jumbo Associate Sponsor 5","Alex Bowman","Ally Financial | Hendrick Motorsports | Chevrolet","Driver",7,1
"Racing",2022,"Panini","Chronicles","Prime Jumbo Associate Sponsor 5","Aric Almirola","Smithfield Foods | Stewart-Haas Racing | Ford","Driver",8,1
"Racing",2022,"Panini","Chronicles","Prime Jumbo Associate Sponsor 5","Brad Keselowski","Miller Lite | Team Penske | Ford","Driver",10,1
"Racing",2022,"Panini","Chronicles","Prime Jumbo Associate Sponsor 5","Brandon Brown","Vero | Brandonbilt Motorsports | Chevrolet","Driver",11,1
"Racing",2022,"Panini","Chronicles","Prime Jumbo Associate Sponsor 5","Brandon Jones","Menards | Joe Gibbs Racing | Toyota","Driver",12,1
"Racing",2022,"Panini","Chronicles","Prime Jumbo Associate Sponsor 5","Chris Buescher","Fastenal | RFK Racing | Ford","Driver",13,1
"Racing",2022,"Panini","Chronicles","Prime Jumbo Associate Sponsor 5","Clint Bowyer","Rush Truck Centers | Stewart-Haas Racing| Ford","Driver",14,1
"Racing",2022,"Panini","Chronicles","Prime Jumbo Associate Sponsor 5","Jeremy Clements","First Pacific Funding | Jeremy Clements Racing | Chevrolet","Driver",16,1
"Racing",2022,"Panini","Chronicles","Prime Jumbo Associate Sponsor 5","Josh Berry","Tire Pros | JR Motorsports | Chevrolet","Driver",17,1
"Racing",2022,"Panini","Chronicles","Prime Jumbo Associate Sponsor 5","Justin Allgaier","TaxSlayer.com | JR Motorsports | Chevrolet","Driver",18,1
"Racing",2022,"Panini","Chronicles","Prime Jumbo Associate Sponsor 5","Kevin Harvick","Mobil 1 | Stewart-Haas Racing | Ford","Driver",19,1
"Racing",2022,"Panini","Chronicles","Prime Jumbo Associate Sponsor 5","Kyle Busch","M&M's | Joe Gibbs Racing | Toyota","Driver",21,1
"Racing",2022,"Panini","Chronicles","Prime Jumbo Associate Sponsor 5","Landon Cassill","Voyager | JD Motorsports | Chevrolet","Driver",22,1
"Racing",2022,"Panini","Chronicles","Prime Jumbo Associate Sponsor 5","Bubba Wallace","McDonald's | 23XI Racing | Toyota","Driver",25,1
"Racing",2022,"Panini","Chronicles","Prime Jumbo Associate Sponsor 5","Justin Haley","LeafFilter | Kaulig Racing | Chevrolet","Driver",27,1
"Racing",2022,"Panini","Chronicles","Prime Jumbo Associate Sponsor 5","Ryan Blaney","Menards | Team Penske | Ford","Driver",30,1
"Racing",2022,"Panini","Chronicles","Prime Jumbo Associate Sponsor 6","Chase Elliott","NAPA Auto Parts | Hendrick Motorsports | Chevrolet","Driver",1,1
"Racing",2022,"Panini","Chronicles","Prime Jumbo Associate Sponsor 6","Daniel Suarez","Camping World | Trackhouse Racing | Chevrolet","Driver",3,1
"Racing",2022,"Panini","Chronicles","Prime Jumbo Associate Sponsor 6","Jimmie Johnson","Lowe's | Hendrick Motorsports | Chevrolet","Driver",4,1
"Racing",2022,"Panini","Chronicles","Prime Jumbo Associate Sponsor 6","Joey Logano","Shell-Pennzoil | Team Penske | Ford","Driver",5,1
"Racing",2022,"Panini","Chronicles","Prime Jumbo Associate Sponsor 6","Martin Truex Jr.","Bass Pro Shops | Joe Gibbs Racing | Toyota","Driver",6,1
"Racing",2022,"Panini","Chronicles","Prime Jumbo Associate Sponsor 6","Aric Almirola","Smithfield Foods | Stewart-Haas Racing | Ford","Driver",8,1
"Racing",2022,"Panini","Chronicles","Prime Jumbo Associate Sponsor 6","Brad Keselowski","Miller Lite | Team Penske | Ford","Driver",10,1
"Racing",2022,"Panini","Chronicles","Prime Jumbo Associate Sponsor 6","Brandon Jones","Menards | Joe Gibbs Racing | Toyota","Driver",12,1
"Racing",2022,"Panini","Chronicles","Prime Jumbo Associate Sponsor 6","Chris Buescher","Fastenal | RFK Racing | Ford","Driver",13,1
"Racing",2022,"Panini","Chronicles","Prime Jumbo Associate Sponsor 6","Justin Allgaier","TaxSlayer.com | JR Motorsports | Chevrolet","Driver",18,1
"Racing",2022,"Panini","Chronicles","Prime Jumbo Associate Sponsor 6","Kevin Harvick","Mobil 1 | Stewart-Haas Racing | Ford","Driver",19,1
"Racing",2022,"Panini","Chronicles","Prime Jumbo Associate Sponsor 6","Kyle Busch","M&M's | Joe Gibbs Racing | Toyota","Driver",21,1
"Racing",2022,"Panini","Chronicles","Prime Jumbo Associate Sponsor 6","Landon Cassill","Voyager | JD Motorsports | Chevrolet","Driver",22,1
"Racing",2022,"Panini","Chronicles","Prime Jumbo Associate Sponsor 6","Ross Chastain","AdventHealth | Trackhouse Racing | Chevrolet","Driver",23,1
"Racing",2022,"Panini","Chronicles","Prime Jumbo Associate Sponsor 6","Bubba Wallace","McDonald's | 23XI Racing | Toyota","Driver",25,1
"Racing",2022,"Panini","Chronicles","Prime Jumbo Associate Sponsor 6","Denny Hamlin","FedEx Express | Joe Gibbs Racing | Toyota","Driver",26,1
"Racing",2022,"Panini","Chronicles","Prime Jumbo Associate Sponsor 6","Justin Haley","LeafFilter | Kaulig Racing | Chevrolet","Driver",27,1
"Racing",2022,"Panini","Chronicles","Prime Jumbo Associate Sponsor 6","Myatt Snider","TaxSlayer | Richard Childress Racing | Chevrolet","Driver",29,1
"Racing",2022,"Panini","Chronicles","Prime Jumbo Associate Sponsor 6","Ryan Blaney","Menards | Team Penske | Ford","Driver",30,1
"Racing",2022,"Panini","Chronicles","Prime Jumbo Associate Sponsor 7","Chase Elliott","NAPA Auto Parts | Hendrick Motorsports | Chevrolet","Driver",1,1
"Racing",2022,"Panini","Chronicles","Prime Jumbo Associate Sponsor 7","Daniel Suarez","Camping World | Trackhouse Racing | Chevrolet","Driver",3,1
"Racing",2022,"Panini","Chronicles","Prime Jumbo Associate Sponsor 7","Joey Logano","Shell-Pennzoil | Team Penske | Ford","Driver",5,1
"Racing",2022,"Panini","Chronicles","Prime Jumbo Associate Sponsor 7","Martin Truex Jr.","Bass Pro Shops | Joe Gibbs Racing | Toyota","Driver",6,1
"Racing",2022,"Panini","Chronicles","Prime Jumbo Associate Sponsor 7","Aric Almirola","Smithfield Foods | Stewart-Haas Racing | Ford","Driver",8,1
"Racing",2022,"Panini","Chronicles","Prime Jumbo Associate Sponsor 7","Brad Keselowski","Miller Lite | Team Penske | Ford","Driver",10,1
"Racing",2022,"Panini","Chronicles","Prime Jumbo Associate Sponsor 7","Brandon Brown","Vero | Brandonbilt Motorsports | Chevrolet","Driver",11,1
"Racing",2022,"Panini","Chronicles","Prime Jumbo Associate Sponsor 7","Brandon Jones","Menards | Joe Gibbs Racing | Toyota","Driver",12,1
"Racing",2022,"Panini","Chronicles","Prime Jumbo Associate Sponsor 7","Chris Buescher","Fastenal | RFK Racing | Ford","Driver",13,1
"Racing",2022,"Panini","Chronicles","Prime Jumbo Associate Sponsor 7","Clint Bowyer","Rush Truck Centers | Stewart-Haas Racing| Ford","Driver",14,1
"Racing",2022,"Panini","Chronicles","Prime Jumbo Associate Sponsor 7","Josh Berry","Tire Pros | JR Motorsports | Chevrolet","Driver",17,1
"Racing",2022,"Panini","Chronicles","Prime Jumbo Associate Sponsor 7","Justin Allgaier","TaxSlayer.com | JR Motorsports | Chevrolet","Driver",18,1
"Racing",2022,"Panini","Chronicles","Prime Jumbo Associate Sponsor 7","Kevin Harvick","Mobil 1 | Stewart-Haas Racing | Ford","Driver",19,1
"Racing",2022,"Panini","Chronicles","Prime Jumbo Associate Sponsor 7","Kyle Busch","M&M's | Joe Gibbs Racing | Toyota","Driver",21,1
"Racing",2022,"Panini","Chronicles","Prime Jumbo Associate Sponsor 7","Landon Cassill","Voyager | JD Motorsports | Chevrolet","Driver",22,1
"Racing",2022,"Panini","Chronicles","Prime Jumbo Associate Sponsor 7","Ross Chastain","AdventHealth | Trackhouse Racing | Chevrolet","Driver",23,1
"Racing",2022,"Panini","Chronicles","Prime Jumbo Associate Sponsor 7","Bubba Wallace","McDonald's | 23XI Racing | Toyota","Driver",25,1
"Racing",2022,"Panini","Chronicles","Prime Jumbo Associate Sponsor 7","Denny Hamlin","FedEx Express | Joe Gibbs Racing | Toyota","Driver",26,1
"Racing",2022,"Panini","Chronicles","Prime Jumbo Associate Sponsor 7","Myatt Snider","TaxSlayer | Richard Childress Racing | Chevrolet","Driver",29,1
"Racing",2022,"Panini","Chronicles","Prime Jumbo Associate Sponsor 7","Ryan Blaney","Menards | Team Penske | Ford","Driver",30,1
"Racing",2022,"Panini","Chronicles","Prime Jumbo Associate Sponsor 8","Chase Elliott","NAPA Auto Parts | Hendrick Motorsports | Chevrolet","Driver",1,1
"Racing",2022,"Panini","Chronicles","Prime Jumbo Associate Sponsor 8","Daniel Suarez","Camping World | Trackhouse Racing | Chevrolet","Driver",3,1
"Racing",2022,"Panini","Chronicles","Prime Jumbo Associate Sponsor 8","Jimmie Johnson","Lowe's | Hendrick Motorsports | Chevrolet","Driver",4,1
"Racing",2022,"Panini","Chronicles","Prime Jumbo Associate Sponsor 8","Joey Logano","Shell-Pennzoil | Team Penske | Ford","Driver",5,1
"Racing",2022,"Panini","Chronicles","Prime Jumbo Associate Sponsor 8","Martin Truex Jr.","Bass Pro Shops | Joe Gibbs Racing | Toyota","Driver",6,1
"Racing",2022,"Panini","Chronicles","Prime Jumbo Associate Sponsor 8","Brad Keselowski","Miller Lite | Team Penske | Ford","Driver",10,1
"Racing",2022,"Panini","Chronicles","Prime Jumbo Associate Sponsor 8","Brandon Brown","Vero | Brandonbilt Motorsports | Chevrolet","Driver",11,1
"Racing",2022,"Panini","Chronicles","Prime Jumbo Associate Sponsor 8","Brandon Jones","Menards | Joe Gibbs Racing | Toyota","Driver",12,1
"Racing",2022,"Panini","Chronicles","Prime Jumbo Associate Sponsor 8","Chris Buescher","Fastenal | RFK Racing | Ford","Driver",13,1
"Racing",2022,"Panini","Chronicles","Prime Jumbo Associate Sponsor 8","Josh Berry","Tire Pros | JR Motorsports | Chevrolet","Driver",17,1
"Racing",2022,"Panini","Chronicles","Prime Jumbo Associate Sponsor 8","Kevin Harvick","Mobil 1 | Stewart-Haas Racing | Ford","Driver",19,1
"Racing",2022,"Panini","Chronicles","Prime Jumbo Associate Sponsor 8","Kyle Busch","M&M's | Joe Gibbs Racing | Toyota","Driver",21,1
"Racing",2022,"Panini","Chronicles","Prime Jumbo Associate Sponsor 8","Landon Cassill","Voyager | JD Motorsports | Chevrolet","Driver",22,1
"Racing",2022,"Panini","Chronicles","Prime Jumbo Associate Sponsor 8","Ross Chastain","AdventHealth | Trackhouse Racing | Chevrolet","Driver",23,1
"Racing",2022,"Panini","Chronicles","Prime Jumbo Associate Sponsor 8","Bubba Wallace","McDonald's | 23XI Racing | Toyota","Driver",25,1
"Racing",2022,"Panini","Chronicles","Prime Jumbo Associate Sponsor 8","Myatt Snider","TaxSlayer | Richard Childress Racing | Chevrolet","Driver",29,1
"Racing",2022,"Panini","Chronicles","Prime Jumbo Associate Sponsor 8","Ryan Blaney","Menards | Team Penske | Ford","Driver",30,1
"Racing",2022,"Panini","Chronicles","Prime Jumbo Associate Sponsor 9","Chase Elliott","NAPA Auto Parts | Hendrick Motorsports | Chevrolet","Driver",1,1
"Racing",2022,"Panini","Chronicles","Prime Jumbo Associate Sponsor 9","Daniel Suarez","Camping World | Trackhouse Racing | Chevrolet","Driver",3,1
"Racing",2022,"Panini","Chronicles","Prime Jumbo Associate Sponsor 9","Jimmie Johnson","Lowe's | Hendrick Motorsports | Chevrolet","Driver",4,1
"Racing",2022,"Panini","Chronicles","Prime Jumbo Associate Sponsor 9","Martin Truex Jr.","Bass Pro Shops | Joe Gibbs Racing | Toyota","Driver",6,1
"Racing",2022,"Panini","Chronicles","Prime Jumbo Associate Sponsor 9","Aric Almirola","Smithfield Foods | Stewart-Haas Racing | Ford","Driver",8,1
"Racing",2022,"Panini","Chronicles","Prime Jumbo Associate Sponsor 9","Brad Keselowski","Miller Lite | Team Penske | Ford","Driver",10,1
"Racing",2022,"Panini","Chronicles","Prime Jumbo Associate Sponsor 9","Brandon Brown","Vero | Brandonbilt Motorsports | Chevrolet","Driver",11,1
"Racing",2022,"Panini","Chronicles","Prime Jumbo Associate Sponsor 9","Brandon Jones","Menards | Joe Gibbs Racing | Toyota","Driver",12,1
"Racing",2022,"Panini","Chronicles","Prime Jumbo Associate Sponsor 9","Chris Buescher","Fastenal | RFK Racing | Ford","Driver",13,1
"Racing",2022,"Panini","Chronicles","Prime Jumbo Associate Sponsor 9","Josh Berry","Tire Pros | JR Motorsports | Chevrolet","Driver",17,1
"Racing",2022,"Panini","Chronicles","Prime Jumbo Associate Sponsor 9","Kyle Busch","M&M's | Joe Gibbs Racing | Toyota","Driver",21,1
"Racing",2022,"Panini","Chronicles","Prime Jumbo Associate Sponsor 9","Landon Cassill","Voyager | JD Motorsports | Chevrolet","Driver",22,1
"Racing",2022,"Panini","Chronicles","Prime Jumbo Associate Sponsor 9","Ross Chastain","AdventHealth | Trackhouse Racing | Chevrolet","Driver",23,1
"Racing",2022,"Panini","Chronicles","Prime Jumbo Associate Sponsor 9","Bubba Wallace","McDonald's | 23XI Racing | Toyota","Driver",25,1
"Racing",2022,"Panini","Chronicles","Prime Jumbo Associate Sponsor 9","Myatt Snider","TaxSlayer | Richard Childress Racing | Chevrolet","Driver",29,1
"Racing",2022,"Panini","Chronicles","Prime Jumbo Associate Sponsor 9","Ryan Blaney","Menards | Team Penske | Ford","Driver",30,1
"Racing",2022,"Panini","Chronicles","Prime Jumbo Car Manufacturer","Chase Elliott","NAPA Auto Parts | Hendrick Motorsports | Chevrolet","Driver",1,1
"Racing",2022,"Panini","Chronicles","Prime Jumbo Car Manufacturer","Dale Earnhardt Jr","Nationwide | Hendrick Motorsports | Chevrolet","Driver",2,1
"Racing",2022,"Panini","Chronicles","Prime Jumbo Car Manufacturer","Daniel Suarez","Camping World | Trackhouse Racing | Chevrolet","Driver",3,1
"Racing",2022,"Panini","Chronicles","Prime Jumbo Car Manufacturer","Jimmie Johnson","Lowe's | Hendrick Motorsports | Chevrolet","Driver",4,1
"Racing",2022,"Panini","Chronicles","Prime Jumbo Car Manufacturer","Joey Logano","Shell-Pennzoil | Team Penske | Ford","Driver",5,1
"Racing",2022,"Panini","Chronicles","Prime Jumbo Car Manufacturer","Martin Truex Jr.","Bass Pro Shops | Joe Gibbs Racing | Toyota","Driver",6,1
"Racing",2022,"Panini","Chronicles","Prime Jumbo Car Manufacturer","Alex Bowman","Ally Financial | Hendrick Motorsports | Chevrolet","Driver",7,1
"Racing",2022,"Panini","Chronicles","Prime Jumbo Car Manufacturer","Aric Almirola","Smithfield Foods | Stewart-Haas Racing | Ford","Driver",8,1
"Racing",2022,"Panini","Chronicles","Prime Jumbo Car Manufacturer","Austin Dillon","Bass Pro Shops | Richard Childress Racing | Chevrolet","Driver",9,1
"Racing",2022,"Panini","Chronicles","Prime Jumbo Car Manufacturer","Brad Keselowski","Miller Lite | Team Penske | Ford","Driver",10,1
"Racing",2022,"Panini","Chronicles","Prime Jumbo Car Manufacturer","Brandon Brown","Vero | Brandonbilt Motorsports | Chevrolet","Driver",11,1
"Racing",2022,"Panini","Chronicles","Prime Jumbo Car Manufacturer","Brandon Jones","Menards | Joe Gibbs Racing | Toyota","Driver",12,1
"Racing",2022,"Panini","Chronicles","Prime Jumbo Car Manufacturer","Clint Bowyer","Rush Truck Centers | Stewart-Haas Racing| Ford","Driver",14,1
"Racing",2022,"Panini","Chronicles","Prime Jumbo Car Manufacturer","Erik Jones","RP Funding | Richard Petty Motorsports | Chevrolet","Driver",15,1
"Racing",2022,"Panini","Chronicles","Prime Jumbo Car Manufacturer","Jeremy Clements","First Pacific Funding | Jeremy Clements Racing | Chevrolet","Driver",16,1
"Racing",2022,"Panini","Chronicles","Prime Jumbo Car Manufacturer","Josh Berry","Tire Pros | JR Motorsports | Chevrolet","Driver",17,1
"Racing",2022,"Panini","Chronicles","Prime Jumbo Car Manufacturer","Justin Allgaier","TaxSlayer.com | JR Motorsports | Chevrolet","Driver",18,1
"Racing",2022,"Panini","Chronicles","Prime Jumbo Car Manufacturer","Kurt Busch","Monster | 23XI Racing | Toyota","Driver",20,1
"Racing",2022,"Panini","Chronicles","Prime Jumbo Car Manufacturer","Kyle Busch","M&M's | Joe Gibbs Racing | Toyota","Driver",21,1
"Racing",2022,"Panini","Chronicles","Prime Jumbo Car Manufacturer","Landon Cassill","Voyager | JD Motorsports | Chevrolet","Driver",22,1
"Racing",2022,"Panini","Chronicles","Prime Jumbo Car Manufacturer","Ross Chastain","AdventHealth | Trackhouse Racing | Chevrolet","Driver",23,1
"Racing",2022,"Panini","Chronicles","Prime Jumbo Car Manufacturer","William Byron","AXALTA | Hendrick Motorsports | Chevrolet","Driver",24,1
"Racing",2022,"Panini","Chronicles","Prime Jumbo Car Manufacturer","Bubba Wallace","McDonald's | 23XI Racing | Toyota","Driver",25,1
"Racing",2022,"Panini","Chronicles","Prime Jumbo Car Manufacturer","Justin Haley","LeafFilter | Kaulig Racing | Chevrolet","Driver",27,1
"Racing",2022,"Panini","Chronicles","Prime Jumbo Car Manufacturer","Kasey Kahne","Farmers Insurance | Hendrick Motorsports | Chevrolet","Driver",28,1
"Racing",2022,"Panini","Chronicles","Prime Jumbo Car Manufacturer","Ryan Blaney","Menards | Team Penske | Ford","Driver",30,1
"Racing",2022,"Panini","Chronicles","Prime Jumbo Firesuit Manufacturer","Chase Elliott","NAPA Auto Parts | Hendrick Motorsports | Chevrolet","Driver",1,1
"Racing",2022,"Panini","Chronicles","Prime Jumbo Firesuit Manufacturer","Dale Earnhardt Jr","Nationwide | Hendrick Motorsports | Chevrolet","Driver",2,1
"Racing",2022,"Panini","Chronicles","Prime Jumbo Firesuit Manufacturer","Jimmie Johnson","Lowe's | Hendrick Motorsports | Chevrolet","Driver",4,1
"Racing",2022,"Panini","Chronicles","Prime Jumbo Firesuit Manufacturer","Martin Truex Jr.","Bass Pro Shops | Joe Gibbs Racing | Toyota","Driver",6,1
"Racing",2022,"Panini","Chronicles","Prime Jumbo Firesuit Manufacturer","Alex Bowman","Ally Financial | Hendrick Motorsports | Chevrolet","Driver",7,1
"Racing",2022,"Panini","Chronicles","Prime Jumbo Firesuit Manufacturer","Aric Almirola","Smithfield Foods | Stewart-Haas Racing | Ford","Driver",8,1
"Racing",2022,"Panini","Chronicles","Prime Jumbo Firesuit Manufacturer","Austin Dillon","Bass Pro Shops | Richard Childress Racing | Chevrolet","Driver",9,1
"Racing",2022,"Panini","Chronicles","Prime Jumbo Firesuit Manufacturer","Brad Keselowski","Miller Lite | Team Penske | Ford","Driver",10,1
"Racing",2022,"Panini","Chronicles","Prime Jumbo Firesuit Manufacturer","Brandon Brown","Vero | Brandonbilt Motorsports | Chevrolet","Driver",11,1
"Racing",2022,"Panini","Chronicles","Prime Jumbo Firesuit Manufacturer","Brandon Jones","Menards | Joe Gibbs Racing | Toyota","Driver",12,1
"Racing",2022,"Panini","Chronicles","Prime Jumbo Firesuit Manufacturer","Chris Buescher","Fastenal | RFK Racing | Ford","Driver",13,1
"Racing",2022,"Panini","Chronicles","Prime Jumbo Firesuit Manufacturer","Erik Jones","RP Funding | Richard Petty Motorsports | Chevrolet","Driver",15,1
"Racing",2022,"Panini","Chronicles","Prime Jumbo Firesuit Manufacturer","Jeremy Clements","First Pacific Funding | Jeremy Clements Racing | Chevrolet","Driver",16,1
"Racing",2022,"Panini","Chronicles","Prime Jumbo Firesuit Manufacturer","Josh Berry","Tire Pros | JR Motorsports | Chevrolet","Driver",17,1
"Racing",2022,"Panini","Chronicles","Prime Jumbo Firesuit Manufacturer","Justin Allgaier","TaxSlayer.com | JR Motorsports | Chevrolet","Driver",18,1
"Racing",2022,"Panini","Chronicles","Prime Jumbo Firesuit Manufacturer","Kevin Harvick","Mobil 1 | Stewart-Haas Racing | Ford","Driver",19,1
"Racing",2022,"Panini","Chronicles","Prime Jumbo Firesuit Manufacturer","Kurt Busch","Monster | 23XI Racing | Toyota","Driver",20,1
"Racing",2022,"Panini","Chronicles","Prime Jumbo Firesuit Manufacturer","Kyle Busch","M&M's | Joe Gibbs Racing | Toyota","Driver",21,1
"Racing",2022,"Panini","Chronicles","Prime Jumbo Firesuit Manufacturer","Landon Cassill","Voyager | JD Motorsports | Chevrolet","Driver",22,1
"Racing",2022,"Panini","Chronicles","Prime Jumbo Firesuit Manufacturer","William Byron","AXALTA | Hendrick Motorsports | Chevrolet","Driver",24,1
"Racing",2022,"Panini","Chronicles","Prime Jumbo Firesuit Manufacturer","Bubba Wallace","McDonald's | 23XI Racing | Toyota","Driver",25,1
"Racing",2022,"Panini","Chronicles","Prime Jumbo Firesuit Manufacturer","Denny Hamlin","FedEx Express | Joe Gibbs Racing | Toyota","Driver",26,1
"Racing",2022,"Panini","Chronicles","Prime Jumbo Firesuit Manufacturer","Justin Haley","LeafFilter | Kaulig Racing | Chevrolet","Driver",27,1
"Racing",2022,"Panini","Chronicles","Prime Jumbo Firesuit Manufacturer","Kasey Kahne","Farmers Insurance | Hendrick Motorsports | Chevrolet","Driver",28,1
"Racing",2022,"Panini","Chronicles","Prime Jumbo Firesuit Manufacturer","Myatt Snider","TaxSlayer | Richard Childress Racing | Chevrolet","Driver",29,1
"Racing",2022,"Panini","Chronicles","Prime Jumbo Goodyear","Daniel Suarez","Camping World | Trackhouse Racing | Chevrolet","Driver",3,1
"Racing",2022,"Panini","Chronicles","Prime Jumbo Goodyear","Jimmie Johnson","Lowe's | Hendrick Motorsports | Chevrolet","Driver",4,1
"Racing",2022,"Panini","Chronicles","Prime Jumbo Goodyear","Joey Logano","Shell-Pennzoil | Team Penske | Ford","Driver",5,1
"Racing",2022,"Panini","Chronicles","Prime Jumbo Goodyear","Brad Keselowski","Miller Lite | Team Penske | Ford","Driver",10,1
"Racing",2022,"Panini","Chronicles","Prime Jumbo Goodyear","Brandon Brown","Vero | Brandonbilt Motorsports | Chevrolet","Driver",11,1
"Racing",2022,"Panini","Chronicles","Prime Jumbo Goodyear","Jeremy Clements","First Pacific Funding | Jeremy Clements Racing | Chevrolet","Driver",16,1
"Racing",2022,"Panini","Chronicles","Prime Jumbo Goodyear","Josh Berry","Tire Pros | JR Motorsports | Chevrolet","Driver",17,1
"Racing",2022,"Panini","Chronicles","Prime Jumbo Goodyear","Landon Cassill","Voyager | JD Motorsports | Chevrolet","Driver",22,1
"Racing",2022,"Panini","Chronicles","Prime Jumbo Goodyear","Ross Chastain","AdventHealth | Trackhouse Racing | Chevrolet","Driver",23,2
"Racing",2022,"Panini","Chronicles","Prime Jumbo Goodyear","Bubba Wallace","McDonald's | 23XI Racing | Toyota","Driver",25,1
"Racing",2022,"Panini","Chronicles","Prime Jumbo Goodyear","Justin Haley","LeafFilter | Kaulig Racing | Chevrolet","Driver",27,1
"Racing",2022,"Panini","Chronicles","Prime Jumbo Goodyear","Myatt Snider","TaxSlayer | Richard Childress Racing | Chevrolet","Driver",29,1
"Racing",2022,"Panini","Chronicles","Prime Jumbo Goodyear","Ryan Blaney","Menards | Team Penske | Ford","Driver",30,1
"Racing",2022,"Panini","Chronicles","Prime Jumbo Nameplate","Chase Elliott","NAPA Auto Parts | Hendrick Motorsports | Chevrolet","Driver",1,2
"Racing",2022,"Panini","Chronicles","Prime Jumbo Nameplate","Daniel Suarez","Camping World | Trackhouse Racing | Chevrolet","Driver",3,1
"Racing",2022,"Panini","Chronicles","Prime Jumbo Nameplate","Jimmie Johnson","Lowe's | Hendrick Motorsports | Chevrolet","Driver",4,1
"Racing",2022,"Panini","Chronicles","Prime Jumbo Nameplate","Martin Truex Jr.","Bass Pro Shops | Joe Gibbs Racing | Toyota","Driver",6,1
"Racing",2022,"Panini","Chronicles","Prime Jumbo Nameplate","Alex Bowman","Ally Financial | Hendrick Motorsports | Chevrolet","Driver",7,2
"Racing",2022,"Panini","Chronicles","Prime Jumbo Nameplate","Austin Dillon","Bass Pro Shops | Richard Childress Racing | Chevrolet","Driver",9,1
"Racing",2022,"Panini","Chronicles","Prime Jumbo Nameplate","Brad Keselowski","Miller Lite | Team Penske | Ford","Driver",10,1
"Racing",2022,"Panini","Chronicles","Prime Jumbo Nameplate","Brandon Brown","Vero | Brandonbilt Motorsports | Chevrolet","Driver",11,2
"Racing",2022,"Panini","Chronicles","Prime Jumbo Nameplate","Brandon Jones","Menards | Joe Gibbs Racing | Toyota","Driver",12,1
"Racing",2022,"Panini","Chronicles","Prime Jumbo Nameplate","Clint Bowyer","Rush Truck Centers | Stewart-Haas Racing| Ford","Driver",14,1
"Racing",2022,"Panini","Chronicles","Prime Jumbo Nameplate","Erik Jones","RP Funding | Richard Petty Motorsports | Chevrolet","Driver",15,2
"Racing",2022,"Panini","Chronicles","Prime Jumbo Nameplate","Jeremy Clements","First Pacific Funding | Jeremy Clements Racing | Chevrolet","Driver",16,1
"Racing",2022,"Panini","Chronicles","Prime Jumbo Nameplate","Josh Berry","Tire Pros | JR Motorsports | Chevrolet","Driver",17,2
"Racing",2022,"Panini","Chronicles","Prime Jumbo Nameplate","Justin Allgaier","TaxSlayer.com | JR Motorsports | Chevrolet","Driver",18,2
"Racing",2022,"Panini","Chronicles","Prime Jumbo Nameplate","Kevin Harvick","Mobil 1 | Stewart-Haas Racing | Ford","Driver",19,1
"Racing",2022,"Panini","Chronicles","Prime Jumbo Nameplate","Kyle Busch","M&M's | Joe Gibbs Racing | Toyota","Driver",21,1
"Racing",2022,"Panini","Chronicles","Prime Jumbo Nameplate","Landon Cassill","Voyager | JD Motorsports | Chevrolet","Driver",22,2
"Racing",2022,"Panini","Chronicles","Prime Jumbo Nameplate","Ross Chastain","AdventHealth | Trackhouse Racing | Chevrolet","Driver",23,2
"Racing",2022,"Panini","Chronicles","Prime Jumbo Nameplate","William Byron","AXALTA | Hendrick Motorsports | Chevrolet","Driver",24,1
"Racing",2022,"Panini","Chronicles","Prime Jumbo Nameplate","Bubba Wallace","McDonald's | 23XI Racing | Toyota","Driver",25,1
"Racing",2022,"Panini","Chronicles","Prime Jumbo Nameplate","Kasey Kahne","Farmers Insurance | Hendrick Motorsports | Chevrolet","Driver",28,3
"Racing",2022,"Panini","Chronicles","Prime Jumbo Nameplate","Myatt Snider","TaxSlayer | Richard Childress Racing | Chevrolet","Driver",29,2
"Racing",2022,"Panini","Chronicles","Prime Jumbo Nameplate","Ryan Blaney","Menards | Team Penske | Ford","Driver",30,2
"Racing",2022,"Panini","Chronicles","Prime Jumbo NASCAR Patch","Daniel Suarez","Camping World | Trackhouse Racing | Chevrolet","Driver",3,1
"Racing",2022,"Panini","Chronicles","Prime Jumbo NASCAR Patch","Jimmie Johnson","Lowe's | Hendrick Motorsports | Chevrolet","Driver",4,1
"Racing",2022,"Panini","Chronicles","Prime Jumbo NASCAR Patch","Joey Logano","Shell-Pennzoil | Team Penske | Ford","Driver",5,1
"Racing",2022,"Panini","Chronicles","Prime Jumbo NASCAR Patch","Martin Truex Jr.","Bass Pro Shops | Joe Gibbs Racing | Toyota","Driver",6,1
"Racing",2022,"Panini","Chronicles","Prime Jumbo NASCAR Patch","Aric Almirola","Smithfield Foods | Stewart-Haas Racing | Ford","Driver",8,1
"Racing",2022,"Panini","Chronicles","Prime Jumbo NASCAR Patch","Brad Keselowski","Miller Lite | Team Penske | Ford","Driver",10,1
"Racing",2022,"Panini","Chronicles","Prime Jumbo NASCAR Patch","Brandon Brown","Vero | Brandonbilt Motorsports | Chevrolet","Driver",11,1
"Racing",2022,"Panini","Chronicles","Prime Jumbo NASCAR Patch","Brandon Jones","Menards | Joe Gibbs Racing | Toyota","Driver",12,1
"Racing",2022,"Panini","Chronicles","Prime Jumbo NASCAR Patch","Jeremy Clements","First Pacific Funding | Jeremy Clements Racing | Chevrolet","Driver",16,1
"Racing",2022,"Panini","Chronicles","Prime Jumbo NASCAR Patch","Kevin Harvick","Mobil 1 | Stewart-Haas Racing | Ford","Driver",19,1
"Racing",2022,"Panini","Chronicles","Prime Jumbo NASCAR Patch","Kyle Busch","M&M's | Joe Gibbs Racing | Toyota","Driver",21,1
"Racing",2022,"Panini","Chronicles","Prime Jumbo NASCAR Patch","Landon Cassill","Voyager | JD Motorsports | Chevrolet","Driver",22,1
"Racing",2022,"Panini","Chronicles","Prime Jumbo NASCAR Patch","Ross Chastain","AdventHealth | Trackhouse Racing | Chevrolet","Driver",23,1
"Racing",2022,"Panini","Chronicles","Prime Jumbo NASCAR Patch","Bubba Wallace","McDonald's | 23XI Racing | Toyota","Driver",25,1
"Racing",2022,"Panini","Chronicles","Prime Jumbo NASCAR Patch","Denny Hamlin","FedEx Express | Joe Gibbs Racing | Toyota","Driver",26,1
"Racing",2022,"Panini","Chronicles","Prime Jumbo NASCAR Patch","Myatt Snider","TaxSlayer | Richard Childress Racing | Chevrolet","Driver",29,1
"Racing",2022,"Panini","Chronicles","Prime Jumbo Series Sponsor Patch","Chase Elliott","NAPA Auto Parts | Hendrick Motorsports | Chevrolet","Driver",1,1
"Racing",2022,"Panini","Chronicles","Prime Jumbo Series Sponsor Patch","Daniel Suarez","Camping World | Trackhouse Racing | Chevrolet","Driver",3,1
"Racing",2022,"Panini","Chronicles","Prime Jumbo Series Sponsor Patch","Joey Logano","Shell-Pennzoil | Team Penske | Ford","Driver",5,1
"Racing",2022,"Panini","Chronicles","Prime Jumbo Series Sponsor Patch","Martin Truex Jr.","Bass Pro Shops | Joe Gibbs Racing | Toyota","Driver",6,1
"Racing",2022,"Panini","Chronicles","Prime Jumbo Series Sponsor Patch","Alex Bowman","Ally Financial | Hendrick Motorsports | Chevrolet","Driver",7,1
"Racing",2022,"Panini","Chronicles","Prime Jumbo Series Sponsor Patch","Aric Almirola","Smithfield Foods | Stewart-Haas Racing | Ford","Driver",8,1
"Racing",2022,"Panini","Chronicles","Prime Jumbo Series Sponsor Patch","Brad Keselowski","Miller Lite | Team Penske | Ford","Driver",10,1
"Racing",2022,"Panini","Chronicles","Prime Jumbo Series Sponsor Patch","Brandon Brown","Vero | Brandonbilt Motorsports | Chevrolet","Driver",11,1
"Racing",2022,"Panini","Chronicles","Prime Jumbo Series Sponsor Patch","Brandon Jones","Menards | Joe Gibbs Racing | Toyota","Driver",12,1
"Racing",2022,"Panini","Chronicles","Prime Jumbo Series Sponsor Patch","Chris Buescher","Fastenal | RFK Racing | Ford","Driver",13,1
"Racing",2022,"Panini","Chronicles","Prime Jumbo Series Sponsor Patch","Jeremy Clements","First Pacific Funding | Jeremy Clements Racing | Chevrolet","Driver",16,1
"Racing",2022,"Panini","Chronicles","Prime Jumbo Series Sponsor Patch","Josh Berry","Tire Pros | JR Motorsports | Chevrolet","Driver",17,1
"Racing",2022,"Panini","Chronicles","Prime Jumbo Series Sponsor Patch","Justin Allgaier","TaxSlayer.com | JR Motorsports | Chevrolet","Driver",18,1
"Racing",2022,"Panini","Chronicles","Prime Jumbo Series Sponsor Patch","Kyle Busch","M&M's | Joe Gibbs Racing | Toyota","Driver",21,1
"Racing",2022,"Panini","Chronicles","Prime Jumbo Series Sponsor Patch","Landon Cassill","Voyager | JD Motorsports | Chevrolet","Driver",22,1
"Racing",2022,"Panini","Chronicles","Prime Jumbo Series Sponsor Patch","Ross Chastain","AdventHealth | Trackhouse Racing | Chevrolet","Driver",23,1
"Racing",2022,"Panini","Chronicles","Prime Jumbo Series Sponsor Patch","Bubba Wallace","McDonald's | 23XI Racing | Toyota","Driver",25,1
"Racing",2022,"Panini","Chronicles","Prime Jumbo Series Sponsor Patch","Justin Haley","LeafFilter | Kaulig Racing | Chevrolet","Driver",27,1
"Racing",2022,"Panini","Chronicles","Prime Jumbo Series Sponsor Patch","Myatt Snider","TaxSlayer | Richard Childress Racing | Chevrolet","Driver",29,1
"Racing",2022,"Panini","Chronicles","Prime Jumbo Series Sponsor Patch","Ryan Blaney","Menards | Team Penske | Ford","Driver",30,1
"Racing",2022,"Panini","Chronicles","Prime Jumbo Sunoco Patch","Chase Elliott","NAPA Auto Parts | Hendrick Motorsports | Chevrolet","Driver",1,1
"Racing",2022,"Panini","Chronicles","Prime Jumbo Sunoco Patch","Daniel Suarez","Camping World | Trackhouse Racing | Chevrolet","Driver",3,1
"Racing",2022,"Panini","Chronicles","Prime Jumbo Sunoco Patch","Jimmie Johnson","Lowe's | Hendrick Motorsports | Chevrolet","Driver",4,1
"Racing",2022,"Panini","Chronicles","Prime Jumbo Sunoco Patch","Joey Logano","Shell-Pennzoil | Team Penske | Ford","Driver",5,1
"Racing",2022,"Panini","Chronicles","Prime Jumbo Sunoco Patch","Martin Truex Jr.","Bass Pro Shops | Joe Gibbs Racing | Toyota","Driver",6,1
"Racing",2022,"Panini","Chronicles","Prime Jumbo Sunoco Patch","Alex Bowman","Ally Financial | Hendrick Motorsports | Chevrolet","Driver",7,1
"Racing",2022,"Panini","Chronicles","Prime Jumbo Sunoco Patch","Aric Almirola","Smithfield Foods | Stewart-Haas Racing | Ford","Driver",8,1
"Racing",2022,"Panini","Chronicles","Prime Jumbo Sunoco Patch","Austin Dillon","Bass Pro Shops | Richard Childress Racing | Chevrolet","Driver",9,1
"Racing",2022,"Panini","Chronicles","Prime Jumbo Sunoco Patch","Brad Keselowski","Miller Lite | Team Penske | Ford","Driver",10,1
"Racing",2022,"Panini","Chronicles","Prime Jumbo Sunoco Patch","Brandon Brown","Vero | Brandonbilt Motorsports | Chevrolet","Driver",11,1
"Racing",2022,"Panini","Chronicles","Prime Jumbo Sunoco Patch","Brandon Jones","Menards | Joe Gibbs Racing | Toyota","Driver",12,1
"Racing",2022,"Panini","Chronicles","Prime Jumbo Sunoco Patch","Chris Buescher","Fastenal | RFK Racing | Ford","Driver",13,1
"Racing",2022,"Panini","Chronicles","Prime Jumbo Sunoco Patch","Erik Jones","RP Funding | Richard Petty Motorsports | Chevrolet","Driver",15,1
"Racing",2022,"Panini","Chronicles","Prime Jumbo Sunoco Patch","Jeremy Clements","First Pacific Funding | Jeremy Clements Racing | Chevrolet","Driver",16,1
"Racing",2022,"Panini","Chronicles","Prime Jumbo Sunoco Patch","Josh Berry","Tire Pros | JR Motorsports | Chevrolet","Driver",17,1
"Racing",2022,"Panini","Chronicles","Prime Jumbo Sunoco Patch","Justin Allgaier","TaxSlayer.com | JR Motorsports | Chevrolet","Driver",18,1
"Racing",2022,"Panini","Chronicles","Prime Jumbo Sunoco Patch","Kyle Busch","M&M's | Joe Gibbs Racing | Toyota","Driver",21,1
"Racing",2022,"Panini","Chronicles","Prime Jumbo Sunoco Patch","Landon Cassill","Voyager | JD Motorsports | Chevrolet","Driver",22,1
"Racing",2022,"Panini","Chronicles","Prime Jumbo Sunoco Patch","Ross Chastain","AdventHealth | Trackhouse Racing | Chevrolet","Driver",23,1
"Racing",2022,"Panini","Chronicles","Prime Jumbo Sunoco Patch","William Byron","AXALTA | Hendrick Motorsports | Chevrolet","Driver",24,1
"Racing",2022,"Panini","Chronicles","Prime Jumbo Sunoco Patch","Bubba Wallace","McDonald's | 23XI Racing | Toyota","Driver",25,1
"Racing",2022,"Panini","Chronicles","Prime Jumbo Sunoco Patch","Denny Hamlin","FedEx Express | Joe Gibbs Racing | Toyota","Driver",26,1
"Racing",2022,"Panini","Chronicles","Prime Jumbo Sunoco Patch","Justin Haley","LeafFilter | Kaulig Racing | Chevrolet","Driver",27,1
"Racing",2022,"Panini","Chronicles","Prime Jumbo Sunoco Patch","Myatt Snider","TaxSlayer | Richard Childress Racing | Chevrolet","Driver",29,1
"Racing",2022,"Panini","Chronicles","Prime Jumbo Sunoco Patch","Ryan Blaney","Menards | Team Penske | Ford","Driver",30,1
"Racing",2022,"Panini","Chronicles","Recon Jumbo Material","Jimmie Johnson","Lowe's | Hendrick Motorsports | Chevrolet","Driver",1,
"Racing",2022,"Panini","Chronicles","Recon Jumbo Material","Kevin Harvick","Mobil 1 | Stewart-Haas Racing | Ford","Driver",2,
"Racing",2022,"Panini","Chronicles","Recon Jumbo Material","Joey Logano","Shell-Pennzoil | Team Penske | Ford","Driver",4,
"Racing",2022,"Panini","Chronicles","Recon Jumbo Material","Kurt Busch","Monster | 23XI Racing | Toyota","Driver",5,99
"Racing",2022,"Panini","Chronicles","Recon Jumbo Material","Cole Custer","Haas Automation | Stewart-Haas Racing | Ford","Driver",6,
"Racing",2022,"Panini","Chronicles","Recon Jumbo Material","Alex Bowman","Ally Financial | Hendrick Motorsports | Chevrolet","Driver",7,
"Racing",2022,"Panini","Chronicles","Recon Jumbo Material","Martin Truex Jr.","Bass Pro Shops | Joe Gibbs Racing | Toyota","Driver",8,
"Racing",2022,"Panini","Chronicles","Recon Jumbo Material","Ricky Stenhouse Jr","Kroger | JTG Daugherty Racing | Chevrolet","Driver",10,
"Racing",2022,"Panini","Chronicles","Recon Jumbo Material Holo Gold","Jimmie Johnson","Lowe's | Hendrick Motorsports | Chevrolet","Driver",1,5
"Racing",2022,"Panini","Chronicles","Recon Jumbo Material Holo Gold","Kevin Harvick","Mobil 1 | Stewart-Haas Racing | Ford","Driver",2,4
"Racing",2022,"Panini","Chronicles","Recon Jumbo Material Holo Gold","Kyle Busch","M&M's | Joe Gibbs Racing | Toyota","Driver",3,5
"Racing",2022,"Panini","Chronicles","Recon Jumbo Material Holo Gold","Joey Logano","Shell-Pennzoil | Team Penske | Ford","Driver",4,5
"Racing",2022,"Panini","Chronicles","Recon Jumbo Material Holo Gold","Kurt Busch","Monster | 23XI Racing | Toyota","Driver",5,5
"Racing",2022,"Panini","Chronicles","Recon Jumbo Material Holo Gold","Cole Custer","Haas Automation | Stewart-Haas Racing | Ford","Driver",6,5
"Racing",2022,"Panini","Chronicles","Recon Jumbo Material Holo Gold","Alex Bowman","Ally Financial | Hendrick Motorsports | Chevrolet","Driver",7,5
"Racing",2022,"Panini","Chronicles","Recon Jumbo Material Holo Gold","Martin Truex Jr.","Bass Pro Shops | Joe Gibbs Racing | Toyota","Driver",8,5
"Racing",2022,"Panini","Chronicles","Recon Jumbo Material Holo Gold","William Byron","AXALTA | Hendrick Motorsports | Chevrolet","Driver",9,5
"Racing",2022,"Panini","Chronicles","Recon Jumbo Material Holo Gold","Ricky Stenhouse Jr","Kroger | JTG Daugherty Racing | Chevrolet","Driver",10,5
"Racing",2022,"Panini","Chronicles","Recon Jumbo Material Holo Platinum Blue","Jimmie Johnson","Lowe's | Hendrick Motorsports | Chevrolet","Driver",1,1
"Racing",2022,"Panini","Chronicles","Recon Jumbo Material Holo Platinum Blue","Kevin Harvick","Mobil 1 | Stewart-Haas Racing | Ford","Driver",2,1
"Racing",2022,"Panini","Chronicles","Recon Jumbo Material Holo Platinum Blue","Kyle Busch","M&M's | Joe Gibbs Racing | Toyota","Driver",3,1
"Racing",2022,"Panini","Chronicles","Recon Jumbo Material Holo Platinum Blue","Joey Logano","Shell-Pennzoil | Team Penske | Ford","Driver",4,1
"Racing",2022,"Panini","Chronicles","Recon Jumbo Material Holo Platinum Blue","Kurt Busch","Monster | 23XI Racing | Toyota","Driver",5,1
"Racing",2022,"Panini","Chronicles","Recon Jumbo Material Holo Platinum Blue","Cole Custer","Haas Automation | Stewart-Haas Racing | Ford","Driver",6,1
"Racing",2022,"Panini","Chronicles","Recon Jumbo Material Holo Platinum Blue","Alex Bowman","Ally Financial | Hendrick Motorsports | Chevrolet","Driver",7,1
"Racing",2022,"Panini","Chronicles","Recon Jumbo Material Holo Platinum Blue","Martin Truex Jr.","Bass Pro Shops | Joe Gibbs Racing | Toyota","Driver",8,1
"Racing",2022,"Panini","Chronicles","Recon Jumbo Material Holo Platinum Blue","William Byron","AXALTA | Hendrick Motorsports | Chevrolet","Driver",9,1
"Racing",2022,"Panini","Chronicles","Recon Jumbo Material Holo Platinum Blue","Ricky Stenhouse Jr","Kroger | JTG Daugherty Racing | Chevrolet","Driver",10,1
"Racing",2022,"Panini","Chronicles","Recon Jumbo Material Holo Silver","Jimmie Johnson","Lowe's | Hendrick Motorsports | Chevrolet","Driver",1,10
"Racing",2022,"Panini","Chronicles","Recon Jumbo Material Holo Silver","Kevin Harvick","Mobil 1 | Stewart-Haas Racing | Ford","Driver",2,10
"Racing",2022,"Panini","Chronicles","Recon Jumbo Material Holo Silver","Kyle Busch","M&M's | Joe Gibbs Racing | Toyota","Driver",3,10
"Racing",2022,"Panini","Chronicles","Recon Jumbo Material Holo Silver","Joey Logano","Shell-Pennzoil | Team Penske | Ford","Driver",4,10
"Racing",2022,"Panini","Chronicles","Recon Jumbo Material Holo Silver","Kurt Busch","Monster | 23XI Racing | Toyota","Driver",5,10
"Racing",2022,"Panini","Chronicles","Recon Jumbo Material Holo Silver","Cole Custer","Haas Automation | Stewart-Haas Racing | Ford","Driver",6,10
"Racing",2022,"Panini","Chronicles","Recon Jumbo Material Holo Silver","Alex Bowman","Ally Financial | Hendrick Motorsports | Chevrolet","Driver",7,10
"Racing",2022,"Panini","Chronicles","Recon Jumbo Material Holo Silver","William Byron","AXALTA | Hendrick Motorsports | Chevrolet","Driver",9,10
"Racing",2022,"Panini","Chronicles","Recon Jumbo Material Holo Silver","Ricky Stenhouse Jr","Kroger | JTG Daugherty Racing | Chevrolet","Driver",10,10
"Racing",2022,"Panini","Chronicles","Recon Jumbo Material Laundry Tags","Jimmie Johnson","Lowe's | Hendrick Motorsports | Chevrolet","Driver",1,1
"Racing",2022,"Panini","Chronicles","Recon Jumbo Material Laundry Tags","Kevin Harvick","Mobil 1 | Stewart-Haas Racing | Ford","Driver",2,1
"Racing",2022,"Panini","Chronicles","Recon Jumbo Material Laundry Tags","Kyle Busch","M&M's | Joe Gibbs Racing | Toyota","Driver",3,1
"Racing",2022,"Panini","Chronicles","Recon Jumbo Material Laundry Tags","Kurt Busch","Monster | 23XI Racing | Toyota","Driver",5,1
"Racing",2022,"Panini","Chronicles","Recon Jumbo Material Laundry Tags","Cole Custer","Haas Automation | Stewart-Haas Racing | Ford","Driver",6,1
"Racing",2022,"Panini","Chronicles","Recon Jumbo Material Laundry Tags","Alex Bowman","Ally Financial | Hendrick Motorsports | Chevrolet","Driver",7,1
"Racing",2022,"Panini","Chronicles","Recon Jumbo Material Laundry Tags","Martin Truex Jr.","Bass Pro Shops | Joe Gibbs Racing | Toyota","Driver",8,1
"Racing",2022,"Panini","Chronicles","Recon Jumbo Material Laundry Tags","William Byron","AXALTA | Hendrick Motorsports | Chevrolet","Driver",9,1
"Racing",2022,"Panini","Chronicles","Recon Jumbo Material Laundry Tags","Ricky Stenhouse Jr","Kroger | JTG Daugherty Racing | Chevrolet","Driver",10,1
"Racing",2022,"Panini","Chronicles","Recon Jumbo Material Red","Jimmie Johnson","Lowe's | Hendrick Motorsports | Chevrolet","Driver",1,25
"Racing",2022,"Panini","Chronicles","Recon Jumbo Material Red","Kevin Harvick","Mobil 1 | Stewart-Haas Racing | Ford","Driver",2,25
"Racing",2022,"Panini","Chronicles","Recon Jumbo Material Red","Kyle Busch","M&M's | Joe Gibbs Racing | Toyota","Driver",3,25
"Racing",2022,"Panini","Chronicles","Recon Jumbo Material Red","Joey Logano","Shell-Pennzoil | Team Penske | Ford","Driver",4,25
"Racing",2022,"Panini","Chronicles","Recon Jumbo Material Red","Kurt Busch","Monster | 23XI Racing | Toyota","Driver",5,25
"Racing",2022,"Panini","Chronicles","Recon Jumbo Material Red","Cole Custer","Haas Automation | Stewart-Haas Racing | Ford","Driver",6,25
"Racing",2022,"Panini","Chronicles","Recon Jumbo Material Red","Alex Bowman","Ally Financial | Hendrick Motorsports | Chevrolet","Driver",7,25
"Racing",2022,"Panini","Chronicles","Recon Jumbo Material Red","William Byron","AXALTA | Hendrick Motorsports | Chevrolet","Driver",9,24
"Racing",2022,"Panini","Chronicles","Recon Jumbo Material Red","Ricky Stenhouse Jr","Kroger | JTG Daugherty Racing | Chevrolet","Driver",10,25
"Racing",2022,"Panini","Chronicles","Select","Brett Moffitt","Hometown Lenders | Our Motorsports | Chevrolet","Driver",1,
"Racing",2022,"Panini","Chronicles","Select","Jimmie Johnson","Lowe's | Hendrick Motorsports | Chevrolet","Driver",2,
"Racing",2022,"Panini","Chronicles","Select","Aric Almirola","Smithfield Foods | Stewart-Haas Racing | Ford","Driver",3,
"Racing",2022,"Panini","Chronicles","Select","Corey Heim","JBL | Kyle Busch Motorsports | Toyota","Driver",4,
"Racing",2022,"Panini","Chronicles","Select","Daniel Hemric","Poppy Bank | Joe Gibbs Racing | Toyota","Driver",5,
"Racing",2022,"Panini","Chronicles","Select","Santino Ferrucci","Toyota Racing | Sam Hunt Racing | Toyota","Driver",6,
"Racing",2022,"Panini","Chronicles","Select","Chase Elliott","NAPA Auto Parts | Hendrick Motorsports | Chevrolet","Driver",7,
"Racing",2022,"Panini","Chronicles","Select","Denny Hamlin","FedEx Express | Joe Gibbs Racing | Toyota","Driver",8,
"Racing",2022,"Panini","Chronicles","Select","Hailie Deegan","Monster Energy | DGR-Crosley | Ford","Driver",9,
"Racing",2022,"Panini","Chronicles","Select","Taylor Gray","Ford Performance | DGR-Crosley | Ford","Driver",10,
"Racing",2022,"Panini","Chronicles","Select","Richard Petty","STP | Petty Enterprises | Plymouth","Driver",11,
"Racing",2022,"Panini","Chronicles","Select","Harrison Burton","Motorcraft | Wood Brothers Racing | Ford","Driver",13,
"Racing",2022,"Panini","Chronicles","Select","Jeff Gordon","Pepsi | Hendrick Motorsports | Chevrolet","Driver",14,
"Racing",2022,"Panini","Chronicles","Select","Josh Berry","Harrison's | JR Motorsports | Chevrolet","Driver",15,
"Racing",2022,"Panini","Chronicles","Select","Alex Bowman","Ally Financial | Hendrick Motorsports | Chevrolet","Driver",16,
"Racing",2022,"Panini","Chronicles","Select","Mason Massey","Gerber | B.J. McLeod Motorsports | Chevrolet","Driver",17,
"Racing",2022,"Panini","Chronicles","Select","Quin Houff","StarCom | StarCom Racing | Chevrolet","Car",19,
"Racing",2022,"Panini","Chronicles","Select","Ryan Blaney","Menards | Team Penske | Ford","Driver",20,
"Racing",2022,"Panini","Chronicles","Select Autographs","Brett Moffitt","Hometown Lenders | Our Motorsports | Chevrolet","Driver",1,
"Racing",2022,"Panini","Chronicles","Select Autographs","Aric Almirola","Smithfield Foods | Stewart-Haas Racing | Ford","Driver",3,
"Racing",2022,"Panini","Chronicles","Select Autographs","Corey Heim","JBL | Kyle Busch Motorsports | Toyota","Driver",4,
"Racing",2022,"Panini","Chronicles","Select Autographs","Daniel Hemric","Poppy Bank | Joe Gibbs Racing | Toyota","Driver",5,
"Racing",2022,"Panini","Chronicles","Select Autographs","Santino Ferrucci","Toyota Racing | Sam Hunt Racing | Toyota","Driver",6,
"Racing",2022,"Panini","Chronicles","Select Autographs","Chase Elliott","NAPA Auto Parts | Hendrick Motorsports | Chevrolet","Driver",7,
"Racing",2022,"Panini","Chronicles","Select Autographs","Denny Hamlin","FedEx Express | Joe Gibbs Racing | Toyota","Driver",8,
"Racing",2022,"Panini","Chronicles","Select Autographs","Hailie Deegan","Monster Energy | DGR-Crosley | Ford","Driver",9,
"Racing",2022,"Panini","Chronicles","Select Autographs","Taylor Gray","Ford Performance | DGR-Crosley | Ford","Driver",10,
"Racing",2022,"Panini","Chronicles","Select Autographs","Harrison Burton","Motorcraft | Wood Brothers Racing | Ford","Driver",13,
"Racing",2022,"Panini","Chronicles","Select Autographs","Josh Berry","Harrison's | JR Motorsports | Chevrolet","Driver",15,
"Racing",2022,"Panini","Chronicles","Select Autographs","Alex Bowman","Ally Financial | Hendrick Motorsports | Chevrolet","Driver",16,
"Racing",2022,"Panini","Chronicles","Select Autographs","Mason Massey","Gerber | B.J. McLeod Motorsports | Chevrolet","Driver",17,
"Racing",2022,"Panini","Chronicles","Select Autographs","Cole Custer","Haas Automation | Stewart-Haas Racing | Ford","Driver",18,
"Racing",2022,"Panini","Chronicles","Select Autographs","Quin Houff","StarCom | StarCom Racing | Chevrolet","Car",19,
"Racing",2022,"Panini","Chronicles","Select Autographs","Ryan Blaney","Menards | Team Penske | Ford","Driver",20,
"Racing",2022,"Panini","Chronicles","Select Autographs Gold","Brett Moffitt","Hometown Lenders | Our Motorsports | Chevrolet","Driver",1,10
"Racing",2022,"Panini","Chronicles","Select Autographs Gold","Jimmie Johnson","Lowe's | Hendrick Motorsports | Chevrolet","Driver",2,7
"Racing",2022,"Panini","Chronicles","Select Autographs Gold","Aric Almirola","Smithfield Foods | Stewart-Haas Racing | Ford","Driver",3,10
"Racing",2022,"Panini","Chronicles","Select Autographs Gold","Corey Heim","JBL | Kyle Busch Motorsports | Toyota","Driver",4,10
"Racing",2022,"Panini","Chronicles","Select Autographs Gold","Daniel Hemric","Poppy Bank | Joe Gibbs Racing | Toyota","Driver",5,10
"Racing",2022,"Panini","Chronicles","Select Autographs Gold","Santino Ferrucci","Toyota Racing | Sam Hunt Racing | Toyota","Driver",6,10
"Racing",2022,"Panini","Chronicles","Select Autographs Gold","Chase Elliott","NAPA Auto Parts | Hendrick Motorsports | Chevrolet","Driver",7,10
"Racing",2022,"Panini","Chronicles","Select Autographs Gold","Denny Hamlin","FedEx Express | Joe Gibbs Racing | Toyota","Driver",8,10
"Racing",2022,"Panini","Chronicles","Select Autographs Gold","Taylor Gray","Ford Performance | DGR-Crosley | Ford","Driver",10,10
"Racing",2022,"Panini","Chronicles","Select Autographs Gold","Richard Petty","STP | Petty Enterprises | Plymouth","Driver",11,5
"Racing",2022,"Panini","Chronicles","Select Autographs Gold","Harrison Burton","Motorcraft | Wood Brothers Racing | Ford","Driver",13,10
"Racing",2022,"Panini","Chronicles","Select Autographs Gold","Jeff Gordon","Pepsi | Hendrick Motorsports | Chevrolet","Driver",14,2
"Racing",2022,"Panini","Chronicles","Select Autographs Gold","Alex Bowman","Ally Financial | Hendrick Motorsports | Chevrolet","Driver",16,10
"Racing",2022,"Panini","Chronicles","Select Autographs Gold","Mason Massey","Gerber | B.J. McLeod Motorsports | Chevrolet","Driver",17,10
"Racing",2022,"Panini","Chronicles","Select Autographs Gold","Quin Houff","StarCom | StarCom Racing | Chevrolet","Car",19,10
"Racing",2022,"Panini","Chronicles","Select Autographs Gold","Ryan Blaney","Menards | Team Penske | Ford","Driver",20,5
"Racing",2022,"Panini","Chronicles","Select Autographs Gold Vinyl","Brett Moffitt","Hometown Lenders | Our Motorsports | Chevrolet","Driver",1,1
"Racing",2022,"Panini","Chronicles","Select Autographs Gold Vinyl","Jimmie Johnson","Lowe's | Hendrick Motorsports | Chevrolet","Driver",2,1
"Racing",2022,"Panini","Chronicles","Select Autographs Gold Vinyl","Aric Almirola","Smithfield Foods | Stewart-Haas Racing | Ford","Driver",3,1
"Racing",2022,"Panini","Chronicles","Select Autographs Gold Vinyl","Corey Heim","JBL | Kyle Busch Motorsports | Toyota","Driver",4,1
"Racing",2022,"Panini","Chronicles","Select Autographs Gold Vinyl","Daniel Hemric","Poppy Bank | Joe Gibbs Racing | Toyota","Driver",5,1
"Racing",2022,"Panini","Chronicles","Select Autographs Gold Vinyl","Santino Ferrucci","Toyota Racing | Sam Hunt Racing | Toyota","Driver",6,1
"Racing",2022,"Panini","Chronicles","Select Autographs Gold Vinyl","Chase Elliott","NAPA Auto Parts | Hendrick Motorsports | Chevrolet","Driver",7,1
"Racing",2022,"Panini","Chronicles","Select Autographs Gold Vinyl","Hailie Deegan","Monster Energy | DGR-Crosley | Ford","Driver",9,1
"Racing",2022,"Panini","Chronicles","Select Autographs Gold Vinyl","Taylor Gray","Ford Performance | DGR-Crosley | Ford","Driver",10,1
"Racing",2022,"Panini","Chronicles","Select Autographs Gold Vinyl","Richard Petty","STP | Petty Enterprises | Plymouth","Driver",11,1
"Racing",2022,"Panini","Chronicles","Select Autographs Gold Vinyl","Tony Stewart","Bass Pro Shops | Stewart-Haas Racing | Chevrolet","Driver",12,1
"Racing",2022,"Panini","Chronicles","Select Autographs Gold Vinyl","Harrison Burton","Motorcraft | Wood Brothers Racing | Ford","Driver",13,1
"Racing",2022,"Panini","Chronicles","Select Autographs Gold Vinyl","Josh Berry","Harrison's | JR Motorsports | Chevrolet","Driver",15,1
"Racing",2022,"Panini","Chronicles","Select Autographs Gold Vinyl","Alex Bowman","Ally Financial | Hendrick Motorsports | Chevrolet","Driver",16,1
"Racing",2022,"Panini","Chronicles","Select Autographs Gold Vinyl","Cole Custer","Haas Automation | Stewart-Haas Racing | Ford","Driver",18,1
"Racing",2022,"Panini","Chronicles","Select Autographs Gold Vinyl","Quin Houff","StarCom | StarCom Racing | Chevrolet","Car",19,1
"Racing",2022,"Panini","Chronicles","Select Blue","Jimmie Johnson","Lowe's | Hendrick Motorsports | Chevrolet","Driver",2,199
"Racing",2022,"Panini","Chronicles","Select Blue","Aric Almirola","Smithfield Foods | Stewart-Haas Racing | Ford","Driver",3,199
"Racing",2022,"Panini","Chronicles","Select Blue","Corey Heim","JBL | Kyle Busch Motorsports | Toyota","Driver",4,199
"Racing",2022,"Panini","Chronicles","Select Blue","Daniel Hemric","Poppy Bank | Joe Gibbs Racing | Toyota","Driver",5,199
"Racing",2022,"Panini","Chronicles","Select Blue","Santino Ferrucci","Toyota Racing | Sam Hunt Racing | Toyota","Driver",6,199
"Racing",2022,"Panini","Chronicles","Select Blue","Denny Hamlin","FedEx Express | Joe Gibbs Racing | Toyota","Driver",8,199
"Racing",2022,"Panini","Chronicles","Select Blue","Hailie Deegan","Monster Energy | DGR-Crosley | Ford","Driver",9,199
"Racing",2022,"Panini","Chronicles","Select Blue","Richard Petty","STP | Petty Enterprises | Plymouth","Driver",11,199
"Racing",2022,"Panini","Chronicles","Select Blue","Tony Stewart","Bass Pro Shops | Stewart-Haas Racing | Chevrolet","Driver",12,199
"Racing",2022,"Panini","Chronicles","Select Blue","Harrison Burton","Motorcraft | Wood Brothers Racing | Ford","Driver",13,199
"Racing",2022,"Panini","Chronicles","Select Blue","Jeff Gordon","Pepsi | Hendrick Motorsports | Chevrolet","Driver",14,199
"Racing",2022,"Panini","Chronicles","Select Blue","Josh Berry","Harrison's | JR Motorsports | Chevrolet","Driver",15,199
"Racing",2022,"Panini","Chronicles","Select Blue","Alex Bowman","Ally Financial | Hendrick Motorsports | Chevrolet","Driver",16,199
"Racing",2022,"Panini","Chronicles","Select Blue","Mason Massey","Gerber | B.J. McLeod Motorsports | Chevrolet","Driver",17,199
"Racing",2022,"Panini","Chronicles","Select Blue","Cole Custer","Haas Automation | Stewart-Haas Racing | Ford","Driver",18,199
"Racing",2022,"Panini","Chronicles","Select Blue","Quin Houff","StarCom | StarCom Racing | Chevrolet","Car",19,199
"Racing",2022,"Panini","Chronicles","Select Blue","Ryan Blaney","Menards | Team Penske | Ford","Driver",20,199
"Racing",2022,"Panini","Chronicles","Select Gold","Brett Moffitt","Hometown Lenders | Our Motorsports | Chevrolet","Driver",1,10
"Racing",2022,"Panini","Chronicles","Select Gold","Aric Almirola","Smithfield Foods | Stewart-Haas Racing | Ford","Driver",3,10
"Racing",2022,"Panini","Chronicles","Select Gold","Corey Heim","JBL | Kyle Busch Motorsports | Toyota","Driver",4,10
"Racing",2022,"Panini","Chronicles","Select Gold","Daniel Hemric","Poppy Bank | Joe Gibbs Racing | Toyota","Driver",5,10
"Racing",2022,"Panini","Chronicles","Select Gold","Santino Ferrucci","Toyota Racing | Sam Hunt Racing | Toyota","Driver",6,10
"Racing",2022,"Panini","Chronicles","Select Gold","Chase Elliott","NAPA Auto Parts | Hendrick Motorsports | Chevrolet","Driver",7,10
"Racing",2022,"Panini","Chronicles","Select Gold","Denny Hamlin","FedEx Express | Joe Gibbs Racing | Toyota","Driver",8,10
"Racing",2022,"Panini","Chronicles","Select Gold","Hailie Deegan","Monster Energy | DGR-Crosley | Ford","Driver",9,10
"Racing",2022,"Panini","Chronicles","Select Gold","Taylor Gray","Ford Performance | DGR-Crosley | Ford","Driver",10,10
"Racing",2022,"Panini","Chronicles","Select Gold","Richard Petty","STP | Petty Enterprises | Plymouth","Driver",11,10
"Racing",2022,"Panini","Chronicles","Select Gold","Tony Stewart","Bass Pro Shops | Stewart-Haas Racing | Chevrolet","Driver",12,10
"Racing",2022,"Panini","Chronicles","Select Gold","Harrison Burton","Motorcraft | Wood Brothers Racing | Ford","Driver",13,10
"Racing",2022,"Panini","Chronicles","Select Gold","Jeff Gordon","Pepsi | Hendrick Motorsports | Chevrolet","Driver",14,10
"Racing",2022,"Panini","Chronicles","Select Gold","Josh Berry","Harrison's | JR Motorsports | Chevrolet","Driver",15,10
"Racing",2022,"Panini","Chronicles","Select Gold","Alex Bowman","Ally Financial | Hendrick Motorsports | Chevrolet","Driver",16,10
"Racing",2022,"Panini","Chronicles","Select Gold","Mason Massey","Gerber | B.J. McLeod Motorsports | Chevrolet","Driver",17,10
"Racing",2022,"Panini","Chronicles","Select Gold","Cole Custer","Haas Automation | Stewart-Haas Racing | Ford","Driver",18,10
"Racing",2022,"Panini","Chronicles","Select Gold","Ryan Blaney","Menards | Team Penske | Ford","Driver",20,10
"Racing",2022,"Panini","Chronicles","Select Gold Vinyl","Brett Moffitt","Hometown Lenders | Our Motorsports | Chevrolet","Driver",1,1
"Racing",2022,"Panini","Chronicles","Select Gold Vinyl","Jimmie Johnson","Lowe's | Hendrick Motorsports | Chevrolet","Driver",2,1
"Racing",2022,"Panini","Chronicles","Select Gold Vinyl","Aric Almirola","Smithfield Foods | Stewart-Haas Racing | Ford","Driver",3,1
"Racing",2022,"Panini","Chronicles","Select Gold Vinyl","Corey Heim","JBL | Kyle Busch Motorsports | Toyota","Driver",4,1
"Racing",2022,"Panini","Chronicles","Select Gold Vinyl","Daniel Hemric","Poppy Bank | Joe Gibbs Racing | Toyota","Driver",5,1
"Racing",2022,"Panini","Chronicles","Select Gold Vinyl","Santino Ferrucci","Toyota Racing | Sam Hunt Racing | Toyota","Driver",6,1
"Racing",2022,"Panini","Chronicles","Select Gold Vinyl","Chase Elliott","NAPA Auto Parts | Hendrick Motorsports | Chevrolet","Driver",7,1
"Racing",2022,"Panini","Chronicles","Select Gold Vinyl","Hailie Deegan","Monster Energy | DGR-Crosley | Ford","Driver",9,1
"Racing",2022,"Panini","Chronicles","Select Gold Vinyl","Taylor Gray","Ford Performance | DGR-Crosley | Ford","Driver",10,1
"Racing",2022,"Panini","Chronicles","Select Gold Vinyl","Richard Petty","STP | Petty Enterprises | Plymouth","Driver",11,1
"Racing",2022,"Panini","Chronicles","Select Gold Vinyl","Tony Stewart","Bass Pro Shops | Stewart-Haas Racing | Chevrolet","Driver",12,1
"Racing",2022,"Panini","Chronicles","Select Gold Vinyl","Harrison Burton","Motorcraft | Wood Brothers Racing | Ford","Driver",13,1
"Racing",2022,"Panini","Chronicles","Select Gold Vinyl","Josh Berry","Harrison's | JR Motorsports | Chevrolet","Driver",15,1
"Racing",2022,"Panini","Chronicles","Select Gold Vinyl","Alex Bowman","Ally Financial | Hendrick Motorsports | Chevrolet","Driver",16,1
"Racing",2022,"Panini","Chronicles","Select Gold Vinyl","Mason Massey","Gerber | B.J. McLeod Motorsports | Chevrolet","Driver",17,1
"Racing",2022,"Panini","Chronicles","Select Gold Vinyl","Cole Custer","Haas Automation | Stewart-Haas Racing | Ford","Driver",18,1
"Racing",2022,"Panini","Chronicles","Select Gold Vinyl","Quin Houff","StarCom | StarCom Racing | Chevrolet","Car",19,1
"Racing",2022,"Panini","Chronicles","Select Gold Vinyl","Ryan Blaney","Menards | Team Penske | Ford","Driver",20,1
"Racing",2022,"Panini","Chronicles","Select Green","Brett Moffitt","Hometown Lenders | Our Motorsports | Chevrolet","Driver",1,
"Racing",2022,"Panini","Chronicles","Select Green","Jimmie Johnson","Lowe's | Hendrick Motorsports | Chevrolet","Driver",2,
"Racing",2022,"Panini","Chronicles","Select Green","Aric Almirola","Smithfield Foods | Stewart-Haas Racing | Ford","Driver",3,
"Racing",2022,"Panini","Chronicles","Select Green","Corey Heim","JBL | Kyle Busch Motorsports | Toyota","Driver",4,
"Racing",2022,"Panini","Chronicles","Select Green","Daniel Hemric","Poppy Bank | Joe Gibbs Racing | Toyota","Driver",5,
"Racing",2022,"Panini","Chronicles","Select Green","Santino Ferrucci","Toyota Racing | Sam Hunt Racing | Toyota","Driver",6,
"Racing",2022,"Panini","Chronicles","Select Green","Chase Elliott","NAPA Auto Parts | Hendrick Motorsports | Chevrolet","Driver",7,
"Racing",2022,"Panini","Chronicles","Select Green","Denny Hamlin","FedEx Express | Joe Gibbs Racing | Toyota","Driver",8,
"Racing",2022,"Panini","Chronicles","Select Green","Hailie Deegan","Monster Energy | DGR-Crosley | Ford","Driver",9,
"Racing",2022,"Panini","Chronicles","Select Green","Taylor Gray","Ford Performance | DGR-Crosley | Ford","Driver",10,
"Racing",2022,"Panini","Chronicles","Select Green","Tony Stewart","Bass Pro Shops | Stewart-Haas Racing | Chevrolet","Driver",12,
"Racing",2022,"Panini","Chronicles","Select Green","Harrison Burton","Motorcraft | Wood Brothers Racing | Ford","Driver",13,
"Racing",2022,"Panini","Chronicles","Select Green","Jeff Gordon","Pepsi | Hendrick Motorsports | Chevrolet","Driver",14,
"Racing",2022,"Panini","Chronicles","Select Green","Josh Berry","Harrison's | JR Motorsports | Chevrolet","Driver",15,
"Racing",2022,"Panini","Chronicles","Select Green","Alex Bowman","Ally Financial | Hendrick Motorsports | Chevrolet","Driver",16,
"Racing",2022,"Panini","Chronicles","Select Green","Mason Massey","Gerber | B.J. McLeod Motorsports | Chevrolet","Driver",17,
"Racing",2022,"Panini","Chronicles","Select Green","Cole Custer","Haas Automation | Stewart-Haas Racing | Ford","Driver",18,
"Racing",2022,"Panini","Chronicles","Select Green","Quin Houff","StarCom | StarCom Racing | Chevrolet","Car",19,
"Racing",2022,"Panini","Chronicles","Select Holo","Brett Moffitt","Hometown Lenders | Our Motorsports | Chevrolet","Driver",1,
"Racing",2022,"Panini","Chronicles","Select Holo","Aric Almirola","Smithfield Foods | Stewart-Haas Racing | Ford","Driver",3,
"Racing",2022,"Panini","Chronicles","Select Holo","Corey Heim","JBL | Kyle Busch Motorsports | Toyota","Driver",4,
"Racing",2022,"Panini","Chronicles","Select Holo","Daniel Hemric","Poppy Bank | Joe Gibbs Racing | Toyota","Driver",5,
"Racing",2022,"Panini","Chronicles","Select Holo","Santino Ferrucci","Toyota Racing | Sam Hunt Racing | Toyota","Driver",6,
"Racing",2022,"Panini","Chronicles","Select Holo","Chase Elliott","NAPA Auto Parts | Hendrick Motorsports | Chevrolet","Driver",7,
"Racing",2022,"Panini","Chronicles","Select Holo","Hailie Deegan","Monster Energy | DGR-Crosley | Ford","Driver",9,
"Racing",2022,"Panini","Chronicles","Select Holo","Taylor Gray","Ford Performance | DGR-Crosley | Ford","Driver",10,
"Racing",2022,"Panini","Chronicles","Select Holo","Richard Petty","STP | Petty Enterprises | Plymouth","Driver",11,
"Racing",2022,"Panini","Chronicles","Select Holo","Tony Stewart","Bass Pro Shops | Stewart-Haas Racing | Chevrolet","Driver",12,
"Racing",2022,"Panini","Chronicles","Select Holo","Harrison Burton","Motorcraft | Wood Brothers Racing | Ford","Driver",13,
"Racing",2022,"Panini","Chronicles","Select Holo","Jeff Gordon","Pepsi | Hendrick Motorsports | Chevrolet","Driver",14,
"Racing",2022,"Panini","Chronicles","Select Holo","Josh Berry","Harrison's | JR Motorsports | Chevrolet","Driver",15,
"Racing",2022,"Panini","Chronicles","Select Holo","Alex Bowman","Ally Financial | Hendrick Motorsports | Chevrolet","Driver",16,
"Racing",2022,"Panini","Chronicles","Select Holo","Mason Massey","Gerber | B.J. McLeod Motorsports | Chevrolet","Driver",17,
"Racing",2022,"Panini","Chronicles","Select Holo","Cole Custer","Haas Automation | Stewart-Haas Racing | Ford","Driver",18,
"Racing",2022,"Panini","Chronicles","Select Holo","Quin Houff","StarCom | StarCom Racing | Chevrolet","Car",19,
"Racing",2022,"Panini","Chronicles","Select Holo","Ryan Blaney","Menards | Team Penske | Ford","Driver",20,
"Racing",2022,"Panini","Chronicles","Select Purple","Brett Moffitt","Hometown Lenders | Our Motorsports | Chevrolet","Driver",1,25
"Racing",2022,"Panini","Chronicles","Select Purple","Jimmie Johnson","Lowe's | Hendrick Motorsports | Chevrolet","Driver",2,25
"Racing",2022,"Panini","Chronicles","Select Purple","Aric Almirola","Smithfield Foods | Stewart-Haas Racing | Ford","Driver",3,25
"Racing",2022,"Panini","Chronicles","Select Purple","Corey Heim","JBL | Kyle Busch Motorsports | Toyota","Driver",4,25
"Racing",2022,"Panini","Chronicles","Select Purple","Daniel Hemric","Poppy Bank | Joe Gibbs Racing | Toyota","Driver",5,25
"Racing",2022,"Panini","Chronicles","Select Purple","Santino Ferrucci","Toyota Racing | Sam Hunt Racing | Toyota","Driver",6,25
"Racing",2022,"Panini","Chronicles","Select Purple","Chase Elliott","NAPA Auto Parts | Hendrick Motorsports | Chevrolet","Driver",7,25
"Racing",2022,"Panini","Chronicles","Select Purple","Denny Hamlin","FedEx Express | Joe Gibbs Racing | Toyota","Driver",8,25
"Racing",2022,"Panini","Chronicles","Select Purple","Hailie Deegan","Monster Energy | DGR-Crosley | Ford","Driver",9,25
"Racing",2022,"Panini","Chronicles","Select Purple","Richard Petty","STP | Petty Enterprises | Plymouth","Driver",11,25
"Racing",2022,"Panini","Chronicles","Select Purple","Tony Stewart","Bass Pro Shops | Stewart-Haas Racing | Chevrolet","Driver",12,25
"Racing",2022,"Panini","Chronicles","Select Purple","Harrison Burton","Motorcraft | Wood Brothers Racing | Ford","Driver",13,25
"Racing",2022,"Panini","Chronicles","Select Purple","Jeff Gordon","Pepsi | Hendrick Motorsports | Chevrolet","Driver",14,25
"Racing",2022,"Panini","Chronicles","Select Purple","Josh Berry","Harrison's | JR Motorsports | Chevrolet","Driver",15,25
"Racing",2022,"Panini","Chronicles","Select Purple","Alex Bowman","Ally Financial | Hendrick Motorsports | Chevrolet","Driver",16,25
"Racing",2022,"Panini","Chronicles","Select Purple","Mason Massey","Gerber | B.J. McLeod Motorsports | Chevrolet","Driver",17,25
"Racing",2022,"Panini","Chronicles","Select Purple","Cole Custer","Haas Automation | Stewart-Haas Racing | Ford","Driver",18,25
"Racing",2022,"Panini","Chronicles","Select Purple","Ryan Blaney","Menards | Team Penske | Ford","Driver",20,25
"Racing",2022,"Panini","Chronicles","Select Red","Brett Moffitt","Hometown Lenders | Our Motorsports | Chevrolet","Driver",1,99
"Racing",2022,"Panini","Chronicles","Select Red","Jimmie Johnson","Lowe's | Hendrick Motorsports | Chevrolet","Driver",2,99
"Racing",2022,"Panini","Chronicles","Select Red","Aric Almirola","Smithfield Foods | Stewart-Haas Racing | Ford","Driver",3,99
"Racing",2022,"Panini","Chronicles","Select Red","Corey Heim","JBL | Kyle Busch Motorsports | Toyota","Driver",4,99
"Racing",2022,"Panini","Chronicles","Select Red","Daniel Hemric","Poppy Bank | Joe Gibbs Racing | Toyota","Driver",5,99
"Racing",2022,"Panini","Chronicles","Select Red","Santino Ferrucci","Toyota Racing | Sam Hunt Racing | Toyota","Driver",6,99
"Racing",2022,"Panini","Chronicles","Select Red","Denny Hamlin","FedEx Express | Joe Gibbs Racing | Toyota","Driver",8,99
"Racing",2022,"Panini","Chronicles","Select Red","Hailie Deegan","Monster Energy | DGR-Crosley | Ford","Driver",9,99
"Racing",2022,"Panini","Chronicles","Select Red","Taylor Gray","Ford Performance | DGR-Crosley | Ford","Driver",10,99
"Racing",2022,"Panini","Chronicles","Select Red","Richard Petty","STP | Petty Enterprises | Plymouth","Driver",11,99
"Racing",2022,"Panini","Chronicles","Select Red","Tony Stewart","Bass Pro Shops | Stewart-Haas Racing | Chevrolet","Driver",12,99
"Racing",2022,"Panini","Chronicles","Select Red","Jeff Gordon","Pepsi | Hendrick Motorsports | Chevrolet","Driver",14,99
"Racing",2022,"Panini","Chronicles","Select Red","Josh Berry","Harrison's | JR Motorsports | Chevrolet","Driver",15,99
"Racing",2022,"Panini","Chronicles","Select Red","Alex Bowman","Ally Financial | Hendrick Motorsports | Chevrolet","Driver",16,99
"Racing",2022,"Panini","Chronicles","Select Red","Mason Massey","Gerber | B.J. McLeod Motorsports | Chevrolet","Driver",17,99
"Racing",2022,"Panini","Chronicles","Select Red","Cole Custer","Haas Automation | Stewart-Haas Racing | Ford","Driver",18,99
"Racing",2022,"Panini","Chronicles","Select Red","Quin Houff","StarCom | StarCom Racing | Chevrolet","Car",19,99
"Racing",2022,"Panini","Chronicles","Select Red","Ryan Blaney","Menards | Team Penske | Ford","Driver",20,99
"Racing",2022,"Panini","Chronicles","Spectra","Denny Hamlin","FedEx Express | Joe Gibbs Racing | Toyota","Driver",1,
"Racing",2022,"Panini","Chronicles","Spectra","Cole Moore","ARCA Menards West Series","Driver",2,
"Racing",2022,"Panini","Chronicles","Spectra","Harrison Burton","Motorcraft | Wood Brothers Racing | Ford","Driver",3,
"Racing",2022,"Panini","Chronicles","Spectra","Daniel Dye","ARCA Menards East Series","Driver",4,
"Racing",2022,"Panini","Chronicles","Spectra","Jeff Gordon","AARP | Hendrick Motorsports | Chevrolet","Driver",5,
"Racing",2022,"Panini","Chronicles","Spectra","Kyle Larson","Hendrickcars.com | Hendrick Motorsports | Chevrolet","Driver",6,
"Racing",2022,"Panini","Chronicles","Spectra","Michael McDowell","Love's Travel Stops | Front Row Motorsports | Ford","Driver",7,
"Racing",2022,"Panini","Chronicles","Spectra","William Byron","AXALTA | Hendrick Motorsports | Chevrolet","Driver",8,
"Racing",2022,"Panini","Chronicles","Spectra","Sammy Smith","ARCA Menards East Series","Driver",9,
"Racing",2022,"Panini","Chronicles","Spectra","Austin Dillon","Bass Pro Shops | Richard Childress Racing | Chevrolet","Driver",10,
"Racing",2022,"Panini","Chronicles","Spectra","Kyle Busch","M&M's | Joe Gibbs Racing | Toyota","Driver",11,
"Racing",2022,"Panini","Chronicles","Spectra","Stefan Parsons","Sokal Digital | B.J. McLeod Motorsports | Chevrolet","Driver",12,
"Racing",2022,"Panini","Chronicles","Spectra","Bubba Wallace","McDonald's | 23XI Racing | Toyota","Driver",13,
"Racing",2022,"Panini","Chronicles","Spectra","Kurt Busch","Monster | 23XI Racing | Toyota","Driver",14,
"Racing",2022,"Panini","Chronicles","Spectra","Justin Haley","LeafFilter | Kaulig Racing | Chevrolet","Driver",15,
"Racing",2022,"Panini","Chronicles","Spectra","Natalie Decker","NERD Focus | Our Motorsports | Chevrolet","Driver",17,
"Racing",2022,"Panini","Chronicles","Spectra","Ty Gibbs","Monster Energy | Joe Gibbs Racing | Toyota","Driver",18,
"Racing",2022,"Panini","Chronicles","Spectra","Tyler Ankrum","Liuna | GMS Racing | Chevrolet","Driver",19,
"Racing",2022,"Panini","Chronicles","Spectra","Hailie Deegan","Monster Energy | DGR-Crosley | Ford","Driver",20,
"Racing",2022,"Panini","Chronicles","Spectra","Sheldon Creed","Whelen | Richard Childress Racing | Chevrolet","Driver",21,
"Racing",2022,"Panini","Chronicles","Spectra","Carson Hocevar","Premier Security | Niece Motorsports | Chevrolet","Driver",22,
"Racing",2022,"Panini","Chronicles","Spectra","Aric Almirola","Smithfield Foods | Stewart-Haas Racing | Ford","Driver",23,
"Racing",2022,"Panini","Chronicles","Spectra","Brittney Zamora","Rackley Roofing | Toyota","Driver",24,
"Racing",2022,"Panini","Chronicles","Spectra","Ricky Stenhouse Jr","Kroger | JTG Daugherty Racing | Chevrolet","Driver",25,
"Racing",2022,"Panini","Chronicles","Spectra","Richard Petty","STP | Petty Enterprises | Plymouth","Driver",26,
"Racing",2022,"Panini","Chronicles","Spectra","Daniel Suarez","Camping World | Trackhouse Racing | Chevrolet","Driver",27,
"Racing",2022,"Panini","Chronicles","Spectra","Ryan Preece","Hunt Brothers Pizza | Ford","Driver",28,
"Racing",2022,"Panini","Chronicles","Spectra","Jimmie Johnson","Lowe's | Hendrick Motorsports | Chevrolet","Driver",29,
"Racing",2022,"Panini","Chronicles","Spectra","Ryan Ellis","Four Loko | Alpha Prime Racing | Chevrolet","Driver",30,
"Racing",2022,"Panini","Chronicles","Spectra","Tony Stewart","Bass Pro Shops | Stewart-Haas Racing | Chevrolet","Driver",31,
"Racing",2022,"Panini","Chronicles","Spectra","Erik Jones","Focus Factor | Petty GMS | Chevrolet","Driver",32,
"Racing",2022,"Panini","Chronicles","Spectra","Alex Bowman","Ally Financial | Hendrick Motorsports | Chevrolet","Driver",35,
"Racing",2022,"Panini","Chronicles","Spectra","Nick Sanchez","ARCA Menards","Driver",36,
"Racing",2022,"Panini","Chronicles","Spectra","Martin Truex Jr.","Bass Pro Shops | Joe Gibbs Racing | Toyota","Driver",37,
"Racing",2022,"Panini","Chronicles","Spectra","Santino Ferrucci","Toyota Racing | Sam Hunt Racing | Toyota","Driver",38,
"Racing",2022,"Panini","Chronicles","Spectra","Joey Logano","Shell-Pennzoil | Team Penske | Ford","Driver",39,
"Racing",2022,"Panini","Chronicles","Spectra","Danica Patrick","GoDaddy.com | Premium Motorsports | Chevrolet","Driver",41,
"Racing",2022,"Panini","Chronicles","Spectra","Jeff Gordon","DuPont | Hendrick Motorsports | Chevrolet","Driver",42,
"Racing",2022,"Panini","Chronicles","Spectra","Jade Buford","Big Machine Racing","Driver",43,
"Racing",2022,"Panini","Chronicles","Spectra","Corey LaJoie","Built Bar | Spire Motorsports | Chevrolet","Driver",44,
"Racing",2022,"Panini","Chronicles","Spectra","Matt Mills","J.F. Electric | B.J. McLeod Motorsports | Chevrolet","Driver",45,
"Racing",2022,"Panini","Chronicles","Spectra","Kaz Grala","Pit Viper | The Money Team | Chevrolet","Driver",46,
"Racing",2022,"Panini","Chronicles","Spectra","Brett Moffitt","Our Motorsports | Chevrolet","Driver",47,
"Racing",2022,"Panini","Chronicles","Spectra","Toni Breidinger","ARCA Menards","Driver",48,
"Racing",2022,"Panini","Chronicles","Spectra","Christopher Bell","DeWalt | Joe Gibbs Racing | Toyota","Driver",49,
"Racing",2022,"Panini","Chronicles","Spectra","Dale Earnhardt Jr","National Guard | Hendrick Motorsports | Chevrolet","Driver",50,
"Racing",2022,"Panini","Chronicles","Spectra","Corey Heim","JBL | Kyle Busch Motorsports | Toyota","Driver",51,
"Racing",2022,"Panini","Chronicles","Spectra","Austin Hill","Bennett | Richard Childress Racing | Chevrolet","Driver",52,
"Racing",2022,"Panini","Chronicles","Spectra","Austin Cindric","Quaker State | Team Penske | Ford","Driver",53,
"Racing",2022,"Panini","Chronicles","Spectra","Chase Elliott","NAPA Auto Parts | Hendrick Motorsports | Chevrolet","Driver",54,
"Racing",2022,"Panini","Chronicles","Spectra","Brandon Brown","Vero | Brandonbilt Motorsports | Chevrolet","Driver",55,
"Racing",2022,"Panini","Chronicles","Spectra","Thad Moffitt","STP | Reaume Brothers Racing | Chevrolet","Driver",56,
"Racing",2022,"Panini","Chronicles","Spectra","Chris Buescher","Fastenal | RFK Racing | Ford","Driver",57,
"Racing",2022,"Panini","Chronicles","Spectra","Kevin Harvick","Subway | Stewart-Haas Racing | Ford","Driver",58,
"Racing",2022,"Panini","Chronicles","Spectra","Brad Keselowski","Kohler | RFK Racing | Ford","Driver",59,
"Racing",2022,"Panini","Chronicles","Spectra","Cole Custer","Haas Automation | Stewart-Haas Racing | Ford","Driver",60,
"Racing",2022,"Panini","Chronicles","Spectra Celestial Blue","Denny Hamlin","FedEx Express | Joe Gibbs Racing | Toyota","Driver",1,99
"Racing",2022,"Panini","Chronicles","Spectra Celestial Blue","Cole Moore","ARCA Menards West Series","Driver",2,99
"Racing",2022,"Panini","Chronicles","Spectra Celestial Blue","Harrison Burton","Motorcraft | Wood Brothers Racing | Ford","Driver",3,99
"Racing",2022,"Panini","Chronicles","Spectra Celestial Blue","Daniel Dye","ARCA Menards East Series","Driver",4,99
"Racing",2022,"Panini","Chronicles","Spectra Celestial Blue","Jeff Gordon","AARP | Hendrick Motorsports | Chevrolet","Driver",5,99
"Racing",2022,"Panini","Chronicles","Spectra Celestial Blue","Kyle Larson","Hendrickcars.com | Hendrick Motorsports | Chevrolet","Driver",6,99
"Racing",2022,"Panini","Chronicles","Spectra Celestial Blue","Michael McDowell","Love's Travel Stops | Front Row Motorsports | Ford","Driver",7,99
"Racing",2022,"Panini","Chronicles","Spectra Celestial Blue","Sammy Smith","ARCA Menards East Series","Driver",9,99
"Racing",2022,"Panini","Chronicles","Spectra Celestial Blue","Austin Dillon","Bass Pro Shops | Richard Childress Racing | Chevrolet","Driver",10,99
"Racing",2022,"Panini","Chronicles","Spectra Celestial Blue","Kyle Busch","M&M's | Joe Gibbs Racing | Toyota","Driver",11,99
"Racing",2022,"Panini","Chronicles","Spectra Celestial Blue","Bubba Wallace","McDonald's | 23XI Racing | Toyota","Driver",13,99
"Racing",2022,"Panini","Chronicles","Spectra Celestial Blue","Justin Haley","LeafFilter | Kaulig Racing | Chevrolet","Driver",15,99
"Racing",2022,"Panini","Chronicles","Spectra Celestial Blue","Quin Houff","Mane N Tale | StarCom Racing | Chevrolet","Car",16,99
"Racing",2022,"Panini","Chronicles","Spectra Celestial Blue","Ty Gibbs","Monster Energy | Joe Gibbs Racing | Toyota","Driver",18,99
"Racing",2022,"Panini","Chronicles","Spectra Celestial Blue","Tyler Ankrum","Liuna | GMS Racing | Chevrolet","Driver",19,99
"Racing",2022,"Panini","Chronicles","Spectra Celestial Blue","Hailie Deegan","Monster Energy | DGR-Crosley | Ford","Driver",20,99
"Racing",2022,"Panini","Chronicles","Spectra Celestial Blue","Sheldon Creed","Whelen | Richard Childress Racing | Chevrolet","Driver",21,99
"Racing",2022,"Panini","Chronicles","Spectra Celestial Blue","Carson Hocevar","Premier Security | Niece Motorsports | Chevrolet","Driver",22,99
"Racing",2022,"Panini","Chronicles","Spectra Celestial Blue","Aric Almirola","Smithfield Foods | Stewart-Haas Racing | Ford","Driver",23,99
"Racing",2022,"Panini","Chronicles","Spectra Celestial Blue","Brittney Zamora","Rackley Roofing | Toyota","Driver",24,99
"Racing",2022,"Panini","Chronicles","Spectra Celestial Blue","Ricky Stenhouse Jr","Kroger | JTG Daugherty Racing | Chevrolet","Driver",25,99
"Racing",2022,"Panini","Chronicles","Spectra Celestial Blue","Richard Petty","STP | Petty Enterprises | Plymouth","Driver",26,99
"Racing",2022,"Panini","Chronicles","Spectra Celestial Blue","Daniel Suarez","Camping World | Trackhouse Racing | Chevrolet","Driver",27,99
"Racing",2022,"Panini","Chronicles","Spectra Celestial Blue","Ryan Preece","Hunt Brothers Pizza | Ford","Driver",28,99
"Racing",2022,"Panini","Chronicles","Spectra Celestial Blue","Jimmie Johnson","Lowe's | Hendrick Motorsports | Chevrolet","Driver",29,99
"Racing",2022,"Panini","Chronicles","Spectra Celestial Blue","Ryan Ellis","Four Loko | Alpha Prime Racing | Chevrolet","Driver",30,99
"Racing",2022,"Panini","Chronicles","Spectra Celestial Blue","Erik Jones","Focus Factor | Petty GMS | Chevrolet","Driver",32,99
"Racing",2022,"Panini","Chronicles","Spectra Celestial Blue","Josh Bilicki","Ziegler | DGM | Chevrolet","Driver",33,99
"Racing",2022,"Panini","Chronicles","Spectra Celestial Blue","B.J. McLeod","Batteries Plus Bulbs | B.J. McLeod Motorsports | Ford","Driver",34,99
"Racing",2022,"Panini","Chronicles","Spectra Celestial Blue","Alex Bowman","Ally Financial | Hendrick Motorsports | Chevrolet","Driver",35,99
"Racing",2022,"Panini","Chronicles","Spectra Celestial Blue","Nick Sanchez","ARCA Menards","Driver",36,99
"Racing",2022,"Panini","Chronicles","Spectra Celestial Blue","Martin Truex Jr.","Bass Pro Shops | Joe Gibbs Racing | Toyota","Driver",37,99
"Racing",2022,"Panini","Chronicles","Spectra Celestial Blue","Santino Ferrucci","Toyota Racing | Sam Hunt Racing | Toyota","Driver",38,99
"Racing",2022,"Panini","Chronicles","Spectra Celestial Blue","Joey Logano","Shell-Pennzoil | Team Penske | Ford","Driver",39,99
"Racing",2022,"Panini","Chronicles","Spectra Celestial Blue","Ryan Blaney","Menards | Team Penske | Ford","Driver",40,99
"Racing",2022,"Panini","Chronicles","Spectra Celestial Blue","Danica Patrick","GoDaddy.com | Premium Motorsports | Chevrolet","Driver",41,99
"Racing",2022,"Panini","Chronicles","Spectra Celestial Blue","Jeff Gordon","DuPont | Hendrick Motorsports | Chevrolet","Driver",42,99
"Racing",2022,"Panini","Chronicles","Spectra Celestial Blue","Jade Buford","Big Machine Racing","Driver",43,99
"Racing",2022,"Panini","Chronicles","Spectra Celestial Blue","Matt Mills","J.F. Electric | B.J. McLeod Motorsports | Chevrolet","Driver",45,99
"Racing",2022,"Panini","Chronicles","Spectra Celestial Blue","Kaz Grala","Pit Viper | The Money Team | Chevrolet","Driver",46,99
"Racing",2022,"Panini","Chronicles","Spectra Celestial Blue","Brett Moffitt","Our Motorsports | Chevrolet","Driver",47,99
"Racing",2022,"Panini","Chronicles","Spectra Celestial Blue","Toni Breidinger","ARCA Menards","Driver",48,99
"Racing",2022,"Panini","Chronicles","Spectra Celestial Blue","Christopher Bell","DeWalt | Joe Gibbs Racing | Toyota","Driver",49,99
"Racing",2022,"Panini","Chronicles","Spectra Celestial Blue","Dale Earnhardt Jr","National Guard | Hendrick Motorsports | Chevrolet","Driver",50,99
"Racing",2022,"Panini","Chronicles","Spectra Celestial Blue","Corey Heim","JBL | Kyle Busch Motorsports | Toyota","Driver",51,99
"Racing",2022,"Panini","Chronicles","Spectra Celestial Blue","Austin Hill","Bennett | Richard Childress Racing | Chevrolet","Driver",52,99
"Racing",2022,"Panini","Chronicles","Spectra Celestial Blue","Austin Cindric","Quaker State | Team Penske | Ford","Driver",53,99
"Racing",2022,"Panini","Chronicles","Spectra Celestial Blue","Chase Elliott","NAPA Auto Parts | Hendrick Motorsports | Chevrolet","Driver",54,99
"Racing",2022,"Panini","Chronicles","Spectra Celestial Blue","Brandon Brown","Vero | Brandonbilt Motorsports | Chevrolet","Driver",55,99
"Racing",2022,"Panini","Chronicles","Spectra Celestial Blue","Thad Moffitt","STP | Reaume Brothers Racing | Chevrolet","Driver",56,99
"Racing",2022,"Panini","Chronicles","Spectra Celestial Blue","Kevin Harvick","Subway | Stewart-Haas Racing | Ford","Driver",58,99
"Racing",2022,"Panini","Chronicles","Spectra Celestial Blue","Brad Keselowski","Kohler | RFK Racing | Ford","Driver",59,99
"Racing",2022,"Panini","Chronicles","Spectra Celestial Blue","Cole Custer","Haas Automation | Stewart-Haas Racing | Ford","Driver",60,99
"Racing",2022,"Panini","Chronicles","Spectra Firesuit Signatures","Kyle Busch","M&M's | Joe Gibbs Racing | Toyota","Driver",3,12
"Racing",2022,"Panini","Chronicles","Spectra Firesuit Signatures","Jimmie Johnson","Lowe's | Hendrick Motorsports | Chevrolet","Driver",4,25
"Racing",2022,"Panini","Chronicles","Spectra Firesuit Signatures","Denny Hamlin","FedEx Express | Joe Gibbs Racing | Toyota","Driver",5,25
"Racing",2022,"Panini","Chronicles","Spectra Firesuit Signatures","Hailie Deegan","Monster Energy | DGR-Crosley | Ford","Driver",6,25
"Racing",2022,"Panini","Chronicles","Spectra Firesuit Signatures","Kevin Harvick","Hunt Brothers Pizza | Stewart-Haas Racing | Ford","Driver",9,20
"Racing",2022,"Panini","Chronicles","Spectra Firesuit Signatures","Alex Bowman","Ally Financial | Hendrick Motorsports | Chevrolet","Driver",10,50
"Racing",2022,"Panini","Chronicles","Spectra Firesuit Signatures","Kyle Larson","Hendrickcars.com | Hendrick Motorsports | Chevrolet","Driver",11,31
"Racing",2022,"Panini","Chronicles","Spectra Firesuit Signatures","Daniel Suarez","Camping World | Trackhouse Racing | Chevrolet","Driver",13,50
"Racing",2022,"Panini","Chronicles","Spectra Firesuit Signatures","Joey Logano","Shell-Pennzoil | Team Penske | Ford","Driver",14,25
"Racing",2022,"Panini","Chronicles","Spectra Firesuit Signatures","Kurt Busch","Monster | 23XI Racing | Toyota","Driver",15,25
"Racing",2022,"Panini","Chronicles","Spectra Firesuit Signatures","Ryan Newman","Kohler Generators | Rousch Fenway Racing | Ford","Driver",16,25
"Racing",2022,"Panini","Chronicles","Spectra Firesuit Signatures","Aric Almirola","Smithfield Foods | Stewart-Haas Racing | Ford","Driver",20,30
"Racing",2022,"Panini","Chronicles","Spectra Firesuit Signatures Celestial Blue","Richard Petty","STP | Petty Enterprises | Plymouth","Driver",1,20
"Racing",2022,"Panini","Chronicles","Spectra Firesuit Signatures Celestial Blue","Kyle Busch","M&M's | Joe Gibbs Racing | Toyota","Driver",3,20
"Racing",2022,"Panini","Chronicles","Spectra Firesuit Signatures Celestial Blue","Jimmie Johnson","Lowe's | Hendrick Motorsports | Chevrolet","Driver",4,20
"Racing",2022,"Panini","Chronicles","Spectra Firesuit Signatures Celestial Blue","Denny Hamlin","FedEx Express | Joe Gibbs Racing | Toyota","Driver",5,20
"Racing",2022,"Panini","Chronicles","Spectra Firesuit Signatures Celestial Blue","Hailie Deegan","Monster Energy | DGR-Crosley | Ford","Driver",6,20
"Racing",2022,"Panini","Chronicles","Spectra Firesuit Signatures Celestial Blue","Ryan Blaney","Menards | Team Penske | Ford","Driver",7,25
"Racing",2022,"Panini","Chronicles","Spectra Firesuit Signatures Celestial Blue","Chase Elliott","NAPA Auto Parts | Hendrick Motorsports | Chevrolet","Driver",8,13
"Racing",2022,"Panini","Chronicles","Spectra Firesuit Signatures Celestial Blue","Kevin Harvick","Hunt Brothers Pizza | Stewart-Haas Racing | Ford","Driver",9,15
"Racing",2022,"Panini","Chronicles","Spectra Firesuit Signatures Celestial Blue","Alex Bowman","Ally Financial | Hendrick Motorsports | Chevrolet","Driver",10,25
"Racing",2022,"Panini","Chronicles","Spectra Firesuit Signatures Celestial Blue","Kyle Larson","Hendrickcars.com | Hendrick Motorsports | Chevrolet","Driver",11,20
"Racing",2022,"Panini","Chronicles","Spectra Firesuit Signatures Celestial Blue","Austin Dillon","Bass Pro Shops | Richard Childress Racing | Chevrolet","Driver",12,20
"Racing",2022,"Panini","Chronicles","Spectra Firesuit Signatures Celestial Blue","Daniel Suarez","Camping World | Trackhouse Racing | Chevrolet","Driver",13,25
"Racing",2022,"Panini","Chronicles","Spectra Firesuit Signatures Celestial Blue","Joey Logano","Shell-Pennzoil | Team Penske | Ford","Driver",14,22
"Racing",2022,"Panini","Chronicles","Spectra Firesuit Signatures Celestial Blue","Kurt Busch","Monster | 23XI Racing | Toyota","Driver",15,20
"Racing",2022,"Panini","Chronicles","Spectra Firesuit Signatures Celestial Blue","William Byron","AXALTA | Hendrick Motorsports | Chevrolet","Driver",18,20
"Racing",2022,"Panini","Chronicles","Spectra Firesuit Signatures Celestial Blue","Martin Truex Jr.","Bass Pro Shops | Joe Gibbs Racing | Toyota","Driver",19,20
"Racing",2022,"Panini","Chronicles","Spectra Firesuit Signatures Celestial Blue","Aric Almirola","Smithfield Foods | Stewart-Haas Racing | Ford","Driver",20,25
"Racing",2022,"Panini","Chronicles","Spectra Firesuit Signatures Gold","Richard Petty","STP | Petty Enterprises | Plymouth","Driver",1,5
"Racing",2022,"Panini","Chronicles","Spectra Firesuit Signatures Gold","Kyle Busch","M&M's | Joe Gibbs Racing | Toyota","Driver",3,5
"Racing",2022,"Panini","Chronicles","Spectra Firesuit Signatures Gold","Jimmie Johnson","Lowe's | Hendrick Motorsports | Chevrolet","Driver",4,5
"Racing",2022,"Panini","Chronicles","Spectra Firesuit Signatures Gold","Denny Hamlin","FedEx Express | Joe Gibbs Racing | Toyota","Driver",5,5
"Racing",2022,"Panini","Chronicles","Spectra Firesuit Signatures Gold","Hailie Deegan","Monster Energy | DGR-Crosley | Ford","Driver",6,5
"Racing",2022,"Panini","Chronicles","Spectra Firesuit Signatures Gold","Ryan Blaney","Menards | Team Penske | Ford","Driver",7,10
"Racing",2022,"Panini","Chronicles","Spectra Firesuit Signatures Gold","Chase Elliott","NAPA Auto Parts | Hendrick Motorsports | Chevrolet","Driver",8,5
"Racing",2022,"Panini","Chronicles","Spectra Firesuit Signatures Gold","Kevin Harvick","Hunt Brothers Pizza | Stewart-Haas Racing | Ford","Driver",9,4
"Racing",2022,"Panini","Chronicles","Spectra Firesuit Signatures Gold","Alex Bowman","Ally Financial | Hendrick Motorsports | Chevrolet","Driver",10,10
"Racing",2022,"Panini","Chronicles","Spectra Firesuit Signatures Gold","Kyle Larson","Hendrickcars.com | Hendrick Motorsports | Chevrolet","Driver",11,5
"Racing",2022,"Panini","Chronicles","Spectra Firesuit Signatures Gold","Austin Dillon","Bass Pro Shops | Richard Childress Racing | Chevrolet","Driver",12,5
"Racing",2022,"Panini","Chronicles","Spectra Firesuit Signatures Gold","Joey Logano","Shell-Pennzoil | Team Penske | Ford","Driver",14,10
"Racing",2022,"Panini","Chronicles","Spectra Firesuit Signatures Gold","Kurt Busch","Monster | 23XI Racing | Toyota","Driver",15,5
"Racing",2022,"Panini","Chronicles","Spectra Firesuit Signatures Gold","Ryan Newman","Kohler Generators | Rousch Fenway Racing | Ford","Driver",16,5
"Racing",2022,"Panini","Chronicles","Spectra Firesuit Signatures Gold","Tony Stewart","Bass Pro Shops | Stewart-Haas Racing | Chevrolet","Driver",17,5
"Racing",2022,"Panini","Chronicles","Spectra Firesuit Signatures Gold","William Byron","AXALTA | Hendrick Motorsports | Chevrolet","Driver",18,5
"Racing",2022,"Panini","Chronicles","Spectra Firesuit Signatures Gold","Aric Almirola","Smithfield Foods | Stewart-Haas Racing | Ford","Driver",20,10
"Racing",2022,"Panini","Chronicles","Spectra Firesuit Signatures Interstellar Red","Richard Petty","STP | Petty Enterprises | Plymouth","Driver",1,15
"Racing",2022,"Panini","Chronicles","Spectra Firesuit Signatures Interstellar Red","Bubba Wallace","McDonald's | 23XI Racing | Toyota","Driver",2,20
"Racing",2022,"Panini","Chronicles","Spectra Firesuit Signatures Interstellar Red","Kyle Busch","M&M's | Joe Gibbs Racing | Toyota","Driver",3,15
"Racing",2022,"Panini","Chronicles","Spectra Firesuit Signatures Interstellar Red","Jimmie Johnson","Lowe's | Hendrick Motorsports | Chevrolet","Driver",4,15
"Racing",2022,"Panini","Chronicles","Spectra Firesuit Signatures Interstellar Red","Denny Hamlin","FedEx Express | Joe Gibbs Racing | Toyota","Driver",5,15
"Racing",2022,"Panini","Chronicles","Spectra Firesuit Signatures Interstellar Red","Hailie Deegan","Monster Energy | DGR-Crosley | Ford","Driver",6,15
"Racing",2022,"Panini","Chronicles","Spectra Firesuit Signatures Interstellar Red","Ryan Blaney","Menards | Team Penske | Ford","Driver",7,20
"Racing",2022,"Panini","Chronicles","Spectra Firesuit Signatures Interstellar Red","Chase Elliott","NAPA Auto Parts | Hendrick Motorsports | Chevrolet","Driver",8,10
"Racing",2022,"Panini","Chronicles","Spectra Firesuit Signatures Interstellar Red","Kevin Harvick","Hunt Brothers Pizza | Stewart-Haas Racing | Ford","Driver",9,10
"Racing",2022,"Panini","Chronicles","Spectra Firesuit Signatures Interstellar Red","Alex Bowman","Ally Financial | Hendrick Motorsports | Chevrolet","Driver",10,20
"Racing",2022,"Panini","Chronicles","Spectra Firesuit Signatures Interstellar Red","Kyle Larson","Hendrickcars.com | Hendrick Motorsports | Chevrolet","Driver",11,15
"Racing",2022,"Panini","Chronicles","Spectra Firesuit Signatures Interstellar Red","Austin Dillon","Bass Pro Shops | Richard Childress Racing | Chevrolet","Driver",12,15
"Racing",2022,"Panini","Chronicles","Spectra Firesuit Signatures Interstellar Red","Daniel Suarez","Camping World | Trackhouse Racing | Chevrolet","Driver",13,20
"Racing",2022,"Panini","Chronicles","Spectra Firesuit Signatures Interstellar Red","Joey Logano","Shell-Pennzoil | Team Penske | Ford","Driver",14,20
"Racing",2022,"Panini","Chronicles","Spectra Firesuit Signatures Interstellar Red","Kurt Busch","Monster | 23XI Racing | Toyota","Driver",15,15
"Racing",2022,"Panini","Chronicles","Spectra Firesuit Signatures Interstellar Red","Tony Stewart","Bass Pro Shops | Stewart-Haas Racing | Chevrolet","Driver",17,15
"Racing",2022,"Panini","Chronicles","Spectra Firesuit Signatures Interstellar Red","William Byron","AXALTA | Hendrick Motorsports | Chevrolet","Driver",18,15
"Racing",2022,"Panini","Chronicles","Spectra Firesuit Signatures Interstellar Red","Aric Almirola","Smithfield Foods | Stewart-Haas Racing | Ford","Driver",20,20
"Racing",2022,"Panini","Chronicles","Spectra Firesuit Signatures Meta Pink","Richard Petty","STP | Petty Enterprises | Plymouth","Driver",1,10
"Racing",2022,"Panini","Chronicles","Spectra Firesuit Signatures Meta Pink","Kyle Busch","M&M's | Joe Gibbs Racing | Toyota","Driver",3,10
"Racing",2022,"Panini","Chronicles","Spectra Firesuit Signatures Meta Pink","Jimmie Johnson","Lowe's | Hendrick Motorsports | Chevrolet","Driver",4,10
"Racing",2022,"Panini","Chronicles","Spectra Firesuit Signatures Meta Pink","Hailie Deegan","Monster Energy | DGR-Crosley | Ford","Driver",6,10
"Racing",2022,"Panini","Chronicles","Spectra Firesuit Signatures Meta Pink","Ryan Blaney","Menards | Team Penske | Ford","Driver",7,15
"Racing",2022,"Panini","Chronicles","Spectra Firesuit Signatures Meta Pink","Chase Elliott","NAPA Auto Parts | Hendrick Motorsports | Chevrolet","Driver",8,8
"Racing",2022,"Panini","Chronicles","Spectra Firesuit Signatures Meta Pink","Kevin Harvick","Hunt Brothers Pizza | Stewart-Haas Racing | Ford","Driver",9,5
"Racing",2022,"Panini","Chronicles","Spectra Firesuit Signatures Meta Pink","Alex Bowman","Ally Financial | Hendrick Motorsports | Chevrolet","Driver",10,15
"Racing",2022,"Panini","Chronicles","Spectra Firesuit Signatures Meta Pink","Kyle Larson","Hendrickcars.com | Hendrick Motorsports | Chevrolet","Driver",11,10
"Racing",2022,"Panini","Chronicles","Spectra Firesuit Signatures Meta Pink","Austin Dillon","Bass Pro Shops | Richard Childress Racing | Chevrolet","Driver",12,10
"Racing",2022,"Panini","Chronicles","Spectra Firesuit Signatures Meta Pink","Daniel Suarez","Camping World | Trackhouse Racing | Chevrolet","Driver",13,15
"Racing",2022,"Panini","Chronicles","Spectra Firesuit Signatures Meta Pink","Joey Logano","Shell-Pennzoil | Team Penske | Ford","Driver",14,15
"Racing",2022,"Panini","Chronicles","Spectra Firesuit Signatures Meta Pink","Kurt Busch","Monster | 23XI Racing | Toyota","Driver",15,10
"Racing",2022,"Panini","Chronicles","Spectra Firesuit Signatures Meta Pink","Tony Stewart","Bass Pro Shops | Stewart-Haas Racing | Chevrolet","Driver",17,10
"Racing",2022,"Panini","Chronicles","Spectra Firesuit Signatures Meta Pink","William Byron","AXALTA | Hendrick Motorsports | Chevrolet","Driver",18,10
"Racing",2022,"Panini","Chronicles","Spectra Firesuit Signatures Meta Pink","Aric Almirola","Smithfield Foods | Stewart-Haas Racing | Ford","Driver",20,15
"Racing",2022,"Panini","Chronicles","Spectra Firesuit Signatures Nebula","Richard Petty","STP | Petty Enterprises | Plymouth","Driver",1,1
"Racing",2022,"Panini","Chronicles","Spectra Firesuit Signatures Nebula","Bubba Wallace","McDonald's | 23XI Racing | Toyota","Driver",2,1
"Racing",2022,"Panini","Chronicles","Spectra Firesuit Signatures Nebula","Kyle Busch","M&M's | Joe Gibbs Racing | Toyota","Driver",3,1
"Racing",2022,"Panini","Chronicles","Spectra Firesuit Signatures Nebula","Jimmie Johnson","Lowe's | Hendrick Motorsports | Chevrolet","Driver",4,1
"Racing",2022,"Panini","Chronicles","Spectra Firesuit Signatures Nebula","Hailie Deegan","Monster Energy | DGR-Crosley | Ford","Driver",6,1
"Racing",2022,"Panini","Chronicles","Spectra Firesuit Signatures Nebula","Ryan Blaney","Menards | Team Penske | Ford","Driver",7,1
"Racing",2022,"Panini","Chronicles","Spectra Firesuit Signatures Nebula","Kevin Harvick","Hunt Brothers Pizza | Stewart-Haas Racing | Ford","Driver",9,1
"Racing",2022,"Panini","Chronicles","Spectra Firesuit Signatures Nebula","Alex Bowman","Ally Financial | Hendrick Motorsports | Chevrolet","Driver",10,1
"Racing",2022,"Panini","Chronicles","Spectra Firesuit Signatures Nebula","Kyle Larson","Hendrickcars.com | Hendrick Motorsports | Chevrolet","Driver",11,1
"Racing",2022,"Panini","Chronicles","Spectra Firesuit Signatures Nebula","Austin Dillon","Bass Pro Shops | Richard Childress Racing | Chevrolet","Driver",12,1
"Racing",2022,"Panini","Chronicles","Spectra Firesuit Signatures Nebula","Daniel Suarez","Camping World | Trackhouse Racing | Chevrolet","Driver",13,1
"Racing",2022,"Panini","Chronicles","Spectra Firesuit Signatures Nebula","Joey Logano","Shell-Pennzoil | Team Penske | Ford","Driver",14,1
"Racing",2022,"Panini","Chronicles","Spectra Firesuit Signatures Nebula","Kurt Busch","Monster | 23XI Racing | Toyota","Driver",15,1
"Racing",2022,"Panini","Chronicles","Spectra Firesuit Signatures Nebula","Ryan Newman","Kohler Generators | Rousch Fenway Racing | Ford","Driver",16,1
"Racing",2022,"Panini","Chronicles","Spectra Firesuit Signatures Nebula","Tony Stewart","Bass Pro Shops | Stewart-Haas Racing | Chevrolet","Driver",17,1
"Racing",2022,"Panini","Chronicles","Spectra Firesuit Signatures Nebula","William Byron","AXALTA | Hendrick Motorsports | Chevrolet","Driver",18,1
"Racing",2022,"Panini","Chronicles","Spectra Firesuit Signatures Nebula","Martin Truex Jr.","Bass Pro Shops | Joe Gibbs Racing | Toyota","Driver",19,1
"Racing",2022,"Panini","Chronicles","Spectra Firesuit Signatures Nebula","Aric Almirola","Smithfield Foods | Stewart-Haas Racing | Ford","Driver",20,1
"Racing",2022,"Panini","Chronicles","Spectra Gold","Denny Hamlin","FedEx Express | Joe Gibbs Racing | Toyota","Driver",1,10
"Racing",2022,"Panini","Chronicles","Spectra Gold","Cole Moore","ARCA Menards West Series","Driver",2,10
"Racing",2022,"Panini","Chronicles","Spectra Gold","Harrison Burton","Motorcraft | Wood Brothers Racing | Ford","Driver",3,10
"Racing",2022,"Panini","Chronicles","Spectra Gold","Daniel Dye","ARCA Menards East Series","Driver",4,10
"Racing",2022,"Panini","Chronicles","Spectra Gold","Jeff Gordon","AARP | Hendrick Motorsports | Chevrolet","Driver",5,10
"Racing",2022,"Panini","Chronicles","Spectra Gold","Kyle Larson","Hendrickcars.com | Hendrick Motorsports | Chevrolet","Driver",6,10
"Racing",2022,"Panini","Chronicles","Spectra Gold","Michael McDowell","Love's Travel Stops | Front Row Motorsports | Ford","Driver",7,10
"Racing",2022,"Panini","Chronicles","Spectra Gold","William Byron","AXALTA | Hendrick Motorsports | Chevrolet","Driver",8,10
"Racing",2022,"Panini","Chronicles","Spectra Gold","Sammy Smith","ARCA Menards East Series","Driver",9,10
"Racing",2022,"Panini","Chronicles","Spectra Gold","Kyle Busch","M&M's | Joe Gibbs Racing | Toyota","Driver",11,10
"Racing",2022,"Panini","Chronicles","Spectra Gold","Stefan Parsons","Sokal Digital | B.J. McLeod Motorsports | Chevrolet","Driver",12,10
"Racing",2022,"Panini","Chronicles","Spectra Gold","Bubba Wallace","McDonald's | 23XI Racing | Toyota","Driver",13,10
"Racing",2022,"Panini","Chronicles","Spectra Gold","Kurt Busch","Monster | 23XI Racing | Toyota","Driver",14,10
"Racing",2022,"Panini","Chronicles","Spectra Gold","Justin Haley","LeafFilter | Kaulig Racing | Chevrolet","Driver",15,10
"Racing",2022,"Panini","Chronicles","Spectra Gold","Quin Houff","Mane N Tale | StarCom Racing | Chevrolet","Car",16,10
"Racing",2022,"Panini","Chronicles","Spectra Gold","Natalie Decker","NERD Focus | Our Motorsports | Chevrolet","Driver",17,10
"Racing",2022,"Panini","Chronicles","Spectra Gold","Ty Gibbs","Monster Energy | Joe Gibbs Racing | Toyota","Driver",18,10
"Racing",2022,"Panini","Chronicles","Spectra Gold","Tyler Ankrum","Liuna | GMS Racing | Chevrolet","Driver",19,10
"Racing",2022,"Panini","Chronicles","Spectra Gold","Sheldon Creed","Whelen | Richard Childress Racing | Chevrolet","Driver",21,10
"Racing",2022,"Panini","Chronicles","Spectra Gold","Carson Hocevar","Premier Security | Niece Motorsports | Chevrolet","Driver",22,10
"Racing",2022,"Panini","Chronicles","Spectra Gold","Aric Almirola","Smithfield Foods | Stewart-Haas Racing | Ford","Driver",23,10
"Racing",2022,"Panini","Chronicles","Spectra Gold","Brittney Zamora","Rackley Roofing | Toyota","Driver",24,10
"Racing",2022,"Panini","Chronicles","Spectra Gold","Richard Petty","STP | Petty Enterprises | Plymouth","Driver",26,10
"Racing",2022,"Panini","Chronicles","Spectra Gold","Jimmie Johnson","Lowe's | Hendrick Motorsports | Chevrolet","Driver",29,10
"Racing",2022,"Panini","Chronicles","Spectra Gold","Ryan Ellis","Four Loko | Alpha Prime Racing | Chevrolet","Driver",30,10
"Racing",2022,"Panini","Chronicles","Spectra Gold","Tony Stewart","Bass Pro Shops | Stewart-Haas Racing | Chevrolet","Driver",31,10
"Racing",2022,"Panini","Chronicles","Spectra Gold","Erik Jones","Focus Factor | Petty GMS | Chevrolet","Driver",32,10
"Racing",2022,"Panini","Chronicles","Spectra Gold","Josh Bilicki","Ziegler | DGM | Chevrolet","Driver",33,10
"Racing",2022,"Panini","Chronicles","Spectra Gold","B.J. McLeod","Batteries Plus Bulbs | B.J. McLeod Motorsports | Ford","Driver",34,10
"Racing",2022,"Panini","Chronicles","Spectra Gold","Nick Sanchez","ARCA Menards","Driver",36,10
"Racing",2022,"Panini","Chronicles","Spectra Gold","Martin Truex Jr.","Bass Pro Shops | Joe Gibbs Racing | Toyota","Driver",37,10
"Racing",2022,"Panini","Chronicles","Spectra Gold","Santino Ferrucci","Toyota Racing | Sam Hunt Racing | Toyota","Driver",38,10
"Racing",2022,"Panini","Chronicles","Spectra Gold","Joey Logano","Shell-Pennzoil | Team Penske | Ford","Driver",39,10
"Racing",2022,"Panini","Chronicles","Spectra Gold","Ryan Blaney","Menards | Team Penske | Ford","Driver",40,10
"Racing",2022,"Panini","Chronicles","Spectra Gold","Danica Patrick","GoDaddy.com | Premium Motorsports | Chevrolet","Driver",41,10
"Racing",2022,"Panini","Chronicles","Spectra Gold","Jeff Gordon","DuPont | Hendrick Motorsports | Chevrolet","Driver",42,10
"Racing",2022,"Panini","Chronicles","Spectra Gold","Jade Buford","Big Machine Racing","Driver",43,10
"Racing",2022,"Panini","Chronicles","Spectra Gold","Corey LaJoie","Built Bar | Spire Motorsports | Chevrolet","Driver",44,10
"Racing",2022,"Panini","Chronicles","Spectra Gold","Matt Mills","J.F. Electric | B.J. McLeod Motorsports | Chevrolet","Driver",45,10
"Racing",2022,"Panini","Chronicles","Spectra Gold","Kaz Grala","Pit Viper | The Money Team | Chevrolet","Driver",46,10
"Racing",2022,"Panini","Chronicles","Spectra Gold","Brett Moffitt","Our Motorsports | Chevrolet","Driver",47,10
"Racing",2022,"Panini","Chronicles","Spectra Gold","Toni Breidinger","ARCA Menards","Driver",48,10
"Racing",2022,"Panini","Chronicles","Spectra Gold","Christopher Bell","DeWalt | Joe Gibbs Racing | Toyota","Driver",49,10
"Racing",2022,"Panini","Chronicles","Spectra Gold","Corey Heim","JBL | Kyle Busch Motorsports | Toyota","Driver",51,10
"Racing",2022,"Panini","Chronicles","Spectra Gold","Austin Hill","Bennett | Richard Childress Racing | Chevrolet","Driver",52,10
"Racing",2022,"Panini","Chronicles","Spectra Gold","Austin Cindric","Quaker State | Team Penske | Ford","Driver",53,10
"Racing",2022,"Panini","Chronicles","Spectra Gold","Chase Elliott","NAPA Auto Parts | Hendrick Motorsports | Chevrolet","Driver",54,10
"Racing",2022,"Panini","Chronicles","Spectra Gold","Brandon Brown","Vero | Brandonbilt Motorsports | Chevrolet","Driver",55,10
"Racing",2022,"Panini","Chronicles","Spectra Gold","Thad Moffitt","STP | Reaume Brothers Racing | Chevrolet","Driver",56,10
"Racing",2022,"Panini","Chronicles","Spectra Gold","Chris Buescher","Fastenal | RFK Racing | Ford","Driver",57,10
"Racing",2022,"Panini","Chronicles","Spectra Gold","Kevin Harvick","Subway | Stewart-Haas Racing | Ford","Driver",58,10
"Racing",2022,"Panini","Chronicles","Spectra Gold","Cole Custer","Haas Automation | Stewart-Haas Racing | Ford","Driver",60,10
"Racing",2022,"Panini","Chronicles","Spectra Interstellar Red","Denny Hamlin","FedEx Express | Joe Gibbs Racing | Toyota","Driver",1,49
"Racing",2022,"Panini","Chronicles","Spectra Interstellar Red","Cole Moore","ARCA Menards West Series","Driver",2,49
"Racing",2022,"Panini","Chronicles","Spectra Interstellar Red","Harrison Burton","Motorcraft | Wood Brothers Racing | Ford","Driver",3,49
"Racing",2022,"Panini","Chronicles","Spectra Interstellar Red","Jeff Gordon","AARP | Hendrick Motorsports | Chevrolet","Driver",5,49
"Racing",2022,"Panini","Chronicles","Spectra Interstellar Red","Kyle Larson","Hendrickcars.com | Hendrick Motorsports | Chevrolet","Driver",6,49
"Racing",2022,"Panini","Chronicles","Spectra Interstellar Red","Michael McDowell","Love's Travel Stops | Front Row Motorsports | Ford","Driver",7,49
"Racing",2022,"Panini","Chronicles","Spectra Interstellar Red","William Byron","AXALTA | Hendrick Motorsports | Chevrolet","Driver",8,49
"Racing",2022,"Panini","Chronicles","Spectra Interstellar Red","Sammy Smith","ARCA Menards East Series","Driver",9,49
"Racing",2022,"Panini","Chronicles","Spectra Interstellar Red","Austin Dillon","Bass Pro Shops | Richard Childress Racing | Chevrolet","Driver",10,49
"Racing",2022,"Panini","Chronicles","Spectra Interstellar Red","Kyle Busch","M&M's | Joe Gibbs Racing | Toyota","Driver",11,49
"Racing",2022,"Panini","Chronicles","Spectra Interstellar Red","Stefan Parsons","Sokal Digital | B.J. McLeod Motorsports | Chevrolet","Driver",12,49
"Racing",2022,"Panini","Chronicles","Spectra Interstellar Red","Bubba Wallace","McDonald's | 23XI Racing | Toyota","Driver",13,49
"Racing",2022,"Panini","Chronicles","Spectra Interstellar Red","Justin Haley","LeafFilter | Kaulig Racing | Chevrolet","Driver",15,49
"Racing",2022,"Panini","Chronicles","Spectra Interstellar Red","Quin Houff","Mane N Tale | StarCom Racing | Chevrolet","Car",16,49
"Racing",2022,"Panini","Chronicles","Spectra Interstellar Red","Ty Gibbs","Monster Energy | Joe Gibbs Racing | Toyota","Driver",18,49
"Racing",2022,"Panini","Chronicles","Spectra Interstellar Red","Tyler Ankrum","Liuna | GMS Racing | Chevrolet","Driver",19,49
"Racing",2022,"Panini","Chronicles","Spectra Interstellar Red","Hailie Deegan","Monster Energy | DGR-Crosley | Ford","Driver",20,49
"Racing",2022,"Panini","Chronicles","Spectra Interstellar Red","Sheldon Creed","Whelen | Richard Childress Racing | Chevrolet","Driver",21,49
"Racing",2022,"Panini","Chronicles","Spectra Interstellar Red","Carson Hocevar","Premier Security | Niece Motorsports | Chevrolet","Driver",22,49
"Racing",2022,"Panini","Chronicles","Spectra Interstellar Red","Aric Almirola","Smithfield Foods | Stewart-Haas Racing | Ford","Driver",23,49
"Racing",2022,"Panini","Chronicles","Spectra Interstellar Red","Brittney Zamora","Rackley Roofing | Toyota","Driver",24,49
"Racing",2022,"Panini","Chronicles","Spectra Interstellar Red","Ricky Stenhouse Jr","Kroger | JTG Daugherty Racing | Chevrolet","Driver",25,49
"Racing",2022,"Panini","Chronicles","Spectra Interstellar Red","Daniel Suarez","Camping World | Trackhouse Racing | Chevrolet","Driver",27,49
"Racing",2022,"Panini","Chronicles","Spectra Interstellar Red","Ryan Preece","Hunt Brothers Pizza | Ford","Driver",28,49
"Racing",2022,"Panini","Chronicles","Spectra Interstellar Red","Jimmie Johnson","Lowe's | Hendrick Motorsports | Chevrolet","Driver",29,49
"Racing",2022,"Panini","Chronicles","Spectra Interstellar Red","Ryan Ellis","Four Loko | Alpha Prime Racing | Chevrolet","Driver",30,49
"Racing",2022,"Panini","Chronicles","Spectra Interstellar Red","Erik Jones","Focus Factor | Petty GMS | Chevrolet","Driver",32,49
"Racing",2022,"Panini","Chronicles","Spectra Interstellar Red","Josh Bilicki","Ziegler | DGM | Chevrolet","Driver",33,49
"Racing",2022,"Panini","Chronicles","Spectra Interstellar Red","B.J. McLeod","Batteries Plus Bulbs | B.J. McLeod Motorsports | Ford","Driver",34,49
"Racing",2022,"Panini","Chronicles","Spectra Interstellar Red","Alex Bowman","Ally Financial | Hendrick Motorsports | Chevrolet","Driver",35,49
"Racing",2022,"Panini","Chronicles","Spectra Interstellar Red","Nick Sanchez","ARCA Menards","Driver",36,49
"Racing",2022,"Panini","Chronicles","Spectra Interstellar Red","Martin Truex Jr.","Bass Pro Shops | Joe Gibbs Racing | Toyota","Driver",37,49
"Racing",2022,"Panini","Chronicles","Spectra Interstellar Red","Santino Ferrucci","Toyota Racing | Sam Hunt Racing | Toyota","Driver",38,49
"Racing",2022,"Panini","Chronicles","Spectra Interstellar Red","Joey Logano","Shell-Pennzoil | Team Penske | Ford","Driver",39,49
"Racing",2022,"Panini","Chronicles","Spectra Interstellar Red","Ryan Blaney","Menards | Team Penske | Ford","Driver",40,49
"Racing",2022,"Panini","Chronicles","Spectra Interstellar Red","Danica Patrick","GoDaddy.com | Premium Motorsports | Chevrolet","Driver",41,49
"Racing",2022,"Panini","Chronicles","Spectra Interstellar Red","Jeff Gordon","DuPont | Hendrick Motorsports | Chevrolet","Driver",42,49
"Racing",2022,"Panini","Chronicles","Spectra Interstellar Red","Jade Buford","Big Machine Racing","Driver",43,49
"Racing",2022,"Panini","Chronicles","Spectra Interstellar Red","Matt Mills","J.F. Electric | B.J. McLeod Motorsports | Chevrolet","Driver",45,49
"Racing",2022,"Panini","Chronicles","Spectra Interstellar Red","Kaz Grala","Pit Viper | The Money Team | Chevrolet","Driver",46,49
"Racing",2022,"Panini","Chronicles","Spectra Interstellar Red","Brett Moffitt","Our Motorsports | Chevrolet","Driver",47,49
"Racing",2022,"Panini","Chronicles","Spectra Interstellar Red","Toni Breidinger","ARCA Menards","Driver",48,49
"Racing",2022,"Panini","Chronicles","Spectra Interstellar Red","Christopher Bell","DeWalt | Joe Gibbs Racing | Toyota","Driver",49,49
"Racing",2022,"Panini","Chronicles","Spectra Interstellar Red","Dale Earnhardt Jr","National Guard | Hendrick Motorsports | Chevrolet","Driver",50,49
"Racing",2022,"Panini","Chronicles","Spectra Interstellar Red","Corey Heim","JBL | Kyle Busch Motorsports | Toyota","Driver",51,49
"Racing",2022,"Panini","Chronicles","Spectra Interstellar Red","Austin Hill","Bennett | Richard Childress Racing | Chevrolet","Driver",52,49
"Racing",2022,"Panini","Chronicles","Spectra Interstellar Red","Chase Elliott","NAPA Auto Parts | Hendrick Motorsports | Chevrolet","Driver",54,49
"Racing",2022,"Panini","Chronicles","Spectra Interstellar Red","Brandon Brown","Vero | Brandonbilt Motorsports | Chevrolet","Driver",55,49
"Racing",2022,"Panini","Chronicles","Spectra Interstellar Red","Thad Moffitt","STP | Reaume Brothers Racing | Chevrolet","Driver",56,49
"Racing",2022,"Panini","Chronicles","Spectra Interstellar Red","Kevin Harvick","Subway | Stewart-Haas Racing | Ford","Driver",58,49
"Racing",2022,"Panini","Chronicles","Spectra Interstellar Red","Brad Keselowski","Kohler | RFK Racing | Ford","Driver",59,49
"Racing",2022,"Panini","Chronicles","Spectra Interstellar Red","Cole Custer","Haas Automation | Stewart-Haas Racing | Ford","Driver",60,49
"Racing",2022,"Panini","Chronicles","Spectra Meta Pink","Denny Hamlin","FedEx Express | Joe Gibbs Racing | Toyota","Driver",1,25
"Racing",2022,"Panini","Chronicles","Spectra Meta Pink","Cole Moore","ARCA Menards West Series","Driver",2,25
"Racing",2022,"Panini","Chronicles","Spectra Meta Pink","Harrison Burton","Motorcraft | Wood Brothers Racing | Ford","Driver",3,25
"Racing",2022,"Panini","Chronicles","Spectra Meta Pink","Daniel Dye","ARCA Menards East Series","Driver",4,25
"Racing",2022,"Panini","Chronicles","Spectra Meta Pink","Jeff Gordon","AARP | Hendrick Motorsports | Chevrolet","Driver",5,25
"Racing",2022,"Panini","Chronicles","Spectra Meta Pink","William Byron","AXALTA | Hendrick Motorsports | Chevrolet","Driver",8,25
"Racing",2022,"Panini","Chronicles","Spectra Meta Pink","Sammy Smith","ARCA Menards East Series","Driver",9,25
"Racing",2022,"Panini","Chronicles","Spectra Meta Pink","Austin Dillon","Bass Pro Shops | Richard Childress Racing | Chevrolet","Driver",10,25
"Racing",2022,"Panini","Chronicles","Spectra Meta Pink","Kyle Busch","M&M's | Joe Gibbs Racing | Toyota","Driver",11,25
"Racing",2022,"Panini","Chronicles","Spectra Meta Pink","Stefan Parsons","Sokal Digital | B.J. McLeod Motorsports | Chevrolet","Driver",12,25
"Racing",2022,"Panini","Chronicles","Spectra Meta Pink","Bubba Wallace","McDonald's | 23XI Racing | Toyota","Driver",13,25
"Racing",2022,"Panini","Chronicles","Spectra Meta Pink","Kurt Busch","Monster | 23XI Racing | Toyota","Driver",14,25
"Racing",2022,"Panini","Chronicles","Spectra Meta Pink","Justin Haley","LeafFilter | Kaulig Racing | Chevrolet","Driver",15,25
"Racing",2022,"Panini","Chronicles","Spectra Meta Pink","Natalie Decker","NERD Focus | Our Motorsports | Chevrolet","Driver",17,25
"Racing",2022,"Panini","Chronicles","Spectra Meta Pink","Ty Gibbs","Monster Energy | Joe Gibbs Racing | Toyota","Driver",18,25
"Racing",2022,"Panini","Chronicles","Spectra Meta Pink","Hailie Deegan","Monster Energy | DGR-Crosley | Ford","Driver",20,25
"Racing",2022,"Panini","Chronicles","Spectra Meta Pink","Sheldon Creed","Whelen | Richard Childress Racing | Chevrolet","Driver",21,25
"Racing",2022,"Panini","Chronicles","Spectra Meta Pink","Carson Hocevar","Premier Security | Niece Motorsports | Chevrolet","Driver",22,25
"Racing",2022,"Panini","Chronicles","Spectra Meta Pink","Aric Almirola","Smithfield Foods | Stewart-Haas Racing | Ford","Driver",23,25
"Racing",2022,"Panini","Chronicles","Spectra Meta Pink","Brittney Zamora","Rackley Roofing | Toyota","Driver",24,25
"Racing",2022,"Panini","Chronicles","Spectra Meta Pink","Ricky Stenhouse Jr","Kroger | JTG Daugherty Racing | Chevrolet","Driver",25,25
"Racing",2022,"Panini","Chronicles","Spectra Meta Pink","Richard Petty","STP | Petty Enterprises | Plymouth","Driver",26,25
"Racing",2022,"Panini","Chronicles","Spectra Meta Pink","Daniel Suarez","Camping World | Trackhouse Racing | Chevrolet","Driver",27,25
"Racing",2022,"Panini","Chronicles","Spectra Meta Pink","Ryan Preece","Hunt Brothers Pizza | Ford","Driver",28,25
"Racing",2022,"Panini","Chronicles","Spectra Meta Pink","Jimmie Johnson","Lowe's | Hendrick Motorsports | Chevrolet","Driver",29,25
"Racing",2022,"Panini","Chronicles","Spectra Meta Pink","Ryan Ellis","Four Loko | Alpha Prime Racing | Chevrolet","Driver",30,25
"Racing",2022,"Panini","Chronicles","Spectra Meta Pink","Tony Stewart","Bass Pro Shops | Stewart-Haas Racing | Chevrolet","Driver",31,25
"Racing",2022,"Panini","Chronicles","Spectra Meta Pink","Erik Jones","Focus Factor | Petty GMS | Chevrolet","Driver",32,25
"Racing",2022,"Panini","Chronicles","Spectra Meta Pink","Josh Bilicki","Ziegler | DGM | Chevrolet","Driver",33,25
"Racing",2022,"Panini","Chronicles","Spectra Meta Pink","B.J. McLeod","Batteries Plus Bulbs | B.J. McLeod Motorsports | Ford","Driver",34,25
"Racing",2022,"Panini","Chronicles","Spectra Meta Pink","Alex Bowman","Ally Financial | Hendrick Motorsports | Chevrolet","Driver",35,25
"Racing",2022,"Panini","Chronicles","Spectra Meta Pink","Nick Sanchez","ARCA Menards","Driver",36,25
"Racing",2022,"Panini","Chronicles","Spectra Meta Pink","Martin Truex Jr.","Bass Pro Shops | Joe Gibbs Racing | Toyota","Driver",37,25
"Racing",2022,"Panini","Chronicles","Spectra Meta Pink","Santino Ferrucci","Toyota Racing | Sam Hunt Racing | Toyota","Driver",38,25
"Racing",2022,"Panini","Chronicles","Spectra Meta Pink","Joey Logano","Shell-Pennzoil | Team Penske | Ford","Driver",39,25
"Racing",2022,"Panini","Chronicles","Spectra Meta Pink","Ryan Blaney","Menards | Team Penske | Ford","Driver",40,25
"Racing",2022,"Panini","Chronicles","Spectra Meta Pink","Danica Patrick","GoDaddy.com | Premium Motorsports | Chevrolet","Driver",41,25
"Racing",2022,"Panini","Chronicles","Spectra Meta Pink","Jeff Gordon","DuPont | Hendrick Motorsports | Chevrolet","Driver",42,25
"Racing",2022,"Panini","Chronicles","Spectra Meta Pink","Jade Buford","Big Machine Racing","Driver",43,25
"Racing",2022,"Panini","Chronicles","Spectra Meta Pink","Corey LaJoie","Built Bar | Spire Motorsports | Chevrolet","Driver",44,25
"Racing",2022,"Panini","Chronicles","Spectra Meta Pink","Matt Mills","J.F. Electric | B.J. McLeod Motorsports | Chevrolet","Driver",45,25
"Racing",2022,"Panini","Chronicles","Spectra Meta Pink","Kaz Grala","Pit Viper | The Money Team | Chevrolet","Driver",46,25
"Racing",2022,"Panini","Chronicles","Spectra Meta Pink","Brett Moffitt","Our Motorsports | Chevrolet","Driver",47,25
"Racing",2022,"Panini","Chronicles","Spectra Meta Pink","Toni Breidinger","ARCA Menards","Driver",48,25
"Racing",2022,"Panini","Chronicles","Spectra Meta Pink","Christopher Bell","DeWalt | Joe Gibbs Racing | Toyota","Driver",49,25
"Racing",2022,"Panini","Chronicles","Spectra Meta Pink","Dale Earnhardt Jr","National Guard | Hendrick Motorsports | Chevrolet","Driver",50,25
"Racing",2022,"Panini","Chronicles","Spectra Meta Pink","Austin Cindric","Quaker State | Team Penske | Ford","Driver",53,25
"Racing",2022,"Panini","Chronicles","Spectra Meta Pink","Chase Elliott","NAPA Auto Parts | Hendrick Motorsports | Chevrolet","Driver",54,25
"Racing",2022,"Panini","Chronicles","Spectra Meta Pink","Brandon Brown","Vero | Brandonbilt Motorsports | Chevrolet","Driver",55,25
"Racing",2022,"Panini","Chronicles","Spectra Meta Pink","Thad Moffitt","STP | Reaume Brothers Racing | Chevrolet","Driver",56,25
"Racing",2022,"Panini","Chronicles","Spectra Meta Pink","Chris Buescher","Fastenal | RFK Racing | Ford","Driver",57,25
"Racing",2022,"Panini","Chronicles","Spectra Meta Pink","Kevin Harvick","Subway | Stewart-Haas Racing | Ford","Driver",58,25
"Racing",2022,"Panini","Chronicles","Spectra Meta Pink","Brad Keselowski","Kohler | RFK Racing | Ford","Driver",59,25
"Racing",2022,"Panini","Chronicles","Spectra Meta Pink","Cole Custer","Haas Automation | Stewart-Haas Racing | Ford","Driver",60,25
"Racing",2022,"Panini","Chronicles","Spectra Nebula","Denny Hamlin","FedEx Express | Joe Gibbs Racing | Toyota","Driver",1,1
"Racing",2022,"Panini","Chronicles","Spectra Nebula","Cole Moore","ARCA Menards West Series","Driver",2,1
"Racing",2022,"Panini","Chronicles","Spectra Nebula","Harrison Burton","Motorcraft | Wood Brothers Racing | Ford","Driver",3,1
"Racing",2022,"Panini","Chronicles","Spectra Nebula","Jeff Gordon","AARP | Hendrick Motorsports | Chevrolet","Driver",5,1
"Racing",2022,"Panini","Chronicles","Spectra Nebula","Kyle Larson","Hendrickcars.com | Hendrick Motorsports | Chevrolet","Driver",6,1
"Racing",2022,"Panini","Chronicles","Spectra Nebula","Michael McDowell","Love's Travel Stops | Front Row Motorsports | Ford","Driver",7,1
"Racing",2022,"Panini","Chronicles","Spectra Nebula","William Byron","AXALTA | Hendrick Motorsports | Chevrolet","Driver",8,1
"Racing",2022,"Panini","Chronicles","Spectra Nebula","Sammy Smith","ARCA Menards East Series","Driver",9,1
"Racing",2022,"Panini","Chronicles","Spectra Nebula","Austin Dillon","Bass Pro Shops | Richard Childress Racing | Chevrolet","Driver",10,1
"Racing",2022,"Panini","Chronicles","Spectra Nebula","Kyle Busch","M&M's | Joe Gibbs Racing | Toyota","Driver",11,1
"Racing",2022,"Panini","Chronicles","Spectra Nebula","Stefan Parsons","Sokal Digital | B.J. McLeod Motorsports | Chevrolet","Driver",12,1
"Racing",2022,"Panini","Chronicles","Spectra Nebula","Bubba Wallace","McDonald's | 23XI Racing | Toyota","Driver",13,1
"Racing",2022,"Panini","Chronicles","Spectra Nebula","Kurt Busch","Monster | 23XI Racing | Toyota","Driver",14,1
"Racing",2022,"Panini","Chronicles","Spectra Nebula","Justin Haley","LeafFilter | Kaulig Racing | Chevrolet","Driver",15,1
"Racing",2022,"Panini","Chronicles","Spectra Nebula","Quin Houff","Mane N Tale | StarCom Racing | Chevrolet","Car",16,1
"Racing",2022,"Panini","Chronicles","Spectra Nebula","Natalie Decker","NERD Focus | Our Motorsports | Chevrolet","Driver",17,1
"Racing",2022,"Panini","Chronicles","Spectra Nebula","Ty Gibbs","Monster Energy | Joe Gibbs Racing | Toyota","Driver",18,1
"Racing",2022,"Panini","Chronicles","Spectra Nebula","Tyler Ankrum","Liuna | GMS Racing | Chevrolet","Driver",19,1
"Racing",2022,"Panini","Chronicles","Spectra Nebula","Hailie Deegan","Monster Energy | DGR-Crosley | Ford","Driver",20,1
"Racing",2022,"Panini","Chronicles","Spectra Nebula","Sheldon Creed","Whelen | Richard Childress Racing | Chevrolet","Driver",21,1
"Racing",2022,"Panini","Chronicles","Spectra Nebula","Carson Hocevar","Premier Security | Niece Motorsports | Chevrolet","Driver",22,1
"Racing",2022,"Panini","Chronicles","Spectra Nebula","Aric Almirola","Smithfield Foods | Stewart-Haas Racing | Ford","Driver",23,1
"Racing",2022,"Panini","Chronicles","Spectra Nebula","Brittney Zamora","Rackley Roofing | Toyota","Driver",24,1
"Racing",2022,"Panini","Chronicles","Spectra Nebula","Ricky Stenhouse Jr","Kroger | JTG Daugherty Racing | Chevrolet","Driver",25,1
"Racing",2022,"Panini","Chronicles","Spectra Nebula","Richard Petty","STP | Petty Enterprises | Plymouth","Driver",26,1
"Racing",2022,"Panini","Chronicles","Spectra Nebula","Daniel Suarez","Camping World | Trackhouse Racing | Chevrolet","Driver",27,1
"Racing",2022,"Panini","Chronicles","Spectra Nebula","Ryan Preece","Hunt Brothers Pizza | Ford","Driver",28,1
"Racing",2022,"Panini","Chronicles","Spectra Nebula","Jimmie Johnson","Lowe's | Hendrick Motorsports | Chevrolet","Driver",29,1
"Racing",2022,"Panini","Chronicles","Spectra Nebula","Ryan Ellis","Four Loko | Alpha Prime Racing | Chevrolet","Driver",30,1
"Racing",2022,"Panini","Chronicles","Spectra Nebula","Erik Jones","Focus Factor | Petty GMS | Chevrolet","Driver",32,1
"Racing",2022,"Panini","Chronicles","Spectra Nebula","Josh Bilicki","Ziegler | DGM | Chevrolet","Driver",33,1
"Racing",2022,"Panini","Chronicles","Spectra Nebula","B.J. McLeod","Batteries Plus Bulbs | B.J. McLeod Motorsports | Ford","Driver",34,1
"Racing",2022,"Panini","Chronicles","Spectra Nebula","Alex Bowman","Ally Financial | Hendrick Motorsports | Chevrolet","Driver",35,1
"Racing",2022,"Panini","Chronicles","Spectra Nebula","Nick Sanchez","ARCA Menards","Driver",36,1
"Racing",2022,"Panini","Chronicles","Spectra Nebula","Martin Truex Jr.","Bass Pro Shops | Joe Gibbs Racing | Toyota","Driver",37,1
"Racing",2022,"Panini","Chronicles","Spectra Nebula","Santino Ferrucci","Toyota Racing | Sam Hunt Racing | Toyota","Driver",38,1
"Racing",2022,"Panini","Chronicles","Spectra Nebula","Joey Logano","Shell-Pennzoil | Team Penske | Ford","Driver",39,1
"Racing",2022,"Panini","Chronicles","Spectra Nebula","Ryan Blaney","Menards | Team Penske | Ford","Driver",40,1
"Racing",2022,"Panini","Chronicles","Spectra Nebula","Danica Patrick","GoDaddy.com | Premium Motorsports | Chevrolet","Driver",41,1
"Racing",2022,"Panini","Chronicles","Spectra Nebula","Jeff Gordon","DuPont | Hendrick Motorsports | Chevrolet","Driver",42,1
"Racing",2022,"Panini","Chronicles","Spectra Nebula","Corey LaJoie","Built Bar | Spire Motorsports | Chevrolet","Driver",44,1
"Racing",2022,"Panini","Chronicles","Spectra Nebula","Matt Mills","J.F. Electric | B.J. McLeod Motorsports | Chevrolet","Driver",45,1
"Racing",2022,"Panini","Chronicles","Spectra Nebula","Kaz Grala","Pit Viper | The Money Team | Chevrolet","Driver",46,1
"Racing",2022,"Panini","Chronicles","Spectra Nebula","Toni Breidinger","ARCA Menards","Driver",48,1
"Racing",2022,"Panini","Chronicles","Spectra Nebula","Christopher Bell","DeWalt | Joe Gibbs Racing | Toyota","Driver",49,1
"Racing",2022,"Panini","Chronicles","Spectra Nebula","Dale Earnhardt Jr","National Guard | Hendrick Motorsports | Chevrolet","Driver",50,1
"Racing",2022,"Panini","Chronicles","Spectra Nebula","Corey Heim","JBL | Kyle Busch Motorsports | Toyota","Driver",51,1
"Racing",2022,"Panini","Chronicles","Spectra Nebula","Austin Hill","Bennett | Richard Childress Racing | Chevrolet","Driver",52,1
"Racing",2022,"Panini","Chronicles","Spectra Nebula","Austin Cindric","Quaker State | Team Penske | Ford","Driver",53,1
"Racing",2022,"Panini","Chronicles","Spectra Nebula","Chase Elliott","NAPA Auto Parts | Hendrick Motorsports | Chevrolet","Driver",54,1
"Racing",2022,"Panini","Chronicles","Spectra Nebula","Brandon Brown","Vero | Brandonbilt Motorsports | Chevrolet","Driver",55,1
"Racing",2022,"Panini","Chronicles","Spectra Nebula","Thad Moffitt","STP | Reaume Brothers Racing | Chevrolet","Driver",56,1
"Racing",2022,"Panini","Chronicles","Spectra Nebula","Chris Buescher","Fastenal | RFK Racing | Ford","Driver",57,1
"Racing",2022,"Panini","Chronicles","Spectra Nebula","Kevin Harvick","Subway | Stewart-Haas Racing | Ford","Driver",58,1
"Racing",2022,"Panini","Chronicles","Spectra Nebula","Brad Keselowski","Kohler | RFK Racing | Ford","Driver",59,1
"Racing",2022,"Panini","Chronicles","Spectra Nebula","Cole Custer","Haas Automation | Stewart-Haas Racing | Ford","Driver",60,1
"Racing",2022,"Panini","Chronicles","Spectra Variations","Kyle Larson","Hendrickcars.com | Hendrick Motorsports | Chevrolet","Driver",6,
"Racing",2022,"Panini","Chronicles","Spectra Variations","William Byron","Liberty University | Hendrick Motorsports | Chevrolet","Driver",8,
"Racing",2022,"Panini","Chronicles","Spectra Variations","Kyle Busch","Skittles | Joe Gibbs Racing | Toyota","Driver",11,
"Racing",2022,"Panini","Chronicles","Spectra Variations","Bubba Wallace","DoorDash | 23XI Racing | Toyota","Driver",13,
"Racing",2022,"Panini","Chronicles","Spectra Variations","Natalie Decker","Red Street Records | Our Motorsports | Chevrolet","Driver",17,
"Racing",2022,"Panini","Chronicles","Spectra Variations","Ty Gibbs","Monster Energy | Joe Gibbs Racing | Toyota","Driver",18,
"Racing",2022,"Panini","Chronicles","Spectra Variations","Hailie Deegan","Toter | DGR-Crosley | Ford","Driver",20,
"Racing",2022,"Panini","Chronicles","Spectra Variations","Richard Petty","STP | Petty Enterprises | Plymouth","Driver",26,
"Racing",2022,"Panini","Chronicles","Spectra Variations","Jimmie Johnson","Kobalt Tools | Hendrick Motorsports | Chevrolet","Driver",29,
"Racing",2022,"Panini","Chronicles","Spectra Variations","Tony Stewart","Mobil 1 | Stewart-Haas Racing | Chevrolet","Driver",31,
"Racing",2022,"Panini","Chronicles","Spectra Variations","Martin Truex Jr.","Auto-Owners Insurance | Joe Gibbs Racing | Toyota","Driver",37,
"Racing",2022,"Panini","Chronicles","Spectra Variations","Joey Logano","Shell-Pennzoil | Team Penske | Ford","Driver",39,
"Racing",2022,"Panini","Chronicles","Spectra Variations","Jeff Gordon/Jeff Gordon","Pepsi | Hendrick Motorsports | Chevrolet/AARP | Hendrick Motorsports | Chevrolet","Driver/Driver",42,
"Racing",2022,"Panini","Chronicles","Spectra Variations","Jade Buford","Big Machine Racing","Driver",43,
"Racing",2022,"Panini","Chronicles","Spectra Variations","Chase Elliott/Chase Elliott","ASHOC | Hendrick Motorsports | Chevrolet/Llumar | Hendrick Motorsports | Chevrolet","Driver/Driver",54,
"Racing",2022,"Panini","Chronicles","Spectra Variations","Kevin Harvick","Mobil 1 | Stewart-Haas Racing | Ford","Driver",58,
"Racing",2022,"Panini","Chronicles","Spectra Variations Celestial Blue","Kyle Larson","Hendrickcars.com | Hendrick Motorsports | Chevrolet","Driver",6,99
"Racing",2022,"Panini","Chronicles","Spectra Variations Celestial Blue","William Byron","Liberty University | Hendrick Motorsports | Chevrolet","Driver",8,99
"Racing",2022,"Panini","Chronicles","Spectra Variations Celestial Blue","Kyle Busch","Skittles | Joe Gibbs Racing | Toyota","Driver",11,99
"Racing",2022,"Panini","Chronicles","Spectra Variations Celestial Blue","Bubba Wallace","DoorDash | 23XI Racing | Toyota","Driver",13,99
"Racing",2022,"Panini","Chronicles","Spectra Variations Celestial Blue","Natalie Decker","Red Street Records | Our Motorsports | Chevrolet","Driver",17,99
"Racing",2022,"Panini","Chronicles","Spectra Variations Celestial Blue","Ty Gibbs","Monster Energy | Joe Gibbs Racing | Toyota","Driver",18,99
"Racing",2022,"Panini","Chronicles","Spectra Variations Celestial Blue","Hailie Deegan","Toter | DGR-Crosley | Ford","Driver",20,99
"Racing",2022,"Panini","Chronicles","Spectra Variations Celestial Blue","Richard Petty","STP | Petty Enterprises | Plymouth","Driver",26,99
"Racing",2022,"Panini","Chronicles","Spectra Variations Celestial Blue","Jimmie Johnson","Kobalt Tools | Hendrick Motorsports | Chevrolet","Driver",29,99
"Racing",2022,"Panini","Chronicles","Spectra Variations Celestial Blue","Tony Stewart","Mobil 1 | Stewart-Haas Racing | Chevrolet","Driver",31,99
"Racing",2022,"Panini","Chronicles","Spectra Variations Celestial Blue","Martin Truex Jr.","Auto-Owners Insurance | Joe Gibbs Racing | Toyota","Driver",37,99
"Racing",2022,"Panini","Chronicles","Spectra Variations Celestial Blue","Joey Logano","Shell-Pennzoil | Team Penske | Ford","Driver",39,99
"Racing",2022,"Panini","Chronicles","Spectra Variations Celestial Blue","Jeff Gordon/Jeff Gordon","AARP | Hendrick Motorsports | Chevrolet/Pepsi | Hendrick Motorsports | Chevrolet","Driver/Driver",42,99
"Racing",2022,"Panini","Chronicles","Spectra Variations Celestial Blue","Jade Buford","Big Machine Racing","Driver",43,99
"Racing",2022,"Panini","Chronicles","Spectra Variations Celestial Blue","Dale Earnhardt Jr/Dale Earnhardt Jr","Mountain Dew | Hendrick Motorsports | Chevrolet/AXALTA | Hendrick Motorsports | Chevrolet","Driver/Driver",50,99
"Racing",2022,"Panini","Chronicles","Spectra Variations Celestial Blue","Chase Elliott/Chase Elliott","ASHOC | Hendrick Motorsports | Chevrolet/Llumar | Hendrick Motorsports | Chevrolet","Driver/Driver",54,99
"Racing",2022,"Panini","Chronicles","Spectra Variations Celestial Blue","Kevin Harvick","Mobil 1 | Stewart-Haas Racing | Ford","Driver",58,99
"Racing",2022,"Panini","Chronicles","Spectra Variations Gold","Kyle Larson","Hendrickcars.com | Hendrick Motorsports | Chevrolet","Driver",6,10
"Racing",2022,"Panini","Chronicles","Spectra Variations Gold","William Byron","Liberty University | Hendrick Motorsports | Chevrolet","Driver",8,10
"Racing",2022,"Panini","Chronicles","Spectra Variations Gold","Kyle Busch","Skittles | Joe Gibbs Racing | Toyota","Driver",11,10
"Racing",2022,"Panini","Chronicles","Spectra Variations Gold","Bubba Wallace","DoorDash | 23XI Racing | Toyota","Driver",13,10
"Racing",2022,"Panini","Chronicles","Spectra Variations Gold","Natalie Decker","Red Street Records | Our Motorsports | Chevrolet","Driver",17,10
"Racing",2022,"Panini","Chronicles","Spectra Variations Gold","Ty Gibbs","Monster Energy | Joe Gibbs Racing | Toyota","Driver",18,10
"Racing",2022,"Panini","Chronicles","Spectra Variations Gold","Hailie Deegan","Toter | DGR-Crosley | Ford","Driver",20,10
"Racing",2022,"Panini","Chronicles","Spectra Variations Gold","Richard Petty","STP | Petty Enterprises | Plymouth","Driver",26,10
"Racing",2022,"Panini","Chronicles","Spectra Variations Gold","Jimmie Johnson","Kobalt Tools | Hendrick Motorsports | Chevrolet","Driver",29,10
"Racing",2022,"Panini","Chronicles","Spectra Variations Gold","Tony Stewart","Mobil 1 | Stewart-Haas Racing | Chevrolet","Driver",31,10
"Racing",2022,"Panini","Chronicles","Spectra Variations Gold","Martin Truex Jr.","Auto-Owners Insurance | Joe Gibbs Racing | Toyota","Driver",37,10
"Racing",2022,"Panini","Chronicles","Spectra Variations Gold","Joey Logano","Shell-Pennzoil | Team Penske | Ford","Driver",39,10
"Racing",2022,"Panini","Chronicles","Spectra Variations Gold","Jeff Gordon/Jeff Gordon","AARP | Hendrick Motorsports | Chevrolet/Pepsi | Hendrick Motorsports | Chevrolet","Driver/Driver",42,10
"Racing",2022,"Panini","Chronicles","Spectra Variations Gold","Jade Buford","Big Machine Racing","Driver",43,10
"Racing",2022,"Panini","Chronicles","Spectra Variations Gold","Chase Elliott/Chase Elliott","ASHOC | Hendrick Motorsports | Chevrolet/Llumar | Hendrick Motorsports | Chevrolet","Driver/Driver",54,10
"Racing",2022,"Panini","Chronicles","Spectra Variations Gold","Kevin Harvick","Mobil 1 | Stewart-Haas Racing | Ford","Driver",58,10
"Racing",2022,"Panini","Chronicles","Spectra Variations Interstellar Red","Kyle Larson","Hendrickcars.com | Hendrick Motorsports | Chevrolet","Driver",6,49
"Racing",2022,"Panini","Chronicles","Spectra Variations Interstellar Red","William Byron","Liberty University | Hendrick Motorsports | Chevrolet","Driver",8,49
"Racing",2022,"Panini","Chronicles","Spectra Variations Interstellar Red","Bubba Wallace","DoorDash | 23XI Racing | Toyota","Driver",13,49
"Racing",2022,"Panini","Chronicles","Spectra Variations Interstellar Red","Natalie Decker","Red Street Records | Our Motorsports | Chevrolet","Driver",17,49
"Racing",2022,"Panini","Chronicles","Spectra Variations Interstellar Red","Ty Gibbs","Monster Energy | Joe Gibbs Racing | Toyota","Driver",18,49
"Racing",2022,"Panini","Chronicles","Spectra Variations Interstellar Red","Hailie Deegan","Toter | DGR-Crosley | Ford","Driver",20,49
"Racing",2022,"Panini","Chronicles","Spectra Variations Interstellar Red","Richard Petty","STP | Petty Enterprises | Plymouth","Driver",26,49
"Racing",2022,"Panini","Chronicles","Spectra Variations Interstellar Red","Tony Stewart","Mobil 1 | Stewart-Haas Racing | Chevrolet","Driver",31,49
"Racing",2022,"Panini","Chronicles","Spectra Variations Interstellar Red","Martin Truex Jr.","Auto-Owners Insurance | Joe Gibbs Racing | Toyota","Driver",37,49
"Racing",2022,"Panini","Chronicles","Spectra Variations Interstellar Red","Joey Logano","Shell-Pennzoil | Team Penske | Ford","Driver",39,49
"Racing",2022,"Panini","Chronicles","Spectra Variations Interstellar Red","Jeff Gordon/Jeff Gordon","AARP | Hendrick Motorsports | Chevrolet/Pepsi | Hendrick Motorsports | Chevrolet","Driver/Driver",42,49
"Racing",2022,"Panini","Chronicles","Spectra Variations Interstellar Red","Jade Buford","Big Machine Racing","Driver",43,49
"Racing",2022,"Panini","Chronicles","Spectra Variations Interstellar Red","Chase Elliott/Chase Elliott","ASHOC | Hendrick Motorsports | Chevrolet/Llumar | Hendrick Motorsports | Chevrolet","Driver/Driver",54,49
"Racing",2022,"Panini","Chronicles","Spectra Variations Interstellar Red","Kevin Harvick","Mobil 1 | Stewart-Haas Racing | Ford","Driver",58,49
"Racing",2022,"Panini","Chronicles","Spectra Variations Meta Pink","Kyle Larson","Hendrickcars.com | Hendrick Motorsports | Chevrolet","Driver",6,25
"Racing",2022,"Panini","Chronicles","Spectra Variations Meta Pink","William Byron","Liberty University | Hendrick Motorsports | Chevrolet","Driver",8,25
"Racing",2022,"Panini","Chronicles","Spectra Variations Meta Pink","Kyle Busch","Skittles | Joe Gibbs Racing | Toyota","Driver",11,25
"Racing",2022,"Panini","Chronicles","Spectra Variations Meta Pink","Bubba Wallace","DoorDash | 23XI Racing | Toyota","Driver",13,25
"Racing",2022,"Panini","Chronicles","Spectra Variations Meta Pink","Natalie Decker","Red Street Records | Our Motorsports | Chevrolet","Driver",17,25
"Racing",2022,"Panini","Chronicles","Spectra Variations Meta Pink","Ty Gibbs","Monster Energy | Joe Gibbs Racing | Toyota","Driver",18,25
"Racing",2022,"Panini","Chronicles","Spectra Variations Meta Pink","Hailie Deegan","Toter | DGR-Crosley | Ford","Driver",20,25
"Racing",2022,"Panini","Chronicles","Spectra Variations Meta Pink","Richard Petty","STP | Petty Enterprises | Plymouth","Driver",26,25
"Racing",2022,"Panini","Chronicles","Spectra Variations Meta Pink","Jimmie Johnson","Kobalt Tools | Hendrick Motorsports | Chevrolet","Driver",29,25
"Racing",2022,"Panini","Chronicles","Spectra Variations Meta Pink","Tony Stewart","Mobil 1 | Stewart-Haas Racing | Chevrolet","Driver",31,25
"Racing",2022,"Panini","Chronicles","Spectra Variations Meta Pink","Martin Truex Jr.","Auto-Owners Insurance | Joe Gibbs Racing | Toyota","Driver",37,25
"Racing",2022,"Panini","Chronicles","Spectra Variations Meta Pink","Joey Logano","Shell-Pennzoil | Team Penske | Ford","Driver",39,25
"Racing",2022,"Panini","Chronicles","Spectra Variations Meta Pink","Jeff Gordon/Jeff Gordon","Pepsi | Hendrick Motorsports | Chevrolet/AARP | Hendrick Motorsports | Chevrolet","Driver/Driver",42,25
"Racing",2022,"Panini","Chronicles","Spectra Variations Meta Pink","Jade Buford","Big Machine Racing","Driver",43,25
"Racing",2022,"Panini","Chronicles","Spectra Variations Meta Pink","Dale Earnhardt Jr/Dale Earnhardt Jr","AXALTA | Hendrick Motorsports | Chevrolet/Mountain Dew | Hendrick Motorsports | Chevrolet","Driver/Driver",50,25
"Racing",2022,"Panini","Chronicles","Spectra Variations Meta Pink","Chase Elliott/Chase Elliott","ASHOC | Hendrick Motorsports | Chevrolet/Llumar | Hendrick Motorsports | Chevrolet","Driver/Driver",54,25
"Racing",2022,"Panini","Chronicles","Spectra Variations Nebula","Kyle Larson","Hendrickcars.com | Hendrick Motorsports | Chevrolet","Driver",6,1
"Racing",2022,"Panini","Chronicles","Spectra Variations Nebula","William Byron","Liberty University | Hendrick Motorsports | Chevrolet","Driver",8,1
"Racing",2022,"Panini","Chronicles","Spectra Variations Nebula","Bubba Wallace","DoorDash | 23XI Racing | Toyota","Driver",13,1
"Racing",2022,"Panini","Chronicles","Spectra Variations Nebula","Natalie Decker","Red Street Records | Our Motorsports | Chevrolet","Driver",17,1
"Racing",2022,"Panini","Chronicles","Spectra Variations Nebula","Ty Gibbs","Monster Energy | Joe Gibbs Racing | Toyota","Driver",18,1
"Racing",2022,"Panini","Chronicles","Spectra Variations Nebula","Hailie Deegan","Toter | DGR-Crosley | Ford","Driver",20,1
"Racing",2022,"Panini","Chronicles","Spectra Variations Nebula","Richard Petty","STP | Petty Enterprises | Plymouth","Driver",26,1
"Racing",2022,"Panini","Chronicles","Spectra Variations Nebula","Jimmie Johnson","Kobalt Tools | Hendrick Motorsports | Chevrolet","Driver",29,1
"Racing",2022,"Panini","Chronicles","Spectra Variations Nebula","Tony Stewart","Mobil 1 | Stewart-Haas Racing | Chevrolet","Driver",31,1
"Racing",2022,"Panini","Chronicles","Spectra Variations Nebula","Martin Truex Jr.","Auto-Owners Insurance | Joe Gibbs Racing | Toyota","Driver",37,1
"Racing",2022,"Panini","Chronicles","Spectra Variations Nebula","Joey Logano","Shell-Pennzoil | Team Penske | Ford","Driver",39,1
"Racing",2022,"Panini","Chronicles","Spectra Variations Nebula","Jeff Gordon/Jeff Gordon","AARP | Hendrick Motorsports | Chevrolet/Pepsi | Hendrick Motorsports | Chevrolet","Driver/Driver",42,1
"Racing",2022,"Panini","Chronicles","Spectra Variations Nebula","Jade Buford","Big Machine Racing","Driver",43,1
"Racing",2022,"Panini","Chronicles","Spectra Variations Nebula","Dale Earnhardt Jr/Dale Earnhardt Jr","AXALTA | Hendrick Motorsports | Chevrolet/Mountain Dew | Hendrick Motorsports | Chevrolet","Driver/Driver",50,1
"Racing",2022,"Panini","Chronicles","Spectra Variations Nebula","Chase Elliott/Chase Elliott","Llumar | Hendrick Motorsports | Chevrolet/ASHOC | Hendrick Motorsports | Chevrolet","Driver/Driver",54,1
"Racing",2022,"Panini","Chronicles","Spectra Variations Nebula","Kevin Harvick","Mobil 1 | Stewart-Haas Racing | Ford","Driver",58,1
"Racing",2022,"Panini","Chronicles","Status Swatches","Chase Elliott","NAPA Auto Parts | Hendrick Motorsports | Chevrolet","Driver",1,
"Racing",2022,"Panini","Chronicles","Status Swatches","Kyle Busch","M&M's | Joe Gibbs Racing | Toyota","Driver",2,
"Racing",2022,"Panini","Chronicles","Status Swatches","Denny Hamlin","FedEx Express | Joe Gibbs Racing | Toyota","Driver",3,
"Racing",2022,"Panini","Chronicles","Status Swatches","Kevin Harvick","Hunt Brothers Pizza | Stewart-Haas Racing | Ford","Driver",4,
"Racing",2022,"Panini","Chronicles","Status Swatches","Kyle Larson","Hendrickcars.com | Hendrick Motorsports | Chevrolet","Driver",5,
"Racing",2022,"Panini","Chronicles","Status Swatches","William Byron","AXALTA | Hendrick Motorsports | Chevrolet","Driver",6,
"Racing",2022,"Panini","Chronicles","Status Swatches","Cole Custer","Haas Automation | Stewart-Haas Racing | Ford","Driver",7,
"Racing",2022,"Panini","Chronicles","Status Swatches","Erik Jones","RP Funding | Richard Petty Motorsports | Chevrolet","Driver",8,
"Racing",2022,"Panini","Chronicles","Status Swatches","Kurt Busch","Monster | 23XI Racing | Toyota","Driver",9,
"Racing",2022,"Panini","Chronicles","Status Swatches","Martin Truex Jr.","Bass Pro Shops | Joe Gibbs Racing | Toyota","Driver",10,
"Racing",2022,"Panini","Chronicles","Status Swatches Holo Gold","Chase Elliott","NAPA Auto Parts | Hendrick Motorsports | Chevrolet","Driver",1,10
"Racing",2022,"Panini","Chronicles","Status Swatches Holo Gold","Kyle Busch","M&M's | Joe Gibbs Racing | Toyota","Driver",2,10
"Racing",2022,"Panini","Chronicles","Status Swatches Holo Gold","Denny Hamlin","FedEx Express | Joe Gibbs Racing | Toyota","Driver",3,10
"Racing",2022,"Panini","Chronicles","Status Swatches Holo Gold","Kevin Harvick","Hunt Brothers Pizza | Stewart-Haas Racing | Ford","Driver",4,10
"Racing",2022,"Panini","Chronicles","Status Swatches Holo Gold","Kyle Larson","Hendrickcars.com | Hendrick Motorsports | Chevrolet","Driver",5,3
"Racing",2022,"Panini","Chronicles","Status Swatches Holo Gold","William Byron","AXALTA | Hendrick Motorsports | Chevrolet","Driver",6,10
"Racing",2022,"Panini","Chronicles","Status Swatches Holo Gold","Cole Custer","Haas Automation | Stewart-Haas Racing | Ford","Driver",7,10
"Racing",2022,"Panini","Chronicles","Status Swatches Holo Gold","Kurt Busch","Monster | 23XI Racing | Toyota","Driver",9,10
"Racing",2022,"Panini","Chronicles","Status Swatches Holo Gold","Martin Truex Jr.","Bass Pro Shops | Joe Gibbs Racing | Toyota","Driver",10,10
"Racing",2022,"Panini","Chronicles","Status Swatches Holo Platinum Blue","Chase Elliott","NAPA Auto Parts | Hendrick Motorsports | Chevrolet","Driver",1,1
"Racing",2022,"Panini","Chronicles","Status Swatches Holo Platinum Blue","Kyle Busch","M&M's | Joe Gibbs Racing | Toyota","Driver",2,1
"Racing",2022,"Panini","Chronicles","Status Swatches Holo Platinum Blue","Denny Hamlin","FedEx Express | Joe Gibbs Racing | Toyota","Driver",3,1
"Racing",2022,"Panini","Chronicles","Status Swatches Holo Platinum Blue","Kyle Larson","Hendrickcars.com | Hendrick Motorsports | Chevrolet","Driver",5,1
"Racing",2022,"Panini","Chronicles","Status Swatches Holo Platinum Blue","William Byron","AXALTA | Hendrick Motorsports | Chevrolet","Driver",6,1
"Racing",2022,"Panini","Chronicles","Status Swatches Holo Platinum Blue","Erik Jones","RP Funding | Richard Petty Motorsports | Chevrolet","Driver",8,1
"Racing",2022,"Panini","Chronicles","Status Swatches Holo Platinum Blue","Kurt Busch","Monster | 23XI Racing | Toyota","Driver",9,1
"Racing",2022,"Panini","Chronicles","Status Swatches Holo Platinum Blue","Martin Truex Jr.","Bass Pro Shops | Joe Gibbs Racing | Toyota","Driver",10,1
"Racing",2022,"Panini","Chronicles","Status Swatches Holo Silver","Chase Elliott","NAPA Auto Parts | Hendrick Motorsports | Chevrolet","Driver",1,25
"Racing",2022,"Panini","Chronicles","Status Swatches Holo Silver","Kyle Busch","M&M's | Joe Gibbs Racing | Toyota","Driver",2,25
"Racing",2022,"Panini","Chronicles","Status Swatches Holo Silver","Denny Hamlin","FedEx Express | Joe Gibbs Racing | Toyota","Driver",3,25
"Racing",2022,"Panini","Chronicles","Status Swatches Holo Silver","Kyle Larson","Hendrickcars.com | Hendrick Motorsports | Chevrolet","Driver",5,25
"Racing",2022,"Panini","Chronicles","Status Swatches Holo Silver","William Byron","AXALTA | Hendrick Motorsports | Chevrolet","Driver",6,25
"Racing",2022,"Panini","Chronicles","Status Swatches Holo Silver","Erik Jones","RP Funding | Richard Petty Motorsports | Chevrolet","Driver",8,25
"Racing",2022,"Panini","Chronicles","Status Swatches Holo Silver","Kurt Busch","Monster | 23XI Racing | Toyota","Driver",9,25
"Racing",2022,"Panini","Chronicles","Status Swatches Holo Silver","Martin Truex Jr.","Bass Pro Shops | Joe Gibbs Racing | Toyota","Driver",10,25
"Racing",2022,"Panini","Chronicles","Status Swatches Laundry Tags","Chase Elliott","NAPA Auto Parts | Hendrick Motorsports | Chevrolet","Driver",1,1
"Racing",2022,"Panini","Chronicles","Status Swatches Laundry Tags","Kyle Busch","M&M's | Joe Gibbs Racing | Toyota","Driver",2,1
"Racing",2022,"Panini","Chronicles","Status Swatches Laundry Tags","Denny Hamlin","FedEx Express | Joe Gibbs Racing | Toyota","Driver",3,1
"Racing",2022,"Panini","Chronicles","Status Swatches Laundry Tags","Kevin Harvick","Hunt Brothers Pizza | Stewart-Haas Racing | Ford","Driver",4,1
"Racing",2022,"Panini","Chronicles","Status Swatches Laundry Tags","William Byron","AXALTA | Hendrick Motorsports | Chevrolet","Driver",6,1
"Racing",2022,"Panini","Chronicles","Status Swatches Laundry Tags","Cole Custer","Haas Automation | Stewart-Haas Racing | Ford","Driver",7,1
"Racing",2022,"Panini","Chronicles","Status Swatches Laundry Tags","Erik Jones","RP Funding | Richard Petty Motorsports | Chevrolet","Driver",8,1
"Racing",2022,"Panini","Chronicles","Status Swatches Laundry Tags","Kurt Busch","Monster | 23XI Racing | Toyota","Driver",9,1
"Racing",2022,"Panini","Chronicles","Status Swatches Laundry Tags","Martin Truex Jr.","Bass Pro Shops | Joe Gibbs Racing | Toyota","Driver",10,1
"Racing",2022,"Panini","Chronicles","Status Swatches Red","Chase Elliott","NAPA Auto Parts | Hendrick Motorsports | Chevrolet","Driver",1,49
"Racing",2022,"Panini","Chronicles","Status Swatches Red","Kyle Busch","M&M's | Joe Gibbs Racing | Toyota","Driver",2,49
"Racing",2022,"Panini","Chronicles","Status Swatches Red","Denny Hamlin","FedEx Express | Joe Gibbs Racing | Toyota","Driver",3,49
"Racing",2022,"Panini","Chronicles","Status Swatches Red","Kevin Harvick","Hunt Brothers Pizza | Stewart-Haas Racing | Ford","Driver",4,49
"Racing",2022,"Panini","Chronicles","Status Swatches Red","Kyle Larson","Hendrickcars.com | Hendrick Motorsports | Chevrolet","Driver",5,49
"Racing",2022,"Panini","Chronicles","Status Swatches Red","William Byron","AXALTA | Hendrick Motorsports | Chevrolet","Driver",6,49
"Racing",2022,"Panini","Chronicles","Status Swatches Red","Cole Custer","Haas Automation | Stewart-Haas Racing | Ford","Driver",7,49
"Racing",2022,"Panini","Chronicles","Status Swatches Red","Kurt Busch","Monster | 23XI Racing | Toyota","Driver",9,49
"Racing",2022,"Panini","Chronicles","Status Swatches Red","Martin Truex Jr.","Bass Pro Shops | Joe Gibbs Racing | Toyota","Driver",10,49
"Racing",2022,"Panini","Chronicles","Timeless Treasures","Aric Almirola","Smithfield Foods | Stewart-Haas Racing | Ford","Driver",1,
"Racing",2022,"Panini","Chronicles","Timeless Treasures","Tanner Gray","Ford Performance | DGR-Crosley | Ford","Driver",2,
"Racing",2022,"Panini","Chronicles","Timeless Treasures","Joey Logano","Shell-Pennzoil | Team Penske | Ford","Driver",3,
"Racing",2022,"Panini","Chronicles","Timeless Treasures","Kyle Larson","Hendrickcars.com | Hendrick Motorsports | Chevrolet","Driver",4,
"Racing",2022,"Panini","Chronicles","Timeless Treasures","Alex Bowman","Ally Financial | Hendrick Motorsports | Chevrolet","Driver",5,
"Racing",2022,"Panini","Chronicles","Timeless Treasures","Timmy Hill","RoofClaim.com | Carl Long Motorsports | Toyota","Driver",6,
"Racing",2022,"Panini","Chronicles","Timeless Treasures","Ryan Newman","Kohler Generators | Rousch Fenway Racing | Ford","Driver",7,
"Racing",2022,"Panini","Chronicles","Timeless Treasures","Ryan Blaney","Menards | Team Penske | Ford","Driver",8,
"Racing",2022,"Panini","Chronicles","Timeless Treasures","Kurt Busch","Monster | 23XI Racing | Toyota","Driver",9,
"Racing",2022,"Panini","Chronicles","Timeless Treasures","Hailie Deegan","Monster Energy | DGR-Crosley | Ford","Driver",11,
"Racing",2022,"Panini","Chronicles","Timeless Treasures","Vinnie Miller","UAP.org | B.J. McLeod Motorsports | Toyota","Driver",12,
"Racing",2022,"Panini","Chronicles","Timeless Treasures","Colby Howard","Gates Hydrolauics | McAnally-Hilgemann Racing | Chevrolet","Driver",13,
"Racing",2022,"Panini","Chronicles","Timeless Treasures","Kevin Harvick","Subway | Stewart-Haas Racing | Ford","Driver",14,
"Racing",2022,"Panini","Chronicles","Timeless Treasures","Jesse Little","Shriners | Young's Motorsports | Chevrolet","Driver",15,
"Racing",2022,"Panini","Chronicles","Timeless Treasures","Matt DiBenedetto","Rackley Roofing | Rackley WAR | Chevrolet","Driver",16,
"Racing",2022,"Panini","Chronicles","Timeless Treasures","Martin Truex Jr.","Bass Pro Shops | Joe Gibbs Racing | Toyota","Driver",17,
"Racing",2022,"Panini","Chronicles","Timeless Treasures","Austin Hill","Bennett | Richard Childress Racing | Chevrolet","Driver",19,
"Racing",2022,"Panini","Chronicles","Timeless Treasures","Jeff Gordon","DuPont | Hendrick Motorsports | Chevrolet","Driver",20,
"Racing",2022,"Panini","Chronicles","Timeless Treasures Autographs","Tanner Gray","Ford Performance | DGR-Crosley | Ford","Driver",2,
"Racing",2022,"Panini","Chronicles","Timeless Treasures Autographs","Joey Logano","Shell-Pennzoil | Team Penske | Ford","Driver",3,
"Racing",2022,"Panini","Chronicles","Timeless Treasures Autographs","Alex Bowman","Ally Financial | Hendrick Motorsports | Chevrolet","Driver",5,
"Racing",2022,"Panini","Chronicles","Timeless Treasures Autographs","Timmy Hill","RoofClaim.com | Carl Long Motorsports | Toyota","Driver",6,
"Racing",2022,"Panini","Chronicles","Timeless Treasures Autographs","Hailie Deegan","Monster Energy | DGR-Crosley | Ford","Driver",11,
"Racing",2022,"Panini","Chronicles","Timeless Treasures Autographs","Colby Howard","Gates Hydrolauics | McAnally-Hilgemann Racing | Chevrolet","Driver",13,
"Racing",2022,"Panini","Chronicles","Timeless Treasures Autographs","Kevin Harvick","Subway | Stewart-Haas Racing | Ford","Driver",14,
"Racing",2022,"Panini","Chronicles","Timeless Treasures Autographs","Jesse Little","Shriners | Young's Motorsports | Chevrolet","Driver",15,
"Racing",2022,"Panini","Chronicles","Timeless Treasures Autographs","Matt DiBenedetto","Rackley Roofing | Rackley WAR | Chevrolet","Driver",16,
"Racing",2022,"Panini","Chronicles","Timeless Treasures Autographs","Austin Hill","Bennett | Richard Childress Racing | Chevrolet","Driver",19,
"Racing",2022,"Panini","Chronicles","Timeless Treasures Autographs Black","Aric Almirola","Smithfield Foods | Stewart-Haas Racing | Ford","Driver",1,1
"Racing",2022,"Panini","Chronicles","Timeless Treasures Autographs Black","Tanner Gray","Ford Performance | DGR-Crosley | Ford","Driver",2,1
"Racing",2022,"Panini","Chronicles","Timeless Treasures Autographs Black","Joey Logano","Shell-Pennzoil | Team Penske | Ford","Driver",3,1
"Racing",2022,"Panini","Chronicles","Timeless Treasures Autographs Black","Kyle Larson","Hendrickcars.com | Hendrick Motorsports | Chevrolet","Driver",4,1
"Racing",2022,"Panini","Chronicles","Timeless Treasures Autographs Black","Timmy Hill","RoofClaim.com | Carl Long Motorsports | Toyota","Driver",6,1
"Racing",2022,"Panini","Chronicles","Timeless Treasures Autographs Black","Ryan Newman","Kohler Generators | Rousch Fenway Racing | Ford","Driver",7,1
"Racing",2022,"Panini","Chronicles","Timeless Treasures Autographs Black","Kurt Busch","Monster | 23XI Racing | Toyota","Driver",9,1
"Racing",2022,"Panini","Chronicles","Timeless Treasures Autographs Black","Chase Elliott","NAPA Auto Parts | Hendrick Motorsports | Chevrolet","Driver",10,1
"Racing",2022,"Panini","Chronicles","Timeless Treasures Autographs Black","Hailie Deegan","Monster Energy | DGR-Crosley | Ford","Driver",11,1
"Racing",2022,"Panini","Chronicles","Timeless Treasures Autographs Black","Colby Howard","Gates Hydrolauics | McAnally-Hilgemann Racing | Chevrolet","Driver",13,1
"Racing",2022,"Panini","Chronicles","Timeless Treasures Autographs Black","Kevin Harvick","Subway | Stewart-Haas Racing | Ford","Driver",14,1
"Racing",2022,"Panini","Chronicles","Timeless Treasures Autographs Black","Jesse Little","Shriners | Young's Motorsports | Chevrolet","Driver",15,1
"Racing",2022,"Panini","Chronicles","Timeless Treasures Autographs Black","Matt DiBenedetto","Rackley Roofing | Rackley WAR | Chevrolet","Driver",16,1
"Racing",2022,"Panini","Chronicles","Timeless Treasures Autographs Black","Martin Truex Jr.","Bass Pro Shops | Joe Gibbs Racing | Toyota","Driver",17,1
"Racing",2022,"Panini","Chronicles","Timeless Treasures Autographs Black","Tony Stewart","Bass Pro Shops | Stewart-Haas Racing | Chevrolet","Driver",18,1
"Racing",2022,"Panini","Chronicles","Timeless Treasures Autographs Black","Austin Hill","Bennett | Richard Childress Racing | Chevrolet","Driver",19,1
"Racing",2022,"Panini","Chronicles","Timeless Treasures Autographs Black","Jeff Gordon","DuPont | Hendrick Motorsports | Chevrolet","Driver",20,1
"Racing",2022,"Panini","Chronicles","Timeless Treasures Autographs Gold","Aric Almirola","Smithfield Foods | Stewart-Haas Racing | Ford","Driver",1,10
"Racing",2022,"Panini","Chronicles","Timeless Treasures Autographs Gold","Joey Logano","Shell-Pennzoil | Team Penske | Ford","Driver",3,10
"Racing",2022,"Panini","Chronicles","Timeless Treasures Autographs Gold","Kyle Larson","Hendrickcars.com | Hendrick Motorsports | Chevrolet","Driver",4,5
"Racing",2022,"Panini","Chronicles","Timeless Treasures Autographs Gold","Alex Bowman","Ally Financial | Hendrick Motorsports | Chevrolet","Driver",5,5
"Racing",2022,"Panini","Chronicles","Timeless Treasures Autographs Gold","Timmy Hill","RoofClaim.com | Carl Long Motorsports | Toyota","Driver",6,10
"Racing",2022,"Panini","Chronicles","Timeless Treasures Autographs Gold","Ryan Newman","Kohler Generators | Rousch Fenway Racing | Ford","Driver",7,5
"Racing",2022,"Panini","Chronicles","Timeless Treasures Autographs Gold","Ryan Blaney","Menards | Team Penske | Ford","Driver",8,5
"Racing",2022,"Panini","Chronicles","Timeless Treasures Autographs Gold","Kurt Busch","Monster | 23XI Racing | Toyota","Driver",9,5
"Racing",2022,"Panini","Chronicles","Timeless Treasures Autographs Gold","Chase Elliott","NAPA Auto Parts | Hendrick Motorsports | Chevrolet","Driver",10,8
"Racing",2022,"Panini","Chronicles","Timeless Treasures Autographs Gold","Hailie Deegan","Monster Energy | DGR-Crosley | Ford","Driver",11,10
"Racing",2022,"Panini","Chronicles","Timeless Treasures Autographs Gold","Colby Howard","Gates Hydrolauics | McAnally-Hilgemann Racing | Chevrolet","Driver",13,10
"Racing",2022,"Panini","Chronicles","Timeless Treasures Autographs Gold","Kevin Harvick","Subway | Stewart-Haas Racing | Ford","Driver",14,4
"Racing",2022,"Panini","Chronicles","Timeless Treasures Autographs Gold","Jesse Little","Shriners | Young's Motorsports | Chevrolet","Driver",15,10
"Racing",2022,"Panini","Chronicles","Timeless Treasures Autographs Gold","Matt DiBenedetto","Rackley Roofing | Rackley WAR | Chevrolet","Driver",16,10
"Racing",2022,"Panini","Chronicles","Timeless Treasures Autographs Gold","Martin Truex Jr.","Bass Pro Shops | Joe Gibbs Racing | Toyota","Driver",17,5
"Racing",2022,"Panini","Chronicles","Timeless Treasures Autographs Gold","Tony Stewart","Bass Pro Shops | Stewart-Haas Racing | Chevrolet","Driver",18,5
"Racing",2022,"Panini","Chronicles","Timeless Treasures Autographs Gold","Austin Hill","Bennett | Richard Childress Racing | Chevrolet","Driver",19,10
"Racing",2022,"Panini","Chronicles","Timeless Treasures Autographs Purple","Aric Almirola","Smithfield Foods | Stewart-Haas Racing | Ford","Driver",1,25
"Racing",2022,"Panini","Chronicles","Timeless Treasures Autographs Purple","Joey Logano","Shell-Pennzoil | Team Penske | Ford","Driver",3,22
"Racing",2022,"Panini","Chronicles","Timeless Treasures Autographs Purple","Kyle Larson","Hendrickcars.com | Hendrick Motorsports | Chevrolet","Driver",4,10
"Racing",2022,"Panini","Chronicles","Timeless Treasures Autographs Purple","Alex Bowman","Ally Financial | Hendrick Motorsports | Chevrolet","Driver",5,10
"Racing",2022,"Panini","Chronicles","Timeless Treasures Autographs Purple","Timmy Hill","RoofClaim.com | Carl Long Motorsports | Toyota","Driver",6,25
"Racing",2022,"Panini","Chronicles","Timeless Treasures Autographs Purple","Ryan Newman","Kohler Generators | Rousch Fenway Racing | Ford","Driver",7,10
"Racing",2022,"Panini","Chronicles","Timeless Treasures Autographs Purple","Ryan Blaney","Menards | Team Penske | Ford","Driver",8,10
"Racing",2022,"Panini","Chronicles","Timeless Treasures Autographs Purple","Kurt Busch","Monster | 23XI Racing | Toyota","Driver",9,10
"Racing",2022,"Panini","Chronicles","Timeless Treasures Autographs Purple","Chase Elliott","NAPA Auto Parts | Hendrick Motorsports | Chevrolet","Driver",10,10
"Racing",2022,"Panini","Chronicles","Timeless Treasures Autographs Purple","Hailie Deegan","Monster Energy | DGR-Crosley | Ford","Driver",11,25
"Racing",2022,"Panini","Chronicles","Timeless Treasures Autographs Purple","Colby Howard","Gates Hydrolauics | McAnally-Hilgemann Racing | Chevrolet","Driver",13,25
"Racing",2022,"Panini","Chronicles","Timeless Treasures Autographs Purple","Kevin Harvick","Subway | Stewart-Haas Racing | Ford","Driver",14,5
"Racing",2022,"Panini","Chronicles","Timeless Treasures Autographs Purple","Jesse Little","Shriners | Young's Motorsports | Chevrolet","Driver",15,25
"Racing",2022,"Panini","Chronicles","Timeless Treasures Autographs Purple","Matt DiBenedetto","Rackley Roofing | Rackley WAR | Chevrolet","Driver",16,25
"Racing",2022,"Panini","Chronicles","Timeless Treasures Autographs Purple","Austin Hill","Bennett | Richard Childress Racing | Chevrolet","Driver",19,25
"Racing",2022,"Panini","Chronicles","Timeless Treasures Black","Aric Almirola","Smithfield Foods | Stewart-Haas Racing | Ford","Driver",1,1
"Racing",2022,"Panini","Chronicles","Timeless Treasures Black","Joey Logano","Shell-Pennzoil | Team Penske | Ford","Driver",3,1
"Racing",2022,"Panini","Chronicles","Timeless Treasures Black","Kyle Larson","Hendrickcars.com | Hendrick Motorsports | Chevrolet","Driver",4,1
"Racing",2022,"Panini","Chronicles","Timeless Treasures Black","Alex Bowman","Ally Financial | Hendrick Motorsports | Chevrolet","Driver",5,1
"Racing",2022,"Panini","Chronicles","Timeless Treasures Black","Timmy Hill","RoofClaim.com | Carl Long Motorsports | Toyota","Driver",6,1
"Racing",2022,"Panini","Chronicles","Timeless Treasures Black","Ryan Newman","Kohler Generators | Rousch Fenway Racing | Ford","Driver",7,1
"Racing",2022,"Panini","Chronicles","Timeless Treasures Black","Ryan Blaney","Menards | Team Penske | Ford","Driver",8,1
"Racing",2022,"Panini","Chronicles","Timeless Treasures Black","Kurt Busch","Monster | 23XI Racing | Toyota","Driver",9,1
"Racing",2022,"Panini","Chronicles","Timeless Treasures Black","Chase Elliott","NAPA Auto Parts | Hendrick Motorsports | Chevrolet","Driver",10,1
"Racing",2022,"Panini","Chronicles","Timeless Treasures Black","Hailie Deegan","Monster Energy | DGR-Crosley | Ford","Driver",11,1
"Racing",2022,"Panini","Chronicles","Timeless Treasures Black","Vinnie Miller","UAP.org | B.J. McLeod Motorsports | Toyota","Driver",12,1
"Racing",2022,"Panini","Chronicles","Timeless Treasures Black","Colby Howard","Gates Hydrolauics | McAnally-Hilgemann Racing | Chevrolet","Driver",13,1
"Racing",2022,"Panini","Chronicles","Timeless Treasures Black","Kevin Harvick","Subway | Stewart-Haas Racing | Ford","Driver",14,1
"Racing",2022,"Panini","Chronicles","Timeless Treasures Black","Jesse Little","Shriners | Young's Motorsports | Chevrolet","Driver",15,1
"Racing",2022,"Panini","Chronicles","Timeless Treasures Black","Matt DiBenedetto","Rackley Roofing | Rackley WAR | Chevrolet","Driver",16,1
"Racing",2022,"Panini","Chronicles","Timeless Treasures Black","Martin Truex Jr.","Bass Pro Shops | Joe Gibbs Racing | Toyota","Driver",17,1
"Racing",2022,"Panini","Chronicles","Timeless Treasures Black","Tony Stewart","Bass Pro Shops | Stewart-Haas Racing | Chevrolet","Driver",18,1
"Racing",2022,"Panini","Chronicles","Timeless Treasures Black","Austin Hill","Bennett | Richard Childress Racing | Chevrolet","Driver",19,1
"Racing",2022,"Panini","Chronicles","Timeless Treasures Black","Jeff Gordon","DuPont | Hendrick Motorsports | Chevrolet","Driver",20,1
"Racing",2022,"Panini","Chronicles","Timeless Treasures Blue","Aric Almirola","Smithfield Foods | Stewart-Haas Racing | Ford","Driver",1,199
"Racing",2022,"Panini","Chronicles","Timeless Treasures Blue","Tanner Gray","Ford Performance | DGR-Crosley | Ford","Driver",2,199
"Racing",2022,"Panini","Chronicles","Timeless Treasures Blue","Joey Logano","Shell-Pennzoil | Team Penske | Ford","Driver",3,199
"Racing",2022,"Panini","Chronicles","Timeless Treasures Blue","Kyle Larson","Hendrickcars.com | Hendrick Motorsports | Chevrolet","Driver",4,199
"Racing",2022,"Panini","Chronicles","Timeless Treasures Blue","Alex Bowman","Ally Financial | Hendrick Motorsports | Chevrolet","Driver",5,199
"Racing",2022,"Panini","Chronicles","Timeless Treasures Blue","Timmy Hill","RoofClaim.com | Carl Long Motorsports | Toyota","Driver",6,199
"Racing",2022,"Panini","Chronicles","Timeless Treasures Blue","Ryan Newman","Kohler Generators | Rousch Fenway Racing | Ford","Driver",7,199
"Racing",2022,"Panini","Chronicles","Timeless Treasures Blue","Ryan Blaney","Menards | Team Penske | Ford","Driver",8,199
"Racing",2022,"Panini","Chronicles","Timeless Treasures Blue","Kurt Busch","Monster | 23XI Racing | Toyota","Driver",9,199
"Racing",2022,"Panini","Chronicles","Timeless Treasures Blue","Chase Elliott","NAPA Auto Parts | Hendrick Motorsports | Chevrolet","Driver",10,199
"Racing",2022,"Panini","Chronicles","Timeless Treasures Blue","Hailie Deegan","Monster Energy | DGR-Crosley | Ford","Driver",11,199
"Racing",2022,"Panini","Chronicles","Timeless Treasures Blue","Vinnie Miller","UAP.org | B.J. McLeod Motorsports | Toyota","Driver",12,199
"Racing",2022,"Panini","Chronicles","Timeless Treasures Blue","Kevin Harvick","Subway | Stewart-Haas Racing | Ford","Driver",14,199
"Racing",2022,"Panini","Chronicles","Timeless Treasures Blue","Jesse Little","Shriners | Young's Motorsports | Chevrolet","Driver",15,199
"Racing",2022,"Panini","Chronicles","Timeless Treasures Blue","Matt DiBenedetto","Rackley Roofing | Rackley WAR | Chevrolet","Driver",16,199
"Racing",2022,"Panini","Chronicles","Timeless Treasures Blue","Martin Truex Jr.","Bass Pro Shops | Joe Gibbs Racing | Toyota","Driver",17,199
"Racing",2022,"Panini","Chronicles","Timeless Treasures Blue","Tony Stewart","Bass Pro Shops | Stewart-Haas Racing | Chevrolet","Driver",18,199
"Racing",2022,"Panini","Chronicles","Timeless Treasures Blue","Austin Hill","Bennett | Richard Childress Racing | Chevrolet","Driver",19,199
"Racing",2022,"Panini","Chronicles","Timeless Treasures Blue","Jeff Gordon","DuPont | Hendrick Motorsports | Chevrolet","Driver",20,199
"Racing",2022,"Panini","Chronicles","Timeless Treasures Gold","Aric Almirola","Smithfield Foods | Stewart-Haas Racing | Ford","Driver",1,10
"Racing",2022,"Panini","Chronicles","Timeless Treasures Gold","Tanner Gray","Ford Performance | DGR-Crosley | Ford","Driver",2,10
"Racing",2022,"Panini","Chronicles","Timeless Treasures Gold","Joey Logano","Shell-Pennzoil | Team Penske | Ford","Driver",3,10
"Racing",2022,"Panini","Chronicles","Timeless Treasures Gold","Kyle Larson","Hendrickcars.com | Hendrick Motorsports | Chevrolet","Driver",4,10
"Racing",2022,"Panini","Chronicles","Timeless Treasures Gold","Alex Bowman","Ally Financial | Hendrick Motorsports | Chevrolet","Driver",5,10
"Racing",2022,"Panini","Chronicles","Timeless Treasures Gold","Timmy Hill","RoofClaim.com | Carl Long Motorsports | Toyota","Driver",6,10
"Racing",2022,"Panini","Chronicles","Timeless Treasures Gold","Ryan Newman","Kohler Generators | Rousch Fenway Racing | Ford","Driver",7,10
"Racing",2022,"Panini","Chronicles","Timeless Treasures Gold","Ryan Blaney","Menards | Team Penske | Ford","Driver",8,10
"Racing",2022,"Panini","Chronicles","Timeless Treasures Gold","Kurt Busch","Monster | 23XI Racing | Toyota","Driver",9,10
"Racing",2022,"Panini","Chronicles","Timeless Treasures Gold","Chase Elliott","NAPA Auto Parts | Hendrick Motorsports | Chevrolet","Driver",10,10
"Racing",2022,"Panini","Chronicles","Timeless Treasures Gold","Hailie Deegan","Monster Energy | DGR-Crosley | Ford","Driver",11,10
"Racing",2022,"Panini","Chronicles","Timeless Treasures Gold","Vinnie Miller","UAP.org | B.J. McLeod Motorsports | Toyota","Driver",12,10
"Racing",2022,"Panini","Chronicles","Timeless Treasures Gold","Colby Howard","Gates Hydrolauics | McAnally-Hilgemann Racing | Chevrolet","Driver",13,10
"Racing",2022,"Panini","Chronicles","Timeless Treasures Gold","Kevin Harvick","Subway | Stewart-Haas Racing | Ford","Driver",14,10
"Racing",2022,"Panini","Chronicles","Timeless Treasures Gold","Jesse Little","Shriners | Young's Motorsports | Chevrolet","Driver",15,10
"Racing",2022,"Panini","Chronicles","Timeless Treasures Gold","Matt DiBenedetto","Rackley Roofing | Rackley WAR | Chevrolet","Driver",16,10
"Racing",2022,"Panini","Chronicles","Timeless Treasures Gold","Martin Truex Jr.","Bass Pro Shops | Joe Gibbs Racing | Toyota","Driver",17,10
"Racing",2022,"Panini","Chronicles","Timeless Treasures Gold","Tony Stewart","Bass Pro Shops | Stewart-Haas Racing | Chevrolet","Driver",18,10
"Racing",2022,"Panini","Chronicles","Timeless Treasures Gold","Jeff Gordon","DuPont | Hendrick Motorsports | Chevrolet","Driver",20,10
"Racing",2022,"Panini","Chronicles","Timeless Treasures Purple","Aric Almirola","Smithfield Foods | Stewart-Haas Racing | Ford","Driver",1,25
"Racing",2022,"Panini","Chronicles","Timeless Treasures Purple","Tanner Gray","Ford Performance | DGR-Crosley | Ford","Driver",2,25
"Racing",2022,"Panini","Chronicles","Timeless Treasures Purple","Joey Logano","Shell-Pennzoil | Team Penske | Ford","Driver",3,25
"Racing",2022,"Panini","Chronicles","Timeless Treasures Purple","Kyle Larson","Hendrickcars.com | Hendrick Motorsports | Chevrolet","Driver",4,25
"Racing",2022,"Panini","Chronicles","Timeless Treasures Purple","Alex Bowman","Ally Financial | Hendrick Motorsports | Chevrolet","Driver",5,25
"Racing",2022,"Panini","Chronicles","Timeless Treasures Purple","Timmy Hill","RoofClaim.com | Carl Long Motorsports | Toyota","Driver",6,25
"Racing",2022,"Panini","Chronicles","Timeless Treasures Purple","Ryan Newman","Kohler Generators | Rousch Fenway Racing | Ford","Driver",7,25
"Racing",2022,"Panini","Chronicles","Timeless Treasures Purple","Ryan Blaney","Menards | Team Penske | Ford","Driver",8,25
"Racing",2022,"Panini","Chronicles","Timeless Treasures Purple","Kurt Busch","Monster | 23XI Racing | Toyota","Driver",9,25
"Racing",2022,"Panini","Chronicles","Timeless Treasures Purple","Chase Elliott","NAPA Auto Parts | Hendrick Motorsports | Chevrolet","Driver",10,25
"Racing",2022,"Panini","Chronicles","Timeless Treasures Purple","Hailie Deegan","Monster Energy | DGR-Crosley | Ford","Driver",11,25
"Racing",2022,"Panini","Chronicles","Timeless Treasures Purple","Vinnie Miller","UAP.org | B.J. McLeod Motorsports | Toyota","Driver",12,25
"Racing",2022,"Panini","Chronicles","Timeless Treasures Purple","Colby Howard","Gates Hydrolauics | McAnally-Hilgemann Racing | Chevrolet","Driver",13,25
"Racing",2022,"Panini","Chronicles","Timeless Treasures Purple","Kevin Harvick","Subway | Stewart-Haas Racing | Ford","Driver",14,25
"Racing",2022,"Panini","Chronicles","Timeless Treasures Purple","Jesse Little","Shriners | Young's Motorsports | Chevrolet","Driver",15,25
"Racing",2022,"Panini","Chronicles","Timeless Treasures Purple","Matt DiBenedetto","Rackley Roofing | Rackley WAR | Chevrolet","Driver",16,25
"Racing",2022,"Panini","Chronicles","Timeless Treasures Purple","Martin Truex Jr.","Bass Pro Shops | Joe Gibbs Racing | Toyota","Driver",17,25
"Racing",2022,"Panini","Chronicles","Timeless Treasures Purple","Tony Stewart","Bass Pro Shops | Stewart-Haas Racing | Chevrolet","Driver",18,25
"Racing",2022,"Panini","Chronicles","Timeless Treasures Purple","Austin Hill","Bennett | Richard Childress Racing | Chevrolet","Driver",19,25
"Racing",2022,"Panini","Chronicles","Timeless Treasures Purple","Jeff Gordon","DuPont | Hendrick Motorsports | Chevrolet","Driver",20,25
"Racing",2022,"Panini","Chronicles","Timeless Treasures Red","Aric Almirola","Smithfield Foods | Stewart-Haas Racing | Ford","Driver",1,99
"Racing",2022,"Panini","Chronicles","Timeless Treasures Red","Tanner Gray","Ford Performance | DGR-Crosley | Ford","Driver",2,99
"Racing",2022,"Panini","Chronicles","Timeless Treasures Red","Joey Logano","Shell-Pennzoil | Team Penske | Ford","Driver",3,99
"Racing",2022,"Panini","Chronicles","Timeless Treasures Red","Kyle Larson","Hendrickcars.com | Hendrick Motorsports | Chevrolet","Driver",4,99
"Racing",2022,"Panini","Chronicles","Timeless Treasures Red","Alex Bowman","Ally Financial | Hendrick Motorsports | Chevrolet","Driver",5,99
"Racing",2022,"Panini","Chronicles","Timeless Treasures Red","Timmy Hill","RoofClaim.com | Carl Long Motorsports | Toyota","Driver",6,99
"Racing",2022,"Panini","Chronicles","Timeless Treasures Red","Ryan Newman","Kohler Generators | Rousch Fenway Racing | Ford","Driver",7,99
"Racing",2022,"Panini","Chronicles","Timeless Treasures Red","Ryan Blaney","Menards | Team Penske | Ford","Driver",8,99
"Racing",2022,"Panini","Chronicles","Timeless Treasures Red","Kurt Busch","Monster | 23XI Racing | Toyota","Driver",9,99
"Racing",2022,"Panini","Chronicles","Timeless Treasures Red","Chase Elliott","NAPA Auto Parts | Hendrick Motorsports | Chevrolet","Driver",10,99
"Racing",2022,"Panini","Chronicles","Timeless Treasures Red","Hailie Deegan","Monster Energy | DGR-Crosley | Ford","Driver",11,99
"Racing",2022,"Panini","Chronicles","Timeless Treasures Red","Vinnie Miller","UAP.org | B.J. McLeod Motorsports | Toyota","Driver",12,99
"Racing",2022,"Panini","Chronicles","Timeless Treasures Red","Colby Howard","Gates Hydrolauics | McAnally-Hilgemann Racing | Chevrolet","Driver",13,99
"Racing",2022,"Panini","Chronicles","Timeless Treasures Red","Kevin Harvick","Subway | Stewart-Haas Racing | Ford","Driver",14,99
"Racing",2022,"Panini","Chronicles","Timeless Treasures Red","Jesse Little","Shriners | Young's Motorsports | Chevrolet","Driver",15,99
"Racing",2022,"Panini","Chronicles","Timeless Treasures Red","Matt DiBenedetto","Rackley Roofing | Rackley WAR | Chevrolet","Driver",16,99
"Racing",2022,"Panini","Chronicles","Timeless Treasures Red","Martin Truex Jr.","Bass Pro Shops | Joe Gibbs Racing | Toyota","Driver",17,99
"Racing",2022,"Panini","Chronicles","Timeless Treasures Red","Tony Stewart","Bass Pro Shops | Stewart-Haas Racing | Chevrolet","Driver",18,99
"Racing",2022,"Panini","Chronicles","Timeless Treasures Red","Austin Hill","Bennett | Richard Childress Racing | Chevrolet","Driver",19,99
"Racing",2022,"Panini","Chronicles","Timeless Treasures Red","Jeff Gordon","DuPont | Hendrick Motorsports | Chevrolet","Driver",20,99
"Racing",2022,"Panini","Chronicles","Titanium","Tyler Reddick","3CHI | Richard Childress Racing | Chevrolet","Driver",1,
"Racing",2022,"Panini","Chronicles","Titanium","Justin Allgaier","Brandt | JR Motorsports | Chevrolet","Driver",3,
"Racing",2022,"Panini","Chronicles","Titanium","Stefan Parsons","Sokal Digital | B.J. McLeod Motorsports | Chevrolet","Driver",4,
"Racing",2022,"Panini","Chronicles","Titanium","Kyle Busch","M&M's | Joe Gibbs Racing | Toyota","Driver",5,
"Racing",2022,"Panini","Chronicles","Titanium","Richard Petty","STP | Petty Enterprises | Plymouth","Driver",6,
"Racing",2022,"Panini","Chronicles","Titanium","Garrett Smithley","Nurtec | Rick Ware Racing | Ford","Driver",7,
"Racing",2022,"Panini","Chronicles","Titanium","Danica Patrick","GoDaddy.com | Premium Motorsports | Chevrolet","Driver",8,
"Racing",2022,"Panini","Chronicles","Titanium","Ryan Vargas","Swann | JD Motorsports | Chevrolet","Driver",9,
"Racing",2022,"Panini","Chronicles","Titanium","Aric Almirola","Smithfield Foods | Stewart-Haas Racing | Ford","Driver",10,
"Racing",2022,"Panini","Chronicles","Titanium","Erik Jones","Focus Factor | Petty GMS | Chevrolet","Driver",11,
"Racing",2022,"Panini","Chronicles","Titanium","Brandon Brown","TradetheChain | Brandonbilt Motorsports | Chevrolet","Driver",12,
"Racing",2022,"Panini","Chronicles","Titanium","Kevin Harvick","Hunt Brothers Pizza | Stewart-Haas Racing | Ford","Driver",13,
"Racing",2022,"Panini","Chronicles","Titanium","Thad Moffitt","Empire Racing Group","Driver",14,
"Racing",2022,"Panini","Chronicles","Titanium","Dale Earnhardt Jr","National Guard | Hendrick Motorsports | Chevrolet","Driver",15,
"Racing",2022,"Panini","Chronicles","Titanium","Ryan Newman","Kohler Generators | Rousch Fenway Racing | Ford","Driver",17,
"Racing",2022,"Panini","Chronicles","Titanium","Jeff Gordon","DuPont | Hendrick Motorsports | Chevrolet","Driver",19,
"Racing",2022,"Panini","Chronicles","Titanium","Kyle Larson","Hendrickcars.com | Hendrick Motorsports | Chevrolet","Driver",20,
"Racing",2022,"Panini","Chronicles","Titanium Autographs","Tyler Reddick","3CHI | Richard Childress Racing | Chevrolet","Driver",1,
"Racing",2022,"Panini","Chronicles","Titanium Autographs","Bubba Wallace","McDonald's | 23XI Racing | Toyota","Driver",2,
"Racing",2022,"Panini","Chronicles","Titanium Autographs","Stefan Parsons","Sokal Digital | B.J. McLeod Motorsports | Chevrolet","Driver",4,
"Racing",2022,"Panini","Chronicles","Titanium Autographs","Kyle Busch","M&M's | Joe Gibbs Racing | Toyota","Driver",5,
"Racing",2022,"Panini","Chronicles","Titanium Autographs","Richard Petty","STP | Petty Enterprises | Plymouth","Driver",6,
"Racing",2022,"Panini","Chronicles","Titanium Autographs","Garrett Smithley","Nurtec | Rick Ware Racing | Ford","Driver",7,
"Racing",2022,"Panini","Chronicles","Titanium Autographs","Danica Patrick","GoDaddy.com | Premium Motorsports | Chevrolet","Driver",8,
"Racing",2022,"Panini","Chronicles","Titanium Autographs","Aric Almirola","Smithfield Foods | Stewart-Haas Racing | Ford","Driver",10,
"Racing",2022,"Panini","Chronicles","Titanium Autographs","Erik Jones","Focus Factor | Petty GMS | Chevrolet","Driver",11,
"Racing",2022,"Panini","Chronicles","Titanium Autographs","Brandon Brown","TradetheChain | Brandonbilt Motorsports | Chevrolet","Driver",12,
"Racing",2022,"Panini","Chronicles","Titanium Autographs","Kevin Harvick","Hunt Brothers Pizza | Stewart-Haas Racing | Ford","Driver",13,
"Racing",2022,"Panini","Chronicles","Titanium Autographs","Thad Moffitt","Empire Racing Group","Driver",14,
"Racing",2022,"Panini","Chronicles","Titanium Autographs","Dale Earnhardt Jr","National Guard | Hendrick Motorsports | Chevrolet","Driver",15,
"Racing",2022,"Panini","Chronicles","Titanium Autographs","Hailie Deegan","Monster Energy | DGR-Crosley | Ford","Driver",16,
"Racing",2022,"Panini","Chronicles","Titanium Autographs","Ryan Newman","Kohler Generators | Rousch Fenway Racing | Ford","Driver",17,
"Racing",2022,"Panini","Chronicles","Titanium Autographs","Jade Buford","Big Machine Racing","Driver",18,
"Racing",2022,"Panini","Chronicles","Titanium Autographs","Kyle Larson","Hendrickcars.com | Hendrick Motorsports | Chevrolet","Driver",20,
"Racing",2022,"Panini","Chronicles","Titanium Autographs Holo Platinum Blue","Tyler Reddick","3CHI | Richard Childress Racing | Chevrolet","Driver",1,1
"Racing",2022,"Panini","Chronicles","Titanium Autographs Holo Platinum Blue","Bubba Wallace","McDonald's | 23XI Racing | Toyota","Driver",2,1
"Racing",2022,"Panini","Chronicles","Titanium Autographs Holo Platinum Blue","Stefan Parsons","Sokal Digital | B.J. McLeod Motorsports | Chevrolet","Driver",4,1
"Racing",2022,"Panini","Chronicles","Titanium Autographs Holo Platinum Blue","Kyle Busch","M&M's | Joe Gibbs Racing | Toyota","Driver",5,1
"Racing",2022,"Panini","Chronicles","Titanium Autographs Holo Platinum Blue","Richard Petty","STP | Petty Enterprises | Plymouth","Driver",6,1
"Racing",2022,"Panini","Chronicles","Titanium Autographs Holo Platinum Blue","Garrett Smithley","Nurtec | Rick Ware Racing | Ford","Driver",7,1
"Racing",2022,"Panini","Chronicles","Titanium Autographs Holo Platinum Blue","Danica Patrick","GoDaddy.com | Premium Motorsports | Chevrolet","Driver",8,1
"Racing",2022,"Panini","Chronicles","Titanium Autographs Holo Platinum Blue","Ryan Vargas","Swann | JD Motorsports | Chevrolet","Driver",9,1
"Racing",2022,"Panini","Chronicles","Titanium Autographs Holo Platinum Blue","Aric Almirola","Smithfield Foods | Stewart-Haas Racing | Ford","Driver",10,1
"Racing",2022,"Panini","Chronicles","Titanium Autographs Holo Platinum Blue","Erik Jones","Focus Factor | Petty GMS | Chevrolet","Driver",11,1
"Racing",2022,"Panini","Chronicles","Titanium Autographs Holo Platinum Blue","Kevin Harvick","Hunt Brothers Pizza | Stewart-Haas Racing | Ford","Driver",13,1
"Racing",2022,"Panini","Chronicles","Titanium Autographs Holo Platinum Blue","Thad Moffitt","Empire Racing Group","Driver",14,1
"Racing",2022,"Panini","Chronicles","Titanium Autographs Holo Platinum Blue","Dale Earnhardt Jr","National Guard | Hendrick Motorsports | Chevrolet","Driver",15,1
"Racing",2022,"Panini","Chronicles","Titanium Autographs Holo Platinum Blue","Hailie Deegan","Monster Energy | DGR-Crosley | Ford","Driver",16,1
"Racing",2022,"Panini","Chronicles","Titanium Autographs Holo Platinum Blue","Ryan Newman","Kohler Generators | Rousch Fenway Racing | Ford","Driver",17,1
"Racing",2022,"Panini","Chronicles","Titanium Autographs Holo Platinum Blue","Jade Buford","Big Machine Racing","Driver",18,1
"Racing",2022,"Panini","Chronicles","Titanium Autographs Holo Platinum Blue","Jeff Gordon","DuPont | Hendrick Motorsports | Chevrolet","Driver",19,1
"Racing",2022,"Panini","Chronicles","Titanium Autographs Holo Platinum Blue","Kyle Larson","Hendrickcars.com | Hendrick Motorsports | Chevrolet","Driver",20,1
"Racing",2022,"Panini","Chronicles","Titanium Autographs Holo Silver","Tyler Reddick","3CHI | Richard Childress Racing | Chevrolet","Driver",1,10
"Racing",2022,"Panini","Chronicles","Titanium Autographs Holo Silver","Bubba Wallace","McDonald's | 23XI Racing | Toyota","Driver",2,10
"Racing",2022,"Panini","Chronicles","Titanium Autographs Holo Silver","Stefan Parsons","Sokal Digital | B.J. McLeod Motorsports | Chevrolet","Driver",4,10
"Racing",2022,"Panini","Chronicles","Titanium Autographs Holo Silver","Kyle Busch","M&M's | Joe Gibbs Racing | Toyota","Driver",5,3
"Racing",2022,"Panini","Chronicles","Titanium Autographs Holo Silver","Richard Petty","STP | Petty Enterprises | Plymouth","Driver",6,5
"Racing",2022,"Panini","Chronicles","Titanium Autographs Holo Silver","Garrett Smithley","Nurtec | Rick Ware Racing | Ford","Driver",7,10
"Racing",2022,"Panini","Chronicles","Titanium Autographs Holo Silver","Danica Patrick","GoDaddy.com | Premium Motorsports | Chevrolet","Driver",8,10
"Racing",2022,"Panini","Chronicles","Titanium Autographs Holo Silver","Ryan Vargas","Swann | JD Motorsports | Chevrolet","Driver",9,10
"Racing",2022,"Panini","Chronicles","Titanium Autographs Holo Silver","Aric Almirola","Smithfield Foods | Stewart-Haas Racing | Ford","Driver",10,10
"Racing",2022,"Panini","Chronicles","Titanium Autographs Holo Silver","Erik Jones","Focus Factor | Petty GMS | Chevrolet","Driver",11,10
"Racing",2022,"Panini","Chronicles","Titanium Autographs Holo Silver","Kevin Harvick","Hunt Brothers Pizza | Stewart-Haas Racing | Ford","Driver",13,4
"Racing",2022,"Panini","Chronicles","Titanium Autographs Holo Silver","Thad Moffitt","Empire Racing Group","Driver",14,10
"Racing",2022,"Panini","Chronicles","Titanium Autographs Holo Silver","Hailie Deegan","Monster Energy | DGR-Crosley | Ford","Driver",16,10
"Racing",2022,"Panini","Chronicles","Titanium Autographs Holo Silver","Ryan Newman","Kohler Generators | Rousch Fenway Racing | Ford","Driver",17,5
"Racing",2022,"Panini","Chronicles","Titanium Autographs Holo Silver","Jade Buford","Big Machine Racing","Driver",18,10
"Racing",2022,"Panini","Chronicles","Titanium Autographs Holo Silver","Jeff Gordon","DuPont | Hendrick Motorsports | Chevrolet","Driver",19,2
"Racing",2022,"Panini","Chronicles","Titanium Autographs Holo Silver","Kyle Larson","Hendrickcars.com | Hendrick Motorsports | Chevrolet","Driver",20,10
"Racing",2022,"Panini","Chronicles","Titanium Blue","Tyler Reddick","3CHI | Richard Childress Racing | Chevrolet","Driver",1,199
"Racing",2022,"Panini","Chronicles","Titanium Blue","Bubba Wallace","McDonald's | 23XI Racing | Toyota","Driver",2,199
"Racing",2022,"Panini","Chronicles","Titanium Blue","Justin Allgaier","Brandt | JR Motorsports | Chevrolet","Driver",3,199
"Racing",2022,"Panini","Chronicles","Titanium Blue","Stefan Parsons","Sokal Digital | B.J. McLeod Motorsports | Chevrolet","Driver",4,199
"Racing",2022,"Panini","Chronicles","Titanium Blue","Kyle Busch","M&M's | Joe Gibbs Racing | Toyota","Driver",5,199
"Racing",2022,"Panini","Chronicles","Titanium Blue","Richard Petty","STP | Petty Enterprises | Plymouth","Driver",6,199
"Racing",2022,"Panini","Chronicles","Titanium Blue","Garrett Smithley","Nurtec | Rick Ware Racing | Ford","Driver",7,199
"Racing",2022,"Panini","Chronicles","Titanium Blue","Danica Patrick","GoDaddy.com | Premium Motorsports | Chevrolet","Driver",8,199
"Racing",2022,"Panini","Chronicles","Titanium Blue","Ryan Vargas","Swann | JD Motorsports | Chevrolet","Driver",9,199
"Racing",2022,"Panini","Chronicles","Titanium Blue","Aric Almirola","Smithfield Foods | Stewart-Haas Racing | Ford","Driver",10,199
"Racing",2022,"Panini","Chronicles","Titanium Blue","Erik Jones","Focus Factor | Petty GMS | Chevrolet","Driver",11,199
"Racing",2022,"Panini","Chronicles","Titanium Blue","Brandon Brown","TradetheChain | Brandonbilt Motorsports | Chevrolet","Driver",12,199
"Racing",2022,"Panini","Chronicles","Titanium Blue","Kevin Harvick","Hunt Brothers Pizza | Stewart-Haas Racing | Ford","Driver",13,199
"Racing",2022,"Panini","Chronicles","Titanium Blue","Thad Moffitt","Empire Racing Group","Driver",14,199
"Racing",2022,"Panini","Chronicles","Titanium Blue","Dale Earnhardt Jr","National Guard | Hendrick Motorsports | Chevrolet","Driver",15,199
"Racing",2022,"Panini","Chronicles","Titanium Blue","Hailie Deegan","Monster Energy | DGR-Crosley | Ford","Driver",16,199
"Racing",2022,"Panini","Chronicles","Titanium Blue","Ryan Newman","Kohler Generators | Rousch Fenway Racing | Ford","Driver",17,199
"Racing",2022,"Panini","Chronicles","Titanium Blue","Jade Buford","Big Machine Racing","Driver",18,199
"Racing",2022,"Panini","Chronicles","Titanium Blue","Jeff Gordon","DuPont | Hendrick Motorsports | Chevrolet","Driver",19,199
"Racing",2022,"Panini","Chronicles","Titanium Blue","Kyle Larson","Hendrickcars.com | Hendrick Motorsports | Chevrolet","Driver",20,199
"Racing",2022,"Panini","Chronicles","Titanium Green","Bubba Wallace","McDonald's | 23XI Racing | Toyota","Driver",2,
"Racing",2022,"Panini","Chronicles","Titanium Green","Justin Allgaier","Brandt | JR Motorsports | Chevrolet","Driver",3,
"Racing",2022,"Panini","Chronicles","Titanium Green","Stefan Parsons","Sokal Digital | B.J. McLeod Motorsports | Chevrolet","Driver",4,
"Racing",2022,"Panini","Chronicles","Titanium Green","Kyle Busch","M&M's | Joe Gibbs Racing | Toyota","Driver",5,
"Racing",2022,"Panini","Chronicles","Titanium Green","Richard Petty","STP | Petty Enterprises | Plymouth","Driver",6,
"Racing",2022,"Panini","Chronicles","Titanium Green","Danica Patrick","GoDaddy.com | Premium Motorsports | Chevrolet","Driver",8,
"Racing",2022,"Panini","Chronicles","Titanium Green","Ryan Vargas","Swann | JD Motorsports | Chevrolet","Driver",9,
"Racing",2022,"Panini","Chronicles","Titanium Green","Aric Almirola","Smithfield Foods | Stewart-Haas Racing | Ford","Driver",10,
"Racing",2022,"Panini","Chronicles","Titanium Green","Erik Jones","Focus Factor | Petty GMS | Chevrolet","Driver",11,
"Racing",2022,"Panini","Chronicles","Titanium Green","Brandon Brown","TradetheChain | Brandonbilt Motorsports | Chevrolet","Driver",12,
"Racing",2022,"Panini","Chronicles","Titanium Green","Kevin Harvick","Hunt Brothers Pizza | Stewart-Haas Racing | Ford","Driver",13,
"Racing",2022,"Panini","Chronicles","Titanium Green","Thad Moffitt","Empire Racing Group","Driver",14,
"Racing",2022,"Panini","Chronicles","Titanium Green","Dale Earnhardt Jr","National Guard | Hendrick Motorsports | Chevrolet","Driver",15,
"Racing",2022,"Panini","Chronicles","Titanium Green","Hailie Deegan","Monster Energy | DGR-Crosley | Ford","Driver",16,
"Racing",2022,"Panini","Chronicles","Titanium Green","Ryan Newman","Kohler Generators | Rousch Fenway Racing | Ford","Driver",17,
"Racing",2022,"Panini","Chronicles","Titanium Green","Jade Buford","Big Machine Racing","Driver",18,
"Racing",2022,"Panini","Chronicles","Titanium Green","Jeff Gordon","DuPont | Hendrick Motorsports | Chevrolet","Driver",19,
"Racing",2022,"Panini","Chronicles","Titanium Green","Kyle Larson","Hendrickcars.com | Hendrick Motorsports | Chevrolet","Driver",20,
"Racing",2022,"Panini","Chronicles","Titanium Holo Platinum Blue","Tyler Reddick","3CHI | Richard Childress Racing | Chevrolet","Driver",1,1
"Racing",2022,"Panini","Chronicles","Titanium Holo Platinum Blue","Bubba Wallace","McDonald's | 23XI Racing | Toyota","Driver",2,1
"Racing",2022,"Panini","Chronicles","Titanium Holo Platinum Blue","Justin Allgaier","Brandt | JR Motorsports | Chevrolet","Driver",3,1
"Racing",2022,"Panini","Chronicles","Titanium Holo Platinum Blue","Stefan Parsons","Sokal Digital | B.J. McLeod Motorsports | Chevrolet","Driver",4,1
"Racing",2022,"Panini","Chronicles","Titanium Holo Platinum Blue","Kyle Busch","M&M's | Joe Gibbs Racing | Toyota","Driver",5,1
"Racing",2022,"Panini","Chronicles","Titanium Holo Platinum Blue","Richard Petty","STP | Petty Enterprises | Plymouth","Driver",6,1
"Racing",2022,"Panini","Chronicles","Titanium Holo Platinum Blue","Garrett Smithley","Nurtec | Rick Ware Racing | Ford","Driver",7,1
"Racing",2022,"Panini","Chronicles","Titanium Holo Platinum Blue","Danica Patrick","GoDaddy.com | Premium Motorsports | Chevrolet","Driver",8,1
"Racing",2022,"Panini","Chronicles","Titanium Holo Platinum Blue","Ryan Vargas","Swann | JD Motorsports | Chevrolet","Driver",9,1
"Racing",2022,"Panini","Chronicles","Titanium Holo Platinum Blue","Aric Almirola","Smithfield Foods | Stewart-Haas Racing | Ford","Driver",10,1
"Racing",2022,"Panini","Chronicles","Titanium Holo Platinum Blue","Erik Jones","Focus Factor | Petty GMS | Chevrolet","Driver",11,1
"Racing",2022,"Panini","Chronicles","Titanium Holo Platinum Blue","Brandon Brown","TradetheChain | Brandonbilt Motorsports | Chevrolet","Driver",12,1
"Racing",2022,"Panini","Chronicles","Titanium Holo Platinum Blue","Kevin Harvick","Hunt Brothers Pizza | Stewart-Haas Racing | Ford","Driver",13,1
"Racing",2022,"Panini","Chronicles","Titanium Holo Platinum Blue","Thad Moffitt","Empire Racing Group","Driver",14,1
"Racing",2022,"Panini","Chronicles","Titanium Holo Platinum Blue","Dale Earnhardt Jr","National Guard | Hendrick Motorsports | Chevrolet","Driver",15,1
"Racing",2022,"Panini","Chronicles","Titanium Holo Platinum Blue","Hailie Deegan","Monster Energy | DGR-Crosley | Ford","Driver",16,1
"Racing",2022,"Panini","Chronicles","Titanium Holo Platinum Blue","Ryan Newman","Kohler Generators | Rousch Fenway Racing | Ford","Driver",17,1
"Racing",2022,"Panini","Chronicles","Titanium Holo Platinum Blue","Jade Buford","Big Machine Racing","Driver",18,1
"Racing",2022,"Panini","Chronicles","Titanium Holo Platinum Blue","Jeff Gordon","DuPont | Hendrick Motorsports | Chevrolet","Driver",19,1
"Racing",2022,"Panini","Chronicles","Titanium Holo Platinum Blue","Kyle Larson","Hendrickcars.com | Hendrick Motorsports | Chevrolet","Driver",20,1
"Racing",2022,"Panini","Chronicles","Titanium Holo Silver","Tyler Reddick","3CHI | Richard Childress Racing | Chevrolet","Driver",1,10
"Racing",2022,"Panini","Chronicles","Titanium Holo Silver","Bubba Wallace","McDonald's | 23XI Racing | Toyota","Driver",2,10
"Racing",2022,"Panini","Chronicles","Titanium Holo Silver","Justin Allgaier","Brandt | JR Motorsports | Chevrolet","Driver",3,10
"Racing",2022,"Panini","Chronicles","Titanium Holo Silver","Stefan Parsons","Sokal Digital | B.J. McLeod Motorsports | Chevrolet","Driver",4,10
"Racing",2022,"Panini","Chronicles","Titanium Holo Silver","Kyle Busch","M&M's | Joe Gibbs Racing | Toyota","Driver",5,10
"Racing",2022,"Panini","Chronicles","Titanium Holo Silver","Richard Petty","STP | Petty Enterprises | Plymouth","Driver",6,10
"Racing",2022,"Panini","Chronicles","Titanium Holo Silver","Garrett Smithley","Nurtec | Rick Ware Racing | Ford","Driver",7,10
"Racing",2022,"Panini","Chronicles","Titanium Holo Silver","Danica Patrick","GoDaddy.com | Premium Motorsports | Chevrolet","Driver",8,10
"Racing",2022,"Panini","Chronicles","Titanium Holo Silver","Ryan Vargas","Swann | JD Motorsports | Chevrolet","Driver",9,10
"Racing",2022,"Panini","Chronicles","Titanium Holo Silver","Erik Jones","Focus Factor | Petty GMS | Chevrolet","Driver",11,10
"Racing",2022,"Panini","Chronicles","Titanium Holo Silver","Brandon Brown","TradetheChain | Brandonbilt Motorsports | Chevrolet","Driver",12,10
"Racing",2022,"Panini","Chronicles","Titanium Holo Silver","Kevin Harvick","Hunt Brothers Pizza | Stewart-Haas Racing | Ford","Driver",13,10
"Racing",2022,"Panini","Chronicles","Titanium Holo Silver","Thad Moffitt","Empire Racing Group","Driver",14,10
"Racing",2022,"Panini","Chronicles","Titanium Holo Silver","Dale Earnhardt Jr","National Guard | Hendrick Motorsports | Chevrolet","Driver",15,10
"Racing",2022,"Panini","Chronicles","Titanium Holo Silver","Hailie Deegan","Monster Energy | DGR-Crosley | Ford","Driver",16,10
"Racing",2022,"Panini","Chronicles","Titanium Holo Silver","Ryan Newman","Kohler Generators | Rousch Fenway Racing | Ford","Driver",17,10
"Racing",2022,"Panini","Chronicles","Titanium Holo Silver","Jade Buford","Big Machine Racing","Driver",18,10
"Racing",2022,"Panini","Chronicles","Titanium Holo Silver","Jeff Gordon","DuPont | Hendrick Motorsports | Chevrolet","Driver",19,10
"Racing",2022,"Panini","Chronicles","Titanium Holo Silver","Kyle Larson","Hendrickcars.com | Hendrick Motorsports | Chevrolet","Driver",20,10
"Racing",2022,"Panini","Chronicles","Titanium Purple","Tyler Reddick","3CHI | Richard Childress Racing | Chevrolet","Driver",1,25
"Racing",2022,"Panini","Chronicles","Titanium Purple","Bubba Wallace","McDonald's | 23XI Racing | Toyota","Driver",2,25
"Racing",2022,"Panini","Chronicles","Titanium Purple","Justin Allgaier","Brandt | JR Motorsports | Chevrolet","Driver",3,25
"Racing",2022,"Panini","Chronicles","Titanium Purple","Stefan Parsons","Sokal Digital | B.J. McLeod Motorsports | Chevrolet","Driver",4,25
"Racing",2022,"Panini","Chronicles","Titanium Purple","Kyle Busch","M&M's | Joe Gibbs Racing | Toyota","Driver",5,25
"Racing",2022,"Panini","Chronicles","Titanium Purple","Richard Petty","STP | Petty Enterprises | Plymouth","Driver",6,25
"Racing",2022,"Panini","Chronicles","Titanium Purple","Danica Patrick","GoDaddy.com | Premium Motorsports | Chevrolet","Driver",8,25
"Racing",2022,"Panini","Chronicles","Titanium Purple","Ryan Vargas","Swann | JD Motorsports | Chevrolet","Driver",9,25
"Racing",2022,"Panini","Chronicles","Titanium Purple","Erik Jones","Focus Factor | Petty GMS | Chevrolet","Driver",11,25
"Racing",2022,"Panini","Chronicles","Titanium Purple","Brandon Brown","TradetheChain | Brandonbilt Motorsports | Chevrolet","Driver",12,25
"Racing",2022,"Panini","Chronicles","Titanium Purple","Kevin Harvick","Hunt Brothers Pizza | Stewart-Haas Racing | Ford","Driver",13,25
"Racing",2022,"Panini","Chronicles","Titanium Purple","Thad Moffitt","Empire Racing Group","Driver",14,25
"Racing",2022,"Panini","Chronicles","Titanium Purple","Dale Earnhardt Jr","National Guard | Hendrick Motorsports | Chevrolet","Driver",15,25
"Racing",2022,"Panini","Chronicles","Titanium Purple","Hailie Deegan","Monster Energy | DGR-Crosley | Ford","Driver",16,25
"Racing",2022,"Panini","Chronicles","Titanium Purple","Ryan Newman","Kohler Generators | Rousch Fenway Racing | Ford","Driver",17,25
"Racing",2022,"Panini","Chronicles","Titanium Purple","Jade Buford","Big Machine Racing","Driver",18,25
"Racing",2022,"Panini","Chronicles","Titanium Purple","Jeff Gordon","DuPont | Hendrick Motorsports | Chevrolet","Driver",19,25
"Racing",2022,"Panini","Chronicles","Titanium Purple","Kyle Larson","Hendrickcars.com | Hendrick Motorsports | Chevrolet","Driver",20,25
"Racing",2022,"Panini","Chronicles","Titanium Red","Tyler Reddick","3CHI | Richard Childress Racing | Chevrolet","Driver",1,99
"Racing",2022,"Panini","Chronicles","Titanium Red","Bubba Wallace","McDonald's | 23XI Racing | Toyota","Driver",2,99
"Racing",2022,"Panini","Chronicles","Titanium Red","Justin Allgaier","Brandt | JR Motorsports | Chevrolet","Driver",3,99
"Racing",2022,"Panini","Chronicles","Titanium Red","Stefan Parsons","Sokal Digital | B.J. McLeod Motorsports | Chevrolet","Driver",4,99
"Racing",2022,"Panini","Chronicles","Titanium Red","Kyle Busch","M&M's | Joe Gibbs Racing | Toyota","Driver",5,99
"Racing",2022,"Panini","Chronicles","Titanium Red","Richard Petty","STP | Petty Enterprises | Plymouth","Driver",6,99
"Racing",2022,"Panini","Chronicles","Titanium Red","Garrett Smithley","Nurtec | Rick Ware Racing | Ford","Driver",7,99
"Racing",2022,"Panini","Chronicles","Titanium Red","Danica Patrick","GoDaddy.com | Premium Motorsports | Chevrolet","Driver",8,99
"Racing",2022,"Panini","Chronicles","Titanium Red","Ryan Vargas","Swann | JD Motorsports | Chevrolet","Driver",9,99
"Racing",2022,"Panini","Chronicles","Titanium Red","Aric Almirola","Smithfield Foods | Stewart-Haas Racing | Ford","Driver",10,99
"Racing",2022,"Panini","Chronicles","Titanium Red","Erik Jones","Focus Factor | Petty GMS | Chevrolet","Driver",11,99
"Racing",2022,"Panini","Chronicles","Titanium Red","Brandon Brown","TradetheChain | Brandonbilt Motorsports | Chevrolet","Driver",12,99
"Racing",2022,"Panini","Chronicles","Titanium Red","Kevin Harvick","Hunt Brothers Pizza | Stewart-Haas Racing | Ford","Driver",13,99
"Racing",2022,"Panini","Chronicles","Titanium Red","Thad Moffitt","Empire Racing Group","Driver",14,99
"Racing",2022,"Panini","Chronicles","Titanium Red","Dale Earnhardt Jr","National Guard | Hendrick Motorsports | Chevrolet","Driver",15,99
"Racing",2022,"Panini","Chronicles","Titanium Red","Hailie Deegan","Monster Energy | DGR-Crosley | Ford","Driver",16,99
"Racing",2022,"Panini","Chronicles","Titanium Red","Ryan Newman","Kohler Generators | Rousch Fenway Racing | Ford","Driver",17,99
"Racing",2022,"Panini","Chronicles","Titanium Red","Jade Buford","Big Machine Racing","Driver",18,99
"Racing",2022,"Panini","Chronicles","Titanium Red","Jeff Gordon","DuPont | Hendrick Motorsports | Chevrolet","Driver",19,99
"Racing",2022,"Panini","Chronicles","Titanium Red","Kyle Larson","Hendrickcars.com | Hendrick Motorsports | Chevrolet","Driver",20,99
"Racing",2022,"Panini","Chronicles","XR","Ty Gibbs","Monster Energy | Joe Gibbs Racing | Toyota","Driver",1,
"Racing",2022,"Panini","Chronicles","XR","Joey Logano","Shell-Pennzoil | Team Penske | Ford","Driver",2,
"Racing",2022,"Panini","Chronicles","XR","Alex Bowman","Ally Financial | Hendrick Motorsports | Chevrolet","Driver",3,
"Racing",2022,"Panini","Chronicles","XR","Jimmie Johnson","Ally Financial | Hendrick Motorsports | Chevrolet","Driver",4,
"Racing",2022,"Panini","Chronicles","XR","Ryan Ellis","Four Loko | Alpha Prime Racing | Chevrolet","Driver",5,
"Racing",2022,"Panini","Chronicles","XR","Cody Ware","Nurtec ODT | Rick Ware Racing | Chevrolet","Driver",6,
"Racing",2022,"Panini","Chronicles","XR","Thad Moffitt","Empire Racing Group","Driver",7,
"Racing",2022,"Panini","Chronicles","XR","Jeff Gordon","DuPont | Hendrick Motorsports | Chevrolet","Driver",8,
"Racing",2022,"Panini","Chronicles","XR","Christopher Bell","DeWalt | Joe Gibbs Racing | Toyota","Driver",9,
"Racing",2022,"Panini","Chronicles","XR","Richard Petty","STP | Petty Enterprises | Plymouth","Driver",10,
"Racing",2022,"Panini","Chronicles","XR","Natalie Decker","NERD Focus | Our Motorsports | Chevrolet","Driver",11,
"Racing",2022,"Panini","Chronicles","XR","Sam Mayer","Accelerate | JR Motorsports | Chevrolet","Driver",12,
"Racing",2022,"Panini","Chronicles","XR","Chase Elliott","NAPA Auto Parts | Hendrick Motorsports | Chevrolet","Driver",13,
"Racing",2022,"Panini","Chronicles","XR","Riley Herbst","Monster | Stewart-Haas Racing | Ford","Driver",14,
"Racing",2022,"Panini","Chronicles","XR","Denny Hamlin","FedEx Express | Joe Gibbs Racing | Toyota","Driver",16,
"Racing",2022,"Panini","Chronicles","XR","Bubba Wallace","McDonald's | 23XI Racing | Toyota","Driver",17,
"Racing",2022,"Panini","Chronicles","XR","Dale Earnhardt Jr","Mountain Dew | Hendrick Motorsports | Chevrolet","Driver",18,
"Racing",2022,"Panini","Chronicles","XR","Sammy Smith","ARCA Menards East Series","Driver",19,
"Racing",2022,"Panini","Chronicles","XR","Martin Truex Jr.","Bass Pro Shops | Joe Gibbs Racing | Toyota","Driver",20,
"Racing",2022,"Panini","Chronicles","XR Autographs","Ty Gibbs","Monster Energy | Joe Gibbs Racing | Toyota","Driver",1,
"Racing",2022,"Panini","Chronicles","XR Autographs","Joey Logano","Shell-Pennzoil | Team Penske | Ford","Driver",2,
"Racing",2022,"Panini","Chronicles","XR Autographs","Alex Bowman","Ally Financial | Hendrick Motorsports | Chevrolet","Driver",3,
"Racing",2022,"Panini","Chronicles","XR Autographs","Jimmie Johnson","Ally Financial | Hendrick Motorsports | Chevrolet","Driver",4,
"Racing",2022,"Panini","Chronicles","XR Autographs","Ryan Ellis","Four Loko | Alpha Prime Racing | Chevrolet","Driver",5,
"Racing",2022,"Panini","Chronicles","XR Autographs","Thad Moffitt","Empire Racing Group","Driver",7,
"Racing",2022,"Panini","Chronicles","XR Autographs","Christopher Bell","DeWalt | Joe Gibbs Racing | Toyota","Driver",9,
"Racing",2022,"Panini","Chronicles","XR Autographs","Richard Petty","STP | Petty Enterprises | Plymouth","Driver",10,
"Racing",2022,"Panini","Chronicles","XR Autographs","Natalie Decker","NERD Focus | Our Motorsports | Chevrolet","Driver",11,
"Racing",2022,"Panini","Chronicles","XR Autographs","Sam Mayer","Accelerate | JR Motorsports | Chevrolet","Driver",12,
"Racing",2022,"Panini","Chronicles","XR Autographs","Chase Elliott","NAPA Auto Parts | Hendrick Motorsports | Chevrolet","Driver",13,
"Racing",2022,"Panini","Chronicles","XR Autographs","Riley Herbst","Monster | Stewart-Haas Racing | Ford","Driver",14,
"Racing",2022,"Panini","Chronicles","XR Autographs","Kyle Larson","Hendrickcars.com | Hendrick Motorsports | Chevrolet","Driver",15,
"Racing",2022,"Panini","Chronicles","XR Autographs","Denny Hamlin","FedEx Express | Joe Gibbs Racing | Toyota","Driver",16,
"Racing",2022,"Panini","Chronicles","XR Autographs","Bubba Wallace","McDonald's | 23XI Racing | Toyota","Driver",17,
"Racing",2022,"Panini","Chronicles","XR Autographs","Dale Earnhardt Jr","Mountain Dew | Hendrick Motorsports | Chevrolet","Driver",18,
"Racing",2022,"Panini","Chronicles","XR Autographs","Sammy Smith","ARCA Menards East Series","Driver",19,
"Racing",2022,"Panini","Chronicles","XR Autographs","Martin Truex Jr.","Bass Pro Shops | Joe Gibbs Racing | Toyota","Driver",20,
"Racing",2022,"Panini","Chronicles","XR Autographs Holo Platinum Blue","Ty Gibbs","Monster Energy | Joe Gibbs Racing | Toyota","Driver",1,1
"Racing",2022,"Panini","Chronicles","XR Autographs Holo Platinum Blue","Joey Logano","Shell-Pennzoil | Team Penske | Ford","Driver",2,1
"Racing",2022,"Panini","Chronicles","XR Autographs Holo Platinum Blue","Alex Bowman","Ally Financial | Hendrick Motorsports | Chevrolet","Driver",3,1
"Racing",2022,"Panini","Chronicles","XR Autographs Holo Platinum Blue","Jimmie Johnson","Ally Financial | Hendrick Motorsports | Chevrolet","Driver",4,1
"Racing",2022,"Panini","Chronicles","XR Autographs Holo Platinum Blue","Ryan Ellis","Four Loko | Alpha Prime Racing | Chevrolet","Driver",5,1
"Racing",2022,"Panini","Chronicles","XR Autographs Holo Platinum Blue","Thad Moffitt","Empire Racing Group","Driver",7,1
"Racing",2022,"Panini","Chronicles","XR Autographs Holo Platinum Blue","Jeff Gordon","DuPont | Hendrick Motorsports | Chevrolet","Driver",8,1
"Racing",2022,"Panini","Chronicles","XR Autographs Holo Platinum Blue","Christopher Bell","DeWalt | Joe Gibbs Racing | Toyota","Driver",9,1
"Racing",2022,"Panini","Chronicles","XR Autographs Holo Platinum Blue","Richard Petty","STP | Petty Enterprises | Plymouth","Driver",10,1
"Racing",2022,"Panini","Chronicles","XR Autographs Holo Platinum Blue","Natalie Decker","NERD Focus | Our Motorsports | Chevrolet","Driver",11,1
"Racing",2022,"Panini","Chronicles","XR Autographs Holo Platinum Blue","Sam Mayer","Accelerate | JR Motorsports | Chevrolet","Driver",12,1
"Racing",2022,"Panini","Chronicles","XR Autographs Holo Platinum Blue","Chase Elliott","NAPA Auto Parts | Hendrick Motorsports | Chevrolet","Driver",13,1
"Racing",2022,"Panini","Chronicles","XR Autographs Holo Platinum Blue","Riley Herbst","Monster | Stewart-Haas Racing | Ford","Driver",14,1
"Racing",2022,"Panini","Chronicles","XR Autographs Holo Platinum Blue","Kyle Larson","Hendrickcars.com | Hendrick Motorsports | Chevrolet","Driver",15,1
"Racing",2022,"Panini","Chronicles","XR Autographs Holo Platinum Blue","Denny Hamlin","FedEx Express | Joe Gibbs Racing | Toyota","Driver",16,1
"Racing",2022,"Panini","Chronicles","XR Autographs Holo Platinum Blue","Bubba Wallace","McDonald's | 23XI Racing | Toyota","Driver",17,1
"Racing",2022,"Panini","Chronicles","XR Autographs Holo Platinum Blue","Dale Earnhardt Jr","Mountain Dew | Hendrick Motorsports | Chevrolet","Driver",18,1
"Racing",2022,"Panini","Chronicles","XR Autographs Holo Platinum Blue","Sammy Smith","ARCA Menards East Series","Driver",19,1
"Racing",2022,"Panini","Chronicles","XR Autographs Holo Platinum Blue","Martin Truex Jr.","Bass Pro Shops | Joe Gibbs Racing | Toyota","Driver",20,1
"Racing",2022,"Panini","Chronicles","XR Autographs Holo Silver","Ty Gibbs","Monster Energy | Joe Gibbs Racing | Toyota","Driver",1,10
"Racing",2022,"Panini","Chronicles","XR Autographs Holo Silver","Joey Logano","Shell-Pennzoil | Team Penske | Ford","Driver",2,10
"Racing",2022,"Panini","Chronicles","XR Autographs Holo Silver","Alex Bowman","Ally Financial | Hendrick Motorsports | Chevrolet","Driver",3,5
"Racing",2022,"Panini","Chronicles","XR Autographs Holo Silver","Jimmie Johnson","Ally Financial | Hendrick Motorsports | Chevrolet","Driver",4,7
"Racing",2022,"Panini","Chronicles","XR Autographs Holo Silver","Ryan Ellis","Four Loko | Alpha Prime Racing | Chevrolet","Driver",5,10
"Racing",2022,"Panini","Chronicles","XR Autographs Holo Silver","Thad Moffitt","Empire Racing Group","Driver",7,10
"Racing",2022,"Panini","Chronicles","XR Autographs Holo Silver","Christopher Bell","DeWalt | Joe Gibbs Racing | Toyota","Driver",9,10
"Racing",2022,"Panini","Chronicles","XR Autographs Holo Silver","Richard Petty","STP | Petty Enterprises | Plymouth","Driver",10,5
"Racing",2022,"Panini","Chronicles","XR Autographs Holo Silver","Natalie Decker","NERD Focus | Our Motorsports | Chevrolet","Driver",11,10
"Racing",2022,"Panini","Chronicles","XR Autographs Holo Silver","Sam Mayer","Accelerate | JR Motorsports | Chevrolet","Driver",12,10
"Racing",2022,"Panini","Chronicles","XR Autographs Holo Silver","Chase Elliott","NAPA Auto Parts | Hendrick Motorsports | Chevrolet","Driver",13,8
"Racing",2022,"Panini","Chronicles","XR Autographs Holo Silver","Riley Herbst","Monster | Stewart-Haas Racing | Ford","Driver",14,10
"Racing",2022,"Panini","Chronicles","XR Autographs Holo Silver","Kyle Larson","Hendrickcars.com | Hendrick Motorsports | Chevrolet","Driver",15,10
"Racing",2022,"Panini","Chronicles","XR Autographs Holo Silver","Denny Hamlin","FedEx Express | Joe Gibbs Racing | Toyota","Driver",16,10
"Racing",2022,"Panini","Chronicles","XR Autographs Holo Silver","Bubba Wallace","McDonald's | 23XI Racing | Toyota","Driver",17,10
"Racing",2022,"Panini","Chronicles","XR Autographs Holo Silver","Dale Earnhardt Jr","Mountain Dew | Hendrick Motorsports | Chevrolet","Driver",18,10
"Racing",2022,"Panini","Chronicles","XR Autographs Holo Silver","Sammy Smith","ARCA Menards East Series","Driver",19,10
"Racing",2022,"Panini","Chronicles","XR Autographs Holo Silver","Martin Truex Jr.","Bass Pro Shops | Joe Gibbs Racing | Toyota","Driver",20,5
"Racing",2022,"Panini","Chronicles","XR Blue","Ty Gibbs","Monster Energy | Joe Gibbs Racing | Toyota","Driver",1,199
"Racing",2022,"Panini","Chronicles","XR Blue","Joey Logano","Shell-Pennzoil | Team Penske | Ford","Driver",2,199
"Racing",2022,"Panini","Chronicles","XR Blue","Alex Bowman","Ally Financial | Hendrick Motorsports | Chevrolet","Driver",3,199
"Racing",2022,"Panini","Chronicles","XR Blue","Jimmie Johnson","Ally Financial | Hendrick Motorsports | Chevrolet","Driver",4,199
"Racing",2022,"Panini","Chronicles","XR Blue","Ryan Ellis","Four Loko | Alpha Prime Racing | Chevrolet","Driver",5,199
"Racing",2022,"Panini","Chronicles","XR Blue","Cody Ware","Nurtec ODT | Rick Ware Racing | Chevrolet","Driver",6,199
"Racing",2022,"Panini","Chronicles","XR Blue","Thad Moffitt","Empire Racing Group","Driver",7,199
"Racing",2022,"Panini","Chronicles","XR Blue","Jeff Gordon","DuPont | Hendrick Motorsports | Chevrolet","Driver",8,199
"Racing",2022,"Panini","Chronicles","XR Blue","Christopher Bell","DeWalt | Joe Gibbs Racing | Toyota","Driver",9,199
"Racing",2022,"Panini","Chronicles","XR Blue","Richard Petty","STP | Petty Enterprises | Plymouth","Driver",10,199
"Racing",2022,"Panini","Chronicles","XR Blue","Natalie Decker","NERD Focus | Our Motorsports | Chevrolet","Driver",11,199
"Racing",2022,"Panini","Chronicles","XR Blue","Sam Mayer","Accelerate | JR Motorsports | Chevrolet","Driver",12,199
"Racing",2022,"Panini","Chronicles","XR Blue","Riley Herbst","Monster | Stewart-Haas Racing | Ford","Driver",14,199
"Racing",2022,"Panini","Chronicles","XR Blue","Kyle Larson","Hendrickcars.com | Hendrick Motorsports | Chevrolet","Driver",15,199
"Racing",2022,"Panini","Chronicles","XR Blue","Denny Hamlin","FedEx Express | Joe Gibbs Racing | Toyota","Driver",16,199
"Racing",2022,"Panini","Chronicles","XR Blue","Bubba Wallace","McDonald's | 23XI Racing | Toyota","Driver",17,199
"Racing",2022,"Panini","Chronicles","XR Blue","Dale Earnhardt Jr","Mountain Dew | Hendrick Motorsports | Chevrolet","Driver",18,199
"Racing",2022,"Panini","Chronicles","XR Blue","Sammy Smith","ARCA Menards East Series","Driver",19,199
"Racing",2022,"Panini","Chronicles","XR Blue","Martin Truex Jr.","Bass Pro Shops | Joe Gibbs Racing | Toyota","Driver",20,199
"Racing",2022,"Panini","Chronicles","XR Green","Ty Gibbs","Monster Energy | Joe Gibbs Racing | Toyota","Driver",1,
"Racing",2022,"Panini","Chronicles","XR Green","Joey Logano","Shell-Pennzoil | Team Penske | Ford","Driver",2,
"Racing",2022,"Panini","Chronicles","XR Green","Alex Bowman","Ally Financial | Hendrick Motorsports | Chevrolet","Driver",3,
"Racing",2022,"Panini","Chronicles","XR Green","Jimmie Johnson","Ally Financial | Hendrick Motorsports | Chevrolet","Driver",4,
"Racing",2022,"Panini","Chronicles","XR Green","Ryan Ellis","Four Loko | Alpha Prime Racing | Chevrolet","Driver",5,
"Racing",2022,"Panini","Chronicles","XR Green","Cody Ware","Nurtec ODT | Rick Ware Racing | Chevrolet","Driver",6,
"Racing",2022,"Panini","Chronicles","XR Green","Thad Moffitt","Empire Racing Group","Driver",7,
"Racing",2022,"Panini","Chronicles","XR Green","Jeff Gordon","DuPont | Hendrick Motorsports | Chevrolet","Driver",8,
"Racing",2022,"Panini","Chronicles","XR Green","Christopher Bell","DeWalt | Joe Gibbs Racing | Toyota","Driver",9,
"Racing",2022,"Panini","Chronicles","XR Green","Richard Petty","STP | Petty Enterprises | Plymouth","Driver",10,
"Racing",2022,"Panini","Chronicles","XR Green","Natalie Decker","NERD Focus | Our Motorsports | Chevrolet","Driver",11,
"Racing",2022,"Panini","Chronicles","XR Green","Sam Mayer","Accelerate | JR Motorsports | Chevrolet","Driver",12,
"Racing",2022,"Panini","Chronicles","XR Green","Chase Elliott","NAPA Auto Parts | Hendrick Motorsports | Chevrolet","Driver",13,
"Racing",2022,"Panini","Chronicles","XR Green","Riley Herbst","Monster | Stewart-Haas Racing | Ford","Driver",14,
"Racing",2022,"Panini","Chronicles","XR Green","Kyle Larson","Hendrickcars.com | Hendrick Motorsports | Chevrolet","Driver",15,
"Racing",2022,"Panini","Chronicles","XR Green","Denny Hamlin","FedEx Express | Joe Gibbs Racing | Toyota","Driver",16,
"Racing",2022,"Panini","Chronicles","XR Green","Bubba Wallace","McDonald's | 23XI Racing | Toyota","Driver",17,
"Racing",2022,"Panini","Chronicles","XR Green","Dale Earnhardt Jr","Mountain Dew | Hendrick Motorsports | Chevrolet","Driver",18,
"Racing",2022,"Panini","Chronicles","XR Green","Sammy Smith","ARCA Menards East Series","Driver",19,
"Racing",2022,"Panini","Chronicles","XR Green","Martin Truex Jr.","Bass Pro Shops | Joe Gibbs Racing | Toyota","Driver",20,
"Racing",2022,"Panini","Chronicles","XR Holo Platinum Blue","Ty Gibbs","Monster Energy | Joe Gibbs Racing | Toyota","Driver",1,1
"Racing",2022,"Panini","Chronicles","XR Holo Platinum Blue","Joey Logano","Shell-Pennzoil | Team Penske | Ford","Driver",2,1
"Racing",2022,"Panini","Chronicles","XR Holo Platinum Blue","Alex Bowman","Ally Financial | Hendrick Motorsports | Chevrolet","Driver",3,1
"Racing",2022,"Panini","Chronicles","XR Holo Platinum Blue","Jimmie Johnson","Ally Financial | Hendrick Motorsports | Chevrolet","Driver",4,1
"Racing",2022,"Panini","Chronicles","XR Holo Platinum Blue","Ryan Ellis","Four Loko | Alpha Prime Racing | Chevrolet","Driver",5,1
"Racing",2022,"Panini","Chronicles","XR Holo Platinum Blue","Cody Ware","Nurtec ODT | Rick Ware Racing | Chevrolet","Driver",6,1
"Racing",2022,"Panini","Chronicles","XR Holo Platinum Blue","Thad Moffitt","Empire Racing Group","Driver",7,1
"Racing",2022,"Panini","Chronicles","XR Holo Platinum Blue","Jeff Gordon","DuPont | Hendrick Motorsports | Chevrolet","Driver",8,1
"Racing",2022,"Panini","Chronicles","XR Holo Platinum Blue","Christopher Bell","DeWalt | Joe Gibbs Racing | Toyota","Driver",9,1
"Racing",2022,"Panini","Chronicles","XR Holo Platinum Blue","Richard Petty","STP | Petty Enterprises | Plymouth","Driver",10,1
"Racing",2022,"Panini","Chronicles","XR Holo Platinum Blue","Natalie Decker","NERD Focus | Our Motorsports | Chevrolet","Driver",11,1
"Racing",2022,"Panini","Chronicles","XR Holo Platinum Blue","Sam Mayer","Accelerate | JR Motorsports | Chevrolet","Driver",12,1
"Racing",2022,"Panini","Chronicles","XR Holo Platinum Blue","Chase Elliott","NAPA Auto Parts | Hendrick Motorsports | Chevrolet","Driver",13,1
"Racing",2022,"Panini","Chronicles","XR Holo Platinum Blue","Riley Herbst","Monster | Stewart-Haas Racing | Ford","Driver",14,1
"Racing",2022,"Panini","Chronicles","XR Holo Platinum Blue","Kyle Larson","Hendrickcars.com | Hendrick Motorsports | Chevrolet","Driver",15,1
"Racing",2022,"Panini","Chronicles","XR Holo Platinum Blue","Denny Hamlin","FedEx Express | Joe Gibbs Racing | Toyota","Driver",16,1
"Racing",2022,"Panini","Chronicles","XR Holo Platinum Blue","Bubba Wallace","McDonald's | 23XI Racing | Toyota","Driver",17,1
"Racing",2022,"Panini","Chronicles","XR Holo Platinum Blue","Dale Earnhardt Jr","Mountain Dew | Hendrick Motorsports | Chevrolet","Driver",18,1
"Racing",2022,"Panini","Chronicles","XR Holo Platinum Blue","Sammy Smith","ARCA Menards East Series","Driver",19,1
"Racing",2022,"Panini","Chronicles","XR Holo Platinum Blue","Martin Truex Jr.","Bass Pro Shops | Joe Gibbs Racing | Toyota","Driver",20,1
"Racing",2022,"Panini","Chronicles","XR Holo Silver","Ty Gibbs","Monster Energy | Joe Gibbs Racing | Toyota","Driver",1,10
"Racing",2022,"Panini","Chronicles","XR Holo Silver","Joey Logano","Shell-Pennzoil | Team Penske | Ford","Driver",2,10
"Racing",2022,"Panini","Chronicles","XR Holo Silver","Alex Bowman","Ally Financial | Hendrick Motorsports | Chevrolet","Driver",3,10
"Racing",2022,"Panini","Chronicles","XR Holo Silver","Jimmie Johnson","Ally Financial | Hendrick Motorsports | Chevrolet","Driver",4,10
"Racing",2022,"Panini","Chronicles","XR Holo Silver","Ryan Ellis","Four Loko | Alpha Prime Racing | Chevrolet","Driver",5,10
"Racing",2022,"Panini","Chronicles","XR Holo Silver","Cody Ware","Nurtec ODT | Rick Ware Racing | Chevrolet","Driver",6,10
"Racing",2022,"Panini","Chronicles","XR Holo Silver","Thad Moffitt","Empire Racing Group","Driver",7,10
"Racing",2022,"Panini","Chronicles","XR Holo Silver","Christopher Bell","DeWalt | Joe Gibbs Racing | Toyota","Driver",9,10
"Racing",2022,"Panini","Chronicles","XR Holo Silver","Richard Petty","STP | Petty Enterprises | Plymouth","Driver",10,10
"Racing",2022,"Panini","Chronicles","XR Holo Silver","Natalie Decker","NERD Focus | Our Motorsports | Chevrolet","Driver",11,10
"Racing",2022,"Panini","Chronicles","XR Holo Silver","Sam Mayer","Accelerate | JR Motorsports | Chevrolet","Driver",12,10
"Racing",2022,"Panini","Chronicles","XR Holo Silver","Chase Elliott","NAPA Auto Parts | Hendrick Motorsports | Chevrolet","Driver",13,10
"Racing",2022,"Panini","Chronicles","XR Holo Silver","Kyle Larson","Hendrickcars.com | Hendrick Motorsports | Chevrolet","Driver",15,10
"Racing",2022,"Panini","Chronicles","XR Holo Silver","Denny Hamlin","FedEx Express | Joe Gibbs Racing | Toyota","Driver",16,10
"Racing",2022,"Panini","Chronicles","XR Holo Silver","Bubba Wallace","McDonald's | 23XI Racing | Toyota","Driver",17,10
"Racing",2022,"Panini","Chronicles","XR Holo Silver","Dale Earnhardt Jr","Mountain Dew | Hendrick Motorsports | Chevrolet","Driver",18,10
"Racing",2022,"Panini","Chronicles","XR Holo Silver","Sammy Smith","ARCA Menards East Series","Driver",19,10
"Racing",2022,"Panini","Chronicles","XR Holo Silver","Martin Truex Jr.","Bass Pro Shops | Joe Gibbs Racing | Toyota","Driver",20,10
"Racing",2022,"Panini","Chronicles","XR Purple","Ty Gibbs","Monster Energy | Joe Gibbs Racing | Toyota","Driver",1,25
"Racing",2022,"Panini","Chronicles","XR Purple","Joey Logano","Shell-Pennzoil | Team Penske | Ford","Driver",2,25
"Racing",2022,"Panini","Chronicles","XR Purple","Alex Bowman","Ally Financial | Hendrick Motorsports | Chevrolet","Driver",3,25
"Racing",2022,"Panini","Chronicles","XR Purple","Jimmie Johnson","Ally Financial | Hendrick Motorsports | Chevrolet","Driver",4,25
"Racing",2022,"Panini","Chronicles","XR Purple","Ryan Ellis","Four Loko | Alpha Prime Racing | Chevrolet","Driver",5,25
"Racing",2022,"Panini","Chronicles","XR Purple","Cody Ware","Nurtec ODT | Rick Ware Racing | Chevrolet","Driver",6,25
"Racing",2022,"Panini","Chronicles","XR Purple","Thad Moffitt","Empire Racing Group","Driver",7,25
"Racing",2022,"Panini","Chronicles","XR Purple","Jeff Gordon","DuPont | Hendrick Motorsports | Chevrolet","Driver",8,25
"Racing",2022,"Panini","Chronicles","XR Purple","Christopher Bell","DeWalt | Joe Gibbs Racing | Toyota","Driver",9,25
"Racing",2022,"Panini","Chronicles","XR Purple","Richard Petty","STP | Petty Enterprises | Plymouth","Driver",10,25
"Racing",2022,"Panini","Chronicles","XR Purple","Natalie Decker","NERD Focus | Our Motorsports | Chevrolet","Driver",11,25
"Racing",2022,"Panini","Chronicles","XR Purple","Chase Elliott","NAPA Auto Parts | Hendrick Motorsports | Chevrolet","Driver",13,25
"Racing",2022,"Panini","Chronicles","XR Purple","Riley Herbst","Monster | Stewart-Haas Racing | Ford","Driver",14,25
"Racing",2022,"Panini","Chronicles","XR Purple","Denny Hamlin","FedEx Express | Joe Gibbs Racing | Toyota","Driver",16,25
"Racing",2022,"Panini","Chronicles","XR Purple","Bubba Wallace","McDonald's | 23XI Racing | Toyota","Driver",17,25
"Racing",2022,"Panini","Chronicles","XR Purple","Dale Earnhardt Jr","Mountain Dew | Hendrick Motorsports | Chevrolet","Driver",18,25
"Racing",2022,"Panini","Chronicles","XR Purple","Sammy Smith","ARCA Menards East Series","Driver",19,25
"Racing",2022,"Panini","Chronicles","XR Purple","Martin Truex Jr.","Bass Pro Shops | Joe Gibbs Racing | Toyota","Driver",20,25
"Racing",2022,"Panini","Chronicles","XR Red","Joey Logano","Shell-Pennzoil | Team Penske | Ford","Driver",2,99
"Racing",2022,"Panini","Chronicles","XR Red","Alex Bowman","Ally Financial | Hendrick Motorsports | Chevrolet","Driver",3,99
"Racing",2022,"Panini","Chronicles","XR Red","Jimmie Johnson","Ally Financial | Hendrick Motorsports | Chevrolet","Driver",4,99
"Racing",2022,"Panini","Chronicles","XR Red","Ryan Ellis","Four Loko | Alpha Prime Racing | Chevrolet","Driver",5,99
"Racing",2022,"Panini","Chronicles","XR Red","Cody Ware","Nurtec ODT | Rick Ware Racing | Chevrolet","Driver",6,99
"Racing",2022,"Panini","Chronicles","XR Red","Thad Moffitt","Empire Racing Group","Driver",7,99
"Racing",2022,"Panini","Chronicles","XR Red","Jeff Gordon","DuPont | Hendrick Motorsports | Chevrolet","Driver",8,99
"Racing",2022,"Panini","Chronicles","XR Red","Christopher Bell","DeWalt | Joe Gibbs Racing | Toyota","Driver",9,99
"Racing",2022,"Panini","Chronicles","XR Red","Natalie Decker","NERD Focus | Our Motorsports | Chevrolet","Driver",11,99
"Racing",2022,"Panini","Chronicles","XR Red","Sam Mayer","Accelerate | JR Motorsports | Chevrolet","Driver",12,99
"Racing",2022,"Panini","Chronicles","XR Red","Chase Elliott","NAPA Auto Parts | Hendrick Motorsports | Chevrolet","Driver",13,99
"Racing",2022,"Panini","Chronicles","XR Red","Riley Herbst","Monster | Stewart-Haas Racing | Ford","Driver",14,99
"Racing",2022,"Panini","Chronicles","XR Red","Kyle Larson","Hendrickcars.com | Hendrick Motorsports | Chevrolet","Driver",15,99
"Racing",2022,"Panini","Chronicles","XR Red","Bubba Wallace","McDonald's | 23XI Racing | Toyota","Driver",17,99
"Racing",2022,"Panini","Chronicles","XR Red","Dale Earnhardt Jr","Mountain Dew | Hendrick Motorsports | Chevrolet","Driver",18,99
"Racing",2022,"Panini","Chronicles","XR Red","Sammy Smith","ARCA Menards East Series","Driver",19,99
"Racing",2022,"Panini","Chronicles","XR Red","Martin Truex Jr.","Bass Pro Shops | Joe Gibbs Racing | Toyota","Driver",20,99
"Racing",2022,"Panini","Chronicles","Zenith","Kyle Busch","M&M's | Joe Gibbs Racing | Toyota","Driver",1,
"Racing",2022,"Panini","Chronicles","Zenith","Tyler Reddick","Cheddar's | Richard Childress Racing | Chevrolet","Driver",2,
"Racing",2022,"Panini","Chronicles","Zenith","Richard Petty","STP | Petty Enterprises | Plymouth","Driver",4,
"Racing",2022,"Panini","Chronicles","Zenith","Ryan Preece","Hunt Brothers Pizza | Ford","Driver",5,
"Racing",2022,"Panini","Chronicles","Zenith","William Byron","AXALTA | Hendrick Motorsports | Chevrolet","Driver",6,
"Racing",2022,"Panini","Chronicles","Zenith","Ross Chastain","AdventHealth | Trackhouse Racing | Chevrolet","Driver",7,
"Racing",2022,"Panini","Chronicles","Zenith","Kevin Harvick","Subway | Stewart-Haas Racing | Ford","Driver",8,
"Racing",2022,"Panini","Chronicles","Zenith","Jimmie Johnson","Lowe's | Hendrick Motorsports | Chevrolet","Driver",9,
"Racing",2022,"Panini","Chronicles","Zenith","Chase Elliott","NAPA Auto Parts | Hendrick Motorsports | Chevrolet","Driver",10,
"Racing",2022,"Panini","Chronicles","Zenith","Hailie Deegan","Monster Energy | DGR-Crosley | Ford","Driver",11,
"Racing",2022,"Panini","Chronicles","Zenith","Nick Sanchez","ARCA Menards","Driver",12,
"Racing",2022,"Panini","Chronicles","Zenith","Natalie Decker","NERD Focus | Our Motorsports | Chevrolet","Driver",13,
"Racing",2022,"Panini","Chronicles","Zenith","Drew Dollar","Toyota | Venturini Motorsports | Toyota","Driver",14,
"Racing",2022,"Panini","Chronicles","Zenith","Ryan Blaney","Menards | Team Penske | Ford","Driver",15,
"Racing",2022,"Panini","Chronicles","Zenith","Ty Gibbs","Monster Energy | Joe Gibbs Racing | Toyota","Driver",16,
"Racing",2022,"Panini","Chronicles","Zenith","Josh Williams","Alloy Employer Services | DGM Racing | Chevrolet","Driver",17,
"Racing",2022,"Panini","Chronicles","Zenith","Cole Custer","Haas Automation | Stewart-Haas Racing | Ford","Driver",18,
"Racing",2022,"Panini","Chronicles","Zenith","Santino Ferrucci","Toyota Racing | Sam Hunt Racing | Toyota","Driver",19,
"Racing",2022,"Panini","Chronicles","Zenith Autographs","Kyle Busch","M&M's | Joe Gibbs Racing | Toyota","Driver",1,
"Racing",2022,"Panini","Chronicles","Zenith Autographs","Tyler Reddick","Cheddar's | Richard Childress Racing | Chevrolet","Driver",2,
"Racing",2022,"Panini","Chronicles","Zenith Autographs","Jade Buford","Big Machine Racing","Driver",3,
"Racing",2022,"Panini","Chronicles","Zenith Autographs","Richard Petty","STP | Petty Enterprises | Plymouth","Driver",4,
"Racing",2022,"Panini","Chronicles","Zenith Autographs","Ryan Preece","Hunt Brothers Pizza | Ford","Driver",5,
"Racing",2022,"Panini","Chronicles","Zenith Autographs","William Byron","AXALTA | Hendrick Motorsports | Chevrolet","Driver",6,
"Racing",2022,"Panini","Chronicles","Zenith Autographs","Ross Chastain","AdventHealth | Trackhouse Racing | Chevrolet","Driver",7,
"Racing",2022,"Panini","Chronicles","Zenith Autographs","Kevin Harvick","Subway | Stewart-Haas Racing | Ford","Driver",8,
"Racing",2022,"Panini","Chronicles","Zenith Autographs","Jimmie Johnson","Lowe's | Hendrick Motorsports | Chevrolet","Driver",9,
"Racing",2022,"Panini","Chronicles","Zenith Autographs","Chase Elliott","NAPA Auto Parts | Hendrick Motorsports | Chevrolet","Driver",10,
"Racing",2022,"Panini","Chronicles","Zenith Autographs","Nick Sanchez","ARCA Menards","Driver",12,
"Racing",2022,"Panini","Chronicles","Zenith Autographs","Natalie Decker","NERD Focus | Our Motorsports | Chevrolet","Driver",13,
"Racing",2022,"Panini","Chronicles","Zenith Autographs","Drew Dollar","Toyota | Venturini Motorsports | Toyota","Driver",14,
"Racing",2022,"Panini","Chronicles","Zenith Autographs","Ryan Blaney","Menards | Team Penske | Ford","Driver",15,
"Racing",2022,"Panini","Chronicles","Zenith Autographs","Ty Gibbs","Monster Energy | Joe Gibbs Racing | Toyota","Driver",16,
"Racing",2022,"Panini","Chronicles","Zenith Autographs","Josh Williams","Alloy Employer Services | DGM Racing | Chevrolet","Driver",17,
"Racing",2022,"Panini","Chronicles","Zenith Autographs","Cole Custer","Haas Automation | Stewart-Haas Racing | Ford","Driver",18,
"Racing",2022,"Panini","Chronicles","Zenith Autographs","Santino Ferrucci","Toyota Racing | Sam Hunt Racing | Toyota","Driver",19,
"Racing",2022,"Panini","Chronicles","Zenith Autographs Holo Platinum Blue","Kyle Busch","M&M's | Joe Gibbs Racing | Toyota","Driver",1,1
"Racing",2022,"Panini","Chronicles","Zenith Autographs Holo Platinum Blue","Tyler Reddick","Cheddar's | Richard Childress Racing | Chevrolet","Driver",2,1
"Racing",2022,"Panini","Chronicles","Zenith Autographs Holo Platinum Blue","Jade Buford","Big Machine Racing","Driver",3,1
"Racing",2022,"Panini","Chronicles","Zenith Autographs Holo Platinum Blue","Richard Petty","STP | Petty Enterprises | Plymouth","Driver",4,1
"Racing",2022,"Panini","Chronicles","Zenith Autographs Holo Platinum Blue","Ryan Preece","Hunt Brothers Pizza | Ford","Driver",5,1
"Racing",2022,"Panini","Chronicles","Zenith Autographs Holo Platinum Blue","William Byron","AXALTA | Hendrick Motorsports | Chevrolet","Driver",6,1
"Racing",2022,"Panini","Chronicles","Zenith Autographs Holo Platinum Blue","Ross Chastain","AdventHealth | Trackhouse Racing | Chevrolet","Driver",7,1
"Racing",2022,"Panini","Chronicles","Zenith Autographs Holo Platinum Blue","Kevin Harvick","Subway | Stewart-Haas Racing | Ford","Driver",8,1
"Racing",2022,"Panini","Chronicles","Zenith Autographs Holo Platinum Blue","Jimmie Johnson","Lowe's | Hendrick Motorsports | Chevrolet","Driver",9,1
"Racing",2022,"Panini","Chronicles","Zenith Autographs Holo Platinum Blue","Chase Elliott","NAPA Auto Parts | Hendrick Motorsports | Chevrolet","Driver",10,1
"Racing",2022,"Panini","Chronicles","Zenith Autographs Holo Platinum Blue","Hailie Deegan","Monster Energy | DGR-Crosley | Ford","Driver",11,1
"Racing",2022,"Panini","Chronicles","Zenith Autographs Holo Platinum Blue","Nick Sanchez","ARCA Menards","Driver",12,1
"Racing",2022,"Panini","Chronicles","Zenith Autographs Holo Platinum Blue","Drew Dollar","Toyota | Venturini Motorsports | Toyota","Driver",14,1
"Racing",2022,"Panini","Chronicles","Zenith Autographs Holo Platinum Blue","Ryan Blaney","Menards | Team Penske | Ford","Driver",15,1
"Racing",2022,"Panini","Chronicles","Zenith Autographs Holo Platinum Blue","Ty Gibbs","Monster Energy | Joe Gibbs Racing | Toyota","Driver",16,1
"Racing",2022,"Panini","Chronicles","Zenith Autographs Holo Platinum Blue","Josh Williams","Alloy Employer Services | DGM Racing | Chevrolet","Driver",17,1
"Racing",2022,"Panini","Chronicles","Zenith Autographs Holo Platinum Blue","Cole Custer","Haas Automation | Stewart-Haas Racing | Ford","Driver",18,1
"Racing",2022,"Panini","Chronicles","Zenith Autographs Holo Platinum Blue","Brittney Zamora","Rackley Roofing | Toyota","Driver",20,1
"Racing",2022,"Panini","Chronicles","Zenith Autographs Holo Silver","Kyle Busch","M&M's | Joe Gibbs Racing | Toyota","Driver",1,3
"Racing",2022,"Panini","Chronicles","Zenith Autographs Holo Silver","Tyler Reddick","Cheddar's | Richard Childress Racing | Chevrolet","Driver",2,10
"Racing",2022,"Panini","Chronicles","Zenith Autographs Holo Silver","Jade Buford","Big Machine Racing","Driver",3,10
"Racing",2022,"Panini","Chronicles","Zenith Autographs Holo Silver","Richard Petty","STP | Petty Enterprises | Plymouth","Driver",4,5
"Racing",2022,"Panini","Chronicles","Zenith Autographs Holo Silver","Ryan Preece","Hunt Brothers Pizza | Ford","Driver",5,10
"Racing",2022,"Panini","Chronicles","Zenith Autographs Holo Silver","William Byron","AXALTA | Hendrick Motorsports | Chevrolet","Driver",6,5
"Racing",2022,"Panini","Chronicles","Zenith Autographs Holo Silver","Ross Chastain","AdventHealth | Trackhouse Racing | Chevrolet","Driver",7,10
"Racing",2022,"Panini","Chronicles","Zenith Autographs Holo Silver","Kevin Harvick","Subway | Stewart-Haas Racing | Ford","Driver",8,4
"Racing",2022,"Panini","Chronicles","Zenith Autographs Holo Silver","Jimmie Johnson","Lowe's | Hendrick Motorsports | Chevrolet","Driver",9,7
"Racing",2022,"Panini","Chronicles","Zenith Autographs Holo Silver","Chase Elliott","NAPA Auto Parts | Hendrick Motorsports | Chevrolet","Driver",10,8
"Racing",2022,"Panini","Chronicles","Zenith Autographs Holo Silver","Hailie Deegan","Monster Energy | DGR-Crosley | Ford","Driver",11,10
"Racing",2022,"Panini","Chronicles","Zenith Autographs Holo Silver","Nick Sanchez","ARCA Menards","Driver",12,10
"Racing",2022,"Panini","Chronicles","Zenith Autographs Holo Silver","Natalie Decker","NERD Focus | Our Motorsports | Chevrolet","Driver",13,10
"Racing",2022,"Panini","Chronicles","Zenith Autographs Holo Silver","Drew Dollar","Toyota | Venturini Motorsports | Toyota","Driver",14,10
"Racing",2022,"Panini","Chronicles","Zenith Autographs Holo Silver","Ryan Blaney","Menards | Team Penske | Ford","Driver",15,5
"Racing",2022,"Panini","Chronicles","Zenith Autographs Holo Silver","Ty Gibbs","Monster Energy | Joe Gibbs Racing | Toyota","Driver",16,10
"Racing",2022,"Panini","Chronicles","Zenith Autographs Holo Silver","Josh Williams","Alloy Employer Services | DGM Racing | Chevrolet","Driver",17,10
"Racing",2022,"Panini","Chronicles","Zenith Autographs Holo Silver","Cole Custer","Haas Automation | Stewart-Haas Racing | Ford","Driver",18,10
"Racing",2022,"Panini","Chronicles","Zenith Autographs Holo Silver","Santino Ferrucci","Toyota Racing | Sam Hunt Racing | Toyota","Driver",19,10
"Racing",2022,"Panini","Chronicles","Zenith Autographs Holo Silver","Brittney Zamora","Rackley Roofing | Toyota","Driver",20,10
"Racing",2022,"Panini","Chronicles","Zenith Blue","Kyle Busch","M&M's | Joe Gibbs Racing | Toyota","Driver",1,199
"Racing",2022,"Panini","Chronicles","Zenith Blue","Tyler Reddick","Cheddar's | Richard Childress Racing | Chevrolet","Driver",2,199
"Racing",2022,"Panini","Chronicles","Zenith Blue","Richard Petty","STP | Petty Enterprises | Plymouth","Driver",4,199
"Racing",2022,"Panini","Chronicles","Zenith Blue","Ryan Preece","Hunt Brothers Pizza | Ford","Driver",5,199
"Racing",2022,"Panini","Chronicles","Zenith Blue","William Byron","AXALTA | Hendrick Motorsports | Chevrolet","Driver",6,199
"Racing",2022,"Panini","Chronicles","Zenith Blue","Ross Chastain","AdventHealth | Trackhouse Racing | Chevrolet","Driver",7,199
"Racing",2022,"Panini","Chronicles","Zenith Blue","Kevin Harvick","Subway | Stewart-Haas Racing | Ford","Driver",8,199
"Racing",2022,"Panini","Chronicles","Zenith Blue","Jimmie Johnson","Lowe's | Hendrick Motorsports | Chevrolet","Driver",9,199
"Racing",2022,"Panini","Chronicles","Zenith Blue","Chase Elliott","NAPA Auto Parts | Hendrick Motorsports | Chevrolet","Driver",10,199
"Racing",2022,"Panini","Chronicles","Zenith Blue","Hailie Deegan","Monster Energy | DGR-Crosley | Ford","Driver",11,199
"Racing",2022,"Panini","Chronicles","Zenith Blue","Nick Sanchez","ARCA Menards","Driver",12,199
"Racing",2022,"Panini","Chronicles","Zenith Blue","Natalie Decker","NERD Focus | Our Motorsports | Chevrolet","Driver",13,199
"Racing",2022,"Panini","Chronicles","Zenith Blue","Drew Dollar","Toyota | Venturini Motorsports | Toyota","Driver",14,199
"Racing",2022,"Panini","Chronicles","Zenith Blue","Ryan Blaney","Menards | Team Penske | Ford","Driver",15,199
"Racing",2022,"Panini","Chronicles","Zenith Blue","Ty Gibbs","Monster Energy | Joe Gibbs Racing | Toyota","Driver",16,199
"Racing",2022,"Panini","Chronicles","Zenith Blue","Josh Williams","Alloy Employer Services | DGM Racing | Chevrolet","Driver",17,199
"Racing",2022,"Panini","Chronicles","Zenith Blue","Cole Custer","Haas Automation | Stewart-Haas Racing | Ford","Driver",18,199
"Racing",2022,"Panini","Chronicles","Zenith Blue","Santino Ferrucci","Toyota Racing | Sam Hunt Racing | Toyota","Driver",19,199
"Racing",2022,"Panini","Chronicles","Zenith Blue","Brittney Zamora","Rackley Roofing | Toyota","Driver",20,199
"Racing",2022,"Panini","Chronicles","Zenith Green","Kyle Busch","M&M's | Joe Gibbs Racing | Toyota","Driver",1,
"Racing",2022,"Panini","Chronicles","Zenith Green","Tyler Reddick","Cheddar's | Richard Childress Racing | Chevrolet","Driver",2,
"Racing",2022,"Panini","Chronicles","Zenith Green","Jade Buford","Big Machine Racing","Driver",3,
"Racing",2022,"Panini","Chronicles","Zenith Green","Richard Petty","STP | Petty Enterprises | Plymouth","Driver",4,
"Racing",2022,"Panini","Chronicles","Zenith Green","Ryan Preece","Hunt Brothers Pizza | Ford","Driver",5,
"Racing",2022,"Panini","Chronicles","Zenith Green","William Byron","AXALTA | Hendrick Motorsports | Chevrolet","Driver",6,
"Racing",2022,"Panini","Chronicles","Zenith Green","Ross Chastain","AdventHealth | Trackhouse Racing | Chevrolet","Driver",7,
"Racing",2022,"Panini","Chronicles","Zenith Green","Kevin Harvick","Subway | Stewart-Haas Racing | Ford","Driver",8,
"Racing",2022,"Panini","Chronicles","Zenith Green","Jimmie Johnson","Lowe's | Hendrick Motorsports | Chevrolet","Driver",9,
"Racing",2022,"Panini","Chronicles","Zenith Green","Hailie Deegan","Monster Energy | DGR-Crosley | Ford","Driver",11,
"Racing",2022,"Panini","Chronicles","Zenith Green","Nick Sanchez","ARCA Menards","Driver",12,
"Racing",2022,"Panini","Chronicles","Zenith Green","Natalie Decker","NERD Focus | Our Motorsports | Chevrolet","Driver",13,
"Racing",2022,"Panini","Chronicles","Zenith Green","Drew Dollar","Toyota | Venturini Motorsports | Toyota","Driver",14,
"Racing",2022,"Panini","Chronicles","Zenith Green","Ryan Blaney","Menards | Team Penske | Ford","Driver",15,
"Racing",2022,"Panini","Chronicles","Zenith Green","Ty Gibbs","Monster Energy | Joe Gibbs Racing | Toyota","Driver",16,
"Racing",2022,"Panini","Chronicles","Zenith Green","Josh Williams","Alloy Employer Services | DGM Racing | Chevrolet","Driver",17,
"Racing",2022,"Panini","Chronicles","Zenith Green","Santino Ferrucci","Toyota Racing | Sam Hunt Racing | Toyota","Driver",19,
"Racing",2022,"Panini","Chronicles","Zenith Green","Brittney Zamora","Rackley Roofing | Toyota","Driver",20,
"Racing",2022,"Panini","Chronicles","Zenith Holo Platinum Blue","Kyle Busch","M&M's | Joe Gibbs Racing | Toyota","Driver",1,1
"Racing",2022,"Panini","Chronicles","Zenith Holo Platinum Blue","Tyler Reddick","Cheddar's | Richard Childress Racing | Chevrolet","Driver",2,1
"Racing",2022,"Panini","Chronicles","Zenith Holo Platinum Blue","Jade Buford","Big Machine Racing","Driver",3,1
"Racing",2022,"Panini","Chronicles","Zenith Holo Platinum Blue","Richard Petty","STP | Petty Enterprises | Plymouth","Driver",4,1
"Racing",2022,"Panini","Chronicles","Zenith Holo Platinum Blue","Ryan Preece","Hunt Brothers Pizza | Ford","Driver",5,1
"Racing",2022,"Panini","Chronicles","Zenith Holo Platinum Blue","William Byron","AXALTA | Hendrick Motorsports | Chevrolet","Driver",6,1
"Racing",2022,"Panini","Chronicles","Zenith Holo Platinum Blue","Ross Chastain","AdventHealth | Trackhouse Racing | Chevrolet","Driver",7,1
"Racing",2022,"Panini","Chronicles","Zenith Holo Platinum Blue","Kevin Harvick","Subway | Stewart-Haas Racing | Ford","Driver",8,1
"Racing",2022,"Panini","Chronicles","Zenith Holo Platinum Blue","Jimmie Johnson","Lowe's | Hendrick Motorsports | Chevrolet","Driver",9,1
"Racing",2022,"Panini","Chronicles","Zenith Holo Platinum Blue","Chase Elliott","NAPA Auto Parts | Hendrick Motorsports | Chevrolet","Driver",10,1
"Racing",2022,"Panini","Chronicles","Zenith Holo Platinum Blue","Hailie Deegan","Monster Energy | DGR-Crosley | Ford","Driver",11,1
"Racing",2022,"Panini","Chronicles","Zenith Holo Platinum Blue","Nick Sanchez","ARCA Menards","Driver",12,1
"Racing",2022,"Panini","Chronicles","Zenith Holo Platinum Blue","Natalie Decker","NERD Focus | Our Motorsports | Chevrolet","Driver",13,1
"Racing",2022,"Panini","Chronicles","Zenith Holo Platinum Blue","Drew Dollar","Toyota | Venturini Motorsports | Toyota","Driver",14,1
"Racing",2022,"Panini","Chronicles","Zenith Holo Platinum Blue","Ryan Blaney","Menards | Team Penske | Ford","Driver",15,1
"Racing",2022,"Panini","Chronicles","Zenith Holo Platinum Blue","Josh Williams","Alloy Employer Services | DGM Racing | Chevrolet","Driver",17,1
"Racing",2022,"Panini","Chronicles","Zenith Holo Platinum Blue","Cole Custer","Haas Automation | Stewart-Haas Racing | Ford","Driver",18,1
"Racing",2022,"Panini","Chronicles","Zenith Holo Platinum Blue","Santino Ferrucci","Toyota Racing | Sam Hunt Racing | Toyota","Driver",19,1
"Racing",2022,"Panini","Chronicles","Zenith Holo Platinum Blue","Brittney Zamora","Rackley Roofing | Toyota","Driver",20,1
"Racing",2022,"Panini","Chronicles","Zenith Holo Silver","Kyle Busch","M&M's | Joe Gibbs Racing | Toyota","Driver",1,10
"Racing",2022,"Panini","Chronicles","Zenith Holo Silver","Jade Buford","Big Machine Racing","Driver",3,10
"Racing",2022,"Panini","Chronicles","Zenith Holo Silver","Richard Petty","STP | Petty Enterprises | Plymouth","Driver",4,10
"Racing",2022,"Panini","Chronicles","Zenith Holo Silver","William Byron","AXALTA | Hendrick Motorsports | Chevrolet","Driver",6,10
"Racing",2022,"Panini","Chronicles","Zenith Holo Silver","Ross Chastain","AdventHealth | Trackhouse Racing | Chevrolet","Driver",7,10
"Racing",2022,"Panini","Chronicles","Zenith Holo Silver","Kevin Harvick","Subway | Stewart-Haas Racing | Ford","Driver",8,10
"Racing",2022,"Panini","Chronicles","Zenith Holo Silver","Jimmie Johnson","Lowe's | Hendrick Motorsports | Chevrolet","Driver",9,10
"Racing",2022,"Panini","Chronicles","Zenith Holo Silver","Chase Elliott","NAPA Auto Parts | Hendrick Motorsports | Chevrolet","Driver",10,10
"Racing",2022,"Panini","Chronicles","Zenith Holo Silver","Hailie Deegan","Monster Energy | DGR-Crosley | Ford","Driver",11,10
"Racing",2022,"Panini","Chronicles","Zenith Holo Silver","Nick Sanchez","ARCA Menards","Driver",12,10
"Racing",2022,"Panini","Chronicles","Zenith Holo Silver","Natalie Decker","NERD Focus | Our Motorsports | Chevrolet","Driver",13,10
"Racing",2022,"Panini","Chronicles","Zenith Holo Silver","Drew Dollar","Toyota | Venturini Motorsports | Toyota","Driver",14,10
"Racing",2022,"Panini","Chronicles","Zenith Holo Silver","Ryan Blaney","Menards | Team Penske | Ford","Driver",15,10
"Racing",2022,"Panini","Chronicles","Zenith Holo Silver","Josh Williams","Alloy Employer Services | DGM Racing | Chevrolet","Driver",17,10
"Racing",2022,"Panini","Chronicles","Zenith Holo Silver","Cole Custer","Haas Automation | Stewart-Haas Racing | Ford","Driver",18,10
"Racing",2022,"Panini","Chronicles","Zenith Holo Silver","Santino Ferrucci","Toyota Racing | Sam Hunt Racing | Toyota","Driver",19,10
"Racing",2022,"Panini","Chronicles","Zenith Holo Silver","Brittney Zamora","Rackley Roofing | Toyota","Driver",20,10
"Racing",2022,"Panini","Chronicles","Zenith Purple","Kyle Busch","M&M's | Joe Gibbs Racing | Toyota","Driver",1,25
"Racing",2022,"Panini","Chronicles","Zenith Purple","Tyler Reddick","Cheddar's | Richard Childress Racing | Chevrolet","Driver",2,25
"Racing",2022,"Panini","Chronicles","Zenith Purple","Jade Buford","Big Machine Racing","Driver",3,25
"Racing",2022,"Panini","Chronicles","Zenith Purple","Richard Petty","STP | Petty Enterprises | Plymouth","Driver",4,25
"Racing",2022,"Panini","Chronicles","Zenith Purple","William Byron","AXALTA | Hendrick Motorsports | Chevrolet","Driver",6,25
"Racing",2022,"Panini","Chronicles","Zenith Purple","Ross Chastain","AdventHealth | Trackhouse Racing | Chevrolet","Driver",7,25
"Racing",2022,"Panini","Chronicles","Zenith Purple","Kevin Harvick","Subway | Stewart-Haas Racing | Ford","Driver",8,25
"Racing",2022,"Panini","Chronicles","Zenith Purple","Jimmie Johnson","Lowe's | Hendrick Motorsports | Chevrolet","Driver",9,25
"Racing",2022,"Panini","Chronicles","Zenith Purple","Chase Elliott","NAPA Auto Parts | Hendrick Motorsports | Chevrolet","Driver",10,25
"Racing",2022,"Panini","Chronicles","Zenith Purple","Hailie Deegan","Monster Energy | DGR-Crosley | Ford","Driver",11,25
"Racing",2022,"Panini","Chronicles","Zenith Purple","Nick Sanchez","ARCA Menards","Driver",12,25
"Racing",2022,"Panini","Chronicles","Zenith Purple","Natalie Decker","NERD Focus | Our Motorsports | Chevrolet","Driver",13,25
"Racing",2022,"Panini","Chronicles","Zenith Purple","Drew Dollar","Toyota | Venturini Motorsports | Toyota","Driver",14,25
"Racing",2022,"Panini","Chronicles","Zenith Purple","Ryan Blaney","Menards | Team Penske | Ford","Driver",15,25
"Racing",2022,"Panini","Chronicles","Zenith Purple","Ty Gibbs","Monster Energy | Joe Gibbs Racing | Toyota","Driver",16,25
"Racing",2022,"Panini","Chronicles","Zenith Purple","Josh Williams","Alloy Employer Services | DGM Racing | Chevrolet","Driver",17,25
"Racing",2022,"Panini","Chronicles","Zenith Purple","Cole Custer","Haas Automation | Stewart-Haas Racing | Ford","Driver",18,25
"Racing",2022,"Panini","Chronicles","Zenith Purple","Brittney Zamora","Rackley Roofing | Toyota","Driver",20,25
"Racing",2022,"Panini","Chronicles","Zenith Red","Kyle Busch","M&M's | Joe Gibbs Racing | Toyota","Driver",1,99
"Racing",2022,"Panini","Chronicles","Zenith Red","Tyler Reddick","Cheddar's | Richard Childress Racing | Chevrolet","Driver",2,99
"Racing",2022,"Panini","Chronicles","Zenith Red","Jade Buford","Big Machine Racing","Driver",3,99
"Racing",2022,"Panini","Chronicles","Zenith Red","Richard Petty","STP | Petty Enterprises | Plymouth","Driver",4,99
"Racing",2022,"Panini","Chronicles","Zenith Red","William Byron","AXALTA | Hendrick Motorsports | Chevrolet","Driver",6,99
"Racing",2022,"Panini","Chronicles","Zenith Red","Ross Chastain","AdventHealth | Trackhouse Racing | Chevrolet","Driver",7,99
"Racing",2022,"Panini","Chronicles","Zenith Red","Kevin Harvick","Subway | Stewart-Haas Racing | Ford","Driver",8,99
"Racing",2022,"Panini","Chronicles","Zenith Red","Jimmie Johnson","Lowe's | Hendrick Motorsports | Chevrolet","Driver",9,99
"Racing",2022,"Panini","Chronicles","Zenith Red","Chase Elliott","NAPA Auto Parts | Hendrick Motorsports | Chevrolet","Driver",10,99
"Racing",2022,"Panini","Chronicles","Zenith Red","Hailie Deegan","Monster Energy | DGR-Crosley | Ford","Driver",11,99
"Racing",2022,"Panini","Chronicles","Zenith Red","Nick Sanchez","ARCA Menards","Driver",12,99
"Racing",2022,"Panini","Chronicles","Zenith Red","Natalie Decker","NERD Focus | Our Motorsports | Chevrolet","Driver",13,99
"Racing",2022,"Panini","Chronicles","Zenith Red","Drew Dollar","Toyota | Venturini Motorsports | Toyota","Driver",14,99
"Racing",2022,"Panini","Chronicles","Zenith Red","Ryan Blaney","Menards | Team Penske | Ford","Driver",15,99
"Racing",2022,"Panini","Chronicles","Zenith Red","Josh Williams","Alloy Employer Services | DGM Racing | Chevrolet","Driver",17,99
"Racing",2022,"Panini","Chronicles","Zenith Red","Cole Custer","Haas Automation | Stewart-Haas Racing | Ford","Driver",18,99
"Racing",2022,"Panini","Chronicles","Zenith Red","Brittney Zamora","Rackley Roofing | Toyota","Driver",20,99